Workbook
Name \0: #REF!
Name \0: #REF!
Name \2: #REF!
Name \2: #REF!
Name \3: #REF!
Name \4: #REF!
Name \A: #REF!
Name \A: #REF!
Name \A: #REF!
Name \A_1: "#REF!"
Name \a1: #REF!
Name \B: #REF!
Name \B: #REF!
Name \B: #REF!
Name \C: #REF!
Name \C: #REF!
Name \c1: #REF!
Name \d: #N/A
Name \E: #REF!
Name \f: #REF!
Name \g: #REF!
Name \H: #REF!
Name \H: #REF!
Name \I: #REF!
Name \j: #REF!
Name \k: #REF!
Name \KWS123: #N/A
Name \l: #REF!
Name \l: #REF!
Name \M: #REF!
Name \N: #REF!
Name \P: #REF!
Name \q: #N/A
Name \R: #REF!
Name \R: #REF!
Name \S: #REF!
Name \t: #N/A
Name \U: #REF!
Name \U: #REF!
Name \V: #REF!
Name \z: #REF!
Name _: #REF!
Name _________________________________________________________dol12: #REF!
Name _________________________________________________________in18900: #REF!
Name _________________________________________________________iv19000: #REF!
Name ________________________________________________________dol12: #REF!
Name ________________________________________________________dol6: #REF!
Name ________________________________________________________in18900: #REF!
Name ________________________________________________________iv19000: #REF!
Name _______________________________________________________dol12: #REF!
Name _______________________________________________________dol6: #REF!
Name _______________________________________________________in18900: #REF!
Name _______________________________________________________iv19000: #REF!
Name ______________________________________________________dol12: #REF!
Name ______________________________________________________dol6: #REF!
Name _____________________________________________________dol12: #REF!
Name _____________________________________________________dol6: #REF!
Name _____________________________________________________in18900: #REF!
Name _____________________________________________________iv19000: #REF!
Name ____________________________________________________dol12: #REF!

Sheet DPR_TA-413 
B2: LINE NAME- : 765 KV D/C BIKANER III - NEEMRANA II TL02
B3: CLIENT-POWERGRID BIKANER NEEMRANA TRANSMISSION LIMITED (POWER GRID CORPORATION OF INDIA)
B4: DAILY PROGRESS REPORT (TA-413)
B5: NOA Date :- 12-March-2024 | F5: Completion Date :- 11-December-2025 | K5: Date :-23 Nov 2025.
B6: SUPPLY VALUE = 331.89 Cr. | F6: SERVICE VALUE = 58.06 Cr. | K6: F&I VALUE = 6.86 Cr.
B7: PARTICULARS | C7: UOM | D7: Total | E7: Comp | F7: Balance | G7: 45962 | I7: WIP | J7: Cumulative | K7: 45992 | L7: =K7+31 -> 46023 | M7: Remarks
D8: Qty | E8: Till | F8: as on | G8: Plan | H8: Actual | K8: Plan | L8: Plan
E9: 45931 | F9: 1 Nov'25
B10: Detail Survey | C10: KM | D10: 117.85085 | E10: 117.85085 | F10: =D10-E10 -> 0 | J10: =E10+H10 -> 117.85085
B11: Check Survey | C11: KM | D11: 117.85085 | E11: 117.85085 | F11: =D11-E11 -> 0 | J11: =E11+H11 -> 117.85085
B12: Stub Supply | C12: SET | D12: 313 | E12: 313 | F12: =D12-E12 -> 0 | J12: =E12+H12 -> 313
B13: FOUNDATION | C13: NOS | D13: 313 | E13: 313 | F13: =D13-E13 -> 0 | J13: =E13+H13 -> 313
B14: No of Gangs | J14: =E14+H14 -> 0
B15: Tower Supply | C15: SETS | D15: 306 | E15: 306 | F15: =D15-E15 -> 0 | J15: =E15+H15 -> 306
B16: TOWER ERECTION | C16: NOS | D16: 306 | E16: =221+36 -> 257 | F16: =D16-E16 -> 49 | G16: 49 | H16: 16 | I16: 12 | J16: =E16+H16 -> 273 | M16: 2 Gang shifted to TA 512 | O16: =D16-J16 -> 33 | P16: =O16-10 -> 23
B17: No of Gangs | G17: 15 | H17: 11 | I17: 11 | J17: =E17+H17 -> 11
B18: AL-59 Zebra Conductor | C18: KM | D18: 4285.056 | E18: 4094.985 | F18: =D18-E18 -> 190.071 | J18: =E18+H18 -> 4094.985
B19: G S Earthwire 7/3.66mm size | C19: KM | D19: 121.471 | E19: 113.92 | F19: =D19-E19 -> 7.551 | J19: =E19+H19 -> 113.92 | M19: Balance Supply 08 KM
B20: Insulator Supply | C20: EA | D20: 11844 | E20: 10480 | F20: =D20-E20 -> 1364 | J20: =E20+H20 -> 10480 | M20: Balance Supply 160KN- 116 Balance Supply 210KN- 1248
B21: Hardware Fittings Supply | C21: % | D21: 1 | E21: 1 | F21: =D21-E21 -> 0 | J21: =E21+H21 -> 1
B22: Stringing | C22: KM | D22: 117.85085 | E22: =21.495+4.922 -> 26.417 | F22: =D22-E22 -> 91.433851 | G22: 20 | I22: 5.321 | J22: =E22+H22 -> 26.417 | K22: 35 | L22: 36.432567 | M22: Section AP6 to AP7: All Phase Conductor paying out & Rough sag completed
B23: TSE - Section | C23: No | D23: 37 | E23: 7 | F23: =D23-E23 -> 30 | G23: 7 | I23: 1 | J23: =E23+H23 -> 7 | K23: 12 | L23: 11
B24: Manual - Section | C24: No | D24: 23 | E24: 1 | F24: =D24-E24 -> 22 | G24: 3 | I24: 1 | J24: =E24+H24 -> 1 | K24: 15 | L24: 4
B25: No of Gangs | G25: 2 | I25: 1 | J25: 2 | K25: 4 | L25: 5
B26: OPGW Stringing | C26: KM | D26: 117.85085 | E26: =13.612+4.6 -> 18.212 | F26: =D26-E26 -> 99.638851 | G26: 30 | J26: =E26+H26 -> 18.212 | K26: 30 | L26: 40
B27: No of Gangs | G27: 2 | J27: 1 | K27: 2 | L27: 3

Sheet Visual Chart
B1: KEC INTERNATIONAL LIMITED
B2: TA413 : 765 KV D/C Bikaner III - Neemrana II TL02 | V2: Visual Chart | AQ2: 45976
C4: S. No. | E4: Description | I4: UOM | K4: Total qty | M4: Completed | P4: Balance | T4: Power Line Crossing | AC4: Stringing U/P | AL4: Stringing completed
C5: 1 | E5: Foundation | I5: Nos | K5: 313 | M5: 313 | P5: =K5-M5 -> 0 | AC5: Tack Welding U/P | AL5: Tack Welding completed
C6: 2 | E6: Earthing | I6: Nos | K6: 306 | M6: 292 | P6: =K6-M6 -> 14 | T6: NH / SH Crossing | AC6: Erection U/P | AJ6: 4 | AL6: Erection completed
C7: 3 | E7: Tower Erection | I7: Nos | K7: 306 | M7: ='DPR_TA-413 '!J16 -> 273 | P7: =K7-M7 -> 33 | AA7: 1 | AC7: Foundation U/P | AL7: Foundation completed
C8: 4 | E8: Rough Sag | I8: KM | K8: 117.85085 | M8: ='DPR_TA-413 '!J22 -> 26.417 | P8: =K8-M8 -> 91.433851 | T8: Railway Crossing | AJ8: 3
C9: 5 | E9: Final Sag | I9: KM | K9: 117.85085 | M9: =M8 -> 26.417 | P9: =K9-M9 -> 91.433851 | AA9: 1 | AC9: Excavation U/P | AJ9: 2 | AL9: Excavation completed
T10: Canal | AL10: Earthing completed
Q12: =O12+1 -> 1 | S12: 2 | U12: =S12+1 -> 3 | W12: =U12+1 -> 4 | Y12: =W12+1 -> 5 | AA12: =Y12+1 -> 6 | AC12: =AA12+1 -> 7 | AE12: =AC12+1 -> 8 | AG12: =AE12+1 -> 9 | AI12: =AG12+1 -> 10 | AK12: =AI12+1 -> 11 | AM12: =AK12+1 -> 12 | AO12: =AM12+1 -> 13 | AQ12: =AO12+1 -> 14 | AS12: =AQ12+1 -> 15
D13: Hold | O13: Gantry | Q13: 1/0 | S13: 2A/0 | U13: 2A/1 | W13: 2A/2 | Y13: 2A/3 | AA13: 2A/4 | AC13: 2A/5 | AE13: 2A/6 | AG13: 3A/0 | AI13: 3A/1 | AK13: 3A/2 | AM13: 3A/3 | AO13: 3A/4 | AQ13: 3A/5 | AS13: 3A/6
D15: Foundation ROW
K16: Bikaner III Gantry | P16: 150 | Q16: 3 | R16: 290.21 | S16: 3 | T16: =VLOOKUP(S13,'Location Summary'!$G$2:$H$604,2,FALSE) -> 378 | U16: 3 | V16: =VLOOKUP(U13,'Location Summary'!$G$2:$H$604,2,FALSE) -> 381 | W16: 3 | X16: =VLOOKUP(W13,'Location Summary'!$G$2:$H$604,2,FALSE) -> 419 | Y16: 3 | Z16: =VLOOKUP(Y13,'Location Summary'!$G$2:$H$604,2,FALSE) -> 422 | AA16: 3 | AB16: =VLOOKUP(AA13,'Location Summary'!$G$2:$H$604,2,FALSE) -> 399 | AC16: 3 | AD16: =VLOOKUP(AC13,'Location Summary'!$G$2:$H$604,2,FALSE) -> 423 | AE16: 3 | AF16: =VLOOKUP(AE13,'Location Summary'!$G$2:$H$604,2,FALSE) -> 414.992 | AG16: 3 | AH16: =VLOOKUP(AG13,'Location Summary'!$G$2:$H$604,2,FALSE) -> 409 | AI16: 3 | AJ16: =VLOOKUP(AI13,'Location Summary'!$G$2:$H$604,2,FALSE) -> 402 | AK16: 3 | AL16: =VLOOKUP(AK13,'Location Summary'!$G$2:$H$604,2,FALSE) -> 409 | AM16: 3 | AN16: =VLOOKUP(AM13,'Location Summary'!$G$2:$H$604,2,FALSE) -> 337 | AO16: 3 | AP16: =VLOOKUP(AO13,'Location Summary'!$G$2:$H$604,2,FALSE) -> 365 | AQ16: 3 | AR16: =VLOOKUP(AQ13,'Location Summary'!$G$2:$H$604,2,FALSE) -> 378 | AS16: 3 | AT16: =VLOOKUP(AS13,'Location Summary'!$G$2:$H$604,2,FALSE) -> 391.467
D17: Erection ROW | Q17: 2 | S17: 2 | U17: 2 | W17: 2 | Y17: 2 | AA17: 2 | AC17: 2 | AE17: 2 | AG17: 2 | AI17: 2 | AK17: 2 | AM17: 2 | AO17: 2 | AQ17: 2 | AS17: 2
O18: Gantry | Q18: =VLOOKUP(Q13,'Location Summary'!$C$2:$J$604,2,FALSE) -> DD60+0 | S18: =VLOOKUP(S13,'Location Summary'!$C$2:$J$604,2,FALSE) -> DD45+0 | U18: =VLOOKUP(U13,'Location Summary'!$C$2:$J$604,2,FALSE) -> DA+0 | W18: =VLOOKUP(W13,'Location Summary'!$C$2:$J$604,2,FALSE) -> DA+3 | Y18: =VLOOKUP(Y13,'Location Summary'!$C$2:$J$604,2,FALSE) -> DA+3 | AA18: =VLOOKUP(AA13,'Location Summary'!$C$2:$J$604,2,FALSE) -> DA+3 | AC18: =VLOOKUP(AC13,'Location Summary'!$C$2:$J$604,2,FALSE) -> DA+3 | AE18: =VLOOKUP(AE13,'Location Summary'!$C$2:$J$604,2,FALSE) -> DA+6 | AG18: =VLOOKUP(AG13,'Location Summary'!$C$2:$J$604,2,FALSE) -> DD45+3 | AI18: =VLOOKUP(AI13,'Location Summary'!$C$2:$J$604,2,FALSE) -> DA+3 | AK18: =VLOOKUP(AK13,'Location Summary'!$C$2:$J$604,2,FALSE) -> DA+3 | AM18: =VLOOKUP(AM13,'Location Summary'!$C$2:$J$604,2,FALSE) -> DA+0 | AO18: =VLOOKUP(AO13,'Location Summary'!$C$2:$J$604,2,FALSE) -> DA+0 | AQ18: =VLOOKUP(AQ13,'Location Summary'!$C$2:$J$604,2,FALSE) -> DA+3 | AS18: =VLOOKUP(AS13,'Location Summary'!$C$2:$J$604,2,FALSE) -> DA+0
S19: ROW
C20: =AS12+1 -> 16 | E20: =C20+1 -> 17 | G20: =E20+1 -> 18 | I20: =G20+1 -> 19 | K20: =I20+1 -> 20 | M20: =K20+1 -> 21 | O20: =M20+1 -> 22 | Q20: =O20+1 -> 23 | S20: =Q20+1 -> 24 | U20: =S20+1 -> 25 | W20: =U20+1 -> 26 | Y20: =W20+1 -> 27 | AA20: =Y20+1 -> 28 | AC20: =AA20+1 -> 29 | AE20: =AC20+1 -> 30 | AG20: =AE20+1 -> 31 | AI20: =AG20+1 -> 32 | AK20: =AI20+1 -> 33 | AM20: =AK20+1 -> 34 | AO20: =AM20+1 -> 35 | AQ20: =AO20+1 -> 36 | AS20: =AQ20+1 -> 37
C21: 3B/0 | E21: 3B/1 | G21: 3B/2 | I21: 3B/3 | K21: 4/0 | M21: 4/5 | O21: 4A/0 | Q21: 4A/1 | S21: 4A/2 | U21: 4A/3 | W21: 4A/4 | Y21: 4A/5 | AA21: 4A/6 | AC21: 5/0 | AE21: 5/1 | AG21: 5/2 | AI21: 5/3 | AK21: 5/4 | AM21: 5/5 | AO21: 5/6 | AQ21: 5/7 | AS21: 5/8
C24: 3 | D24: =VLOOKUP(C21,'Location Summary'!$G$2:$H$604,2,FALSE) -> 356 | E24: 3 | F24: =VLOOKUP(E21,'Location Summary'!$G$2:$H$604,2,FALSE) -> 439 | G24: 3 | H24: =VLOOKUP(G21,'Location Summary'!$G$2:$H$604,2,FALSE) -> 377 | I24: 3 | J24: =VLOOKUP(I21,'Location Summary'!$G$2:$H$604,2,FALSE) -> 455.07 | K24: 3 | L24: =VLOOKUP(K21,'Location Summary'!$G$2:$H$604,2,FALSE) -> 344.163 | M24: 3 | N24: =VLOOKUP(M21,'Location Summary'!$G$2:$H$604,2,FALSE) -> 365 | O24: 3 | P24: =VLOOKUP(O21,'Location Summary'!$G$2:$H$604,2,FALSE) -> 340 | Q24: 3 | R24: =VLOOKUP(Q21,'Location Summary'!$G$2:$H$604,2,FALSE) -> 419.999 | S24: 3 | T24: =VLOOKUP(S21,'Location Summary'!$G$2:$H$604,2,FALSE) -> 415 | U24: 3 | V24: =VLOOKUP(U21,'Location Summary'!$G$2:$H$604,2,FALSE) -> 365 | W24: 3 | X24: =VLOOKUP(W21,'Location Summary'!$G$2:$H$604,2,FALSE) -> 330 | Y24: 3 | Z24: =VLOOKUP(Y21,'Location Summary'!$G$2:$H$604,2,FALSE) -> 457 | AA24: 3 | AB24: =VLOOKUP(AA21,'Location Summary'!$G$2:$H$604,2,FALSE) -> 354.612 | AC24: 3 | AD24: =VLOOKUP(AC21,'Location Summary'!$G$2:$H$604,2,FALSE) -> 428.389 | AE24: 3 | AF24: =VLOOKUP(AE21,'Location Summary'!$G$2:$H$604,2,FALSE) -> 340 | AG24: 3 | AH24: =VLOOKUP(AG21,'Location Summary'!$G$2:$H$604,2,FALSE) -> 375 | AI24: 3 | AJ24: =VLOOKUP(AI21,'Location Summary'!$G$2:$H$604,2,FALSE) -> 365 | AK24: 3 | AL24: =VLOOKUP(AK21,'Location Summary'!$G$2:$H$604,2,FALSE) -> 460 | AM24: 3 | AN24: =VLOOKUP(AM21,'Location Summary'!$G$2:$H$604,2,FALSE) -> 380 | AO24: 3 | AP24: =VLOOKUP(AO21,'Location Summary'!$G$2:$H$604,2,FALSE) -> 410 | AQ24: 3 | AR24: =VLOOKUP(AQ21,'Location Summary'!$G$2:$H$604,2,FALSE) -> 400 | AS24: 3 | AT24: =VLOOKUP(AS21,'Location Summary'!$G$2:$H$604,2,FALSE) -> 420
C25: 2 | E25: 2 | G25: 2 | I25: 2 | K25: 2 | M25: 2 | O25: 2 | Q25: 2 | S25: 2 | U25: 2 | W25: 2 | Y25: 2 | AA25: 2 | AC25: 2 | AE25: 2 | AG25: 2 | AI25: 2 | AK25: 2 | AM25: 2 | AO25: 2 | AQ25: 2 | AS25: 2
C26: =VLOOKUP(C21,'Location Summary'!$C$2:$J$604,2,FALSE) -> DB1+9 | E26: =VLOOKUP(E21,'Location Summary'!$C$2:$J$604,2,FALSE) -> DA+3 | G26: =VLOOKUP(G21,'Location Summary'!$C$2:$J$604,2,FALSE) -> DA+9 | I26: =VLOOKUP(I21,'Location Summary'!$C$2:$J$604,2,FALSE) -> DA+6 | K26: =VLOOKUP(K21,'Location Summary'!$C$2:$J$604,2,FALSE) -> DB2+9 | M26: =VLOOKUP(M21,'Location Summary'!$C$2:$J$604,2,FALSE) -> DA+6 | O26: =VLOOKUP(O21,'Location Summary'!$C$2:$J$604,2,FALSE) -> DB1+3 | Q26: =VLOOKUP(Q21,'Location Summary'!$C$2:$J$604,2,FALSE) -> DA+6 | S26: =VLOOKUP(S21,'Location Summary'!$C$2:$J$604,2,FALSE) -> DA+6 | U26: =VLOOKUP(U21,'Location Summary'!$C$2:$J$604,2,FALSE) -> DA+9 | W26: =VLOOKUP(W21,'Location Summary'!$C$2:$J$604,2,FALSE) -> DA+6 | Y26: =VLOOKUP(Y21,'Location Summary'!$C$2:$J$604,2,FALSE) -> DA+9 | AA26: =VLOOKUP(AA21,'Location Summary'!$C$2:$J$604,2,FALSE) -> DA+9 | AC26: =VLOOKUP(AC21,'Location Summary'!$C$2:$J$604,2,FALSE) -> DB1+6 | AE26: =VLOOKUP(AE21,'Location Summary'!$C$2:$J$604,2,FALSE) -> DA+6 | AG26: =VLOOKUP(AG21,'Location Summary'!$C$2:$J$604,2,FALSE) -> DA+9 | AI26: =VLOOKUP(AI21,'Location Summary'!$C$2:$J$604,2,FALSE) -> DA+9 | AK26: =VLOOKUP(AK21,'Location Summary'!$C$2:$J$604,2,FALSE) -> DA-1.5 | AM26: =VLOOKUP(AM21,'Location Summary'!$C$2:$J$604,2,FALSE) -> DA+6 | AO26: =VLOOKUP(AO21,'Location Summary'!$C$2:$J$604,2,FALSE) -> DA+3 | AQ26: =VLOOKUP(AQ21,'Location Summary'!$C$2:$J$604,2,FALSE) -> DA+9 | AS26: =VLOOKUP(AS21,'Location Summary'!$C$2:$J$604,2,FALSE) -> DA+6
C28: =AS20+1 -> 38 | E28: =C28+1 -> 39 | G28: =E28+1 -> 40 | I28: =G28+1 -> 41 | K28: =I28+1 -> 42 | M28: =K28+1 -> 43 | O28: =M28+1 -> 44 | Q28: =O28+1 -> 45 | S28: =Q28+1 -> 46 | U28: =S28+1 -> 47 | W28: =U28+1 -> 48 | Y28: =W28+1 -> 49 | AA28: =Y28+1 -> 50 | AC28: =AA28+1 -> 51 | AE28: =AC28+1 -> 52 | AG28: =AE28+1 -> 53 | AI28: =AG28+1 -> 54 | AK28: =AI28+1 -> 55 | AM28: =AK28+1 -> 56 | AO28: =AM28+1 -> 57 | AQ28: =AO28+1 -> 58 | AS28: =AQ28+1 -> 59
C29: 5/9 | E29: 5/10 | G29: 5A/0 | I29: 6/0 | K29: 6/1 | M29: 6/2 | O29: 6/3 | Q29: 6/4 | S29: 6/5 | U29: 6/6 | W29: 6/7 | Y29: 6/8 | AA29: 6/9 | AC29: 6/10 | AE29: 6/11 | AG29: 6/12 | AI29: 7/0 | AK29: 7/1 | AM29: 7/2 | AO29: 7/3 | AQ29: 7/4 | AS29: 7/5
C32: 3 | D32: =VLOOKUP(C29,'Location Summary'!$G$2:$H$604,2,FALSE) -> 345 | E32: 3 | F32: =VLOOKUP(E29,'Location Summary'!$G$2:$H$604,2,FALSE) -> 495 | G32: 3 | H32: =VLOOKUP(G29,'Location Summary'!$G$2:$H$604,2,FALSE) -> 419.48 | I32: 3 | J32: =VLOOKUP(I29,'Location Summary'!$G$2:$H$604,2,FALSE) -> 350.52 | K32: 3 | L32: =VLOOKUP(K29,'Location Summary'!$G$2:$H$604,2,FALSE) -> 445 | M32: 3 | N32: =VLOOKUP(M29,'Location Summary'!$G$2:$H$604,2,FALSE) -> 390 | O32: 3 | P32: =VLOOKUP(O29,'Location Summary'!$G$2:$H$604,2,FALSE) -> 350 | Q32: 3 | R32: =VLOOKUP(Q29,'Location Summary'!$G$2:$H$604,2,FALSE) -> 490 | S32: 3 | T32: =VLOOKUP(S29,'Location Summary'!$G$2:$H$604,2,FALSE) -> 350 | U32: 3 | V32: =VLOOKUP(U29,'Location Summary'!$G$2:$H$604,2,FALSE) -> 347 | W32: 3 | X32: =VLOOKUP(W29,'Location Summary'!$G$2:$H$604,2,FALSE) -> 373 | Y32: 3 | Z32: =VLOOKUP(Y29,'Location Summary'!$G$2:$H$604,2,FALSE) -> 380 | AA32: 3 | AB32: =VLOOKUP(AA29,'Location Summary'!$G$2:$H$604,2,FALSE) -> 335 | AC32: 3 | AD32: =VLOOKUP(AC29,'Location Summary'!$G$2:$H$604,2,FALSE) -> 315 | AE32: 3 | AF32: =VLOOKUP(AE29,'Location Summary'!$G$2:$H$604,2,FALSE) -> 410 | AG32: 3 | AH32: =VLOOKUP(AG29,'Location Summary'!$G$2:$H$604,2,FALSE) -> 365.716 | AI32: 3 | AJ32: =VLOOKUP(AI29,'Location Summary'!$G$2:$H$604,2,FALSE) -> 319.284 | AK32: 3 | AL32: =VLOOKUP(AK29,'Location Summary'!$G$2:$H$604,2,FALSE) -> 465 | AM32: 3 | AN32: =VLOOKUP(AM29,'Location Summary'!$G$2:$H$604,2,FALSE) -> 375 | AO32: 3 | AP32: =VLOOKUP(AO29,'Location Summary'!$G$2:$H$604,2,FALSE) -> 355 | AQ32: 3 | AR32: =VLOOKUP(AQ29,'Location Summary'!$G$2:$H$604,2,FALSE) -> 420 | AS32: 3 | AT32: =VLOOKUP(AS29,'Location Summary'!$G$2:$H$604,2,FALSE) -> 315
C33: 2 | E33: 2 | G33: 2 | I33: 2 | K33: 2 | M33: 2 | O33: 2 | Q33: 2 | S33: 2 | U33: 2 | W33: 2 | Y33: 2 | AA33: 2 | AC33: 2 | AE33: 2 | AG33: 2 | AI33: 2 | AK33: 2 | AM33: 2 | AO33: 2 | AQ33: 2 | AS33: 2
C34: =VLOOKUP(C29,'Location Summary'!$C$2:$J$604,2,FALSE) -> DA+6 | E34: =VLOOKUP(E29,'Location Summary'!$C$2:$J$604,2,FALSE) -> DA+9 | G34: =VLOOKUP(G29,'Location Summary'!$C$2:$J$604,2,FALSE) -> DB1+12 | I34: =VLOOKUP(I29,'Location Summary'!$C$2:$J$604,2,FALSE) -> DB1+9 | K34: =VLOOKUP(K29,'Location Summary'!$C$2:$J$604,2,FALSE) -> DA+9 | M34: =VLOOKUP(M29,'Location Summary'!$C$2:$J$604,2,FALSE) -> DA+6 | O34: =VLOOKUP(O29,'Location Summary'!$C$2:$J$604,2,FALSE) -> DA+3 | Q34: =VLOOKUP(Q29,'Location Summary'!$C$2:$J$604,2,FALSE) -> DA+9 | S34: =VLOOKUP(S29,'Location Summary'!$C$2:$J$604,2,FALSE) -> DA+9 | U34: =VLOOKUP(U29,'Location Summary'!$C$2:$J$604,2,FALSE) -> DA-3 | W34: =VLOOKUP(W29,'Location Summary'!$C$2:$J$604,2,FALSE) -> DA+1.5 | Y34: =VLOOKUP(Y29,'Location Summary'!$C$2:$J$604,2,FALSE) -> DA+3 | AA34: =VLOOKUP(AA29,'Location Summary'!$C$2:$J$604,2,FALSE) -> DA+6 | AC34: =VLOOKUP(AC29,'Location Summary'!$C$2:$J$604,2,FALSE) -> DA+1.5 | AE34: =VLOOKUP(AE29,'Location Summary'!$C$2:$J$604,2,FALSE) -> DA-1.5 | AG34: =VLOOKUP(AG29,'Location Summary'!$C$2:$J$604,2,FALSE) -> DA+1.5 | AI34: =VLOOKUP(AI29,'Location Summary'!$C$2:$J$604,2,FALSE) -> DB2+0 | AK34: =VLOOKUP(AK29,'Location Summary'!$C$2:$J$604,2,FALSE) -> DA-3 | AM34: =VLOOKUP(AM29,'Location Summary'!$C$2:$J$604,2,FALSE) -> DA+6 | AO34: =VLOOKUP(AO29,'Location Summary'!$C$2:$J$604,2,FALSE) -> DA+9 | AQ34: =VLOOKUP(AQ29,'Location Summary'!$C$2:$J$604,2,FALSE) -> DA+6 | AS34: =VLOOKUP(AS29,'Location Summary'!$C$2:$J$604,2,FALSE) -> DA+6
C36: =AS28+1 -> 60 | E36: =C36+1 -> 61 | G36: =E36+1 -> 62 | I36: =G36+1 -> 63 | K36: =I36+1 -> 64 | M36: =K36+1 -> 65 | O36: =M36+1 -> 66 | Q36: =O36+1 -> 67 | S36: =Q36+1 -> 68 | U36: =S36+1 -> 69 | W36: =U36+1 -> 70 | Y36: =W36+1 -> 71 | AA36: =Y36+1 -> 72 | AC36: =AA36+1 -> 73 | AE36: =AC36+1 -> 74 | AG36: =AE36+1 -> 75 | AI36: =AG36+1 -> 76 | AK36: =AI36+1 -> 77 | AM36: =AK36+1 -> 78 | AO36: =AM36+1 -> 79 | AQ36: =AO36+1 -> 80 | AS36: =AQ36+1 -> 81
C37: 7/6 | E37: 7A/0 | G37: 7A/1 | I37: 7A/2 | K37: 7A/3 | M37: 7A/4 | O37: 7A/5 | Q37: 8/0 | S37: 8/1 | U37: 8/2 | W37: 8/3 | Y37: 8/4 | AA37: 8/5 | AC37: 8/6 | AE37: 8/7 | AG37: 8/8 | AI37: 8/9 | AK37: 8/10 | AM37: 8/11 | AO37: 8A/0 | AQ37: 9/0 | AS37: 9/1
C40: 3 | D40: =VLOOKUP(C37,'Location Summary'!$G$2:$H$604,2,FALSE) -> 450 | E40: 3 | F40: =VLOOKUP(E37,'Location Summary'!$G$2:$H$604,2,FALSE) -> 435 | G40: 3 | H40: =VLOOKUP(G37,'Location Summary'!$G$2:$H$604,2,FALSE) -> 385 | I40: 3 | J40: =VLOOKUP(I37,'Location Summary'!$G$2:$H$604,2,FALSE) -> 390 | K40: 3 | L40: =VLOOKUP(K37,'Location Summary'!$G$2:$H$604,2,FALSE) -> 405 | M40: 3 | N40: =VLOOKUP(M37,'Location Summary'!$G$2:$H$604,2,FALSE) -> 390 | O40: 3 | P40: =VLOOKUP(O37,'Location Summary'!$G$2:$H$604,2,FALSE) -> 429.77 | Q40: 3 | R40: =VLOOKUP(Q37,'Location Summary'!$G$2:$H$604,2,FALSE) -> 350 | S40: 3 | T40: =VLOOKUP(S37,'Location Summary'!$G$2:$H$604,2,FALSE) -> 330 | U40: 3 | V40: =VLOOKUP(U37,'Location Summary'!$G$2:$H$604,2,FALSE) -> 390 | W40: 3 | X40: =VLOOKUP(W37,'Location Summary'!$G$2:$H$604,2,FALSE) -> 400 | Y40: 3 | Z40: =VLOOKUP(Y37,'Location Summary'!$G$2:$H$604,2,FALSE) -> 345 | AA40: 3 | AB40: =VLOOKUP(AA37,'Location Summary'!$G$2:$H$604,2,FALSE) -> 350 | AC40: 3 | AD40: =VLOOKUP(AC37,'Location Summary'!$G$2:$H$604,2,FALSE) -> 335 | AE40: 3 | AF40: =VLOOKUP(AE37,'Location Summary'!$G$2:$H$604,2,FALSE) -> 415 | AG40: 3 | AH40: =VLOOKUP(AG37,'Location Summary'!$G$2:$H$604,2,FALSE) -> 375 | AI40: 3 | AJ40: =VLOOKUP(AI37,'Location Summary'!$G$2:$H$604,2,FALSE) -> 375 | AK40: 3 | AL40: =VLOOKUP(AK37,'Location Summary'!$G$2:$H$604,2,FALSE) -> 375 | AM40: 3 | AN40: =VLOOKUP(AM37,'Location Summary'!$G$2:$H$604,2,FALSE) -> 415 | AO40: 3 | AP40: =VLOOKUP(AO37,'Location Summary'!$G$2:$H$604,2,FALSE) -> 466.629 | AQ40: 3 | AR40: =VLOOKUP(AQ37,'Location Summary'!$G$2:$H$604,2,FALSE) -> 418.372 | AS40: 3 | AT40: =VLOOKUP(AS37,'Location Summary'!$G$2:$H$604,2,FALSE) -> 410
C41: 2 | E41: 2 | G41: 2 | I41: 2 | K41: 2 | M41: 2 | O41: 2 | Q41: 2 | S41: 2 | U41: 2 | W41: 2 | Y41: 2 | AA41: 2 | AC41: 2 | AE41: 2 | AG41: 2 | AI41: 2 | AK41: 2 | AM41: 2 | AO41: 2 | AQ41: 2 | AS41: 2
C42: =VLOOKUP(C37,'Location Summary'!$C$2:$J$604,2,FALSE) -> DA-1.5 | E42: =VLOOKUP(E37,'Location Summary'!$C$2:$J$604,2,FALSE) -> DB1+6 | G42: =VLOOKUP(G37,'Location Summary'!$C$2:$J$604,2,FALSE) -> DA+1.5 | I42: =VLOOKUP(I37,'Location Summary'!$C$2:$J$604,2,FALSE) -> DA+3 | K42: =VLOOKUP(K37,'Location Summary'!$C$2:$J$604,2,FALSE) -> DA+3 | M42: =VLOOKUP(M37,'Location Summary'!$C$2:$J$604,2,FALSE) -> DA+3 | O42: =VLOOKUP(O37,'Location Summary'!$C$2:$J$604,2,FALSE) -> DA+3 | Q42: =VLOOKUP(Q37,'Location Summary'!$C$2:$J$604,2,FALSE) -> DB1+0 | S42: =VLOOKUP(S37,'Location Summary'!$C$2:$J$604,2,FALSE) -> DA-3 | U42: =VLOOKUP(U37,'Location Summary'!$C$2:$J$604,2,FALSE) -> DA+6 | W42: =VLOOKUP(W37,'Location Summary'!$C$2:$J$604,2,FALSE) -> DA+9 | Y42: =VLOOKUP(Y37,'Location Summary'!$C$2:$J$604,2,FALSE) -> DA+6 | AA42: =VLOOKUP(AA37,'Location Summary'!$C$2:$J$604,2,FALSE) -> DA+9 | AC42: =VLOOKUP(AC37,'Location Summary'!$C$2:$J$604,2,FALSE) -> DA+3 | AE42: =VLOOKUP(AE37,'Location Summary'!$C$2:$J$604,2,FALSE) -> DA+3 | AG42: =VLOOKUP(AG37,'Location Summary'!$C$2:$J$604,2,FALSE) -> DA+9 | AI42: =VLOOKUP(AI37,'Location Summary'!$C$2:$J$604,2,FALSE) -> DA+3 | AK42: =VLOOKUP(AK37,'Location Summary'!$C$2:$J$604,2,FALSE) -> DA+0 | AM42: =VLOOKUP(AM37,'Location Summary'!$C$2:$J$604,2,FALSE) -> DA+9 | AO42: =VLOOKUP(AO37,'Location Summary'!$C$2:$J$604,2,FALSE) -> DB1+12 | AQ42: =VLOOKUP(AQ37,'Location Summary'!$C$2:$J$604,2,FALSE) -> DB1+12 | AS42: =VLOOKUP(AS37,'Location Summary'!$C$2:$J$604,2,FALSE) -> DA+3
C44: =AS36+1 -> 82 | E44: =C44+1 -> 83 | G44: =E44+1 -> 84 | I44: =G44+1 -> 85 | K44: =I44+1 -> 86 | M44: =K44+1 -> 87 | O44: =M44+1 -> 88 | Q44: =O44+1 -> 89 | S44: =Q44+1 -> 90 | U44: =S44+1 -> 91 | W44: =U44+1 -> 92 | Y44: =W44+1 -> 93 | AA44: =Y44+1 -> 94 | AC44: =AA44+1 -> 95 | AE44: =AC44+1 -> 96 | AG44: =AE44+1 -> 97 | AI44: =AG44+1 -> 98 | AK44: =AI44+1 -> 99 | AM44: =AK44+1 -> 100 | AO44: =AM44+1 -> 101 | AQ44: =AO44+1 -> 102 | AS44: =AQ44+1 -> 103
C45: 9/2 | E45: 9/3 | G45: 9/4 | I45: 9/5 | K45: 9/6 | M45: 9/7 | O45: 9/8 | Q45: 9/9 | S45: 9/10 | U45: 9/11 | W45: 10/0 | Y45: 10/1 | AA45: 10/2 | AC45: 11/0 | AE45: 12/0 | AG45: 13/0 | AI45: 13A/0 | AK45: 14/0 | AM45: 15/0 | AO45: 15/1 | AQ45: 15/2 | AS45: 15/3
AF46: 132kV | AL46: 400kV
C48: 3 | D48: =VLOOKUP(C45,'Location Summary'!$G$2:$H$604,2,FALSE) -> 395 | E48: 3 | F48: =VLOOKUP(E45,'Location Summary'!$G$2:$H$604,2,FALSE) -> 395 | G48: 3 | H48: =VLOOKUP(G45,'Location Summary'!$G$2:$H$604,2,FALSE) -> 425 | I48: 3 | J48: =VLOOKUP(I45,'Location Summary'!$G$2:$H$604,2,FALSE) -> 415 | K48: 3 | L48: =VLOOKUP(K45,'Location Summary'!$G$2:$H$604,2,FALSE) -> 405 | M48: 3 | N48: =VLOOKUP(M45,'Location Summary'!$G$2:$H$604,2,FALSE) -> 435 | O48: 3 | P48: =VLOOKUP(O45,'Location Summary'!$G$2:$H$604,2,FALSE) -> 405 | Q48: 3 | R48: =VLOOKUP(Q45,'Location Summary'!$G$2:$H$604,2,FALSE) -> 435 | S48: 3 | T48: =VLOOKUP(S45,'Location Summary'!$G$2:$H$604,2,FALSE) -> 395 | U48: 3 | V48: =VLOOKUP(U45,'Location Summary'!$G$2:$H$604,2,FALSE) -> 431.548 | W48: 3 | X48: =VLOOKUP(W45,'Location Summary'!$G$2:$H$604,2,FALSE) -> 363.452 | Y48: 3 | Z48: =VLOOKUP(Y45,'Location Summary'!$G$2:$H$604,2,FALSE) -> 295 | AA48: 3 | AB48: =VLOOKUP(AA45,'Location Summary'!$G$2:$H$604,2,FALSE) -> 345.731 | AC48: 3 | AD48: =VLOOKUP(AC45,'Location Summary'!$G$2:$H$604,2,FALSE) -> 242.893 | AE48: 3 | AF48: =VLOOKUP(AE45,'Location Summary'!$G$2:$H$604,2,FALSE) -> 329.728 | AG48: 3 | AH48: =VLOOKUP(AG45,'Location Summary'!$G$2:$H$604,2,FALSE) -> 416.878 | AI48: 3 | AJ48: =VLOOKUP(AI45,'Location Summary'!$G$2:$H$604,2,FALSE) -> 480.269 | AK48: 3 | AL48: =VLOOKUP(AK45,'Location Summary'!$G$2:$H$604,2,FALSE) -> 223.816 | AM48: 3 | AN48: =VLOOKUP(AM45,'Location Summary'!$G$2:$H$604,2,FALSE) -> 405.915 | AO48: 3 | AP48: =VLOOKUP(AO45,'Location Summary'!$G$2:$H$604,2,FALSE) -> 405 | AQ48: 3 | AR48: =VLOOKUP(AQ45,'Location Summary'!$G$2:$H$604,2,FALSE) -> 420 | AS48: 3 | AT48: =VLOOKUP(AS45,'Location Summary'!$G$2:$H$604,2,FALSE) -> 415
C49: 2 | E49: 2 | G49: 2 | I49: 2 | K49: 2 | M49: 2 | O49: 2 | Q49: 2 | S49: 2 | U49: 2 | W49: 2 | Y49: 2 | AA49: 2 | AC49: 2 | AE49: 2 | AG49: 2 | AI49: 2 | AK49: 2 | AM49: 2 | AO49: 2 | AQ49: 2 | AS49: 2
C50: =VLOOKUP(C45,'Location Summary'!$C$2:$J$604,2,FALSE) -> DA+3 | E50: =VLOOKUP(E45,'Location Summary'!$C$2:$J$604,2,FALSE) -> DA+0 | G50: =VLOOKUP(G45,'Location Summary'!$C$2:$J$604,2,FALSE) -> DA+6 | I50: =VLOOKUP(I45,'Location Summary'!$C$2:$J$604,2,FALSE) -> DA+3 | K50: =VLOOKUP(K45,'Location Summary'!$C$2:$J$604,2,FALSE) -> DA+3 | M50: =VLOOKUP(M45,'Location Summary'!$C$2:$J$604,2,FALSE) -> DA+9 | O50: =VLOOKUP(O45,'Location Summary'!$C$2:$J$604,2,FALSE) -> DA+0 | Q50: =VLOOKUP(Q45,'Location Summary'!$C$2:$J$604,2,FALSE) -> DA+0 | S50: =VLOOKUP(S45,'Location Summary'!$C$2:$J$604,2,FALSE) -> DA+3 | U50: =VLOOKUP(U45,'Location Summary'!$C$2:$J$604,2,FALSE) -> DA+3 | W50: =VLOOKUP(W45,'Location Summary'!$C$2:$J$604,2,FALSE) -> DB1+6 | Y50: =VLOOKUP(Y45,'Location Summary'!$C$2:$J$604,2,FALSE) -> DA+3 | AA50: =VLOOKUP(AA45,'Location Summary'!$C$2:$J$604,2,FALSE) -> DA+3 | AC50: =VLOOKUP(AC45,'Location Summary'!$C$2:$J$604,2,FALSE) -> DD45+0 | AE50: =VLOOKUP(AE45,'Location Summary'!$C$2:$J$604,2,FALSE) -> DB1+9 | AG50: =VLOOKUP(AG45,'Location Summary'!$C$2:$J$604,2,FALSE) -> DD60+9 | AI50: =VLOOKUP(AI45,'Location Summary'!$C$2:$J$604,2,FALSE) -> DB1+9 | AK50: =VLOOKUP(AK45,'Location Summary'!$C$2:$J$604,2,FALSE) -> DD60+18 | AM50: =VLOOKUP(AM45,'Location Summary'!$C$2:$J$604,2,FALSE) -> DD60+25 | AO50: =VLOOKUP(AO45,'Location Summary'!$C$2:$J$604,2,FALSE) -> DA+6 | AQ50: =VLOOKUP(AQ45,'Location Summary'!$C$2:$J$604,2,FALSE) -> DA+3 | AS50: =VLOOKUP(AS45,'Location Summary'!$C$2:$J$604,2,FALSE) -> DA+3
AC51: NH-62 | AJ51: RC 4 Leg
C52: =AS44+1 -> 104 | E52: =C52+1 -> 105 | G52: =E52+1 -> 106 | I52: =G52+1 -> 107 | K52: =I52+1 -> 108 | M52: =K52+1 -> 109 | O52: =M52+1 -> 110 | Q52: =O52+1 -> 111 | S52: =Q52+1 -> 112 | U52: =S52+1 -> 113 | W52: =U52+1 -> 114 | Y52: =W52+1 -> 115 | AA52: =Y52+1 -> 116 | AC52: =AA52+1 -> 117 | AE52: =AC52+1 -> 118 | AG52: =AE52+1 -> 119 | AI52: =AG52+1 -> 120 | AK52: =AI52+1 -> 121 | AM52: =AK52+1 -> 122 | AO52: =AM52+1 -> 123 | AQ52: =AO52+1 -> 124 | AS52: =AQ52+1 -> 125
C53: 15/4 | E53: 15/5 | G53: 15/6 | I53: 15/7 | K53: 15/8 | M53: 15/9 | O53: 15/10 | Q53: 15/11 | S53: 15/12 | U53: 16/0 | W53: 17/0 | Y53: 18/0 | AA53: 18/1 | AC53: 18/2 | AE53: 18/3 | AG53: 18/4 | AI53: 18/5 | AK53: 18/6 | AM53: 18/7 | AO53: 19/0 | AQ53: 20/0 | AS53: 20/1
C56: 3 | D56: =VLOOKUP(C53,'Location Summary'!$G$2:$H$604,2,FALSE) -> 410 | E56: 3 | F56: =VLOOKUP(E53,'Location Summary'!$G$2:$H$604,2,FALSE) -> 285 | G56: 3 | H56: =VLOOKUP(G53,'Location Summary'!$G$2:$H$604,2,FALSE) -> 355 | I56: 3 | J56: =VLOOKUP(I53,'Location Summary'!$G$2:$H$604,2,FALSE) -> 355 | K56: 3 | L56: =VLOOKUP(K53,'Location Summary'!$G$2:$H$604,2,FALSE) -> 410 | M56: 3 | N56: =VLOOKUP(M53,'Location Summary'!$G$2:$H$604,2,FALSE) -> 430 | O56: 3 | P56: =VLOOKUP(O53,'Location Summary'!$G$2:$H$604,2,FALSE) -> 385 | Q56: 3 | R56: =VLOOKUP(Q53,'Location Summary'!$G$2:$H$604,2,FALSE) -> 455 | S56: 3 | T56: =VLOOKUP(S53,'Location Summary'!$G$2:$H$604,2,FALSE) -> 288.425 | U56: 3 | V56: =VLOOKUP(U53,'Location Summary'!$G$2:$H$604,2,FALSE) -> 392.694 | W56: 3 | X56: =VLOOKUP(W53,'Location Summary'!$G$2:$H$604,2,FALSE) -> 398.404 | Y56: 3 | Z56: =VLOOKUP(Y53,'Location Summary'!$G$2:$H$604,2,FALSE) -> 307.595 | AA56: 3 | AB56: =VLOOKUP(AA53,'Location Summary'!$G$2:$H$604,2,FALSE) -> 390 | AC56: 3 | AD56: =VLOOKUP(AC53,'Location Summary'!$G$2:$H$604,2,FALSE) -> 380 | AE56: 3 | AF56: =VLOOKUP(AE53,'Location Summary'!$G$2:$H$604,2,FALSE) -> 405 | AG56: 3 | AH56: =VLOOKUP(AG53,'Location Summary'!$G$2:$H$604,2,FALSE) -> 335 | AI56: 3 | AJ56: =VLOOKUP(AI53,'Location Summary'!$G$2:$H$604,2,FALSE) -> 425 | AK56: 3 | AL56: =VLOOKUP(AK53,'Location Summary'!$G$2:$H$604,2,FALSE) -> 402 | AM56: 3 | AN56: =VLOOKUP(AM53,'Location Summary'!$G$2:$H$604,2,FALSE) -> 385.434 | AO56: 3 | AP56: =VLOOKUP(AO53,'Location Summary'!$G$2:$H$604,2,FALSE) -> 279.36 | AQ56: 3 | AR56: =VLOOKUP(AQ53,'Location Summary'!$G$2:$H$604,2,FALSE) -> 388.515 | AS56: 3 | AT56: =VLOOKUP(AS53,'Location Summary'!$G$2:$H$604,2,FALSE) -> 330
G57: 2 | I57: 2 | K57: 2 | M57: 2 | O57: 2 | Q57: 2 | S57: 2 | U57: 2 | W57: 2 | Y57: 2 | AA57: 2 | AC57: 2 | AE57: 2 | AG57: 2 | AI57: 2 | AK57: 2 | AM57: 2 | AO57: 2 | AQ57: 2 | AS57: 2
C58: =VLOOKUP(C53,'Location Summary'!$C$2:$J$604,2,FALSE) -> DA+6 | E58: =VLOOKUP(E53,'Location Summary'!$C$2:$J$604,2,FALSE) -> DA+3 | G58: =VLOOKUP(G53,'Location Summary'!$C$2:$J$604,2,FALSE) -> DA+9 | I58: =VLOOKUP(I53,'Location Summary'!$C$2:$J$604,2,FALSE) -> DA+0 | K58: =VLOOKUP(K53,'Location Summary'!$C$2:$J$604,2,FALSE) -> DA+1.5 | M58: =VLOOKUP(M53,'Location Summary'!$C$2:$J$604,2,FALSE) -> DA+0 | O58: =VLOOKUP(O53,'Location Summary'!$C$2:$J$604,2,FALSE) -> DA-1.5 | Q58: =VLOOKUP(Q53,'Location Summary'!$C$2:$J$604,2,FALSE) -> DA+0 | S58: =VLOOKUP(S53,'Location Summary'!$C$2:$J$604,2,FALSE) -> DA+6 | U58: =VLOOKUP(U53,'Location Summary'!$C$2:$J$604,2,FALSE) -> DC2+0 | W58: =VLOOKUP(W53,'Location Summary'!$C$2:$J$604,2,FALSE) -> DC1+3 | Y58: =VLOOKUP(Y53,'Location Summary'!$C$2:$J$604,2,FALSE) -> DB2+6 | AA58: =VLOOKUP(AA53,'Location Summary'!$C$2:$J$604,2,FALSE) -> DA+3 | AC58: =VLOOKUP(AC53,'Location Summary'!$C$2:$J$604,2,FALSE) -> DA+1.5 | AE58: =VLOOKUP(AE53,'Location Summary'!$C$2:$J$604,2,FALSE) -> DA+6 | AG58: =VLOOKUP(AG53,'Location Summary'!$C$2:$J$604,2,FALSE) -> DA-3 | AI58: =VLOOKUP(AI53,'Location Summary'!$C$2:$J$604,2,FALSE) -> DA+0 | AK58: =VLOOKUP(AK53,'Location Summary'!$C$2:$J$604,2,FALSE) -> DA+9 | AM58: =VLOOKUP(AM53,'Location Summary'!$C$2:$J$604,2,FALSE) -> DA+1.5 | AO58: =VLOOKUP(AO53,'Location Summary'!$C$2:$J$604,2,FALSE) -> DD60+3 | AQ58: =VLOOKUP(AQ53,'Location Summary'!$C$2:$J$604,2,FALSE) -> DD60+3 | AS58: =VLOOKUP(AS53,'Location Summary'!$C$2:$J$604,2,FALSE) -> DA-3
K59: Canal | Q59: ROW | AN59: RLY
C60: =AS52+1 -> 126 | E60: =C60+1 -> 127 | G60: =E60+1 -> 128 | I60: =G60+1 -> 129 | K60: =I60+1 -> 130 | M60: =K60+1 -> 131 | O60: =M60+1 -> 132 | Q60: =O60+1 -> 133 | S60: =Q60+1 -> 134 | U60: =S60+1 -> 135 | W60: =U60+1 -> 136 | Y60: =W60+1 -> 137 | AA60: =Y60+1 -> 138 | AC60: =AA60+1 -> 139 | AE60: =AC60+1 -> 140 | AG60: =AE60+1 -> 141 | AI60: =AG60+1 -> 142 | AK60: =AI60+1 -> 143 | AM60: =AK60+1 -> 144 | AO60: =AM60+1 -> 145 | AQ60: =AO60+1 -> 146 | AS60: =AQ60+1 -> 147
C61: 20/2 | E61: 20/3 | G61: 20/4 | I61: 20/5 | K61: 20/6 | M61: 21/0 | O61: 21/1 | Q61: 21/2 | S61: 21/3 | U61: 21/4 | W61: 21/5 | Y61: 22/0 | AA61: 23/0 | AC61: 23A/0 | AE61: 24/0 | AG61: 25/0 | AI61: 26/0 | AK61: 27/0 | AM61: 27/1 | AO61: 27/2 | AQ61: 27/3 | AS61: 27/4
Z62: 220kV | AF62: 400kV | AJ62: 765kV
C64: 3 | D64: =VLOOKUP(C61,'Location Summary'!$G$2:$H$604,2,FALSE) -> 340 | E64: 3 | F64: =VLOOKUP(E61,'Location Summary'!$G$2:$H$604,2,FALSE) -> 420 | G64: 3 | H64: =VLOOKUP(G61,'Location Summary'!$G$2:$H$604,2,FALSE) -> 375 | I64: 3 | J64: =VLOOKUP(I61,'Location Summary'!$G$2:$H$604,2,FALSE) -> 355 | K64: 3 | L64: =VLOOKUP(K61,'Location Summary'!$G$2:$H$604,2,FALSE) -> 341.652 | M64: 3 | N64: =VLOOKUP(M61,'Location Summary'!$G$2:$H$604,2,FALSE) -> 326.348 | O64: 3 | P64: =VLOOKUP(O61,'Location Summary'!$G$2:$H$604,2,FALSE) -> 427 | Q64: 3 | R64: =VLOOKUP(Q61,'Location Summary'!$G$2:$H$604,2,FALSE) -> 410 | S64: 3 | T64: =VLOOKUP(S61,'Location Summary'!$G$2:$H$604,2,FALSE) -> 405 | U64: 3 | V64: =VLOOKUP(U61,'Location Summary'!$G$2:$H$604,2,FALSE) -> 300 | W64: 3 | X64: =VLOOKUP(W61,'Location Summary'!$G$2:$H$604,2,FALSE) -> 415.187 | Y64: 3 | Z64: =VLOOKUP(Y61,'Location Summary'!$G$2:$H$604,2,FALSE) -> 259.048 | AA64: 3 | AB64: =VLOOKUP(AA61,'Location Summary'!$G$2:$H$604,2,FALSE) -> 440.455 | AC64: 3 | AD64: =VLOOKUP(AC61,'Location Summary'!$G$2:$H$604,2,FALSE) -> 496.685 | AE64: 3 | AF64: =VLOOKUP(AE61,'Location Summary'!$G$2:$H$604,2,FALSE) -> 244.029 | AG64: 3 | AH64: =VLOOKUP(AG61,'Location Summary'!$G$2:$H$604,2,FALSE) -> 237.428 | AI64: 3 | AJ64: =VLOOKUP(AI61,'Location Summary'!$G$2:$H$604,2,FALSE) -> 203.479 | AK64: 3 | AL64: =VLOOKUP(AK61,'Location Summary'!$G$2:$H$604,2,FALSE) -> 453.688 | AM64: 3 | AN64: =VLOOKUP(AM61,'Location Summary'!$G$2:$H$604,2,FALSE) -> 345 | AO64: 3 | AP64: =VLOOKUP(AO61,'Location Summary'!$G$2:$H$604,2,FALSE) -> 360 | AQ64: 3 | AR64: =VLOOKUP(AQ61,'Location Summary'!$G$2:$H$604,2,FALSE) -> 410 | AS64: 3 | AT64: =VLOOKUP(AS61,'Location Summary'!$G$2:$H$604,2,FALSE) -> 350
C65: 2 | E65: 2 | G65: 2 | I65: 2 | K65: 2 | M65: 2 | O65: 2 | Q65: 2 | S65: 2 | U65: 2 | W65: 2 | Y65: 2 | AA65: 2 | AC65: 2 | AE65: 2 | AG65: 2 | AI65: 2 | AK65: 2 | AM65: 2 | AO65: 2 | AQ65: 2 | AS65: 2
C66: =VLOOKUP(C61,'Location Summary'!$C$2:$J$604,2,FALSE) -> DA-3 | E66: =VLOOKUP(E61,'Location Summary'!$C$2:$J$604,2,FALSE) -> DA+1.5 | G66: =VLOOKUP(G61,'Location Summary'!$C$2:$J$604,2,FALSE) -> DA+3 | I66: =VLOOKUP(I61,'Location Summary'!$C$2:$J$604,2,FALSE) -> DA+0 | K66: =VLOOKUP(K61,'Location Summary'!$C$2:$J$604,2,FALSE) -> DA-3 | M66: =VLOOKUP(M61,'Location Summary'!$C$2:$J$604,2,FALSE) -> DB1+0 | O66: =VLOOKUP(O61,'Location Summary'!$C$2:$J$604,2,FALSE) -> DA+0 | Q66: =VLOOKUP(Q61,'Location Summary'!$C$2:$J$604,2,FALSE) -> DA+6 | S66: =VLOOKUP(S61,'Location Summary'!$C$2:$J$604,2,FALSE) -> DA+6 | U66: =VLOOKUP(U61,'Location Summary'!$C$2:$J$604,2,FALSE) -> DA+0 | W66: =VLOOKUP(W61,'Location Summary'!$C$2:$J$604,2,FALSE) -> DA+0 | Y66: =VLOOKUP(Y61,'Location Summary'!$C$2:$J$604,2,FALSE) -> DC2+15 | AA66: =VLOOKUP(AA61,'Location Summary'!$C$2:$J$604,2,FALSE) -> DB2+9 | AC66: =VLOOKUP(AC61,'Location Summary'!$C$2:$J$604,2,FALSE) -> DB1+9 | AE66: =VLOOKUP(AE61,'Location Summary'!$C$2:$J$604,2,FALSE) -> DD60+18 | AG66: =VLOOKUP(AG61,'Location Summary'!$C$2:$J$604,2,FALSE) -> DD60+18 | AI66: =VLOOKUP(AI61,'Location Summary'!$C$2:$J$604,2,FALSE) -> DD60+35 | AK66: =VLOOKUP(AK61,'Location Summary'!$C$2:$J$604,2,FALSE) -> DD60+35 | AM66: =VLOOKUP(AM61,'Location Summary'!$C$2:$J$604,2,FALSE) -> DA+9 | AO66: =VLOOKUP(AO61,'Location Summary'!$C$2:$J$604,2,FALSE) -> DA-1.5 | AQ66: =VLOOKUP(AQ61,'Location Summary'!$C$2:$J$604,2,FALSE) -> DA+1.5 | AS66: =VLOOKUP(AS61,'Location Summary'!$C$2:$J$604,2,FALSE) -> DA+1.5
S67: ROW | AM67: ROW | AQ67: ROW
C68: =AS60+1 -> 148 | E68: =C68+1 -> 149 | G68: =E68+1 -> 150 | I68: =G68+1 -> 151 | K68: =I68+1 -> 152 | M68: =K68+1 -> 153 | O68: =M68+1 -> 154 | Q68: =O68+1 -> 155 | S68: =Q68+1 -> 156 | U68: =S68+1 -> 157 | W68: =U68+1 -> 158 | Y68: =W68+1 -> 159 | AA68: =Y68+1 -> 160 | AC68: =AA68+1 -> 161 | AE68: =AC68+1 -> 162 | AG68: =AE68+1 -> 163 | AI68: =AG68+1 -> 164 | AK68: =AI68+1 -> 165 | AM68: =AK68+1 -> 166 | AO68: =AM68+1 -> 167 | AQ68: =AO68+1 -> 168 | AS68: =AQ68+1 -> 169
C69: 27/5 | E69: 27/6 | G69: 28/0 | I69: 29/0 | K69: 29/1 | M69: 29/2 | O69: 29/3 | Q69: 29/4 | S69: 29/5 | U69: 29A/0 | W69: 29A/1 | Y69: 29A/2 | AA69: 29A/3 | AC69: 29A/4 | AE69: 29A/5 | AG69: 29A/6 | AI69: 30/0 | AK69: 30/1 | AM69: 30/2 | AO69: 30/3 | AQ69: 30/4 | AS69: 30/5
C72: 3 | D72: =VLOOKUP(C69,'Location Summary'!$G$2:$H$604,2,FALSE) -> 355 | E72: 3 | F72: =VLOOKUP(E69,'Location Summary'!$G$2:$H$604,2,FALSE) -> 274.587 | G72: 3 | H72: =VLOOKUP(G69,'Location Summary'!$G$2:$H$604,2,FALSE) -> 211.209 | I72: 3 | J72: =VLOOKUP(I69,'Location Summary'!$G$2:$H$604,2,FALSE) -> 384.204 | K72: 3 | L72: =VLOOKUP(K69,'Location Summary'!$G$2:$H$604,2,FALSE) -> 430 | M72: 3 | N72: =VLOOKUP(M69,'Location Summary'!$G$2:$H$604,2,FALSE) -> 370 | O72: 3 | P72: =VLOOKUP(O69,'Location Summary'!$G$2:$H$604,2,FALSE) -> 390 | Q72: 3 | R72: =VLOOKUP(Q69,'Location Summary'!$G$2:$H$604,2,FALSE) -> 435 | S72: 3 | T72: =VLOOKUP(S69,'Location Summary'!$G$2:$H$604,2,FALSE) -> 370 | U72: 3 | V72: =VLOOKUP(U69,'Location Summary'!$G$2:$H$604,2,FALSE) -> 455 | W72: 3 | X72: =VLOOKUP(W69,'Location Summary'!$G$2:$H$604,2,FALSE) -> 325 | Y72: 3 | Z72: =VLOOKUP(Y69,'Location Summary'!$G$2:$H$604,2,FALSE) -> 395 | AA72: 3 | AB72: =VLOOKUP(AA69,'Location Summary'!$G$2:$H$604,2,FALSE) -> 345 | AC72: 3 | AD72: =VLOOKUP(AC69,'Location Summary'!$G$2:$H$604,2,FALSE) -> 365 | AE72: 3 | AF72: =VLOOKUP(AE69,'Location Summary'!$G$2:$H$604,2,FALSE) -> 420 | AG72: 3 | AH72: =VLOOKUP(AG69,'Location Summary'!$G$2:$H$604,2,FALSE) -> 364.007 | AI72: 3 | AJ72: =VLOOKUP(AI69,'Location Summary'!$G$2:$H$604,2,FALSE) -> 295.993 | AK72: 3 | AL72: =VLOOKUP(AK69,'Location Summary'!$G$2:$H$604,2,FALSE) -> 425 | AM72: 3 | AN72: =VLOOKUP(AM69,'Location Summary'!$G$2:$H$604,2,FALSE) -> 315 | AO72: 3 | AP72: =VLOOKUP(AO69,'Location Summary'!$G$2:$H$604,2,FALSE) -> 380 | AQ72: 3 | AR72: =VLOOKUP(AQ69,'Location Summary'!$G$2:$H$604,2,FALSE) -> 430 | AS72: 3 | AT72: =VLOOKUP(AS69,'Location Summary'!$G$2:$H$604,2,FALSE) -> 380
C73: 2 | E73: 2 | G73: 2 | I73: 2 | K73: 2 | M73: 2 | O73: 2 | Q73: 2 | S73: 2 | U73: 2 | W73: 2 | Y73: 2 | AA73: 2 | AC73: 2 | AE73: 2 | AG73: 2 | AI73: 2 | AK73: 2 | AM73: 2 | AO73: 2 | AQ73: 2 | AS73: 2
C74: =VLOOKUP(C69,'Location Summary'!$C$2:$J$604,2,FALSE) -> DA-1.5 | E74: =VLOOKUP(E69,'Location Summary'!$C$2:$J$604,2,FALSE) -> DA-3 | G74: =VLOOKUP(G69,'Location Summary'!$C$2:$J$604,2,FALSE) -> DC2-3 | I74: =VLOOKUP(I69,'Location Summary'!$C$2:$J$604,2,FALSE) -> DC1+0 | K74: =VLOOKUP(K69,'Location Summary'!$C$2:$J$604,2,FALSE) -> DA+6 | M74: =VLOOKUP(M69,'Location Summary'!$C$2:$J$604,2,FALSE) -> DA+0 | O74: =VLOOKUP(O69,'Location Summary'!$C$2:$J$604,2,FALSE) -> DA+0 | Q74: =VLOOKUP(Q69,'Location Summary'!$C$2:$J$604,2,FALSE) -> DA+3 | S74: =VLOOKUP(S69,'Location Summary'!$C$2:$J$604,2,FALSE) -> DA+0 | U74: =VLOOKUP(U69,'Location Summary'!$C$2:$J$604,2,FALSE) -> DB1+0 | W74: =VLOOKUP(W69,'Location Summary'!$C$2:$J$604,2,FALSE) -> DA+6 | Y74: =VLOOKUP(Y69,'Location Summary'!$C$2:$J$604,2,FALSE) -> DA+6 | AA74: =VLOOKUP(AA69,'Location Summary'!$C$2:$J$604,2,FALSE) -> DA+6 | AC74: =VLOOKUP(AC69,'Location Summary'!$C$2:$J$604,2,FALSE) -> DA+3 | AE74: =VLOOKUP(AE69,'Location Summary'!$C$2:$J$604,2,FALSE) -> DA+6 | AG74: =VLOOKUP(AG69,'Location Summary'!$C$2:$J$604,2,FALSE) -> DA+9 | AI74: =VLOOKUP(AI69,'Location Summary'!$C$2:$J$604,2,FALSE) -> DB1+0 | AK74: =VLOOKUP(AK69,'Location Summary'!$C$2:$J$604,2,FALSE) -> DA+0 | AM74: =VLOOKUP(AM69,'Location Summary'!$C$2:$J$604,2,FALSE) -> DA+9 | AO74: =VLOOKUP(AO69,'Location Summary'!$C$2:$J$604,2,FALSE) -> DA+3 | AQ74: =VLOOKUP(AQ69,'Location Summary'!$C$2:$J$604,2,FALSE) -> DA+9 | AS74: =VLOOKUP(AS69,'Location Summary'!$C$2:$J$604,2,FALSE) -> DA+0
G75: Exp. Way | M75: ROW | AA75: ROW | AS75: ROW
C76: =AS68+1 -> 170 | E76: =C76+1 -> 171 | G76: =E76+1 -> 172 | I76: =G76+1 -> 173 | K76: =I76+1 -> 174 | M76: =K76+1 -> 175 | O76: =M76+1 -> 176 | Q76: =O76+1 -> 177 | S76: =Q76+1 -> 178 | U76: =S76+1 -> 179 | W76: =U76+1 -> 180 | Y76: =W76+1 -> 181 | AA76: =Y76+1 -> 182 | AC76: =AA76+1 -> 183 | AE76: =AC76+1 -> 184 | AG76: =AE76+1 -> 185 | AI76: =AG76+1 -> 186 | AK76: =AI76+1 -> 187 | AM76: =AK76+1 -> 188 | AO76: =AM76+1 -> 189 | AQ76: =AO76+1 -> 190 | AS76: =AQ76+1 -> 191
C77: 30/6 | E77: 30/7 | G77: 30/8 | I77: 30/9 | K77: 30/10 | M77: 31/0 | O77: 31/1 | Q77: 31/2 | S77: 31/3 | U77: 31/4 | W77: 31/5 | Y77: 31/6 | AA77: 31/7 | AC77: 31/8 | AE77: 31/9 | AG77: 31/10 | AI77: 32/0 | AK77: 32/1 | AM77: 32/2 | AO77: 32/3 | AQ77: 32/4 | AS77: 32/5
C80: 3 | D80: =VLOOKUP(C77,'Location Summary'!$G$2:$H$604,2,FALSE) -> 335 | E80: 3 | F80: =VLOOKUP(E77,'Location Summary'!$G$2:$H$604,2,FALSE) -> 395 | G80: 3 | H80: =VLOOKUP(G77,'Location Summary'!$G$2:$H$604,2,FALSE) -> 390 | I80: 3 | J80: =VLOOKUP(I77,'Location Summary'!$G$2:$H$604,2,FALSE) -> 350 | K80: 3 | L80: =VLOOKUP(K77,'Location Summary'!$G$2:$H$604,2,FALSE) -> 428.239 | M80: 3 | N80: =VLOOKUP(M77,'Location Summary'!$G$2:$H$604,2,FALSE) -> 376.761 | O80: 3 | P80: =VLOOKUP(O77,'Location Summary'!$G$2:$H$604,2,FALSE) -> 410 | Q80: 3 | R80: =VLOOKUP(Q77,'Location Summary'!$G$2:$H$604,2,FALSE) -> 430 | S80: 3 | T80: =VLOOKUP(S77,'Location Summary'!$G$2:$H$604,2,FALSE) -> 380 | U80: 3 | V80: =VLOOKUP(U77,'Location Summary'!$G$2:$H$604,2,FALSE) -> 445 | W80: 3 | X80: =VLOOKUP(W77,'Location Summary'!$G$2:$H$604,2,FALSE) -> 385 | Y80: 3 | Z80: =VLOOKUP(Y77,'Location Summary'!$G$2:$H$604,2,FALSE) -> 420 | AA80: 3 | AB80: =VLOOKUP(AA77,'Location Summary'!$G$2:$H$604,2,FALSE) -> 415 | AC80: 3 | AD80: =VLOOKUP(AC77,'Location Summary'!$G$2:$H$604,2,FALSE) -> 310 | AE80: 3 | AF80: =VLOOKUP(AE77,'Location Summary'!$G$2:$H$604,2,FALSE) -> 445 | AG80: 3 | AH80: =VLOOKUP(AG77,'Location Summary'!$G$2:$H$604,2,FALSE) -> 316.608 | AI80: 3 | AJ80: =VLOOKUP(AI77,'Location Summary'!$G$2:$H$604,2,FALSE) -> 385.51 | AK80: 3 | AL80: =VLOOKUP(AK77,'Location Summary'!$G$2:$H$604,2,FALSE) -> 390 | AM80: 3 | AN80: =VLOOKUP(AM77,'Location Summary'!$G$2:$H$604,2,FALSE) -> 410 | AO80: 3 | AP80: =VLOOKUP(AO77,'Location Summary'!$G$2:$H$604,2,FALSE) -> 430 | AQ80: 3 | AR80: =VLOOKUP(AQ77,'Location Summary'!$G$2:$H$604,2,FALSE) -> 390 | AS80: 3 | AT80: =VLOOKUP(AS77,'Location Summary'!$G$2:$H$604,2,FALSE) -> 439
C81: 2 | E81: 2 | G81: 2 | I81: 2 | K81: 2 | M81: 2 | O81: 2 | Q81: 2 | S81: 2 | U81: 2 | W81: 2 | Y81: 2 | AA81: 2 | AC81: 2 | AE81: 2 | AG81: 2 | AI81: 2 | AK81: 2 | AM81: 2 | AO81: 2 | AQ81: 2 | AS81: 2
C82: =VLOOKUP(C77,'Location Summary'!$C$2:$J$604,2,FALSE) -> DA+6 | E82: =VLOOKUP(E77,'Location Summary'!$C$2:$J$604,2,FALSE) -> DA-3 | G82: =VLOOKUP(G77,'Location Summary'!$C$2:$J$604,2,FALSE) -> DA+3 | I82: =VLOOKUP(I77,'Location Summary'!$C$2:$J$604,2,FALSE) -> DA-3 | K82: =VLOOKUP(K77,'Location Summary'!$C$2:$J$604,2,FALSE) -> DA+3 | M82: =VLOOKUP(M77,'Location Summary'!$C$2:$J$604,2,FALSE) -> DB1+0 | O82: =VLOOKUP(O77,'Location Summary'!$C$2:$J$604,2,FALSE) -> DA+3 | Q82: =VLOOKUP(Q77,'Location Summary'!$C$2:$J$604,2,FALSE) -> DA+1.5 | S82: =VLOOKUP(S77,'Location Summary'!$C$2:$J$604,2,FALSE) -> DA+3 | U82: =VLOOKUP(U77,'Location Summary'!$C$2:$J$604,2,FALSE) -> DA-1.5 | W82: =VLOOKUP(W77,'Location Summary'!$C$2:$J$604,2,FALSE) -> DA+6 | Y82: =VLOOKUP(Y77,'Location Summary'!$C$2:$J$604,2,FALSE) -> DA+9 | AA82: =VLOOKUP(AA77,'Location Summary'!$C$2:$J$604,2,FALSE) -> DA+0 | AC82: =VLOOKUP(AC77,'Location Summary'!$C$2:$J$604,2,FALSE) -> DA+0 | AE82: =VLOOKUP(AE77,'Location Summary'!$C$2:$J$604,2,FALSE) -> DA+1.5 | AG82: =VLOOKUP(AG77,'Location Summary'!$C$2:$J$604,2,FALSE) -> DA+4.5 | AI82: =VLOOKUP(AI77,'Location Summary'!$C$2:$J$604,2,FALSE) -> DB2+0 | AK82: =VLOOKUP(AK77,'Location Summary'!$C$2:$J$604,2,FALSE) -> DA+6 | AM82: =VLOOKUP(AM77,'Location Summary'!$C$2:$J$604,2,FALSE) -> DA+9 | AO82: =VLOOKUP(AO77,'Location Summary'!$C$2:$J$604,2,FALSE) -> DA+6 | AQ82: =VLOOKUP(AQ77,'Location Summary'!$C$2:$J$604,2,FALSE) -> DA+9 | AS82: =VLOOKUP(AS77,'Location Summary'!$C$2:$J$604,2,FALSE) -> DA+9
AS83: RC 4 Leg
C84: =AS76+1 -> 192 | E84: =C84+1 -> 193 | G84: =E84+1 -> 194 | I84: =G84+1 -> 195 | K84: =I84+1 -> 196 | M84: =K84+1 -> 197 | O84: =M84+1 -> 198 | Q84: =O84+1 -> 199 | S84: =Q84+1 -> 200 | U84: =S84+1 -> 201 | W84: =U84+1 -> 202 | Y84: =W84+1 -> 203 | AA84: =Y84+1 -> 204 | AC84: =AA84+1 -> 205 | AE84: =AC84+1 -> 206 | AG84: =AE84+1 -> 207 | AI84: =AG84+1 -> 208 | AK84: =AI84+1 -> 209 | AM84: =AK84+1 -> 210 | AO84: =AM84+1 -> 211 | AQ84: =AO84+1 -> 212 | AS84: =AQ84+1 -> 213
C85: 32/6 | E85: 32/7 | G85: 32A/0 | I85: 32A/1 | K85: 33/0 | M85: 33/1 | O85: 33/2 | Q85: 33/3 | S85: 33/4 | U85: 33/5 | W85: 33/6 | Y85: 33/7 | AA85: 33/8 | AC85: 33/9 | AE85: 34/0 | AG85: 34/1 | AI85: 34/2 | AK85: 34/3 | AM85: 34/4 | AO85: 34/5 | AQ85: 34/6 | AS85: 34/7
AF86: 5 | AH86: 5 | AJ86: 5 | AL86: 5 | AN86: 5 | AP86: 5 | AR86: 5 | AT86: 5
C88: 3 | D88: =VLOOKUP(C85,'Location Summary'!$G$2:$H$604,2,FALSE) -> 360 | E88: 3 | F88: =VLOOKUP(E85,'Location Summary'!$G$2:$H$604,2,FALSE) -> 479 | G88: 3 | H88: =VLOOKUP(G85,'Location Summary'!$G$2:$H$604,2,FALSE) -> 402 | I88: 3 | J88: =VLOOKUP(I85,'Location Summary'!$G$2:$H$604,2,FALSE) -> 438.439 | K88: 3 | L88: =VLOOKUP(K85,'Location Summary'!$G$2:$H$604,2,FALSE) -> 441.561 | M88: 3 | N88: =VLOOKUP(M85,'Location Summary'!$G$2:$H$604,2,FALSE) -> 395 | O88: 3 | P88: =VLOOKUP(O85,'Location Summary'!$G$2:$H$604,2,FALSE) -> 435 | Q88: 3 | R88: =VLOOKUP(Q85,'Location Summary'!$G$2:$H$604,2,FALSE) -> 405 | S88: 3 | T88: =VLOOKUP(S85,'Location Summary'!$G$2:$H$604,2,FALSE) -> 420 | U88: 3 | V88: =VLOOKUP(U85,'Location Summary'!$G$2:$H$604,2,FALSE) -> 405 | W88: 3 | X88: =VLOOKUP(W85,'Location Summary'!$G$2:$H$604,2,FALSE) -> 415 | Y88: 3 | Z88: =VLOOKUP(Y85,'Location Summary'!$G$2:$H$604,2,FALSE) -> 355 | AA88: 3 | AB88: =VLOOKUP(AA85,'Location Summary'!$G$2:$H$604,2,FALSE) -> 380 | AC88: 3 | AD88: =VLOOKUP(AC85,'Location Summary'!$G$2:$H$604,2,FALSE) -> 398.203 | AE88: 3 | AF88: =VLOOKUP(AE85,'Location Summary'!$G$2:$H$604,2,FALSE) -> 441.798 | AG88: 3 | AH88: =VLOOKUP(AG85,'Location Summary'!$G$2:$H$604,2,FALSE) -> 395 | AI88: 3 | AJ88: =VLOOKUP(AI85,'Location Summary'!$G$2:$H$604,2,FALSE) -> 375 | AK88: 3 | AL88: =VLOOKUP(AK85,'Location Summary'!$G$2:$H$604,2,FALSE) -> 445 | AM88: 3 | AN88: =VLOOKUP(AM85,'Location Summary'!$G$2:$H$604,2,FALSE) -> 395 | AO88: 3 | AP88: =VLOOKUP(AO85,'Location Summary'!$G$2:$H$604,2,FALSE) -> 435 | AQ88: 3 | AR88: =VLOOKUP(AQ85,'Location Summary'!$G$2:$H$604,2,FALSE) -> 330 | AS88: 3 | AT88: =VLOOKUP(AS85,'Location Summary'!$G$2:$H$604,2,FALSE) -> 330
C89: 2 | E89: 2 | G89: 2 | I89: 2 | K89: 2 | M89: 2 | O89: 2 | Q89: 2 | S89: 2 | U89: 2 | W89: 2 | Y89: 2 | AA89: 2 | AC89: 2 | AE89: 2 | AG89: 2 | AI89: 2 | AK89: 2 | AM89: 2 | AO89: 2 | AQ89: 2 | AS89: 2
C90: =VLOOKUP(C85,'Location Summary'!$C$2:$J$604,2,FALSE) -> DA+9 | E90: =VLOOKUP(E85,'Location Summary'!$C$2:$J$604,2,FALSE) -> DA+3 | G90: =VLOOKUP(G85,'Location Summary'!$C$2:$J$604,2,FALSE) -> DB1+9 | I90: =VLOOKUP(I85,'Location Summary'!$C$2:$J$604,2,FALSE) -> DA+6 | K90: =VLOOKUP(K85,'Location Summary'!$C$2:$J$604,2,FALSE) -> DB1+9 | M90: =VLOOKUP(M85,'Location Summary'!$C$2:$J$604,2,FALSE) -> DA+9 | O90: =VLOOKUP(O85,'Location Summary'!$C$2:$J$604,2,FALSE) -> DA+9 | Q90: =VLOOKUP(Q85,'Location Summary'!$C$2:$J$604,2,FALSE) -> DA+3 | S90: =VLOOKUP(S85,'Location Summary'!$C$2:$J$604,2,FALSE) -> DA+3 | U90: =VLOOKUP(U85,'Location Summary'!$C$2:$J$604,2,FALSE) -> DA+0 | W90: =VLOOKUP(W85,'Location Summary'!$C$2:$J$604,2,FALSE) -> DA+6 | Y90: =VLOOKUP(Y85,'Location Summary'!$C$2:$J$604,2,FALSE) -> DA+6 | AA90: =VLOOKUP(AA85,'Location Summary'!$C$2:$J$604,2,FALSE) -> DA+3 | AC90: =VLOOKUP(AC85,'Location Summary'!$C$2:$J$604,2,FALSE) -> DA+1.5 | AE90: =VLOOKUP(AE85,'Location Summary'!$C$2:$J$604,2,FALSE) -> DB1+6 | AG90: =VLOOKUP(AG85,'Location Summary'!$C$2:$J$604,2,FALSE) -> DA+9 | AI90: =VLOOKUP(AI85,'Location Summary'!$C$2:$J$604,2,FALSE) -> DA+9 | AK90: =VLOOKUP(AK85,'Location Summary'!$C$2:$J$604,2,FALSE) -> DA+1.5 | AM90: =VLOOKUP(AM85,'Location Summary'!$C$2:$J$604,2,FALSE) -> DA+6 | AO90: =VLOOKUP(AO85,'Location Summary'!$C$2:$J$604,2,FALSE) -> DA+9 | AQ90: =VLOOKUP(AQ85,'Location Summary'!$C$2:$J$604,2,FALSE) -> DA+3 | AS90: =VLOOKUP(AS85,'Location Summary'!$C$2:$J$604,2,FALSE) -> DA+0
C91: RC 4 Leg | K91: RC 4 Leg | M91: RC 4 Leg
C92: =AS84+1 -> 214 | E92: =C92+1 -> 215 | G92: =E92+1 -> 216 | I92: =G92+1 -> 217 | K92: =I92+1 -> 218 | M92: =K92+1 -> 219 | O92: =M92+1 -> 220 | Q92: =O92+1 -> 221 | S92: =Q92+1 -> 222 | U92: =S92+1 -> 223 | W92: =U92+1 -> 224 | Y92: =W92+1 -> 225 | AA92: =Y92+1 -> 226 | AC92: =AA92+1 -> 227 | AE92: =AC92+1 -> 228 | AG92: =AE92+1 -> 229 | AI92: =AG92+1 -> 230 | AK92: =AI92+1 -> 231 | AM92: =AK92+1 -> 232 | AO92: =AM92+1 -> 233 | AQ92: =AO92+1 -> 234 | AS92: =AQ92+1 -> 235
C93: 34/8 | E93: 34/9 | G93: 34/10 | I93: 34/11 | K93: 34/12 | M93: 35/0 | O93: 35/1 | Q93: 35/2 | S93: 35/3 | U93: 35/4 | W93: 35/5 | Y93: 35/6 | AA93: 35/7 | AC93: 35/8 | AE93: 35/9 | AG93: 35/10 | AI93: 35/11 | AK93: 36/0 | AM93: 36A/0 | AO93: 36A/1 | AQ93: 36A/2 | AS93: 37/0
D94: 5 | F94: 5 | H94: 5 | J94: 5
C96: 3 | D96: =VLOOKUP(C93,'Location Summary'!$G$2:$H$604,2,FALSE) -> 400 | E96: 3 | F96: =VLOOKUP(E93,'Location Summary'!$G$2:$H$604,2,FALSE) -> 310 | G96: 3 | H96: =VLOOKUP(G93,'Location Summary'!$G$2:$H$604,2,FALSE) -> 315 | I96: 3 | J96: =VLOOKUP(I93,'Location Summary'!$G$2:$H$604,2,FALSE) -> 375 | K96: 3 | L96: =VLOOKUP(K93,'Location Summary'!$G$2:$H$604,2,FALSE) -> 351.79 | M96: 3 | N96: =VLOOKUP(M93,'Location Summary'!$G$2:$H$604,2,FALSE) -> 393.209 | O96: 3 | P96: =VLOOKUP(O93,'Location Summary'!$G$2:$H$604,2,FALSE) -> 435 | Q96: 3 | R96: =VLOOKUP(Q93,'Location Summary'!$G$2:$H$604,2,FALSE) -> 390 | S96: 3 | T96: =VLOOKUP(S93,'Location Summary'!$G$2:$H$604,2,FALSE) -> 405 | U96: 3 | V96: =VLOOKUP(U93,'Location Summary'!$G$2:$H$604,2,FALSE) -> 435 | W96: 3 | X96: =VLOOKUP(W93,'Location Summary'!$G$2:$H$604,2,FALSE) -> 360 | Y96: 3 | Z96: =VLOOKUP(Y93,'Location Summary'!$G$2:$H$604,2,FALSE) -> 395 | AA96: 3 | AB96: =VLOOKUP(AA93,'Location Summary'!$G$2:$H$604,2,FALSE) -> 440 | AC96: 3 | AD96: =VLOOKUP(AC93,'Location Summary'!$G$2:$H$604,2,FALSE) -> 400 | AE96: 3 | AF96: =VLOOKUP(AE93,'Location Summary'!$G$2:$H$604,2,FALSE) -> 440 | AG96: 3 | AH96: =VLOOKUP(AG93,'Location Summary'!$G$2:$H$604,2,FALSE) -> 330 | AI96: 3 | AJ96: =VLOOKUP(AI93,'Location Summary'!$G$2:$H$604,2,FALSE) -> 493.084 | AK96: 3 | AL96: =VLOOKUP(AK93,'Location Summary'!$G$2:$H$604,2,FALSE) -> 453.999 | AM96: 3 | AN96: =VLOOKUP(AM93,'Location Summary'!$G$2:$H$604,2,FALSE) -> 451 | AO96: 3 | AP96: =VLOOKUP(AO93,'Location Summary'!$G$2:$H$604,2,FALSE) -> 389 | AQ96: 3 | AR96: =VLOOKUP(AQ93,'Location Summary'!$G$2:$H$604,2,FALSE) -> 451.523 | AS96: 3 | AT96: =VLOOKUP(AS93,'Location Summary'!$G$2:$H$604,2,FALSE) -> 401.394
C97: 2 | E97: 2 | G97: 2 | I97: 2 | K97: 2 | M97: 2 | O97: 2 | Q97: 2 | S97: 2 | U97: 2 | W97: 2 | Y97: 2 | AA97: 2 | AC97: 2 | AE97: 2 | AG97: 2 | AI97: 2 | AK97: 2 | AM97: 2 | AO97: 2 | AQ97: 2 | AS97: 2
C98: =VLOOKUP(C93,'Location Summary'!$C$2:$J$604,2,FALSE) -> DA+0 | E98: =VLOOKUP(E93,'Location Summary'!$C$2:$J$604,2,FALSE) -> DA+1.5 | G98: =VLOOKUP(G93,'Location Summary'!$C$2:$J$604,2,FALSE) -> DA-3 | I98: =VLOOKUP(I93,'Location Summary'!$C$2:$J$604,2,FALSE) -> DA+1.5 | K98: =VLOOKUP(K93,'Location Summary'!$C$2:$J$604,2,FALSE) -> DA+3 | M98: =VLOOKUP(M93,'Location Summary'!$C$2:$J$604,2,FALSE) -> DB2+0 | O98: =VLOOKUP(O93,'Location Summary'!$C$2:$J$604,2,FALSE) -> DA+6 | Q98: =VLOOKUP(Q93,'Location Summary'!$C$2:$J$604,2,FALSE) -> DA+6 | S98: =VLOOKUP(S93,'Location Summary'!$C$2:$J$604,2,FALSE) -> DA-3 | U98: =VLOOKUP(U93,'Location Summary'!$C$2:$J$604,2,FALSE) -> DA+9 | W98: =VLOOKUP(W93,'Location Summary'!$C$2:$J$604,2,FALSE) -> DA+9 | Y98: =VLOOKUP(Y93,'Location Summary'!$C$2:$J$604,2,FALSE) -> DA+6 | AA98: =VLOOKUP(AA93,'Location Summary'!$C$2:$J$604,2,FALSE) -> DA+3 | AC98: =VLOOKUP(AC93,'Location Summary'!$C$2:$J$604,2,FALSE) -> DA+6 | AE98: =VLOOKUP(AE93,'Location Summary'!$C$2:$J$604,2,FALSE) -> DA+1.5 | AG98: =VLOOKUP(AG93,'Location Summary'!$C$2:$J$604,2,FALSE) -> DA+3 | AI98: =VLOOKUP(AI93,'Location Summary'!$C$2:$J$604,2,FALSE) -> DA+3 | AK98: =VLOOKUP(AK93,'Location Summary'!$C$2:$J$604,2,FALSE) -> DB2+3 | AM98: =VLOOKUP(AM93,'Location Summary'!$C$2:$J$604,2,FALSE) -> DB1+9 | AO98: =VLOOKUP(AO93,'Location Summary'!$C$2:$J$604,2,FALSE) -> DA+3 | AQ98: =VLOOKUP(AQ93,'Location Summary'!$C$2:$J$604,2,FALSE) -> DA+9 | AS98: =VLOOKUP(AS93,'Location Summary'!$C$2:$J$604,2,FALSE) -> DB2+3
S99: ROW | AF99: ROW | AK99: ROW | AQ99: HMPL OIL PIPE LINE
C100: =AS92+1 -> 236 | E100: =C100+1 -> 237 | G100: =E100+1 -> 238 | I100: =G100+1 -> 239 | K100: =I100+1 -> 240 | M100: =K100+1 -> 241 | O100: =M100+1 -> 242 | Q100: =O100+1 -> 243 | S100: =Q100+1 -> 244 | U100: =S100+1 -> 245 | W100: =U100+1 -> 246 | Y100: =W100+1 -> 247 | AA100: =Y100+1 -> 248 | AC100: =AA100+1 -> 249 | AE100: =AC100+1 -> 250 | AG100: =AE100+1 -> 251 | AI100: =AG100+1 -> 252 | AK100: =AI100+1 -> 253 | AM100: =AK100+1 -> 254 | AO100: =AM100+1 -> 255 | AQ100: =AO100+1 -> 256 | AS100: =AQ100+1 -> 257
C101: 37/1 | E101: 37/2 | G101: 37/3 | I101: 37/4 | K101: 37/5 | M101: 37A/0 | O101: 37A/1 | Q101: 37A/2 | S101: 37A/3 | U101: 37A/4 | W101: 37A/5 | Y101: 37A/6 | AA101: 38/0 | AC101: 38/1 | AE101: 38/2 | AG101: 38/3 | AI101: 38/4 | AK101: 38/5 | AM101: 38/6 | AO101: 38/7 | AQ101: 38/8 | AS101: 38/9
N102: 5 | P102: 5 | R102: 5 | T102: 5 | V102: 5 | X102: 5 | Z102: 5 | AB102: 5 | AD102: 5 | AF102: 5 | AH102: 5 | AJ102: 5 | AL102: 5 | AN102: 5 | AP102: 5 | AR102: 5 | AT102: 5
C104: 3 | D104: =VLOOKUP(C101,'Location Summary'!$G$2:$H$604,2,FALSE) -> 430 | E104: 3 | F104: =VLOOKUP(E101,'Location Summary'!$G$2:$H$604,2,FALSE) -> 405 | G104: 3 | H104: =VLOOKUP(G101,'Location Summary'!$G$2:$H$604,2,FALSE) -> 430 | I104: 3 | J104: =VLOOKUP(I101,'Location Summary'!$G$2:$H$604,2,FALSE) -> 410 | K104: 3 | L104: =VLOOKUP(K101,'Location Summary'!$G$2:$H$604,2,FALSE) -> 420 | M104: 3 | N104: =VLOOKUP(M101,'Location Summary'!$G$2:$H$604,2,FALSE) -> 280 | O104: 3 | P104: =VLOOKUP(O101,'Location Summary'!$G$2:$H$604,2,FALSE) -> 345 | Q104: 3 | R104: =VLOOKUP(Q101,'Location Summary'!$G$2:$H$604,2,FALSE) -> 330 | S104: 3 | T104: =VLOOKUP(S101,'Location Summary'!$G$2:$H$604,2,FALSE) -> 455 | U104: 3 | V104: =VLOOKUP(U101,'Location Summary'!$G$2:$H$604,2,FALSE) -> 340 | W104: 3 | X104: =VLOOKUP(W101,'Location Summary'!$G$2:$H$604,2,FALSE) -> 435 | Y104: 3 | Z104: =VLOOKUP(Y101,'Location Summary'!$G$2:$H$604,2,FALSE) -> 398.589 | AA104: 3 | AB104: =VLOOKUP(AA101,'Location Summary'!$G$2:$H$604,2,FALSE) -> 426.411 | AC104: 3 | AD104: =VLOOKUP(AC101,'Location Summary'!$G$2:$H$604,2,FALSE) -> 390 | AE104: 3 | AF104: =VLOOKUP(AE101,'Location Summary'!$G$2:$H$604,2,FALSE) -> 335 | AG104: 3 | AH104: =VLOOKUP(AG101,'Location Summary'!$G$2:$H$604,2,FALSE) -> 440 | AI104: 3 | AJ104: =VLOOKUP(AI101,'Location Summary'!$G$2:$H$604,2,FALSE) -> 280 | AK104: 3 | AL104: =VLOOKUP(AK101,'Location Summary'!$G$2:$H$604,2,FALSE) -> 450 | AM104: 3 | AN104: =VLOOKUP(AM101,'Location Summary'!$G$2:$H$604,2,FALSE) -> 285 | AO104: 3 | AP104: =VLOOKUP(AO101,'Location Summary'!$G$2:$H$604,2,FALSE) -> 445 | AQ104: 3 | AR104: =VLOOKUP(AQ101,'Location Summary'!$G$2:$H$604,2,FALSE) -> 360 | AS104: 3 | AT104: =VLOOKUP(AS101,'Location Summary'!$G$2:$H$604,2,FALSE) -> 430
C105: 2 | E105: 2 | G105: 2 | I105: 2 | K105: 2 | M105: 2 | O105: 2 | Q105: 2 | S105: 2 | U105: 2 | W105: 2 | Y105: 2 | AA105: 2 | AC105: 2 | AE105: 2 | AG105: 2 | AI105: 2 | AK105: 2 | AM105: 2 | AO105: 2 | AQ105: 2 | AS105: 2
C106: =VLOOKUP(C101,'Location Summary'!$C$2:$J$604,2,FALSE) -> DA+3 | E106: =VLOOKUP(E101,'Location Summary'!$C$2:$J$604,2,FALSE) -> DA+3 | G106: =VLOOKUP(G101,'Location Summary'!$C$2:$J$604,2,FALSE) -> DA-1.5 | I106: =VLOOKUP(I101,'Location Summary'!$C$2:$J$604,2,FALSE) -> DA+9 | K106: =VLOOKUP(K101,'Location Summary'!$C$2:$J$604,2,FALSE) -> DA+3 | M106: =VLOOKUP(M101,'Location Summary'!$C$2:$J$604,2,FALSE) -> DB1+0 | O106: =VLOOKUP(O101,'Location Summary'!$C$2:$J$604,2,FALSE) -> DA+3 | Q106: =VLOOKUP(Q101,'Location Summary'!$C$2:$J$604,2,FALSE) -> DA+1.5 | S106: =VLOOKUP(S101,'Location Summary'!$C$2:$J$604,2,FALSE) -> DA+3 | U106: =VLOOKUP(U101,'Location Summary'!$C$2:$J$604,2,FALSE) -> DA+9 | W106: =VLOOKUP(W101,'Location Summary'!$C$2:$J$604,2,FALSE) -> DA+3 | Y106: =VLOOKUP(Y101,'Location Summary'!$C$2:$J$604,2,FALSE) -> DA+3 | AA106: =VLOOKUP(AA101,'Location Summary'!$C$2:$J$604,2,FALSE) -> DB1+3 | AC106: =VLOOKUP(AC101,'Location Summary'!$C$2:$J$604,2,FALSE) -> DA+0 | AE106: =VLOOKUP(AE101,'Location Summary'!$C$2:$J$604,2,FALSE) -> DA+0 | AG106: =VLOOKUP(AG101,'Location Summary'!$C$2:$J$604,2,FALSE) -> DA+3 | AI106: =VLOOKUP(AI101,'Location Summary'!$C$2:$J$604,2,FALSE) -> DA+1.5 | AK106: =VLOOKUP(AK101,'Location Summary'!$C$2:$J$604,2,FALSE) -> DA+3 | AM106: =VLOOKUP(AM101,'Location Summary'!$C$2:$J$604,2,FALSE) -> DA+6 | AO106: =VLOOKUP(AO101,'Location Summary'!$C$2:$J$604,2,FALSE) -> DA+9 | AQ106: =VLOOKUP(AQ101,'Location Summary'!$C$2:$J$604,2,FALSE) -> DA+1.5 | AS106: =VLOOKUP(AS101,'Location Summary'!$C$2:$J$604,2,FALSE) -> DA+0
C108: =AS100+1 -> 258 | E108: =C108+1 -> 259 | G108: =E108+1 -> 260 | I108: =G108+1 -> 261 | K108: =I108+1 -> 262 | M108: =K108+1 -> 263 | O108: =M108+1 -> 264 | Q108: =O108+1 -> 265 | S108: =Q108+1 -> 266 | U108: =S108+1 -> 267 | W108: =U108+1 -> 268 | Y108: =W108+1 -> 269 | AA108: =Y108+1 -> 270 | AC108: =AA108+1 -> 271 | AE108: =AC108+1 -> 272 | AG108: =AE108+1 -> 273 | AI108: =AG108+1 -> 274 | AK108: =AI108+1 -> 275 | AM108: =AK108+1 -> 276 | AO108: =AM108+1 -> 277 | AQ108: =AO108+1 -> 278 | AS108: =AQ108+1 -> 279
C109: 38/10 | E109: 39/0 | G109: 39/1 | I109: 39/2 | K109: 39/3 | M109: 39/4 | O109: 39/5 | Q109: 39/6 | S109: 39/7 | U109: 39/8 | W109: 39/9 | Y109: 39/10 | AA109: 39/11 | AC109: 40/0 | AE109: 40/1 | AG109: 40/2 | AI109: 40/3 | AK109: 40/4 | AM109: 40/5 | AO109: 40/6 | AQ109: 40/7 | AS109: 40/8
B110: 5 | D110: 5 | F110: 5 | H110: 5 | J110: 5 | L110: 5 | N110: 5 | P110: 5
C112: 3 | D112: =VLOOKUP(C109,'Location Summary'!$G$2:$H$604,2,FALSE) -> 322.266 | E112: 3 | F112: =VLOOKUP(E109,'Location Summary'!$G$2:$H$604,2,FALSE) -> 392.73 | G112: 3 | H112: =VLOOKUP(G109,'Location Summary'!$G$2:$H$604,2,FALSE) -> 395 | I112: 3 | J112: =VLOOKUP(I109,'Location Summary'!$G$2:$H$604,2,FALSE) -> 385 | K112: 3 | L112: =VLOOKUP(K109,'Location Summary'!$G$2:$H$604,2,FALSE) -> 340 | M112: 3 | N112: =VLOOKUP(M109,'Location Summary'!$G$2:$H$604,2,FALSE) -> 395 | O112: 3 | P112: =VLOOKUP(O109,'Location Summary'!$G$2:$H$604,2,FALSE) -> 410 | Q112: 3 | R112: =VLOOKUP(Q109,'Location Summary'!$G$2:$H$604,2,FALSE) -> 415 | S112: 3 | T112: =VLOOKUP(S109,'Location Summary'!$G$2:$H$604,2,FALSE) -> 415 | U112: 3 | V112: =VLOOKUP(U109,'Location Summary'!$G$2:$H$604,2,FALSE) -> 350 | W112: 3 | X112: =VLOOKUP(W109,'Location Summary'!$G$2:$H$604,2,FALSE) -> 425 | Y112: 3 | Z112: =VLOOKUP(Y109,'Location Summary'!$G$2:$H$604,2,FALSE) -> 350 | AA112: 3 | AB112: =VLOOKUP(AA109,'Location Summary'!$G$2:$H$604,2,FALSE) -> 444.081 | AC112: 3 | AD112: =VLOOKUP(AC109,'Location Summary'!$G$2:$H$604,2,FALSE) -> 260.918 | AE112: 3 | AF112: =VLOOKUP(AE109,'Location Summary'!$G$2:$H$604,2,FALSE) -> 385 | AG112: 3 | AH112: =VLOOKUP(AG109,'Location Summary'!$G$2:$H$604,2,FALSE) -> 435 | AI112: 3 | AJ112: =VLOOKUP(AI109,'Location Summary'!$G$2:$H$604,2,FALSE) -> 385 | AK112: 3 | AL112: =VLOOKUP(AK109,'Location Summary'!$G$2:$H$604,2,FALSE) -> 455 | AM112: 3 | AN112: =VLOOKUP(AM109,'Location Summary'!$G$2:$H$604,2,FALSE) -> 370 | AO112: 3 | AP112: =VLOOKUP(AO109,'Location Summary'!$G$2:$H$604,2,FALSE) -> 400 | AQ112: 3 | AR112: =VLOOKUP(AQ109,'Location Summary'!$G$2:$H$604,2,FALSE) -> 350 | AS112: 3 | AT112: =VLOOKUP(AS109,'Location Summary'!$G$2:$H$604,2,FALSE) -> 470
C113: 2 | E113: 2 | G113: 2 | I113: 2 | K113: 2 | M113: 2 | O113: 2 | Q113: 2 | S113: 2 | U113: 2 | W113: 2 | Y113: 2 | AA113: 2 | AC113: 2 | AE113: 2 | AG113: 2 | AI113: 2 | AK113: 2 | AM113: 2 | AO113: 2 | AQ113: 2 | AS113: 2
C114: =VLOOKUP(C109,'Location Summary'!$C$2:$J$604,2,FALSE) -> DA+3 | E114: =VLOOKUP(E109,'Location Summary'!$C$2:$J$604,2,FALSE) -> DB2+0 | G114: =VLOOKUP(G109,'Location Summary'!$C$2:$J$604,2,FALSE) -> DA-1.5 | I114: =VLOOKUP(I109,'Location Summary'!$C$2:$J$604,2,FALSE) -> DA+3 | K114: =VLOOKUP(K109,'Location Summary'!$C$2:$J$604,2,FALSE) -> DA+1.5 | M114: =VLOOKUP(M109,'Location Summary'!$C$2:$J$604,2,FALSE) -> DA+3 | O114: =VLOOKUP(O109,'Location Summary'!$C$2:$J$604,2,FALSE) -> DA+1.5 | Q114: =VLOOKUP(Q109,'Location Summary'!$C$2:$J$604,2,FALSE) -> DA+1.5 | S114: =VLOOKUP(S109,'Location Summary'!$C$2:$J$604,2,FALSE) -> DA+3 | U114: =VLOOKUP(U109,'Location Summary'!$C$2:$J$604,2,FALSE) -> DA+1.5 | W114: =VLOOKUP(W109,'Location Summary'!$C$2:$J$604,2,FALSE) -> DA+6 | Y114: =VLOOKUP(Y109,'Location Summary'!$C$2:$J$604,2,FALSE) -> DA+3 | AA114: =VLOOKUP(AA109,'Location Summary'!$C$2:$J$604,2,FALSE) -> DA+6 | AC114: =VLOOKUP(AC109,'Location Summary'!$C$2:$J$604,2,FALSE) -> DB1+6 | AE114: =VLOOKUP(AE109,'Location Summary'!$C$2:$J$604,2,FALSE) -> DA+9 | AG114: =VLOOKUP(AG109,'Location Summary'!$C$2:$J$604,2,FALSE) -> DA+6 | AI114: =VLOOKUP(AI109,'Location Summary'!$C$2:$J$604,2,FALSE) -> DA+3 | AK114: =VLOOKUP(AK109,'Location Summary'!$C$2:$J$604,2,FALSE) -> DA+6 | AM114: =VLOOKUP(AM109,'Location Summary'!$C$2:$J$604,2,FALSE) -> DA+9 | AO114: =VLOOKUP(AO109,'Location Summary'!$C$2:$J$604,2,FALSE) -> DA+9 | AQ114: =VLOOKUP(AQ109,'Location Summary'!$C$2:$J$604,2,FALSE) -> DA+3 | AS114: =VLOOKUP(AS109,'Location Summary'!$C$2:$J$604,2,FALSE) -> DA-1.5
AE115: RC 4 Leg
C116: =AS108+1 -> 280 | E116: =C116+1 -> 281 | G116: =E116+1 -> 282 | I116: =G116+1 -> 283 | K116: =I116+1 -> 284 | M116: =K116+1 -> 285 | O116: =M116+1 -> 286 | Q116: =O116+1 -> 287 | S116: =Q116+1 -> 288 | U116: =S116+1 -> 289 | W116: =U116+1 -> 290 | Y116: =W116+1 -> 291 | AA116: =Y116+1 -> 292 | AC116: =AA116+1 -> 293 | AE116: =AC116+1 -> 294 | AG116: =AE116+1 -> 295 | AI116: =AG116+1 -> 296 | AK116: =AI116+1 -> 297 | AM116: =AK116+1 -> 298 | AO116: =AM116+1 -> 299 | AQ116: 300 | AS116: 301
C117: 40/9 | E117: 40/10 | G117: 40/11 | I117: 40A/0 | K117: 41/0 | M117: 41/1 | O117: 42/0 | Q117: 42/1 | S117: 42/2 | U117: 42/3 | W117: 43/0 | Y117: 43/1 | AA117: 43/2 | AC117: 43/3 | AE117: 43/4 | AG117: 43/5 | AI117: 43/6 | AK117: 43/7 | AM117: 43/8 | AO117: 44/0 | AQ117: 44/1 | AS117: 44/2
C120: 3 | D120: =VLOOKUP(C117,'Location Summary'!$G$2:$H$604,2,FALSE) -> 355 | E120: 3 | F120: =VLOOKUP(E117,'Location Summary'!$G$2:$H$604,2,FALSE) -> 485 | G120: 3 | H120: =VLOOKUP(G117,'Location Summary'!$G$2:$H$604,2,FALSE) -> 315 | I120: 3 | J120: =VLOOKUP(I117,'Location Summary'!$G$2:$H$604,2,FALSE) -> 410.607 | K120: 3 | L120: =VLOOKUP(K117,'Location Summary'!$G$2:$H$604,2,FALSE) -> 358 | M120: 3 | N120: =VLOOKUP(M117,'Location Summary'!$G$2:$H$604,2,FALSE) -> 465.782 | O120: 3 | P120: =VLOOKUP(O117,'Location Summary'!$G$2:$H$604,2,FALSE) -> 419.998 | Q120: 3 | R120: =VLOOKUP(Q117,'Location Summary'!$G$2:$H$604,2,FALSE) -> 375 | S120: 3 | T120: =VLOOKUP(S117,'Location Summary'!$G$2:$H$604,2,FALSE) -> 464 | U120: 3 | V120: =VLOOKUP(U117,'Location Summary'!$G$2:$H$604,2,FALSE) -> 424.891 | W120: 3 | X120: =VLOOKUP(W117,'Location Summary'!$G$2:$H$604,2,FALSE) -> 341.866 | Y120: 3 | Z120: =VLOOKUP(Y117,'Location Summary'!$G$2:$H$604,2,FALSE) -> 375 | AA120: 3 | AB120: =VLOOKUP(AA117,'Location Summary'!$G$2:$H$604,2,FALSE) -> 375 | AC120: 3 | AD120: =VLOOKUP(AC117,'Location Summary'!$G$2:$H$604,2,FALSE) -> 355 | AE120: 3 | AF120: =VLOOKUP(AE117,'Location Summary'!$G$2:$H$604,2,FALSE) -> 405 | AG120: 3 | AH120: =VLOOKUP(AG117,'Location Summary'!$G$2:$H$604,2,FALSE) -> 375 | AI120: 3 | AJ120: =VLOOKUP(AI117,'Location Summary'!$G$2:$H$604,2,FALSE) -> 385 | AK120: 3 | AL120: =VLOOKUP(AK117,'Location Summary'!$G$2:$H$604,2,FALSE) -> 415 | AM120: 3 | AN120: =VLOOKUP(AM117,'Location Summary'!$G$2:$H$604,2,FALSE) -> 409.546 | AO120: 3 | AP120: =VLOOKUP(AO117,'Location Summary'!$G$2:$H$604,2,FALSE) -> 400 | AQ120: 3 | AR120: =VLOOKUP(AQ117,'Location Summary'!$G$2:$H$678,2,FALSE) -> 427 | AS120: 3 | AT120: =VLOOKUP(AS117,'Location Summary'!$G$2:$H$678,2,FALSE) -> 366
C121: 2 | E121: 2 | G121: 2 | I121: 2 | K121: 2 | M121: 2 | O121: 2 | Q121: 2 | S121: 2 | U121: 2 | W121: 2 | Y121: 2 | AA121: 2 | AC121: 2 | AE121: 2 | AG121: 2 | AI121: 2 | AK121: 2 | AM121: 2 | AO121: 2 | AQ121: 2 | AS121: 2
C122: =VLOOKUP(C117,'Location Summary'!$C$2:$J$604,2,FALSE) -> DA+9 | E122: =VLOOKUP(E117,'Location Summary'!$C$2:$J$604,2,FALSE) -> DA+3 | G122: =VLOOKUP(G117,'Location Summary'!$C$2:$J$604,2,FALSE) -> DA+9 | I122: =VLOOKUP(I117,'Location Summary'!$C$2:$J$604,2,FALSE) -> DB1+9 | K122: =VLOOKUP(K117,'Location Summary'!$C$2:$J$604,2,FALSE) -> DB1+9 | M122: =VLOOKUP(M117,'Location Summary'!$C$2:$J$604,2,FALSE) -> DA+9 | O122: =VLOOKUP(O117,'Location Summary'!$C$2:$J$604,2,FALSE) -> DB2+0 | Q122: =VLOOKUP(Q117,'Location Summary'!$C$2:$J$604,2,FALSE) -> DA+3 | S122: =VLOOKUP(S117,'Location Summary'!$C$2:$J$604,2,FALSE) -> DA+9 | U122: =VLOOKUP(U117,'Location Summary'!$C$2:$J$604,2,FALSE) -> DB1+9 | W122: =VLOOKUP(W117,'Location Summary'!$C$2:$J$604,2,FALSE) -> DB1+0 | Y122: =VLOOKUP(Y117,'Location Summary'!$C$2:$J$604,2,FALSE) -> DA-1.5 | AA122: =VLOOKUP(AA117,'Location Summary'!$C$2:$J$604,2,FALSE) -> DA+6 | AC122: =VLOOKUP(AC117,'Location Summary'!$C$2:$J$604,2,FALSE) -> DA-1.5 | AE122: =VLOOKUP(AE117,'Location Summary'!$C$2:$J$604,2,FALSE) -> DA+0 | AG122: =VLOOKUP(AG117,'Location Summary'!$C$2:$J$604,2,FALSE) -> DC2+0 | AI122: =VLOOKUP(AI117,'Location Summary'!$C$2:$J$604,2,FALSE) -> DA+3 | AK122: =VLOOKUP(AK117,'Location Summary'!$C$2:$J$604,2,FALSE) -> DA+0 | AM122: =VLOOKUP(AM117,'Location Summary'!$C$2:$J$604,2,FALSE) -> DA+9 | AO122: =VLOOKUP(AO117,'Location Summary'!$C$2:$J$604,2,FALSE) -> DB1+6 | AQ122: =VLOOKUP(AQ117,'Location Summary'!$C$2:$J$604,2,FALSE) -> DA+3 | AS122: =VLOOKUP(AS117,'Location Summary'!$C$2:$J$678,2,FALSE) -> DA+3
W123: ROW | AF123: TP TWR
C124: 302 | E124: 303 | G124: 304 | I124: 305 | K124: 306 | M124: Common Point
C125: 44/3 | E125: 44/4 | G125: 44/5 | I125: 45/0 | K125: 46/0
J126: 132KV
C128: 3 | D128: =VLOOKUP(C125,'Location Summary'!$G$2:$H$678,2,FALSE) -> 350 | E128: 3 | F128: =VLOOKUP(E125,'Location Summary'!$G$2:$H$678,2,FALSE) -> 383 | G128: 3 | H128: =VLOOKUP(G125,'Location Summary'!$G$2:$H$678,2,FALSE) -> 457.155 | I128: 3 | J128: =VLOOKUP(I125,'Location Summary'!$G$2:$H$678,2,FALSE) -> 208.53 | K128: 3
...

Sheet Erection Compiled
A1: =[79]Earthing!A1 -> KEC International Limited
A2: =[79]Earthing!A2 -> TA413 : 765 KV D/C Bikaner III - Neemrana II TL02
A3: Details of Erection | H3: =SUBTOTAL(9,H5:H261) -> 11483.7 | I3: =SUBTOTAL(9,I5:I261) -> 1069.918 | K3: 45965
A4: CUMM. SR.NO | B4: MONTH SR.NO. | C4: Location No | D4: Type of Tower | E4: Starting Date | F4: Completion date | G4: Gang name | H4: Tower Weight | I4: Revenue | J4: Name of Supervisor | K4: Status | L4: Prop. Name
A5: 1 | B5: 1 | C5: 29A/2 | D5: DA+6 | E5: 45547 | F5: 45556 | G5: Bhagwan construction | H5: 43.804424 | I5: 4.0811881 | J5: Manoj Kumar Gupta | K5: Completed
A6: =A5+1 -> 2 | B6: 2 | C6: 29/5 | D6: DA+0 | E6: 45556 | F6: 45562 | G6: Bhagwan construction | H6: 36.159756 | I6: 3.3689466 | J6: Manoj Kumar Gupta | K6: Completed
A7: =A6+1 -> 3 | B7: 1 | C7: 29/3 | D7: DA+0 | E7: 45563 | F7: 45568 | G7: Bhagwan construction | H7: 36.159756 | I7: 3.3689466 | J7: Manoj Kumar Gupta | K7: Completed
A8: =A7+1 -> 4 | B8: 2 | C8: 29/4 | D8: DA+3 | E8: 45568 | F8: 45573 | G8: Bhagwan construction | H8: 37.931088 | I8: 3.5339788 | J8: Manoj Kumar Gupta | K8: Completed
A9: =A8+1 -> 5 | B9: 3 | C9: 29A/6 | D9: DA+9 | E9: 45568 | F9: 45579 | G9: Bhagwan construction | H9: 45.697022 | I9: 4.2575184 | J9: Manoj Kumar Gupta | K9: Completed
A10: =A9+1 -> 6 | B10: 4 | C10: 30/1 | D10: DA+0 | E10: 45574 | F10: 45582 | G10: Bhagwan construction | H10: 36.159756 | I10: 3.3689466 | J10: Kartik Mahto | K10: Completed
A11: =A10+1 -> 7 | B11: 5 | C11: 29A/1 | D11: DA+6 | E11: 45579 | F11: 45590 | G11: Bhagwan construction | H11: 43.804424 | I11: 4.0811881 | J11: Manoj Kumar Gupta | K11: Completed
A12: =A11+1 -> 8 | B12: 1 | C12: 34/8 | D12: DA+0 | E12: 45608 | F12: 45620 | G12: Vasu dev singh-1 | H12: 36.159756 | I12: 3.3689466 | J12: Raju Mahto | K12: Completed
A13: =A12+1 -> 9 | B13: 2 | C13: 34/12 | D13: DA+3 | E13: 45610 | F13: 45621 | G13: Vasu dev singh-2 | H13: 37.931088 | I13: 3.5339788 | J13: Mustak | K13: Completed
A14: =A13+1 -> 10 | B14: 1 | C14: 34/4 | D14: DA+6 | E14: 45621 | F14: 45630 | G14: Vasu dev singh-1 | H14: 43.804424 | I14: 4.0811881 | J14: Raju Mahto | K14: Completed
A15: =A14+1 -> 11 | B15: 2 | C15: 34/7 | D15: DA+0 | E15: 45622 | F15: 45638 | G15: Vasu dev singh-2 | H15: 36.159756 | I15: 3.3689466 | J15: Raju Mahto | K15: Completed
A16: =A15+1 -> 12 | B16: 3 | C16: 34/3 | D16: DA+1.5 | E16: 45631 | F16: 45642 | G16: Vasu dev singh-1 | H16: 37.138324 | I16: 3.4601182 | J16: Manoj Kumar Gupta | K16: Completed
A17: =A16+1 -> 13 | B17: 4 | C17: 8/1 | D17: DA-3 | E17: 45633 | F17: 45642 | G17: Punam Devi-2 | H17: 34.78981 | I17: 3.2413109 | J17: Sanjay Kumar | K17: Completed
... A20: =A19+1 -> 16 | B20: 7 | C20: 7A/5 | D20: DA+3 | E20: 45643 | F20: 45650 | G20: Punam Devi-2 | H20: 37.931088 | I20: 3.5339788 | J20: Sanjay Kumar | K20: Completed
A21: =A20+1 -> 17 | B21: 8 | C21: 36A/1 | D21: DA+3 | E21: 45639 | F21: 45651 | G21: Punam Devi-3 | H21: 37.931088 | I21: 3.5339788 | J21: Haridas | K21: Completed | L21: Sachinder
A22: =A21+1 -> 18 | B22: 9 | C22: 7/1 | D22: DA-3 | E22: 45641 | F22: 45652 | G22: Punam Devi-1 | H22: 34.78981 | I22: 3.2413109 | J22: Raju Mahto | K22: Completed | L22: Hazari Yadav
A23: =A22+1 -> 19 | B23: 10 | C23: 35/8 | D23: DA+6 | E23: 45649 | F23: 45654 | G23: Punam Devi-2 | H23: 43.804424 | I23: 4.0811881 | J23: Kartik Mahto | K23: Completed | L23: Gulshan Kumar
A24: =A23+1 -> 20 | B24: 11 | C24: 34/5 | D24: DA+9 | E24: 45643 | F24: 45655 | G24: Vasu dev singh-1 | H24: 45.697022 | I24: 4.2575184 | J24: Manoj Kumar Gupta | K24: Completed | L24: Pawan
A25: =A24+1 -> 21 | B25: 12 | C25: 34/10 | D25: DA-3 | E25: 45648 | F25: 45655 | G25: Vasu dev singh-2 | H25: 34.78981 | I25: 3.2413109 | J25: Mustak & Abul | K25: Completed | L25: Praveen Kumar
A26: =A25+1 -> 22 | B26: 13 | C26: 7A/4 | D26: DA+3 | E26: 45650 | F26: 45657 | G26: Punam Devi-2 | H26: 37.931088 | I26: 3.5339788 | J26: Raju Mahto | K26: Completed | L26: Dharmendra Das
A27: =A26+1 -> 23 | B27: 1 | C27: 7/2 | D27: DA+6 | E27: 45653 | F27: 45660 | G27: Punam Devi-1 | H27: 43.804424 | I27: 4.0811881 | J27: Gangadin sahoo | K27: Completed | L27: Hazari Yadav
A28: =A27+1 -> 24 | B28: 2 | C28: 35/11 | D28: DA+3 | E28: 45650 | F28: 45660 | G28: Punam Devi-3 | H28: 37.931088 | I28: 3.5339788 | J28: Haridas | K28: Completed | L28: Sachinder
A29: =A28+1 -> 25 | B29: 3 | C29: 35/6 | D29: DA+6 | E29: 45655 | F29: 45662 | G29: Punam Devi-2 | H29: 43.804424 | I29: 4.0811881 | J29: Kartik Mahto | K29: Completed | L29: Gulshan Kumar
A30: =A29+1 -> 26 | B30: 4 | C30: 34/11 | D30: DA+1.5 | E30: 45656 | F30: 45664 | G30: Vasu dev singh-2 | H30: 37.138324 | I30: 3.4601182 | J30: Mustak & Abul | K30: Completed | L30: Praveen Kumar
A31: =A30+1 -> 27 | B31: 5 | C31: 7A/3 | D31: DA+3 | E31: 45658 | F31: 45665 | G31: Punam Devi-2 | H31: 37.931088 | I31: 3.5339788 | J31: Raju Mahto | K31: Completed | L31: Dharmendra Das
A32: =A31+1 -> 28 | B32: 6 | C32: 34/6 | D32: DA+3 | E32: 45656 | F32: 45666 | G32: Vasu dev singh-1 | H32: 37.931088 | I32: 3.5339788 | J32: Manoj Kumar Gupta | K32: Completed | L32: Pawan
... A105: =A104+1 -> 101 | B105: 8 | C105: 39/6 | D105: DA+1.5 | E105: 45756 | F105: 45765 | G105: Punam Devi-1 | H105: 37.138324 | I105: 3.4601182 | J105: Haridas | K105: Completed | L105: Gulshan Kumar
A106: 102 | B106: 9 | C106: 40/6 | D106: DA+9 | E106: 45761 | F106: 45769 | G106: Punam Devi-3 | H106: 45.697022 | I106: 4.2575184 | J106: Haridas | K106: Completed | L106: Mithilesh
A107: 103 | B107: 10 | C107: 36A/0 | D107: DB1+9 | E107: 45765 | F107: 45777 | G107: Punam Devi-2 | H107: 66.780901 | I107: 6.2218697 | J107: Raju Mahto | K107: Completed | L107: Gopal Muni
A108: 104 | B108: 11 | C108: 40/0 | D108: DB1+6 | E108: 45765 | F108: 45777 | G108: Punam Devi-1 | H108: 65.027779 | I108: 6.0585341 | J108: Haridas | K108: Completed | L108: Gulshan Kumar
A109: 105 | B109: 1 | C109: 32/6 | D109: DA+9 | E109: 45844 | F109: 45853 | G109: Punam Kumari | H109: 45.697022 | I109: 4.2575184 | J109: Manoj Gupta | K109: Completed
A110: 106 | B110: 2 | C110: 32/1 | D110: DA+6 | E110: 45843 | F110: 45855 | G110: Amit Kumar Singh | H110: 43.804424 | I110: 4.0811881 | J110: Raju Mahto | K110: Completed
A111: =A110+1 -> 107 | B111: 3 | C111: 7/3 | D111: DA+9 | E111: 45847 | F111: 45859 | G111: Pritam Enterprises | H111: 45.697022 | I111: 4.2575184 | J111: Sanjay Kumar | K111: Completed
A112: =A111+1 -> 108 | B112: 4 | C112: 32/5 | D112: DA+9 | E112: 45854 | F112: 45863 | G112: Punam Kumari | H112: 45.697022 | I112: 4.2575184 | J112: Manoj Gupta | K112: Completed
A113: =A112+1 -> 109 | B113: 5 | C113: 6/1 | D113: DA+9 | E113: 45854 | F113: 45864 | G113: Jwala Singh-1 | H113: 45.697022 | I113: 4.2575184 | J113: Aman Singh | K113: Completed
A114: =A113+1 -> 110 | B114: 6 | C114: 32/2 | D114: DA+9 | E114: 45856 | F114: 45864 | G114: Amit Kumar Singh | H114: 45.697022 | I114: 4.2575184 | J114: Suraj Kumar | K114: Completed
A115: =A114+1 -> 111 | B115: 7 | C115: 7/0 | D115: DB2+0 | E115: 45860 | F115: 45869 | G115: Pritam Enterprises | H115: 59.500628 | I115: 5.5435783 | J115: Sanjay Kumar | K115: Completed
A116: =A115+1 -> 112 | B116: 8 | C116: 32/7 | D116: DA+3 | E116: 45864 | F116: 45869 | G116: Punam Kumari | H116: 37.931088 | I116: 3.5339788 | J116: Manoj Gupta | K116: Completed
A117: =A116+1 -> 113 | B117: 1 | C117: 31/0 | D117: DB1+0 | E117: 45854 | F117: 45870 | G117: SK Samiul -1 | H117: 55.450851 | I117: 5.1662671 | J117: Haridas | K117: Completed
A118: =A117+1 -> 114 | B118: 2 | C118: 42/0 | D118: DB2+0 | E118: 45859 | F118: 45871 | G118: Fouzi Ratto | H118: 59.500628 | I118: 5.5435783 | J118: Manirul | K118: Completed
A119: =A118+1 -> 115 | B119: 3 | C119: 8/11 | D119: DA+9 | E119: 45853 | F119: 45872 | G119: Jwala Singh-1 | H119: 45.697022 | I119: 4.2575184 | J119: Rudra Prasad | K119: Completed
A120: =A119+1 -> 116 | B120: 4 | C120: 30/10 | D120: DA+3 | E120: 45856 | F120: 45872 | G120: SK.Samiul -2 | H120: 37.931088 | I120: 3.5339788 | J120: Haridas | K120: Completed
A121: =A120+1 -> 117 | B121: 5 | C121: 32/3 | D121: DA+6 | E121: 45865 | F121: 45874 | G121: Amit Kumar Singh | H121: 43.804424 | I121: 4.0811881 | J121: Suraj Kumar | K121: Completed
A122: =A121+1 -> 118 | B122: 6 | C122: 42/1 | D122: DA+3 | E122: 45871 | F122: 45875 | G122: Fouzi Ratto | H122: 37.931088 | I122: 3.5339788 | J122: Manirul | K122: Completed
... A133: =A132+1 -> 129 | B133: 17 | C133: 32/4 | D133: DA+9 | E133: 45876 | F133: 45883 | G133: Amit Kumar Singh | H133: 45.697022 | I133: 4.2575184 | J133: Suraj Kumar | K133: Completed
A134: =A133+1 -> 130 | B134: 18 | C134: 6/3 | D134: DA+3 | E134: 45877 | F134: 45883 | G134: Jwala Singh-1 | H134: 37.931088 | I134: 3.5339788 | J134: Sanjay Kumar | K134: Completed | L134: Sanjay
A135: =A134+1 -> 131 | B135: 19 | C135: 8A/0 | D135: DB1+12 | E135: 45876 | F135: 45883 | G135: Punam Kumari-2 | H135: 70.788265 | I135: 6.5952294 | J135: Sanjay Kumar | K135: Completed | L135: Hazari Yadav
A136: =A135+1 -> 132 | B136: 20 | C136: 33/2 | D136: DA+9 | E136: 45878 | F136: 45886 | G136: Punam Kumari-1 | H136: 45.697022 | I136: 4.2575184 | J136: Manoj Kumar Gupta | K136: Completed
A137: =A136+1 -> 133 | B137: 21 | C137: 6/10 | D137: DA+1.5 | E137: 45878 | F137: 45887 | G137: Pritam Enterprises-1 | H137: 37.138324 | I137: 3.4601182 | J137: Sanjay Kumar | K137: Completed
A138: =A137+1 -> 134 | B138: 22 | C138: 9/5 | D138: DA+3 | E138: 45884 | F138: 45888 | G138: Punam Kumari-2 | H138: 37.931088 | I138: 3.5339788 | J138: Narayan Mahto | K138: Completed
A139: =A138+1 -> 135 | B139: 23 | C139: 42/3 | D139: DB1+9 | E139: 45881 | F139: 45888 | G139: Fouzi Ratto | H139: 66.780901 | I139: 6.2218697 | J139: Manirul | K139: Completed
A140: =A139+1 -> 136 | B140: 24 | C140: 5/6 | D140: DA+3 | E140: 45877 | F140: 45889 | G140: Pritam Enterprises-4 | H140: 37.931088 | I140: 3.5339788 | J140: Deshraj | K140: Completed | L140: Sanjay
A141: =A140+1 -> 137 | B141: 25 | C141: 40/7 | D141: DA+3 | E141: 45883 | F141: 45889 | G141: Pinki Devi | H141: 37.931088 | I141: 3.5339788 | J141: Susheel Kumar | K141: Completed
A142: =A141+1 -> 138 | B142: 26 | C142: 1/0 | D142: DD60+0 | E142: 45876 | F142: 45890 | G142: Pritam Enterprises-3 | H142: 83.133526 | I142: 7.7454176 | J142: Nishit Mondal | K142: Completed | L142: Suraj
A143: =A142+1 -> 139 | B143: 27 | C143: 6/0 | D143: DB1+9 | E143: 45882 | F143: 45890 | G143: Jwala Singh-2 | H143: 66.780901 | I143: 6.2218697 | J143: Rudra Prasad | K143: Completed
A144: =A143+1 -> 140 | B144: 28 | C144: 6/6 | D144: DA-3 | E144: 45883 | F144: 45890 | G144: Pritam Enterprises-2 | H144: 34.78981 | I144: 3.2413109 | J144: Indrajeet Patel | K144: Completed
A145: =A144+1 -> 141 | B145: 29 | C145: 6/4 | D145: DA+9 | E145: 45884 | F145: 45890 | G145: Jwala Singh-1 | H145: 45.697022 | I145: 4.2575184 | K145: Completed
A146: =A145+1 -> 142 | B146: 30 | C146: 30/9 | D146: DA-3 | E146: 45881 | F146: 45890 | G146: SK.Samiul -2 | H146: 34.78981 | I146: 3.2413109 | J146: Haridas | K146: Completed
A147: =A146+1 -> 143 | B147: 31 | C147: 31/3 | D147: DA+3 | E147: 45881 | F147: 45891 | G147: SK Samiul -1 | H147: 37.931088 | I147: 3.5339788 | J147: Khooblal Mahto | K147: Completed
A148: =A147+1 -> 144 | B148: 32 | C148: 33/9 | D148: DA+1.5 | E148: 45887 | F148: 45891 | G148: Punam Kumari-1 | H148: 37.138324 | I148: 3.4601182 | J148: Manoj Kumar Gupta | K148: Completed
A149: =A148+1 -> 145 | B149: 33 | C149: 6/11 | D149: DA-1.5 | E149: 45888 | F149: 45894 | G149: Pritam Enterprises-1 | H149: 35.601762 | I149: 3.3169592 | J149: Sanjay Kumar | K149: Completed
A150: =A149+1 -> 146 | B150: 34 | C150: 9/6 | D150: DA+3 | E150: 45889 | F150: 45894 | G150: Punam Kumari-2 | H150: 37.931088 | I150: 3.5339788 | J150: Narayan Mahto | K150: Completed
A151: =A150+1 -> 147 | B151: 35 | C151: 43/2 | D151: DA+6 | E151: 45889 | F151: 45894 | G151: Fouzi Ratto | H151: 43.804424 | I151: 4.0811881 | J151: Manirul | K151: Completed
A152: =A151+1 -> 148 | B152: 36 | C152: 31/10 | D152: DA+4.5 | E152: 45884 | F152: 45894 | G152: Amit Kumar Singh | H152: 42.921819 | I152: 3.9989572 | J152: Suraj Kumar | K152: Completed
A153: =A152+1 -> 149 | B153: 37 | C153: 2A/1 | D153: DA+0 | E153: 45890 | F153: 45896 | G153: Pritam Enterprises-3 | H153: 36.159756 | I153: 3.3689466 | J153: Nishit Mondal | K153: Completed
A154: =A153+1 -> 150 | B154: 38 | C154: 4A/4 | D154: DA+6 | E154: 45887 | F154: 45897 | G154: Govind Mahto-1 | H154: 43.804424 | I154: 4.0811881 | J154: Aman Singh | K154: Completed
A155: =A154+1 -> 151 | B155: 39 | C155: 5/5 | D155: DA+6 | E155: 45889 | F155: 45897 | G155: Pritam Enterprises-4 | H155: 43.804424 | I155: 4.0811881 | J155: Deshraj | K155: Completed | L155: Sanjay
A156: =A155+1 -> 152 | B156: 40 | C156: 6/7 | D156: DA+1.5 | E156: 45891 | F156: 45897 | G156: Pritam Enterprises-2 | H156: 37.138324 | I156: 3.4601182 | J156: Indrajeet Patel | K156: Completed
A157: =A156+1 -> 153 | B157: 41 | C157: 5/10 | D157: DA+9 | E157: 45891 | F157: 45897 | G157: Jwala Singh-1 | H157: 45.697022 | I157: 4.2575184 | J157: Aman Singh | K157: Completed
A158: =A157+1 -> 154 | B158: 42 | C158: 9/7 | D158: DA+9 | E158: 45892 | F158: 45898 | G158: Punam Kumari-2 | H158: 45.697022 | I158: 4.2575184 | J158: Narayan Mahto | K158: Completed
A159: =A158+1 -> 155 | B159: 43 | C159: 33/7 | D159: DA+6 | E159: 45892 | F159: 45899 | G159: Punam Kumari-1 | H159: 43.804424 | I159: 4.0811881 | J159: Manoj Kumar Gupta | K159: Completed
A160: =A159+1 -> 156 | B160: 44 | C160: 31/4 | D160: DA-1.5 | E160: 45891 | F160: 45900 | G160: SK.Samiul -2 | H160: 35.601762 | I160: 3.3169592 | J160: Haridas | K160: Completed
A161: =A160+1 -> 157 | B161: 1 | C161: 5A/0 | D161: DB1+12 | E161: 45891 | F161: 45901 | G161: Jwala Singh-2 | H161: 70.788265 | I161: 6.5952294 | J161: Rudra Prasad | K161: Completed
A162: =A161+1 -> 158 | B162: 2 | C162: 32A/1 | D162: DA+6 | E162: 45883 | F162: 45902 | G162: Amar Kumar Singh | H162: 43.804424 | I162: 4.0811881 | J162: Raju Mahto | K162: Completed
A163: =A162+1 -> 159 | B163: 3 | C163: 6/9 | D163: DA+6 | E163: 45892 | F163: 45902 | G163: Pritam Enterprises-2 | H163: 43.804424 | I163: 4.0811881 | J163: Sanjay Kumar | K163: Completed
A164: =A163+1 -> 160 | B164: 4 | C164: 2A/2 | D164: DA+3 | E164: 45897 | F164: 45902 | G164: Pritam Enterprises-3 | H164: 37.931088 | I164: 3.5339788 | J164: Nishit Mondal | K164: Completed
A165: =A164+1 -> 161 | B165: 5 | C165: 43/3 | D165: DA-1.5 | E165: 45892 | F165: 45902 | G165: Fouzi Ratto | H165: 35.601762 | I165: 3.3169592 | J165: Manirul | K165: Completed
A166: =A165+1 -> 162 | B166: 6 | C166: 31/5 | D166: DA+6 | E166: 45892 | F166: 45903 | G166: SK Samiul -1 | H166: 43.804424 | I166: 4.0811881 | J166: Khooblal Mahto | K166: Completed
A167: =A166+1 -> 163 | B167: 7 | C167: 31/9 | D167: DA+1.5 | E167: 45892 | F167: 45903 | G167: Amit Kumar Singh | H167: 37.138324 | I167: 3.4601182 | J167: Suraj Kumar | K167: Completed
... A209: =A208+1 -> 205 | B209: 49 | C209: 4A/0 | D209: DB1+3 | E209: 45913 | F209: 45924 | G209: Jwala Singh-1 | H209: 57.963171 | I209: 5.4003359 | J209: Kamal Ravidas | K209: Completed
A210: =A209+1 -> 206 | B210: 50 | C210: 30/0 | D210: DB1+0 | E210: 45911 | F210: 45925 | G210: Punam Kumari-4 | H210: 55.450851 | I210: 5.1662671 | J210: Manoj Gupta | K210: Completed | L210: Mithilesh
A211: =A210+1 -> 207 | B211: 51 | C211: 5/1 | D211: DA+6 | E211: 45913 | F211: 45925 | G211: Jwala Singh-2 | H211: 43.804424 | I211: 4.0811881 | J211: Rudra Prasad | K211: Completed
A212: =A211+1 -> 208 | B212: 52 | C212: 4A/1 | D212: DA+6 | E212: 45918 | F212: 45925 | G212: Govind Mahto-1 | H212: 43.804424 | I212: 4.0811881 | J212: Rahul Ravidas | K212: Completed
A213: =A212+1 -> 209 | B213: 53 | C213: 20/1 | D213: DA-3 | E213: 45919 | F213: 45925 | G213: Punam Kumari-1 | H213: 34.78981 | I213: 3.2413109 | J213: Manoj Kumar Gupta | K213: Completed
A214: =A213+1 -> 210 | B214: 54 | C214: 18/2 | D214: DA+1.5 | E214: 45921 | F214: 45925 | G214: Punam Kumari-2 | H214: 37.138324 | I214: 3.4601182 | J214: Narayan Mahto | K214: Completed
A215: =A214+1 -> 211 | B215: 55 | C215: 12/0 | D215: DB1+9 | E215: 45911 | F215: 45926 | G215: Bhairaw Mahto | H215: 66.780901 | I215: 6.2218697 | J215: Bhupendra choudhary | K215: Completed
A216: =A215+1 -> 212 | B216: 56 | C216: 3A/3 | D216: DA+0 | E216: 45920 | F216: 45927 | G216: Pritam Enterprises-1 | H216: 36.159756 | I216: 3.3689466 | J216: Sanjay Kumar | K216: Completed | L216: Sintu
A217: =A216+1 -> 213 | B217: 57 | C217: 43/7 | D217: DA+0 | E217: 45924 | F217: 45928 | G217: Ved Prakash | H217: 36.159756 | I217: 3.3689466 | J217: Khooblal Mahto | K217: Completed
A218: =A217+1 -> 214 | B218: 58 | C218: 44/0 | D218: DB1+6 | E218: 45920 | F218: 45929 | G218: Fouzi Ratto | H218: 65.027779 | I218: 6.0585341 | J218: Manoj Kumar Choudhary | K218: Completed
A219: =A218+1 -> 215 | B219: 59 | C219: 40/11 | D219: DA+9 | E219: 45921 | F219: 45929 | G219: Kartik Mahto | H219: 45.697022 | I219: 4.2575184 | J219: Susheel Kumar | K219: Completed
A220: =A219+1 -> 216 | B220: 60 | C220: 5/0 | D220: DB1+6 | E220: 45919 | F220: 45930 | G220: Govind Mahto-2 | H220: 65.027779 | I220: 6.0585341 | J220: Aman Singh | K220: Completed
A221: =A220+1 -> 217 | B221: 61 | C221: 20/2 | D221: DA-3 | E221: 45926 | F221: 45930 | G221: Punam Kumari-1 | H221: 34.78981 | I221: 3.2413109 | J221: Rahul Ravidas | K221: Completed
A222: =A221+1 -> 218 | B222: 62 | C222: 18/3 | D222: DA+6 | E222: 45926 | F222: 45930 | G222: Punam Kumari-2 | H222: 43.804424 | I222: 4.0811881 | J222: Najirul | K222: Completed
A223: =A222+1 -> 219 | B223: 63 | C223: 2A/6 | D223: DA+6 | E223: 45924 | F223: 45930 | G223: Pritam Enterprises-3 | H223: 43.804424 | I223: 4.0811881 | J223: Narayan Mahto | K223: Completed
A224: =A223+1 -> 220 | B224: 64 | C224: 5/3 | D224: DA+9 | E224: 45909 | F224: 45930 | G224: Pritam Enterprises-4 | H224: 45.697022 | I224: 4.2575184 | J224: Sanjay Kumar | K224: Completed
A225: =A224+1 -> 221 | B225: 65 | C225: 5/2 | D225: DA+9 | E225: 45926 | F225: 45930 | G225: Jwala Singh-2 | H225: 45.697022 | I225: 4.2575184 | J225: Rudra Prasad | K225: Completed
...

Sheet Stringing Compiled
A1: Number of TSE | D1: 37
A2: Number of Manual | D2: 23
A3: S.no | B3: From AP | C3: To AP | D3: Span (M) | E3: Method | F3: No. of Locations for end twr) | G3: Section Readiness | H3: P/O Starting Date | I3: P/O Completion Date | J3: P/O | K3: F/S Starting Date | L3: F/S/ Completion Date | M3: Length | N3: Status | O3: Gang Name | P3: Hindrance | Q3: Remarks
A4: 1 | B4: 34/0 | C4: 35/0 | D4: 4898.588 | E4: TSE | F4: 13 | G4: Ready | H4: 45709 | I4: 45714 | J4: =D4 -> 4898.588 | K4: =I4+1 -> 45715 | L4: 45720 | M4: =D4 -> 4898.588 | N4: Completed | O4: SK Infratech
A5: =A4+1 -> 2 | B5: 37A/0 | C5: 38/0 | D5: 2583.589 | E5: TSE | F5: 7 | G5: Ready | H5: 45733 | I5: 45736 | J5: =D5 -> 2583.589 | K5: =I5+1 -> 45737 | L5: 45763 | M5: =D5 -> 2583.589 | N5: Completed | O5: SK Infratech
A6: =A5+1 -> 3 | B6: 38/0 | C6: 39/0 | D6: 4163.677 | E6: TSE | F6: 11 | G6: Ready | H6: 45745 | I6: 45752 | J6: =D6 -> 4163.677 | K6: =I6+1 -> 45753 | L6: 45763 | M6: =D6 -> 4163.677 | N6: Completed | O6: SK Infratech
A7: =A6+1 -> 4 | B7: =C6 -> 39/0 | C7: 40/0 | D7: 4716.811 | E7: TSE | F7: 12 | G7: Ready | H7: 45772 | I7: 45776 | J7: =D7 -> 4716.811 | K7: =I7+1 -> 45777 | L7: 45777 | M7: =D7 -> 4716.811 | N7: Completed | O7: SK Infratech
A8: =A7+1 -> 5 | B8: 7/0 | C8: 7A/0 | D8: 2699.284 | E8: TSE | F8: 7 | G8: Ready | H8: 45896 | I8: 45904 | J8: =D8 -> 2699.284 | K8: =I8+1 -> 45905 | L8: 45918 | M8: =D8 -> 2699.284 | N8: Completed | O8: Rahim Khan
A9: =A8+1 -> 6 | B9: =C8 -> 7A/0 | C9: 8/0 | D9: 2434.77 | E9: TSE | F9: 6 | G9: Ready | H9: 45912 | I9: 45916 | J9: =D9 -> 2434.77 | K9: =I9+1 -> 45917 | L9: 45925 | M9: =D9 -> 2434.77 | N9: Completed | O9: Rahim Khan
A10: =A9+1 -> 7 | B10: =C9 -> 8/0 | C10: 8A/0 | D10: 4455 | E10: TSE | F10: 12 | G10: Ready | H10: 45935 | I10: 45945 | J10: =D10 -> 4455 | K10: =I10+1 -> 45946 | L10: 45952 | M10: =D10 -> 4455 | N10: Completed | O10: Rahim Khan
A11: =A10+1 -> 8 | B11: =C10 -> 8A/0 | C11: 9/0 | D11: 466.629 | E11: Manual | F11: 1 | G11: Ready | H11: 45933 | I11: 45935 | J11: =D11 -> 466.629 | K11: =I11+1 -> 45936 | L11: 45957 | M11: =D11 -> 466.629 | N11: Completed | O11: Rahim Khan
A12: =A11+1 -> 9 | B12: 5/0 | C12: 5A/0 | D12: 4418.389 | E12: TSE | F12: 11 | G12: Ready | J12: =D12 -> 4418.389 | N12: WIP | Q12: Insulator Hoisting wip - 5/10
A13: =A12+1 -> 10 | B13: 5A/0 | C13: 6/0 | D13: 419.48 | E13: Manual | F13: 1 | G13: Ready | H13: 45966 | I13: 45970 | J13: =D13 -> 419.48 | N13: WIP | O13: Rahim Khan | Q13: Rough sag completed
A14: =A13+1 -> 11 | B14: 6/0 | C14: 7/0 | D14: 4901.236 | E14: TSE | F14: 13 | G14: Ready | H14: 45980 | I14: 45984 | J14: =D14 -> 4901.236 | K14: 45985 | N14: WIP | O14: Rahim Khan | Q14: All phase Conductor paying out & Rough sag completed
A15: =A14+1 -> 12 | B15: 32/0 | C15: 32A/0 | D15: 3283.51 | E15: TSE | F15: 8 | G15: Ready | J15: =D15 -> 3283.51 | N15: WIP | O15: Tanjira Bibi | Q15: Loc NO Insulator Hoisting pending 32/0,32/1,32/2
A16: =A15+1 -> 13 | B16: 32A/0 | C16: 33/0 | D16: 840.439 | E16: TSE | F16: 2 | G16: Ready | J16: =D16 -> 840.439 | N16: WIP | O16: Tanjira Bibi | Q16: Loc no 32A/1 Insulator hoisting pending due to ROW
A17: =A16+1 -> 14 | B17: 33/0 | C17: 34/0 | D17: 4049.764 | E17: TSE | F17: 10 | G17: Ready | J17: =D17 -> 4049.764 | N17: WIP | O17: Tanjira Bibi | Q17: Loc no 33/5 Insulator hoisting pending ROW
A18: =A17+1 -> 15 | B18: GY | C18: 1/0 | D18: 150.014 | E18: Manual | F18: 1 | G18: Not Ready | J18: =D18 -> 150.014
A19: =A18+1 -> 16 | B19: 1/0 | C19: 2A/0 | D19: 290.21 | E19: Manual | F19: 1 | G19: Not Ready | J19: =D19 -> 290.21
A20: =A19+1 -> 17 | B20: 2A/0 | C20: 3A/0 | D20: 2836.992 | E20: TSE | F20: 7 | G20: Ready | J20: =D20 -> 2836.992
A21: =A20+1 -> 18 | B21: 3A/0 | C21: 3B/0 | D21: 2691.467 | E21: TSE | F21: 7 | G21: Ready | J21: =D21 -> 2691.467
A22: =A21+1 -> 19 | B22: 3B/0 | C22: 4/0 | D22: 1627.07 | E22: TSE | F22: 4 | G22: Ready | J22: =D22 -> 1627.07
A23: =A22+1 -> 20 | B23: 4/0 | C23: 4A/0 | D23: 709.163 | E23: TSE | F23: 2 | G23: Ready | J23: =D23 -> 709.163
A24: =A23+1 -> 21 | B24: 4A/0 | C24: 5/0 | D24: 2681.611 | E24: TSE | F24: 7 | G24: Ready | J24: =D24 -> 2681.611
A25: =A24+1 -> 22 | B25: 9/0 | C25: 10/0 | D25: 4964.92 | E25: TSE | F25: 12 | G25: Not Ready | J25: =D25 -> 4964.92
A26: =A25+1 -> 23 | B26: 10/0 | C26: 11/0 | D26: 1004.183 | E26: TSE | F26: 3 | G26: Not Ready | J26: =D26 -> 1004.183
A27: =A26+1 -> 24 | B27: 11/0 | C27: 12/0 | D27: 242.893 | E27: Manual | F27: 1 | G27: Not Ready | J27: =D27 -> 242.893
A28: =A27+1 -> 25 | B28: 12/0 | C28: 13/0 | D28: 329.728 | E28: Manual | F28: 1 | G28: Not Ready | J28: =D28 -> 329.728
A29: =A28+1 -> 26 | B29: 13/0 | C29: 13A/0 | D29: 416.878 | E29: Manual | F29: 1 | G29: Not Ready | J29: =D29 -> 416.878
... A58: =A57+1 -> 55 | B58: 42/0 | C58: 42/3 | D58: 1258.998 | E58: TSE | F58: 3 | G58: Ready | J58: =D58 -> 1258.998
A59: =A58+1 -> 56 | B59: =C58 -> 42/3 | C59: 43/0 | D59: 424.891 | E59: Manual | F59: 1 | G59: Not Ready | J59: =D59 -> 424.891
A60: =A59+1 -> 57 | B60: =C59 -> 43/0 | C60: 43/5 | D60: 1851.866 | E60: TSE | F60: 5 | G60: Not Ready | J60: =D60 -> 1851.866
A61: =A60+1 -> 58 | B61: =C60 -> 43/5 | C61: 44/0 | D61: 1584.546 | E61: TSE | F61: 4 | G61: Not Ready | J61: =D61 -> 1584.546
A62: =A61+1 -> 59 | B62: =C61 -> 44/0 | C62: 45/0 | D62: 2383.155 | E62: TSE | F62: 6 | G62: Ready | J62: =D62 -> 2383.155
A63: =A62+1 -> 60 | B63: =C62 -> 45/0 | C63: 46/0 | D63: 208.53 | E63: Manual | F63: 1 | G63: Ready | J63: =D63 -> 208.53
D64: =SUM(D4:D63) -> 117850.83 | F64: =SUM(F4:F63) -> 306

Sheet Project Details
A1: Project Code | B1: Project Name | C1: Client Name | D1: NOA Start Date | E1: LOA End Date | F1: Planning Engineer | G1: PCH | H1: Regional Manager | I1: Project Manger | J1: Section Incharge | K1: Engineer/Supervisor
A2: TA 413 | B2: 765kv D/C Bikaner II to Neemrana II TL-02 | C2: PGCIL | D2: 45363 | E2: 46002 | F2: Mr. Santosh Mishra | G2: Mr. Sanjay Gupta | H2: Mr. Tushar Grover | I2: Mr. Anil Kumar Sharma | J2: Surendra Kumar Patel | K2: Rudra Prasad
J3: Kartik Jhorar | K3: Aman Kumar Singh
J4: Shuvam Gupta | K4: Manoj Gupta
J5: Govind Bhardwaj | K5: Raju Mahto
K6: Khublal Mahto
K7: Sushil Kumar
K8: Haridashn
K9: Manoj Kumar chaudhary
K10: Nabirul Islam
K11: Sanjay Kumar
K12: Rahul Ravidas
K13: Narayan Mahto
K14: Kamal Ravidas
K15: Manirul Islam
K16: Tarique Anwar
K17: Raju Prasad
K18: Abhay Ojha

Sheet Location Summary
A1: Over all Tower Location details
A2: S. No. | B2: No of | C2: Location | D2: Type of | F2: RC | H2: Span | I2: Cumm. | J2: DS Status as on | K2: =COUNTIFS(K4:K616,K140) -> 306 | L2: =COUNTIFS(L4:L616,L140) -> 298 | M2: =COUNTIFS(M4:M617,M322) -> 270 | N2: =COUNTIFS(N4:N602,N322) -> 107 | O2: =SUBTOTAL(3,O4:O604) -> 26 | P2: Remarks
B3: AP | C3: Tower No. | D3: Tower | H3: Length (m) | I3: Span (km) | J3: 45962 | K3: Foundation | L3: Earthing | M3: Tower Erection | N3: Tack welding | O3: SPT
A4: 0 | C4: Gantry | D4: Gantry | I4: 0
G5: =C4 -> Gantry | H5: 150.014
A6: =SUBTOTAL(103,$C$4:C8) -> 3 | B6: AP-1 | C6: 1/0 | D6: DD60+0 | E6: T | I6: =ROUND(H5/1000,4) -> 0.15 | J6: Approved | K6: Completed | L6: Completed | M6: Completed
G7: =C6 -> 1/0 | H7: 290.21
A8: =SUBTOTAL(103,$C$6:C8) -> 2 | B8: AP-2A | C8: 2A/0 | D8: DD45+0 | E8: T | I8: =ROUND(H7/1000,4)+I6 -> 0.4402 | J8: Approved | K8: Completed | L8: Completed
G9: =C8 -> 2A/0 | H9: 378
A10: =SUBTOTAL(103,$C$5:C11) -> 3 | B10: AP-3 | C10: 2A/1 | D10: DA+0 | I10: =ROUND(H9/1000,4)+I8 -> 0.8182 | J10: Approved | K10: Completed | L10: Completed | M10: Completed
G11: =C10 -> 2A/1 | H11: 381
A12: =SUBTOTAL(103,$C$6:C12) -> 4 | C12: 2A/2 | D12: DA+3 | I12: =ROUND(H11/1000,4)+I10 -> 1.1992 | J12: Approved | K12: Completed | L12: Completed | M12: Completed
G13: =C12 -> 2A/2 | H13: 419
A14: =SUBTOTAL(103,$C$6:C14) -> 5 | C14: 2A/3 | D14: DA+3 | I14: =ROUND(H13/1000,4)+I12 -> 1.6182 | J14: Approved | K14: Completed | L14: Completed | M14: Completed
G15: =C14 -> 2A/3 | H15: 422
A16: =SUBTOTAL(103,$C$6:C16) -> 6 | C16: 2A/4 | D16: DA+3 | I16: =ROUND(H15/1000,4)+I14 -> 2.0402 | J16: Approved | K16: Completed | L16: Completed | M16: Completed
G17: =C16 -> 2A/4 | H17: 399
A18: =SUBTOTAL(103,$C$6:C18) -> 7 | C18: 2A/5 | D18: DA+3 | I18: =ROUND(H17/1000,4)+I16 -> 2.4392 | J18: Approved | K18: Completed | L18: Completed | M18: Completed
G19: =C18 -> 2A/5 | H19: 423
A20: =SUBTOTAL(103,$C$6:C20) -> 8 | C20: 2A/6 | D20: DA+6 | I20: =ROUND(H19/1000,4)+I18 -> 2.8622 | J20: Approved | K20: Completed | L20: Completed | M20: Completed
G21: =C20 -> 2A/6 | H21: 414.992
A22: =SUBTOTAL(103,$C$6:C22) -> 9 | C22: 3A/0 | D22: DD45+3 | E22: T | I22: =ROUND(H21/1000,4)+I20 -> 3.2772 | J22: Approved | K22: Completed | L22: Completed | M22: Completed
G23: =C22 -> 3A/0 | H23: 409
A24: =SUBTOTAL(103,$C$6:C24) -> 10 | C24: 3A/1 | D24: DA+3 | I24: =ROUND(H23/1000,4)+I22 -> 3.6862 | J24: Approved | K24: Completed | L24: Completed | M24: Completed
G25: =C24 -> 3A/1 | H25: 402
A26: =SUBTOTAL(103,$C$6:C26) -> 11 | C26: 3A/2 | D26: DA+3 | I26: =ROUND(H25/1000,4)+I24 -> 4.0882 | J26: Approved | K26: Completed | L26: Completed | M26: Completed
G27: =C26 -> 3A/2 | H27: 409
A28: =SUBTOTAL(103,$C$6:C28) -> 12 | C28: 3A/3 | D28: DA+0 | I28: =ROUND(H27/1000,4)+I26 -> 4.4972 | J28: Approved | K28: Completed | L28: Completed | M28: Completed | O28: Completed | U28: =280-6 -> 274
G29: =C28 -> 3A/3 | H29: 337
A30: =SUBTOTAL(103,$C$6:C30) -> 13 | C30: 3A/4 | D30: DA+0 | I30: =ROUND(H29/1000,4)+I28 -> 4.8342 | J30: Approved | K30: Completed | L30: Completed | M30: Completed
G31: =C30 -> 3A/4 | H31: 365
A32: =SUBTOTAL(103,$C$6:C32) -> 14 | C32: 3A/5 | D32: DA+3 | I32: =ROUND(H31/1000,4)+I30 -> 5.1992 | J32: Approved | K32: Completed | L32: Completed | M32: Completed
G33: =C32 -> 3A/5 | H33: 378
A34: =SUBTOTAL(103,$C$6:C34) -> 15 | B34: AP-4 | C34: 3A/6 | D34: DA+0 | I34: =ROUND(H33/1000,4)+I32 -> 5.5772 | J34: Approved | K34: Completed | L34: Completed | M34: Completed
G35: =C34 -> 3A/6 | H35: 391.467
A36: =SUBTOTAL(103,$C$6:C36) -> 16 | C36: 3B/0 | D36: DB1+9 | I36: =ROUND(H35/1000,4)+I34 -> 5.9687 | J36: Approved | K36: Completed | L36: Completed | M36: Completed
G37: =C36 -> 3B/0 | H37: 356
A38: =SUBTOTAL(103,$C$6:C38) -> 17 | C38: 3B/1 | D38: DA+3 | I38: =ROUND(H37/1000,4)+I36 -> 6.3247 | J38: Approved | K38: Completed | L38: Completed | M38: Completed
G39: =C38 -> 3B/1 | H39: 439
A40: =SUBTOTAL(103,$C$6:C40) -> 18 | C40: 3B/2 | D40: DA+9 | I40: =ROUND(H39/1000,4)+I38 -> 6.7637 | J40: Approved | K40: Completed | L40: Completed | M40: Completed
G41: =C40 -> 3B/2 | H41: 377
A42: =SUBTOTAL(103,$C$6:C42) -> 19 | C42: 3B/3 | D42: DA+6 | I42: =ROUND(H41/1000,4)+I40 -> 7.1407 | J42: Approved | K42: Completed | L42: Completed | M42: Completed
G43: =C42 -> 3B/3 | H43: 455.07 | U43: =306-267 -> 39
A44: =SUBTOTAL(103,$C$6:C44) -> 20 | C44: 4/0 | D44: DB2+9 | I44: =ROUND(H43/1000,4)+I42 -> 7.5958 | J44: Approved | K44: Completed | L44: Completed | M44: Completed
G45: =C44 -> 4/0 | H45: 344.163
A46: =SUBTOTAL(103,$C$6:C46) -> 21 | C46: 4/5 | D46: DA+6 | I46: =ROUND(H45/1000,4)+I44 -> 7.94 | J46: Approved | K46: Completed | L46: Completed | M46: Completed | P46: NO CHANGE S
G47: =C46 -> 4/5 | H47: 365
A48: =SUBTOTAL(103,$C$6:C48) -> 22 | B48: AP- 4A/0 | C48: 4A/0 | D48: DB1+3 | I48: =ROUND(H47/1000,4)+I46 -> 8.305 | J48: Approved | K48: Completed | L48: Completed | M48: Completed
G49: =C48 -> 4A/0 | H49: 340
A50: =SUBTOTAL(103,$C$6:C50) -> 23 | C50: 4A/1 | D50: DA+6 | I50: =ROUND(H49/1000,4)+I48 -> 8.645 | J50: Approved | K50: Completed | L50: Completed | M50: Completed
G51: =C50 -> 4A/1 | H51: 419.999
A52: =SUBTOTAL(103,$C$6:C52) -> 24 | C52: 4A/2 | D52: DA+6 | I52: =ROUND(H51/1000,4)+I50 -> 9.065 | J52: Approved | K52: Completed | L52: Completed | M52: Completed
G53: =C52 -> 4A/2 | H53: 415
A54: =SUBTOTAL(103,$C$6:C54) -> 25 | C54: 4A/3 | D54: DA+9 | I54: =ROUND(H53/1000,4)+I52 -> 9.48 | J54: Approved | K54: Completed | L54: Completed | M54: Completed
G55: =C54 -> 4A/3 | H55: 365
A56: =SUBTOTAL(103,$C$6:C56) -> 26 | C56: 4A/4 | D56: DA+6 | I56: =ROUND(H55/1000,4)+I54 -> 9.845 | J56: Approved | K56: Completed | L56: Completed | M56: Completed
G57: =C56 -> 4A/4 | H57: 330
A58: =SUBTOTAL(103,$C$6:C58) -> 27 | C58: 4A/5 | D58: DA+9 | I58: =ROUND(H57/1000,4)+I56 -> 10.175 | J58: Approved | K58: Completed | L58: Completed | M58: Completed
G59: =C58 -> 4A/5 | H59: 457
A60: =SUBTOTAL(103,$C$6:C60) -> 28 | C60: 4A/6 | D60: DA+9 | I60: =ROUND(H59/1000,4)+I58 -> 10.632 | J60: Approved | K60: Completed | L60: Completed | M60: Completed
G61: =C60 -> 4A/6 | H61: 354.612
A62: =SUBTOTAL(103,$C$6:C62) -> 29 | B62: AP5 | C62: 5/0 | D62: DB1+6 | I62: =ROUND(H61/1000,4)+I60 -> 10.9866 | J62: Approved | K62: Completed | L62: Completed | M62: Completed | O62: Completed
G63: =C62 -> 5/0 | H63: 428.389
A64: =SUBTOTAL(103,$C$6:C64) -> 30 | C64: 5/1 | D64: DA+6 | I64: =ROUND(H63/1000,4)+I62 -> 11.415 | J64: Approved | K64: Completed | L64: Completed | M64: Completed
G65: =C64 -> 5/1 | H65: 340
A66: =SUBTOTAL(103,$C$6:C66) -> 31 | C66: 5/2 | D66: DA+9 | I66: =ROUND(H65/1000,4)+I64 -> 11.755 | J66: Approved | K66: Completed | L66: Completed | M66: Completed
G67: =C66 -> 5/2 | H67: 375
A68: =SUBTOTAL(103,$C$6:C68) -> 32 | C68: 5/3 | D68: DA+9 | I68: =ROUND(H67/1000,4)+I66 -> 12.13 | J68: Approved | K68: Completed | L68: Completed | M68: Completed
G69: =C68 -> 5/3 | H69: 365
A70: =SUBTOTAL(103,$C$6:C70) -> 33 | C70: 5/4 | D70: DA-1.5 | I70: =ROUND(H69/1000,4)+I68 -> 12.495 | J70: Approved | K70: Completed | L70: Completed | M70: Completed
G71: =C70 -> 5/4 | H71: 460
A72: =SUBTOTAL(103,$C$6:C72) -> 34 | C72: 5/5 | D72: DA+6 | I72: =ROUND(H71/1000,4)+I70 -> 12.955 | J72: Approved | K72: Completed | L72: Completed | M72: Completed
G73: =C72 -> 5/5 | H73: 380
A74: =SUBTOTAL(103,$C$6:C74) -> 35 | C74: 5/6 | D74: DA+3 | I74: =ROUND(H73/1000,4)+I72 -> 13.335 | J74: Approved | K74: Completed | L74: Completed | M74: Completed
G75: =C74 -> 5/6 | H75: 410
A76: =SUBTOTAL(103,$C$6:C76) -> 36 | C76: 5/7 | D76: DA+9 | I76: =ROUND(H75/1000,4)+I74 -> 13.745 | J76: Approved | K76: Completed | L76: Completed | M76: Completed
G77: =C76 -> 5/7 | H77: 400
A78: =SUBTOTAL(103,$C$6:C78) -> 37 | C78: 5/8 | D78: DA+6 | I78: =ROUND(H77/1000,4)+I76 -> 14.145 | J78: Approved | K78: Completed | L78: Completed | M78: Completed
G79: =C78 -> 5/8 | H79: 420
A80: =SUBTOTAL(103,$C$6:C80) -> 38 | C80: 5/9 | D80: DA+6 | I80: =ROUND(H79/1000,4)+I78 -> 14.565 | J80: Approved | K80: Completed | L80: Completed | M80: Completed
G81: =C80 -> 5/9 | H81: 345
A82: =SUBTOTAL(103,$C$6:C82) -> 39 | C82: 5/10 | D82: DA+9 | I82: =ROUND(H81/1000,4)+I80 -> 14.91 | J82: Approved | K82: Completed | L82: Completed | M82: Completed
G83: =C82 -> 5/10 | H83: 495
A84: =SUBTOTAL(103,$C$6:C84) -> 40 | B84: AP-5A | C84: 5A/0 | D84: DB1+12 | I84: =ROUND(H83/1000,4)+I82 -> 15.405 | J84: Approved | K84: Completed | L84: Completed | M84: Completed
G85: =C84 -> 5A/0 | H85: 419.48
A86: =SUBTOTAL(103,$C$6:C86) -> 41 | B86: AP-6 | C86: 6/0 | D86: DB1+9 | I86: =ROUND(H85/1000,4)+I84 -> 15.8245 | J86: Approved | K86: Completed | L86: Completed | M86: Completed | N86: Completed
G87: =C86 -> 6/0 | H87: 350.52
A88: =SUBTOTAL(103,$C$6:C88) -> 42 | C88: 6/1 | D88: DA+9 | I88: =ROUND(H87/1000,4)+I86 -> 16.175 | J88: Approved | K88: Completed | L88: Completed | M88: Completed | N88: Completed
G89: =C88 -> 6/1 | H89: 445
A90: =SUBTOTAL(103,$C$6:C90) -> 43 | C90: 6/2 | D90: DA+6 | I90: =ROUND(H89/1000,4)+I88 -> 16.62 | J90: Approved | K90: Completed | L90: Completed | M90: Completed | N90: Completed
G91: =C90 -> 6/2 | H91: 390
A92: =SUBTOTAL(103,$C$6:C92) -> 44 | C92: 6/3 | D92: DA+3 | I92: =ROUND(H91/1000,4)+I90 -> 17.01 | J92: Approved | K92: Completed | L92: Completed | M92: Completed | N92: Completed
G93: =C92 -> 6/3 | H93: 350
A94: =SUBTOTAL(103,$C$6:C94) -> 45 | C94: 6/4 | D94: DA+9 | I94: =ROUND(H93/1000,4)+I92 -> 17.36 | J94: Approved | K94: Completed | L94: Completed | M94: Completed | N94: Completed
G95: =C94 -> 6/4 | H95: 490
A96: =SUBTOTAL(103,$C$6:C96) -> 46 | C96: 6/5 | D96: DA+9 | I96: =ROUND(H95/1000,4)+I94 -> 17.85 | J96: Approved | K96: Completed | L96: Completed | M96: Completed
G97: =C96 -> 6/5 | H97: 350
A98: =SUBTOTAL(103,$C$6:C98) -> 47 | C98: 6/6 | D98: DA-3 | I98: =ROUND(H97/1000,4)+I96 -> 18.2 | J98: Approved | K98: Completed | L98: Completed | M98: Completed
G99: =C98 -> 6/6 | H99: 347
A100: =SUBTOTAL(103,$C$6:C100) -> 48 | C100: 6/7 | D100: DA+1.5 | I100: =ROUND(H99/1000,4)+I98 -> 18.547 | J100: Approved | K100: Completed | L100: Completed | M100: Completed
...
