Workbook
Name \A: #REF!
Name \A: #REF!
Name \A: #REF!
Name \aa: #REF!
Name \aa: #REF!
Name \aa: #REF!
Name \B: #REF!
Name \B: #REF!
Name \B: #REF!
Name \C: #REF!
Name \C: #REF!
Name \C: #REF!
Name \DFC: #REF!
Name \DFC: #REF!
Name \DFC: #REF!
Name \E: #REF!
Name \E: #REF!
Name \E: #REF!
Name \H: #REF!
Name \H: #REF!
Name \H: #REF!
Name \jmns: #REF!
Name \jmns: #REF!
Name \jmns: #REF!
Name \L: #REF!
Name \L: #REF!
Name \L: #REF!
Name \LK: #REF!
Name \LK: #REF!
Name \LK: #REF!
Name \LKM: #REF!
Name \LKM: #REF!
Name \LKM: #REF!
Name \M: #REF!
Name \M: #REF!
Name \M: #REF!
Name \N: #REF!
Name \N: #REF!
Name \N: #REF!
Name \P: #REF!
Name \P: #REF!
Name \P: #REF!
Name \Q: #REF!
Name \Q: #REF!
Name \Q: #REF!
Name \R: #REF!
Name \R: #REF!
Name \R: #REF!
Name \S: #REF!
Name \S: #REF!
Name \S: #REF!
Name \Sv: #REF!
Name \Sv: #REF!
Name \Sv: #REF!
Name \U: #REF!
Name \U: #REF!
Name \U: #REF!
Name \V: #REF!
Name \V: #REF!
Name \V: #REF!

Sheet 765KV TA 414 VNTL
B1: Project Code | C1: TA 414 | D1: Date | F1: =TODAY()-1 -> 46201 | H1: President-T&D | I1: Mr. Ganesh Srinivasan
B2: Project Name | C2: 765KV D/C HEXA VATAMAN - NAVSARI TL (PKG 04) | F2: NOA Start Date | G2: 45363 | H2: PCH | I2: Mr. Arun Felbin
B3: Client Name | C3: Powergrid Vataman Transmission Ltd | F3: LOA End Date | G3: 46002 | H3: Regional Manager | I3: Mr. Nitin Bandale
B4: Revised End Date | C4: 46153 | F4: Planning Engineer | G4: Nishant Giri | H4: Project Manger | I4: Mr. Vivek Kumar Gupta
A5: \
A6: Check Survey
A7: Activity | B7: Unit | C7: Final Est. Qty | D7: L2 till Last Month | E7: Submitted till Last Month | F7: Approved till Last Month | G7: Balance to Submit | H7: Balance to Approve | I7: L2 Submission Plan for Current Month | J7: Progress For Month | K7: Approved till Current Month | L7: Remarks
A8: Rout Alignment | B8: km | C8: 127.854 | D8: =C8 -> 127.854 | E8: =D8 -> 127.854 | F8: =E8 -> 127.854 | K8: =F8+J8 -> 127.854 | L8: Completed
A9: Detailed Survey | B9: km | C9: =C8 -> 127.854 | D9: =C9 -> 127.854 | E9: =D9 -> 127.854 | F9: =E9 -> 127.854 | K9: =E9+J9 -> 127.854 | L9: Completed
A10: Check Survey | B10: km | C10: =C9 -> 127.854 | D10: =C10 -> 127.854 | E10: =D10 -> 127.854 | F10: =E10 -> 127.854 | K10: =E10+J10 -> 127.854 | L10: Completed
A12: Progress Status
A13: Activity | B13: Final Estimated Quantity | C13: Cumulative L2 till Last Month (Jan'26) | D13: Cumulative Progress till Last Month(Feb'26) | E13: L2 for present Month | F13: Plan for the Month | G13: Today's Progress | H13: Progress till Date for the Month | I13: L2 till Current Month | J13: Completed till Date | K13: Balance Work | L13: Under Progress | M13: Gangs at Present | N13: Remarks
A14: Soil Investigation | B14: 28 | D14: =C14 -> 0 | E14: 0 | F14: 0 | I14: =C14+E14 -> 0 | J14: 28 | K14: =B14-J14 -> 0 | N14: Completed.
A15: Foundation | B15: 351 | D15: 266 | E15: 0 | F15: 45 | G15: ='AOTL - KEC'!G11 -> 0 | H15: ='AOTL - KEC'!H11 -> 0 | I15: =C15+E15 -> 0 | J15: =D15+H15 -> 266 | K15: =B15-J15 -> 85 | L15: ='AOTL - KEC'!K11 -> 0 | M15: ='AOTL - KEC'!L11 -> 0
A16: Earthing | B16: 351 | D16: 236 | E16: 0 | F16: 45 | G16: ='AOTL - KEC'!G13 | H16: ='AOTL - KEC'!H13 -> 7 | I16: =C16+E16 -> 0 | J16: =D16+H16 -> 243 | K16: =B16-J16 -> 108
A17: Tower Erection | B17: 351 | D17: 123 | E17: 0 | F17: 100 | G17: ='AOTL - KEC'!G14 | H17: ='AOTL - KEC'!H14 -> 5 | I17: =C17+E17 -> 0 | J17: =D17+H17 -> 128 | K17: =B17-J17 -> 223 | L17: ='AOTL - KEC'!K14 | M17: ='AOTL - KEC'!L14 -> 1
A18: Tack welding | B18: 351 | D18: 35 | E18: 0 | F18: 45 | G18: 1 | H18: ='AOTL - KEC'!H15 -> 0 | I18: =C18+E18 -> 0 | J18: =D18+H18 -> 35 | K18: =B18-J18 -> 316 | L18: 2 | M18: 2
A19: Stringing(Km) | B19: 127.854 | E19: 0 | F19: 8.724 | I19: =C19+E19 -> 0 | J19: =D19+H19 -> 0 | K19: =B19-J19 -> 127.854

Sheet 765KV ASOTL
B1: Project Code | C1: TA 510 | F1: Date | G1: 46202 | H1: President-T&D | I1: Mr. Ganesh Srinivasan
B2: Project Name | C2: 765KV D/C Ahmedabad to South Olpad TL-04 | F2: NOA Start Date | G2: 45622 | H2: PCH | I2: Mr. Arun Felbin
B3: Client Name | C3: PGKTL | F3: LOA End Date | G3: 46320 | H3: Regional Manager | I3: Mr. Nitin Bendale
B4: Revised End Date | F4: Planning Engineer | G4: Mr.Jayant Vaishnav | H4: Project Manger | I4: Mr. Subash .S
A6: Survey
A7: Activity | B7: Unit | C7: Final Est. Qty | D7: L2 till Last Month | E7: Submitted till Last Month | F7: Approved till Last Month | G7: Balance to Submit | H7: Balance to Approve | I7: L2 Submission Plan for Current Month | J7: Progress For Month | K7: Approved till Current Month | L7: Remarks
A8: Rout Alignment | B8: Km | C8: 114.516 | D8: 114.516 | E8: 114.516 | F8: 114.516 | G8: =C8-E8 -> 0 | H8: =E8-K8 -> 0 | I8: =C8-E8 -> 0 | J8: 0 | K8: =F8+J8 -> 114.516 | L8: Completed
A9: Detailed Survey | B9: Km | C9: 114.516 | D9: 114.516 | E9: ='Survey Anx'!E39 -> 114.38448 | F9: ='Survey Anx'!F39 -> 107.971 | G9: =D9-E9 -> 0.13152 | H9: =D9-F9 -> 6.545 | I9: 0 | J9: 0 | K9: ='Survey Anx'!F39 -> 107.971
A10: Check Survey | B10: Km | C10: 114.516 | D10: 114.516 | E10: ='Survey Anx'!G39 -> 103.457 | F10: 90.949 | G10: ='Survey Anx'!H44 -> 10.92748 | H10: ='Survey Anx'!I44 -> 8.938 | I10: 0 | J10: 0 | K10: ='Survey Anx'!I39 -> 94.519
A12: Progress Status
A13: Activity | B13: Final Estimated Quantity | C13: Cumulative L2 till Last Month (May'26) | D13: Cumulative Progress till Last Month(May 26) | E13: L2 for present Month | F13: Plan for the Month | G13: Today's Progress | H13: Progress till Date for the Month | I13: L2 till Current Month | J13: Completed till Date | K13: Balance Work | L13: Under Progress | M13: Gangs at Present | N13: Remarks
A14: Soil Investigation | B14: 30 | C14: 0 | D14: 30 | E14: 0 | F14: 0 | I14: 24 | J14: 30 | K14: =B14-J14 -> 0
A15: Foundation | B15: 299 | C15: 16 | D15: 85 | E15: 0 | F15: 47 | H15: 10 | I15: 293 | J15: 95 | K15: =B15-J15 -> 204 | L15: 1 | M15: 4 | N15: ROW & Fronts are not cleared for further work 3Teams are idle due to ROWand unvailability of clear front
A16: Earthing | B16: 299 | C16: 16 | D16: 78 | E16: 8 | F16: 47 | H16: 11 | I16: 293 | J16: 89 | K16: =B16-J16 -> 210
A17: Tower Erection | B17: 299 | C17: 30 | D17: 40 | E17: 8 | F17: 30 | H17: 5 | I17: 270 | J17: 45 | K17: =B17-J17 -> 254 | M17: 1
A18: Tack welding | B18: 299 | C18: 30 | D18: 13 | F18: 30 | I18: 270 | J18: 13 | K18: =B18-J18 -> 286 | M18: `
A19: Stringing(Km) | B19: 114.516 | C19: 11 | D19: 0 | E19: 11 | F19: 0 | I19: 78 | J19: =D19+H19 -> 0 | K19: =B19-J19 -> 114.516
I47: ='Survey Anx'!H44 -> 10.92748

Sheet Project Details
A1: Project Code | B1: Project Name | C1: Client Name | D1: NOA Start Date | E1: LOA End Date | F1: Planning Engineer | G1: PCH | H1: Regional Manager | I1: Project Manager | J1: Section Incharge | K1: Supervisor
A2: TA 510 | B2: 765kV D/C Ahmedabad South Olpad TL04 | C2: Powergrid South Olpad Transmission Limited | D2: 45363 | E2: 46002 | F2: Mr.Jayant Vaishnav | G2: Mr.Arun Felbin | H2: Mr. Nitin Ashok Bendale | I2: Mr. Subash.S | J2: Mr.Sahil Khan | K2: Mr.B Nagarajan
K3: Mr.Praveen Singh Rathore
K4: Mr.Vidhya Saker upadya
K5: Mr.Mohan Kumar
K6: Mr.Mohit Kumar Mahto
K7: Mr.Dhananjay Kumar Srivastava
K8: Mr.Ajay Mahato
K9: Mr.Pramod Singh
K10: Mr.Jitender Kumar

Sheet AOTL - KEC
A1: KEC INTERNATIONAL LIMITED | M1: 46202
A2: Name of Client: | C2: Powergrid South Olpad Transmission Limited
A3: Name of Line: | C3: TL-04 , 765 kV D/C Ahmedabad - South Olpad Transmission Line
A4: NOA Ref. No.: | C4: CC/T/W-TW/DOM/A10/23/12603/NOA-2/24-114169/01, Dt.26-11-24
A5: Sr No. | B5: Activity | C5: Estimated Quantity | D5: Cumm. Progress up to till last Month May'26) | E5: Target as per L2 Schedule Cummulative (upto May'26) | F5: L3 Plan for the month (May'26 ) | G5: Today's Progress | H5: Progress in this month | I5: Cumm. Progress till date | J5: Cumm. Balance | K5: WIP | L5: No of Gangs | M5: Remark
A6: 1 | B6: Route Alignment (Km) | C6: 114.516 | D6: 114.516 | E6: 0 | F6: =C6-D6 -> 0 | I6: =D6+H6 -> 114.516 | J6: =C6-I6 -> 0
A7: 2 | B7: Detailed Survey (Km) | C7: 114.516 | D7: ='Survey Anx'!F39 -> 107.971 | E7: 0 | F7: =C7-D7 -> 6.545 | I7: =D7+H7 -> 107.971 | J7: =C7-I7 -> 6.545
A8: 3 | B8: Profiling (Km) | C8: 114.516 | D8: ='Survey Anx'!C39-'Survey Anx'!C38 -> 107.65648 | E8: 0 | F8: =C8-D8 -> 6.85952 | I8: =D8+H8 -> 107.65648 | J8: =C8-I8 -> 6.85952
A9: 4 | B9: Check Survey (Km) | C9: 114.516 | D9: ='Survey Anx'!I39 -> 94.519 | E9: 0 | F9: =C9-D9 -> 19.997 | I9: =D9+H9 -> 94.519 | J9: =C9-I9 -> 19.997
A10: 5 | B10: Soil Investigation (Nos.) | C10: 30 | D10: 30 | E10: 0 | F10: =C10-D10 -> 0 | I10: 30 | J10: =C10-I10 -> 0
A11: 6 | B11: Excavation | C11: 293 | D11: 88 | E11: 16 | F11: 34 | I11: 92 | J11: =C11-I11 -> 201
A12: 7 | B12: Foundation (Nos.) | C12: 293 | D12: 85 | E12: 16 | F12: 42 | H12: 10 | I12: 95 | J12: =C12-I12 -> 198 | K12: 1 | L12: 4 | M12: ROW & Fronts are not cleared for further work 3Teams are idle due to ROWand unvailability of clear front
A13: 8 | B13: Earthing (Nos.) | C13: 293 | D13: 78 | E13: 16 | F13: 30 | H13: 7 | I13: 85 | J13: =C13-I13 -> 208
A14: 9 | B14: Tower Erection (Nos) | C14: 293 | D14: 40 | E14: 30 | F14: 18 | H14: 5 | I14: 45 | J14: =C14-I14 -> 248 | L14: 1
A15: 10 | B15: Tack Welding | C15: 293 | D15: 13 | E15: 30 | F15: 18 | I15: 13 | J15: =C15-I15 -> 280
A16: 11 | B16: Stringing (Km) | C16: 114.516 | D16: 0 | E16: 11 | F16: 0 | I16: =D16+H16 -> 0 | J16: =C16-I16 -> 114.516
A17: a) | B17: Paying Out | C17: 114.516 | D17: 0 | E17: 11 | F17: 0 | I17: =D17+H17 -> 0 | J17: =C17-I17 -> 114.516
A18: b) | B18: Final Sag | C18: 114.516 | D18: 0 | E18: 11 | F18: 0 | I18: =D18+H18 -> 0 | J18: =C18-I18 -> 114.516
A19: 12 | B19: OPGW (Km) | C19: 114.516 | D19: 0 | E19: 20 | F19: 0 | I19: =D19+H19 -> 0 | J19: =C19-I19 -> 114.516

Sheet DPR Sheet
B2: KEC INTERNATIONAL LIMITED
B3: DAILY PROGRESS REPORT : SUBMISSION STATUS AS ON | G3: =+'AOTL - KEC'!M1 -> 46202
B4: Name of the Project: | D4: TL-04 , 765 kV D/C Ahmedabad - South Olpad Transmission Line
B5: Contract No. & Date : | D5: CC/T/W-TW/DOM/A10/23/12603/NOA-2/24-114169/01, Dt.26-11-24
B7: ROUTE ALIGNMENT PROGRESS SUMMARY
B8: TOTAL QTY (Tentative) | C8: COMPLETED UP TO PREV MONTH | D8: COMP. IN CURRENT MONTH | E8: CUMULATIVE | F8: BAL.QTY
B9: ='AOTL - KEC'!C7 -> 114.516 | C9: ='AOTL - KEC'!D6 -> 114.516 | D9: ='AOTL - KEC'!F6 -> 0 | E9: ='AOTL - KEC'!I6 -> 114.516 | F9: ='AOTL - KEC'!J6 -> 0
B10: SOIL INVESTIGATION PROGRESS SUMMARY
B11: TOTAL QTY (Tentative) | C11: COMPLETED UP TO PREV MONTH | D11: COMP. IN CURRENT MONTH | E11: CUMULATIVE | F11: BAL.QTY
B12: 30 | C12: 30 | D12: 0 | E12: =C12+D12 -> 30 | F12: =B12-E12 -> 0
B13: DETAILED SURVEY PROGRESS SUMMARY
B14: TOTAL QTY (Tentative) | C14: COMPLETED UP TO PREV MONTH | D14: COMP. IN CURRENT MONTH | E14: CUMULATIVE | F14: BAL.QTY
B15: ='AOTL - KEC'!C7 -> 114.516 | C15: ='Survey Anx'!F39 -> 107.971 | D15: ='AOTL - KEC'!H7 -> 0 | E15: =D15+C15 -> 107.971 | F15: =B15-E15 -> 6.545
B16: CHECK SURVEY PROGRESS SUMMARY
B17: TOTAL QTY (Tentative) | C17: COMPLETED UP TO PREV MONTH | D17: COMP. IN CURRENT MONTH | E17: CUMULATIVE | F17: BAL.QTY
B18: ='AOTL - KEC'!C9 -> 114.516 | C18: ='Survey Anx'!I39 -> 94.519 | D18: 0 | E18: =C18+D18 -> 94.519 | F18: =B18-E18 -> 19.997
B19: FOUNDATION PROGRESS SUMMARY
B20: TOTAL QTY (Tentative) | C20: COMPLETED UP TO PREV MONTH | D20: COMP. IN CURRENT MONTH | E20: CUMULATIVE | F20: BAL.QTY
B21: ='AOTL - KEC'!C12 -> 293 | C21: 85 | D21: 10 | E21: 95 | F21: =B21-E21 -> 198
B22: EARTHING PROGRESS SUMMARY
B23: TOTAL QTY | C23: COMPLETED UP TO PREV MONTH | D23: COMP. IN CURRENT MONTH | E23: CUMULATIVE | F23: BAL.QTY
B24: ='AOTL - KEC'!C13 -> 293 | C24: 78 | D24: 11 | E24: 89 | F24: =B24-E24 -> 204
B25: TOWER ERECTION PROGRESS SUMMARY
B26: TOTAL QTY | C26: COMPLETED UP TO PREV MONTH | D26: COMP. IN CURRENT MONTH | E26: CUMULATIVE | F26: BAL.QTY
B27: ='AOTL - KEC'!C14 -> 293 | C27: 40 | D27: 5 | E27: 45 | F27: =B27-E27 -> 248
B28: STRINGING PROGRESS SUMMARY
B29: TOTAL QTY | C29: COMPLETED UP TO PREV MONTH | D29: COMP. IN CURRENT MONTH | E29: CUMULATIVE | F29: BAL.QTY(KM)
B30: ='AOTL - KEC'!C16 -> 114.516 | C30: 0 | D30: 0 | E30: 0 | F30: =B30-E30 -> 114.516
B31: OPGW STRINGING PROGRESS SUMMARY
B32: TOTAL QTY | C32: COMPLETED UP TO PREV MONTH | D32: COMP. IN CURRENT MONTH | E32: CUMULATIVE | F32: BAL.QTY
B33: ='AOTL - KEC'!C18 -> 114.516 | C33: 0 | D33: 0 | E33: 0 | F33: =B33-E33 -> 114.516

Sheet Sheet5
B7: 127/1
B8: 135/0
B9: 139/1
B10: 139/2
B11: 139/3
B12: 140/0
B13: 167/0
B14: 173/0
B15: 174/0
B16: 174/2
B17: 178/2
B18: 179/0
... B77: 199/0

Sheet Sheet3
A1: A
A2: 127/2 | D2: =_xlfn.CONCAT(A2,A3,A4,A5,A6,A7,A8,A9,A10,A11,A12,A13,A14,A15,A16,A17,A18,A19,A20,A21,A22,A23,A24,A25,A26) -> 127/2128/0135/0139/0139/2141/1141/2145/5145/6148/3161/0166/0175/1182/0183/0183/1183/3194/0214/3214/6217/4225/3244/0244/2250/2
A3: 128/0
A4: 135/0
A5: 139/0 | D5: 127/2128/0135/0139/0139/2141/1141/2145/5145/6148/3161/0166/0175/1182/0183/0183/1183/3194/0214/3214/6217/4225/3244/0244/2250/2
A6: 139/2
A7: 141/1
A8: 141/2
A9: 145/5
A10: 145/6
A11: 148/3
A12: 161/0
A13: 166/0
A14: 175/1
A15: 182/0
A16: 183/0
A17: 183/1
... A26: 250/2

Sheet Sheet1
A2: District | B2: Till Dec'24 | C2: Jan'25 | D2: Feb'25 | E2: Mar'25 | F2: Apr'25 | G2: May'25
A3: Bharuch | B3: 14 | C3: 9 | D3: 14 | E3: 4 | F3: 1
A4: Surat | E4: 4 | F4: 17 | G4: 4
A5: Navsari | B5: 4 | C5: 7 | D5: 6 | E5: 2

Sheet Soil Inv.
A1: ASOTL PROJECT - SOIL INVESTIGATION LOCATIONS
A2: Sl. No. | B2: Loc. No. | C2: TOT | D2: RC | E2: Depth In Mtr | F2: Status | G2: Classification | H2: Approval Letter Status | I2: Remarks | J2: Agency | K2: PO
A3: 1 | B3: AP118 | C3: 5DD60+25 | E3: 10 | F3: Approved | G3: Sandy Dry | H3: 45802 | J3: Geo Design | K3: Done.
A4: =A3+1 -> 2 | B4: 124/0 | C4: 5DD60+9 | E4: 20 | F4: Approved | G4: WET | H4: 46173 | I4: Instead of 127/0 | J4: Geo Design | K4: To be Done.
A5: =A4+1 -> 3 | B5: 124/3 | C5: 5DB1+0 | E5: 20 | F5: Approved | G5: Sandy Dry/ WET | H5: 46173 | I5: New Location | J5: Geo Design | K5: To be Done.
A6: =A5+1 -> 4 | B6: 124/7 | C6: 5DB1+0 | E6: 20 | F6: Approved | G6: Sandy Dry/ Normal Dry | H6: 46173 | I6: Instead of 130/0 | J6: Geo Design | K6: To be Done.
A7: =A6+1 -> 5 | B7: 124/10 | C7: 5DA+0 | E7: 20 | F7: Approved | G7: Sandy Dry/ Normal Dry | H7: 46173 | I7: New Location | J7: Geo Design | K7: To be Done.
A8: =A7+1 -> 6 | B8: AP127 | E8: 10 | F8: Approved | G8: Sandy Dry | H8: 45802 | I8: Eliminated | J8: Geo Design | K8: Done.
B9: AP130 | I9: Eliminated | J9: Geo Design
A10: =A8+1 -> 7 | B10: AP131 | C10: DD60+35(S) | E10: 10 | F10: Approved | G10: WET | H10: 46160 | J10: Geo Design | K10: Done.
A11: =A10+1 -> 8 | B11: AP131/1 (Pile) | C11: DD45+9 | E11: 40 | F11: Approved | G11: Pile | H11: 46092 | J11: Geo Design | K11: Done.
A12: =A11+1 -> 9 | B12: AP131/2 (Pile) | C12: DD60+55 | E12: 40 | F12: Approved | G12: Pile | H12: 46160 | J12: Geo Design | K12: Done.
A13: =A12+1 -> 10 | B13: AP132 | C13: DD60+55 | E13: 10 | F13: Approved | G13: Sandy Dry | J13: Geo Design | K13: Done.
A14: =A13+1 -> 11 | B14: AP139 | C14: DD60+0 | E14: 10 | F14: Approved | G14: Sandy Dry | H14: 45802 | J14: Geo Design | K14: Done.
A15: =A14+1 -> 12 | B15: AP142 | C15: DB2+0 | E15: 10 | F15: Approved | G15: Sandy Dry | H15: 45802 | J15: Geo Design | K15: Done.
A16: =A15+1 -> 13 | B16: AP146 | C16: DD45+0 | E16: 10 | F16: Approved | G16: Black Cotton | H16: 45802 | J16: Geo Design | K16: Done.
A17: =A16+1 -> 14 | B17: AP150 | C17: DD60+6 | E17: 10 | F17: Approved | G17: Normal dry/wet | H17: 45802 | J17: Geo Design | K17: Done.
A18: =A17+1 -> 15 | B18: AP155 | C18: DB2+0 | E18: 10 | F18: Approved | G18: Black Cotton | H18: 45802 | J18: Geo Design | K18: Done.
A19: =A18+1 -> 16 | B19: AP158 | C19: DC1+3 | E19: 10 | F19: Approved | G19: Black Cotton | H19: 45802 | J19: Geo Design | K19: Done.
A20: =A19+1 -> 17 | B20: AP162 | C20: DD60+6 | E20: 10 | F20: Approved | G20: Black Cotton | H20: 45802 | J20: Geo Design | K20: Done.
A21: =A20+1 -> 18 | B21: AP166 | C21: DD60+6 | E21: 10 | F21: Approved | G21: Black Cotton | H21: 45802 | J21: Geo Design | K21: Done.
A22: =A21+1 -> 19 | B22: AP174 | E22: 10 | F22: Approved | G22: Black Cotton | H22: 45802 | J22: Geo Design | K22: Done.
A23: =A22+1 -> 20 | B23: AP176 | E23: 10 | F23: Approved | G23: Black Cotton | H23: 45802 | J23: Geo Design | K23: Done.
A24: =A23+1 -> 21 | B24: AP180 | C24: DD60+35(S) | E24: 10 | F24: Approval Awaiting from PGCIL | J24: Bhoomi | K24: To be Done.
A25: =A24+1 -> 22 | B25: AP180/1(Pile) | C25: DD45+35(S) | E25: 40 | F25: Approved | G25: Pile | H25: 46094 | J25: Geo Design | K25: Done.
A26: =A25+1 -> 23 | B26: AP181 (Pile) | C26: DD60+25(S) | E26: 40 | F26: Approved | G26: Pile | H26: 46095 | J26: Geo Design | K26: Done.
A27: =A26+1 -> 24 | B27: AP182 (Pile) | C27: DB2+6 | E27: 40 | F27: Approved | G27: Pile | H27: 46095 | J27: Geo Design | K27: Done.
A28: =A27+1 -> 25 | B28: AP183 | C28: DC1+9 | E28: 10 | F28: Approval Awaiting from PGCIL | G28: Black Cotton | J28: Geo Design | K28: To be Done.
A29: =A28+1 -> 26 | B29: AP184 | C29: DD45+6 | E29: 10 | F29: Approval Awaiting from PGCIL | G29: Sandy Dry/ WET | J29: Geo Design | K29: To be Done.
B30: AP185 | I30: Interchanged
A31: =A29+1 -> 27 | B31: AP186 | C31: DC1+0 | E31: 10 | F31: Approved | G31: Black Cotton | H31: 46099 | I31: Instead of 185/0 | J31: Geo Design | K31: Done.
A32: =A31+1 -> 28 | B32: AP187 | C32: DB2+0 | E32: 10 | F32: Approved | G32: Black Cotton | H32: 46099 | J32: Geo Design | K32: Done.
A33: =A32+1 -> 29 | B33: AP191 | C33: DC1+0 | E33: 10 | F33: Approved | G33: Black Cotton | H33: 46099 | J33: Geo Design | K33: Done.
A34: =A33+1 -> 30 | B34: AP192 | C34: DB1+0 | E34: 10 | F34: Approved | G34: Black Cotton | H34: 46099 | J34: Geo Design | K34: Done.
J35: Geo Design | K35: Done.

Sheet Survey Anx
A1: TL-04 , 765 kV D/C Ahmedabad - South Olpad Transmission Line
A2: District | B2: Section | C2: Total | D2: Detail Survey | G2: Check Survey
D3: Completed | E3: Submitted | F3: Approved | G3: Completed | H3: Submitted | I3: Approved
A4: Anand | B4: 117/0-119/0 | C4: 0.62 | D4: 0.62 | E4: 0.62 | F4: 0.62 | G4: 0.62 | H4: 0.62 | I4: 0.62
A5: Anand | B5: 119/0-124/0 | C5: 1.572 | D5: 1.572 | E5: 1.572 | F5: 1.572 | G5: 1.572 | H5: 1.572 | I5: 1.572
A6: Anand | B6: 124/0-124/3 | C6: 1.228 | D6: 1.228 | E6: 1.228 | F6: 1.228 | G6: =F6 -> 1.228 | H6: =G6 -> 1.228 | I6: =H6 -> 1.228
A7: Anand | B7: 124/3-131/0 | C7: 3.994 | D7: =C7 -> 3.994 | E7: =D7 -> 3.994 | F7: =E7 -> 3.994 | G7: =F7 -> 3.994 | H7: =G7 -> 3.994 | I7: =H7 -> 3.994
A8: Vadodara | B8: 131/0-133/0 | C8: 2.694 | D8: 2.694 | E8: 2.694 | F8: 2.694 | G8: 2.694 | H8: 2.694 | I8: 2.694
A9: Vadodara | B9: 133/0-135/0 | C9: 1.555 | D9: 1.555 | E9: 1.555 | F9: 1.555 | G9: 1.555 | H9: 1.555 | I9: 1.555
A10: Bharuch | B10: 135/0-136/0 | C10: 0.422 | D10: 0.422 | E10: 0.422 | F10: 0.422 | G10: 0.422 | H10: 0.422 | I10: 0.422
A11: Bharuch | B11: 136/0-139/5 | C11: 3.881 | D11: 3.881 | E11: 3.881 | F11: 3.881 | G11: 3.881 | H11: 3.881 | I11: 3.881
A12: Bharuch | B12: 139/5-144/0 | C12: 4.328 | D12: 4.328 | E12: 4.328 | F12: 4.328 | G12: 4.328 | H12: 4.328 | I12: 4.328
A13: Bharuch | B13: 144/0-146/0 | C13: 2.9 | D13: 2.9 | E13: 2.9 | F13: 2.9 | G13: 2.9 | H13: 2.9 | I13: 2.9
A14: Bharuch | B14: 146/0-148/1 | C14: 3.526 | D14: 3.526 | E14: 3.526 | F14: 3.526 | G14: 3.526 | H14: 3.526 | I14: 3.526
A15: Bharuch | B15: 148/1-148/7 | C15: 2.312 | D15: 2.312 | E15: 2.312 | F15: 2.312 | G15: 2.312 | H15: 2.312 | I15: 2.312
A16: Bharuch | B16: 148/7-153/0 | C16: 4.704 | D16: 4.704 | E16: 4.704 | F16: 4.704 | G16: 4.704 | H16: 4.704 | I16: 4.704
A17: Bharuch | B17: 153/0-155/0 | C17: 1.557 | D17: 1.557 | E17: 1.557 | F17: 1.557 | G17: 1.557 | H17: 1.557 | I17: 1.557
A18: Bharuch | B18: 155/0-155/5 | C18: 1.947 | D18: 1.947 | E18: 1.947 | F18: 1.947 | G18: 1.947 | H18: 1.947 | I18: 1.947
A19: Bharuch | B19: 155/5-156/0 | C19: 0.405 | D19: 0.405 | E19: 0.405 | F19: 0.405 | G19: 0.405 | H19: 0.405 | I19: 0.405
A20: Bharuch | B20: 156/0-160/1 | C20: =5.966+2.39 -> 8.356 | D20: =5.966+2.39 -> 8.356 | E20: =5.966+2.39 -> 8.356 | F20: =5.966+2.39 -> 8.356 | G20: =5.966+2.39 -> 8.356 | H20: =5.966+2.39 -> 8.356 | I20: =5.966+2.39 -> 8.356
A21: Bharuch | B21: 160/1-160/3 | C21: 0.817 | D21: 0.817 | E21: 0.817 | F21: 0.817 | G21: 0.817 | H21: 0.817 | I21: 0.817
A22: Bharuch | B22: 160/3-162/0 | C22: 5.219 | D22: 5.219 | E22: 5.219 | F22: 5.219 | G22: 5.219 | H22: 5.219 | I22: 5.219
A23: Bharuch | B23: 162/0-167/5 | C23: =2.845+3.405 -> 6.25 | D23: =C23 -> 6.25 | E23: =D23 -> 6.25 | F23: =E23 -> 6.25 | G23: =F23 -> 6.25 | H23: =F23 -> 6.25 | I23: =H23 -> 6.25 | J23: 162/0-165/0 | K23: 2.845
A24: Bharuch | B24: 167/5-174A/0 | C24: 5.01148 | D24: =C24 -> 5.01148 | E24: =D24 -> 5.01148 | J24: 165/0-167/5 | K24: 3.405
A25: Bharuch | B25: 174A/0- 175/0 | C25: 5.301 | D25: =C25 -> 5.301 | E25: =D25 -> 5.301 | F25: =E25 -> 5.301 | G25: 5.301 | H25: 5.301 | I25: 4.49
A26: Bharuch | B26: 175/0-177/0 | C26: 3.992 | D26: 3.992 | E26: 3.992 | F26: =E26 -> 3.992 | G26: =F26 -> 3.992 | H26: =G26 -> 3.992
A27: Bharuch | B27: 177/0-179/0 | C27: 3.142 | D27: 3.142 | E27: 3.142 | F27: 3.142 | G27: 3.142 | H27: 3.142 | I27: 3.142
A28: Bharuch | B28: 179/0-183/0 | C28: 2.477 | D28: 2.477 | E28: 2.477 | F28: 2.477 | G28: 2.477 | H28: 2.477 | I28: 2.477 | K28: 353.55
A29: Bharuch | B29: 183/0-184/0 | C29: 1.128 | D29: 1.128 | E29: 1.128 | F29: 1.128 | G29: 1.128 | H29: 1.128 | I29: 1.128 | K29: 362.84
A30: Bharuch | B30: 184/0-185/0 | C30: 5.916 | D30: 5.916 | E30: 5.916 | F30: 4.514 | K30: 410.43
A31: Bharuch | B31: 185/0-186/0 | C31: 0.244 | D31: 0.244 | E31: 0.244 | F31: 0.244 | G31: 0.244 | H31: 0.244 | I31: 0.244 | K31: 406.38
A32: Bharuch | B32: 186/0-189/0 | C32: 6.597 | D32: 6.597 | E32: 6.597 | F32: 6.597 | G32: 6.597 | H32: 6.597 | I32: 6.597 | K32: 413.88
A33: Bharuch | B33: 189/0-190/0 | C33: 0.243 | D33: 0.243 | E33: 0.243 | F33: 0.243 | G33: 0.243 | H33: 0.243 | I33: 0.243 | K33: 397.98
A34: Bharuch | B34: 190/0-192/1 | C34: 5.061 | D34: 5.061 | E34: 5.061 | F34: 5.061 | G34: 5.061 | H34: 5.061 | I34: 5.061 | K34: 444.34
A35: Bharuch | B35: 192/1-192/13 | C35: 4.712 | D35: 4.712 | E35: 4.712 | F35: 4.712 | G35: 4.712 | H35: 4.712 | I35: 4.712 | K35: 163.1
A36: Bharuch | B36: 192/13-194/0 | C36: 2.794 | D36: 2.794 | E36: 2.794 | F36: 2.794 | G36: 2.794 | H36: 2.794 | I36: 2.794 | K36: 516.34
A37: Surat | B37: 194/0-195/0 | C37: 2.751 | D37: 2.751 | E37: 2.751 | F37: 2.751 | G37: 2.751 | H37: 2.751 | I37: 2.751 | K37: 300.73
A38: Surat | B38: 195/0-Gantry | C38: 6.728 | D38: 6.728 | E38: 6.728 | F38: 6.728 | G38: =F38 -> 6.728 | H38: =G38 -> 6.728 | I38: 2.593 | K38: 491.39
C39: =SUM(C4:C38) -> 114.38448 | D39: =SUM(D4:D38) -> 114.38448 | E39: =SUM(E4:E38) -> 114.38448 | F39: =SUM(F4:F38) -> 107.971 | G39: =SUM(G4:G38) -> 103.457 | H39: =SUM(H4:H38) -> 103.457 | I39: =SUM(I4:I38) -> 94.519 | K39: =SUM(K26:K38) -> 4260.96
E40: Balance | F40: =C39-F39 -> 6.41348 | I40: =F39-I39 -> 13.452
E41: 167/5-174A/0 | F41: =E24 -> 5.01148
E42: 184/5-184/10 | F42: =E30-F30 -> 1.402
H44: =C39-H39 -> 10.92748 | I44: =H39-I39 -> 8.938

Sheet Survey
D1: Date | E1: =+'AOTL - KEC'!M1 -> 46202
A3: TA-510 | ASOTL PROJECT | SURVEY STATUS |
A4: Sl. No. | B4: Particulars | C4: UoM | D4: Qty. | E4: Remarks
A5: 1 | B5: Total Line Length | C5: Kms. | D5: ='Survey Anx'!C39 -> 114.38448
A6: 2 | B6: Detail Survey Submitted | C6: Kms. | D6: ='Survey Anx'!D39 -> 114.38448
A7: 3 | B7: Balance to Submit | C7: Kms. | D7: =D5-D6 -> 0 | E7: AP171/0-175/0 GETCO- SS
A8: 4 | B8: Detail Survey Approved | C8: Kms. | D8: ='Survey Anx'!F39 -> 107.971
A9: 5 | B9: Balance to Approve | C9: Kms. | D9: 16.839 | E9: AP175-177 & 184-185
A10: 6 | B10: Check Survey Submitted | C10: Kms. | D10: ='Survey Anx'!G39 -> 103.457
A11: 7 | B11: Check Survey Approved | C11: Kms. | D11: ='Survey Anx'!I39 -> 94.519 | F11: =D10-D11 -> 8.938
A12: 8 | B12: Balance to Approve | C12: Kms. | D12: =D10-D11 -> 8.938
A13: 9 | B13: Balanceto Submit due to Crossing Section | C13: Kms. | D13: =D8-D11 -> 13.452

Sheet FDN
A1: ASOTL Foundation | N1: 46202 | P1: `
A2: Sl. No. | B2: Location No. | C2: Tower Type | D2: Classification | E2: Concreting Volume in M3 | F2: Starting Date | G2: Todays Status | H2: Cumulative Status | I2: Completion Date | J2: Remarks | K2: Gang name | L2: Earthing Status | M2: Earthing Completion Date
A3: 1 | B3: 155/3 | C3: DA+0 | D3: WPS | E3: =3.264+35.862 -> 39.126 | F3: 45706 | H3: Completed | I3: 45713 | K3: Arya Enterprises | L3: Done | M3: 45715
A4: =A3+1 -> 2 | B4: 155/4 | C4: DA+0 | D4: WPS | E4: =3.264+35.862 -> 39.126 | F4: 45706 | H4: Completed | I4: 45710 | K4: B.K.Traders | L4: Done | M4: 45717
A5: =A4+1 -> 3 | B5: 155/5 | C5: DA+3 | D5: WPS | E5: =3.486+37.148 -> 40.634 | F5: 45711 | H5: Completed | I5: 45715 | K5: B.K.Traders | L5: Done | M5: 45717
A6: =A5+1 -> 4 | B6: 155/1 | C6: DA+0 | D6: WET | E6: =5.618+57.728 -> 63.346 | F6: 45700 | H6: Completed | I6: 45705 | K6: Arya Enterprises | L6: Done | M6: 45720
A7: =A6+1 -> 5 | B7: 156/2 | C7: DA+0 | D7: WPS | E7: =3.264+35.862 -> 39.126 | F7: 45742 | H7: Completed | I7: 45746 | K7: Arya Enterprises | L7: Done | M7: 45750
A8: =A7+1 -> 6 | B8: 156/1 | C8: DA+3 | D8: WET | E8: =5.951+59.68 -> 65.631 | F8: 45721 | H8: Completed | I8: 45729 | K8: Arya Enterprises | L8: Done | M8: 45731
A9: =A8+1 -> 7 | B9: 156/0 | C9: DB2+0 | D9: WPS | E9: =5.294+57.588 -> 62.882 | F9: 45721 | H9: Completed | I9: 45728 | K9: B.K.Traders | L9: Done | M9: 45732
A10: =A9+1 -> 8 | B10: 156/3 | C10: DA+0 | D10: WPS | E10: =3.264+35.862 -> 39.126 | F10: 45729 | H10: Completed | I10: 45732 | K10: B.K.Traders | L10: Done | M10: 45733
A11: =A10+1 -> 9 | B11: 156/4 | C11: DA+3 | D11: WPS | E11: =3.486+37.148 -> 40.634 | F11: 45737 | H11: Completed | I11: 45741 | K11: Arya Enterprises | L11: Done | M11: 45744
A12: =A11+1 -> 10 | B12: 139/5 | C12: DA+0 | D12: WPS | E12: =3.264+35.862 -> 39.126 | F12: 45761 | H12: Completed | I12: 45768 | K12: B.K.Traders | L12: Done | M12: 45770
A13: =A12+1 -> 11 | B13: 139/4 | C13: DA+0 | D13: WPS | E13: =3.264+35.862 -> 39.126 | F13: 45770 | H13: Completed | I13: 45775 | K13: B.K.Traders | L13: Done | M13: 45779
A14: =A13+1 -> 12 | B14: 139/1 | C14: DA+0 | D14: WPS | E14: =3.264+35.862 -> 39.126 | F14: 45742 | H14: Completed | I14: 45763 | K14: Om Infra | L14: Done | M14: 45783
A15: =A14+1 -> 13 | B15: 138/1 | C15: DA+0 | D15: WPS | E15: =3.264+35.862 -> 39.126 | F15: 45761 | H15: Completed | I15: 45776 | K15: Om Infra | L15: Done | M15: 45783
A16: =A15+1 -> 14 | B16: 137/0 | C16: DD45+0 | D16: WPS | E16: =9.059+119.368 -> 128.427 | F16: 45761 | H16: Completed | I16: 45774 | K16: Om Infra | L16: Done | M16: 45788
A17: =A16+1 -> 15 | B17: 138/0 | C17: DD60+0 | D17: WPS | E17: =11.31+166.88 -> 178.19 | F17: 45752 | H17: Completed | I17: 45768 | K17: Om Infra | L17: Done | M17: 45788
A18: =A17+1 -> 16 | B18: 136/0 | C18: DD60+0 | D18: WPS | E18: =11.31+166.88 -> 178.19 | F18: 45772 | H18: Completed | I18: 45791 | K18: Om Infra | L18: Done | M18: 45791
A19: =A18+1 -> 17 | B19: 148/4 | C19: DA+3 | D19: WPS | E19: =3.486+37.148 -> 40.634 | F19: 45790 | H19: Completed | I19: 45798 | K19: B.K.Traders | L19: Done | M19: 45801
A20: =A19+1 -> 18 | B20: 134/0 | C20: DC2+0 | D20: WPS | E20: =7.224+85.068 -> 92.292 | F20: 45792 | H20: Completed | I20: 45802 | K20: Om Infra | L20: Done | M20: 45803
A21: =A20+1 -> 19 | B21: 144/0 | C21: DB1+0 | D21: WPS | E21: =4.343+50.332 -> 54.675 | F21: 45809 | H21: Completed | I21: 45875 | K21: Jyoti Construction | L21: Done | M21: 45816
A22: =A21+1 -> 20 | B22: 143/1 | C22: DA+3 | D22: WPS | E22: =3.486+37.148 -> 40.634 | F22: 45802 | H22: Completed | I22: 45810 | K22: Jyoti Construction | L22: Done | M22: 45818
A23: =A22+1 -> 21 | B23: 143/2 | C23: DA+0 | D23: WPS | E23: =3.264+35.862 -> 39.126 | F23: 45807 | H23: Completed | I23: 45813 | K23: Jyoti Construction | L23: Done | M23: 45818
A24: =A23+1 -> 22 | B24: 141/0 | C24: DB2+0 | D24: WPS | E24: =5.294+57.588 -> 62.882 | F24: 45861 | H24: Completed | I24: 45916 | L24: Done | M24: 45921
A25: =A24+1 -> 23 | B25: 133/2 | C25: DA+0 | D25: WPS | E25: =3.264+35.862 -> 39.126 | F25: 45900 | H25: Completed | I25: 45918 | K25: B.K.Traders | L25: Done | M25: 45922
A26: =A25+1 -> 24 | B26: 141/1 | C26: DA+0 | D26: WPS | E26: =3.264+35.862 -> 39.126 | F26: 45921 | H26: Completed | I26: 45934 | K26: Shakaldev | L26: Done | M26: 45938
A27: =A26+1 -> 25 | B27: 138/2 | C27: DA+0 | D27: WPS | E27: =3.264+35.862 -> 39.126 | F27: 45919 | H27: Completed | I27: 45935 | K27: Vihan | L27: Done | M27: 45941
A28: =A27+1 -> 26 | B28: 140/1 | C28: DA+3 | D28: WPS | E28: =3.486+37.148 -> 40.634 | F28: 45924 | H28: Completed | I28: 45940 | K28: Shakaldev | L28: Done | M28: 45921
A29: =A28+1 -> 27 | B29: 148/5 | C29: DA+0 | D29: WET | E29: =5.618+57.728 -> 63.346 | F29: 45780 | H29: Completed | I29: 45792 | K29: B.K.Traders | L29: Not Done
A30: =A29+1 -> 28 | B30: 148/2 | C30: DA+0 | D30: WPS | E30: =3.264+35.862 -> 39.126 | F30: 45792 | H30: Completed | I30: 45800 | K30: B.K.Traders | L30: Not Done
A31: =A30+1 -> 29 | B31: 148/6 | C31: DA+0 | D31: WET | E31: =5.618+57.728 -> 63.346 | F31: 45796 | H31: Completed | I31: 45808 | K31: B.K.Traders | L31: Not Done
A32: =A31+1 -> 30 | B32: 148/7 | C32: DA+0 | D32: WPS | E32: =3.264+35.862 -> 39.126 | F32: 45794 | H32: Completed | I32: 45805 | K32: B.K.Traders | L32: Not Done
A33: =A32+1 -> 31 | B33: 145/0 | C33: DB2+9 | D33: WPS | E33: =5.555+59.58 -> 65.135 | F33: 45925 | H33: Completed | I33: 45949 | K33: Vihan | L33: Done | M33: 45969
A34: =A33+1 -> 32 | B34: 139/2 | C34: DA+3 | D34: WPS | E34: =3.486+37.148 -> 40.634 | F34: 45945 | H34: Completed | I34: 45954 | K34: Shakaldev | L34: Done | M34: 46022
A35: =A34+1 -> 33 | B35: 140/2 | C35: DA+0 | D35: WPS | E35: =3.264+35.862 -> 39.126 | F35: 45910 | H35: Completed | I35: 45980 | K35: Shakaldev | L35: Done | M35: 45987
A36: =A35+1 -> 34 | B36: 135/0 | C36: DB1+6 | D36: WPS | E36: =4.38+50.612 -> 54.992 | F36: 45972 | H36: Completed | I36: 45985 | K36: B.K.Traders | L36: Done | M36: 45989
A37: =A36+1 -> 35 | B37: 145/1 | C37: DB1+9 | D37: WPS | E37: =4.38+50.612 -> 54.992 | F37: 45972 | H37: Completed | I37: 45985 | K37: MD Hussain | L37: Done | M37: 45988
A38: =A37+1 -> 36 | B38: 138/3 | C38: DA-3 | D38: WPS | E38: =3.264+35.862 -> 39.126 | F38: 45979 | H38: Completed | I38: 45988 | K38: Shakaldev | L38: Done | M38: 45989
A39: =A38+1 -> 37 | B39: 192/11 | C39: DA+3 | D39: WET | E39: =5.951+59.68 -> 65.631 | F39: 45976 | H39: Completed | I39: 45991 | K39: Rudra | L39: Done | M39: 46013
A40: =A39+1 -> 38 | B40: 141/2 | C40: DA+6 | D40: WPS | E40: =3.486+37.148 -> 40.634 | F40: 45991 | H40: Completed | I40: 45998 | K40: MD Hussain | L40: Done | M40: 46000
A41: =A40+1 -> 39 | B41: 143/0 | C41: DC2+0 | D41: WPS | E41: =7.224+85.068 -> 92.292 | F41: 45991 | H41: Completed | I41: 46000 | K41: Shakaldev | L41: Done | M41: 46000
A42: =A41+1 -> 40 | B42: 145/5 | C42: DA+0 | D42: WPS | E42: =3.264+35.862 -> 39.126 | F42: 45976 | H42: Completed | I42: 46000 | K42: Ambani | L42: Done | M42: 46005
A43: =A42+1 -> 41 | B43: 148/3 | C43: DA+0 | D43: WET | E43: =5.618+57.728 -> 63.346 | F43: 45988 | H43: Completed | I43: 46005 | K43: Haji Enterprises | L43: Done | M43: 46004
A44: =A43+1 -> 42 | B44: 192/13 | C44: DA+0 | D44: WET | E44: =5.618+57.728 -> 63.346 | F44: 45992 | H44: Completed | I44: 46014 | K44: Rudra | L44: Done | M44: 46016
A45: =A44+1 -> 43 | B45: 145/3 | C45: DA+0 | D45: WET | E45: =5.618+57.728 -> 63.346 | F45: 45992 | H45: Completed | I45: 46018 | K45: Vihan | L45: Done | M45: 46019
A46: =A45+1 -> 44 | B46: 146/1 | C46: DA+0 | D46: WET | E46: =5.618+57.728 -> 63.346 | F46: 46001 | H46: Completed | I46: 46020 | K46: MD Hussain | L46: Done | M46: 46019
A47: =A46+1 -> 45 | B47: 146/3 | C47: DA+0 | D47: WET | E47: =5.618+57.728 -> 63.346 | F47: 46012 | H47: Completed | I47: 46021 | K47: Haji Enterprises | L47: Done | M47: 46021
A48: =A47+1 -> 46 | B48: 140/0 | C48: DD45+0 | D48: WPS | E48: =9.059+119.368 -> 128.427 | F48: 46007 | H48: Completed | I48: 46021 | K48: Shakaldev | L48: Done | M48: 46023
A49: =A48+1 -> 47 | B49: 145/4 | C49: DA+0 | D49: WET | E49: =5.618+57.728 -> 63.346 | F49: 46001 | H49: Completed | I49: 46022 | K49: Shakaldev | L49: Done | M49: 46023
A50: =A49+1 -> 48 | B50: 192/10 | C50: DA+0 | D50: WET | E50: =5.618+57.728 -> 63.346 | F50: 46012 | H50: Completed | I50: 46026 | K50: Chandrakant Patel | L50: Done | M50: 46069
A51: =A50+1 -> 49 | B51: 147/2 | C51: DA-3 | D51: WPS | E51: 39.126 | F51: 46023 | H51: Completed | I51: 46030 | K51: MD Hussain | L51: Done | M51: 46031
A52: =A51+1 -> 50 | B52: 146A/0 | C52: DB2+0 | D52: WET | E52: =83.272+6.633 -> 89.905 | F52: 46006 | H52: Completed | I52: 46035 | K52: Haji Enterprises | L52: Done | M52: 46035
A53: =A52+1 -> 51 | B53: 186/1 | C53: DA+0 | D53: WET | E53: =5.618+57.728 -> 63.346 | F53: 46027 | H53: Completed | I53: 46035 | K53: Maa Bhavani | L53: Done | M53: 46031
A54: =A53+1 -> 52 | B54: 192/7 | C54: DB1+0 | D54: WET | E54: =72.684+7.26 -> 79.944 | F54: 46031 | H54: Completed | I54: 46043 | K54: Chandrakant Patel | L54: Done | M54: 46045
A55: =A54+1 -> 53 | B55: 192/12 | C55: DA+6 | D55: FS | E55: =8.411+86.212 -> 94.623 | F55: 46038 | H55: Completed | I55: 46047 | K55: Maa Bhavani | L55: Done | M55: 46049
A56: =A55+1 -> 54 | B56: 147/1 | C56: DA-3 | D56: WET | E56: =5.618+57.728 -> 63.346 | F56: 46030 | H56: Completed | I56: 46052 | K56: Vihan | L56: Done | M56: 46055
A57: =A56+1 -> 55 | B57: 142/0 | C57: DB2+0 | D57: WPS | E57: =57.588+5.294 -> 62.882 | F57: 46049 | H57: Completed | I57: 46055 | K57: Haji Enterprises | L57: Done | M57: 45690
A58: =A57+1 -> 56 | B58: 146/0 | C58: DD45+0 | D58: WBC | E58: =289.172+21.966 -> 311.138 | F58: 46028 | H58: Completed | I58: 46056 | K58: MD Hussain | L58: Done | M58: 46057
A59: =A58+1 -> 57 | B59: 194/1 | C59: DA+6 | D59: WET | E59: =5.951+59.68 -> 65.631 | F59: 46054 | H59: Completed | I59: 46063 | K59: Chandrakant Patel | L59: Done | M59: 46065
A60: =A59+1 -> 58 | B60: 146A/1 | C60: DA+0 | D60: WET | E60: =5.618+57.728 -> 63.346 | F60: 46055 | H60: Completed | I60: 46065 | K60: Haji Enterprises | L60: Done | M60: 46066
A61: =A60+1 -> 59 | B61: 148/1 | C61: DA+0 | D61: WET | E61: =5.618+57.728 -> 63.346 | F61: 46056 | H61: Completed | I61: 46067 | K61: ABS Construction | L61: Done | M61: 46067
A62: =A61+1 -> 60 | B62: 148/0 | C62: DC1+0 | D62: WET | E62: =107.372+9.661 -> 117.033 | F62: 46054 | H62: Completed | I62: 46080 | K62: Vihan | L62: Done | M62: 46080
A63: =A62+1 -> 61 | B63: 157B/0 | C63: DD45+9 | D63: WET | E63: =178.06+14.314 -> 192.374 | F63: 46069 | H63: Completed | I63: 46092 | K63: Haji Enterprises | L63: Done | M63: 46096
A64: =A63+1 -> 62 | B64: 157A/0 | C64: DC2+0 | D64: WET | E64: =123.384+11.401 -> 134.785 | F64: 46070 | H64: Completed | I64: 46103 | K64: ABS Construction | L64: Done | M64: 46103
A65: =A64+1 -> 63 | B65: 157/2 | C65: DA+3 | D65: WET | E65: =59.68+5.951 -> 65.631 | F65: 46095 | H65: Completed | I65: 46104 | K65: Haji Enterprises | L65: Done | M65: 46105
A66: =A65+1 -> 64 | B66: 146/2 | C66: DA+0 | D66: WET | E66: =57.728+5.618 -> 63.346 | F66: 46070 | H66: Completed | I66: 46112 | K66: Haji Enterprises | L66: Done | M66: 46112
A67: =A66+1 -> 65 | B67: 193/5 | C67: DA+0 | D67: WET | E67: =57.728+5.618 -> 63.346 | F67: 46126 | H67: Completed | I67: 46132 | K67: Chandrakant Patel | L67: Done | M67: 46160
A68: =A67+1 -> 66 | B68: 192/8 | C68: DA+0 | D68: WET | E68: =57.728+5.618 -> 63.346 | F68: 46141 | H68: Completed | I68: 46148 | K68: BLG Infra | L68: Done | M68: 46150
A69: =A68+1 -> 67 | B69: 192/9 | C69: DA+3 | D69: WET | E69: =59.68+5.951 -> 65.631 | F69: 46114 | H69: Completed | I69: 46119 | K69: BLG Infra | L69: Done | M69: 46119
A70: =A69+1 -> 68 | B70: 139/0 | C70: DD60+0 | D70: WPS | E70: =166.88+11.31 -> 178.19 | F70: 46113 | H70: Completed | I70: 46133 | K70: Haji Enterprises | L70: Done | M70: 46134
A71: =A70+1 -> 69 | B71: 139/3 | C71: DA+3 | D71: WPS | E71: =37.148+3.486 -> 40.634 | F71: 46116 | H71: Completed | I71: 46125 | K71: Haji Enterprises | L71: Done | M71: 46133
A72: =A71+1 -> 70 | B72: 193/2 | C72: DA+0 | D72: WET | E72: =57.728+5.618 -> 63.346 | F72: 46120 | H72: Completed | I72: 46125 | K72: BLG Infra | L72: Done | M72: 46126
A73: =A72+1 -> 71 | B73: 193/1 | C73: DA+3 | D73: WPS | E73: =3.486+37.148 -> 40.634 | F73: 46124 | H73: Completed | I73: 46131 | K73: BLG Infra | L73: Done | M73: 46131
A74: =A73+1 -> 72 | B74: 193/4 | C74: DA+3 | D74: WPS | E74: =3.486+37.148 -> 40.634 | F74: 46131 | H74: Completed | I74: 46141 | K74: Chandrakant Patel | L74: Done | M74: 46171
A75: =A74+1 -> 73 | B75: 193/0 | C75: DC1+3 | D75: WET | E75: =9.997+110.464 -> 120.461 | F75: 46131 | H75: Completed | I75: 46140 | K75: BLG Infra | L75: Done | M75: 46140
A76: =A75+1 -> 74 | B76: 167/2 | C76: DA+0 | D76: WPS | E76: =3.264+35.862 -> 39.126 | F76: 46149 | H76: Completed | I76: 46155 | K76: BLG Infra | L76: Done | M76: 46157
A77: =A76+1 -> 75 | B77: 157B/1 | C77: DA+0 | D77: WET | E77: =57.728+5.618 -> 63.346 | F77: 46134 | H77: Completed | I77: 46158 | K77: JDG Enterprises | L77: Done | M77: 46159
A78: =A77+1 -> 76 | B78: 167/3 | C78: DA+0 | D78: WPS | E78: =3.264+35.862 -> 39.126 | F78: 46153 | H78: Completed | I78: 46159 | K78: BLG Infra | L78: Done | M78: 46160
A79: =A78+1 -> 77 | B79: 133/0 | C79: DC2+0 | D79: WPS | E79: =7.224+85.068 -> 92.292 | F79: 46151 | H79: Completed | I79: 46160 | K79: Haji Enterprises | L79: Done | M79: 46159
A80: =A79+1 -> 78 | B80: 167/4 | C80: DA+3 | D80: WPS | E80: =37.148+3.486 -> 40.634 | F80: 46159 | H80: Completed | I80: 46162 | K80: BLG Infra | L80: Done | M80: 46162
A81: =A80+1 -> 79 | B81: 153/0 | C81: DD60+0 | D81: PS | E81: =19.88+286.172 -> 306.052 | F81: 46116 | H81: Completed | I81: 46162 | K81: Krishna Constrction | L81: Done | M81: 46150
A82: =A81+1 -> 80 | B82: 133/1 | C82: DA+3 | D82: WPS | E82: =37.148+3.486 -> 40.634 | F82: 46161 | H82: Completed | I82: 46165 | K82: Haji Enterprises | L82: Done | M82: 46166
A83: =A82+1 -> 81 | B83: 167/1 | C83: DA+3 | D83: WET | E83: =59.68+5.951 -> 65.631 | F83: 46162 | H83: Completed | I83: 46168 | K83: BLG Infra | L83: Done | M83: 46169
A84: =A83+1 -> 82 | B84: 194/0 | C84: DB1+0 | D84: WET | E84: =72.684+7.26 -> 79.944 | F84: 46142 | H84: Completed | I84: 46169 | K84: Chandrakant Patel | L84: Done | M84: 46173
A85: =A84+1 -> 83 | B85: 155/0 | C85: DB2+0 | D85: WBC | E85: =111.81+15.7 -> 127.51 | F85: 46164 | H85: Completed | I85: 46173 | K85: Haji Enterprises2 | L85: Done | M85: 46181
A86: =A85+1 -> 84 | B86: 150/2 | C86: DA+3 | D86: WET | E86: =59.68+5.951 -> 65.631 | F86: 46164 | H86: Completed | I86: 46173 | K86: Vihan | L86: Done | M86: 46182
A87: =A86+1 -> 85 | B87: 153/1 | C87: DA+0 | D87: WET | E87: =57.728+5.618 -> 63.346 | F87: 46170 | H87: Completed | I87: 46173 | K87: BLG Infra | L87: Done | M87: 46176
A88: =A87+1 -> 86 | B88: 150/4 | C88: DA+3 | D88: WPS | E88: =37.148+3.486 -> 40.634 | F88: 46170 | H88: Completed | I88: 46179 | K88: Vihan | L88: Done | M88: 46181
A89: 87 | B89: 155/2 | C89: DA+3 | D89: WPS | E89: =37.148+3.486 -> 40.634 | F89: 46162 | H89: Completed | I89: 46179 | K89: Haji Enterprises-1
A90: 88 | B90: 154/0 | C90: DC2+0 | D90: PS | E90: =155.628+13.285 -> 168.913 | F90: 46170 | H90: Completed | I90: 46183 | K90: BLG Infra
A91: 89 | B91: 150/3 | C91: DA+3 | D91: WPS | E91: =37.148+3.486 -> 40.634 | F91: 46176 | H91: Completed | I91: 46184 | K91: Vihan
A92: =A91+1 -> 90 | B92: 154/1 | C92: DC1+0 (TP) | D92: WET | E92: 117.033 | F92: 46181 | H92: Completed | I92: 46187 | K92: BLG Infra | L92: Done | M92: 46188
A93: 91 | B93: 160/3 | C93: DA+0 | D93: WET | E93: 63.346 | F93: 46181 | H93: Completed | I93: 46187 | K93: Haji Enterprises | L93: Done | M93: 46188
A94: 92 | B94: 150/1 | C94: DA+0 | D94: WPS | E94: 39.126 | F94: 46181 | H94: Completed | I94: 46188 | K94: Vihan | L94: Done | M94: 46189
A95: 93 | B95: 154/2 | C95: DA-3 | D95: WET | E95: =5.618+57.728 -> 63.346 | F95: 46188 | H95: Completed | I95: 46193 | K95: BLG Infra
A96: 94 | B96: 148A/0 | C96: DC2+0 | D96: WET | E96: 134.785 | F96: 46185 | G96: Location Complete today | H96: Completed | I96: 46198 | K96: Vihan 1 | L96: Done | M96: 46199
A97: 97 | B97: 152/1 | C97: DA+9 | D97: WET | E97: 65.631 | F97: 46194 | G97: Location Complete today | H97: Completed | I97: 46198 | K97: BLG Infra | L97: Done | M97: 46199
A98: 95 | B98: 160/2 | C98: DA+0 | D98: WPS | E98: 39.126 | F98: 20-062026 | G98: Excavation WIP ,Work hampered due to ROW | K98: Vihan 2
A99: 96 | B99: 157/0 | C99: DB2+0 | D99: WET | E99: 89.905 | F99: 46193 | G99: Excavation Work WIP | K99: B.K.Traders
A100: 98 | B100: 185/0 | C100: DB2+0 | G100: Trial Pit is Done | K100: Twastha Infrastruture
...

Sheet Erection 
A2: AOTL Tower Erection | P2: =FDN!N1 -> 46202
A3: Sl. No. | B3: Location Number | C3: Type of Tower | D3: Starting Date | E3: Tower Weight (MT) | F3: Status | G3: Completion Date | H3: Gang Name | I3: Tower Tightening | J3: Manpower | K3: Hindarnce Days | L3: Remarks | M3: Tackweldng Status | N3: Tackwelding start date | O3: Tackwelding Completion date | P3: Sub Contractor name
A4: 1 | B4: 141/1 | C4: DA+0 | D4: 46023 | E4: 37.73 | F4: Completed | G4: 46029 | H4: Dhaneshwar Mahato | I4: Complete
A5: 2 | B5: 139/2 | C5: DA+3 | D5: 46027 | E5: 39.458 | F5: Completed | G5: 46034 | H5: Lalan Mehta
A6: 3 | B6: 141/0 | C6: DB2+0 | D6: 46030 | E6: 54.418 | F6: Completed | G6: 46035 | H6: Dhaneshwar Mahato | I6: Complete
A7: 5 | B7: 140/1 | C7: DA+3 | D7: 46036 | E7: 39.458 | F7: Completed | G7: 46043 | H7: Dhaneshwar Mahato | I7: Complete
A8: 4 | B8: 135/0 | C8: DB1+6 | D8: 46035 | E8: 63.509 | F8: Completed | G8: 46047 | H8: Lalan Mehta
A9: 7 | B9: 145/4 | C9: DA+0 | D9: 46040 | E9: 37.73 | F9: Completed | G9: 46050 | H9: Lalan Mehta
A10: 6 | B10: 143/1 | C10: DA+3 | D10: 46038 | E10: 39.458 | F10: Completed | G10: 46051 | H10: Hoque Construction | M10: Completed | N10: 46090 | O10: 46090 | P10: Asmina Power
A11: 8 | B11: 145/0 | C11: DB2+9 | D11: 46044 | E11: 65.757 | F11: Completed | G11: 46052 | H11: Dhaneshwar Mahato | I11: Complete | M11: Completed | N11: 46091 | O11: 46091 | P11: Asmina Power
A12: 9 | B12: 145/5 | C12: DA+0 | D12: 46049 | E12: 37.73 | F12: Completed | G12: 46053 | H12: Lalan Mehta
A13: 11 | B13: 134/0 | C13: DC2+0 | D13: 46054 | E13: 64.254 | F13: Completed | G13: 46060 | H13: Dhaneshwar Mahato | I13: Complete
A14: 10 | B14: 145/1 | C14: DB1+9 | D14: 46052 | E14: 65.757 | F14: Completed | G14: 46064 | H14: Hoque Construction
A15: 12 | B15: 140/2 | C15: DA+0 | D15: 46061 | E15: 37.73 | F15: Completed | G15: 46066 | H15: Dhaneshwar Mahato | I15: Complete
A16: 13 | B16: 148/3 | C16: DA+0 | D16: 46066 | E16: 37.73 | F16: Completed | G16: 46070 | H16: Dhaneshwar Mahato | I16: Complete | M16: Completed | N16: 46155 | O16: 46155 | P16: Asmina Power
A17: 14 | B17: 143/0 | C17: DC2+0 | D17: 46065 | E17: 64.254 | F17: Completed | G17: 46073 | H17: Hoque Construction
A18: 15 | B18: 148/2 | C18: DA+0 | D18: 46071 | E18: 37.73 | F18: Completed | G18: 46075 | H18: Dhaneshwar Mahato | I18: Complete | M18: Completed | N18: 46155 | O18: 46155 | P18: Asmina Power
A19: 16 | B19: 148/1 | C19: DA+0 | D19: 46076 | E19: 37.73 | F19: Completed | G19: 46080 | H19: Dhaneshwar Mahato | I19: Complete | M19: Completed | N19: 46157 | O19: 46157 | P19: Asmina Power
A20: 17 | B20: 192/13 | C20: DA+0 | D20: 46075 | E20: 37.73 | F20: Completed | G20: 46081 | H20: Hoque Construction
A21: 18 | B21: 148/4 | C21: DA+3 | D21: 46080 | E21: 39.458 | F21: Completed | G21: 46086 | H21: Dhaneshwar Mahato | I21: Complete | M21: Completed | N21: 46155 | O21: 46155 | P21: Asmina Power
A22: 19 | B22: 192/11 | C22: DA+3 | D22: 46082 | E22: 39.458 | F22: Completed | G22: 46090 | H22: Hoque Construction
A23: 20 | B23: 141/2 | C23: DA+6 | D23: 46089 | E23: 44.727 | F23: Completed | G23: 46097 | H23: Dhaneshwar Mahato | I23: Complete
A24: 21 | B24: 186/1 | C24: DA+0 | D24: 46091 | E24: 37.73 | F24: Completed | G24: 46098 | H24: Hoque Construction
A25: 22 | B25: 140/0 | C25: DD45+0 | D25: 46097 | E25: 72.234 | F25: Completed | G25: 46105 | H25: Dhaneshwar Mahato | I25: Complete
A26: 23 | B26: 194/1 | C26: DA+6 | D26: 46098 | E26: 44.727 | F26: Completed | G26: 46107 | H26: Hoque Construction
A27: 24 | B27: 146A/0 | C27: DB2+0 | D27: 46105 | E27: 54.418 | F27: Completed | G27: 46111 | H27: Dhaneshwar Mahato | I27: Complete | M27: Completed | N27: 46161 | O27: 46161 | P27: Asmina Power
A28: 25 | B28: 192/10 | C28: DA+0 | D28: 46107 | E28: 37.73 | F28: Completed | G28: 46112 | H28: Hoque Construction
A29: 26 | B29: 146/0 | C29: DD45+0 | D29: 46114 | E29: 72.234 | F29: Completed | G29: 46121 | H29: Dhaneshwar Mahato | I29: Complete | M29: Completed | N29: 46158 | O29: 46158 | P29: Asmina Power
A30: 27 | B30: 146/1 | C30: DA+0 | D30: 46121 | E30: 37.796 | F30: Completed | G30: 46127 | H30: Dhaneshwar Mahato | I30: Complete | M30: Completed | N30: 46159 | O30: 46159 | P30: Asmina Power
A31: 28 | B31: 146/2 | C31: DA+0 | D31: 46127 | E31: 37.796 | F31: Completed | G31: 46133 | H31: Dhaneshwar Mahato | I31: Complete | M31: Completed | N31: 46160 | O31: 46160 | P31: Asmina Power
A32: 29 | B32: 146/3 | C32: DA+0 | D32: 46134 | E32: 37.796 | F32: Completed | G32: 46141 | H32: Dhaneshwar Mahato | I32: Complete | M32: Completed | N32: 46160 | O32: 46160 | P32: Asmina Power
A33: 30 | B33: 145/3 | C33: DA+0 | D33: 46142 | E33: 37.796 | F33: Completed | G33: 46148 | H33: Dhaneshwar Mahato | I33: Complete | M33: Completed | N33: 46163 | O33: 46163 | P33: Asmina Power
A34: 31 | B34: 148/5 | C34: DA+0 | D34: 46145 | E34: 37.796 | F34: Completed | G34: 46149 | H34: Gauri Shankar
A35: 32 | B35: 146A/1 | C35: DA+0 | D35: 46149 | E35: 37.796 | F35: Completed | G35: 46155 | H35: Dhaneshwar Mahato | I35: Complete | M35: Completed | N35: 46162 | O35: 46162 | P35: Asmina Power
A36: 33 | B36: 148/6 | C36: DA+0 | D36: 46150 | E36: 37.796 | F36: Completed | G36: 46154 | H36: Gauri Shankar
A37: 34 | B37: 148/7 | C37: DA+0 | D37: 46155 | E37: 37.796 | F37: Completed | G37: 46159 | H37: Gauri Shankar
A38: 35 | B38: 147/1 | C38: DA-3 | D38: 46156 | E38: 36.044 | F38: Completed | G38: 46160 | H38: Dhaneshwar Mahato | I38: Complete
A39: 36 | B39: 139/3 | C39: DA+3 | D39: 46151 | E39: 39.458 | F39: Completed | G39: 46163 | H39: Hoque Construction
A40: 37 | B40: 147/2 | C40: DA-3 | D40: 46160 | E40: 36.044 | F40: Completed | G40: 46164 | H40: Dhaneshwar Mahato | I40: Complete
A41: 38 | B41: 148/0 | C41: DC1+0 | D41: 46161 | E41: 64.254 | F41: Completed | G41: 46167 | H41: Gauri Shankar
A42: 39 | B42: 142/0 | C42: DB2+0 | D42: 46165 | E42: 54.418 | F42: Completed | G42: 46170 | H42: Dhaneshwar Mahato
A43: 40 | B43: 139/5 | C43: DA+0 | D43: 46164 | E43: 37.796 | F43: Completed | G43: 46172 | H43: Hoque Construction
A44: 41 | B44: 136/0 | C44: DD60+0 | D44: 46170 | E44: 80.255 | F44: Completed | G44: 46177 | H44: Gauri Shankar
A45: 42 | B45: 144/0 | C45: DB1+0 | D45: 46171 | E45: 54.418 | F45: Completed | G45: 46177 | H45: Dhaneshwar Mahato
A46: 43 | B46: 139/1 | C46: DA+0 | D46: 46173 | E46: 37.796 | F46: Completed | G46: 46181 | H46: Hoque Construction
A47: 44 | B47: 143/2 | C47: DA+0 | D47: 46178 | E47: 37.796 | F47: Completed | G47: 46182 | H47: Dhaneshwar Mahato | J47: 33
A48: 45 | B48: 138/0 | C48: DD60+0 | D48: 46178 | E48: 80.255 | F48: Completed | G48: 46186 | H48: Gauri Shankar | J48: 30
A49: 46 | B49: 138/1 | C49: DA+0 | D49: 46199 | E49: 37.796 | F49: ROW | H49: Rahul Kumar | J49: 28

Sheet Visual chart 1 
A1: Visual Chart
A2: Name of the Line : | E2: TL04 765 kV D/C Ahmedabad - South Olpad Transmission Line | T2: \
A3: Client | E3: Power Grid Corporation of India Limited | AG3: FOUNDATION | AJ3: TOWER ERECTION | AM3: STR P/O | AN3: STR F/S | AO3: OPGW STR
A4: Agency | E4: KEC International Limited | AG4: TOTAL | AH4: COMP. | AI4: BAL. | AJ4: TOTAL | AK4: COMP. | AL4: BAL.
AD5: Date | AE5: 46202
A6: PROGRESS AT A GLANCE : | L6: CROSSING PROPOSAL STATUS :
A8: Sl. No. | B8: Activity | E8: UoM | F8: Total Qty | H8: Completed Till Date | J8: Balance | L8: Sl. No. | M8: Type of Crossing | O8: No. of X-ing | P8: Apprd. | Q8: Bal
A10: 1 | B10: Detailed Survey | E10: Kms | F10: 114.516 | H10: ='Survey Anx'!F39 -> 107.971 | J10: =F10-H10 -> 6.545 | L10: 1 | M10: PL X-ing
A11: 2 | B11: Check Survey | E11: Kms | F11: 114.516 | H11: ='Survey Anx'!I39 -> 94.519 | J11: =F11-H11 -> 19.997 | L11: =L10+1 -> 2 | M11: 66 kV
A12: 3 | B12: Soil Investigation | E12: Nos. | F12: 30 | H12: 30 | J12: =F12-H12 -> 0 | L12: =L11+1 -> 3 | M12: 132 kV
A13: 4 | B13: Foundation | E13: Nos. | F13: 293 | H13: =BV20 -> 95 | J13: =F13-H13 -> 198 | L13: =L12+1 -> 4 | M13: 220 kV
A14: 5 | B14: Earthing | E14: Nos. | F14: 293 | H14: 89 | J14: =F14-H14 -> 204 | L14: =L13+1 -> 5 | M14: 400 kV
A15: 6 | B15: Erection | E15: Nos. | F15: 293 | H15: =BW20 -> 45 | J15: =F15-H15 -> 248 | L15: =L14+1 -> 6 | M15: 765 kV
A16: 7 | B16: Tack Welding | E16: Nos. | F16: 293 | H16: 13 | J16: =F16-H16 -> 280 | L16: =L15+1 -> 7
A17: 8 | B17: Stringing (P/O) | E17: Kms | F17: 114.516 | H17: 0 | J17: =F17-H17 -> 114.516 | L17: =L16+1 -> 8
A18: 9 | B18: Stringing (F/S) | E18: Kms | F18: 114.516 | H18: 0 | J18: =F18-H18 -> 114.516 | L18: =L17+1 -> 9
A19: 10 | B19: OPGW Stringing | E19: Kms | F19: 114.516 | H19: 0 | J19: =F19-H19 -> 114.516 | L19: =L18+1 -> 10 | BV19: FDN | BW19: ERC
BV20: =SUM(BV21:BV214) -> 95 | BW20: =SUM(BW21:BW214) -> 45
B21: 1 | D21: 2 | F21: 3 | H21: 4 | J21: 5 | L21: 6 | N21: 7 | P21: 8 | R21: 9 | T21: 10 | V21: 11 | X21: 12 | Z21: 13 | AB21: 14 | AD21: 15
B23: 117/0 | D23: 118/0 | F23: 119/0 | H23: 119/1 | J23: 120/0 | L23: 121/0 | N23: 122/0 | P23: 123/0 | R23: 124/0 | T23: 124/1 | V23: 124/2 | X23: 124/3 | Z23: 124/4 | AB23: 124/5 | AD23: 124/6
N27: Stub N/A | P27: Stub N/A
B28: Stub N/A | C28: 393.72 | D28: Stub N/A | E28: 225.97 | F28: Stub N/A | G28: 193.84 | H28: Stub N/A | I28: 401.38 | J28: Stub N/A | K28: 284.73 | L28: Stub N/A | M28: 238.17 | O28: 164.96 | Q28: 343 | R28: Stub N/A | S28: 453 | T28: Stub N/A | U28: 369 | V28: Stub N/A | W28: 405 | X28: Stub N/A | Y28: 416 | Z28: Stub N/A | AA28: 420 | AB28: Stub N/A | AC28: 364 | AD28: Stub N/A | AE28: 401
B30: 5DB2+3 | D30: 5DD60+25 | F30: 5DD60+25 | H30: 5DB1+9 | J30: CDDN+55 | L30: CDDN+55 | N30: CDDN+55 | P30: CDDN+55 | R30: 5DD45+9 | T30: 5DA+0 | V30: 5DA-3 | X30: 5DB1+0 | Z30: 5DA+0 | AB30: 5DA+0 | AD30: 5DA+0
K31: 765KV ANTL Line | O31: 765KV VNTL Line,
O32: Nilgiri Garden
B33: 16 | D33: 17 | F33: 18 | H33: 19 | J33: 20 | L33: 21 | N33: 22 | P33: 23 | R33: 24 | T33: 25 | V33: 26 | X33: 27 | Z33: 28 | AB33: 29 | AD33: 30
B34: 124/7 | D34: 124/8 | F34: 124/9 | H34: 124/10 | J34: 124/11 | L34: 124/12 | N34: 131/0 | P34: 131/1 | R34: 131/2 | T34: 132/0 | V34: 132/1 | X34: 133/0 | Z34: 133/1 | AB34: 133/2 | AD34: 134/0
BV38: 4 | BW38: =1 -> 1
B39: Stub N/A | C39: 412 | D39: Stub N/A | E39: 405 | F39: Stub N/A | G39: 391 | H39: Stub N/A | I39: 397 | J39: Stub N/A | K39: 390 | L39: Stub N/A | M39: 397.5 | N39: Stub N/A | O39: 591 | P39: Stub N/A | Q39: 534 | R39: Stub N/A | S39: 799 | T39: Stub N/A | U39: 321 | V39: Stub N/A | W39: 449 | Y39: 412.999 | AA39: 390 | AC39: 377.199 | AE39: 374.428
B41: 5DB1+0 | D41: 5DA+0 | F41: 5DA+0 | H41: 5DA+0 | J41: 5DA+0 | L41: 5DA+9 | N41: DD60+35(S) | P41: DD45+9 | R41: DD60+55 | T41: DD60+55 | V41: DB1+18 | X41: DC2+0 | Z41: DA+3 | AB41: DA+0 | AD41: DC2+0
H42: Reserve Forest Approval Pending | R42: Mahi River
AG44: 10 | AH44: 2 | AI44: =AG44-AH44 -> 8 | AJ44: =AG44 -> 10 | AK44: 1 | AL44: =AJ44-AK44 -> 9
B45: 31 | D45: 32 | F45: 33 | H45: 34 | J45: 35 | L45: 36 | N45: 37 | P45: 38 | R45: 39 | T45: 40 | V45: 41 | X45: 42 | Z45: 43 | AB45: 44 | AD45: 45
B46: 135/0 | D46: 136/0 | F46: 137/0 | H46: 138/0 | J46: 138/1 | L46: 138/2 | N46: 138/3 | P46: 139/0 | R46: 139/1 | T46: 139/2 | V46: 139/3 | X46: 139/4 | Z46: 139/5 | AB46: 140/0 | AD46: 140/1
BV50: =15 -> 15 | BW50: 9
C51: 421.994 | E51: 232.608 | G51: 216.641 | I51: 355.998 | K51: 384 | M51: 362 | O51: 307.028 | Q51: 379.002 | S51: 412 | U51: 429 | W51: 408 | Y51: 395 | AA51: 380.686 | AC51: 410.997 | AE51: 413
B53: DB1+6 | D53: DD60+0 | F53: DD45+0 | H53: DD60+0 | J53: DA+0 | L53: DA+0 | N53: DA-3 | P53: DD60+0 | R53: DA+0 | T53: DA+3 | V53: DA+3 | X53: DA+0 | Z53: DA+0 | AB53: DD45+0 | AD53: DA+3
AG55: 10 | AH55: 10 | AI55: =AG55-AH55 -> 0 | AJ55: =AG55 -> 10 | AK55: 10 | AL55: =AJ55-AK55 -> 0 | AM55: 1.273 | AN55: 1.273
B57: 46 | D57: 47 | F57: 48 | H57: 49 | J57: 50 | L57: 51 | N57: 52 | P57: 53 | R57: 54 | T57: 55 | V57: 56 | X57: 57 | Z57: 58 | AB57: 59 | AD57: 60
B58: 140/2 | D58: 141/0 | F58: 141/1 | H58: 141/2 | J58: 142/0 | L58: 143/0 | N58: 143/1 | P58: 143/2 | R58: 144/0 | T58: 145/0 | V58: 145/1 | X58: 145/2 | Z58: 145/3 | AB58: 145/4 | AD58: 145/5
X62: ROW | BV62: =14 -> 14 | BW62: 14
C63: 386.816 | E63: 324.004 | G63: 416 | I63: 404.53 | K63: 374.076 | M63: 423.003 | O63: 420 | Q63: 375.064 | S63: 417.215 | U63: 498.001 | W63: 448 | Y63: 394 | AA63: 383 | AC63: 379 | AE63: 380.837
B65: DA+0 | D65: DB2+0 | F65: DA+0 | H65: DA+6 | J65: DB2+0 | L65: DC2+0 | N65: DA+3 | P65: DA+0 | R65: DB1+0 | T65: DB2+9 | V65: DB1+9 | X65: DA+3 | Z65: DA+0 | AB65: DA+0 | AD65: DA+0
S67: 2nos 11 kv line | W67: 66 kv dc line | AA67: 2nos 11 kv line | AG67: 10 | AH67: 9 | AI67: =AG67-AH67 -> 1 | AJ67: =COUNTA($D$58:$V$58) -> 10 | AK67: 7 | AL67: =AJ67-AK67 -> 3 | AM67: 0.915 | AN67: =0.672+0.243 -> 0.915
AG69: 10 | AH69: 10 | AI69: =AG69-AH69 -> 0 | AJ69: =COUNTA($B$71:$L$71) -> 6 | AK69: 9 | AL69: =AJ69-AK69 -> -3
B70: 61 | D70: 62 | F70: 63 | H70: 64 | J70: 65 | L70: 66 | N70: 67 | P70: 68 | R70: 69 | T70: 70 | V70: 71 | X70: 72 | Z70: 73 | AB70: 74 | AD70: 75
B71: 146/0 | D71: 146/1 | F71: 146/2 | H71: 146/3 | J71: 146A/0 | L71: 146A/1 | N71: 147/0 | P71: 147/1 | R71: 147/2 | T71: 148/0 | V71: 148/1 | X71: 148/2 | Z71: 148/3 | AB71: 148/4 | AD71: 148/5
BV74: 14 | BW74: 14
C76: 366.003 | E76: 376 | G76: 368 | I76: 373.965 | K76: 373.005 | M76: 362.45 | O76: 323 | Q76: 299 | S76: 350.381 | U76: 333.997 | W76: 394 | Y76: 363 | AA76: 413 | AC76: 376 | AE76: 388
B78: DD45+0 | D78: DA+0 | F78: DA+0 | H78: DA+0 | J78: DB2+0 | L78: DA-3 | N78: DD60+0 | P78: DA-3 | R78: DA-3 | T78: DC1+0 | V78: DA+0 | X78: DA+0 | Z78: DA+0 | AB78: DA+3 | AD78: DA+0
O79: ONGC Pipeline
B81: 76 | D81: 77 | F81: 78 | H81: 79 | J81: 80 | L81: 81 | N81: 82 | P81: 83 | R81: 84 | T81: 85 | V81: 86 | X81: 87 | Z81: 88 | AB81: 89 | AD81: 90
B82: 148/6 | D82: 148/7 | F82: 148A/0 | H82: 148B/0 | J82: 149/0 | L82: 150/0 | N82: 150/1 | P82: 150/2 | R82: 150/3 | T82: 150/4 | V82: 150/5 | X82: 151/0 | Z82: 152/0 | AB82: 152/1 | AD82: 153/0
BV86: 9 | BW86: 2
C87: 378 | E87: 342.706 | G87: 259.342 | I87: 268 | K87: 276.41 | M87: 438.126 | O87: 399.671 | Q87: 438.276 | S87: 400 | U87: 440 | W87: 375 | Y87: 298.193 | AA87: 348 | AC87: 422 | AE87: 242.877
AG88: 10 | AH88: 7 | AI88: =AG88-AH88 -> 3 | AJ88: =COUNTA($DF$98:$DX$98) -> 10 | AK88: 5 | AL88: 5
B89: DA+0 | D89: DA+0 | F89: DC2+0 | H89: DC1+0 | J89: DD60+3 | L89: DD60+3 | N89: DA+3 | P89: DA+3 | R89: DA+3 | T89: DA+0 | V89: DA+3 | X89: DD60+3 | Z89: DD60+6 | AB89: DA+9 | AD89: DD60+0
G90: 66kv UG cable,3Nos Gas Pipeline , | K90: Railway Line | Y90: NH-64 crossing,3nos 11kv line
G91: 3Nos 11 kv line
B92: 91 | D92: 92 | F92: 93 | H92: 94 | J92: 95 | L92: 96 | N92: 97 | P92: 98 | R92: 99 | T92: 100 | V92: 101 | X92: 102 | Z92: 103 | AB92: 104 | AD92: 105
B93: 153/1 | D93: 154/0 | F93: 154/1 | H93: 154/2 | J93: 155/0 | L93: 155/1 | N93: 155/2 | P93: 155/3 | R93: 155/4 | T93: 155/5 | V93: 156/0 | X93: 156/1 | Z93: 156/2 | AB93: 156/3 | AD93: 156/4
BV97: 15 | BW97: 0 | DF97: 51 | DH97: 52 | DJ97: 53 | DL97: 54 | DN97: 55 | DP97: 56 | DR97: 57 | DT97: 58 | DV97: 59 | DX97: 60
C98: 234.98 | E98: 375.72 | G98: 348 | I98: 355.504 | K98: 380.679 | M98: 408 | O98: 413 | Q98: 381 | S98: 364 | U98: 404.71 | W98: 406.001 | Y98: 402 | AA98: 365 | AC98: 420 | AE98: 408.999 | DF98: 127/4 | DH98: 127/5 | DJ98: 128/0 | DL98: 129/0 | DN98: 129A/0 | DP98: 129A/1 | DR98: 129A/2 | DT98: 130/0 | DV98: 130/1 | DX98: 130/2
B100: DA+0 | D100: DC2+0 | F100: DC1+0 | H100: DA-3 | J100: DB2+0 | L100: DA+0 | N100: DA+3 | P100: DA+0 | R100: DA+0 | T100: DA+3 | V100: DB2+0 | X100: DA+3 | Z100: DA+0 | AB100: DA+0 | AD100: DA+3
C101: Reliance | E101: ONGC | F101: TP | I101: River
C102: Gas Pipeline | E102: Gas Pipeline | DF102: WPS | DH102: WPS | DJ102: WPS | DL102: WPS | DN102: WPS | DP102: WPS | DR102: WPS | DT102: WPS
B103: 106 | D103: 107 | F103: 108 | H103: 109 | J103: 110 | L103: 111 | N103: 112 | P103: 113 | R103: 114 | T103: 115 | V103: 116 | X103: 117 | Z103: 118 | AB103: 119 | AD103: 120
B104: 156/5 | D104: 156/6 | F104: 157/0 | H104: 157/1 | J104: 157/2 | L104: 157/3 | N104: 157A/0 | P104: 157B/0 | R104: 157B/1 | T104: 158/0 | V104: 158/1 | X104: 158/2 | Z104: 159/0 | AB104: 159/1 | AD104: 159/2 | DF104: DA+3 | DH104: DA+3 | DJ104: DD60+6 | DL104: DD60+6 | DN104: DC1+0 | DP104: DA+0 | DR104: DA+3 | DT104: DB1+0 | DV104: DA+0 | DX104: DA+3
DM105: 3-GAS PIPELINE
DK106: RLY X-ING (NOT IN USE)
BV108: =4 -> 4 | BW108: 0
B109: ROW | C109: 388.001 | D109: ROW | E109: 348.628 | G109: 424.14 | I109: 412 | K109: 406 | M109: 370.192 | O109: 378.534 | Q109: 408.004 | S109: 405.551 | U109: 405.999 | W109: 386 | Y109: 408.363 | AA109: 380.997 | AC109: 426.001 | AE109: 394.475
B111: DA+0 | D111: DA+0 | F111: DB2+0 | H111: DA+6 | J111: DA+3 | L111: DA+0 | N111: DC2+0 | P111: DD45+9 | R111: DA+0 | T111: DC1+3 | V111: DA+0 | X111: DA+0 | Z111: DD45+3 | AB111: DA+6 | AD111: DA+0
B114: 120 | D114: 121 | F114: 123 | H114: 124 | J114: 125 | L114: 126 | N114: 127 | P114: 128 | R114: 129 | T114: 130 | V114: 131 | X114: 132 | Z114: 133 | AB114: 134 | AD114: 135
B115: 160/0 | D115: 160/1 | F115: 160/2 | H115: 160/3 | J115: 161/0 | L115: 161/1 | N115: 161A/0 | P115: 161A/1 | R115: 161A/2 | T115: 161A/3 | V115: 161A/4 | X115: 161A/5 | Z115: 161A/6 | AB115: 161B/0 | AD115: 161C/0
BV119: 1 | BW119: 0
C120: 411.004 | D120: ROW | E120: 423 | F120: ROW | G120: 395 | I120: 358.324 | K120: 409.996 | M120: 399.882 | O120: 410.998 | Q120: 402 | S120: 422 | U120: 409 | W120: 394 | Y120: 393 | AA120: 405.061 | AC120: 404.975 | AE120: 382.005
B122: DC2+0 | D122: DA+3 | F122: DA+0 | H122: DA+0 | J122: DD45+0 | L122: DA+3 | N122: DD45+0 | P122: DA+3 | R122: DA+0 | T122: DA+3 | V122: DA+0 | X122: DA+0 | Z122: DA+3 | AB122: DC1+0 | AD122: DC2+3
B125: 136 | D125: 137 | F125: 138 | H125: 139 | J125: 140 | L125: 141 | N125: 142 | P125: 143 | R125: 144 | T125: 145 | V125: 146 | X125: 147 | Z125: 148 | AB125: 149 | AD125: 150
B126: 161C/1 | D126: 162/0 | F126: 163/0 | H126: 163/1 | J126: 163/2 | L126: 163/3 | N126: 163/4 | P126: 164/0 | R126: 164/1 | T126: 165/0 | V126: 165/1 | X126: 165/2 | Z126: 166/0 | AB126: 167/0 | AD126: 167/1
C131: 428.053 | E131: 155.725 | G131: 387 | I131: 344 | K131: 384 | M131: 391 | O131: 426 | Q131: 328.995 | S131: 428.039 | U131: 314 | W131: 365.78 | Y131: 407 | Z131: ROW | AA131: 276 | AB131: ROW | AC131: 410 | AE131: 418 | BV131: 1 | BW131: 0
B133: DA+0 | D133: DD60+6 | F133: DD45+6 | H133: DA-3 | J133: DC1+0 | L133: DA+0 | N133: DA+0 | P133: DB1+6 | R133: DA+9 | T133: DD45+0 | V133: DA+0 | X133: DA-3 | Z133: DD60+6 | AB133: DD60+3 | AD133: DA+3
AG135: 10 | AH135: 7 | AI135: =AG135-AH135 -> 3 | AJ135: =COUNTA($B$126:$I$126) -> 4 | AK135: 6 | AL135: 5
AG136: 10 | AH136: 3 | AI136: =AG136-AH136 -> 7 | AJ136: =COUNTA($F$126:$V$126) -> 9 | AL136: 5
B138: 151 | D138: 152 | F138: 153 | H138: 154 | J138: 155 | L138: 156 | N138: 157 | P138: 158 | R138: 133 | T138: 134 | V138: 135 | X138: 136 | Z138: 137
B139: 167/2 | D139: 167/3 | F139: 167/4 | H139: 167/5 | J139: 167/6 | L139: 168/0 | N139: 169/0 | P139: 170/0 | R139: 170/1 | T139: 170/2 | V139: 170/3 | X139: 170/4 | Z139: 171/0
BV143: 3 | BW143: 0
C144: 383 | E144: 409 | G144: 420 | I144: 414 | K144: 406 | M144: 403.139 | O144: 381.59 | Q144: 357.996 | S144: 365 | U144: 378 | W144: 370 | Y144: 437.534
B146: DA+0 | D146: DA+0 | F146: DA+3 | H146: DA+0 | J146: DA+3 | L146: DD45+0 | N146: DC2+3 | P146: DD60+0 | R146: DA-3 | T146: DA+0 | V146: DA+0 | X146: DA+0 | Z146: DB2+9
B149: 139 | D149: 140 | F149: 141 | H149: 142 | J149: 143 | L149: 144 | N149: 145 | P149: 146 | R149: 147 | T149: 148 | V149: 149 | X149: 150 | Z149: 151 | AB149: 152 | AD149: 153
B150: 177/0 | D150: 178/0 | F150: 178/1 | H150: 178/2 | J150: 178/3 | L150: 178A/0 | N150: 178A/1 | P150: 178A/2 | R150: 179/0 | T150: 180/0 | V150: 180/1 | X150: 181/0 | Z150: 182/0 | AB150: 182/0 | AD150: 183/0
C155: 225.81 | D155: ROW | E155: 451 | F155: ROW | G155: 385 | I155: 429 | K155: 408 | L155: ROW | M155: 407 | N155: ROW | O155: 434 | Q155: 401 | S155: 296 | U155: 677 | W155: 642 | Y155: 414 | AA155: 446 | AC155: 411 | AE155: 345
B157: DA-3
B161: 154 | D161: 155 | F161: 156
B162: 183/1 | D162: 183/2 | F162: 184/0
C167: 345 | E167: 372
B169: DC2+0 | D169: DA+9 | F169: DA+0
B172: 157 | D172: 158 | F172: 159 | H172: 160 | J172: 161 | L172: 162 | N172: 163 | P172: 164 | R172: 165 | T172: 166 | V172: 167 | X172: 168 | Z172: 169 | AB172: 170 | AD172: 171
B173: 185/0 | D173: 186/0 | F173: 186/1 | H173: 186/2 | J173: 186/3 | L173: 186/4 | N173: 186/5 | P173: 186/6 | R173: 187/0 | T173: 187/1 | V173: 187/2 | X173: 187/3 | Z173: 187/4 | AB173: 187/5 | AD173: 187/6
B178: ROW | C178: 244 | D178: ROW | E178: 390 | G178: 377 | I178: 382 | K178: 390 | M178: 364 | O178: 390 | Q178: 395 | R178: ROW | S178: 413 | U178: 422 | W178: 306 | Y178: 357 | AA178: 390 | AC178: 430 | AE178: 399 | BV178: =1 -> 1 | BW178: 1
...

Sheet Pile Foundation
A1: ASOTL Pile
A2: Sl. No. | B2: Location No. | C2: Tower Type | D2: Classification | E2: Concreting Volume in M3 | F2: Starting Date | G2: Todays Status | H2: Cumulative Status | I2: Completion Date | J2: Remarks | K2: Gang name | L2: Earthing Status | M2: Earthing Completion Date | N2: Manpower
A3: 1 | B3: 131/1 | C3: DD45+9 | D3: Pile | F3: 46125 | G3: work hampered due to forest dept. approval pending | K3: Chowdhary Const. | N3: 25

Sheet Sheet6
A2: Sr No. | B2: Location | C2: TOT | D2: Start | E2: End
A3: 1 | B3: 117/1 | C3: =VLOOKUP(B3,Sheet4!$A:$B,2,FALSE) -> DA-3 | D3: 46037 | E3: 46043
A4: =A3+1 -> 2 | B4: 119/1 | C4: =VLOOKUP(B4,Sheet4!$A:$B,2,FALSE) -> DA-3 | D4: 46031 | E4: 46037
A5: =A4+1 -> 3 | B5: 120/0 | C5: =VLOOKUP(B5,Sheet4!$A:$B,2,FALSE) -> DD60+3 | D5: 46043 | E5: 46053
A6: =A5+1 -> 4 | B6: 120/4 | C6: =VLOOKUP(B6,Sheet4!$A:$B,2,FALSE) -> DA+0 | D6: 46019 | E6: 46024
A7: =A6+1 -> 5 | B7: 120/7 | C7: =VLOOKUP(B7,Sheet4!$A:$B,2,FALSE) -> DA+3 | D7: 46019 | E7: 46031
A8: =A7+1 -> 6 | B8: 121/2 | C8: =VLOOKUP(B8,Sheet4!$A:$B,2,FALSE) -> DA+9 | D8: 46021 | E8: 46041
A9: =A8+1 -> 7 | B9: 121/3 | C9: =VLOOKUP(B9,Sheet4!$A:$B,2,FALSE) -> DA+0 | D9: 46041 | E9: 46052
A10: =A9+1 -> 8 | B10: 126/1 | C10: =VLOOKUP(B10,Sheet4!$A:$B,2,FALSE) -> DA+3 | D10: 46021 | E10: 46040
A11: =A10+1 -> 9 | B11: 137/0 | C11: =VLOOKUP(B11,Sheet4!$A:$B,2,FALSE) -> DB2+3 | D11: 46026 | E11: 46034
A12: =A11+1 -> 10 | B12: 137/1 | C12: =VLOOKUP(B12,Sheet4!$A:$B,2,FALSE) -> DA+6 | D12: 46044 | E12: 46053
A13: =A12+1 -> 11 | B13: 137/2 | C13: =VLOOKUP(B13,Sheet4!$A:$B,2,FALSE) -> DA-3 | D13: 46019 | E13: 46026
A14: =A13+1 -> 12 | B14: 138/0 | C14: =VLOOKUP(B14,Sheet4!$A:$B,2,FALSE) -> DC2+6 | D14: 46034 | E14: 46044
A15: =A14+1 -> 13 | B15: 141/2 | C15: =VLOOKUP(B15,Sheet4!$A:$B,2,FALSE) -> DA+0 | D15: 46024 | E15: 46026
... A47: =A46+1 -> 45 | B47: 252/5 | C47: =VLOOKUP(B47,Sheet4!$A:$B,2,FALSE) -> DB1+9 | D47: 46024 | E47: 46041

Sheet Sheet4
C3: 117/1 | D3: 117/2 | E3: 118/0 | F3: 119/0 | G3: 119/1 | H3: 119/2 | I3: 119/3 | J3: 120/0 | K3: 120/1 | L3: 120/2 | M3: 120/3 | N3: 120/4 | O3: 120/5 | P3: 120/6 | Q3: 120/7 | R3: 121/0 | S3: 121/1 | T3: 121/2 | U3: 121/3 | V3: 121/4 | W3: 121/5 | X3: 121/6 | Y3: 121/7 | Z3: 121/8 | AA3: 121/9 | AB3: 121/10 | AC3: 121/11 | AD3: 124/0 | AE3: 124/1 | AF3: 124/2 | AG3: 124/3 | AH3: 125/0 | AI3: 125/1 | AJ3: 125/2 | AK3: 126/0 | AL3: 126/1 | AM3: 126/2 | AN3: 126/3 | AO3: 127/0 | AP3: 127/1 | AQ3: 127/2 | AR3: 128/0 | AS3: 129/0 | AT3: 130/0 | AU3: 131/0 | AV3: 131/1 | AW3: 131/2 | AX3: 131/3 | AY3: 131/4 | AZ3: 131/5 | BA3: 132/0 | BB3: 132/1 | BC3: 132/2 | BD3: 132/3 | BE3: 133/0 | BF3: 133/1 | BG3: 133/2 | BH3: 133/3 | BI3: 133/4 | BJ3: 134/0 | BK3: 135/0 | BL3: 136/0 | BM3: 136/1 | BN3: 137/0 | BO3: 137/1 | BP3: 137/2 | BQ3: 138/0 | BR3: 139/0 | BS3: 139/1 | BT3: 139/2 | BU3: 139/3 | BV3: 140/0 | BW3: 141/0 | BX3: 141/1 | BY3: 141/2 | BZ3: 141/3 | CA3: 141/4 | CB3: 141/5 | CC3: 141/6 | CD3: 142/0 | CE3: 143/0 | CF3: 144/0 | CG3: 145/0 | CH3: 145/1 | CI3: 145/2 | CJ3: 145/3 | CK3: 145/4 | CL3: 145/5 | CM3: 145/6 | CN3: 145/7 | CO3: 147/0 | CP3: 148/0 | CQ3: 148/1 | CR3: 148/2 | CS3: 148/3 | CT3: 148/4 | CU3: 148/5 | CV3: 149/0 | CW3: 150/0 | CX3: 150/1 | CY3: 151/0 | CZ3: 151A/0 | DA3: 152/0 | DB3: 153/0 | DC3: 153/1 | DD3: 153/2 | DE3: 153A/0 | DF3: 154/0 | DG3: 155/0 | DH3: 156/0 | DI3: 156/1 | DJ3: 157/0 | DK3: 158/0 | DL3: 159/0 | DM3: 160/0 | DN3: 161/0 | DO3: 162/0 | DP3: 163/0 | DQ3: 163/1 | DR3: 164/0 | DS3: 165/0 | DT3: 165/1 | DU3: 165/2 | DV3: 165/3 | DW3: 165/4 | DX3: 165/5 | DY3: 165/6 | DZ3: 165/7 | EA3: 166/0 | EB3: 167/0 | EC3: 168/0 | ED3: 169/0 | EE3: 170/0 | EF3: 171/0 | EG3: 172/0 | EH3: 172/1 | EI3: 173/0 | EJ3: 174/0 | EK3: 174/1 | EL3: 174/2 | EM3: 174/3 | EN3: 174/4 | EO3: 174/5 | EP3: 174/6 | EQ3: 175/0 | ER3: 175/1 | ES3: 176/0 | ET3: 176/1 | EU3: 176/2 | EV3: 177/0 | EW3: 178/0 | EX3: 178/1 | EY3: 178/2 | EZ3: 178/3 | FA3: 179/0 | FB3: 179/1 | FC3: 179/2 | FD3: 179/3 | FE3: 180/0 | FF3: 180/1 | FG3: 180/2 | FH3: 180/3 | FI3: 180/4 | FJ3: 180/5 | FK3: 180/6 | FL3: 180/7 | FM3: 182/0 | FN3: 183/0 | FO3: 183/1 | FP3: 183/2 | FQ3: 183/3 | FR3: 184/0 | FS3: 185/0 | FT3: 186/0 | FU3: 187/0 | FV3: 188/0 | FW3: 189/0 | FX3: 189/1 | FY3: 190/0 | FZ3: 191/0 | GA3: 191/1 | GB3: 192/0 | GC3: 193/0 | GD3: 194/0 | GE3: 194/1 | GF3: 195/0 | GG3: 196/0 | GH3: 196/1 | GI3: 196/2 | GJ3: 197/0 | GK3: 197/1 | GL3: 197/2 | GM3: 198/0 | GN3: 199/0 | GO3: 199/1 | GP3: 199/2 | GQ3: 200/0 | GR3: 200/1 | GS3: 201/0 | GT3: 202/0 | GU3: 203/0 | GV3: 203/1 | GW3: 204/0 | GX3: 205/0 | GY3: 205/1 | GZ3: 205/2 | HA3: 206/0 | HB3: 206/1 | HC3: 207/0 | HD3: 208/0 | HE3: 209/0 | HF3: 209/1 | HG3: 209/2 | HH3: 210/0 | HI3: 211/0 | HJ3: 211/1 | HK3: 211/2 | HL3: 211/3 | HM3: 211/4 | HN3: 211/5 | HO3: 212/0 | HP3: 213/0 | HQ3: 214/0 | HR3: 214/1 | HS3: 214/2 | HT3: 214/3 | HU3: 214/4 | HV3: 214/5 | HW3: 214/6 | HX3: 214/7 | HY3: 215/0 | HZ3: 216/0 | IA3: 216/1 | IB3: 216/2 | IC3: 216/3 | ID3: 217/0 | IE3: 217/1 | IF3: 217/2 | IG3: 217/3 | IH3: 217/4 | II3: 217/5 | IJ3: 218/0 | IK3: 219/0 | IL3: 219/1 | IM3: 220/0 | IN3: 220/1 | IO3: 221/0 | IP3: 222/0 | IQ3: 223/0 | IR3: 223/1 | IS3: 223/2 | IT3: 223/3 | IU3: 224/0 | IV3: 224/1 | IW3: 224/2 | IX3: 225/0 | IY3: 225/1 | IZ3: 225/2 | JA3: 225/3 | JB3: 225/4 | JC3: 225/5 | JD3: 225/6 | JE3: 225/7 | JF3: 226/0 | JG3: 226/1 | JH3: 226/2 | JI3: 226/3 | JJ3: 227/0 | JK3: 227/1 | JL3: 227/2 | JM3: 228/0 | JN3: 228/1 | JO3: 229/0 | JP3: 229/1 | JQ3: 229A/0 | JR3: 229B/0 | JS3: 230/0 | JT3: 230/1 | JU3: 230A/0 | JV3: 231/0 | JW3: 232/0 | JX3: 232/1 | JY3: 232/2 | JZ3: 232/3 | KA3: 232/4 | KB3: 233/0 | KC3: 234/0 | KD3: 235/0 | KE3: 235/1 | KF3: 235/2 | KG3: 235/3 | KH3: 235/4 | KI3: 236/0 | KJ3: 237/0 | KK3: 238/0 | KL3: 239/0 | KM3: 239/1 | KN3: 240/0 | KO3: 240/1 | KP3: 241/0 | KQ3: 241/1 | KR3: 241/2 | KS3: 241/3 | KT3: 241/4 | KU3: 242/0 | KV3: 243/0 | KW3: 243/1 | KX3: 243/2 | KY3: 243/3 | KZ3: 244/0 | LA3: 244/1 | LB3: 244/2 | LC3: 244/3 | LD3: 244/4 | LE3: 244/5 | LF3: 244/6 | LG3: 245/0 | LH3: 245/1 | LI3: 246/0 | LJ3: 247/0 | LK3: 248/0 | LL3: 248/1 | LM3: 248/2 | LN3: 249/0 | LO3: 249/1 | LP3: 249/2 | LQ3: 249/3 | LR3: 250/0 | LS3: 250/1 | LT3: 250/2 | LU3: 250/3 | LV3: 250A/0 | LW3: 250A/1 | LX3: 250A/2 | LY3: 251/0 | LZ3: 251/1 | MA3: 252/0 | MB3: 252/1 | MC3: 252/2 | MD3: 252/3 | ME3: 252/4 | MF3: 252/5 | MG3: 253/0 | MH3: 254/0 | MI3: 254/1 | MJ3: 255/0 | MK3: 255/1 | ML3: 256/0 | MM3: 256/1 | MN3: 257/0 | MO3: 258/0
C4: DA-3 | D4: DA+6 | E4: DB2+0 | F4: DD60+0 | G4: DA-3 | H4: DA-3 | I4: DA+9 | J4: DD60+3 | K4: DA-3 | L4: DA+0 | M4: DA+6 | N4: DA+0 | O4: DA-3 | P4: DA+0 | Q4: DA+3 | R4: DB2+9 | S4: DB1+25 | T4: DA+9 | U4: DA+0 | V4: DA+0 | W4: DA-3 | X4: DA+0 | Y4: DB1+0 | Z4: DA+0 | AA4: DA+0 | AB4: DA+0 | AC4: DA+9 | AD4: DD45+3 | AE4: DA-3 | AF4: DA+0 | AG4: DA+0 | AH4: DC2+3 | AI4: DA+9 | AJ4: DA+9 | AK4: DD45+3 | AL4: DA+3 | AM4: DA+0 | AN4: DA+0 | AO4: DB2+0 | AP4: DA-3 | AQ4: DB1+9 | AR4: DD60+25 (2MRC) | AS4: DD45+25 (15.87MRC) | AT4: DD45+25 (11.9MRC) | AU4: DD60+9 (7MRC) | AV4: DA+3 | AW4: DA+0 | AX4: DA+3 | AY4: DA-3 | AZ4: DA-3 | BA4: DB2+0 | BB4: DA-3 | BC4: DA-3 | BD4: DA-3 | BE4: DC1+0 | BF4: DA+0 | BG4: DB1+0 | BH4: DB1+0 | BI4: DA+3 | BJ4: DD45+0 | BK4: DD60+3 | BL4: DD60+6 | BM4: DB1+9 | BN4: DB2+3 | BO4: DA+6 | BP4: DA-3 | BQ4: DC2+6 | BR4: DD45+6 | BS4: DA+6 | BT4: DB2+0 | BU4: DB1+0 | BV4: DD60+25 | BW4: DD60+25 | BX4: DA+0 | BY4: DA+0 | BZ4: DA+0 | CA4: DA-3 | CB4: DA-3 | CC4: DA+3 | CD4: DC1+9 | CE4: DD60+18 | CF4: DD60+18 | CG4: DD45+9 | CH4: DA+0 | CI4: DA+0 | CJ4: DA-3 | CK4: DA+0 | CL4: DA+3 | CM4: DA+3 | CN4: DB1+0 | CO4: DD60+25 | CP4: DD60+25 | CQ4: DA+3 | CR4: DA+0 | CS4: DA+6 | CT4: DA+3 | CU4: DB1+3 | CV4: DD60+25 | CW4: DD60+25 | CX4: DB1+0 | CY4: DD60+6 | CZ4: DD60+18 | DA4: DD60+3 | DB4: DD60+3 | DC4: DA+3 | DD4: DA+0 | DE4: DD45+9 | DF4: DD60+9 | DG4: DD60+18 | DH4: DD45+18 | DI4: DB2+9 | DJ4: DD60+41 | DK4: DD60+41 | DL4: DD60+9 (2MRC) | DM4: DC2+0 | DN4: DB1+3 | DO4: DD60+25 | DP4: DD60+30 | DQ4: DB1+6 | DR4: DC2+6 | DS4: DB1+25 | DT4: DA+9 | DU4: DA+6 | DV4: DA+6 | DW4: DA-3 | DX4: DA-3 | DY4: DCT+0 | DZ4: DA+0 | EA4: DD60+0 | EB4: DD60+9 | EC4: DD60+30 | ED4: DD60+25 | EE4: DD60+6 | EF4: DB1+18 | EG4: DD45+9 | EH4: DA+9 | EI4: DC2+18 | EJ4: DD60+9 (2MRC) | EK4: DA+3 | EL4: DA+0 | EM4: DA+0 | EN4: DA+0 | EO4: DA+0 | EP4: DA+3 | EQ4: DC2+6 | ER4: DB1+9 | ES4: DD45+0 | ET4: DA+0 | EU4: DA-3 | EV4: DD60+6 | EW4: DD60+6 | EX4: DA+0 | EY4: DA+0 | EZ4: DA-3 | FA4: DB1+0 | FB4: DA+3 | FC4: DA+3 (A,B 1.5 RC) | FD4: DA+0 | FE4: DD45+0LE (3 Leg)+1.5LE (1 Leg) & (B1MRC & C0.5MRS) | FF4: DA+3 | FG4: DB1+3 | FH4: DA+9 | FI4: DA-3 | FJ4: DA+3 | FK4: DA+0 | FL4: DA+0 | FM4: DD45+0 | FN4: DD60+0 | FO4: DA+0 | FP4: DA+0 | FQ4: DA+3 | FR4: DB1+18 | FS4: DD45+25 | FT4: DC1+18 | FU4: DC1+0 | FV4: DD60+35 | FW4: DD60+35 | FX4: DA+9 | FY4: DD60+9 | FZ4: DD60+9 | GA4: DB1+3 | GB4: DC2+9 | GC4: DD60+30 | GD4: DD60+30 | GE4: DB1+9 | GF4: DC1+18 | GG4: DB2+18 | GH4: DA+9 | GI4: DA+3 | GJ4: DB1+0 | GK4: DA-3 | GL4: DA-3 | GM4: DD60+6 | GN4: DD60+6 | GO4: DA+3 | GP4: DA+6 | GQ4: DC2+0 | GR4: DA+6 | GS4: DC1+9 | GT4: DC1+18 | GU4: DC1+18 | GV4: DB1+0 | GW4: DD60+25 (2MRC) | GX4: DD60+25 (3MRC) | GY4: DB2+9 | GZ4: DA+9 | HA4: DC2+0 | HB4: DB1+6 | HC4: DD60+25 | HD4: DD45+35 | HE4: DD60+9 | HF4: DA+0 | HG4: DA-3 | HH4: DB2+9 (2MRC) | HI4: DB2+9 | HJ4: DA-3 | HK4: DA+0 | HL4: DA+9 | HM4: DA-3 | HN4: DB1+9 | HO4: DD45+30 (2MRC) | HP4: DD60+35 | HQ4: DD60+25 | HR4: DA+6 | HS4: DA-3 | HT4: DA-3 | HU4: DA-3 | HV4: DA+0 | HW4: DA+3 | HX4: DA+3 | HY4: DD60+3 | HZ4: DD60+3 | IA4: DA+9 (2MRC) | IB4: DB1+18 (2MRC) | IC4: DA+9 | ID4: DC2+9 | IE4: DA+3 | IF4: DA+0 | IG4: DA+9 | IH4: DA+9 | II4: DA+0 | IJ4: DD60+3 | IK4: DD45+3 | IL4: DA+9 | IM4: DD45+0 | IN4: DA+6 | IO4: DD60+18 | IP4: DD60+25 | IQ4: DC1+6 | IR4: DA+0 | IS4: DA+0 | IT4: DA-3 | IU4: DC1+0 | IV4: DA+3 | IW4: DB1+6 | IX4: DB2+0 | IY4: DA+9 | IZ4: DA-3 | JA4: DA-3 | JB4: DA+3 | JC4: DA+0 | JD4: DA+0 | JE4: DA+6 | JF4: DB2+3 | JG4: DA+6 | JH4: DA+0 | JI4: DA+0 | JJ4: DD45+0 | JK4: DA+6 | JL4: DA+3 | JM4: DD45+0 | JN4: DA+0 | JO4: DD45+0 | JP4: DA+9 | JQ4: DB1+25 | JR4: DB2+25 | JS4: DC1+6 | JT4: DA+9 | JU4: DD45+0 | JV4: DB1+0 | JW4: DB1+0 | JX4: DA+0 | JY4: DA+0 | JZ4: DA+0 | KA4: DA+3 | KB4: DC1+0 | KC4: DD60+18 | KD4: DD60+9 (2MRC) | KE4: DA+9 | KF4: DA+0 | KG4: DA+0 | KH4: DA+3 | KI4: DB2+18 | KJ4: DB1+25 (2MRC) | KK4: DC1+25 | KL4: DD45+0 | KM4: DA+0 | KN4: DB2+0 | KO4: DA+3 | KP4: DD60+0 | KQ4: DA+0 | KR4: DA+0 | KS4: DA+0 | KT4: DA+3 | KU4: DD60+3 | KV4: DD60+3 | KW4: DA+0 | KX4: DA+0 | KY4: DA+0 | KZ4: DD45+0 | LA4: DA+0 | LB4: DA+0 | LC4: DA+3 | LD4: DA+3 | LE4: DA+0 | LF4: DA+3 | LG4: DD45+0 | LH4: DA+0 | LI4: DD45+9 | LJ4: DD60+35 (2MRC) | LK4: DD60+35 (2MRC) | LL4: DB1+9 | LM4: DA+6 | LN4: DD60+3 | LO4: DA+9 | LP4: DA+3 | LQ4: DA+3 | LR4: DD45+3 | LS4: DA+9 (1MRC) | LT4: DA+0 | LU4: DA+9 | LV4: DB1+3 (3MRC) | LW4: DA+6 | LX4: DA+0 | LY4: DD45+0 | LZ4: DA+6 (1MRC) | MA4: DB2+0 | MB4: DA+0 | MC4: DA+3 | MD4: DA+6 | ME4: DA+0 | MF4: DB1+9 | MG4: DD45+35 (2MRC) | MH4: DD45+35 (2MRC) | MI4: DB1+9 | MJ4: DD60+0 | MK4: DA+0 | ML4: DD60+0 | MM4: DA+9 | MN4: DC1+9 | MO4: DD60+0 (1.5MRC)
A9: Loc No | B9: Tower Type
I10: 118/0
A11: 117/1 | B11: DA-3 | H11: =A11 -> 117/1
A12: 117/2 | B12: DA+6 | H12: =A12 -> 117/2
A13: 118/0 | B13: DB2+0 | H13: =A13 -> 118/0
A14: 119/0 | B14: DD60+0 | H14: =A14 -> 119/0
A15: 119/1 | B15: DA-3 | H15: =A15 -> 119/1
A16: 119/2 | B16: DA-3 | H16: =A16 -> 119/2
A17: 119/3 | B17: DA+9 | H17: =A17 -> 119/3
A18: 120/0 | B18: DD60+3 | H18: =A18 -> 120/0
A19: 120/1 | B19: DA-3 | H19: =A19 -> 120/1
A20: 120/2 | B20: DA+0 | H20: =A20 -> 120/2
A21: 120/3 | B21: DA+6 | H21: =A21 -> 120/3
A22: 120/4 | B22: DA+0 | I22: 174/1
A23: 120/5 | B23: DA-3 | I23: 174/2
A24: 120/6 | B24: DA+0 | I24: 174/3
A25: 120/7 | B25: DA+3 | I25: 174/4
A26: 121/0 | B26: DB2+9 | I26: 174/5
A27: 121/1 | B27: DB1+25 | I27: 174/6
A28: 121/10 | B28: DA+0 | I28: 178/2
A29: 121/11 | B29: DA+9 | H29: =A29 -> 121/11
A30: 121/2 | B30: DA+9 | I30: 175/0
A31: 121/3 | B31: DA+0 | I31: 175/1
A32: 121/4 | B32: DA+0 | I32: 176/0
A33: 121/5 | B33: DA-3 | I33: 176/1
A34: 121/6 | B34: DA+0 | I34: 176/2
A35: 121/7 | B35: DB1+0 | I35: 177/0
A36: 121/8 | B36: DA+0 | I36: 178/0
A37: 121/9 | B37: DA+0 | I37: 178/1
A38: 124/0 | B38: DD45+3 | I38: 178/3
A39: 124/1 | B39: DA-3 | H39: =A39 -> 124/1
A40: 124/2 | B40: DA+0 | H40: =A40 -> 124/2
A41: 124/3 | B41: DA+0 | H41: =A41 -> 124/3
A42: 125/0 | B42: DC2+3 | I42: 180/1
A43: 125/1 | B43: DA+9 | I43: 180/2
A44: 125/2 | B44: DA+9 | I44: 180/3
A45: 126/0 | B45: DD45+3 | I45: 180/4
A46: 126/1 | B46: DA+3 | I46: 180/5
A47: 126/2 | B47: DA+0 | H47: =A47 -> 126/2
A48: 126/3 | B48: DA+0 | I48: 180/7
A49: 127/0 | B49: DB2+0 | H49: =A49 -> 127/0
A50: 127/1 | B50: DA-3 | H50: =A50 -> 127/1
A51: 127/2 | B51: DB1+9 | H51: =A51 -> 127/2
A52: 128/0 | B52: DD60+25 (2MRC) | H52: =A52 -> 128/0
A53: 129/0 | B53: DD45+25 (15.87MRC) | H53: =A53 -> 129/0
A54: 130/0 | B54: DD45+25 (11.9MRC) | H54: =A54 -> 130/0
A55: 131/0 | B55: DD60+9 (7MRC) | H55: =A55 -> 131/0
A56: 131/1 | B56: DA+3 | H56: =A56 -> 131/1
A57: 131/2 | B57: DA+0 | H57: =A57 -> 131/2
A58: 131/3 | B58: DA+3 | H58: =A58 -> 131/3
A59: 131/4 | B59: DA-3 | H59: =A59 -> 131/4
A60: 131/5 | B60: DA-3 | H60: =A60 -> 131/5
... A63: 132/2 | B63: DA-3 | H63: =A63 -> 132/2
A64: 132/3 | B64: DA-3 | I64: 186/0
A65: 133/0 | B65: DC1+0 | H65: =A65 -> 133/0
A66: 133/1 | B66: DA+0 | H66: =A66 -> 133/1
A67: 133/2 | B67: DB1+0 | H67: =A67 -> 133/2
A68: 133/3 | B68: DB1+0 | H68: =A68 -> 133/3
A69: 133/4 | B69: DA+3 | H69: =A69 -> 133/4
A70: 134/0 | B70: DD45+0 | I70: 191/0
A71: 135/0 | B71: DD60+3 | H71: =A71 -> 135/0
A72: 136/0 | B72: DD60+6 | H72: =A72 -> 136/0
A73: 136/1 | B73: DB1+9 | H73: =A73 -> 136/1
A74: 137/0 | B74: DB2+3 | H74: =A74 -> 137/0
A75: 137/1 | B75: DA+6 | H75: =A75 -> 137/1
A76: 137/2 | B76: DA-3 | H76: =A76 -> 137/2
A77: 138/0 | B77: DC2+6 | H77: =A77 -> 138/0
A78: 139/0 | B78: DD45+6 | H78: =A78 -> 139/0
A79: 139/1 | B79: DA+6 | H79: =A79 -> 139/1
A80: 139/2 | B80: DB2+0 | H80: =A80 -> 139/2
A81: 139/3 | B81: DB1+0 | H81: =A81 -> 139/3
A82: 140/0 | B82: DD60+25 | H82: =A82 -> 140/0
... A90: 142/0 | B90: DC1+9 | H90: =A90 -> 142/0
A91: 143/0 | B91: DD60+18 | I91: 211/2
A92: 144/0 | B92: DD60+18 | H92: =A92 -> 144/0
A93: 145/0 | B93: DD45+9 | H93: =A93 -> 145/0
A94: 145/1 | B94: DA+0 | H94: =A94 -> 145/1
A95: 145/2 | B95: DA+0 | I95: 211/4
A96: 145/3 | B96: DA-3 | H96: =A96 -> 145/3
A97: 145/4 | B97: DA+0 | H97: =A97 -> 145/4
A98: 145/5 | B98: DA+3 | H98: =A98 -> 145/5
A99: 145/6 | B99: DA+3 | H99: =A99 -> 145/6
A100: 145/7 | B100: DB1+0 | H100: =A100 -> 145/7
A101: 147/0 | B101: DD60+25 | H101: =A101 -> 147/0
A102: 148/0 | B102: DD60+25 | H102: =A102 -> 148/0
A103: 148/1 | B103: DA+3 | H103: =A103 -> 148/1
A104: 148/2 | B104: DA+0 | H104: =A104 -> 148/2
A105: 148/3 | B105: DA+6 | H105: =A105 -> 148/3
A106: 148/4 | B106: DA+3 | H106: =A106 -> 148/4
A107: 148/5 | B107: DB1+3 | H107: =A107 -> 148/5
... A121: 156/1 | B121: DB2+9 | H121: =A121 -> 156/1
A122: 157/0 | B122: DD60+41 | I122: 124/3
A123: 158/0 | B123: DD60+41 | H123: =A123 -> 158/0
A124: 159/0 | B124: DD60+9 (2MRC) | H124: =A124 -> 159/0
A125: 160/0 | B125: DC2+0 | H125: =A125 -> 160/0
A126: 161/0 | B126: DB1+3 | H126: =A126 -> 161/0
A127: 162/0 | B127: DD60+25 | H127: =A127 -> 162/0
A128: 163/0 | B128: DD60+30 | H128: =A128 -> 163/0
...

Sheet Sheet7
B3: kfvnk
B4: 117/1
B5: 117/2
B6: 118/0
B7: 119/0
B8: 119/1
B9: 119/2
B10: 119/3
B11: 120/0
B12: 120/1
B13: 120/2
B14: 120/3
... B380: 178/2

Sheet Stringing Compiled
D1: Number of TSE
A3: S.no | B3: Sec | C3: From AP | D3: To AP | E3: Span (M) | F3: Method | G3: Section Readiness | H3: Insulator Hoisting | I3: P/O Starting Date | J3: P/O Completion Date | K3: P/O | L3: F/S Starting Date | M3: F/S/ Completion Date | N3: Jumpering | O3: Spacering | P3: Clipping | Q3: Length | R3: Status | S3: Gang Name | T3: Gang Strength | U3: Number of Fitters | V3: Hindrance | W3: Remarks
D6: Total | E6: =SUM(E4:E5)/1000 -> 0

Sheet String
A1: ASOTL Stringing
A2: Sr. No. | B2: Section | C2: length | D2: Manual/TSE | E2: Engaged Date | F2: Paying Out | H2: Final Sag | J2: P/O Completed | K2: F/S Completed | L2: Stringing Status As on Today | M2: Cumulative Status | N2: Sub Contractor name | O2: Manpower | P2: Hindarnce Days | Q2: Remarks
F3: Start Date | G3: End Date | H3: Start Date | I3: End Date

Sheet Crossing
A1: TL-04 , 765 kV D/C Ahmedabad - South Olpad Transmission Line
A2: Sl No | B2: AP NO | C2: Towe Type | D2: AP No | E2: Tower Type | F2: Type of Crossings | G2: Span Length | H2: LINE OWNER | I2: Line Name | J2: Nos. | K2: Work Portion | L2: Status | M2: Submitted to Client for Review | N2: Proposal Submitted (Y/N) | O2: Inspection Status (Y/N) | P2: Remarks
A3: 1 | B3: 118/0 | C3: 5DD60+25 | D3: 119/0 | E3: DD60+25 | F3: Powerline crossing | G3: 225.97 | H3: GETCO | I3: 400 kV D/C Twin Chorniya/Pancham To Kosamba TL | J3: 1 | K3: Anand | L3: Submitted | M3: 46129 | N3: Y | P3: Approval Not Received from PGCIL
A4: 2 | B4: 120/0 | C4: CDDN+55 | D4: 121/0 | E4: CDDN+25 | F4: Powerline crossing | G4: 284.73 | H4: PGCIL | I4: 765 kV D/C Ahmedabad-Navsari | J4: 1 | K4: Anand | L4: Submitted | M4: 46129 | N4: Y | P4: Approval Not Received from PGCIL
A5: 3 | B5: 122/0 | C5: CDDN+55 | D5: 123/0 | E5: CDDN+25 | F5: Powerline crossing | G5: 164.96 | H5: PGCIL | I5: 765 kV D/C Vataman-Navsari | J5: 1 | K5: Anand | L5: Submitted | M5: 46129 | N5: Y | P5: Approval Not Received from PGCIL
A6: 4 | B6: 145/1 | C6: DB1+9 | D6: 145/2 | E6: DA+3 | F6: Powerline crossing | G6: 448 | H6: GETCO | I6: 66 kV D/C Gavasad-Sterling/Sarod | J6: 1 | K6: Bharuch | L6: Submitted | M6: 45859 | N6: Y | O6: Y | P6: Approval Not Received from PGCIL
A7: 5 | B7: 147/0 | C7: DD60+0 | D7: 147/1 | E7: DA-3 | F7: GAS PIPELINE | G7: 323 | H7: ONGC | I7: GGS Jambusar-GGS Dabka | J7: 1 | K7: Bharuch | L7: Submitted | M7: 45887 | N7: Y | O7: Y | P7: Approval Not Received from PGCIL
A8: 6 | B8: 148A/0 | C8: DC2+0 | D8: 148B/0 | E8: DC1+0 | F8: GAS PIPELINE | G8: 259.34 | H8: GAIL | I8: Dabka-Gandhar | J8: 1 | K8: Bharuch | L8: Submitted | M8: 45915 | N8: Y | O8: Y | P8: Approval Not Received from PGCIL
A9: 7 | B9: 148A/0 | C9: DC2+0 | D9: 148B/0 | E9: DC1+0 | F9: GAS PIPELINE | G9: 259.34 | H9: GSPL | I9: Uchchhad-Jambusar | J9: 1 | K9: Bharuch | L9: Submitted | M9: 45915 | N9: Y | O9: Y | P9: Approval Not Received from PGCIL
A10: 8 | B10: 149/0 | C10: DD60+6 | D10: 150/0 | E10: DD60+6 | F10: Railway Crossing | G10: 275.39 | H10: IR WR | I10: BG U/C electrified single Vishamitri-Jambusar | J10: 1 | K10: Bharuch | L10: Submitted | M10: 45930 | N10: Y | O10: Y | P10: Approval Not Received from PGCIL
A11: 9 | B11: 150/5 | C11: DA+3 | D11: 151/0 | E11: DD60+3 | F11: Powerline crossing | G11: 375.54 | H11: GETCO | I11: 66 kV (H FRAME) Masar Road to Jambusar | J11: 1 | K11: Bharuch | L11: Submitted | M11: 45911 | N11: Y | O11: Y | P11: Approval received on 25-04-2026
A12: 10 | B12: 151/0 | C12: DD60+3 | D12: 152/0 | E12: DD60+6 | F12: NH | G12: 297.52 | H12: NHAI | I12: Jambusar-Bharuch Section (NH 64) | J12: 1 | K12: Bharuch | L12: Submitted | M12: 45909 | N12: Y | O12: Y | P12: Approval Not Received from PGCIL
A13: 11 | B13: 151/0 | C13: DD60+3 | D13: 152/0 | E13: DD60+6 | F13: Railway Crossing | G13: 297.52 | H13: IR WR | I13: BG U/C electrified single Bharuch-Jambusar | J13: 1 | K13: Bharuch | L13: Submitted | M13: 45930 | N13: Y | O13: Y | P13: Approval Not Received from PGCIL
A14: 12 | B14: 153/1 | C14: DA+0 | D14: 154/0 | E14: DC2+0 | F14: GAS PIPELINE | G14: 234.98 | H14: Reliance | I14: Dahej-Vadodara | J14: 1 | K14: Bharuch | L14: Submitted | M14: 45750 | N14: Y | O14: Y | P14: Approval Not Received from PGCIL
A15: 13 | B15: 154/0 | C15: DC2+0 | D15: 154/1 | E15: DA+0 | F15: GAS PIPELINE | G15: 375.72 | H15: ONGC | I15: GNAQ-Magnad | J15: 1 | K15: Bharuch | L15: Submitted | M15: 45751 | N15: Y | O15: Y | P15: Approval Not Received from PGCIL
A16: 14 | B16: 157A/0 | C16: DC2+0 | D16: 157B/0 | E16: DD45+9 | F16: GAS PIPELINE | G16: 378.53 | H16: ONGC | I16: G763 Station to EPS253 Station | J16: 1 | K16: Bharuch | L16: Submitted | M16: 45913 | N16: Y | O16: Y | P16: Approval Not Received from PGCIL
A17: 15 | B17: 157A/0 | C17: DC2+0 | D17: 157B/0 | E17: DD45+9 | F17: Powerline crossing | G17: 378.53 | H17: GETCO | I17: U/C 66 k/V D/C Amod-Muler | J17: 1 | K17: Bharuch | L17: Submitted | M17: 45902 | N17: Y | O17: Y | P17: Approval Not Received from PGCIL
... A32: 30 | B32: 170/2 | C32: DA+0 | D32: 170/3 | E32: DA+0 | F32: GAS PIPELINE | G32: 378 | H32: GAIL | I32: Dahej-Vemar | J32: 2 | K32: Bharuch | L32: Submitted | M32: 45756 | N32: Y | O32: Y | P32: Approval received on 25.04.2026
A33: 31 | B33: 171/0 | C33: DB2+9 | D33: 172/0 | E33: DC1+9 | F33: Powerline crossing | G33: 240.05 | H33: GETCO | I33: 220 kV D/C Haldarva-Dahej | J33: 1 | K33: Bharuch | L33: Not Submitted | P33: Details Survey Approval pending due to GETCO new substation in detail survey route
A34: 32 | B34: 173/0 | C34: DC2+9 | D34: 174/0 | E34: DB1+9 | F34: Powerline crossing | G34: 249 | H34: GETCO | I34: 220 kV D/C Haldarva-Suva/Dahej | J34: 1 | K34: Bharuch | L34: Not Submitted | P34: Details Survey Approval pending due to GETCO new substation in detail survey route
A35: 33 | B35: 176/0 | C35: DD60+0 | D35: 176A/0 | E35: DD60+0 | F35: GAS PIPELINE | G35: 172.61 | H35: ONGC | I35: CPU Gandhar-CPF Ankleshwar | J35: 1 | K35: Bharuch | L35: Not Submitted | P35: Under Preparation
A36: 34 | B36: 177/0 | C36: DD60+25 (2M RC) | D36: 178/0 | E36: DD60+25(2M RC) | F36: Powerline crossing | G36: 225.81 | H36: Torrent Power | I36: 400 kV D/C DGEN-Navsari | J36: 1 | K36: Bharuch | L36: Submitted | M36: 46150 | N36: Y | P36: Approval Not Received from PGCIL
A37: 35 | B37: 177/0 | C37: DD60+25 (2M RC) | D37: 178/0 | E37: DD60+25(2M RC) | F37: GAS PIPELINE | G37: 225.81 | H37: IOCL | I37: Amod-Hajira | J37: 1 | K37: Bharuch | L37: Submitted | M37: 46150 | N37: Y | P37: Approval Not Received from PGCIL
A38: 36 | B38: 178/1 | C38: DA+0 | D38: 178/2 | E38: DA+3 | F38: GAS PIPELINE | G38: 385 | H38: GSPL | I38: Amboli-Dahej | J38: 1 | K38: Bharuch | L38: Submitted | M38: 46153 | N38: Y | P38: Approval Not Received from PGCIL
A39: 37 | B39: 178/2 | C39: DA+3 | D39: 178/3 | E39: DA+3 | F39: GAS PIPELINE | G39: 429 | H39: Reliance | I39: Dahej-Hagothana | J39: 1 | K39: Bharuch | L39: Submitted | M39: 46167 | N39: Y | P39: Approval Not Received from PGCIL
A40: 38 | B40: 178/2 | C40: DA+3 | D40: 178/3 | E40: DA+3 | F40: GAS PIPELINE | G40: 429 | H40: ONGC | I40: IPCL Hajira-Dahej | J40: 1 | K40: Bharuch | L40: Submitted | M40: 46167 | N40: Y | P40: Approval Not Received from PGCIL
A41: 39 | B41: 178/2 | C41: DA+3 | D41: 178/3 | E41: DA+3 | F41: GAS PIPELINE | G41: 429 | H41: GAIL | I41: DUPL Dahej-Hajira | J41: 1 | K41: Bharuch | L41: Submitted | M41: 46167 | N41: Y | P41: Approval Not Received from PGCIL
A42: 40 | B42: 184/10 | C42: DA-3 | D42: 184/11 | E42: DA-3 | F42: GAS PIPELINE | G42: 360 | H42: ONGC | I42: ALLA BET- Ankleshwar | J42: 1 | K42: Bharuch | L42: Not Submitted | P42: Under Preparation
A43: 41 | B43: 185/0 | C43: DB2+0 | D43: 186/0 | E43: DC1+0 | F43: NH | G43: 244.02 | H43: NHAI | I43: Ankleshwar- Hansot (NH 64) | J43: 1 | K43: Bharuch | L43: Submitted | M43: 45859 | N43: Y | O43: Y | P43: Approval Not Received from PGCIL
A44: 42 | B44: 186/4 | C44: DA+0 | D44: 186/5 | E44: DB1+0 | F44: Powerline crossing | G44: 364 | H44: GETCO | I44: 66 kV (H-Frame) Hansot-Ankleshwar | J44: 1 | K44: Bharuch | L44: Submitted | M44: 45854 | N44: Y | O44: Y | P44: Approval received on 25-04-2026
A45: 43 | B45: 186/5 | C45: DB1+0 | D45: 186/6 | E45: DA+0 | F45: Powerline crossing | G45: 390 | H45: GETCO | I45: 66 kV (H-Frame) Panoli-Hansot | J45: 1 | K45: Bharuch | L45: Submitted | M45: 45854 | N45: Y | O45: Y | P45: Approval received on 25-04-2026
A46: 44 | B46: 189/0 | C46: DC1+0 | D46: 190/0 | E46: DD45+0 | F46: NH | G46: 242.91 | H46: NHAI | I46: Hansot-Rayma (NH 64) | J46: 1 | K46: Bharuch | L46: Submitted | M46: 45859 | N46: Y | O46: Y | P46: Approval Not Received from PGCIL
A47: 45 | B47: 193/3 | C47: DB1+3 | D47: 193/4 | E47: DA+3 | F47: Powerline crossing | G47: 437 | H47: GETCO | I47: 66 kV D/C Vadoli-Mindhi | J47: 1 | K47: Bharuch | L47: Submitted | M47: 45897 | N47: Y | O47: Y | P47: Approval received on 25-04-2026
A48: 46 | B48: 195/0 | C48: DB2+0 | D48: 196/0 | E48: DB1+0 | F48: NH | G48: 210.48 | H48: NHAI | I48: Vadoli-Olpad | J48: 1 | K48: Surat | L48: Submitted | M48: 46182 | N48: Y | P48: Submitted today
A49: 47 | B49: 197/0 | C49: DD60+25 (3M RC) | D49: 198/0 | E49: DD60+25(3M RC) | F49: Powerline crossing | G49: 233.53 | H49: ESSAR POWER | I49: Hazira-Gandhar | J49: 1 | K49: Surat | L49: Submitted | M49: 46161 | N49: Y | P49: Approval Not Received from PGCIL

Sheet Tree Enumeration
A1: Sr.No. | B1: Location Details | C1: Length | D1: Status
A2: 1 | B2: AP145/0 to AP171/0 | C2: 41.090 km | D2: completed
A3: 2 | B3: AP177/0 to AP184/0 | C3: 6.747 km | D3: completed | G3: Sr No. | H3: Gang | I3: Status/Arrival | J3: Manpower | K3: Contact | L3: Remarks
A4: 3 | B4: AP177/0 to AP184/0 | C4: 29.131 km | D4: completed | G4: 1 | H4: BLG Infra 1 | I4: WIP at 154/2 | J4: 12 | K4: 9923426296
A5: 4 | G5: 2 | H5: BLG Infra 2 | I5: Clear Front not Provided from Client | J5: 10 | K5: 9923426296
A6: 5 | G6: 3 | H6: Vihan 1 | I6: WIP at 148A/0 | J6: 11 | K6: 7066720891
A7: 6 | G7: 4 | H7: Vihan 2 | I7: Clear Front not Provided from Client | J7: 10 | K7: 7066720891
A8: 7 | G8: 5 | H8: Haji Enterprises | I8: Trial Pit | J8: 14 | K8: 7047832193
A9: 8 | G9: 6 | H9: RB | I9: 20 06-2026 | J9: 12 | K9: 9512377438
A10: 9 | G10: 7 | H10: BK Traders | I10: 46193 | J10: 12 | K10: 9904772920
A11: 10 | G11: 8 | H11: Raza Construction | I11: 46195 | J11: 15 | K11: 6299211179
A12: 11 | G12: 9 | H12: Chandrakant Patel | I12: 46194 | J12: 15 | K12: 9822945752
A13: 12 | G13: 10 | H13: Nongha Bhai | I13: 46194 | J13: 12 | K13: 8799693511
A14: 13
A15: 14
A16: 15
A17: 16
A18: 17
A19: 18
A20: 19
A21: 20

Sheet Sheet2
A3: Hotline Stringing total KM : 17.112 Km
A5: Sl NO | B5: Description | C5: Dec'25 | D5: Jan'25 | E5: Feb'25 | F5: Mar'25 | G5: Apr'25 | H5: May'25 | I5: June'25
A6: 1 | B6: Hotline Stringing | C6: =17.112/7 -> 2.4445714 | D6: =17.112/7 -> 2.4445714 | E6: =17.112/7 -> 2.4445714 | F6: =17.112/7 -> 2.4445714 | G6: =17.112/7 -> 2.4445714 | H6: =17.112/7 -> 2.4445714 | I6: =17.112/7 -> 2.4445714
