Workbook
Name \0: #REF!
Name \A: #REF!
Name \B: #REF!
Name \C: #REF!
Name \c1: #REF!
Name \D: #REF!
Name \g: #REF!
Name \H: #REF!
Name \i: #REF!
Name \M: #REF!
Name \N: #REF!
Name \P: #REF!
Name \R: #REF!
Name \S: #REF!
Name \U: #REF!
Name \V: #REF!
Name \z: #REF!
Name _: "tcap"
Name __________________________b111121: '[1]PACK (B)'!#REF!
Name _________________________b111121: '[1]PACK (B)'!#REF!
Name ________________________b111121: '[1]PACK (B)'!#REF!
Name _______________________b111121: '[1]PACK (B)'!#REF!
Name ______________________b111121: '[1]PACK (B)'!#REF!
Name ______________________TAB1: [2]TABLES!$A$2:$C$16
Name _____________________b111121: '[1]PACK (B)'!#REF!
Name _____________________TAB1: [2]TABLES!$A$2:$C$16
Name ____________________b111121: '[1]PACK (B)'!#REF!
Name ____________________TAB1: [2]TABLES!$A$2:$C$16
Name ___________________b111121: '[1]PACK (B)'!#REF!
Name ___________________TAB1: [2]TABLES!$A$2:$C$16
Name __________________b111121: '[1]PACK (B)'!#REF!
Name __________________TAB1: [5]TABLES!$A$2:$C$16
Name _________________b111121: '[1]PACK (B)'!#REF!
Name _________________TAB1: [6]TABLES!$A$2:$C$16
Name ________________b111121: '[1]PACK (B)'!#REF!
Name ________________TAB1: [6]TABLES!$A$2:$C$16
Name _______________b111121: '[1]PACK (B)'!#REF!
Name _______________TAB1: [6]TABLES!$A$2:$C$16
Name ______________b111121: '[1]PACK (B)'!#REF!
Name ______________TAB1: [6]TABLES!$A$2:$C$16
Name _____________A65537: #REF!
Name _____________b111121: '[1]PACK (B)'!#REF!
Name _____________TAB1: [6]TABLES!$A$2:$C$16
Name ____________A655600: #REF!
Name ____________b111121: '[1]PACK (B)'!#REF!
Name ____________drg1: #REF!
Name ____________TAB1: [6]TABLES!$A$2:$C$16
Name ___________A65537: #REF!
Name ___________A655600: #REF!
Name ___________a655601: #REF!
Name ___________b111121: '[1]PACK (B)'!#REF!
Name ___________Ki1: [7]grid!$C$182
Name ___________Ki2: [7]grid!$C$191
Name ___________TAB1: [6]TABLES!$A$2:$C$16
Name __________A65537: #REF!
Name __________A655600: #REF!
Name __________a655601: #REF!
Name __________a999999: #REF!
Name __________b111121: '[1]PACK (B)'!#REF!
Name __________drg1: #REF!

Sheet DPR-Summary
B2: LINE NAME- 765 kV D/C HEXA BEAWAR MANDSAUR TRANSMISSION LINE
B3: CLIENT-POWERGRID BEAWAR MANDSAUR TRANSMISSION LIMITED
B4: DAILY PROGRESS REPORT (TA-505)
B5: NOA Date :- 22-July-2024 | F5: Completion Date :- 21-June-2026 | K5: Date:- 2nd March 2026.
B6: SUPPLY VALUE = 458.32 Cr. | F6: SERVICE VALUE = 94.23 Cr. | K6: F&I VALUE = 9.48 Cr.
B7: PARTICULARS | C7: UOM | D7: Total | E7: Comp | F7: Balance | G7: March'26 | I7: WIP | J7: Cumulative | K7: April'26 | L7: May'26 | M7: Remarks
D8: Qty | E8: Till | F8: as on | G8: Plan | H8: Actual | K8: Plan | L8: Plan
E9: 46054 | F9: 1st Feb-26
B10: Detail Survey | C10: KM | D10: 139.6 | E10: 139.6 | F10: =D10-E10 -> 0
B11: Check Survey | C11: KM | D11: 139.6 | E11: 139.6 | F11: =D11-E11 -> 0
B12: Stub Supply | C12: SET | D12: 379 | E12: 371 | F12: =D12-E12 -> 8 | H12: 0 | J12: =E12+H12 -> 371
B13: FOUNDATION | C13: NOS | D13: 379 | E13: 356 | F13: =D13-E13 -> 23 | G13: 15 | H13: =J13-E13 -> 0 | I13: 15 | J13: =Foundation!I9 -> 356 | K13: 8 | M13: 10 Locations are under severe RoW.
B14: No of Gangs | G14: 3
B15: Tower Supply | C15: SETS | D15: 379 | E15: 359 | F15: =D15-E15 -> 20 | J15: =E15+H15 -> 359
B16: TOWER ERECTION | C16: NOS | D16: 379 | E16: 300 | F16: =D16-E16 -> 79 | G16: 26 | H16: =J16-E16 -> 1 | I16: 8 | J16: =Foundation!I13 -> 301 | K16: 50
B17: No of Gangs | G17: 8
B18: AL59 Zebra Conductor Supply | C18: KM | D18: 4970.6 | E18: 4090 | F18: =D18-E18 -> 880.6 | J18: =E18+H18 -> 4090
B19: Earthwire Supply | C19: KM | D19: 138 | E19: 138 | F19: =D19-E19 -> 0 | J19: =E19+H19 -> 138
B20: Insulator Supply | C20: EA | D20: 16332 | E20: 12823 | F20: =D20-E20 -> 3509 | H20: =1600+1089 -> 2689 | J20: =E20+H20 -> 15512
B21: Hardware Fittings Supply | C21: % | D21: 1 | E21: 0.9 | F21: =D21-E21 -> 0.1 | J21: 0.9
B22: Stringing (Final Sag) | C22: KM | D22: 139.6 | E22: 6.55 | F22: =D22-E22 -> 133.05 | G22: 20 | J22: =E22+H22 -> 6.55 | K22: 30
B23: Stringing (Rough Sag) | C23: KM | D23: 139.6 | E23: 6.55 | F23: =D23-E23 -> 133.05 | G23: 20 | J23: =E23+H23 -> 6.55 | K23: 30
B24: TSE Gangs | G24: 1
B25: Manual Gangs | G25: 1
B26: Revetment | C26: CUM
B27: Gang

Sheet Sheet1
B1: TYPE OF TOWERS | C1: NO OF TOWERS
B2: DA+0 DFR | C2: 24
B3: DA+0 DRY | C3: 13
B4: DA+0 WET | C4: 4
B5: DA+0 WFR | C5: 18
B6: DA+3/6/9 DRY | C6: 11
B7: DA+3/6/9 DFR | C7: 25
B8: DA+3/6/9 WET | C8: 5
B9: DA+3/6/9 WFR | C9: 17
B10: TOTAL DA TYPE | C10: =SUM(C2:C9) -> 117
B11: DB1+0 DRY | C11: 2
B12: DB1+3/6/9 DFR | C12: 1
B13: DB1+3/6/9 WET | C13: 2
B14: DB2+0 DFR | C14: 2
B15: DB2+0 DRY | C15: 1
B16: DB2+0 WFR | C16: 1
B17: TOTAL DB TYPE | C17: =SUM(C11:C16) -> 9
B18: DC1+0 DFR | C18: 1
B19: DC1+0 WFR | C19: 1
B20: DC1+3/6/9 DFR | C20: 1
B21: DC2+0 WET | C21: 1
B22: DC2+3/6/9 DFR | C22: 1
B23: DC2+3/6/9 DRY | C23: 1
B24: DC2+3/6/9 WFR | C24: 1
B25: TOTAL DC TYPE | C25: =SUM(C18:C24) -> 7
B26: DD45+0 DFR | C26: 2
B27: DD45+9 DFR | C27: 1
B28: DD45+9 WFR | C28: 1
B29: DD60+18 DFR | C29: 1
B30: DD60+9 WFR | C30: 2
B31: TOTAL DD TYPE | C31: =SUM(C26:C30) -> 7
B32: TOTAL TOWERS | C32: =C31+C25+C17+C10 -> 140

Sheet Project Details
A1: Project Code | B1: Project Name | C1: Client Name | D1: NOA Start Date | E1: LOA End Date | F1: Planning Engineer | G1: PCH | H1: Regional Manager | I1: Project Manger | J1: Section Incharge | K1: Supervisor
A2: TA 505 | B2: 765 Kv D/C Beawar-Mandsaur T/L | C2: PBMTL | D2: 22-07-2024 | E2: 21-06-2026 | F2: Mr. Partha Pratim Pal | G2: Mr. Nabajit Baruah | H2: Mr. Nabajit Baruah | I2: Mr. Sushil Kr Tiwari | J2: Mr.Deepak Anand | K2: Nunuchand Mahto
J3: Mr.Bapan Mandal | K3: Birkha Subba
J4: Mr.Panneri Satish | K4: Dilip Kumar
J5: Mr. Varun Mishra | K5: Teklal Mahato
K6: Munid Meena
K7: Mortuj Ali
K8: Devdas Malik
K9: Jayprakash Nishad
K10: Kumar Singh
K11: K. Sanjeevan
K12: Mridul Baruah
K13: Binda Shah
K14: Prasanta Sahana
K15: Lalit Sahoo
K16: Mahendra Narnaware
K17: Ramprasad
... K22: Rajkumar S

Sheet Foundation
B1: 765 kV D/C BEAWAR MANDSAUR TRANSMISSION LINE
B2: PROGRESS SUMMARY DETAIL
B3: NOA Date: 22-July-2024 | I3: Completion Date : 21-June-2026 | M3: Date : 27-05-25
B4: SUPPLY VALUE = 458 Cr. | I4: SERVICE VALUE = 94.23 Cr. | M4: F&I VALUE = 9.48 Cr. | S4: =458+94.23+9.48 -> 561.71
B5: Sr. No. | C5: Activity | E5: UOM | G5: Total Qty. | H5: L2 Qty. | I5: Completed | J5: Balance | K5: Submitted | L5: WIP | M5: Remarks
B6: 1 | C6: Details Survey | E6: Kms | G6: 136.705 | H6: 126 | I6: =87.055+32.269+7 -> 126.324 | J6: =G6-I6 -> 10.381 | K6: =17.381-7 -> 10.381
B7: 2 | C7: Check Survey | E7: Kms | G7: 136.705 | H7: 126 | I7: =69.41+32.269+7 -> 108.679 | J7: =G7-I7 -> 28.026
B8: 3 | C8: Soil Testing | E8: Nos | G8: 34 | H8: 34
B9: 4 | C9: Foundation | E9: Nos | G9: 371 | H9: 165 | I9: =S27 -> 356 | J9: =G9-I9 -> 15 | L9: =COUNTIF($S$28:$S$1164, "WIP") -> 0
C10: Gang | E10: Nos | I10: 13
C11: Manpower | E11: Nos
B12: 5 | C12: Earthing | E12: Nos | G12: 346 | I12: 94 | J12: =G12-I12 -> 252
B13: 6 | C13: Erection | E13: Nos | G13: =G9 -> 371 | H13: 98 | I13: ='Erection Compiled'!I5 -> 301 | J13: =G13-I13 -> 70 | L13: =COUNTIF('Erection Compiled'!I6:I394,"WIP") -> 0
C14: Gang | E14: Nos | I14: 4
C15: Manpower | E15: Nos
B16: 7 | C16: Stringing | E16: Nos | G16: =G7 -> 136.705 | H16: 0 | I16: 0 | J16: =G16-I16 -> 136.705
C17: Gang | E17: Nos
C18: Manpower | E18: Nos
B20: Issue : i. DS - pending for approval ii. CS - pending for approval
B21: Supply : Stub : DA : 177 Set, DB : 21 Set, DC : 16 Set, DD45 : 9 Set, DD60 : 13 set Earthing : CP : 84 Set, Pipe : 40 Nos, Rod : 40 Nos Tower : DA BB=107 Set,+0M=52, +3M=35,+6M=19, +9M=3, -1.5=6, -3=14
B23: KEC INTERNATIONAL LIMITED
B24: FOUNDATION DETAIL OF 765KV D/C BEAWAR-MANDSAUR TR LINE
B25: Sr. No | C25: Loc No. | D25: Type of Tower | E25: TOF | F25: Region | G25: Selector | H25: Cement (Bags) | K25: Conc Vol | M25: Excv Vol(m3) | N25: R/F (KG) | O25: Wt of Stub(MT) | P25: Rev(Inr) | Q25: Month of Execution | R25: Sub Contractor | S25: Status | T25: Excavation | V25: Casting | X25: Remarks if any
H26: RCC | I26: PCC | J26: Toal Cement | K26: M 20(m3) | L26: M 10(m3) | T26: Start | U26: Completion | V26: Start | W26: Completion
B27: Total = | H27: =SUM(H28:H442) -> 125897.63 | I27: =SUM(I28:I442) -> 6532.0004 | J27: =SUM(J28:J442) -> 132429.63 | K27: =SUM(K28:K442) -> 15724.169 | L27: =SUM(L28:L442) -> 1463.911 | M27: =SUM(M28:M442) -> 96505.589 | N27: =SUM(N28:N442) -> 1032821.9 | O27: =SUM(O28:O442) -> 395.43251 | P27: =SUM(P28:P442) -> 3.0707497e+08 | S27: =COUNTIF(S28:S609,"Complete") -> 356
C28: 101/2 | D28: DA+9 | E28: WFR | F28: RAJ | G28: DA+9 WFR | H28: 383 | I28: 20 | J28: 403 | K28: 47.77 | L28: 4.46 | M28: 264.87 | N28: 2353 | O28: 0.866276 | P28: 1126247.4 | Q28: 45566 | R28: RST | S28: Complete | T28: 45546 | U28: 45561 | V28: 45567 | W28: 45571 | Y28: 1
C29: 100/0 | D29: DD45+0 | E29: WET | F29: RAJ | H29: =K29*8 -> 1239.68 | I29: =L29*4.4 -> 70.18 | J29: =SUM(H29:I29) -> 1309.86 | K29: 154.96 | L29: 15.95 | M29: 1192.7 | N29: 15096 | O29: 2.495 | Q29: 45944 | R29: Sumit Const/Om Prakash | S29: Complete | W29: 45946
C30: 101/0 | D30: DC1+3 | E30: DFR | F30: RAJ | H30: =K30*8 -> 614.16 | I30: =L30*4.4 -> 27.984 | J30: =SUM(H30:I30) -> 642.144 | K30: 76.77 | L30: 6.36 | M30: 388.74 | N30: 3855 | O30: 2.348757 | P30: 1765261 | Q30: 45791 | R30: Sumit Const/Om Prakash | S30: Complete | W30: 45808
C31: 101/1 | D31: DA+3 | E31: WFR | F31: RAJ | G31: DA+9 WFR | H31: 383 | I31: 20 | J31: 403 | K31: 47.77 | L31: 4.46 | M31: 264.87 | N31: 2353 | O31: 0.866276 | P31: 1126247.4 | Q31: 45597 | R31: RST | S31: Complete | T31: 45598 | U31: 45604 | V31: 45609 | W31: 45610 | Y31: 2
C32: 101/3 | D32: DA+3 | E32: WFR | F32: RAJ | G32: DA+9 WFR | H32: 383 | I32: 20 | J32: 403 | K32: 47.77 | L32: 4.46 | M32: 264.87 | N32: 2353 | O32: 0.866276 | P32: 1126247.4 | Q32: 45566 | R32: RST | S32: Complete | T32: 45566 | U32: 45571 | V32: 45573 | W32: 45576 | Y32: 1
C33: 101/4 | D33: DA+6 | E33: WFR | F33: RAJ | G33: DA+9 WFR | H33: 383 | I33: 20 | J33: 403 | K33: 47.77 | L33: 4.46 | M33: 264.87 | N33: 2353 | O33: 0.866276 | P33: 1126247.4 | Q33: 45566 | R33: RST | S33: Complete | T33: 45551 | U33: 45556 | V33: 45584 | W33: 45586 | Y33: 1
C34: 101/5 | D34: DA+0 | E34: WFR | F34: RAJ | G34: DA+0 WFR | H34: 333 | I34: 19 | J34: 352 | K34: 41.54 | L34: 4.23 | M34: 250.46 | N34: 1909 | O34: 0.866276 | P34: 984923.64 | Q34: 45566 | R34: RST | S34: Complete | T34: 45557 | U34: 45561 | V34: 45588 | W34: 45590 | Y34: 1
C35: 101/6 | D35: DA+3 | E35: WFR | F35: RAJ | G35: DA+9 WFR | H35: 383 | I35: 20 | J35: 403 | K35: 47.77 | L35: 4.46 | M35: 264.87 | N35: 2353 | O35: 0.866276 | P35: 1126247.4 | Q35: 45597 | R35: RST | S35: Complete | T35: 45589 | U35: 45591 | V35: 45595 | W35: 45598 | Y35: 1
C36: 101/7 | D36: DA+3 | E36: WFR | F36: RAJ | G36: DA+9 WFR | H36: 383 | I36: 20 | J36: 403 | K36: 47.77 | L36: 4.46 | M36: 264.87 | N36: 2353 | O36: 0.866276 | P36: 1126247.4 | Q36: 45597 | R36: RST | S36: Complete | T36: 45606 | U36: 45610 | V36: 45613 | W36: 45614 | Y36: 2
C37: 101/8 | D37: DA-3 | E37: DRY | F37: RAJ | G37: DA+0 DRY | H37: 236 | I37: 13 | J37: 249 | K37: 29.49 | L37: 2.86 | M37: 233.05 | N37: 1526 | O37: 0.866276 | P37: 645061.95 | Q37: 45597 | R37: RST | S37: Complete | T37: 45593 | U37: 45598 | V37: 45603 | W37: 45604 | Y37: 2
C38: 102/0 | D38: DC2+3 | E38: DRY | F38: RAJ | G38: DC2+9 DRY | H38: 856 | I38: 38 | J38: 894 | K38: 106.91 | L38: 8.53 | M38: 653.08 | N38: 5502 | O38: 2.348757 | P38: 2257063.8 | Q38: 45627 | R38: RST | S38: Complete | T38: 45618 | U38: 45621 | V38: 45637 | W38: 45640 | Y38: 3
C39: 103/0 | D39: DC1+6 | E39: DFR | F39: RAJ | H39: =K39*8 -> 614.16 | I39: =L39*4.4 -> 27.984 | J39: =SUM(H39:I39) -> 642.144 | K39: 76.77 | L39: 6.36 | M39: 388.74 | N39: 3855 | O39: 2.348757 | P39: 1765261 | Q39: 45789 | R39: Sumit Const/Om Prakash | S39: Complete | W39: 45799
C40: 103/1 | D40: DA+0 | E40: DRY | F40: RAJ | H40: 236 | I40: 13 | J40: 249 | K40: 29.49 | L40: 2.86 | M40: 233.05 | N40: 1526 | O40: 0.866276 | P40: 645061.95 | Q40: 45784 | R40: Sumit Const/Om Prakash | S40: Complete | W40: 45788
C41: 103/2 | D41: DA+0 | E41: DRY | F41: RAJ | H41: 236 | I41: 13 | J41: 249 | K41: 29.49 | L41: 2.86 | M41: 233.05 | N41: 1526 | O41: 0.866276 | P41: 645061.95 | Q41: 45780 | R41: Sumit Const/Om Prakash | S41: Complete | W41: 45790
B42: 45 | C42: 103/3 | D42: DA+0 | E42: DFR | F42: RAJ | H42: 221 | I42: 12 | J42: 233 | K42: 27.61 | L42: 2.61 | M42: 146.96 | N42: 1450 | O42: 0.866276 | P42: 650458.11 | Q42: 45780 | R42: Sumit Const/Om Prakash | S42: Complete | W42: 45785
C43: 103/4 | D43: DA+0 | E43: DRY | F43: RAJ | H43: 236 | I43: 13 | J43: 249 | K43: 29.49 | L43: 2.86 | M43: 233.05 | N43: 1526 | O43: 0.866276 | P43: 645061.95 | Q43: APRIL-25 | R43: Rajesh Suwalkar | S43: Complete | W43: 45769
B44: 1 | C44: 103/5 | D44: DA+3 | E44: DFR | F44: RAJ | H44: =K44*8 -> 287.84 | I44: =L44*4.4 -> 13.222 | J44: =SUM(H44:I44) -> 301.062 | K44: 35.98 | L44: 3.005 | M44: 172.05 | N44: 2466.9 | O44: 0.957 | Q44: 45962 | R44: Sumit Const/Om Prakash | S44: Complete | W44: 45975 | X44: Hold
C45: 103/5A | D45: DD60+0 | E45: DFR | F45: RAJ | H45: =K45*8 -> 988.64 | I45: =L45*4.4 -> 48.18 | J45: =SUBTOTAL(9,H45:I45) -> 1036.82 | K45: 123.58 | L45: 10.95 | M45: 692 | N45: 10940 | O45: 3.159018 | P45: 3395120.4 | Q45: 45780 | R45: Sumit Const/Om Prakash | S45: Complete | W45: 45780
C46: 103/5A1 | D46: DA-3 | E46: DFR | F46: RAJ | H46: 221 | I46: 12 | J46: 233 | K46: 27.61 | L46: 2.61 | M46: 146.96 | N46: 1450 | O46: 0.866276 | P46: 650458.11 | Q46: 45780 | R46: Sumit Const/Om Prakash | S46: Complete | W46: 45782
B47: 2 | C47: 103/6A | D47: DD45+0 | E47: DRY | F47: RAJ | H47: =K47*8 -> 864 | I47: =L47*4.4 -> 45.364 | J47: =SUM(H47:I47) -> 909.364 | K47: 108 | L47: 10.31 | M47: 783 | N47: 9428 | O47: 2.494703 | P47: 2836089.4 | Q47: 45780 | R47: Sumit Const/Om Prakash | S47: Complete | T47: 45675 | W47: 45795 | X47: Hold
C48: 103/7 | D48: DA+6 | E48: DFR | F48: RAJ | G48: DA+9 DFR | H48: 252 | I48: 13 | J48: 265 | K48: 31.4 | L48: 2.89 | M48: 164.7 | N48: 1802 | O48: 0.866276 | P48: 752440.09 | Q48: 45658 | R48: Rajesh Suwalkar | S48: Complete | T48: 45662 | U48: 45667 | V48: 45668 | W48: 45672
C49: 103/8 | D49: DA+3 | E49: DRY | F49: RAJ | H49: =K49*8 -> 267.36 | I49: =L49*4.4 -> 13.86 | J49: =SUM(H49:I49) -> 281.22 | K49: 33.42 | L49: 3.15 | M49: 255.26 | N49: 1904 | O49: 0.866276 | P49: 705045.35 | Q49: 45789 | R49: Sumit Const/Om Prakash | S49: Complete | T49: 45799 | W49: 45801
C50: 103/9 | D50: DA+3 | E50: WET | F50: RAJ | H50: =K50*8 -> 418.88 | I50: =L50*4.4 -> 23.892 | J50: =SUM(H50:I50) -> 442.772 | K50: 52.36 | L50: 5.43 | M50: 425.04 | N50: 2850 | O50: 0.866276 | Q50: 45975 | R50: Sumit Const/Om Prakash | S50: Complete | W50: 45980
B51: 11 | C51: 104/0 | D51: DD45+3 | E51: DFR | F51: RAJ | G51: DD45+9 DFR | H51: 756 | I51: 42 | J51: 798 | K51: 94.46 | L51: 9.33 | M51: 584 | N51: 9095 | O51: 2.494703 | P51: 2723053.1 | Q51: 45689 | R51: Rajesh Suwalkar | S51: Complete | T51: 45684 | U51: 45690 | V51: 45693 | W51: 45695
C52: 104/1 | D52: DA-3 | E52: DFR | F52: RAJ | G52: DA+0 DFR | H52: 221 | I52: 12 | J52: 233 | K52: 27.61 | L52: 2.61 | M52: 146.96 | N52: 1450 | O52: 0.866276 | P52: 650458.11 | Q52: 45597 | R52: RST | S52: Complete | T52: 45613 | U52: 45615 | V52: 45621 | W52: 45623 | Y52: 2
C53: 104/2 | D53: DA-3 | E53: WET | F53: RAJ | G53: DA+0 WET | H53: 383 | I53: 23 | J53: 406 | K53: 47.87 | L53: 5.14 | M53: 403.72 | N53: 2476 | O53: 0.866276 | P53: 1054575.4 | Q53: 45627 | R53: Ashutosh Infra | S53: Complete | T53: 45611 | U53: 45614 | V53: 45625 | W53: 45629 | Y53: 3
C54: 105/0 | D54: DC1+0 | E54: WFR | F54: RAJ | G54: DC1+0 WFR | H54: 916 | I54: 42 | J54: 958 | K54: 114.5 | L54: 9.44 | M54: 591.37 | N54: 5795 | O54: 2.348757 | P54: 2671411.7 | Q54: 45597 | R54: RST | S54: Complete | T54: 45616 | U54: 45617 | V54: 45625 | W54: 45626 | Y54: 3
C55: 105/1 | D55: DA+0 | E55: WFR | F55: RAJ | G55: DA+0 WFR | H55: 333 | I55: 19 | J55: 352 | K55: 41.54 | L55: 4.23 | M55: 250.46 | N55: 1909 | O55: 0.866276 | P55: 984923.64 | Q55: 45597 | R55: Ashutosh Infra | S55: Complete | T55: 45575 | U55: 45600 | V55: 45608 | W55: 45615 | Y55: 2
C56: 106/0 | D56: DD60+0 | E56: DFR | F56: RAJ | H56: =K56*8 -> 988.64 | I56: =L56*4.4 -> 48.18 | J56: =SUBTOTAL(9,H56:I56) -> 1036.82 | K56: 123.58 | L56: 10.95 | M56: 692 | N56: 10940 | O56: 3.159018 | P56: 3395120.4 | Q56: APRIL-25 | R56: Sumit Const/Om Prakash | S56: Complete | W56: 45769
C57: 108/0 | D57: DD45+0 | E57: DRY | F57: RAJ | H57: =K57*8 -> 864 | I57: =L57*4.4 -> 45.364 | J57: =SUM(H57:I57) -> 909.364 | K57: 108 | L57: 10.31 | M57: 783 | N57: 9428 | O57: 2.494703 | P57: 2836089.4 | Q57: APRIL-25 | R57: Sumit Const/Om Prakash | S57: Complete | W57: 45774
C58: 108/1 | D58: DA-3 | E58: DFR | F58: RAJ | G58: DA+0 DFR | H58: 221 | I58: 12 | J58: 233 | K58: 27.61 | L58: 2.61 | M58: 146.96 | N58: 1450 | O58: 0.866276 | P58: 650458.11 | Q58: 45627 | R58: Lotus Const. | S58: Complete | T58: 45585 | U58: 45623 | V58: 45634 | W58: 45639 | Y58: 3
C59: 108/2 | D59: DA-3 | E59: WET | F59: RAJ | G59: DA+0 WET | H59: 383 | I59: 23 | J59: 406 | K59: 47.87 | L59: 5.14 | M59: 403.72 | N59: 2476 | O59: 0.866276 | P59: 1054575.4 | Q59: 45597 | R59: Lotus Const. | S59: Complete | T59: 45591 | U59: 45612 | V59: 45625 | W59: 45626 | Y59: 2
C60: 108/3 | D60: DA-3 | E60: WET | F60: RAJ | G60: DA+0 WET | H60: 383 | I60: 23 | J60: 406 | K60: 47.87 | L60: 5.14 | M60: 403.72 | N60: 2476 | O60: 0.866276 | P60: 1054575.4 | Q60: 45627 | R60: Rajesh Suwalkar | S60: Complete | T60: 45633 | U60: 45637 | V60: 45640 | W60: 45645 | Y60: 3
C61: 108/4 | D61: DA+0 | E61: WFR | F61: RAJ | G61: DA+0 WFR | H61: 333 | I61: 19 | J61: 352 | K61: 41.54 | L61: 4.23 | M61: 250.46 | N61: 1909 | O61: 0.866276 | P61: 984923.64 | Q61: 45566 | R61: Manirul Khan/Tower Foundation | S61: Complete | T61: 45582 | U61: 45585 | V61: 45592 | W61: 45593 | Y61: 2
C62: 109/0 | D62: DC1+0 | E62: DFR | F62: RAJ | G62: DC1+0 DFR | H62: 611 | I62: 28 | J62: 639 | K62: 76.35 | L62: 6.32 | M62: 385.79 | N62: 3898 | O62: 2.348757 | P62: 1761921.9 | Q62: 45627 | R62: Rajesh Suwalkar | S62: Complete | T62: 45648 | U62: 45651 | V62: 45655 | W62: 45657 | Y62: 4
C63: 109/1 | D63: DA-1.5 | E63: WFR | F63: RAJ | G63: DA+0 WFR | H63: 333 | I63: 19 | J63: 352 | K63: 41.54 | L63: 4.23 | M63: 250.46 | N63: 1909 | O63: 0.866276 | P63: 984923.64 | Q63: 45566 | R63: Rajesh Suwalkar | S63: Complete | T63: 45568 | U63: 45578 | V63: 45591 | W63: 45594 | Y63: 2
C64: 109/2 | D64: DA-1.5 | E64: WFR | F64: RAJ | G64: DA+0 WFR | H64: 333 | I64: 19 | J64: 352 | K64: 41.54 | L64: 4.23 | M64: 250.46 | N64: 1909 | O64: 0.866276 | P64: 984923.64 | Q64: 45566 | R64: Rajesh Suwalkar | S64: Complete | T64: 45544 | U64: 45560 | V64: 45566 | W64: 45572 | Y64: 1
C65: 109/3 | D65: DA+0 | E65: WFR | F65: RAJ | G65: DA+0 WFR | H65: 333 | I65: 19 | J65: 352 | K65: 41.54 | L65: 4.23 | M65: 250.46 | N65: 1909 | O65: 0.866276 | P65: 984923.64 | Q65: 45597 | R65: Rajesh Suwalkar | S65: Complete | T65: 45604 | U65: 45619 | V65: 45625 | W65: 45626 | Y65: 3
B66: 1 | C66: 109/4 | D66: DA+3 | E66: WFR | F66: RAJ | G66: DA+9 WFR | H66: 383 | I66: 20 | J66: 403 | K66: 47.77 | L66: 4.46 | M66: 264.87 | N66: 2353 | O66: 0.866276 | P66: 1126247.4 | Q66: 45689 | R66: Rajesh Suwalkar | S66: Complete | T66: 45698 | U66: 45704 | V66: 45703 | W66: 45705
C67: 110/0 | D67: DC2+3 | E67: WFR | F67: RAJ | G67: DC2+9 WFR | H67: 1065 | I67: 50 | J67: 1115 | K67: 133.07 | L67: 11.19 | M67: 707.57 | N67: 8267 | O67: 2.348757 | P67: 3282540.8 | Q67: 45627 | R67: Aadinath | S67: Complete | T67: 45621 | U67: 45625 | V67: 45638 | W67: 45643 | Y67: 3
C68: 110/1 | D68: DA-1.5 | E68: WFR | F68: RAJ | G68: DA+0 WFR | H68: 333 | I68: 19 | J68: 352 | K68: 41.54 | L68: 4.23 | M68: 250.46 | N68: 1909 | O68: 0.866276 | P68: 984923.64 | Q68: 45597 | R68: Surya Enterprise | S68: Complete | T68: 45573 | U68: 45587 | V68: 45614 | W68: 45618 | Y68: 2
C69: 110/2 | D69: DA+0 | E69: WFR | F69: RAJ | G69: DA+0 WFR | H69: 333 | I69: 19 | J69: 352 | K69: 41.54 | L69: 4.23 | M69: 250.46 | N69: 1909 | O69: 0.866276 | P69: 984923.64 | Q69: 45597 | R69: Aadinath | S69: Complete | T69: 45606 | U69: 45615 | V69: 45621 | W69: 45625 | Y69: 3
C70: 110/3 | D70: DA+3 | E70: DRY | F70: RAJ | G70: DA+9 DRY | H70: 268 | I70: 14 | J70: 282 | K70: 33.42 | L70: 3.15 | M70: 255.26 | N70: 1904 | O70: 0.866276 | P70: 745277.52 | Q70: 45597 | R70: Aadinath | S70: Complete | T70: 45602 | U70: 45606 | V70: 45610 | W70: 45613 | Y70: 2
C71: 110/4 | D71: DA+3 | E71: DFR | F71: RAJ | H71: =K71*8 -> 251.2 | I71: =L71*4.4 -> 12.716 | J71: =SUBTOTAL(9,H71:I71) -> 263.916 | K71: 31.4 | L71: 2.89 | M71: 164.7 | N71: 1802 | O71: 0.866276 | P71: 752440.09 | Q71: 45822 | R71: Sumit Const/Om Prakash | S71: Complete | W71: 45815
C72: 110/5 | D72: DA+3 | E72: WET | F72: RAJ | G72: DA+9 WET | H72: 419 | I72: 24 | J72: 443 | K72: 52.36 | L72: 5.43 | M72: 425.04 | N72: 2850 | O72: 0.866276 | P72: 1161364.3 | Q72: 45597 | R72: Soham Const. | S72: Complete | T72: 45602 | U72: 45606 | V72: 45617 | W72: 45619
C73: 110/6 | D73: DA+0 | E73: WFR | F73: RAJ | G73: DA+9 WFR | H73: 333 | I73: 19 | J73: 352 | K73: 41.54 | L73: 4.23 | M73: 250.46 | N73: 1909 | O73: 0.866276 | P73: 984923.64 | Q73: 45566 | R73: Soham Const. | S73: Complete | T73: 45571 | U73: 45575 | V73: 45587 | W73: 45589 | Y73: 1
C74: 110/7 | D74: DA+3 | E74: WFR | F74: RAJ | G74: DA+9 WFR | H74: 383 | I74: 20 | J74: 403 | K74: 47.77 | L74: 4.46 | M74: 264.87 | N74: 2353 | O74: 0.866276 | P74: 1126247.4 | Q74: 45597 | R74: Soham Const. | S74: Complete | T74: 45580 | U74: 45610 | V74: 45623 | W74: 45625 | Y74: 2
C75: 110/8 | D75: DA+0 | E75: WFR | F75: RAJ | G75: DA+0 WFR | H75: 333 | I75: 19 | J75: 352 | K75: 41.54 | L75: 4.23 | M75: 250.46 | N75: 1909 | O75: 0.866276 | P75: 984923.64 | Q75: 45597 | R75: Soham Const. | S75: Complete | T75: 45579 | U75: 45606 | V75: 45610 | W75: 45611 | Y75: 2
B76: 2 | C76: 110A/0 | D76: DB2+0 | E76: DFR | F76: RAJ | G76: DB2+0 DFR | H76: 562 | I76: 26 | J76: 588 | K76: 70.22 | L76: 5.81 | M76: 352.73 | N76: 3400 | O76: 1.768055 | P76: 1595805.5 | Q76: 45689 | R76: Om Prakash | S76: Complete | T76: 45703 | U76: 45706 | V76: 45707 | W76: 45708
C77: 110A/1 | D77: DA+3 | E77: WFR | F77: RAJ | G77: DA+9 WFR | H77: 383 | I77: 20 | J77: 403 | K77: 47.77 | L77: 4.46 | M77: 264.87 | N77: 2353 | O77: 0.866276 | P77: 1126247.4 | Q77: 45597 | R77: Reshmi Devi | S77: Complete | T77: 45590 | U77: 45600 | V77: 45604 | W77: 45606 | Y77: 2
C78: 110A/2 | D78: DA-1.5 | E78: DFR | F78: RAJ | G78: DA+0 DFR | H78: 221 | I78: 12 | J78: 233 | K78: 27.61 | L78: 2.61 | M78: 146.96 | N78: 1450 | O78: 0.866276 | P78: 650458.11 | Q78: 45566 | R78: Surya Enterprise | S78: Complete | T78: 45563 | U78: 45565 | V78: 45572 | W78: 45576 | Y78: 1
C79: 111/0 | D79: DB1+6 | E79: DFR | F79: RAJ | G79: DB1+9 DFR | H79: 471 | I79: 22 | J79: 493 | K79: 58.84 | L79: 4.94 | M79: 296.18 | N79: 2692 | O79: 1.768 | P79: 1324196.9 | Q79: 45658 | R79: Om Prakash | S79: Complete | T79: 45655 | U79: 45659 | V79: 45660 | W79: 45661
B80: 1 | C80: 111/1 | D80: DA+3 | E80: WFR | F80: RAJ | G80: DA+9 WFR | H80: 383 | I80: 20 | J80: 403 | K80: 47.77 | L80: 4.46 | M80: 264.87 | N80: 2353 | O80: 0.866276 | P80: 1126247.4 | Q80: 45597 | R80: Garg Const. | S80: Complete | T80: 45583 | U80: 45590 | V80: 45595 | W80: 45600 | Y80: 2
B81: 2 | C81: 111/2 | D81: DA+3 | E81: WFR | F81: RAJ | G81: DA+9 WFR | H81: 383 | I81: 20 | J81: 403 | K81: 47.77 | L81: 4.46 | M81: 264.87 | N81: 2353 | O81: 0.866276 | P81: 1126247.4 | Q81: 45597 | R81: Garg Const. | S81: Complete | T81: 45597 | U81: 45609 | V81: 45611 | W81: 45614 | Y81: 2
B82: 3 | C82: 111/3 | D82: DA+0 | E82: WET | F82: RAJ | G82: DA+0 WET | H82: 383 | I82: 23 | J82: 406 | K82: 47.87 | L82: 5.14 | M82: 403.72 | N82: 2476 | O82: 0.866276 | P82: 1054575.4 | Q82: 45627 | R82: Garg Const. | S82: Complete | T82: 45604 | U82: 45626 | V82: 45598 | W82: 45634 | Y82: 3
B83: 4 | C83: 111/4 | D83: DA+3 | E83: DFR | F83: RAJ | G83: DA+9 DFR | H83: 252 | I83: 13 | J83: 265 | K83: 31.4 | L83: 2.89 | M83: 164.7 | N83: 1802 | O83: 0.866276 | P83: 752440.09 | Q83: 45627 | R83: Garg Const. | S83: Complete | T83: 45623 | U83: 45638 | V83: 45640 | W83: 45642 | Y83: 3
C84: 112/0 | D84: DD60+18 | E84: DFR | F84: RAJ | G84: DD60+18 DFR | H84: 1020 | I84: 51 | J84: 1071 | K84: 127.5 | L84: 11.49 | M84: 728 | N84: 11839 | O84: 2.564 | P84: 3567510 | Q84: 45658 | R84: Om Prakash | S84: Complete | T84: 45659 | U84: 45679 | V84: 45681 | W84: 45684
C85: 113/0 | D85: DD60+9 | E85: WFR | F85: RAJ | H85: =K85*8 -> 1357.44 | I85: =L85*4.4 -> 71.28 | J85: =SUM(H85:I85) -> 1428.72 | K85: 169.68 | L85: 16.2 | M85: 1042.48 | N85: 21650.28 | O85: 5.559 | Q85: 46005 | R85: Sumit Const/Om Prakash | S85: Complete | W85: 46019
C86: 113/1 | D86: DA-3 | E86: DFR | F86: RAJ | G86: DA+0 DFR | H86: 221 | I86: 12 | J86: 233 | K86: 27.61 | L86: 2.61 | M86: 146.96 | N86: 1450 | O86: 0.866276 | P86: 650458.11 | Q86: 45597 | R86: Reshmi Devi | S86: Complete | T86: 45609 | U86: 45614 | V86: 45616 | W86: 45618 | Y86: 2
C87: 113/2 | D87: DA-1.5 | E87: WFR | F87: RAJ | G87: DA+0 WFR | H87: 333 | I87: 19 | J87: 352 | K87: 41.54 | L87: 4.23 | M87: 250.46 | N87: 1909 | O87: 0.866276 | P87: 984923.64 | Q87: 45597 | R87: Reshmi Devi | S87: Complete | T87: 45594 | U87: 45608 | V87: 45610 | W87: 45610 | Y87: 2
C88: 113/3 | D88: DA-3 | E88: DFR | F88: RAJ | G88: DA+0 DFR | H88: 221 | I88: 12 | J88: 233 | K88: 27.61 | L88: 2.61 | M88: 146.96 | N88: 1450 | O88: 0.866276 | P88: 650458.11 | Q88: 45597 | R88: Reshmi Devi | S88: Complete | T88: 45606 | U88: 45622 | V88: 45623 | W88: 45625 | Y88: 2
C89: 113/4 | D89: DA+0 | E89: DFR | F89: RAJ | G89: DA+0 DFR | H89: 221 | I89: 12 | J89: 233 | K89: 27.61 | L89: 2.61 | M89: 146.96 | N89: 1450 | O89: 0.866276 | P89: 650458.11 | Q89: 45627 | R89: Surya Enterprise | S89: Complete | T89: 45629 | U89: 45630 | V89: 45633 | W89: 45635 | Y89: 3
C90: 113/5 | D90: DA+6 | E90: DFR | F90: RAJ | G90: DA+9 DFR | H90: 252 | I90: 13 | J90: 265 | K90: 31.4 | L90: 2.89 | M90: 164.7 | N90: 1802 | O90: 0.866276 | P90: 752440.09 | Q90: 45627 | R90: Reshmi Devi | S90: Complete | T90: 45618 | U90: 45626 | V90: 45630 | W90: 45631 | Y90: 3
C91: 113/6 | D91: DA+6 | E91: DFR | F91: RAJ | G91: DA+9 DFR | H91: 252 | I91: 13 | J91: 265 | K91: 31.4 | L91: 2.89 | M91: 164.7 | N91: 1802 | O91: 0.866276 | P91: 752440.09 | Q91: 45627 | R91: Reshmi Devi | S91: Complete | T91: 45627 | U91: 45636 | V91: 45636 | W91: 45638 | Y91: 3
C92: 114/0 | D92: DC2+0 | E92: WET | F92: RAJ | G92: DC2+0 WET | H92: 1233 | I92: 58 | J92: 1291 | K92: 154.01 | L92: 13.15 | M92: 990.19 | N92: 10225 | O92: 2.348757 | P92: 3510320.9 | Q92: 45627 | R92: Om Prakash | S92: Complete | T92: 45629 | U92: 45631 | V92: 45637 | W92: 45645 | Y92: 3
C93: 114/1 | D93: DA+3 | E93: DFR | F93: RAJ | G93: DA+9 DFR | H93: 252 | I93: 13 | J93: 265 | K93: 31.4 | L93: 2.89 | M93: 164.7 | N93: 1802 | O93: 0.866276 | P93: 752440.09 | Q93: 45627 | R93: Jitendra/JSC | S93: Complete | T93: 45630 | U93: 45653 | V93: 45655 | W93: 45657
C94: 114/10 | D94: DA+6 | E94: DFR | F94: RAJ | G94: DA+9 DFR | H94: 252 | I94: 13 | J94: 265 | K94: 31.4 | L94: 2.89 | M94: 164.7 | N94: 1802 | O94: 0.866276 | P94: 752440.09 | Q94: 45597 | R94: Om Prakash | S94: Complete | T94: 45612 | U94: 45613 | V94: 45615 | W94: 45616 | Y94: 2
C95: 114/2 | D95: DA+0 | E95: WFR | F95: RAJ | G95: DA+0 WFR | H95: 333 | I95: 19 | J95: 352 | K95: 41.54 | L95: 4.23 | M95: 250.46 | N95: 1909 | O95: 0.866276 | P95: 984923.64 | Q95: 45627 | R95: Jitendra/JSC | S95: Complete | T95: 45629 | U95: 45637 | V95: 45638 | W95: 45640 | Y95: 3
C96: 114/3 | D96: DA+0 | E96: WFR | F96: RAJ | G96: DA+0 WFR | H96: 333 | I96: 19 | J96: 352 | K96: 41.54 | L96: 4.23 | M96: 250.46 | N96: 1909 | O96: 0.866276 | P96: 984923.64 | Q96: 45627 | R96: Jitendra/JSC | S96: Complete | T96: 45618 | U96: 45622 | V96: 45629 | W96: 45633 | Y96: 3
C97: 114/4 | D97: DA+3 | E97: WFR | F97: RAJ | G97: DA+3 WFR | H97: 383 | I97: 20 | J97: 403 | K97: 47.77 | L97: 4.46 | M97: 264.87 | N97: 2353 | O97: 0.866276 | P97: 1126247.4 | Q97: 45914 | R97: Vikash Cont. | S97: Complete | W97: 45919
C98: 114/5 | D98: DA+6 | E98: DFR | F98: RAJ | G98: DA+9 DFR | H98: 252 | I98: 13 | J98: 265 | K98: 31.4 | L98: 2.89 | M98: 164.7 | N98: 1802 | O98: 0.866276 | P98: 752440.09 | Q98: 45627 | R98: Yash Infra | S98: Complete | T98: 45629 | U98: 45631 | V98: 45632 | W98: 45633 | Y98: 3
C99: 114/6 | D99: DA-3 | E99: DFR | F99: RAJ | G99: DA+0 DFR | H99: 221 | I99: 12 | J99: 233 | K99: 27.61 | L99: 2.61 | M99: 146.96 | N99: 1450 | O99: 0.866276 | P99: 650458.11 | Q99: 45597 | R99: Yash Infra | S99: Complete | T99: 45615 | U99: 45622 | V99: 45625 | W99: 45626 | Y99: 2
C100: 114/7 | D100: DA+3 | E100: DFR | F100: RAJ | G100: DA+9 DFR | H100: 252 | I100: 13 | J100: 265 | K100: 31.4 | L100: 2.89 | M100: 164.7 | N100: 1802 | O100: 0.866276 | P100: 752440.09 | Q100: 45597 | R100: Yash Infra | S100: Complete | T100: 45610 | U100: 45618 | V100: 45621 | W100: 45624 | Y100: 2
C101: 114/8 | D101: DA+6 | E101: WET | F101: RAJ | G101: DA+9 WET | H101: 419 | I101: 24 | J101: 443 | K101: 52.36 | L101: 5.43 | M101: 425.04 | N101: 2850 | O101: 0.866276 | P101: 1161364.3 | Q101: 45597 | R101: Om Prakash | S101: Complete | T101: 45610 | U101: 45616 | V101: 45618 | W101: 45619 | Y101: 2
C102: 114/9 | D102: DA+3 | E102: WET | F102: RAJ | G102: DA+9 WET | H102: 419 | I102: 24 | J102: 443 | K102: 52.36 | L102: 5.43 | M102: 425.04 | N102: 2850 | O102: 0.866276 | P102: 1161364.3 | Q102: 45597 | R102: Om Prakash | S102: Complete | T102: 45613 | U102: 45618 | V102: 45622 | W102: 45623 | Y102: 2
...

Sheet Sheet5
A1: Loc NO | B1: TOT | C1: Classification | D1: Type of Earthing
A2: 100/0 | B2: DD45+0 | C2: WET | D2: Pipe Type
A3: 101/0 | B3: DC1+3 | C3: DFR | D3: Counter Poise
A4: 101/1 | B4: DA+3 | C4: WFR | D4: Counter Poise
A5: 101/2 | B5: DA+9 | C5: WFR | D5: Counter Poise
A6: 101/3 | B6: DA+3 | C6: WFR | D6: Counter Poise
A7: 101/4 | B7: DA+6 | C7: WFR | D7: Counter Poise
A8: 101/5 | B8: DA+0 | C8: WFR | D8: Counter Poise
A9: 101/6 | B9: DA+3 | C9: WFR | D9: Counter Poise
A10: 101/7 | B10: DA+3 | C10: WFR | D10: Counter Poise
A11: 101/8 | B11: DA-3 | C11: DRY | D11: Pipe Type
A12: 102/0 | B12: DC2+3 | C12: DRY | D12: Pipe Type
... A91: 99/8 | B91: DA+6 | C91: WET | D91: Pipe Type

Sheet Erection Compiled
N3: Date : 02-03-2026
B4: Sr. No | C4: Location No. | D4: Tower Type | E4: Tower Weight | F4: Rev(Inr) | G4: Month of Execution | H4: Gang Name | I4: Status | J4: Starting Date | K4: Completion Date | L4: No of Compl. Days | M4: Region | N4: Remarks
E5: =SUM(E6:E394) -> 14416.724 | F5: =SUM(F6:F394) -> 1.5771896e+08 | I5: =COUNTIF(I6:I394,"Completed") -> 301
B6: 1 | C6: 101/2 | D6: DA+9 | E6: 45.697022 | F6: =E6*10940 -> 499925.42 | G6: 45658 | H6: Jwala Singh | I6: Completed | J6: 45671 | K6: 45676 | L6: =K6-J6 -> 5 | M6: Raj
B7: 2 | C7: 101/1 | D7: DA+3 | E7: 37.931088 | F7: =E7*10940 -> 414966.1 | G7: 45658 | H7: Jwala Singh | I7: Completed | J7: 45678 | K7: 45681 | L7: =K7-J7 -> 3 | M7: Raj
B8: 3 | C8: 101/3 | D8: DA+3 | E8: 37.931088 | F8: =E8*10940 -> 414966.1 | G8: 45658 | H8: Jwala Singh | I8: Completed | J8: 45681 | K8: 45684 | L8: =K8-J8 -> 3 | M8: Raj
B9: 4 | C9: 101/4 | D9: DA+6 | E9: 43.804424 | F9: =E9*10940 -> 479220.4 | G9: 45658 | H9: Jwala Singh | I9: Completed | J9: 45684 | K9: 45688 | L9: =K9-J9 -> 4 | M9: Raj
B10: 5 | C10: 101/5 | D10: DA+0 | E10: 36.159756 | F10: =E10*10940 -> 395587.73 | G10: 45689 | H10: Jwala Singh | I10: Completed | J10: 45689 | K10: 45692 | L10: =K10-J10 -> 3 | M10: Raj
B11: 6 | C11: 101/6 | D11: DA+3 | E11: 37.931088 | F11: =E11*10940 -> 414966.1 | G11: 45689 | H11: Jwala Singh | I11: Completed | J11: 45693 | K11: 45696 | L11: =K11-J11 -> 3 | M11: Raj
B12: 7 | C12: 101/7 | D12: DA+3 | E12: 37.931088 | F12: =E12*10940 -> 414966.1 | G12: 45689 | H12: Jwala Singh | I12: Completed | J12: 45697 | K12: 45700 | L12: =K12-J12 -> 3 | M12: Raj
B13: 8 | C13: 101/8 | D13: DA-3 | E13: 34.78981 | F13: =E13*10940 -> 380600.52 | G13: 45689 | H13: Jwala Singh | I13: Completed | J13: 45701 | K13: 45703 | L13: =K13-J13 -> 2 | M13: Raj
B14: 9 | C14: 110/7 | D14: DA+3 | E14: 37.931088 | F14: =E14*10940 -> 414966.1 | G14: 45689 | H14: Jwala Singh | I14: Completed | J14: 45705 | K14: 45708 | L14: =K14-J14 -> 3 | M14: Raj
B15: 10 | C15: 110/5 | D15: DA+3 | E15: 37.931088 | F15: =E15*10940 -> 414966.1 | G15: 45689 | H15: Jwala Singh | I15: Completed | J15: 45709 | K15: 45712 | L15: =K15-J15 -> 3 | M15: Raj
B16: 11 | C16: 109/2 | D16: DA-1.5 | E16: 35.602 | F16: =E16*10940 -> 389485.88 | G16: 45689 | H16: Jwala Singh | I16: Completed | J16: 45713 | K16: 45716 | L16: =K16-J16 -> 3 | M16: Raj
B17: 12 | C17: 109/1 | D17: DA-1.5 | E17: 35.602 | F17: =E17*10940 -> 389485.88 | G17: 45717 | H17: Jwala Singh | I17: Completed | J17: 45717 | K17: 45720 | L17: =K17-J17 -> 3 | M17: Raj
... B83: 78 | C83: 147A/3 | D83: DA+6 | E83: 43.804424 | F83: =E83*10940 -> 479220.4 | G83: 45809 | H83: Jwala Singh-2 | I83: Completed | J83: 45819 | K83: 45823 | L83: =K83-J83 -> 4 | M83: Raj
B84: 79 | C84: 147/1 | D84: DA+9 | E84: 45.697022 | F84: =E84*10940 -> 499925.42 | G84: 45839 | H84: Eagle Enterprises/Paramand | I84: Completed | J84: 45834 | K84: 45850 | L84: =K84-J84 -> 16 | M84: Raj | N84: JWALA SINGH COMPLETED THE LOCS.
B85: 80 | C85: 156/4 | D85: DA-3 | E85: 34.79 | F85: =E85*10940 -> 380602.6 | G85: 45809 | H85: Gokul/Rajwanshi | I85: Completed | J85: 45824 | K85: 45830 | L85: =K85-J85 -> 6 | M85: Raj
B86: 81 | C86: 152A/9 | D86: DA+6 | E86: 43.804424 | F86: =E86*10940 -> 479220.4 | G86: 45809 | H86: Jwala Singh | I86: Completed | J86: 45825 | K86: 45833 | L86: =K86-J86 -> 8 | M86: Raj
B87: 82 | C87: 154/2 | D87: DA-3 | E87: 34.79 | F87: =E87*10940 -> 380602.6 | G87: 45809 | H87: Gokul/Rajwanshi | I87: Completed | J87: 45832 | K87: 45838 | L87: =K87-J87 -> 6 | M87: Raj
B88: 83 | C88: 150/4 | D88: DA+6 | E88: 43.804424 | F88: =E88*10940 -> 479220.4 | G88: 45809 | H88: Jwala Singh | I88: Completed | J88: 45835 | K88: 45838 | L88: =K88-J88 -> 3 | M88: Raj
B89: 84 | C89: 154/1 | D89: DA-1.5 | E89: 35.602 | F89: =E89*10940 -> 389485.88 | G89: 45839 | H89: Gokul/Rajwanshi | I89: Completed | J89: 45839 | K89: 45845 | L89: =K89-J89 -> 6 | M89: Raj
B90: 85 | C90: 150/2 | D90: DA+3 | E90: 37.931088 | F90: =E90*10940 -> 414966.1 | G90: 45839 | H90: Jwala Singh | I90: Completed | J90: 45839 | K90: 45844 | L90: =K90-J90 -> 5 | M90: Raj
B91: 86 | C91: 150/1 | D91: DA+6 | E91: 43.804424 | F91: =E91*10940 -> 479220.4 | G91: 45839 | H91: Jwala Singh | I91: Completed | J91: 45845 | K91: 45855 | L91: =K91-J91 -> 10 | M91: Raj
B92: 87 | C92: 154/3 | D92: DA-3 | E92: 34.79 | F92: =E92*10940 -> 380602.6 | G92: 45839 | H92: Gokul/Rajwanshi | I92: Completed | J92: 45846 | K92: 45852 | L92: =K92-J92 -> 6 | M92: Raj
B93: 88 | C93: 103/7 | D93: DA+6 | E93: 43.804424 | F93: =E93*10940 -> 479220.4 | G93: 45839 | H93: Gokul/Rajwanshi | I93: Completed | J93: 45853 | K93: 45862 | L93: =K93-J93 -> 9 | M93: Raj
B94: 89 | C94: 150/0 | D94: DC1+0 | E94: 62.444 | F94: =E94*10940 -> 683137.36 | G94: 45839 | H94: Jwala Singh | I94: Completed | J94: 45856 | K94: 45866 | L94: =K94-J94 -> 10 | M94: Raj
B95: 90 | C95: 103/8 | D95: DA+3 | E95: 37.931088 | F95: =E95*10940 -> 414966.1 | G95: 45839 | H95: Gokul/Rajwanshi | I95: Completed | J95: 45863 | K95: 45869 | L95: =K95-J95 -> 6 | M95: Raj
B96: 91 | C96: 127/0 | D96: DD45+0 | E96: 73.245 | F96: =E96*10940 -> 801300.3 | G96: 45870 | H96: Shila Devi | I96: Completed | J96: 45870 | K96: 45885 | L96: =K96-J96 -> 15 | M96: Raj
... B229: 224 | C229: 164/4 | D229: DA+0 | E229: 36.159756 | F229: =E229*10940 -> 395587.73 | G229: 45992 | H229: Jagannaath Saw (MP) | I229: Completed | J229: 46009 | K229: 46015 | L229: =K229-J229 -> 6 | M229: MP
B230: 225 | C230: 171/10 | D230: DA+0 | E230: 36.159756 | F230: =E230*10940 -> 395587.73 | M230: MP | N230: RoW
B231: 226 | C231: 152A/6 | D231: DA+0 | E231: 36.159756 | F231: =E231*10940 -> 395587.73 | G231: 45992 | H231: Shila Devi | I231: Completed | J231: 46011 | K231: 46015 | L231: =K231-J231 -> 4 | M231: Raj
B232: 227 | C232: 169/9 | D232: DA-3 | E232: 34.79 | F232: =E232*10940 -> 380602.6 | G232: 45992 | H232: Deglal Mahato (MP) | I232: Completed | J232: 46011 | K232: 46018 | L232: =K232-J232 -> 7 | M232: MP
B233: 228 | C233: 177/1 | D233: DA+3 | E233: 37.931 | F233: =E233*10940 -> 414965.14 | G233: 45992 | H233: Jwala Singh 2 | I233: Completed | J233: 46012 | K233: 46018 | L233: =K233-J233 -> 6 | M233: MP
B234: 229 | C234: 181/1 | D234: DA+0 | E234: 36.159756 | F234: =E234*10940 -> 395587.73 | G234: 45992 | H234: Gokul Sarkar (MP) | I234: Completed | J234: 46012 | K234: 46017 | L234: =K234-J234 -> 5 | M234: MP
B235: 230 | C235: 179/5 | D235: DA-3 | E235: 34.79 | F235: =E235*10940 -> 380602.6 | G235: 45992 | H235: Gokul Sarkar (MP)-2 | I235: Completed | J235: 46012 | K235: 46019 | L235: =K235-J235 -> 7 | M235: MP
B236: 231 | C236: 173/0 | D236: DB2+0 | E236: 59.501 | F236: =E236*10940 -> 650940.94 | G236: 45992 | H236: Crane Erc.Team (MP) | I236: Completed | J236: 46013 | K236: 46021 | L236: =K236-J236 -> 8 | M236: MP
B237: 232 | C237: 123/0 | D237: DD60+6 | E237: 97.17 | F237: =E237*10940 -> 1063039.8 | G237: 46023 | H237: Deglal Mahato | I237: Completed | J237: 46013 | K237: 46026 | L237: =K237-J237 -> 13 | M237: Raj
B238: 233 | C238: 99/7 | D238: DA+0 | E238: 36.159756 | F238: =E238*10940 -> 395587.73 | G238: 45992 | H238: Jwala Singh | I238: Completed | J238: 46013 | K238: 46017 | L238: =K238-J238 -> 4 | M238: Raj
B239: 234 | C239: 152A/7 | D239: DA+6 | E239: 43.804424 | F239: =E239*10940 -> 479220.4 | G239: 45992 | H239: Shila Devi | I239: Completed | J239: 46016 | K239: 46022 | L239: =K239-J239 -> 6 | M239: Raj
B240: 235 | C240: 164/3 | D240: DA+3 | E240: 37.931 | F240: =E240*10940 -> 414965.14 | G240: 45992 | H240: Jagannaath Saw (MP) | I240: Completed | J240: 46016 | K240: 46021 | L240: =K240-J240 -> 5 | M240: MP
B241: 236 | C241: 99/1 | D241: DA+6 | E241: 43.804424 | F241: =E241*10940 -> 479220.4 | G241: 45992 | H241: Jwala Singh | I241: Completed | J241: 46018 | K241: 46022 | L241: =K241-J241 -> 4 | M241: Raj
B242: 237 | C242: 179/4 | D242: DA-3 | E242: 34.79 | F242: =E242*10940 -> 380602.6 | G242: 45992 | H242: Gokul Sarkar (MP) | I242: Completed | J242: 46018 | K242: 46022 | L242: =K242-J242 -> 4 | M242: MP
... B291: 286 | C291: 149/1 | D291: DA+3 | E291: 37.931 | F291: =E291*10940 -> 414965.14 | G291: 46054 | H291: Shila Devi | I291: Completed | J291: 46054 | K291: 46062 | L291: =K291-J291 -> 8 | M291: Raj
B292: 287 | C292: 164/1 | D292: DB2+0 | E292: 59.501 | F292: =E292*10940 -> 650940.94 | G292: 46054 | H292: Jagannaath Saw (MP) | I292: Completed | J292: 46054 | K292: 46064 | L292: =K292-J292 -> 10 | M292: MP | N292: Crane Utilized
B293: 288 | C293: 175/1 | D293: DA+0 | E293: 36.159756 | F293: =E293*10940 -> 395587.73 | G293: 46054 | H293: Soni Enterprise (MP) | I293: Completed | J293: 46054 | K293: 46069 | L293: =K293-J293 -> 15 | M293: MP
B294: 289 | C294: 179/9 | D294: DA+3 | E294: 37.931 | F294: =E294*10940 -> 414965.14 | G294: 46054 | H294: Gokul Sarkar (MP) | I294: Completed | J294: 46054 | K294: 46062 | L294: =K294-J294 -> 8 | M294: MP
B295: 290 | C295: 178/1 | D295: DA+0 | E295: 36.159756 | F295: =E295*10940 -> 395587.73 | G295: 46054 | H295: Gokul Sarkar (MP)-2 | I295: Completed | J295: 46056 | K295: 46063 | L295: =K295-J295 -> 7 | M295: MP
B296: 291 | C296: 149B/1 | D296: DB2+15 | E296: 85.492 | F296: =E296*10940 -> 935282.48 | G296: 46054 | H296: Toshan Mahato | I296: Completed | J296: 46059 | K296: 46079 | L296: =K296-J296 -> 20 | M296: Raj
B297: 292 | C297: 163/0 | D297: DB1+18 | E297: 82.465 | F297: =E297*10940 -> 902167.1 | G297: 46054 | H297: Deglal Mahato (MP) | I297: Completed | J297: 46059 | K297: 46075 | L297: =K297-J297 -> 16 | M297: MP | N297: Crane Utilized
B298: 293 | C298: 174A/5 | D298: DA-3 | E298: 34.79 | F298: =E298*10940 -> 380602.6 | G298: 46054 | H298: Prayag Shah (MP) | I298: Completed | J298: 46061 | K298: 46068 | L298: =K298-J298 -> 7 | M298: MP
B299: 294 | C299: 156/6 | D299: DA+0 | E299: 36.159756 | F299: =E299*10940 -> 395587.73 | G299: 46054 | H299: Deglal Mahato | I299: Completed | J299: 46061 | K299: 46070 | L299: =K299-J299 -> 9 | M299: MP
B300: 295 | C300: 149A/0 | D300: DC2+18 | E300: 99.78 | F300: =E300*10940 -> 1091593.2 | G300: 46054 | H300: Shila Devi | I300: Completed | J300: 46063 | K300: 46076 | L300: =K300-J300 -> 13 | M300: MP-Forest
B301: 296 | C301: 179/7 | D301: DA+3 | E301: 37.931 | F301: =E301*10940 -> 414965.14 | G301: 46054 | M301: MP | N301: ROW
B302: 297 | C302: 178/2 | D302: DA+6 | E302: 43.804424 | F302: =E302*10940 -> 479220.4 | G302: 46054 | H302: Prayag Shah (MP) | I302: Completed | J302: 46068 | K302: 46075 | L302: =K302-J302 -> 7 | M302: MP
B303: 298 | C303: 139/1 | D303: DB1+3 | E303: 57.96 | F303: =E303*10940 -> 634082.4 | G303: 46054 | H303: Jwala Singh | I303: Completed | J303: 46065 | K303: 46074 | L303: =K303-J303 -> 9 | M303: RAJ-Forest
B304: 299 | C304: 138/1 | D304: DA-3 | E304: 34.79 | F304: =E304*10940 -> 380602.6 | G304: 46054 | H304: Jyoti Const. | I304: Completed | J304: 46068 | K304: 46077 | L304: =K304-J304 -> 9 | M304: RAJ-Forest
B305: 300 | C305: 156/3 | D305: DA+0 | E305: 36.159756 | F305: =E305*10940 -> 395587.73 | G305: 46054 | H305: Deglal Mahato | I305: Completed | J305: 46071 | K305: 46077 | L305: =K305-J305 -> 6 | M305: Raj
B306: 301 | C306: 139/0 | D306: DB2+0 | E306: 59.501 | F306: =E306*10940 -> 650940.94 | G306: 46054 | H306: Jwala Singh | I306: Completed | J306: 46075 | K306: 46081 | L306: =K306-J306 -> 6 | M306: RAJ-Forest
B307: 302 | C307: 166/2 | D307: DA+0 | E307: 36.159756 | F307: =E307*10940 -> 395587.73 | G307: 46054 | H307: Jagannaath Saw (MP) | I307: Completed | J307: 46067 | K307: 46073 | L307: =K307-J307 -> 6 | M307: MP
B308: 303 | C308: 164/0 | D308: DC2+18 | E308: 99.78 | F308: =E308*10940 -> 1091593.2 | G308: 46054 | H308: Jagannaath Saw (MP) | I308: In-Progress | J308: 46069 | M308: MP | N308: Crane Utilized
B309: 304 | C309: 172/5 | D309: DA+3 | E309: 37.931 | F309: =E309*10940 -> 414965.14 | G309: 46054 | H309: Prayag Shah (MP) | I309: In-Progress | J309: 46077 | M309: MP
B310: 305 | C310: 165/2 | D310: DA+0 | E310: 36.159756 | F310: =E310*10940 -> 395587.73 | G310: 46082 | H310: Deglal Mahato (MP) | I310: Completed | J310: 46076 | K310: 46084 | L310: =K310-J310 -> 8 | M310: MP
B311: 306 | C311: 148B/2 | D311: DA+6 | E311: 43.804424 | F311: =E311*10940 -> 479220.4 | G311: 46054 | H311: Shila Devi | I311: In-Progress | J311: 46077 | M311: RAJ-Forest
B312: 307 | C312: 147/0 | D312: DB2+6 | G312: 46054 | H312: Deglal Mahato | I312: In-Progress | J312: 46079 | M312: Raj
B313: 308 | C313: 142/1 | D313: DA-3 | E313: 34.79 | F313: =E313*10940 -> 380602.6 | G313: 46054 | H313: Toshan Mahato | I313: In-Progress | J313: 46080 | M313: Raj
B314: 309 | C314: 138/3 | D314: DA+3 | E314: 37.931 | F314: =E314*10940 -> 414965.14 | G314: 46082 | H314: Jwala Singh | I314: In-Progress | M314: Raj
B315: 310 | C315: 165/1 | D315: DA+6 | E315: 43.804424 | F315: =E315*10940 -> 479220.4 | G315: 46082 | H315: Deglal Mahato (MP) | I315: In-Progress | J315: 46084 | M315: MP

Sheet Balance Erc-RAJ
A1: Balance Erection Status (Rajasthan)
A2: SL No | B2: Loc No | C2: TOT | D2: Tower Availability | E2: Current Status | F2: Remarks
A3: 1 | B3: 99/1 | C3: DA+6 | D3: NO | E3: Erectable | F3: Tower Parts not available-Supply in PGCIL Scope.
A4: 2 | B4: 99/2 | C4: DA+6 | D4: NO | E4: Erectable
A5: 3 | B5: 99/3 | C5: DA+0 | D5: NO | E5: Erectable
A6: 4 | B6: 99/4 | C6: DA+0 | D6: NO | E6: Erectable
A7: 5 | B7: 99/5 | C7: DA+0 | D7: NO | E7: Erectable
A8: 6 | B8: 99/6 | C8: DA+0 | D8: NO | E8: Erectable
A9: 7 | B9: 99/7 | C9: DA+6 | D9: YES | E9: WIP
A10: 8 | B10: 103/9 | C10: DA+3 | D10: Yes | E10: Planned
A11: 9 | B11: 110/0 | C11: DC2+3 | E11: Water logged
A12: 10 | B12: 118/0 | C12: DD60+6 | D12: NO | F12: Tower Parts availability-Last Week of November-25.
A13: 11 | B13: 122/0 | C13: DD60+3 | D13: Yes | E13: Planned
A14: 12 | B14: 132/0 | C14: DD60+6 | D14: NO | F14: Tower Parts availability-Last Week of November-25.
A15: 13 | B15: 135/3 | C15: DA+9 | D15: Yes | E15: Water logged
A16: 14 | B16: 140/0 | C16: DC1+9 | D16: Yes | E16: Planned
A17: 15 | B17: 141/0 | C17: DD45+0 | D17: Yes | E17: Planned | F17: Approach Issue.
A18: 16 | B18: 142/0 | C18: DD45+3 | D18: Yes | E18: 11 Kv Line shifting required
A19: 17 | B19: 144A/2 | C19: DA+3 | D19: Yes | E19: Opium Planted
A20: 18 | B20: 147/0 | C20: DB2+6 | D20: Yes | E20: Chia Planted | F20: Land Owner objection
A21: 19 | B21: 148/0 | C21: DD60+6 | D21: NO | F21: Tower Parts availability-Last Week of November-25.
A22: 20 | B22: 149B/1 | C22: DB2+15 | D22: NO | F22: Tower Parts availability-December-25.
A23: 21 | B23: 149B/4 | C23: DA+0 | D23: Yes | E23: WIP
A24: 22 | B24: 151/0 | C24: DD45+3 | D24: Yes | E24: Garlic Planted
A25: 23 | B25: 152/1 | C25: DA+6 | D25: Yes | E25: Opium Planted
A26: 24 | B26: 152/2 | C26: DA+0 | D26: Yes | E26: Opium Planted | F26: Managable
A27: 25 | B27: 152/3 | C27: DA-1.5 | D27: Yes | E27: Opium Planted
A28: 26 | B28: 152A/0 | C28: DB1+0 | D28: Yes | E28: Planned
A29: 27 | B29: 152A/6 | C29: DA+0 | D29: Yes | E29: Planned | F29: 33 kV Line SD required
A30: 28 | B30: 152A/7 | C30: DA+6 | D30: Yes | E30: Planned | F30: 33 kV Line SD required
A31: 29 | B31: 152A/10 | C31: DA+0 | D31: Yes | E31: Planned | F31: 33 kV Line SD required
A32: 30 | B32: 152A/11 | C32: DA-1.5 | D32: Yes | E32: Opium Planted
A33: 31 | B33: 152A/12 | C33: DA-3 | D33: Yes | E33: Opium Planted
A34: 32 | B34: 154/4 | C34: DA+3 | D34: Yes | E34: Planned
A35: 33 | B35: 155/0 | C35: DC2+0 | D35: Yes | E35: Opium Planted in adjacent land
A36: 34 | B36: 155/1 | C36: DA+0 | D36: Yes | E36: Approach Issue
A37: 35 | B37: 155/2 | C37: DA+3 | D37: Yes | E37: Approach Issue/Opium
A38: 36 | B38: 156/3 | C38: DA+0 | D38: Yes | E38: ROW | F38: Compensation Issue

Sheet ERC ROW-MP
A1: Balance Erection Status (MP)
A2: SL No | B2: Loc No | C2: TOT | D2: Tower Availability | E2: Current Status | F2: Remarks
A3: 1 | B3: 159/3 | C3: DA+0 | D3: Yes | E3: Shutdown Issue
A4: 2 | B4: 161/1 | C4: DA+3 | D4: Yes | E4: Opium Planted
A5: 3 | B5: 161/5 | C5: DA+6
A6: 4 | B6: 164/2 | C6: DA+0 | D6: Yes | E6: Shutdown Issue
A7: 5 | B7: 164/3 | C7: DA+3
A8: 6 | B8: 164/4 | C8: DA+0 | D8: Yes | E8: Shutdown Issue
A9: 7 | B9: 164/6 | C9: DA+3
A10: 8 | B10: 164/7 | C10: DA+3
A11: 9 | B11: 165/1 | C11: DA+6 | D11: Yes | E11: Line Shifting Reqd
A12: 10 | B12: 165/2 | C12: DA+0 | D12: Yes | E12: Shutdown Issue
A13: 11 | B13: 165/3 | C13: DA+0 | D13: Yes | E13: Opium Planted
A14: 12 | B14: 165/4 | C14: DA-3 | D14: Yes | E14: Approach Issue
A15: 13 | B15: 165/5 | C15: DA-3 | D15: Yes | E15: Approach Issue
A16: 14 | B16: 166/2 | C16: DA+0 | D16: Yes | E16: Compensation Issue
A17: 15 | B17: 166/3 | C17: DA+0 | D17: Yes | E17: Opium Planted
A18: 16 | B18: 166/4 | C18: DA+3
A19: 17 | B19: 168/0 | C19: DC2+0 | D19: Yes | E19: Opium Planted
A20: 18 | B20: 169/0 | C20: DC1+3
A21: 19 | B21: 170/2 | C21: DA+0
A22: 20 | B22: 170/3 | C22: DA+0 | D22: Yes | E22: Opium Planted
A23: 21 | B23: 170/4 | C23: DA-3 | D23: Yes | E23: ROW | F23: Tower Erectable after Crop Harvesting.
A24: 22 | B24: 170/5 | C24: DA+0
A25: 23 | B25: 170/6 | C25: DA-3 | D25: Yes | E25: ROW | F25: Tower Erectable after Crop Harvesting.
A26: 24 | B26: 170/9 | C26: DA+0 | D26: Yes | E26: Opium Planted
A27: 25 | B27: 170/10 | C27: DA+0 | D27: Yes | E27: Opium Planted
A28: 26 | B28: 171/0 | C28: DB1+0 | D28: No | E28: Approach Issue
A29: 27 | B29: 171/1 | C29: DA-3 | D29: Yes | E29: Opium Planted
A30: 28 | B30: 171/2 | C30: DA+0 | D30: Yes | E30: Opium Planted
A31: 29 | B31: 171/3 | C31: DA+0 | D31: Yes | E31: ROW | F31: Tower Erectable after Crop Harvesting.
A32: 30 | B32: 171/4 | C32: DA+0 | D32: Yes | E32: ROW | F32: Tower Erectable after Crop Harvesting.
A33: 31 | B33: 171/6 | C33: DA+0
A34: 32 | B34: 171/7 | C34: DA+0
A35: 33 | B35: 171/8 | C35: DA-3
A36: 34 | B36: 171/9 | C36: DA+0
A37: 35 | B37: 171/10 | C37: DA+0
A38: 36 | B38: 172/0 | C38: DB1+0
A39: 37 | B39: 172/1 | C39: DA-3
A40: 38 | B40: 172/4 | C40: DA+0
A41: 39 | B41: 172/5 | C41: DA+3 | D41: Yes | E41: Compensation Issue
A42: 40 | B42: 173/0 | C42: DB2+0
A43: 41 | B43: 173/2 | C43: DA+3
A44: 42 | B44: 173/3 | C44: DA+3
A45: 43 | B45: 173/4 | C45: DA+3
A46: 44 | B46: 174A/1 | C46: DA-3
A47: 45 | B47: 174A/4 | C47: DA-3
A48: 46 | B48: 174A/5 | C48: DA-3
A49: 47 | B49: 175/2 | C49: DA+0
A50: 48 | B50: 175/3 | C50: DA+0
A51: 49 | B51: 175/4 | C51: DA-3
A52: 50 | B52: 176/0 | C52: DC1+3 | D52: No | E52: Approach Issue
A53: 51 | B53: 176/1 | C53: DA+3
A54: 52 | B54: 176/2 | C54: DA+3
A55: 53 | B55: 176/3 | C55: DA+0
A56: 54 | B56: 177/0 | C56: DB2+0
A57: 55 | B57: 177/1 | C57: DA+3
A58: 56 | B58: 177/2 | C58: DA+0
A59: 57 | B59: 177/3 | C59: DA+0
A60: 58 | B60: 177/4 | C60: DA+3
A61: 59 | B61: 177/5 | C61: DA-3
A62: 60 | B62: 177/6 | C62: DA-3
A63: 61 | B63: 177/7 | C63: DA+0
A64: 62 | B64: 177/8 | C64: DA+0
... A79: 77 | B79: 181/6 | C79: DA+0

Sheet Stringing Compiled
D2: Number of TSE | E2: 1
A4: S.no | B4: Sec | C4: From AP | D4: To AP | E4: Span (M) | F4: Method | G4: Section Readiness | H4: Insulator Hoisting | I4: P/O Starting Date | J4: P/O Completion Date | K4: P/O | L4: F/S Starting Date | M4: F/S/ Completion Date | N4: Jumpering | O4: Spacering | P4: Clipping | Q4: Length | R4: Status | S4: Gang Name | T4: Gang Strength | U4: Number of Fitters | V4: Hindrance | W4: Remarks
A5: 1 | B5: 100/0 To 101/0 | C5: 100/0 | D5: 101/0 | E5: 419 | F5: Manual | G5: Ready | H5: Done | I5: 46042 | J5: 46047 | K5: Done | L5: 46058 | M5: 46060 | Q5: =E5 -> 419 | R5: Done | S5: Alimuddin | T5: 54
A6: 2 | B6: 101/0 To 102/0 | C6: 101/0 | D6: 102/0 | E6: 3470 | F6: TSE | G6: Ready | H6: Done | I6: 46049 | J6: 46055 | K6: Done | L6: 46063 | M6: 46068 | Q6: =E6 -> 3470 | R6: Done | S6: Alimuddin | T6: 54
A7: 3 | B7: 102/0 To 103/0 | C7: 102/0 | D7: 103/0 | E7: 461 | F7: Manual | G7: Ready | H7: Done | I7: 46061 | J7: 46065 | K7: Done | L7: 46071 | M7: 46075 | Q7: =E7 -> 461 | R7: Done | S7: Alimuddin | T7: 54
A8: 4 | B8: 103/0 To 103/5A | C8: 103/0 | D8: 103/5A | E8: 2200 | F8: TSE | G8: Ready | H8: Done | I8: 46069 | J8: 46075 | K8: Done | L8: 46079 | M8: 46081 | Q8: 2200 | R8: Done | S8: Alimuddin | T8: 54
A9: 5 | B9: 103/5A To 103/6A | C9: 103/5A | D9: 103/6A | E9: 567 | F9: TSE | G9: Ready | H9: Done | I9: 46077 | J9: 46079 | K9: Done | S9: Alimuddin | T9: 54
A10: 6 | B10: 104/0 To 105/0 | C10: 104/0 | D10: 105/0 | E10: 967 | F10: TSE | G10: Ready | H10: WIP | S10: Alimuddin | T10: 54
A11: 7 | B11: 113/0 To 114/0 | C11: 113/0 | D11: 114/0 | E11: 2565 | F11: TSE | G11: Ready | H11: Done | S11: Sanwaririya Enterprises | T11: 30
D234: Total | E234: =SUM(E5:E232)/1000 -> 10.649 | Q234: =SUM(Q5:Q233)/1000 -> 6.55

Sheet Visual Chart
M2: V I S U A L C H A R T
B5: DATE : | D5: 46083
B6: Name of Line : | E6: 765 KV D/C HEXA BEAWAR MANDSAUR T/L
B7: Project Code: | F7: TA505
B8: Name of Executing Agency: | F8: M/s. KEC INTERNATIONAL LTD.
AG9: FDN | AH9: Ear | AI9: ERE | AJ9: TW | AK9: STR
V10: COMMON TOWER
V11: 99/0 | X11: 99/1 | Z11: 99/2 | AB11: 99/3 | AD11: 99/4 | AG11: 4 | AH11: 0 | AI11: 4
Z12: 1 | AB12: 1
V13: 1 | X13: 2 | Z13: 3 | AB13: 4 | AD13: 1
S14: BAJEL PART | U14: 0 | V14: BAJEL | W14: 360 | Y14: 420 | AA14: 410 | AC14: 382
V16: 0 | X16: 0 | Z16: 0 | AB16: 0 | AD16: 0
V17: DB2+0 | X17: DA+6 | Z17: DA+6 | AB17: DA+0 | AD17: DA+0
U19: RAJASTHAN REGION
O21: =+LEFT(O28,1) -> D | Q21: =+LEFT(Q28,1) -> D | U21: =+LEFT(U28,1) -> D | W21: =+LEFT(W28,1) -> D | Y21: =+LEFT(Y28,1) -> D | AA21: =+LEFT(AA28,1) -> D | AC21: =+LEFT(AC28,1) -> D | AE21: =+LEFT(AE28,1) -> D
C22: 99/5 | E22: 99/6 | G22: 99/7 | I22: 99/8 | K22: 100/0 | M22: 101/0 | O22: 101/1 | Q22: 101/2 | S22: 101/3 | U22: 101/4 | W22: 101/5 | Y22: 101/6 | AA22: 101/7 | AC22: 101/8 | AE22: 102/0
G23: 1 | I23: 1 | O23: 1 | Q23: 1 | S23: 1 | U23: 1 | W23: 1 | Y23: 1 | AA23: 1 | AC23: 1
C24: 1 | E24: 2 | G24: 3 | I24: 4 | K24: 1 | M24: 2 | O24: 3 | Q24: 4 | S24: 5 | U24: 6 | W24: 7 | Y24: 8 | AA24: 9 | AC24: 10 | AE24: 11
B25: 338 | D25: 370 | F25: 380 | H25: 400 | J25: 418 | L25: 418.579 | N25: 425 | O25: Completed | P25: 312 | Q25: Completed | R25: 381 | S25: Completed | T25: 455 | U25: Completed | V25: 376 | W25: Completed | X25: 401 | Y25: Completed | Z25: 428 | AA25: Completed | AB25: 357 | AC25: Completed | AD25: 335.158 | AE25: Completed | AG25: 15 | AH25: 10 | AI25: 15 | AJ25: 8 | AK25: =L25+N25+P25+R25+T25+V25+X25+Z25+AB25+AD25 -> 3888.737
C27: 0 | E27: 0 | G27: 0 | I27: 0 | K27: 0 | M27: 0 | O27: Completed | Q27: Completed | S27: Completed | U27: Completed | W27: Completed | Y27: Completed | AA27: Completed | AC27: Completed | AE27: Completed
C28: DA+0 | E28: DA+0 | G28: DA+0 | I28: DA+6 | K28: DD45+0 | M28: DC1+3 | O28: DA+3 | Q28: DA+9 | S28: DA+3 | U28: DA+6 | W28: DA+0 | Y28: DA+3 | AA28: DA+3 | AC28: DA-3 | AE28: DC2+3
O29: WFR | Q29: WFR | S29: WFR | U29: WFR | W29: WFR | Y29: WFR | AA29: WFR | AC29: DRY | AE29: DRY
B31: RAJASTHAN REGION
M32: RC
C33: 103/0 | E33: 103/1 | G33: 103/2 | I33: 103/3 | K33: 103/4 | M33: 103/5 | O33: 103/5A | Q33: 103/5A1 | S33: 103/6A | U33: 103/7 | W33: 103/8 | Y33: 103/9 | AA33: 104/0 | AC33: 104/1 | AE33: 104/2
C34: 0 | E34: 0 | G34: 0 | I34: 0 | K34: 0 | M34: 0 | O34: 0 | S34: 0 | W34: 0 | Y34: 0 | AA34: 0 | AC34: 0 | AE34: 0
A35: 11 | C35: 12 | E35: 13 | G35: 14 | I35: 15 | K35: 16 | M35: 17 | O35: 18 | S35: 19 | U35: 20 | W35: 21 | Y35: 22 | AA35: 23 | AC35: 24 | AE35: 25
B36: 461.164 | D36: 373 | F36: 334.67 | H36: 321.15 | J36: 391 | L36: 388 | N36: 392 | P36: 293 | R36: 274 | T36: 218 | U36: Completed | V36: 422 | X36: 339 | Z36: 423.633 | AA36: Completed | AB36: 335.192 | AC36: Completed | AD36: 326.577 | AE36: Completed | AG36: 15 | AH36: 8 | AI36: 15 | AJ36: 3 | AK36: =B36+D36+F36+H36+J36+L36+N36 -> 2660.984
E38: 0 | G38: 0 | K38: 0 | M38: X | U38: Completed | W38: 0 | Y38: 0 | AA38: Completed | AC38: 0 | AE38: Completed
C39: DC1+6 | E39: DA+0 | G39: DA+0 | I39: DA+0 | K39: DA+0 | M39: DA+3 | O39: DD60+0 | Q39: DA-3 | S39: DD45+0 | U39: DA+6 | W39: DA+3 | Y39: DA+3 | AA39: DD45+3 | AC39: DA-3 | AE39: DA-3
M40: Benching | S40: Benching | U40: DFR | AA40: DFR | AC40: DFR | AE40: WET
B42: RAJASTHAN REGION
C43: HR | H43: GAS PIPE LINE
C44: 105/0 | E44: 105/1 | G44: 106/0 | I44: 108/0 | K44: 108/1 | M44: 108/2 | O44: 108/3 | Q44: 108/4 | S44: 109/0 | U44: 109/1 | W44: 109/2 | Y44: 109/3 | AA44: 109/4 | AC44: 110/0
C45: 0 | E45: 0 | G45: 0 | I45: 0 | K45: 0 | M45: 0 | O45: 0 | Q45: 0 | S45: 0 | U45: 1 | W45: 1 | Y45: 0 | AA45: 0 | AC45: 0
A46: 25 | C46: 26 | E46: 27 | G46: 28 | I46: 29 | K46: 30 | M46: 31 | O46: 32 | Q46: 33 | S46: 34 | U46: 35 | W46: 36 | Y46: 37 | AA46: 38 | AC46: 39
B47: 304.947 | C47: Completed | D47: 379.11 | E47: Completed | F47: 375.442 | H47: 212.418 | J47: 326.001 | K47: Completed | L47: 332 | M47: Completed | N47: 285 | O47: Completed | P47: 345 | Q47: Completed | R47: 380.282 | S47: Completed | T47: 384.998 | U47: Completed | V47: 360 | W47: Completed | X47: 378 | Y47: Completed | Z47: 387 | AA47: Completed | AB47: 439.322 | AC47: Completed | AG47: 14 | AH47: 11 | AI47: 14 | AJ47: 9
C49: 0 | E49: Completed | G49: 0 | I49: 0 | K49: Completed | M49: Completed | O49: Completed | Q49: Completed | S49: Completed | U49: Completed | W49: Completed | Y49: Completed | AA49: Completed | AC49: Completed
C50: DC1+0 | E50: DA+0 | G50: DD60+0 | I50: DD45+0 | K50: DA-3 | M50: DA-3 | O50: DA-3 | Q50: DA+0 | S50: DC1+0 | U50: DA-1.5 | W50: DA-1.5 | Y50: DA+0 | AA50: DA+3 | AC50: DC2+3
C51: WFR | E51: WFR | K51: DFR | M51: WET | O51: WET | Q51: WFR | S51: DFR | U51: WFR | W51: WFR | Y51: WFR | AA51: WFR | AC51: WFR
B53: RAJASTHAN REGION
C54: 110/1 | E54: 110/2 | G54: 110/3 | I54: 110/4 | K54: 110/5 | M54: 110/6 | O54: 110/7 | Q54: 110/8 | S54: 110A/0 | U54: 110A/1 | W54: 110A/2 | Y54: 111/0 | AA54: 111/1 | AC54: 111/2
C55: Jwala Singh | E55: 0 | G55: 0 | I55: 0 | K55: 1 | M55: 0 | O55: 1 | Q55: 0 | S55: 0 | U55: 0 | W55: 0 | Y55: 0 | AA55: 0 | AC55: 0
A56: 39 | C56: 40 | E56: 41 | G56: 42 | I56: 43 | K56: 44 | M56: 45 | O56: 46 | Q56: 47 | S56: 48 | U56: 49 | W56: 50 | Y56: 51 | AA56: 52 | AC56: 53
B57: 386.733 | C57: Completed | D57: 358.962 | E57: Completed | F57: 399.964 | G57: Completed | H57: 375.845 | J57: 417.796 | K57: Completed | L57: 403.677 | M57: Completed | N57: 414.519 | O57: Completed | P57: 415.771 | Q57: Completed | R57: 339.11 | S57: Completed | T57: 398.31 | U57: Completed | V57: 390.626 | W57: Completed | X57: 441.234 | Y57: Completed | Z57: 415.00291 | AA57: Completed | AB57: 416.99986 | AC57: Completed | AG57: 14 | AH57: 11 | AI57: 14 | AJ57: 1
C59: Completed | E59: Completed | G59: Completed | I59: 0 | K59: 0 | M59: Completed | O59: Completed | Q59: Completed | S59: 0 | U59: Completed | W59: Completed | Y59: Completed | AA59: Completed | AC59: Completed
C60: DA-1.5 | E60: DA+0 | G60: DA+3 | I60: DA+3 | K60: DA+3 | M60: DA+0 | O60: DA+3 | Q60: DA+0 | S60: DB2+0 | U60: DA+3 | W60: DA-1.5 | Y60: DB1+6 | AA60: DA+3 | AC60: DA+3
C61: WFR | E61: WFR | G61: DRY | K61: WET | M61: WFR | O61: WFR | Q61: WFR | S61: DFR | U61: WFR | W61: DFR | Y61: DFR | AA61: WFR | AC61: WFR
W62: Benching
B63: RAJASTHAN REGION
H64: 400 kV | I64: RC
C65: 111/3 | E65: 111/4 | G65: 112/0 | I65: 113/0 | K65: 113/1 | M65: 113/2 | O65: 113/3 | Q65: 113/4 | S65: 113/5 | U65: 113/6 | W65: 114/0 | Y65: 114/1 | AA65: 114/2 | AC65: 114/3
C66: 0 | E66: 0 | G66: 0 | I66: 0 | K66: 0 | M66: 0 | O66: 0 | Q66: 0 | S66: 0 | U66: 0 | W66: 0 | Y66: 0 | AA66: 0 | AC66: 0
A67: 53 | C67: 54 | E67: 55 | G67: 56 | I67: 57 | K67: 58 | M67: 59 | O67: 60 | Q67: 61 | S67: 62 | U67: 63 | W67: 64 | Y67: 65 | AA67: 66 | AC67: 67
B68: 405.00085 | C68: Completed | D68: 333.00004 | E68: Completed | F68: 383.63686 | G68: Completed | H68: 225.782 | J68: 390 | K68: Completed | L68: 343 | M68: Completed | N68: 327 | O68: Completed | P68: 364 | Q68: Completed | R68: 308 | S68: Completed | T68: 465 | U68: Completed | V68: 367.662 | W68: Completed | X68: 399.998 | Y68: Completed | Z68: 426 | AA68: Completed | AB68: 362 | AC68: Completed | AG68: 14 | AH68: 13 | AI68: 14 | AJ68: 3
C70: Completed | E70: Completed | G70: Completed | I70: 0 | K70: Completed | M70: Completed | O70: Completed | Q70: Completed | S70: Completed | U70: Completed | W70: Completed | Y70: Completed | AA70: Completed | AC70: Completed
C71: DA+0 | E71: DA+9 | G71: DD60+18 | I71: DD60+9 | K71: DA-3 | M71: DA-1.5 | O71: DA-3 | Q71: DA+0 | S71: DA+6 | U71: DA+6 | W71: DC2+0 | Y71: DA+3 | AA71: DA+0 | AC71: DA+0
C72: WET | E72: DFR | G72: DFR | K72: DFR | M72: WFR | O72: DFR | Q72: DFR | S72: DFR | U72: DFR | W72: WET | Y72: DFR | AA72: WFR | AC72: WFR
B74: RAJASTHAN REGION
R75: 132 kV | Z75: 220kV
C76: 114/4 | E76: 114/5 | G76: 114/6 | I76: 114/7 | K76: 114/8 | M76: 114/9 | O76: 114/10 | Q76: 115/0 | S76: 116/0 | U76: 116/1 | W76: 116/2 | Y76: 117/0 | AA76: 118/0 | AC76: 119/0
C77: 0 | E77: 0 | G77: 0 | I77: 0 | K77: 0 | M77: 0 | O77: 0 | Q77: 0 | S77: 0 | U77: 0 | W77: 0 | Y77: 0 | AA77: 0 | AC77: 0
A78: 67 | C78: 68 | E78: 69 | G78: 70 | I78: 71 | K78: 72 | M78: 73 | O78: 74 | Q78: 75 | S78: 76 | U78: 77 | W78: 78 | Y78: 79 | AA78: 80 | AC78: 81
B79: 382 | D79: 441 | E79: Completed | F79: 309 | G79: Completed | H79: 331 | I79: Completed | J79: 431 | K79: Completed | L79: 396 | M79: Completed | N79: 444 | O79: Completed | P79: 381.622 | R79: 200.194 | T79: 323.899 | U79: Completed | V79: 403 | W79: Completed | X79: 419.713 | Y79: ROW | Z79: 239.882 | AA79: Completed | AB79: 421.011 | AG79: 13 | AH79: 12 | AI79: 13 | AJ79: 7
E81: Completed | G81: Completed | I81: Completed | K81: Completed | M81: Completed | O81: Completed | U81: Completed | W81: Completed | Y81: 0 | AA81: 0
C82: DA+3 | E82: DA+6 | G82: DA-3 | I82: DA+3 | K82: DA+6 | M82: DA+3 | O82: DA+6 | Q82: DD60+3 | S82: DD45+3 | U82: DA+3 | W82: DA+3 | Y82: DD45+6 | AA82: DD60+6 | AC82: DC2+0
E83: DFR | G83: DFR | I83: DFR | K83: WET | M83: WET | O83: DFR | U83: WFR | W83: WFR | AA83: WFR
E84: Benching
B85: RAJASTHAN REGION
B86: 220kV | N86: RLW | X86: NH
C87: 120/0 | E87: 120/1 | G87: 120/2 | I87: 120/3 | K87: 121/0 | M87: 122/0 | O87: 123/0 | Q87: 123/1 | S87: 123/2 | U87: 123/3 | W87: 124/0 | Y87: 125/0 | AA87: 125/1 | AC87: 126/0
C88: 0 | E88: 0 | G88: 0 | I88: 0 | K88: 0 | M88: 0 | O88: 0 | Q88: 0 | S88: 0 | U88: 0 | W88: 0 | Y88: 0 | AA88: 0 | AC88: 0
A89: 81 | C89: 82 | E89: 83 | G89: 84 | I89: 85 | K89: 86 | M89: 87 | O89: 88 | Q89: 89 | S89: 90 | U89: 91 | W89: 92 | Y89: 93 | AA89: 94 | AC89: 95
B90: 193.168 | D90: 416.997 | E90: Completed | F90: 363 | G90: Completed | H90: 339 | I90: Completed | J90: 473.767 | L90: 360.17 | N90: 272 | P90: 301.25 | R90: 349 | T90: 299 | V90: 318 | X90: 244 | Z90: 343 | AB90: 399 | AC90: Completed | AG90: 14 | AH90: 5 | AI90: 14 | AJ90: 2
E92: Completed | G92: Completed | I92: Completed | K92: 0 | M92: 0 | O92: 0 | Q92: 0 | S92: 0 | U92: 0 | W92: 0 | Y92: 0 | AA92: 0 | AC92: Completed
C93: DD45+3 | E93: DA+0 | G93: DA-1.5 | I93: DA+9 | K93: DB1+6 | M93: DD60+3 | O93: DD60+6 | Q93: DA+0 | S93: DA+0 | U93: DA-3 | W93: DD45+3 | Y93: DD60+3 | AA93: DA+0 | AC93: DB2+0
E94: WFR | G94: WFR | I94: WFR | AC94: DFR
B96: RAJASTHAN REGION
U97: RAJ FOREST
C98: RC | H98: Proposed 132kV | U98: RC | W98: ULE/RC
C99: 126/1 | E99: 126/2 | G99: 126/3 | I99: 126/4 | K99: 127/0 | M99: 127/1 | O99: 127/2 | Q99: 127/3 | S99: 128/0 | U99: 129/0 | W99: 129/1 | Y99: 129A/0 | AA99: 129A/1 | AC99: 129A/2
C100: 0 | E100: 0 | G100: 0 | I100: 0 | K100: 0 | M100: 0 | O100: 0 | Q100: 0 | S100: 0 | U100: 0 | W100: 0 | Y100: 0 | AA100: 0 | AC100: 0
A101: 95 | C101: 96 | E101: 97 | G101: 98 | I101: 99 | K101: 100 | M101: 101 | O101: 102 | Q101: 103 | S101: 104 | U101: 105 | W101: 106 | Y101: 107 | AA101: 108 | AC101: 109
B102: 412 | D102: 420 | E102: Completed | F102: 339 | G102: Completed | H102: 461 | I102: Completed | J102: 324.66 | K102: Completed | L102: 342 | M102: Completed | N102: 392 | O102: Completed | P102: 371 | Q102: Completed | R102: 335.587 | S102: Completed | T102: 421.973 | U102: WIP | V102: 330 | W102: WIP | X102: 474.912 | Z102: 321 | AA102: Completed | AB102: 400.55 | AC102: Completed | AG102: 12 | AH102: 7 | AI102: 12 | AJ102: 2
E104: Completed | G104: Completed | I104: Completed | K104: Completed | M104: Completed | O104: 0 | Q104: 0 | S104: Completed | U104: 0 | W104: 0 | Y104: 0 | AA104: 0 | AC104: 0
C105: DA+9 | E105: DA-3 | G105: DA+3 | I105: DA+9 | K105: DD45+0 | M105: DA+0 | O105: DA+0 | Q105: DA+6 | S105: DC2+9 | U105: DB1+3 | W105: DB1+9 | Y105: DD45+0 | AA105: DA+0 | AC105: DA+0
C106: Benching | E106: DFR | G106: DFR | I106: DFR | K106: DFR | M106: DFR | O106: DFR | Q106: DRY | S106: DFR | U106: Benching | W106: Benching | AA106: DFR | AC106: DFR
M107: Benching
B108: RAJASTHAN REGION
O109: RAJ FOREST | AB109: Temple
O110: ULE/RC | Q110: RC
C111: 129A/3 | E111: 130/0 | G111: 130/1 | I111: 130/2 | K111: 131/0 | M111: 132/0 | O111: 133/0 | Q111: 134/0 | S111: 135/0 | U111: 135/1 | W111: 135/2 | Y111: 135/3 | AA111: 136/0 | AC111: 136/1
C112: 0 | E112: 0 | G112: 0 | I112: 0 | K112: 0 | M112: 0 | O112: 0 | Q112: 0 | S112: 0 | U112: 0 | W112: 0 | Y112: 0 | AA112: 0 | AC112: 0
A113: 109 | C113: 110 | E113: 111 | G113: 112 | I113: 113 | K113: 114 | M113: 115 | O113: 116 | Q113: 117 | S113: 118 | U113: 119 | W113: 120 | Y113: 121 | AA113: 122 | AC113: 123
B114: 342 | C114: Completed | D114: 280 | E114: Completed | F114: 387.996 | G114: Completed | H114: 319 | I114: Completed | J114: 429.453 | K114: Completed | L114: 484.387 | N114: 372.194 | O114: WIP | P114: 552.223 | Q114: WIP | R114: 396.823 | S114: Completed | T114: 357.996 | U114: Completed | V114: 401 | W114: Completed | X114: 395.009 | Y114: Completed | Z114: 445.379 | AB114: 396.995 | AC114: Completed | AG114: 12 | AH114: 3 | AI114: 11 | AJ114: 3
C116: 0 | E116: Completed | I116: 0 | K116: Completed | M116: 0 | O116: 0 | Q116: 0 | S116: 0 | U116: 0 | W116: 0 | Y116: 0 | AA116: 0 | AC116: 0
C117: DA+0 | E117: DB2+0 | G117: DA+0 | I117: DA-1.5 | K117: DD45+9 | M117: DD60+6 | O117: DB2+3 | Q117: DC1+0 | S117: DD45+0 | U117: DA+3 | W117: DA+9 | Y117: DA+9 | AA117: DC2+3 | AC117: DA+3
C118: WFR | E118: WFR | G118: WFR | I118: WFR | K118: WFR | O118: Benching | Q118: Benching | S118: DFR | U118: DFR | W118: DFR | Y118: DFR | AC118: DFR
Y119: Benching
B120: RAJASTHAN REGION
...

Sheet Erection Productivity
B2: Project Code | C2: Project Name | D2: SPOC | E2: Apr'25 | G2: May'25 | I2: Jun'25 | K2: Jul'25 | M2: Aug'25 | O2: Sep'25 | Q2: Oct'25 | S2: Nov'25 | U2: Dec'25 | W2: Jan'26 | Y2: Feb'26
B3: TA-505 | C3: PGCIL_Part-D - TL02_for 765kV TL Beawar | D3: Partha Pratim Pal | E3: Plan | F3: Actual | G3: Plan | H3: Actual | I3: Plan | J3: Actual | K3: Plan | L3: Actual | M3: Plan | N3: Actual | O3: Plan | P3: Actual | Q3: Plan | R3: Actual | S3: Plan | T3: Actual | U3: Plan | V3: Actual | W3: Plan | X3: Actual | Y3: Plan | Z3: Actual
E4: (in MT) | F4: (in MT) | G4: (in MT) | H4: (in MT) | I4: (in MT) | J4: (in MT) | K4: (in MT) | L4: (in MT) | M4: (in MT) | N4: (in MT) | O4: (in MT) | P4: (in MT) | Q4: (in MT) | R4: (in MT) | S4: (in MT) | T4: (in MT) | U4: (in MT) | V4: (in MT) | W4: (in MT) | X4: (in MT) | Y4: (in MT) | Z4: (in MT)
E5: 1352 | F5: 698 | G5: 1742 | H5: 922 | I5: 1188 | J5: 641 | K5: 752 | L5: 379 | M5: 770 | N5: 435 | O5: 2414 | P5: 1533 | Q5: 2482 | R5: 1491 | S5: 3021 | T5: 1502 | U5: 3205 | V5: 2344 | W5: 2616 | X5: 2039 | Y5: 1975 | Z5: 1258

Sheet Earthing Status
B1: 765 kV D/C BEAWAR MANDSAUR TRANSMISSION LINE
B2: PROGRESS SUMMARY DETAIL
B3: NOA Date: 22-July-2024 | K3: Completion Date : 21-June-2026 | O3: Date : 27-05-25
B4: SUPPLY VALUE = 458 Cr. | K4: SERVICE VALUE = 94.23 Cr. | O4: F&I VALUE = 9.48 Cr. | V4: =458+94.23+9.48 -> 561.71
B5: Sr. No. | C5: Activity | E5: UOM | G5: Total Qty. | J5: L2 Qty. | K5: Completed | L5: Balance | M5: Submitted | N5: WIP | O5: Remarks
B6: 1 | C6: Details Survey | E6: Kms | G6: 136.705 | J6: 126 | K6: =87.055+32.269+7 -> 126.324 | L6: =G6-K6 -> 10.381 | M6: =17.381-7 -> 10.381
B7: 2 | C7: Check Survey | E7: Kms | G7: 136.705 | J7: 126 | K7: =69.41+32.269+7 -> 108.679 | L7: =G7-K7 -> 28.026
B8: 3 | C8: Soil Testing | E8: Nos | G8: 34 | J8: 34
B9: 4 | C9: Foundation | E9: Nos | G9: 371 | J9: 165 | K9: =V27 -> 355 | L9: =G9-K9 -> 16 | N9: =COUNTIF($V$28:$V$1176, "WIP") -> 0
C10: Gang | E10: Nos | K10: 13
C11: Manpower | E11: Nos
B12: 5 | C12: Earthing | E12: Nos | G12: 346 | K12: 94 | L12: =G12-K12 -> 252
B13: 6 | C13: Erection | E13: Nos | G13: =G9 -> 371 | J13: 98 | K13: ='Erection Compiled'!I5 -> 301 | L13: =G13-K13 -> 70 | N13: =COUNTIF('Erection Compiled'!I6:I394,"WIP") -> 0
C14: Gang | E14: Nos | K14: 4
C15: Manpower | E15: Nos
B16: 7 | C16: Stringing | E16: Nos | G16: =G7 -> 136.705 | J16: 0 | K16: 0 | L16: =G16-K16 -> 136.705
C17: Gang | E17: Nos
C18: Manpower | E18: Nos
B20: Issue : i. DS - pending for approval ii. CS - pending for approval
B21: Supply : Stub : DA : 177 Set, DB : 21 Set, DC : 16 Set, DD45 : 9 Set, DD60 : 13 set Earthing : CP : 84 Set, Pipe : 40 Nos, Rod : 40 Nos Tower : DA BB=107 Set,+0M=52, +3M=35,+6M=19, +9M=3, -1.5=6, -3=14
B23: KEC INTERNATIONAL LIMITED
B24: FOUNDATION DETAIL OF 765KV D/C BEAWAR-MANDSAUR TR LINE
B25: Sr. No | C25: Loc No. | D25: Type of Tower | E25: TOF | F25: Region | G25: Earthing Status | H25: Type of Earthing (Pipe Type/CP) | I25: JMC Status | J25: Cement (Bags) | M25: Conc Vol | O25: Excv Vol(m3) | P25: R/F (KG) | Q25: Wt of Stub(MT) | R25: Rev(Inr) | S25: Earthing Vendor | T25: Month of Execution | U25: Foundation Sub Contractor | V25: Foundation Status | W25: Excavation | Y25: Foundation | Z25: Foundation completion | AA25: Remarks if any
J26: RCC | K26: PCC | L26: Toal Cement | M26: M 20(m3) | N26: M 10(m3) | W26: Start | X26: Completion | Y26: Start
B27: Total = | J27: =SUM(J28:J454) -> 125897.63 | K27: =SUM(K28:K454) -> 6532.0004 | L27: =SUM(L28:L454) -> 132429.63 | M27: =SUM(M28:M454) -> 15724.169 | N27: =SUM(N28:N454) -> 1463.911 | O27: =SUM(O28:O454) -> 96505.589 | P27: =SUM(P28:P454) -> 1032821.9 | Q27: =SUM(Q28:Q454) -> 395.43251 | R27: =SUM(R28:R454) -> 3.0707497e+08 | V27: =COUNTIF(V28:V621,"Complete") -> 355
C28: 101/2 | D28: DA+9 | E28: WFR | F28: RAJ | G28: Done | H28: CP | J28: 383 | K28: 20 | L28: 403 | M28: 47.77 | N28: 4.46 | O28: 264.87 | P28: 2353 | Q28: 0.866276 | R28: 1126247.4 | T28: 45566 | U28: RST | V28: Complete | W28: 45546 | X28: 45561 | Y28: 45567 | Z28: 45571 | AB28: 1
C29: 100/0 | D29: DD45+0 | E29: WET | F29: RAJ | G29: Done | H29: Pipe Type | J29: =M29*8 -> 1239.68 | K29: =N29*4.4 -> 70.18 | L29: =SUM(J29:K29) -> 1309.86 | M29: 154.96 | N29: 15.95 | O29: 1192.7 | P29: 15096 | Q29: 2.495 | T29: 45944 | U29: Sumit Const/Om Prakash | V29: Complete | Z29: 45946
C30: 101/0 | D30: DC1+3 | E30: DFR | F30: RAJ | G30: Done | H30: CP | J30: =M30*8 -> 614.16 | K30: =N30*4.4 -> 27.984 | L30: =SUM(J30:K30) -> 642.144 | M30: 76.77 | N30: 6.36 | O30: 388.74 | P30: 3855 | Q30: 2.348757 | R30: 1765261 | T30: 45791 | U30: Sumit Const/Om Prakash | V30: Complete | Z30: 45808
C31: 101/1 | D31: DA+3 | E31: WFR | F31: RAJ | G31: Done | H31: CP | J31: 383 | K31: 20 | L31: 403 | M31: 47.77 | N31: 4.46 | O31: 264.87 | P31: 2353 | Q31: 0.866276 | R31: 1126247.4 | T31: 45597 | U31: RST | V31: Complete | W31: 45598 | X31: 45604 | Y31: 45609 | Z31: 45610 | AB31: 2
C32: 101/3 | D32: DA+3 | E32: WFR | F32: RAJ | G32: Done | H32: CP | J32: 383 | K32: 20 | L32: 403 | M32: 47.77 | N32: 4.46 | O32: 264.87 | P32: 2353 | Q32: 0.866276 | R32: 1126247.4 | T32: 45566 | U32: RST | V32: Complete | W32: 45566 | X32: 45571 | Y32: 45573 | Z32: 45576 | AB32: 1
C33: 101/4 | D33: DA+6 | E33: WFR | F33: RAJ | G33: Done | H33: CP | J33: 383 | K33: 20 | L33: 403 | M33: 47.77 | N33: 4.46 | O33: 264.87 | P33: 2353 | Q33: 0.866276 | R33: 1126247.4 | T33: 45566 | U33: RST | V33: Complete | W33: 45551 | X33: 45556 | Y33: 45584 | Z33: 45586 | AB33: 1
C34: 101/5 | D34: DA+0 | E34: WFR | F34: RAJ | G34: Done | H34: CP | J34: 333 | K34: 19 | L34: 352 | M34: 41.54 | N34: 4.23 | O34: 250.46 | P34: 1909 | Q34: 0.866276 | R34: 984923.64 | T34: 45566 | U34: RST | V34: Complete | W34: 45557 | X34: 45561 | Y34: 45588 | Z34: 45590 | AB34: 1
C35: 101/6 | D35: DA+3 | E35: WFR | F35: RAJ | G35: Done | H35: CP | J35: 383 | K35: 20 | L35: 403 | M35: 47.77 | N35: 4.46 | O35: 264.87 | P35: 2353 | Q35: 0.866276 | R35: 1126247.4 | T35: 45597 | U35: RST | V35: Complete | W35: 45589 | X35: 45591 | Y35: 45595 | Z35: 45598 | AB35: 1
C36: 101/7 | D36: DA+3 | E36: WFR | F36: RAJ | G36: Done | H36: CP | J36: 383 | K36: 20 | L36: 403 | M36: 47.77 | N36: 4.46 | O36: 264.87 | P36: 2353 | Q36: 0.866276 | R36: 1126247.4 | T36: 45597 | U36: RST | V36: Complete | W36: 45606 | X36: 45610 | Y36: 45613 | Z36: 45614 | AB36: 2
C37: 101/8 | D37: DA-3 | E37: DRY | F37: RAJ | G37: Done | H37: Pipe Type | J37: 236 | K37: 13 | L37: 249 | M37: 29.49 | N37: 2.86 | O37: 233.05 | P37: 1526 | Q37: 0.866276 | R37: 645061.95 | T37: 45597 | U37: RST | V37: Complete | W37: 45593 | X37: 45598 | Y37: 45603 | Z37: 45604 | AB37: 2
C38: 102/0 | D38: DC2+3 | E38: DRY | F38: RAJ | G38: Done | H38: Pipe Type | J38: 856 | K38: 38 | L38: 894 | M38: 106.91 | N38: 8.53 | O38: 653.08 | P38: 5502 | Q38: 2.348757 | R38: 2257063.8 | T38: 45627 | U38: RST | V38: Complete | W38: 45618 | X38: 45621 | Y38: 45637 | Z38: 45640 | AB38: 3
C39: 103/0 | D39: DC1+6 | E39: DFR | F39: RAJ | G39: Done | H39: CP | I39: Done | J39: =M39*8 -> 614.16 | K39: =N39*4.4 -> 27.984 | L39: =SUM(J39:K39) -> 642.144 | M39: 76.77 | N39: 6.36 | O39: 388.74 | P39: 3855 | Q39: 2.348757 | R39: 1765261 | T39: 45789 | U39: Sumit Const/Om Prakash | V39: Complete | Z39: 45799
C40: 103/1 | D40: DA+0 | E40: DRY | F40: RAJ | J40: 236 | K40: 13 | L40: 249 | M40: 29.49 | N40: 2.86 | O40: 233.05 | P40: 1526 | Q40: 0.866276 | R40: 645061.95 | T40: 45784 | U40: Sumit Const/Om Prakash | V40: Complete | Z40: 45788
C41: 103/2 | D41: DA+0 | E41: DRY | F41: RAJ | J41: 236 | K41: 13 | L41: 249 | M41: 29.49 | N41: 2.86 | O41: 233.05 | P41: 1526 | Q41: 0.866276 | R41: 645061.95 | T41: 45780 | U41: Sumit Const/Om Prakash | V41: Complete | Z41: 45790
B42: 45 | C42: 103/3 | D42: DA+0 | E42: DFR | F42: RAJ | G42: Done | H42: CP | I42: Done | J42: 221 | K42: 12 | L42: 233 | M42: 27.61 | N42: 2.61 | O42: 146.96 | P42: 1450 | Q42: 0.866276 | R42: 650458.11 | T42: 45780 | U42: Sumit Const/Om Prakash | V42: Complete | Z42: 45785
C43: 103/4 | D43: DA+0 | E43: DRY | F43: RAJ | J43: 236 | K43: 13 | L43: 249 | M43: 29.49 | N43: 2.86 | O43: 233.05 | P43: 1526 | Q43: 0.866276 | R43: 645061.95 | T43: APRIL-25 | U43: Rajesh Suwalkar | V43: Complete | Z43: 45769
B44: 1 | C44: 103/5 | D44: DA+3 | E44: DFR | F44: RAJ | J44: =M44*8 -> 287.84 | K44: =N44*4.4 -> 13.222 | L44: =SUM(J44:K44) -> 301.062 | M44: 35.98 | N44: 3.005 | O44: 172.05 | P44: 2466.9 | Q44: 0.957 | T44: 45962 | U44: Sumit Const/Om Prakash | V44: Complete | Z44: 45975 | AA44: Hold
C45: 103/5A | D45: DD60+0 | E45: DFR | F45: RAJ | G45: Done | H45: CP | I45: Done | J45: =M45*8 -> 988.64 | K45: =N45*4.4 -> 48.18 | L45: =SUBTOTAL(9,J45:K45) -> 1036.82 | M45: 123.58 | N45: 10.95 | O45: 692 | P45: 10940 | Q45: 3.159018 | R45: 3395120.4 | T45: 45780 | U45: Sumit Const/Om Prakash | V45: Complete | Z45: 45780
C46: 103/5A1 | D46: DA-3 | E46: DFR | F46: RAJ | G46: Done | H46: CP | I46: Done | J46: 221 | K46: 12 | L46: 233 | M46: 27.61 | N46: 2.61 | O46: 146.96 | P46: 1450 | Q46: 0.866276 | R46: 650458.11 | T46: 45780 | U46: Sumit Const/Om Prakash | V46: Complete | Z46: 45782
B47: 2 | C47: 103/6A | D47: DD45+0 | E47: DRY | F47: RAJ | G47: Done | H47: Pipe Type | I47: Done | J47: =M47*8 -> 864 | K47: =N47*4.4 -> 45.364 | L47: =SUM(J47:K47) -> 909.364 | M47: 108 | N47: 10.31 | O47: 783 | P47: 9428 | Q47: 2.494703 | R47: 2836089.4 | T47: 45780 | U47: Sumit Const/Om Prakash | V47: Complete | W47: 45675 | Z47: 45795 | AA47: Hold
C48: 103/7 | D48: DA+6 | E48: DFR | F48: RAJ | G48: Done | H48: CP | J48: 252 | K48: 13 | L48: 265 | M48: 31.4 | N48: 2.89 | O48: 164.7 | P48: 1802 | Q48: 0.866276 | R48: 752440.09 | T48: 45658 | U48: Rajesh Suwalkar | V48: Complete | W48: 45662 | X48: 45667 | Y48: 45668 | Z48: 45672
C49: 103/8 | D49: DA+3 | E49: DRY | F49: RAJ | J49: =M49*8 -> 267.36 | K49: =N49*4.4 -> 13.86 | L49: =SUM(J49:K49) -> 281.22 | M49: 33.42 | N49: 3.15 | O49: 255.26 | P49: 1904 | Q49: 0.866276 | R49: 705045.35 | T49: 45789 | U49: Sumit Const/Om Prakash | V49: Complete | W49: 45799 | Z49: 45801
C50: 103/9 | D50: DA+3 | E50: WET | F50: RAJ | J50: =M50*8 -> 418.88 | K50: =N50*4.4 -> 23.892 | L50: =SUM(J50:K50) -> 442.772 | M50: 52.36 | N50: 5.43 | O50: 425.04 | P50: 2850 | Q50: 0.866276 | T50: 45975 | U50: Sumit Const/Om Prakash | V50: Complete | Z50: 45980
B51: 11 | C51: 104/0 | D51: DD45+3 | E51: DFR | F51: RAJ | G51: Done | H51: CP | J51: 756 | K51: 42 | L51: 798 | M51: 94.46 | N51: 9.33 | O51: 584 | P51: 9095 | Q51: 2.494703 | R51: 2723053.1 | T51: 45689 | U51: Rajesh Suwalkar | V51: Complete | W51: 45684 | X51: 45690 | Y51: 45693 | Z51: 45695
C52: 104/1 | D52: DA-3 | E52: DFR | F52: RAJ | J52: 221 | K52: 12 | L52: 233 | M52: 27.61 | N52: 2.61 | O52: 146.96 | P52: 1450 | Q52: 0.866276 | R52: 650458.11 | T52: 45597 | U52: RST | V52: Complete | W52: 45613 | X52: 45615 | Y52: 45621 | Z52: 45623 | AB52: 2
C53: 104/2 | D53: DA-3 | E53: WET | F53: RAJ | G53: Done | H53: Pipe Type | J53: 383 | K53: 23 | L53: 406 | M53: 47.87 | N53: 5.14 | O53: 403.72 | P53: 2476 | Q53: 0.866276 | R53: 1054575.4 | T53: 45627 | U53: Ashutosh Infra | V53: Complete | W53: 45611 | X53: 45614 | Y53: 45625 | Z53: 45629 | AB53: 3
C54: 105/0 | D54: DC1+0 | E54: WFR | F54: RAJ | J54: 916 | K54: 42 | L54: 958 | M54: 114.5 | N54: 9.44 | O54: 591.37 | P54: 5795 | Q54: 2.348757 | R54: 2671411.7 | T54: 45597 | U54: RST | V54: Complete | W54: 45616 | X54: 45617 | Y54: 45625 | Z54: 45626 | AB54: 3
C55: 105/1 | D55: DA+0 | E55: WFR | F55: RAJ | G55: Done | H55: CP | J55: 333 | K55: 19 | L55: 352 | M55: 41.54 | N55: 4.23 | O55: 250.46 | P55: 1909 | Q55: 0.866276 | R55: 984923.64 | T55: 45597 | U55: Ashutosh Infra | V55: Complete | W55: 45575 | X55: 45600 | Y55: 45608 | Z55: 45615 | AB55: 2
C56: 106/0 | D56: DD60+0 | E56: DFR | F56: RAJ | J56: =M56*8 -> 988.64 | K56: =N56*4.4 -> 48.18 | L56: =SUBTOTAL(9,J56:K56) -> 1036.82 | M56: 123.58 | N56: 10.95 | O56: 692 | P56: 10940 | Q56: 3.159018 | R56: 3395120.4 | T56: APRIL-25 | U56: Sumit Const/Om Prakash | V56: Complete | Z56: 45769
C57: 108/0 | D57: DD45+0 | E57: DRY | F57: RAJ | J57: =M57*8 -> 864 | K57: =N57*4.4 -> 45.364 | L57: =SUM(J57:K57) -> 909.364 | M57: 108 | N57: 10.31 | O57: 783 | P57: 9428 | Q57: 2.494703 | R57: 2836089.4 | T57: APRIL-25 | U57: Sumit Const/Om Prakash | V57: Complete | Z57: 45774
C58: 108/1 | D58: DA-3 | E58: DFR | F58: RAJ | G58: Done | H58: CP | J58: 221 | K58: 12 | L58: 233 | M58: 27.61 | N58: 2.61 | O58: 146.96 | P58: 1450 | Q58: 0.866276 | R58: 650458.11 | T58: 45627 | U58: Lotus Const. | V58: Complete | W58: 45585 | X58: 45623 | Y58: 45634 | Z58: 45639 | AB58: 3
C59: 108/2 | D59: DA-3 | E59: WET | F59: RAJ | G59: Done | H59: Pipe Type | J59: 383 | K59: 23 | L59: 406 | M59: 47.87 | N59: 5.14 | O59: 403.72 | P59: 2476 | Q59: 0.866276 | R59: 1054575.4 | T59: 45597 | U59: Lotus Const. | V59: Complete | W59: 45591 | X59: 45612 | Y59: 45625 | Z59: 45626 | AB59: 2
C60: 108/3 | D60: DA-3 | E60: WET | F60: RAJ | G60: Done | H60: Pipe Type | J60: 383 | K60: 23 | L60: 406 | M60: 47.87 | N60: 5.14 | O60: 403.72 | P60: 2476 | Q60: 0.866276 | R60: 1054575.4 | T60: 45627 | U60: Rajesh Suwalkar | V60: Complete | W60: 45633 | X60: 45637 | Y60: 45640 | Z60: 45645 | AB60: 3
C61: 108/4 | D61: DA+0 | E61: WFR | F61: RAJ | G61: Done | H61: CP | J61: 333 | K61: 19 | L61: 352 | M61: 41.54 | N61: 4.23 | O61: 250.46 | P61: 1909 | Q61: 0.866276 | R61: 984923.64 | T61: 45566 | U61: Manirul Khan/Tower Foundation | V61: Complete | W61: 45582 | X61: 45585 | Y61: 45592 | Z61: 45593 | AB61: 2
C62: 109/0 | D62: DC1+0 | E62: DFR | F62: RAJ | G62: Done | H62: CP | J62: 611 | K62: 28 | L62: 639 | M62: 76.35 | N62: 6.32 | O62: 385.79 | P62: 3898 | Q62: 2.348757 | R62: 1761921.9 | T62: 45627 | U62: Rajesh Suwalkar | V62: Complete | W62: 45648 | X62: 45651 | Y62: 45655 | Z62: 45657 | AB62: 4
C63: 109/1 | D63: DA-1.5 | E63: WFR | F63: RAJ | G63: Done | H63: CP | J63: 333 | K63: 19 | L63: 352 | M63: 41.54 | N63: 4.23 | O63: 250.46 | P63: 1909 | Q63: 0.866276 | R63: 984923.64 | T63: 45566 | U63: Rajesh Suwalkar | V63: Complete | W63: 45568 | X63: 45578 | Y63: 45591 | Z63: 45594 | AB63: 2
C64: 109/2 | D64: DA-1.5 | E64: WFR | F64: RAJ | G64: Done | H64: CP | J64: 333 | K64: 19 | L64: 352 | M64: 41.54 | N64: 4.23 | O64: 250.46 | P64: 1909 | Q64: 0.866276 | R64: 984923.64 | T64: 45566 | U64: Rajesh Suwalkar | V64: Complete | W64: 45544 | X64: 45560 | Y64: 45566 | Z64: 45572 | AB64: 1
C65: 109/3 | D65: DA+0 | E65: WFR | F65: RAJ | G65: Done | H65: CP | J65: 333 | K65: 19 | L65: 352 | M65: 41.54 | N65: 4.23 | O65: 250.46 | P65: 1909 | Q65: 0.866276 | R65: 984923.64 | T65: 45597 | U65: Rajesh Suwalkar | V65: Complete | W65: 45604 | X65: 45619 | Y65: 45625 | Z65: 45626 | AB65: 3
B66: 1 | C66: 109/4 | D66: DA+3 | E66: WFR | F66: RAJ | G66: Done | H66: CP | J66: 383 | K66: 20 | L66: 403 | M66: 47.77 | N66: 4.46 | O66: 264.87 | P66: 2353 | Q66: 0.866276 | R66: 1126247.4 | T66: 45689 | U66: Rajesh Suwalkar | V66: Complete | W66: 45698 | X66: 45704 | Y66: 45703 | Z66: 45705
C67: 110/0 | D67: DC2+3 | E67: WFR | F67: RAJ | G67: Done | H67: CP | J67: 1065 | K67: 50 | L67: 1115 | M67: 133.07 | N67: 11.19 | O67: 707.57 | P67: 8267 | Q67: 2.348757 | R67: 3282540.8 | T67: 45627 | U67: Aadinath | V67: Complete | W67: 45621 | X67: 45625 | Y67: 45638 | Z67: 45643 | AB67: 3
C68: 110/1 | D68: DA-1.5 | E68: WFR | F68: RAJ | G68: Done | H68: CP | J68: 333 | K68: 19 | L68: 352 | M68: 41.54 | N68: 4.23 | O68: 250.46 | P68: 1909 | Q68: 0.866276 | R68: 984923.64 | T68: 45597 | U68: Surya Enterprise | V68: Complete | W68: 45573 | X68: 45587 | Y68: 45614 | Z68: 45618 | AB68: 2
C69: 110/2 | D69: DA+0 | E69: WFR | F69: RAJ | G69: Done | H69: CP | J69: 333 | K69: 19 | L69: 352 | M69: 41.54 | N69: 4.23 | O69: 250.46 | P69: 1909 | Q69: 0.866276 | R69: 984923.64 | T69: 45597 | U69: Aadinath | V69: Complete | W69: 45606 | X69: 45615 | Y69: 45621 | Z69: 45625 | AB69: 3
C70: 110/3 | D70: DA+3 | E70: DRY | F70: RAJ | G70: Done | H70: Pipe Type | J70: 268 | K70: 14 | L70: 282 | M70: 33.42 | N70: 3.15 | O70: 255.26 | P70: 1904 | Q70: 0.866276 | R70: 745277.52 | T70: 45597 | U70: Aadinath | V70: Complete | W70: 45602 | X70: 45606 | Y70: 45610 | Z70: 45613 | AB70: 2
C71: 110/4 | D71: DA+3 | E71: DFR | F71: RAJ | J71: =M71*8 -> 251.2 | K71: =N71*4.4 -> 12.716 | L71: =SUBTOTAL(9,J71:K71) -> 263.916 | M71: 31.4 | N71: 2.89 | O71: 164.7 | P71: 1802 | Q71: 0.866276 | R71: 752440.09 | T71: 45822 | U71: Sumit Const/Om Prakash | V71: Complete | Z71: 45815
C72: 110/5 | D72: DA+3 | E72: WET | F72: RAJ | J72: 419 | K72: 24 | L72: 443 | M72: 52.36 | N72: 5.43 | O72: 425.04 | P72: 2850 | Q72: 0.866276 | R72: 1161364.3 | T72: 45597 | U72: Soham Const. | V72: Complete | W72: 45602 | X72: 45606 | Y72: 45617 | Z72: 45619
C73: 110/6 | D73: DA+0 | E73: WFR | F73: RAJ | G73: Done | H73: CP | J73: 333 | K73: 19 | L73: 352 | M73: 41.54 | N73: 4.23 | O73: 250.46 | P73: 1909 | Q73: 0.866276 | R73: 984923.64 | T73: 45566 | U73: Soham Const. | V73: Complete | W73: 45571 | X73: 45575 | Y73: 45587 | Z73: 45589 | AB73: 1
C74: 110/7 | D74: DA+3 | E74: WFR | F74: RAJ | G74: Done | H74: CP | J74: 383 | K74: 20 | L74: 403 | M74: 47.77 | N74: 4.46 | O74: 264.87 | P74: 2353 | Q74: 0.866276 | R74: 1126247.4 | T74: 45597 | U74: Soham Const. | V74: Complete | W74: 45580 | X74: 45610 | Y74: 45623 | Z74: 45625 | AB74: 2
C75: 110/8 | D75: DA+0 | E75: WFR | F75: RAJ | G75: Done | H75: CP | J75: 333 | K75: 19 | L75: 352 | M75: 41.54 | N75: 4.23 | O75: 250.46 | P75: 1909 | Q75: 0.866276 | R75: 984923.64 | T75: 45597 | U75: Soham Const. | V75: Complete | W75: 45579 | X75: 45606 | Y75: 45610 | Z75: 45611 | AB75: 2
B76: 2 | C76: 110A/0 | D76: DB2+0 | E76: DFR | F76: RAJ | J76: 562 | K76: 26 | L76: 588 | M76: 70.22 | N76: 5.81 | O76: 352.73 | P76: 3400 | Q76: 1.768055 | R76: 1595805.5 | T76: 45689 | U76: Om Prakash | V76: Complete | W76: 45703 | X76: 45706 | Y76: 45707 | Z76: 45708
C77: 110A/1 | D77: DA+3 | E77: WFR | F77: RAJ | G77: Done | H77: CP | J77: 383 | K77: 20 | L77: 403 | M77: 47.77 | N77: 4.46 | O77: 264.87 | P77: 2353 | Q77: 0.866276 | R77: 1126247.4 | T77: 45597 | U77: Reshmi Devi | V77: Complete | W77: 45590 | X77: 45600 | Y77: 45604 | Z77: 45606 | AB77: 2
C78: 110A/2 | D78: DA-1.5 | E78: DFR | F78: RAJ | G78: Done | H78: CP | J78: 221 | K78: 12 | L78: 233 | M78: 27.61 | N78: 2.61 | O78: 146.96 | P78: 1450 | Q78: 0.866276 | R78: 650458.11 | T78: 45566 | U78: Surya Enterprise | V78: Complete | W78: 45563 | X78: 45565 | Y78: 45572 | Z78: 45576 | AB78: 1
C79: 111/0 | D79: DB1+6 | E79: DFR | F79: RAJ | G79: Done | H79: CP | J79: 471 | K79: 22 | L79: 493 | M79: 58.84 | N79: 4.94 | O79: 296.18 | P79: 2692 | Q79: 1.768 | R79: 1324196.9 | T79: 45658 | U79: Om Prakash | V79: Complete | W79: 45655 | X79: 45659 | Y79: 45660 | Z79: 45661
B80: 1 | C80: 111/1 | D80: DA+3 | E80: WFR | F80: RAJ | G80: Done | H80: CP | J80: 383 | K80: 20 | L80: 403 | M80: 47.77 | N80: 4.46 | O80: 264.87 | P80: 2353 | Q80: 0.866276 | R80: 1126247.4 | T80: 45597 | U80: Garg Const. | V80: Complete | W80: 45583 | X80: 45590 | Y80: 45595 | Z80: 45600 | AB80: 2
B81: 2 | C81: 111/2 | D81: DA+3 | E81: WFR | F81: RAJ | G81: Done | H81: CP | J81: 383 | K81: 20 | L81: 403 | M81: 47.77 | N81: 4.46 | O81: 264.87 | P81: 2353 | Q81: 0.866276 | R81: 1126247.4 | T81: 45597 | U81: Garg Const. | V81: Complete | W81: 45597 | X81: 45609 | Y81: 45611 | Z81: 45614 | AB81: 2
B82: 3 | C82: 111/3 | D82: DA+0 | E82: WET | F82: RAJ | G82: Done | H82: Pipe Type | J82: 383 | K82: 23 | L82: 406 | M82: 47.87 | N82: 5.14 | O82: 403.72 | P82: 2476 | Q82: 0.866276 | R82: 1054575.4 | T82: 45627 | U82: Garg Const. | V82: Complete | W82: 45604 | X82: 45626 | Y82: 45598 | Z82: 45634 | AB82: 3
B83: 4 | C83: 111/4 | D83: DA+3 | E83: DFR | F83: RAJ | G83: Done | H83: CP | J83: 252 | K83: 13 | L83: 265 | M83: 31.4 | N83: 2.89 | O83: 164.7 | P83: 1802 | Q83: 0.866276 | R83: 752440.09 | T83: 45627 | U83: Garg Const. | V83: Complete | W83: 45623 | X83: 45638 | Y83: 45640 | Z83: 45642 | AB83: 3
C84: 112/0 | D84: DD60+18 | E84: DFR | F84: RAJ | G84: Done | H84: CP | I84: Done | J84: 1020 | K84: 51 | L84: 1071 | M84: 127.5 | N84: 11.49 | O84: 728 | P84: 11839 | Q84: 2.564 | R84: 3567510 | T84: 45658 | U84: Om Prakash | V84: Complete | W84: 45659 | X84: 45679 | Y84: 45681 | Z84: 45684
C85: 113/0 | D85: DD60+9 | E85: WFR | F85: RAJ | J85: =M85*8 -> 1357.44 | K85: =N85*4.4 -> 71.28 | L85: =SUM(J85:K85) -> 1428.72 | M85: 169.68 | N85: 16.2 | O85: 1042.48 | P85: 21650.28 | Q85: 5.559 | T85: 46005 | U85: Sumit Const/Om Prakash | V85: Complete | Z85: 46019
C86: 113/1 | D86: DA-3 | E86: DFR | F86: RAJ | G86: Done | H86: CP | J86: 221 | K86: 12 | L86: 233 | M86: 27.61 | N86: 2.61 | O86: 146.96 | P86: 1450 | Q86: 0.866276 | R86: 650458.11 | T86: 45597 | U86: Reshmi Devi | V86: Complete | W86: 45609 | X86: 45614 | Y86: 45616 | Z86: 45618 | AB86: 2
C87: 113/2 | D87: DA-1.5 | E87: WFR | F87: RAJ | G87: Done | H87: CP | J87: 333 | K87: 19 | L87: 352 | M87: 41.54 | N87: 4.23 | O87: 250.46 | P87: 1909 | Q87: 0.866276 | R87: 984923.64 | T87: 45597 | U87: Reshmi Devi | V87: Complete | W87: 45594 | X87: 45608 | Y87: 45610 | Z87: 45610 | AB87: 2
C88: 113/3 | D88: DA-3 | E88: DFR | F88: RAJ | G88: Done | H88: CP | J88: 221 | K88: 12 | L88: 233 | M88: 27.61 | N88: 2.61 | O88: 146.96 | P88: 1450 | Q88: 0.866276 | R88: 650458.11 | T88: 45597 | U88: Reshmi Devi | V88: Complete | W88: 45606 | X88: 45622 | Y88: 45623 | Z88: 45625 | AB88: 2
C89: 113/4 | D89: DA+0 | E89: DFR | F89: RAJ | G89: Done | H89: CP | J89: 221 | K89: 12 | L89: 233 | M89: 27.61 | N89: 2.61 | O89: 146.96 | P89: 1450 | Q89: 0.866276 | R89: 650458.11 | T89: 45627 | U89: Surya Enterprise | V89: Complete | W89: 45629 | X89: 45630 | Y89: 45633 | Z89: 45635 | AB89: 3
C90: 113/5 | D90: DA+6 | E90: DFR | F90: RAJ | G90: Done | H90: CP | J90: 252 | K90: 13 | L90: 265 | M90: 31.4 | N90: 2.89 | O90: 164.7 | P90: 1802 | Q90: 0.866276 | R90: 752440.09 | T90: 45627 | U90: Reshmi Devi | V90: Complete | W90: 45618 | X90: 45626 | Y90: 45630 | Z90: 45631 | AB90: 3
C91: 113/6 | D91: DA+6 | E91: DFR | F91: RAJ | G91: Done | H91: CP | J91: 252 | K91: 13 | L91: 265 | M91: 31.4 | N91: 2.89 | O91: 164.7 | P91: 1802 | Q91: 0.866276 | R91: 752440.09 | T91: 45627 | U91: Reshmi Devi | V91: Complete | W91: 45627 | X91: 45636 | Y91: 45636 | Z91: 45638 | AB91: 3
C92: 114/0 | D92: DC2+0 | E92: WET | F92: RAJ | G92: Done | H92: Pipe Type | I92: Done | J92: 1233 | K92: 58 | L92: 1291 | M92: 154.01 | N92: 13.15 | O92: 990.19 | P92: 10225 | Q92: 2.348757 | R92: 3510320.9 | T92: 45627 | U92: Om Prakash | V92: Complete | W92: 45629 | X92: 45631 | Y92: 45637 | Z92: 45645 | AB92: 3
C93: 114/1 | D93: DA+3 | E93: DFR | F93: RAJ | G93: Done | H93: CP | J93: 252 | K93: 13 | L93: 265 | M93: 31.4 | N93: 2.89 | O93: 164.7 | P93: 1802 | Q93: 0.866276 | R93: 752440.09 | T93: 45627 | U93: Jitendra/JSC | V93: Complete | W93: 45630 | X93: 45653 | Y93: 45655 | Z93: 45657
C94: 114/10 | D94: DA+6 | E94: DFR | F94: RAJ | G94: Done | H94: CP | I94: Done | J94: 252 | K94: 13 | L94: 265 | M94: 31.4 | N94: 2.89 | O94: 164.7 | P94: 1802 | Q94: 0.866276 | R94: 752440.09 | T94: 45597 | U94: Om Prakash | V94: Complete | W94: 45612 | X94: 45613 | Y94: 45615 | Z94: 45616 | AB94: 2
C95: 114/2 | D95: DA+0 | E95: WFR | F95: RAJ | G95: Done | H95: CP | J95: 333 | K95: 19 | L95: 352 | M95: 41.54 | N95: 4.23 | O95: 250.46 | P95: 1909 | Q95: 0.866276 | R95: 984923.64 | T95: 45627 | U95: Jitendra/JSC | V95: Complete | W95: 45629 | X95: 45637 | Y95: 45638 | Z95: 45640 | AB95: 3
C96: 114/3 | D96: DA+0 | E96: WFR | F96: RAJ | G96: Done | H96: CP | J96: 333 | K96: 19 | L96: 352 | M96: 41.54 | N96: 4.23 | O96: 250.46 | P96: 1909 | Q96: 0.866276 | R96: 984923.64 | T96: 45627 | U96: Jitendra/JSC | V96: Complete | W96: 45618 | X96: 45622 | Y96: 45629 | Z96: 45633 | AB96: 3
C97: 114/4 | D97: DA+3 | E97: WFR | F97: RAJ | G97: Done | H97: CP | J97: 383 | K97: 20 | L97: 403 | M97: 47.77 | N97: 4.46 | O97: 264.87 | P97: 2353 | Q97: 0.866276 | R97: 1126247.4 | T97: 45914 | U97: Vikash Cont. | V97: Complete | Z97: 45919
C98: 114/5 | D98: DA+6 | E98: DFR | F98: RAJ | G98: Done | H98: CP | J98: 252 | K98: 13 | L98: 265 | M98: 31.4 | N98: 2.89 | O98: 164.7 | P98: 1802 | Q98: 0.866276 | R98: 752440.09 | T98: 45627 | U98: Yash Infra | V98: Complete | W98: 45629 | X98: 45631 | Y98: 45632 | Z98: 45633 | AB98: 3
C99: 114/6 | D99: DA-3 | E99: DFR | F99: RAJ | G99: Done | H99: CP | J99: 221 | K99: 12 | L99: 233 | M99: 27.61 | N99: 2.61 | O99: 146.96 | P99: 1450 | Q99: 0.866276 | R99: 650458.11 | T99: 45597 | U99: Yash Infra | V99: Complete | W99: 45615 | X99: 45622 | Y99: 45625 | Z99: 45626 | AB99: 2
C100: 114/7 | D100: DA+3 | E100: DFR | F100: RAJ | G100: Done | H100: CP | J100: 252 | K100: 13 | L100: 265 | M100: 31.4 | N100: 2.89 | O100: 164.7 | P100: 1802 | Q100: 0.866276 | R100: 752440.09 | T100: 45597 | U100: Yash Infra | V100: Complete | W100: 45610 | X100: 45618 | Y100: 45621 | Z100: 45624 | AB100: 2
C101: 114/8 | D101: DA+6 | E101: WET | F101: RAJ | G101: Done | H101: Pipe Type | I101: Done | J101: 419 | K101: 24 | L101: 443 | M101: 52.36 | N101: 5.43 | O101: 425.04 | P101: 2850 | Q101: 0.866276 | R101: 1161364.3 | T101: 45597 | U101: Om Prakash | V101: Complete | W101: 45610 | X101: 45616 | Y101: 45618 | Z101: 45619 | AB101: 2
C102: 114/9 | D102: DA+3 | E102: WET | F102: RAJ | G102: Done | H102: Pipe Type | I102: Done | J102: 419 | K102: 24 | L102: 443 | M102: 52.36 | N102: 5.43 | O102: 425.04 | P102: 2850 | Q102: 0.866276 | R102: 1161364.3 | T102: 45597 | U102: Om Prakash | V102: Complete | W102: 45613 | X102: 45618 | Y102: 45622 | Z102: 45623 | AB102: 2
...

Sheet Sheet4
M2: V I S U A L C H A R T
B5: DATE : | D5: 45981
B6: Name of Line : | E6: 765 KV D/C HEXA BEAWAR MANDSAUR T/L
B7: Project Code: | F7: TA505
B8: Name of Executing Agency: | F8: M/s. KEC INTERNATIONAL LTD.
AG9: FDN | AH9: Ear | AI9: ERE | AJ9: STR
V10: COMMON TOWER
V11: 99/0 | X11: 99/1 | Z11: 99/2 | AB11: 99/3 | AD11: 99/4 | AG11: 4 | AH11: 0 | AI11: 0
Z12: 1 | AB12: 1
V13: 1 | X13: 2 | Z13: 3 | AB13: 4 | AD13: 1
S14: BAJEL PART | U14: 0 | V14: BAJEL | W14: 360 | Y14: 420 | AA14: 410 | AC14: 382
V16: 0 | X16: 0 | Z16: 0 | AB16: 0 | AD16: 0
V17: DB2+0 | X17: DA+6 | Z17: DA+6 | AB17: DA+0 | AD17: DA+0
U19: RAJASTHAN REGION
O21: =+LEFT(O28,1) -> D | Q21: =+LEFT(Q28,1) -> D | U21: =+LEFT(U28,1) -> D | W21: =+LEFT(W28,1) -> D | Y21: =+LEFT(Y28,1) -> D | AA21: =+LEFT(AA28,1) -> D | AC21: =+LEFT(AC28,1) -> D | AE21: =+LEFT(AE28,1) -> D
C22: 99/5 | E22: 99/6 | G22: 99/7 | I22: 99/8 | K22: 100/0 | M22: 101/0 | O22: 101/1 | Q22: 101/2 | S22: 101/3 | U22: 101/4 | W22: 101/5 | Y22: 101/6 | AA22: 101/7 | AC22: 101/8 | AE22: 102/0
G23: 1 | I23: 1 | O23: 1 | Q23: 1 | S23: 1 | U23: 1 | W23: 1 | Y23: 1 | AA23: 1 | AC23: 1
C24: 1 | E24: 2 | G24: 3 | I24: 4 | K24: 1 | M24: 2 | O24: 3 | Q24: 4 | S24: 5 | U24: 6 | W24: 7 | Y24: 8 | AA24: 9 | AC24: 10 | AE24: 11
B25: 338 | D25: 370 | F25: 380 | H25: 400 | J25: 418 | L25: 418.579 | N25: 425 | O25: Completed | P25: 312 | Q25: Completed | R25: 381 | S25: Completed | T25: 455 | U25: Completed | V25: 376 | W25: Completed | X25: 401 | Y25: Completed | Z25: 428 | AA25: Completed | AB25: 357 | AC25: Completed | AD25: 335.158 | AE25: Completed | AG25: 15 | AH25: 5 | AI25: 10
C27: 0 | E27: 0 | G27: 0 | I27: 0 | K27: 0 | M27: 0 | O27: 0 | Q27: 0 | S27: 0 | U27: 0 | W27: Completed | Y27: Completed | AA27: Completed | AC27: Completed | AE27: Completed
C28: DA+0 | E28: DA+0 | G28: DA+0 | I28: DA+6 | K28: DD45+0 | M28: DC1+3 | O28: DA+3 | Q28: DA+9 | S28: DA+3 | U28: DA+6 | W28: DA+0 | Y28: DA+3 | AA28: DA+3 | AC28: DA-3 | AE28: DC2+3
O29: WFR | Q29: WFR | S29: WFR | U29: WFR | W29: WFR | Y29: WFR | AA29: WFR | AC29: DRY | AE29: DRY
B31: RAJASTHAN REGION
M32: RC
C33: 103/0 | E33: 103/1 | G33: 103/2 | I33: 103/3 | K33: 103/4 | M33: 103/5 | O33: 103/5A | Q33: 103/5A1 | S33: 103/6A | U33: 103/7 | W33: 103/8 | Y33: 103/9 | AA33: 104/0 | AC33: 104/1 | AE33: 104/2
C34: 0 | E34: 0 | G34: 0 | I34: 0 | K34: 0 | M34: 0 | O34: 0 | S34: 0 | W34: 0 | Y34: 0 | AA34: 0 | AC34: 0 | AE34: 0
A35: 11 | C35: 12 | E35: 13 | G35: 14 | I35: 15 | K35: 16 | M35: 17 | O35: 18 | S35: 19 | U35: 20 | W35: 21 | Y35: 22 | AA35: 23 | AC35: 24 | AE35: 25
B36: 461.164 | D36: 373 | F36: 334.67 | H36: 321.15 | J36: 391 | L36: 388 | N36: 392 | P36: 293 | R36: 274 | T36: 218 | U36: Completed | V36: 422 | X36: 339 | Z36: 423.633 | AA36: Completed | AB36: 335.192 | AC36: Completed | AD36: 326.577 | AE36: Completed | AG36: 15 | AH36: 3 | AI36: 13
E38: 0 | G38: 0 | K38: 0 | M38: X | U38: Completed | W38: 0 | Y38: 0 | AA38: Completed | AC38: 0 | AE38: Completed
C39: DC1+6 | E39: DA+0 | G39: DA+0 | I39: DA+0 | K39: DA+0 | M39: DA+3 | O39: DD60+0 | Q39: DA-3 | S39: DD45+0 | U39: DA+6 | W39: DA+3 | Y39: DA+3 | AA39: DD45+3 | AC39: DA-3 | AE39: DA-3
M40: Benching | S40: Benching | U40: DFR | AA40: DFR | AC40: DFR | AE40: WET
B42: RAJASTHAN REGION
C43: HR | H43: GAS PIPE LINE
C44: 105/0 | E44: 105/1 | G44: 106/0 | I44: 108/0 | K44: 108/1 | M44: 108/2 | O44: 108/3 | Q44: 108/4 | S44: 109/0 | U44: 109/1 | W44: 109/2 | Y44: 109/3 | AA44: 109/4 | AC44: 110/0
C45: 0 | E45: 0 | G45: 0 | I45: 0 | K45: 0 | M45: 0 | O45: 0 | Q45: 0 | S45: 0 | U45: 1 | W45: 1 | Y45: 0 | AA45: 0 | AC45: 0
A46: 25 | C46: 26 | E46: 27 | G46: 28 | I46: 29 | K46: 30 | M46: 31 | O46: 32 | Q46: 33 | S46: 34 | U46: 35 | W46: 36 | Y46: 37 | AA46: 38 | AC46: 39
B47: 304.947 | C47: Completed | D47: 379.11 | E47: Completed | F47: 375.442 | H47: 212.418 | J47: 326.001 | K47: Completed | L47: 332 | M47: Completed | N47: 285 | O47: Completed | P47: 345 | Q47: Completed | R47: 380.282 | S47: Completed | T47: 384.998 | U47: Completed | V47: 360 | W47: Completed | X47: 378 | Y47: Completed | Z47: 387 | AA47: Completed | AB47: 439.322 | AC47: Completed | AG47: 14 | AH47: 11 | AI47: 13
C49: 0 | E49: Completed | G49: 0 | I49: 0 | K49: Completed | M49: Completed | O49: Completed | Q49: Completed | S49: Completed | U49: Completed | W49: Completed | Y49: Completed | AA49: Completed | AC49: Completed
C50: DC1+0 | E50: DA+0 | G50: DD60+0 | I50: DD45+0 | K50: DA-3 | M50: DA-3 | O50: DA-3 | Q50: DA+0 | S50: DC1+0 | U50: DA-1.5 | W50: DA-1.5 | Y50: DA+0 | AA50: DA+3 | AC50: DC2+3
C51: WFR | E51: WFR | K51: DFR | M51: WET | O51: WET | Q51: WFR | S51: DFR | U51: WFR | W51: WFR | Y51: WFR | AA51: WFR | AC51: WFR
B53: RAJASTHAN REGION
C54: 110/1 | E54: 110/2 | G54: 110/3 | I54: 110/4 | K54: 110/5 | M54: 110/6 | O54: 110/7 | Q54: 110/8 | S54: 110A/0 | U54: 110A/1 | W54: 110A/2 | Y54: 111/0 | AA54: 111/1 | AC54: 111/2
C55: Jwala Singh | E55: 0 | G55: 0 | I55: 0 | K55: 1 | M55: 0 | O55: 1 | Q55: 0 | S55: 0 | U55: 0 | W55: 0 | Y55: 0 | AA55: 0 | AC55: 0
A56: 39 | C56: 40 | E56: 41 | G56: 42 | I56: 43 | K56: 44 | M56: 45 | O56: 46 | Q56: 47 | S56: 48 | U56: 49 | W56: 50 | Y56: 51 | AA56: 52 | AC56: 53
B57: 386.733 | C57: Completed | D57: 358.962 | E57: Completed | F57: 399.964 | G57: Completed | H57: 375.845 | J57: 417.796 | K57: Completed | L57: 403.677 | M57: Completed | N57: 414.519 | O57: Completed | P57: 415.771 | Q57: Completed | R57: 339.11 | S57: Completed | T57: 398.31 | U57: Completed | V57: 390.626 | W57: Completed | X57: 441.234 | Y57: Completed | Z57: 415.00291 | AA57: Completed | AB57: 416.99986 | AC57: Completed | AG57: 14 | AH57: 11 | AI57: 14
C59: Completed | E59: Completed | G59: Completed | I59: 0 | K59: 0 | M59: Completed | O59: Completed | Q59: Completed | S59: 0 | U59: Completed | W59: Completed | Y59: Completed | AA59: Completed | AC59: Completed
C60: DA-1.5 | E60: DA+0 | G60: DA+3 | I60: DA+3 | K60: DA+3 | M60: DA+0 | O60: DA+3 | Q60: DA+0 | S60: DB2+0 | U60: DA+3 | W60: DA-1.5 | Y60: DB1+6 | AA60: DA+3 | AC60: DA+3
C61: WFR | E61: WFR | G61: DRY | K61: WET | M61: WFR | O61: WFR | Q61: WFR | S61: DFR | U61: WFR | W61: DFR | Y61: DFR | AA61: WFR | AC61: WFR
W62: Benching
B63: RAJASTHAN REGION
H64: 400 kV | I64: RC
C65: 111/3 | E65: 111/4 | G65: 112/0 | I65: 113/0 | K65: 113/1 | M65: 113/2 | O65: 113/3 | Q65: 113/4 | S65: 113/5 | U65: 113/6 | W65: 114/0 | Y65: 114/1 | AA65: 114/2 | AC65: 114/3
C66: 0 | E66: 0 | G66: 0 | I66: 0 | K66: 0 | M66: 0 | O66: 0 | Q66: 0 | S66: 0 | U66: 0 | W66: 0 | Y66: 0 | AA66: 0 | AC66: 0
A67: 53 | C67: 54 | E67: 55 | G67: 56 | I67: 57 | K67: 58 | M67: 59 | O67: 60 | Q67: 61 | S67: 62 | U67: 63 | W67: 64 | Y67: 65 | AA67: 66 | AC67: 67
B68: 405.00085 | C68: Completed | D68: 333.00004 | E68: Completed | F68: 383.63686 | G68: Completed | H68: 225.782 | J68: 390 | K68: Completed | L68: 343 | M68: Completed | N68: 327 | O68: Completed | P68: 364 | Q68: Completed | R68: 308 | S68: Completed | T68: 465 | U68: Completed | V68: 367.662 | W68: Completed | X68: 399.998 | Y68: Completed | Z68: 426 | AA68: Completed | AB68: 362 | AC68: Completed | AG68: 13 | AH68: 13 | AI68: 13
C70: Completed | E70: Completed | G70: Completed | I70: 0 | K70: Completed | M70: Completed | O70: Completed | Q70: Completed | S70: Completed | U70: Completed | W70: Completed | Y70: Completed | AA70: Completed | AC70: Completed
C71: DA+0 | E71: DA+9 | G71: DD60+18 | I71: DD60+9 | K71: DA-3 | M71: DA-1.5 | O71: DA-3 | Q71: DA+0 | S71: DA+6 | U71: DA+6 | W71: DC2+0 | Y71: DA+3 | AA71: DA+0 | AC71: DA+0
C72: WET | E72: DFR | G72: DFR | K72: DFR | M72: WFR | O72: DFR | Q72: DFR | S72: DFR | U72: DFR | W72: WET | Y72: DFR | AA72: WFR | AC72: WFR
B74: RAJASTHAN REGION
R75: 132 kV | Z75: 220kV
C76: 114/4 | E76: 114/5 | G76: 114/6 | I76: 114/7 | K76: 114/8 | M76: 114/9 | O76: 114/10 | Q76: 115/0 | S76: 116/0 | U76: 116/1 | W76: 116/2 | Y76: 117/0 | AA76: 118/0 | AC76: 119/0
C77: 0 | E77: 0 | G77: 0 | I77: 0 | K77: 0 | M77: 0 | O77: 0 | Q77: 0 | S77: 0 | U77: 0 | W77: 0 | Y77: 0 | AA77: 0 | AC77: 0
A78: 67 | C78: 68 | E78: 69 | G78: 70 | I78: 71 | K78: 72 | M78: 73 | O78: 74 | Q78: 75 | S78: 76 | U78: 77 | W78: 78 | Y78: 79 | AA78: 80 | AC78: 81
B79: 382 | D79: 441 | E79: Completed | F79: 309 | G79: Completed | H79: 331 | I79: Completed | J79: 431 | K79: Completed | L79: 396 | M79: Completed | N79: 444 | O79: Completed | P79: 381.622 | R79: 200.194 | T79: 323.899 | U79: Completed | V79: 403 | W79: Completed | X79: 419.713 | Y79: ROW | Z79: 239.882 | AA79: Completed | AB79: 421.011 | AG79: 13 | AH79: 8 | AI79: 11
E81: Completed | G81: Completed | I81: Completed | K81: Completed | M81: Completed | O81: Completed | U81: Completed | W81: Completed | Y81: 0 | AA81: 0
C82: DA+3 | E82: DA+6 | G82: DA-3 | I82: DA+3 | K82: DA+6 | M82: DA+3 | O82: DA+6 | Q82: DD60+3 | S82: DD45+3 | U82: DA+3 | W82: DA+3 | Y82: DD45+6 | AA82: DD60+6 | AC82: DC2+0
E83: DFR | G83: DFR | I83: DFR | K83: WET | M83: WET | O83: DFR | U83: WFR | W83: WFR | AA83: WFR
E84: Benching
B85: RAJASTHAN REGION
B86: 220kV | N86: RLW | X86: NH
C87: 120/0 | E87: 120/1 | G87: 120/2 | I87: 120/3 | K87: 121/0 | M87: 122/0 | O87: 123/0 | Q87: 123/1 | S87: 123/2 | U87: 123/3 | W87: 124/0 | Y87: 125/0 | AA87: 125/1 | AC87: 126/0
C88: 0 | E88: 0 | G88: 0 | I88: 0 | K88: 0 | M88: 0 | O88: 0 | Q88: 0 | S88: 0 | U88: 0 | W88: 0 | Y88: 0 | AA88: 0 | AC88: 0
A89: 81 | C89: 82 | E89: 83 | G89: 84 | I89: 85 | K89: 86 | M89: 87 | O89: 88 | Q89: 89 | S89: 90 | U89: 91 | W89: 92 | Y89: 93 | AA89: 94 | AC89: 95
B90: 193.168 | D90: 416.997 | E90: Completed | F90: 363 | G90: Completed | H90: 339 | I90: Completed | J90: 473.767 | L90: 360.17 | N90: 272 | O90: WIP | P90: 301.25 | R90: 349 | T90: 299 | U90: Hold | V90: 318 | W90: Hold | X90: 244 | Y90: Hold | Z90: 343 | AA90: Hold | AB90: 399 | AC90: Completed | AG90: 6 | AH90: 4 | AI90: 6
C92: 0 | E92: Completed | G92: Completed | I92: Completed | K92: 0 | M92: 0 | O92: 0 | Q92: 0 | S92: 0 | U92: 0 | W92: 0 | Y92: 0 | AA92: 0 | AC92: Completed
C93: DD45+3 | E93: DA+0 | G93: DA-1.5 | I93: DA+9 | K93: DB1+6 | M93: DD60+3 | O93: DD60+6 | Q93: DA+0 | S93: DA+0 | U93: DA-3 | W93: DD45+3 | Y93: DD60+3 | AA93: DA+0 | AC93: DB2+0
E94: WFR | G94: WFR | I94: WFR | AC94: DFR
B96: RAJASTHAN REGION
U97: RAJ FOREST
C98: RC | H98: Proposed 132kV | U98: RC | W98: ULE/RC
C99: 126/1 | E99: 126/2 | G99: 126/3 | I99: 126/4 | K99: 127/0 | M99: 127/1 | O99: 127/2 | Q99: 127/3 | S99: 128/0 | U99: 129/0 | W99: 129/1 | Y99: 129A/0 | AA99: 129A/1 | AC99: 129A/2
C100: 0 | E100: 0 | G100: 0 | I100: 0 | K100: 0 | M100: 0 | O100: 0 | Q100: 0 | S100: 0 | U100: 0 | W100: 0 | Y100: 0 | AA100: 0 | AC100: 0
A101: 95 | C101: 96 | E101: 97 | G101: 98 | I101: 99 | K101: 100 | M101: 101 | O101: 102 | Q101: 103 | S101: 104 | U101: 105 | W101: 106 | Y101: 107 | AA101: 108 | AC101: 109
B102: 412 | D102: 420 | E102: Completed | F102: 339 | G102: Completed | H102: 461 | I102: Completed | J102: 324.66 | K102: Completed | L102: 342 | M102: Completed | N102: 392 | O102: Completed | P102: 371 | Q102: Completed | R102: 335.587 | S102: Completed | T102: 421.973 | U102: Hold | V102: 330 | W102: Hold | X102: 474.912 | Y102: Hold | Z102: 321 | AA102: Completed | AB102: 400.55 | AC102: Completed | AG102: 11 | AH102: 6 | AI102: 10
E104: Completed | G104: Completed | I104: Completed | K104: Completed | M104: Completed | O104: 0 | Q104: 0 | S104: Completed | U104: 0 | W104: 0 | Y104: 0 | AA104: 0 | AC104: 0
C105: DA+9 | E105: DA-3 | G105: DA+3 | I105: DA+9 | K105: DD45+0 | M105: DA+0 | O105: DA+0 | Q105: DA+6 | S105: DC2+9 | U105: DB1+3 | W105: DB1+9 | Y105: DD45+0 | AA105: DA+0 | AC105: DA+0
C106: Benching | E106: DFR | G106: DFR | I106: DFR | K106: DFR | M106: DFR | O106: DFR | Q106: DRY | S106: DFR | U106: Benching | W106: Benching | AA106: DFR | AC106: DFR
M107: Benching
B108: RAJASTHAN REGION
O109: RAJ FOREST | AB109: Temple
O110: ULE/RC | Q110: RC
C111: 129A/3 | E111: 130/0 | G111: 130/1 | I111: 130/2 | K111: 131/0 | M111: 132/0 | O111: 133/0 | Q111: 134/0 | S111: 135/0 | U111: 135/1 | W111: 135/2 | Y111: 135/3 | AA111: 136/0 | AC111: 136/1
C112: 0 | E112: 0 | G112: 0 | I112: 0 | K112: 0 | M112: 0 | O112: 0 | Q112: 0 | S112: 0 | U112: 0 | W112: 0 | Y112: 0 | AA112: 0 | AC112: 0
A113: 109 | C113: 110 | E113: 111 | G113: 112 | I113: 113 | K113: 114 | M113: 115 | O113: 116 | Q113: 117 | S113: 118 | U113: 119 | W113: 120 | Y113: 121 | AA113: 122 | AC113: 123
B114: 342 | C114: Completed | D114: 280 | E114: Completed | F114: 387.996 | G114: Completed | H114: 319 | I114: Completed | J114: 429.453 | K114: Completed | L114: 484.387 | N114: 372.194 | O114: Hold | P114: 552.223 | Q114: Hold | R114: 396.823 | S114: Completed | T114: 357.996 | U114: Completed | V114: 401 | W114: Completed | X114: 395.009 | Y114: Completed | Z114: 445.379 | AB114: 396.995 | AC114: Completed | AG114: 12 | AH114: 2 | AI114: 9
C116: 0 | E116: Completed | G116: 0 | I116: 0 | K116: Completed | M116: 0 | O116: 0 | Q116: 0 | S116: 0 | U116: 0 | W116: 0 | Y116: 0 | AA116: 0 | AC116: 0
C117: DA+0 | E117: DB2+0 | G117: DA+0 | I117: DA-1.5 | K117: DD45+9 | M117: DD60+6 | O117: DB2+3 | Q117: DC1+0 | S117: DD45+0 | U117: DA+3 | W117: DA+9 | Y117: DA+9 | AA117: DC2+3 | AC117: DA+3
C118: WFR | E118: WFR | G118: WFR | I118: WFR | K118: WFR | O118: Benching | Q118: Benching | S118: DFR | U118: DFR | W118: DFR | Y118: DFR | AC118: DFR
Y119: Benching
B120: RAJASTHAN REGION
...

Sheet Sheet3
A1: SL | B1: Loc No | C1: TOT | D1: SL | E1: Loc No | F1: TOT | H1: SL | I1: Loc No | J1: TOT
A2: 1 | B2: 103/5 | C2: DA+0 | D2: 1 | E2: 126/1 | F2: DA+9 (RC) | H2: 1 | I2: 178/2 | J2: DA+6
A3: 2 | B3: 99/4 | C3: DA+0 | D3: 2 | E3: 149B/1 | F3: DB2+15 | H3: 2 | I3: 165/0 | J3: DB1+6
A4: 3 | B4: 99/5 | C4: DA+0 | D4: 3 | E4: 149B/2 | F4: DA+6 | H4: 3 | I4: 168/0 | J4: DC2+0
A5: 4 | B5: 99/3 | C5: DA+0 | D5: 4 | E5: 100/0 | F5: DD45+0 | H5: 4 | I5: 180/0 | J5: DC2+15
A6: 5 | B6: 99/2 | C6: DA+6 | D6: 5 | E6: 155/0 | F6: DC2+0 | H6: 5 | I6: 178/4 | J6: DA-3
A7: 6 | B7: 99/1 | C7: DA+6 | D7: 6 | E7: 99/8 | F7: DA+6 | H7: 6 | I7: 178/5 | J7: DA+0
A8: 7 | B8: 99/7 | C8: DA+0 | D8: 7 | E8: 149B/4 | F8: DA+0 (RC) | H8: 7 | I8: 179/1 | J8: DA+3
A9: 8 | B9: 103/9 | C9: DA+3 | D9: 8 | E9: 99/6 | F9: DA+0 | H9: 8 | I9: 179/6 | J9: DA+0
A10: 9 | B10: 169/0 | C10: DC1+3 | H10: 9 | I10: 145/0 | J10: DD60+18
A11: 10 | B11: 169/9 | C11: DA-3 | H11: 10 | I11: 114/4 | J11: DA+3
A12: 11 | B12: 175/2 | C12: DA+0 | H12: 11 | I12: 179/4 | J12: DA-3
A13: 12 | B13: 138/0 | C13: DB1+3 | H13: 12 | I13: 149B/3 | J13: DA+3 (RC)
A14: 13 | B14: 149B/0 | C14: DB1+25 | H14: 13 | I14: 179/2 | J14: DA+3
A15: 14 | B15: 122/0 | C15: DD60+3 | H15: 14 | I15: 154/4 | J15: DA+3
A16: 15 | B16: 123/0 | C16: DD60+6
A17: 16 | B17: 181/2 | C17: DA-3
A18: 17 | B18: 179/9 | C18: DA+3
A19: 18 | B19: 181/5 | C19: DA-3
A20: 19 | B20: 181/4 | C20: DA-3
A21: 20 | B21: 153/0 | C21: DB1+6
A22: 21 | B22: 154/0 | C22: DB2+9
A23: 22 | B23: 156/2 | C23: DA+3

Sheet Sheet2
