Workbook
Name \0: #REF!
Name \0: #REF!
Name \0: #REF!
Name \0: #REF!
Name \2: #REF!
Name \A: #REF!
Name \A: #REF!
Name \A_1: "#REF!"
Name \B: #REF!
Name \B: #REF!
Name \B: #REF!
Name \C: #REF!
Name \C: #REF!
Name \c1: #REF!
Name \c1: #REF!
Name \d: #N/A
Name \D: #REF!
Name \g: #REF!
Name \g: #REF!
Name \H: #REF!
Name \H: #REF!
Name \i: #REF!
Name \i: #REF!
Name \KWS123: #N/A
Name \l: #REF!
Name \M: #REF!
Name \M: #REF!
Name \N: #REF!
Name \N: #REF!
Name \P: #REF!
Name \q: #N/A
Name \R: #REF!
Name \R: #REF!
Name \S: #REF!
Name \S: #REF!
Name \t: #N/A
Name \U: #REF!
Name \U: #REF!
Name \V: #REF!
Name \V: #REF!
Name \z: #REF!
Name \z: #REF!
Name _: #REF!
Name _: "tcap"
Name _________________________________________________________dol12: #REF!
Name _________________________________________________________in18900: #REF!
Name _________________________________________________________iv19000: #REF!
Name ________________________________________________________dol12: #REF!
Name ________________________________________________________dol6: #REF!
Name ________________________________________________________in18900: #REF!
Name ________________________________________________________iv19000: #REF!
Name _______________________________________________________dol12: #REF!
Name _______________________________________________________dol6: #REF!
Name _______________________________________________________in18900: #REF!
Name _______________________________________________________iv19000: #REF!
Name ______________________________________________________dol12: #REF!
Name ______________________________________________________dol6: #REF!
Name _____________________________________________________dol12: #REF!
Name _____________________________________________________dol6: #REF!
Name _____________________________________________________in18900: #REF!

Sheet Visual Chart
A1: =[2]TS!A1 -> Name of Line:- 765 KV D/C Mandsaur - Kurawar (Part-1)Transmission Line(WZ-4)
T2: Visual Chart of 765kV Line | AK2: Date | AN2: 46195 | AV2: FDN | AW2: EARTH | AX2: EREC | AY2: T/W | AZ2: Rough Sag | BA2: Final Sag | BB2: Length in MTR
AV3: =SUM(AV6:AV182) -> 273 | AW3: =SUM(AW6:AW182) -> 249 | AX3: =SUM(AX6:AX182) -> 218 | AY3: =SUM(AY6:AY182) -> 20 | AZ3: =SUM(AZ6:AZ182) -> 1.555 | BA3: =SUM(BA6:BA182) -> 0 | BB3: =SUM(BB6:BB182) -> 118387.01
T5: RC | W5: RC
AV6: 12 | AW6: 12 | AX6: 3 | AY6: 0 | BA6: 0 | BB6: =+A7+D7+G7+J7+M7+P7+S7+V7+Y7+AB7+AE7+AH7+AK7+AN7+AQ7 -> 5498.422
A7: 107.961 | B7: DD60+0 | D7: 148.478 | E7: DD60+0 | G7: 408.832 | H7: DD45+3 | J7: 380 | K7: DA(-)1.5 | M7: 422 | N7: DA+6 | P7: 408.352 | Q7: DC1+0 | S7: 419.453 | T7: DA+9 | V7: 381 | W7: DA+9 | Y7: 417 | Z7: DA(-)3 | AB7: 417 | AC7: DA+6 | AE7: 417 | AF7: DA(-)3 | AH7: 388.003 | AI7: DA+6 | AK7: 452.343 | AL7: DB1+0 | AN7: 401 | AO7: DA(-)3 | AQ7: 330
B8: 1/0 | E8: 2/0 | H8: 3/0 | K8: 3/1 | N8: 3/2 | Q8: 4/0 | T8: 4/1 | W8: 4/2 | Z8: 4/3 | AC8: 4/4 | AF8: 4/5 | AI8: 4/6 | AL8: 5/0 | AO8: 5/1
B9: MP | E9: MP | H9: MP | K9: MP | N9: MP | Q9: MP | T9: MP | W9: MP | Z9: MP | AC9: MP | AF9: MP | AI9: MP | AL9: MP | AO9: MP
AV14: 14 | AW14: 14 | AX14: 14 | AY14: 8 | AZ14: 1.555 | BA14: 0 | BB14: =+A15+D15+G15+J15+M15+P15+S15+V15+Y15+AB15+AE15+AH15+AK15+AN15+AQ15 -> 5348
B15: DA+0 | D15: 413 | E15: DA+3 | G15: 422 | H15: DA+1.5 | J15: 396 | K15: DA+0 | M15: 385 | N15: DA+0 | P15: 338 | Q15: DA(-)3 | S15: 324 | T15: DC2+0 | V15: 380 | W15: DA(-)1.5 | Y15: 374 | Z15: DA+1.5 | AB15: 415 | AC15: DA+1.5 | AE15: 386 | AF15: DC2+0 | AH15: 352 | AI15: DA+0 | AK15: 392 | AL15: DA+0 | AN15: 381 | AO15: DA+0 | AQ15: 390
B16: 5/2 | E16: 5/3 | H16: 5/4 | K16: 5/5 | N16: 5/6 | Q16: 5/7 | T16: 6/0 | W16: 6/1 | Z16: 6/2 | AC16: 6/3 | AF16: 7/0 | AI16: 7/1 | AL16: 7/2 | AO16: 7/3
B17: MP | E17: MP | I17: MP | L17: MP | O17: MP | R17: MP | U17: MP | X17: MP | Z17: MP | AC17: MP | AG17: MP | AI17: MP | AM17: MP | AO17: MP
AV22: 14 | AW22: 14 | AX22: 14 | AY22: 12 | BA22: 0 | BB22: =+A23+D23+G23+J23+M23+P23+S23+V23+Y23+AB23+AE23+AH23+AK23+AN23+AQ23 -> 5480
B23: DA+0 | D23: 391 | E23: DB1+0 | G23: 331 | H23: DA+0 | J23: 404 | K23: DA+3 | M23: 410 | N23: DA+3 | P23: 398 | Q23: DA+3 | S23: 432 | T23: DA+0 | V23: 356 | W23: DA+0 | Y23: 408 | Z23: DA+0 | AB23: 415 | AC23: DA+3 | AE23: 371 | AF23: DA(-)3 | AH23: 364 | AI23: DA+0 | AK23: 415 | AL23: DB2+0 | AN23: 389 | AO23: DA+3 | AQ23: 396
B24: 7/4 | E24: 8/0 | H24: 8/1 | K24: 8/2 | N24: 8/3 | Q24: 8/4 | T24: 8/5 | W24: 8/6 | Z24: 8/7 | AC24: 8/8 | AF24: 8/9 | AI24: 8/10 | AL24: 9/0 | AO24: 9/1
B25: MP | F25: MP | H25: MP | K25: MP | N25: MP | R25: MP | T25: MP | W25: MP | Z25: MP | AD25: MP | AG25: MP | AJ25: MP | AM25: MP | AO25: MP
T26: Stub Requerd
V27: 400KV D/C
W29: E. RC
AV30: 13 | AW30: 13 | AX30: 13 | AY30: 0 | BA30: 0 | BB30: =+A31+D31+G31+J31+M31+P31+S31+V31+Y31+AB31+AE31+AH31+AK31+AN31+AQ31 -> 5326
B31: DA+0 | D31: 439 | E31: DA+6 | G31: 381 | H31: DB1+0 | J31: 386 | K31: DA+0 | M31: 356 | N31: DA(-)3 | P31: 365 | Q31: DA+3 | S31: 475 | T31: DD60+25 | V31: 196 | W31: DD60+25 | Y31: 477 | Z31: DA+3 | AB31: 363 | AC31: DA(-)3 | AE31: 328 | AF31: DA(-)3 | AH31: 376 | AI31: DA+0 | AK31: 393 | AL31: DA+1.5 | AN31: 397 | AO31: DA+0 | AQ31: 394
B32: 9/2 | E32: 9/3 | H32: 10/0 | K32: 10/1 | N32: 10/2 | Q32: 10/3 | T32: 11/0 | W32: 12/0 | Z32: 12/1 | AC32: 12/2 | AF32: 12/3 | AI32: 12/4 | AL32: 12/5 | AO32: 12/6
B33: MP | F33: MP | I33: MP | L33: MP | O33: MP | R33: MP | U33: MP | X33: MP | AA33: MP | AD33: MP | AG33: MP | AJ33: MP | AM33: MP | AO33: MP
AV38: 14 | AW38: 14 | AX38: 13 | AY38: 0 | BA38: 0 | BB38: =+A39+D39+G39+J39+M39+P39+S39+V39+Y39+AB39+AE39+AH39+AK39+AN39+AQ39 -> 5154
B39: DA+0 | D39: 373 | E39: DB2+0 | G39: 357 | H39: DA(-)1.5 | J39: 374 | K39: DA+0 | M39: 380 | N39: DA+0 | P39: 344 | Q39: DA(-)3 | S39: 330 | T39: DA+0 | V39: 367 | W39: DC1+0 | Y39: 385 | Z39: DA+0 | AB39: 355 | AC39: DA+0 | AE39: 357 | AF39: DA(-)3 | AH39: 393 | AI39: DA+3 | AK39: 383 | AL39: DA+0 | AN39: 388 | AO39: DB2+0 | AQ39: 368
B40: 12/7 | E40: 13/0 | H40: 13/1 | K40: 13/2 | N40: 13/3 | Q40: 13/4 | T40: 13/5 | W40: 14/0 | Z40: 14/1 | AC40: 14/2 | AF40: 14/3 | AI40: 14/4 | AL40: 14/5 | AO40: 15/0
C41: MP | F41: MP | I41: MP | L41: MP | N41: MP | R41: MP | U41: MP | X41: MP | AA41: MP | AD41: MP | AG41: MP | AJ41: MP | AL41: MP | AO41: MP
Q45: RC
AV46: 13 | AW46: 13 | AX46: 13 | BB46: =+A47+D47+G47+J47+M47+P47+S47+V47+Y47+AB47+AE47+AH47+AK47+AN47+AQ47 -> 5549
B47: DA+0 | D47: 412 | E47: DA+3 | G47: 416 | H47: DA+0 | J47: 407 | K47: DA+6 | M47: 425 | N47: DA(-)3 | P47: 386 | Q47: DA+0 | S47: 359 | T47: DA+0 | V47: 368 | W47: DA+0 | Y47: 390 | Z47: DA+3 | AB47: 410 | AC47: DB1+0 | AE47: 380 | AF47: DA+0 | AH47: 367 | AI47: DA+0 | AK47: 433 | AL47: DA+9 | AN47: 400 | AO47: DA+0 | AQ47: 396
B48: 15/1 | E48: 15/2 | H48: 15/3 | K48: 15/4 | N48: 15/5 | Q48: 15/6 | T48: 15/7 | W48: 15/8 | Z48: 15/9 | AC48: 16/0 | AF48: 16/1 | AI48: 16/2 | AL48: 16/3 | AO48: 16/4
B49: MP | F49: MP | I49: MP | L49: MP | O49: MP | R49: MP | U49: MP | X49: MP | AA49: MP | AC49: MP | AF49: MP | AI49: MP | AL49: MP | AP49: MP
W50: NH Crossing
AF53: RC | AI53: RC
AV54: 12 | AW54: 12 | AX54: 12 | BB54: =+A55+D55+G55+J55+M55+P55+S55+V55+Y55+AB55+AE55+AH55+AK55+AN55+AQ55 -> 5373
B55: DA+6 | D55: 420 | E55: DA(-)3 | G55: 354 | H55: DA+0 | J55: 348 | K55: DA(-)3 | M55: 319 | N55: DA+0 | P55: 379 | Q55: DA+6 | S55: 428 | T55: DA+0 | V55: 397 | W55: DB2+3 | Y55: 247 | Z55: DD45+0 | AB55: 423 | AC55: DA+6 | AE55: 395 | AF55: DD45+9 | AH55: 499 | AI55: DD60+6 | AK55: 377 | AL55: DA(-)3 | AN55: 443 | AO55: DA(-)3 | AQ55: 344
B56: 16/5 | E56: 16/6 | H56: 16/7 | K56: 16/8 | N56: 16/9 | Q56: 16/10 | T56: 16/11 | W56: 17/0 | Z56: 18/0 | AC56: 18/1 | AF56: 19/0 | AI56: 20/0 | AL56: 20/1 | AO56: 20/2
C57: MP | F57: MP | I57: MP | L57: MP | N57: MP | R57: MP | U57: MP | X57: MP | AA57: MP | AC57: MP | AG57: MP | AJ57: MP | AL57: MP | AO57: MP
Q61: RC | AC61: RC
AV62: 12 | AW62: 12 | AX62: 9 | AY62: 0 | BA62: 0 | BB62: =+A63+D63+G63+J63+M63+P63+S63+V63+Y63+AB63+AE63+AH63+AK63+AN63+AQ63 -> 5451
B63: DC2+0 | D63: 390 | E63: DA(-)3 | G63: 352 | H63: DA+0 | J63: 426 | K63: DA+0 | M63: 394 | N63: DA+3 | P63: 408 | Q63: DD45+0 | S63: 373 | T63: DA+6 | V63: 408 | W63: DD45+3 | Y63: 379 | Z63: DA+3 | AB63: 406 | AC63: DC2+3 | AE63: 385 | AF63: DA+0 | AH63: 400 | AI63: DA+0 | AK63: 439 | AL63: DA+6 | AN63: 400 | AO63: DA(-)3 | AQ63: 291
B64: 21/0 | E64: 21/1 | H64: 21/2 | K64: 21/3 | N64: 21/4 | Q64: 22/0 | T64: 22/1 | W64: 23/0 | Z64: 23/1 | AC64: 24/0 | AF64: 24/1 | AI64: 24/2 | AL64: 24/3 | AO64: 24/4
B65: MP | E65: MP | H65: MP | L65: MP | O65: MP | R65: MP | U65: MP | W65: MP | Z65: MP | AC65: MP | AG65: MP | AI65: MP | AL65: MP | AP65: MP
W66: Stub Requerd
Y67: 220KV D/C
AV70: 14 | AW70: 14 | AX70: 13 | AY70: 0 | BA70: 0 | BB70: =+A71+D71+G71+J71+M71+P71+S71+V71+Y71+AB71+AE71+AH71+AK71+AN71+AQ71 -> 5597
B71: DA(-)3 | D71: 390 | E71: DA+3 | G71: 403 | H71: DA+0 | J71: 422 | K71: DA+6 | M71: 389 | N71: DA(-)1.5 | P71: 436 | Q71: DA+1.5 | S71: 380 | T71: DA+0 | V71: 445 | W71: DC2+18 | Y71: 220 | Z71: DC2+12 | AB71: 435 | AC71: DA+1.5 | AE71: 405 | AF71: DA+6 | AH71: 434 | AI71: DA+6 | AK71: 380 | AL71: DA(-)3 | AN71: 379 | AO71: DB2+9 | AQ71: 479
B72: 24/5 | E72: 24/6 | H72: 24/7 | K72: 24/8 | N72: 24/9 | Q72: 24/10 | T72: 24/11 | W72: 25/0 | Z72: 26/0 | AC72: 26/1 | AF72: 26/2 | AI72: 26/3 | AL72: 26/4 | AO72: 27/0
B73: MP | F73: MP | I73: MP | L73: MP | O73: MP | R73: MP | U73: MP | X73: MP | AA73: MP | AD73: MP | AG73: MP | AJ73: MP | AM73: MP | AO73: MP
A74: Approch Issue | AI74: Railway crossing
S75: 220 KV DC
AV78: 14 | AW78: 14 | AX78: 14 | AY78: 0 | BA78: 0 | BB78: =+A79+D79+G79+J79+M79+P79+S79+V79+Y79+AB79+AE79+AH79+AK79+AN79+AQ79 -> 5226
B79: DB1+9 | D79: 464 | E79: DA+0 | G79: 376 | H79: DA+1.5 | J79: 380 | K79: DA(-)3 | M79: 352 | N79: DA(-)1.5 | P79: 361 | Q79: DD45+6 | S79: 252 | T79: DD45+18 | V79: 394 | W79: DA+1.5 | Y79: 389 | Z79: DA+1.5 | AB79: 399 | AC79: DC1+0 | AE79: 392 | AF79: DA+1.5 | AH79: 363 | AI79: DA+0 | AK79: 379 | AL79: DD60+0 | AN79: 226 | AO79: DD60+9 | AQ79: 499
B80: 27/1 | E80: 27/2 | H80: 27/3 | K80: 27/4 | N80: 27/5 | Q80: 28/0 | T80: 29/0 | W80: 29/1 | Z80: 29/2 | AC80: 30/0 | AF80: 30/1 | AI80: 30/2 | AL80: 31/0 | AO80: 32/0
B81: MP | F81: MP | I81: MP | L81: MP | O81: MP | R81: MP | U81: MP | X81: MP | Z81: MP | AD81: MP | AG81: MP | AJ81: MP | AM81: MP | AP81: MP
A82: Railway crossing | AL82: NH Crossing
Y83: 132KV D/C
AV86: 14 | AW86: 13 | AX86: 13 | AY86: 0 | BB86: =+A87+D87+G87+J87+M87+P87+S87+V87+Y87+AB87+AE87+AH87+AK87+AN87+AQ87 -> 5119
B87: DB1+9 | D87: 446 | E87: DA+1.5 | G87: 394 | H87: DA+1.5 | J87: 391 | K87: DA+0 | M87: 409 | N87: DA+1.5 | P87: 379 | Q87: DA+0 | S87: 364 | T87: DA(-)1.5 | V87: 447 | W87: DD45+9 | Y87: 257 | Z87: DC1+3 | AB87: 232 | AC87: DA+3 | AE87: 365 | AF87: DA(-)3 | AH87: 379 | AI87: DA+6 | AK87: 440 | AL87: DB2+3 | AN87: 221 | AO87: DC2+0 | AQ87: 395
B88: 32/1 | E88: 32/2 | H88: 32/3 | K88: 32/4 | N88: 32/5 | Q88: 32/6 | T88: 32/7 | W88: 33/0 | Z88: 34/0 | AC88: 34/1 | AF88: 34/2 | AI88: 34/3 | AL88: 35/0 | AO88: 36/0
B89: MP | E89: MP | I89: MP | L89: MP | O89: MP | R89: MP | U89: MP | X89: MP | AA89: MP | AD89: MP | AG89: MP | AJ89: MP | AM89: MP | AP89: MP
AB91: 220KV
AV94: 14 | AW94: 12 | AX94: 14 | AY94: 0 | BB94: =+A95+D95+G95+J95+M95+P95+S95+V95+Y95+AB95+AE95+AH95+AK95+AN95+AQ95 -> 5433
B95: DA+0 | D95: 356 | E95: DA+0 | G95: 404 | H95: DA+0 | J95: 380 | K95: DA+3 | M95: 460 | N95: DA+6 | P95: 380 | Q95: DA(-)1.5 | S95: 413 | T95: DA+3 | V95: 413 | W95: DA+0 | Y95: 427 | Z95: DD45+12 | AB95: 220 | AC95: DD45+9 | AE95: 430 | AF95: DA(-)3 | AH95: 344 | AI95: DA+0 | AK95: 373 | AL95: DA(-)3 | AN95: 389 | AO95: DA+3 | AQ95: 444
B96: 36/1 | E96: 36/2 | H96: 36/3 | K96: 36/4 | N96: 36/5 | Q96: 36/6 | T96: 36/7 | W96: 36/8 | Z96: 37/0 | AC96: 38/0 | AF96: 38/1 | AI96: 38/2 | AL96: 38/3 | AO96: 38/4
B97: MP | F97: MP | I97: MP | L97: MP | O97: MP | R97: MP | U97: MP | X97: MP | AA97: MP | AD97: MP | AG97: MP | AJ97: MP | AM97: MP | AP97: MP
B101: RC | AF101: TP
AV102: 13 | AW102: 13 | AX102: 10 | AY102: 0 | BB102: =+A103+D103+G103+J103+M103+P103+S103+V103+Y103+AB103+AE103+AH103+AK103+AN103+AQ103 -> 5408
B103: DA+6 | D103: 308 | E103: DA(-)3 | G103: 345 | H103: DA+0 | J103: 425 | K103: DA+6 | M103: 412 | N103: DC1+0 | P103: 399 | Q103: DA+3 | S103: 420 | T103: DA+0 | V103: 367 | W103: DA+0 | Y103: 354 | Z103: DA+0 | AB103: 399 | AC103: DA+0 | AE103: 375 | AF103: DC2+0 | AH103: 380 | AI103: DA+0 | AK103: 405 | AL103: DA+3 | AN103: 420 | AO103: DA+3 | AQ103: 399
B104: 38/5 | E104: 38/6 | H104: 38/7 | K104: 38/8 | N104: 39/0 | Q104: 39/1 | T104: 39/2 | W104: 39/3 | Z104: 39/4 | AC104: 39/5 | AF104: 39/6 | AI104: 39/7 | AL104: 39/8 | AO104: 39/9
B105: MP | E105: MP | H105: MP | K105: MP | N105: MP | R105: RAJ | U105: RAJ | X105: RAJ | AA105: RAJ | AD105: RAJ | AG105: RAJ | AJ105: RAJ | AM105: RAJ | AP105: RAJ
AL109: ROW
AV110: 13 | AW110: 10 | AX110: 10 | AY110: 0 | BB110: =+A111+D111+G111+J111+M111+P111+S111+V111+Y111+AB111+AE111+AH111+AK111+AN111+AQ111 -> 5539
B111: DA+0 | D111: 380 | E111: DA+3 | G111: 415 | H111: DC1+0 | J111: 400 | K111: DA+3 | M111: 392 | N111: DA+0 | P111: 387 | Q111: DA+0 | S111: 346 | T111: DD45+0 | V111: 400 | W111: DA+6 | Y111: 418 | Z111: DA(-)1.5 | AB111: 351 | AC111: DA+1.5 | AE111: 429 | AF111: DA+3 | AH111: 411 | AI111: DA+0 | AK111: 381 | AL111: DA+6 | AN111: 459 | AO111: DA+6 | AQ111: 370
B112: 39/10 | E112: 39/11 | H112: 40/0 | K112: 40/1 | N112: 40/2 | Q112: 40/3 | T112: 41/0 | W112: 41/1 | Z112: 41/2 | AC112: 41/3 | AF112: 41/4 | AI112: 41/5 | AL112: 41/6 | AO112: 41/7
B113: RAJ | E113: RAJ | H113: RAJ | K113: RAJ | N113: RAJ | Q113: RAJ | T113: RAJ | W113: RAJ | Z113: RAJ | AC113: RAJ | AG113: RAJ | AJ113: RAJ | AM113: RAJ | AP113: RAJ
E114: ROW Route Daivarsion
E117: ROW | AO117: RC
AV118: 9 | AW118: 8 | AX118: 5 | AY118: 0 | BB118: =+A119+D119+G119+J119+M119+P119+S119+V119+Y119+AB119+AE119+AH119+AK119+AN119+AQ119 -> 5550.31
B119: DA+3 | D119: 425 | E119: DC1+3 | G119: 256 | H119: DC1+6 | J119: 443 | K119: DB2+6 | M119: 451 | N119: DB1+3 | P119: 420 | Q119: DA+3 | S119: 418 | T119: DA+0 | V119: 349 | W119: DC1+0 | Y119: 407 | Z119: DA-(3) | AB119: 323 | AC119: DA+0 | AE119: 419 | AF119: DA+0 | AH119: 402 | AI119: DA+1.5 | AK119: 402.31 | AL119: DC2+0 | AN119: 416 | AO119: DA+1.5 | AQ119: 419
B120: 41/8 | E120: 42/0 | H120: 43/0 | K120: 44/0 | N120: 44/1 | Q120: 44/2 | T120: 44/3 | W120: 45/0 | Z120: 45/1 | AC120: 45/2 | AF120: 45/3 | AI120: 45/4 | AL120: 45A/0 | AO120: 45A/1
B121: RAJ | E121: RAJ | H121: RAJ | K121: RAJ | N121: RAJ | Q121: RAJ | T121: RAJ | W121: RAJ | Z121: RAJ | AC121: RAJ | AF121: RAJ | AJ121: RAJ | AM121: RAJ | AP121: RAJ
E125: RC
AV126: 13 | AW126: 10 | AX126: 7 | AY126: 0 | BB126: =+A127+D127+G127+J127+M127+P127+S127+V127+Y127+AB127+AE127+AH127+AK127+AN127+AQ127 -> 5528.79
B127: DD45+0 | D127: 377 | E127: DA+1.5 | G127: 440 | H127: DA+3 | J127: 400.28 | K127: DC1+0 | M127: 386 | N127: DA+3 | P127: 420 | Q127: DA(-)3 | S127: 337 | T127: DA(-)3 | V127: 336.51 | W127: DC1+3 | Y127: 412 | Z127: DA+0 | AB127: 408 | AC127: DA+6 | AE127: 413 | AF127: DA+0 | AH127: 410 | AI127: DA+3 | AK127: 406 | AL127: DA+3 | AN127: 411 | AO127: DA+3 | AQ127: 372
B128: 46/0 | E128: 46/1 | H128: 46/2 | K128: 46A/0 | N128: 46A/1 | Q128: 46A/2 | T128: 46A/3 | W128: 47/0 | Z128: 47/1 | AC128: 47/2 | AF128: 47/3 | AI128: 47/4 | AL128: 47/5 | AO128: 47/6
B129: RAJ | F129: RAJ | I129: RAJ | L129: RAJ | O129: RAJ | R129: RAJ | U129: RAJ | X129: RAJ | AA129: RAJ | AD129: RAJ | AG129: RAJ | AJ129: RAJ | AL129: RAJ | AO129: RAJ
AL133: RC
AV134: 13 | AW134: 12 | AX134: 8 | AY134: 0 | BB134: =+A135+D135+G135+J135+M135+P135+S135+V135+Y135+AB135+AE135+AH135+AK135+AN135+AQ135 -> 5453
B135: DA+0 | D135: 386 | E135: DA+0 | G135: 370 | H135: DA+0 | J135: 382 | K135: DA+3 | M135: 384 | N135: DA+6 | P135: 382 | Q135: DB1+0 | S135: 357 | T135: DA+0 | V135: 351 | W135: DA(-)1.5 | Y135: 413 | Z135: DA+3 | AB135: 423 | AC135: DA(-)1.5 | AE135: 390 | AF135: DA+0 | AH135: 406 | AI135: DA+3 | AK135: 390 | AL135: DA(-)1.5 | AN135: 393 | AO135: DA+0 | AQ135: 426
B136: 47/7 | E136: 47/8 | H136: 47/9 | K136: 47/10 | N136: 47/11 | Q136: 48/0 | T136: 48/1 | W136: 48/2 | Z136: 48/3 | AC136: 48/4 | AF136: 48/5 | AI136: 48/6 | AL136: 48/7 | AO136: 48/8
B137: RAJ | E137: RAJ | H137: RAJ | K137: RAJ | O137: MP | R137: MP | U137: MP | X137: MP | AA137: MP | AD137: MP | AG137: MP | AJ137: MP | AM137: MP | AP137: MP
Z138: Power Line Crossing
AV142: 14 | AW142: 11 | AX142: 9 | AY142: 0 | BB142: =+A143+D143+G143+J143+M143+P143+S143+V143+Y143+AB143+AE143+AH143+AK143+AN143+AQ143 -> 5377
B143: DA+3 | D143: 407 | E143: DB1+0 | G143: 404 | H143: DA+6 | J143: 418 | K143: DA+0 | M143: 413 | N143: DA+3 | P143: 410 | Q143: DA+0 | S143: 426 | T143: DA+0 | V143: 397 | W143: DA+6 | Y143: 404 | Z143: DC2+18 | AB143: 224 | AC143: DD45+9 | AE143: 422 | AF143: DA+0 | AH143: 343 | AI143: DA(-)3 | AK143: 360 | AL143: DA(-)3 | AN143: 340 | AO143: DC2+0 | AQ143: 409
B144: 48/9 | E144: 49/0 | H144: 49/1 | K144: 49/2 | N144: 49/3 | Q144: 49/4 | T144: 49/5 | W144: 49/6 | Z144: 50/0 | AC144: 51/0 | AF144: 51/1 | AI144: 51/2 | AL144: 51/3 | AO144: 52/0
B145: MP | F145: MP | I145: MP | L145: MP | O145: MP | R145: MP | U145: MP | X145: MP | AA145: MP | AD145: MP | AG145: MP | AJ145: MP | AM145: MP | AP145: MP
H146: Gas Pipe Line BPCL | Q146: Power Line Crossing | AO146: Route Finalization pending on account of daiversion due to solar plant
AC149: RC | AF149: RC | AL149: RC | AO149: RC
AV150: 9 | AW150: 6 | AX150: 5 | AY150: 0 | BB150: =+A151+D151+G151+J151+M151+P151+S151+V151+Y151+AB151+AE151+AH151+AK151+AN151+AQ151 -> 4749.269
...

Sheet VC-765kV MKTL
A1: =[2]TS!A1 -> Name of Line:- 765 KV D/C Mandsaur - Kurawar (Part-1)Transmission Line(WZ-4)
T2: Visual Chart of 765kV Line | AK2: Date | AN2: 46170 | AV2: FDN | AW2: EARTH | AX2: EREC | AY2: T/W | AZ2: Strng | BA2: Length in MTR
AV3: =SUM(AV6:AV182) -> 267 | AW3: =SUM(AW6:AW182) -> 235 | AX3: =SUM(AX6:AX182) -> 208 | AY3: =SUM(AY6:AY182) -> 4 | AZ3: =SUM(AZ6:AZ182) -> 0 | BA3: =SUM(BA6:BA182) -> 118387.01
T5: RC | W5: RC
AV6: 11 | AW6: 7 | AX6: 2 | AY6: 0 | AZ6: 0 | BA6: =+A7+D7+G7+J7+M7+P7+S7+V7+Y7+AB7+AE7+AH7+AK7+AN7+AQ7 -> 5498.422
A7: 107.961 | B7: DD60+0 | D7: 148.478 | E7: DD60+0 | G7: 408.832 | H7: DD45+3 | J7: 380 | K7: DA(-)1.5 | M7: 422 | N7: DA+6 | P7: 408.352 | Q7: DC1+0 | S7: 419.453 | T7: DA+9 | V7: 381 | W7: DA+9 | Y7: 417 | Z7: DA(-)3 | AB7: 417 | AC7: DA+6 | AE7: 417 | AF7: DA(-)3 | AH7: 388.003 | AI7: DA+6 | AK7: 452.343 | AL7: DB1+0 | AN7: 401 | AO7: DA(-)3 | AQ7: 330
B8: 1/0 | E8: 2/0 | H8: 3/0 | K8: 3/1 | N8: 3/2 | Q8: 4/0 | T8: 4/1 | W8: 4/2 | Z8: 4/3 | AC8: 4/4 | AF8: 4/5 | AI8: 4/6 | AL8: 5/0 | AO8: 5/1
B9: MP | E9: MP | H9: MP | K9: MP | N9: MP | Q9: MP | T9: MP | W9: MP | Z9: MP | AC9: MP | AF9: MP | AI9: MP | AL9: MP | AO9: MP
AV14: 14 | AW14: 11 | AX14: 14 | AY14: 4 | AZ14: 0 | BA14: =+A15+D15+G15+J15+M15+P15+S15+V15+Y15+AB15+AE15+AH15+AK15+AN15+AQ15 -> 5348
B15: DA+0 | D15: 413 | E15: DA+3 | G15: 422 | H15: DA+1.5 | J15: 396 | K15: DA+0 | M15: 385 | N15: DA+0 | P15: 338 | Q15: DA(-)3 | S15: 324 | T15: DC2+0 | V15: 380 | W15: DA(-)1.5 | Y15: 374 | Z15: DA+1.5 | AB15: 415 | AC15: DA+1.5 | AE15: 386 | AF15: DC2+0 | AH15: 352 | AI15: DA+0 | AK15: 392 | AL15: DA+0 | AN15: 381 | AO15: DA+0 | AQ15: 390
B16: 5/2 | E16: 5/3 | H16: 5/4 | K16: 5/5 | N16: 5/6 | Q16: 5/7 | T16: 6/0 | W16: 6/1 | Z16: 6/2 | AC16: 6/3 | AF16: 7/0 | AI16: 7/1 | AL16: 7/2 | AO16: 7/3
B17: MP | E17: MP | I17: MP | L17: MP | O17: MP | R17: MP | U17: MP | X17: MP | Z17: MP | AC17: MP | AG17: MP | AI17: MP | AM17: MP | AO17: MP
AV22: 14 | AW22: 14 | AX22: 14 | AY22: 0 | AZ22: 0 | BA22: =+A23+D23+G23+J23+M23+P23+S23+V23+Y23+AB23+AE23+AH23+AK23+AN23+AQ23 -> 5480
B23: DA+0 | D23: 391 | E23: DB1+0 | G23: 331 | H23: DA+0 | J23: 404 | K23: DA+3 | M23: 410 | N23: DA+3 | P23: 398 | Q23: DA+3 | S23: 432 | T23: DA+0 | V23: 356 | W23: DA+0 | Y23: 408 | Z23: DA+0 | AB23: 415 | AC23: DA+3 | AE23: 371 | AF23: DA(-)3 | AH23: 364 | AI23: DA+0 | AK23: 415 | AL23: DB2+0 | AN23: 389 | AO23: DA+3 | AQ23: 396
B24: 7/4 | E24: 8/0 | H24: 8/1 | K24: 8/2 | N24: 8/3 | Q24: 8/4 | T24: 8/5 | W24: 8/6 | Z24: 8/7 | AC24: 8/8 | AF24: 8/9 | AI24: 8/10 | AL24: 9/0 | AO24: 9/1
B25: MP | F25: MP | H25: MP | K25: MP | N25: MP | R25: MP | T25: MP | W25: MP | Z25: MP | AD25: MP | AG25: MP | AJ25: MP | AM25: MP | AO25: MP
T26: Stub Requerd
V27: 400KV D/C
W29: E. RC
AV30: 13 | AW30: 13 | AX30: 13 | AY30: 0 | AZ30: 0 | BA30: =+A31+D31+G31+J31+M31+P31+S31+V31+Y31+AB31+AE31+AH31+AK31+AN31+AQ31 -> 5326
B31: DA+0 | D31: 439 | E31: DA+6 | G31: 381 | H31: DB1+0 | J31: 386 | K31: DA+0 | M31: 356 | N31: DA(-)3 | P31: 365 | Q31: DA+3 | S31: 475 | T31: DD60+25 | V31: 196 | W31: DD60+25 | Y31: 477 | Z31: DA+3 | AB31: 363 | AC31: DA(-)3 | AE31: 328 | AF31: DA(-)3 | AH31: 376 | AI31: DA+0 | AK31: 393 | AL31: DA+1.5 | AN31: 397 | AO31: DA+0 | AQ31: 394
B32: 9/2 | E32: 9/3 | H32: 10/0 | K32: 10/1 | N32: 10/2 | Q32: 10/3 | T32: 11/0 | W32: 12/0 | Z32: 12/1 | AC32: 12/2 | AF32: 12/3 | AI32: 12/4 | AL32: 12/5 | AO32: 12/6
B33: MP | F33: MP | I33: MP | L33: MP | O33: MP | R33: MP | U33: MP | X33: MP | AA33: MP | AD33: MP | AG33: MP | AJ33: MP | AM33: MP | AO33: MP
AV38: 14 | AW38: 12 | AX38: 13 | AY38: 0 | AZ38: 0 | BA38: =+A39+D39+G39+J39+M39+P39+S39+V39+Y39+AB39+AE39+AH39+AK39+AN39+AQ39 -> 5154
B39: DA+0 | D39: 373 | E39: DB2+0 | G39: 357 | H39: DA(-)1.5 | J39: 374 | K39: DA+0 | M39: 380 | N39: DA+0 | P39: 344 | Q39: DA(-)3 | S39: 330 | T39: DA+0 | V39: 367 | W39: DC1+0 | Y39: 385 | Z39: DA+0 | AB39: 355 | AC39: DA+0 | AE39: 357 | AF39: DA(-)3 | AH39: 393 | AI39: DA+3 | AK39: 383 | AL39: DA+0 | AN39: 388 | AO39: DB2+0 | AQ39: 368
B40: 12/7 | E40: 13/0 | H40: 13/1 | K40: 13/2 | N40: 13/3 | Q40: 13/4 | T40: 13/5 | W40: 14/0 | Z40: 14/1 | AC40: 14/2 | AF40: 14/3 | AI40: 14/4 | AL40: 14/5 | AO40: 15/0
C41: MP | F41: MP | I41: MP | L41: MP | N41: MP | R41: MP | U41: MP | X41: MP | AA41: MP | AD41: MP | AG41: MP | AJ41: MP | AL41: MP | AO41: MP
Q45: RC
AV46: 13 | AW46: 13 | AX46: 13 | BA46: =+A47+D47+G47+J47+M47+P47+S47+V47+Y47+AB47+AE47+AH47+AK47+AN47+AQ47 -> 5549
B47: DA+0 | D47: 412 | E47: DA+3 | G47: 416 | H47: DA+0 | J47: 407 | K47: DA+6 | M47: 425 | N47: DA(-)3 | P47: 386 | Q47: DA+0 | S47: 359 | T47: DA+0 | V47: 368 | W47: DA+0 | Y47: 390 | Z47: DA+3 | AB47: 410 | AC47: DB1+0 | AE47: 380 | AF47: DA+0 | AH47: 367 | AI47: DA+0 | AK47: 433 | AL47: DA+9 | AN47: 400 | AO47: DA+0 | AQ47: 396
B48: 15/1 | E48: 15/2 | H48: 15/3 | K48: 15/4 | N48: 15/5 | Q48: 15/6 | T48: 15/7 | W48: 15/8 | Z48: 15/9 | AC48: 16/0 | AF48: 16/1 | AI48: 16/2 | AL48: 16/3 | AO48: 16/4
B49: MP | F49: MP | I49: MP | L49: MP | O49: MP | R49: MP | U49: MP | X49: MP | AA49: MP | AC49: MP | AF49: MP | AI49: MP | AL49: MP | AP49: MP
W50: NH Crossing
AF53: RC | AI53: RC
AV54: 12 | AW54: 12 | AX54: 12 | BA54: =+A55+D55+G55+J55+M55+P55+S55+V55+Y55+AB55+AE55+AH55+AK55+AN55+AQ55 -> 5373
B55: DA+6 | D55: 420 | E55: DA(-)3 | G55: 354 | H55: DA+0 | J55: 348 | K55: DA(-)3 | M55: 319 | N55: DA+0 | P55: 379 | Q55: DA+6 | S55: 428 | T55: DA+0 | V55: 397 | W55: DB2+3 | Y55: 247 | Z55: DD45+0 | AB55: 423 | AC55: DA+6 | AE55: 395 | AF55: DD45+9 | AH55: 499 | AI55: DD60+6 | AK55: 377 | AL55: DA(-)3 | AN55: 443 | AO55: DA(-)3 | AQ55: 344
B56: 16/5 | E56: 16/6 | H56: 16/7 | K56: 16/8 | N56: 16/9 | Q56: 16/10 | T56: 16/11 | W56: 17/0 | Z56: 18/0 | AC56: 18/1 | AF56: 19/0 | AI56: 20/0 | AL56: 20/1 | AO56: 20/2
C57: MP | F57: MP | I57: MP | L57: MP | N57: MP | R57: MP | U57: MP | X57: MP | AA57: MP | AC57: MP | AG57: MP | AJ57: MP | AL57: MP | AO57: MP
Q61: RC | AC61: RC
AV62: 12 | AW62: 8 | AX62: 7 | AY62: 0 | AZ62: 0 | BA62: =+A63+D63+G63+J63+M63+P63+S63+V63+Y63+AB63+AE63+AH63+AK63+AN63+AQ63 -> 5451
B63: DC2+0 | D63: 390 | E63: DA(-)3 | G63: 352 | H63: DA+0 | J63: 426 | K63: DA+0 | M63: 394 | N63: DA+3 | P63: 408 | Q63: DD45+0 | S63: 373 | T63: DA+6 | V63: 408 | W63: DD45+3 | Y63: 379 | Z63: DA+3 | AB63: 406 | AC63: DC2+3 | AE63: 385 | AF63: DA+0 | AH63: 400 | AI63: DA+0 | AK63: 439 | AL63: DA+6 | AN63: 400 | AO63: DA(-)3 | AQ63: 291
B64: 21/0 | E64: 21/1 | H64: 21/2 | K64: 21/3 | N64: 21/4 | Q64: 22/0 | T64: 22/1 | W64: 23/0 | Z64: 23/1 | AC64: 24/0 | AF64: 24/1 | AI64: 24/2 | AL64: 24/3 | AO64: 24/4
B65: MP | E65: MP | H65: MP | L65: MP | O65: MP | R65: MP | U65: MP | W65: MP | Z65: MP | AC65: MP | AG65: MP | AI65: MP | AL65: MP | AP65: MP
W66: Stub Requerd
Y67: 220KV D/C
AV70: 14 | AW70: 14 | AX70: 12 | AY70: 0 | AZ70: 0 | BA70: =+A71+D71+G71+J71+M71+P71+S71+V71+Y71+AB71+AE71+AH71+AK71+AN71+AQ71 -> 5597
B71: DA(-)3 | D71: 390 | E71: DA+3 | G71: 403 | H71: DA+0 | J71: 422 | K71: DA+6 | M71: 389 | N71: DA(-)1.5 | P71: 436 | Q71: DA+1.5 | S71: 380 | T71: DA+0 | V71: 445 | W71: DC2+18 | Y71: 220 | Z71: DC2+12 | AB71: 435 | AC71: DA+1.5 | AE71: 405 | AF71: DA+6 | AH71: 434 | AI71: DA+6 | AK71: 380 | AL71: DA(-)3 | AN71: 379 | AO71: DB2+9 | AQ71: 479
B72: 24/5 | E72: 24/6 | H72: 24/7 | K72: 24/8 | N72: 24/9 | Q72: 24/10 | T72: 24/11 | W72: 25/0 | Z72: 26/0 | AC72: 26/1 | AF72: 26/2 | AI72: 26/3 | AL72: 26/4 | AO72: 27/0
B73: MP | F73: MP | I73: MP | L73: MP | O73: MP | R73: MP | U73: MP | X73: MP | AA73: MP | AD73: MP | AG73: MP | AJ73: MP | AM73: MP | AO73: MP
A74: Approch Issue | AI74: Railway crossing
S75: 220 KV DC
AV78: 14 | AW78: 14 | AX78: 14 | AY78: 0 | AZ78: 0 | BA78: =+A79+D79+G79+J79+M79+P79+S79+V79+Y79+AB79+AE79+AH79+AK79+AN79+AQ79 -> 5226
B79: DB1+9 | D79: 464 | E79: DA+0 | G79: 376 | H79: DA+1.5 | J79: 380 | K79: DA(-)3 | M79: 352 | N79: DA(-)1.5 | P79: 361 | Q79: DD45+6 | S79: 252 | T79: DD45+18 | V79: 394 | W79: DA+1.5 | Y79: 389 | Z79: DA+1.5 | AB79: 399 | AC79: DC1+0 | AE79: 392 | AF79: DA+1.5 | AH79: 363 | AI79: DA+0 | AK79: 379 | AL79: DD60+0 | AN79: 226 | AO79: DD60+9 | AQ79: 499
B80: 27/1 | E80: 27/2 | H80: 27/3 | K80: 27/4 | N80: 27/5 | Q80: 28/0 | T80: 29/0 | W80: 29/1 | Z80: 29/2 | AC80: 30/0 | AF80: 30/1 | AI80: 30/2 | AL80: 31/0 | AO80: 32/0
B81: MP | F81: MP | I81: MP | L81: MP | O81: MP | R81: MP | U81: MP | X81: MP | Z81: MP | AD81: MP | AG81: MP | AJ81: MP | AM81: MP | AP81: MP
A82: Railway crossing | AL82: NH Crossing
Y83: 132KV D/C
AV86: 14 | AW86: 13 | AX86: 13 | AY86: 0 | BA86: =+A87+D87+G87+J87+M87+P87+S87+V87+Y87+AB87+AE87+AH87+AK87+AN87+AQ87 -> 5119
B87: DB1+9 | D87: 446 | E87: DA+1.5 | G87: 394 | H87: DA+1.5 | J87: 391 | K87: DA+0 | M87: 409 | N87: DA+1.5 | P87: 379 | Q87: DA+0 | S87: 364 | T87: DA(-)1.5 | V87: 447 | W87: DD45+9 | Y87: 257 | Z87: DC1+3 | AB87: 232 | AC87: DA+3 | AE87: 365 | AF87: DA(-)3 | AH87: 379 | AI87: DA+6 | AK87: 440 | AL87: DB2+3 | AN87: 221 | AO87: DC2+0 | AQ87: 395
B88: 32/1 | E88: 32/2 | H88: 32/3 | K88: 32/4 | N88: 32/5 | Q88: 32/6 | T88: 32/7 | W88: 33/0 | Z88: 34/0 | AC88: 34/1 | AF88: 34/2 | AI88: 34/3 | AL88: 35/0 | AO88: 36/0
B89: MP | E89: MP | I89: MP | L89: MP | O89: MP | R89: MP | U89: MP | X89: MP | AA89: MP | AD89: MP | AG89: MP | AJ89: MP | AM89: MP | AP89: MP
AB91: 220KV
AV94: 14 | AW94: 12 | AX94: 14 | AY94: 0 | BA94: =+A95+D95+G95+J95+M95+P95+S95+V95+Y95+AB95+AE95+AH95+AK95+AN95+AQ95 -> 5433
B95: DA+0 | D95: 356 | E95: DA+0 | G95: 404 | H95: DA+0 | J95: 380 | K95: DA+3 | M95: 460 | N95: DA+6 | P95: 380 | Q95: DA(-)1.5 | S95: 413 | T95: DA+3 | V95: 413 | W95: DA+0 | Y95: 427 | Z95: DD45+12 | AB95: 220 | AC95: DD45+9 | AE95: 430 | AF95: DA(-)3 | AH95: 344 | AI95: DA+0 | AK95: 373 | AL95: DA(-)3 | AN95: 389 | AO95: DA+3 | AQ95: 444
B96: 36/1 | E96: 36/2 | H96: 36/3 | K96: 36/4 | N96: 36/5 | Q96: 36/6 | T96: 36/7 | W96: 36/8 | Z96: 37/0 | AC96: 38/0 | AF96: 38/1 | AI96: 38/2 | AL96: 38/3 | AO96: 38/4
B97: MP | F97: MP | I97: MP | L97: MP | O97: MP | R97: MP | U97: MP | X97: MP | AA97: MP | AD97: MP | AG97: MP | AJ97: MP | AM97: MP | AP97: MP
B101: RC
AV102: 13 | AW102: 13 | AX102: 9 | AY102: 0 | BA102: =+A103+D103+G103+J103+M103+P103+S103+V103+Y103+AB103+AE103+AH103+AK103+AN103+AQ103 -> 5408
B103: DA+6 | D103: 308 | E103: DA(-)3 | G103: 345 | H103: DA+0 | J103: 425 | K103: DA+6 | M103: 412 | N103: DC1+0 | P103: 399 | Q103: DA+3 | S103: 420 | T103: DA+0 | V103: 367 | W103: DA+0 | Y103: 354 | Z103: DA+0 | AB103: 399 | AC103: DA+0 | AE103: 375 | AF103: DC2+0 | AH103: 380 | AI103: DA+0 | AK103: 405 | AL103: DA+3 | AN103: 420 | AO103: DA+3 | AQ103: 399
B104: 38/5 | E104: 38/6 | H104: 38/7 | K104: 38/8 | N104: 39/0 | Q104: 39/1 | T104: 39/2 | W104: 39/3 | Z104: 39/4 | AC104: 39/5 | AF104: 39/6 | AI104: 39/7 | AL104: 39/8 | AO104: 39/9
B105: MP | E105: MP | H105: MP | K105: MP | N105: MP | R105: RAJ | U105: RAJ | X105: RAJ | AA105: RAJ | AD105: RAJ | AG105: RAJ | AJ105: RAJ | AM105: RAJ | AP105: RAJ
AL109: ROW
AV110: 13 | AW110: 10 | AX110: 5 | AY110: 0 | BA110: =+A111+D111+G111+J111+M111+P111+S111+V111+Y111+AB111+AE111+AH111+AK111+AN111+AQ111 -> 5539
B111: DA+0 | D111: 380 | E111: DA+3 | G111: 415 | H111: DC1+0 | J111: 400 | K111: DA+3 | M111: 392 | N111: DA+0 | P111: 387 | Q111: DA+0 | S111: 346 | T111: DD45+0 | V111: 400 | W111: DA+6 | Y111: 418 | Z111: DA(-)1.5 | AB111: 351 | AC111: DA+1.5 | AE111: 429 | AF111: DA+3 | AH111: 411 | AI111: DA+0 | AK111: 381 | AL111: DA+6 | AN111: 459 | AO111: DA+6 | AQ111: 370
B112: 39/10 | E112: 39/11 | H112: 40/0 | K112: 40/1 | N112: 40/2 | Q112: 40/3 | T112: 41/0 | W112: 41/1 | Z112: 41/2 | AC112: 41/3 | AF112: 41/4 | AI112: 41/5 | AL112: 41/6 | AO112: 41/7
B113: RAJ | E113: RAJ | H113: RAJ | K113: RAJ | N113: RAJ | Q113: RAJ | T113: RAJ | W113: RAJ | Z113: RAJ | AC113: RAJ | AG113: RAJ | AJ113: RAJ | AM113: RAJ | AP113: RAJ
E114: ROW Route Daivarsion
E117: ROW | AO117: RC
AV118: 9 | AW118: 8 | AX118: 5 | AY118: 0 | BA118: =+A119+D119+G119+J119+M119+P119+S119+V119+Y119+AB119+AE119+AH119+AK119+AN119+AQ119 -> 5550.31
B119: DA+3 | D119: 425 | E119: DC1+3 | G119: 256 | H119: DC1+6 | J119: 443 | K119: DB2+6 | M119: 451 | N119: DB1+3 | P119: 420 | Q119: DA+3 | S119: 418 | T119: DA+0 | V119: 349 | W119: DC1+0 | Y119: 407 | Z119: DA-(3) | AB119: 323 | AC119: DA+0 | AE119: 419 | AF119: DA+0 | AH119: 402 | AI119: DA+1.5 | AK119: 402.31 | AL119: DC2+0 | AN119: 416 | AO119: DA+1.5 | AQ119: 419
B120: 41/8 | E120: 42/0 | H120: 43/0 | K120: 44/0 | N120: 44/1 | Q120: 44/2 | T120: 44/3 | W120: 45/0 | Z120: 45/1 | AC120: 45/2 | AF120: 45/3 | AI120: 45/4 | AL120: 45A/0 | AO120: 45A/1
B121: RAJ | E121: RAJ | H121: RAJ | K121: RAJ | N121: RAJ | Q121: RAJ | T121: RAJ | W121: RAJ | Z121: RAJ | AC121: RAJ | AF121: RAJ | AJ121: RAJ | AM121: RAJ | AP121: RAJ
E125: RC
AV126: 11 | AW126: 10 | AX126: 7 | AY126: 0 | BA126: =+A127+D127+G127+J127+M127+P127+S127+V127+Y127+AB127+AE127+AH127+AK127+AN127+AQ127 -> 5528.79
B127: DD45+0 | D127: 377 | E127: DA+1.5 | G127: 440 | H127: DA+3 | J127: 400.28 | K127: DC1+0 | M127: 386 | N127: DA+3 | P127: 420 | Q127: DA(-)3 | S127: 337 | T127: DA(-)3 | V127: 336.51 | W127: DC1+3 | Y127: 412 | Z127: DA+0 | AB127: 408 | AC127: DA+6 | AE127: 413 | AF127: DA+0 | AH127: 410 | AI127: DA+3 | AK127: 406 | AL127: DA+3 | AN127: 411 | AO127: DA+3 | AQ127: 372
B128: 46/0 | E128: 46/1 | H128: 46/2 | K128: 46A/0 | N128: 46A/1 | Q128: 46A/2 | T128: 46A/3 | W128: 47/0 | Z128: 47/1 | AC128: 47/2 | AF128: 47/3 | AI128: 47/4 | AL128: 47/5 | AO128: 47/6
B129: RAJ | F129: RAJ | I129: RAJ | L129: RAJ | O129: RAJ | R129: RAJ | U129: RAJ | X129: RAJ | AA129: RAJ | AD129: RAJ | AG129: RAJ | AJ129: RAJ | AL129: RAJ | AO129: RAJ
AL133: RC
AV134: 13 | AW134: 13 | AX134: 8 | AY134: 0 | BA134: =+A135+D135+G135+J135+M135+P135+S135+V135+Y135+AB135+AE135+AH135+AK135+AN135+AQ135 -> 5453
B135: DA+0 | D135: 386 | E135: DA+0 | G135: 370 | H135: DA+0 | J135: 382 | K135: DA+3 | M135: 384 | N135: DA+6 | P135: 382 | Q135: DB1+0 | S135: 357 | T135: DA+0 | V135: 351 | W135: DA(-)1.5 | Y135: 413 | Z135: DA+3 | AB135: 423 | AC135: DA(-)1.5 | AE135: 390 | AF135: DA+0 | AH135: 406 | AI135: DA+3 | AK135: 390 | AL135: DA(-)1.5 | AN135: 393 | AO135: DA+0 | AQ135: 426
B136: 47/7 | E136: 47/8 | H136: 47/9 | K136: 47/10 | N136: 47/11 | Q136: 48/0 | T136: 48/1 | W136: 48/2 | Z136: 48/3 | AC136: 48/4 | AF136: 48/5 | AI136: 48/6 | AL136: 48/7 | AO136: 48/8
B137: RAJ | E137: RAJ | H137: RAJ | K137: RAJ | O137: MP | R137: MP | U137: MP | X137: MP | AA137: MP | AD137: MP | AG137: MP | AJ137: MP | AM137: MP | AP137: MP
Z138: Power Line Crossing
AV142: 13 | AW142: 11 | AX142: 9 | AY142: 0 | BA142: =+A143+D143+G143+J143+M143+P143+S143+V143+Y143+AB143+AE143+AH143+AK143+AN143+AQ143 -> 5377
B143: DA+3 | D143: 407 | E143: DB1+0 | G143: 404 | H143: DA+6 | J143: 418 | K143: DA+0 | M143: 413 | N143: DA+3 | P143: 410 | Q143: DA+0 | S143: 426 | T143: DA+0 | V143: 397 | W143: DA+6 | Y143: 404 | Z143: DC2+18 | AB143: 224 | AC143: DD45+9 | AE143: 422 | AF143: DA+0 | AH143: 343 | AI143: DA(-)3 | AK143: 360 | AL143: DA(-)3 | AN143: 340 | AO143: DC2+0 | AQ143: 409
B144: 48/9 | E144: 49/0 | H144: 49/1 | K144: 49/2 | N144: 49/3 | Q144: 49/4 | T144: 49/5 | W144: 49/6 | Z144: 50/0 | AC144: 51/0 | AF144: 51/1 | AI144: 51/2 | AL144: 51/3 | AO144: 52/0
B145: MP | F145: MP | I145: MP | L145: MP | O145: MP | R145: MP | U145: MP | X145: MP | AA145: MP | AD145: MP | AG145: MP | AJ145: MP | AM145: MP | AP145: MP
H146: Gas Pipe Line BPCL | Q146: Power Line Crossing | AO146: Route Finalization pending on account of daiversion due to solar plant
AC149: RC | AF149: RC | AL149: RC | AO149: RC
AV150: 9 | AW150: 6 | AX150: 5 | AY150: 0 | BA150: =+A151+D151+G151+J151+M151+P151+S151+V151+Y151+AB151+AE151+AH151+AK151+AN151+AQ151 -> 4749.269
...

Sheet DPR
B1: Project Code - | C1: TA-509 | D1: Date | E1: =TODAY()-1 -> 46195 | G1: Head - T&D | H1: Rajinder Gupta | J1: Head T&D-Central | K1: Nabajit Baruah | Q1: Shortcut for previous of Full description
B2: Client Name- | C2: PGCIL | G2: Project Manager | H2: Prithviraj Dutta Choudhury | L2: Planning Engineer | M2: Shuvayu Das | Q2: Link for go through
B3: Project Name- | C3: 765KV D/C Mandsaur-Kurawar TL line | G3: Effective Date | H3: 26/11/24 | J3: End Date | K3: 25/10/26 | L3: LOA Value | M3: Rs 474. Cr | Q3: X-ing Status'!A1
A4: Sr. No. | B4: Activity | C4: As per L2 (till May'26) | D4: Cumm. Progress up to last Month | E4: Opening Balance (L2) | F4: Plan for this Month | G4: Today Progress | H4: MTD (Loc) | I4: WIP (Loc) | J4: Cumulative Progress | K4: Balance | L4: Gangs at present | M4: Remarks | N4: Support Required | O4: % Completion | Q4: L2 Schedule'!A1
A5: 1 | B5: Check Survey (Kms) | C5: 118.397 | D5: 118.397 | E5: =C5-D5 -> 0 | F5: =E5 -> 0 | J5: =D5+H5 -> 118.397 | K5: =C5-J5 -> 0 | L5: - | O5: =(J5/C5) -> 1 | Q5: Hindrance Register (Row)'!A1
A6: 2 | B6: Foundation (Nos.) | C6: 306 | D6: =SUMMARY!G7 -> 268 | E6: =C6-D6 -> 38 | F6: 13 | H6: =SUMMARY!K7 -> 5 | I6: 3 | J6: =D6+H6 -> 273 | K6: =C6-J6 -> 33 | L6: =SUMMARY!P7 -> 2 | M6: WIP- 59/1, 60/0 Today Completed - | N6: ROW- 61/1, 41/6, 61/0, 65/6 | O6: =(J6/C6) -> 0.89215686 | Q6: Survey!A1
A7: 3 | B7: Earthing (Nos.) | C7: 306 | D7: =SUMMARY!G8 -> 247 | E7: =C7-D7 -> 59 | F7: 20 | H7: =SUMMARY!K8 -> 2 | I7: 0 | J7: =D7+H7 -> 249 | K7: =C7-J7 -> 57 | M7: WIP- Today Completed - | O7: =(J7/C7) -> 0.81372549 | Q7: Foundation!A1
A8: 4 | B8: Tower Erection (Nos) | C8: 290 | D8: =SUMMARY!G9 -> 208 | E8: =C8-D8 -> 82 | F8: 30 | H8: =SUMMARY!K9 -> 10 | I8: 5 | J8: =D8+H8 -> 218 | K8: =C8-J8 -> 72 | L8: =SUMMARY!P9 -> 3 | M8: WIP- 2/0, 41/4, 39/6 Today Completed - 3/0 | O8: =(J8/C8) -> 0.75172414 | Q8: Earthing!A1
A9: 5 | B9: Final Checking | C9: 96 | D9: 1 | E9: =C9-D9 -> 95 | F9: 48 | H9: 41 | I9: 45 | J9: =D9+H9 -> 42 | K9: =C9-J9 -> 54 | L9: 5 | M9: WIP- 10/2, 10/3, 11/0, 12/1, 5/0, 5/2, 5/6, 5/7 Today Completed - 8/6,8/7 | O9: =(J9/C9) -> 0.4375
A10: 6 | B10: Tack Welding | C10: 96 | D10: 2 | E10: =C10-D10 -> 94 | F10: 48 | H10: =17+1+2 -> 20 | I10: 2 | J10: =D10+H10 -> 22 | K10: =C10-J10 -> 74 | L10: 2 | M10: WIP- 9/2, 9/3 Today Completed - 8/2, 8/3, 8/5, 8/6, 8/7
A11: 7 | B11: Paying Out (Kms) | C11: 40 | E11: =C11-D11 -> 40 | F11: 12.364 | H11: =1.555+1.906 -> 3.461 | J11: =D11+H11 -> 3.461 | K11: =+E11-H11 -> 36.539 | L11: 1 | M11: WIP- 7/0 to 8/0 Today Completed - (Top left side Pilot wire paying out complete) | O11: =(J11/C11) -> 0.086525 | Q11: Tackwelding!A1
A12: 8 | B12: Rough Sag (Kms) | C12: 40 | E12: =C12-D12 -> 40 | F12: 12.364 | H12: 1.555 | I12: 1.906 | J12: =D12+H12 -> 1.555 | K12: =+E12-H12 -> 38.445 | L12: 1 | M12: WIP- 7/0 to 8/0 Middle left side Conductor paying out u/p Today Completed - Pilot wire paying out complete)
A13: 9 | B13: Final Sag (Kms) | C13: =C11 -> 40 | E13: =C13-D13 -> 40 | F13: 12.364 | J13: =D13+H13 -> 0 | K13: =+E13-H13 -> 40 | M13: WIP- Today Completed - | O13: =(J13/C13) -> 0 | Q13: Stringing!A1
A14: 10 | B14: OPGW (Kms) | C14: =C13 -> 40 | E14: =C14-D14 -> 40 | J14: =D14+H14 -> 0 | K14: =+E14-H14 -> 40 | M14: WIP- Today Completed - | O14: =(J14/C14) -> 0 | Q14: Stringing associated works'!A1
Q15: OPGW!A1
A16: Workfront Status | Q16: Visual chart'!A1
Q17: Page Chart'!A1
A18: A. Foundation | Q18: Benching F'!A1
A19: Balance on 1st of this month | B19: Progress MTD | C19: WIP | D19: Clear/Yet to attempt | E19: ROW | F19: Remarks
A20: =E6 -> 38 | B20: =H6 -> 5 | C20: =I6 -> 3 | E20: =A20-B20-C20-D20 -> 30
A22: B. Erection
A23: Balance on 1st of this month | B23: Progress MTD | C23: WIP | D23: Clear/Yet to attempt | E23: ROW | F23: Linked With Fnd | G23: Remarks
A24: =E8 -> 82 | B24: =H8 -> 10 | C24: =I8 -> 5 | E24: ='[3]Page Chart'!X4 -> 5 | F24: =E20 -> 30
A26: C. Stringing
A27: STR P/Out Bal. on starting of this month | B27: Progress MTD | C27: WIP | D27: Clear/Yet to attempt | E27: ROW | F27: Readiness awaited due to Erec. | G27: Readiness awaited due to Tower Inspection
A28: =E11 -> 40 | B28: =H11 -> 3.461 | C28: =I11 -> 0
A32: FDN (WIP) | B32: Pit A | C32: Pit B | D32: Pit C | E32: Pit D | F32: Gang name | G32: Gang man power | H32: Gang leader contact | I32: Start date | J32: Target Finish Date | K32: Remarks
A33: 3/0 | B33: Frustum & Step box 1, Step Box 2 completed | C33: Chimney completed | D33: Chimney completed | E33: Steel binding | F33: Musauddin Sk | G33: 15 | H33: 7863971676 | I33: 46149 | J33: 46333
A34: 47/9 | B34: Excavation | C34: Excavation | D34: Excavation | E34: Excavation | F34: Afflux Construction
A35: 51/0 | B35: Excavation | C35: Excavation | D35: Excavation | E35: Excavation | F35: Balaji Cons.
A37: Erection (WIP) | B37: MT | C37: Status | D37: Gange name | E37: Gang man power | F37: Gang leader contact | G37: Start date | H37: Target Finish Date | I37: Completed today (MT) | J37: Completed So far (MT) | K37: Remarks
A38: 21/2 | B38: 36.159756 | C38: Erection completed | D38: Jwala Singh | E38: 25 | K38: Next loc - 24/3
A39: 29/0 | B39: 125.8496 | C39: Cage 1 WIP | E39: 25 | J39: =67243.564/1000 -> 67.243564

Sheet FDN pivot
A4: Count of LOC No. | B4: Column Labels
A5: Row Labels | B5: COMPLETED | C5: COMPLETED | D5: No Progress (Water pipe line) | E5: ROW | F5: Excavation u/p | G5: Grand Total
A6: AP 47/11 - AP68 | B6: 26 | C6: 34 | D6: 1 | F6: 1 | G6: 62
A7: AP39/1 - 47/10 | B7: 22 | C7: 25 | E7: 1 | G7: 48
A8: Gantry - AP39/0 | B8: 117 | C8: 46 | F8: 1 | G8: 164
A9: Grand Total | B9: 165 | C9: 105 | D9: 1 | E9: 1 | F9: 2 | G9: 274

Sheet Erc pivot
A3: Count of LOC No. | B3: Column Labels
A4: Row Labels | B4: COMPLETED | C4: COMPLETED | D4: 1st section u/p | E4: Material shifting | F4: Grand Total
A5: AP 47/11 - AP68 | B5: 39 | E5: 1 | F5: 40
A6: AP39/1 - 47/10 | B6: 23 | D6: 1 | F6: 24
A7: Gantry - AP39/0 | B7: 144 | C7: 1 | D7: 1 | F7: 146
A8: Grand Total | B8: 206 | C8: 1 | D8: 2 | E8: 1 | F8: 210

Sheet SUMMARY
A1: Name of Line: 765 kV D/C Mandsaur - Kurawar (Part-1)Transmission Line(WZ-4)
A2: Agency: - M/s KEC INTERNATIONAL LIMITED
A3: NOA No.: CC/T/W-TW/DOM/A00/23/13147/NOA-1/24-114171/01 Dated 26/11/2024
N4: Date: | O4: =TODAY()-1 -> 46195 | Q4: =TODAY()-1 -> 46195
A5: Activity | D5: LOA Quantity | E5: Final Estimated Quantity | F5: Cum. L2 till Last Month | G5: Cum Progress till Last Month | H5: L2 for present Month | I5: Plan for the Month | J5: Progress for Today | K5: Progress for the Month | L5: Cum. L2 till date | M5: Cum. Progress till date | N5: Balance Work | O5: Under Progress | P5: Gangs at Present | Q5: Completed LOC. (Today) | R5: Remarks
A7: Foundation (Loc) | D7: 309 | E7: 309 | F7: 306 | G7: 268 | H7: 0 | I7: 13 | K7: =M7-G7 -> 5 | L7: =F7+H7 -> 306 | M7: ='Visual Chart'!AV3 -> 273 | N7: =E7-M7 -> 36 | O7: 59/1, 60/0 | P7: 2
A8: Earthing (Loc) | D8: 309 | E8: 309 | F8: 262 | G8: 247 | H8: 20 | I8: 20 | K8: =M8-G8 -> 2 | L8: =F8+H8 -> 282 | M8: ='Visual Chart'!AW3 -> 249 | N8: =D8-M8 -> 60
A9: Erection (Loc) | D9: 309 | E9: 309 | F9: 270 | G9: 208 | H9: 16 | I9: 30 | K9: =M9-G9 -> 10 | L9: =F9+H9 -> 286 | M9: ='Visual Chart'!AX3 -> 218 | N9: =E9-M9 -> 91 | O9: (3/0, 41/4, 39/6) | P9: 3
A10: Stringing (Km) | C10: Rough Sag | D10: 118.397 | E10: 119.178 | F10: 30 | H10: 0 | L10: =F10+H10 -> 30 | M10: =K10+G10 -> 0 | N10: =E10-M10 -> 119.178 | O10: =R10 -> Loc-7/0 to 8/0 Top Left & Right side Rough Sag Complete And Middle left side Conductor paying out u/p | P10: 1 | R10: Loc-7/0 to 8/0 Top Left & Right side Rough Sag Complete And Middle left side Conductor paying out u/p
C11: Final Sag | D11: =D10 -> 118.397 | E11: =E10 -> 119.178 | H11: 0 | L11: =L10 -> 30 | M11: =K11+G11 -> 0 | N11: =E11-M11 -> 119.178 | P11: 0
B13: S. No. | C13: Item | D13: Anticipated Qty | E13: UPTO July-25 L2 Schedule | F13: Completed | G13: Balance | H13: Remarks
B14: 1 | C14: Detailed Survey | D14: 119.178 | E14: 118.397 | F14: 119.178 | G14: =D14-F14 -> 0 | H14: Route alignment Approval Pending from PGCIL AP 41 and AP 45 (6.465 km) & (MPIDC - AP 21 and AP 24 - 3.843 km)
B15: 2 | C15: Check Survey | D15: 119.178 | E15: 118.397 | F15: =D15-3.854-6.465 -> 108.859 | G15: =D15-F15 -> 10.319

Sheet FOUNDATION
A1: FOUNDATION-STATUS | G1: =SUBTOTAL(9,G3:G299) -> 193.0399 | H1: =SUBTOTAL(9,H3:H273) -> 0
A2: SL NO. | B2: LOC No. | C2: District wise section | D2: TOWER-TYPE | E2: CLASSIFICATION | F2: WK | G2: Rev | H2: MT | I2: STATUS | J2: STARTING DATE | K2: ENDING DATE | L2: Work started month | M2: Completed month | N2: Sub-Contractor | O2: JMC | P2: EARTHING | Q2: TFR
A3: 1 | B3: 8/1 | C3: Gantry - AP39/0 | D3: DA+0 | E3: DFR | I3: COMPLETED | K3: 45658 | M3: Jan'25 | N3: JSC Enterprises | O3: DONE | P3: COMPLETED
A4: 2 | B4: 8/3 | C4: Gantry - AP39/0 | D4: DA+3 | E4: DFR | I4: COMPLETED | K4: 45658 | M4: Jan'25 | N4: JSC Enterprises | O4: DONE | P4: COMPLETED
A5: 3 | B5: 8/4 | C5: Gantry - AP39/0 | D5: DA+3 | E5: DFR | I5: COMPLETED | K5: 45658 | M5: Jan'25 | N5: JSC Enterprises | O5: DONE | P5: COMPLETED
A6: 4 | B6: 8/6 | C6: Gantry - AP39/0 | D6: DA+0 | E6: DFR | I6: COMPLETED | K6: 45658 | M6: Jan'25 | N6: Afflux Construction | O6: DONE | P6: COMPLETED
A7: 5 | B7: 16/4 | C7: Gantry - AP39/0 | D7: DA+0 | E7: DFR | I7: COMPLETED | K7: 45658 | M7: Jan'25 | N7: JSC Enterprises | O7: DONE
A8: 6 | B8: 8/5 | C8: Gantry - AP39/0 | D8: DA+0 | E8: DFR | I8: COMPLETED | K8: 45689 | M8: Feb'25 | N8: JSC Enterprises | O8: DONE | P8: COMPLETED
A9: 7 | B9: 8/7 | C9: Gantry - AP39/0 | D9: DA+0 | E9: WC | I9: COMPLETED | K9: 45689 | M9: Feb'25 | N9: Afflux Construction | O9: DONE | P9: COMPLETED
A10: 8 | B10: 8/8 | C10: Gantry - AP39/0 | D10: DA+3 | E10: WC | I10: COMPLETED | K10: 45689 | M10: Feb'25 | N10: Afflux Construction | O10: DONE | P10: COMPLETED
A11: 9 | B11: 8/2 | C11: Gantry - AP39/0 | D11: DA+3 | E11: DFR | I11: COMPLETED | K11: 45689 | M11: Feb'25 | N11: JSC Enterprises | O11: DONE | P11: COMPLETED
A12: 10 | B12: 16/1 | C12: Gantry - AP39/0 | D12: DA+0 | E12: DFR | I12: COMPLETED | K12: 45689 | M12: Feb'25 | N12: Surya Group | O12: DONE | P12: COMPLETED
A13: 11 | B13: 15/7 | C13: Gantry - AP39/0 | D13: DA+0 | E13: DFR | I13: COMPLETED | K13: 45689 | M13: Feb'25 | N13: Surya Group | O13: DONE | P13: COMPLETED
A14: 12 | B14: 7/3 | C14: Gantry - AP39/0 | D14: DA+0 | E14: DFR | I14: COMPLETED | K14: 45689 | M14: Feb'25 | N14: Afflux Construction | O14: DONE | P14: COMPLETED
A15: 13 | B15: 9/3 | C15: Gantry - AP39/0 | D15: DA+6 | E15: DFR | I15: COMPLETED | K15: 45689 | M15: Feb'25 | N15: JSC Enterprises | O15: DONE
A16: 14 | B16: 15/8 | C16: Gantry - AP39/0 | D16: DA+0 | E16: DFR | I16: COMPLETED | K16: 45689 | M16: Feb'25 | N16: Surya Group | O16: DONE | P16: COMPLETED
A17: 15 | B17: 13/1 | C17: Gantry - AP39/0 | D17: DA-1.5 | E17: DFR | I17: COMPLETED | K17: 45689 | M17: Feb'25 | N17: Urmila Bibi | O17: DONE | P17: COMPLETED
A18: 16 | B18: 15/2 | C18: Gantry - AP39/0 | D18: DA+3 | E18: DFR | I18: COMPLETED | K18: 45689 | M18: Feb'25 | N18: Shree Shyam Granite | O18: DONE | P18: COMPLETED
A19: 17 | B19: 15/9 | C19: Gantry - AP39/0 | D19: DA+3 | E19: DFR | I19: COMPLETED | K19: 45689 | M19: Feb'25 | N19: Surya Group | O19: DONE | P19: COMPLETED
A20: 18 | B20: 9/2 | C20: Gantry - AP39/0 | D20: DA+0 | E20: DFR | I20: COMPLETED | K20: 45689 | M20: Feb'25 | N20: JSC Enterprises | O20: DONE | P20: COMPLETED
A21: 19 | B21: 13/2 | C21: Gantry - AP39/0 | D21: DA+0 | E21: DFR | I21: COMPLETED | K21: 45689 | M21: Feb'25 | N21: Urmila Bibi | O21: DONE | P21: COMPLETED
A22: 20 | B22: 7/4 | C22: Gantry - AP39/0 | D22: DA+0 | E22: DFR | I22: COMPLETED | K22: 45717 | M22: Mar'25 | N22: Afflux Construction | O22: DONE | P22: COMPLETED
A23: 21 | B23: 15/4 | C23: Gantry - AP39/0 | D23: DA+6 | E23: DFR | I23: COMPLETED | K23: 45717 | M23: Mar'25 | N23: Shree Shyam Granite | O23: DONE | P23: COMPLETED
A24: 22 | B24: 16/2 | C24: Gantry - AP39/0 | D24: DA-3 | E24: WFR | I24: COMPLETED | K24: 45717 | M24: Mar'25 | N24: Surya Group | O24: DONE | P24: COMPLETED
A25: 23 | B25: 13/4 | C25: Gantry - AP39/0 | D25: DA-3 | E25: DFR | I25: COMPLETED | K25: 45717 | M25: Mar'25 | N25: Urmila Bibi | O25: DONE
A26: 24 | B26: 16/8 | C26: Gantry - AP39/0 | D26: DA-3 | E26: DFR | I26: COMPLETED | K26: 45717 | M26: Mar'25 | N26: Surya Group | O26: DONE | P26: COMPLETED
A27: 25 | B27: 7/2 | C27: Gantry - AP39/0 | D27: DA+0 | E27: DFR | I27: COMPLETED | K27: 45717 | M27: Mar'25 | N27: Afflux Construction | O27: DONE | P27: COMPLETED
A28: 26 | B28: 13/3 | C28: Gantry - AP39/0 | D28: DA+0 | E28: DFR | I28: COMPLETED | K28: 45717 | M28: Mar'25 | N28: Urmila Bibi | O28: DONE
A29: 27 | B29: 10/2 | C29: Gantry - AP39/0 | D29: DA(-)3 | E29: DFR | I29: COMPLETED | K29: 45717 | M29: Mar'25 | N29: JSC Enterprises | O29: DONE
A30: 28 | B30: 15/1 | C30: Gantry - AP39/0 | D30: DA+0 | E30: WFR | I30: COMPLETED | K30: 45717 | M30: Mar'25 | N30: Shree Shyam Granite | O30: DONE
A31: 29 | B31: 15/5 | C31: Gantry - AP39/0 | D31: DA(-)3 | E31: WFR | I31: COMPLETED | K31: 45717 | M31: Mar'25 | N31: Surya Group | O31: DONE | P31: COMPLETED
A32: 30 | B32: 13/5 | C32: Gantry - AP39/0 | D32: DA+0 | E32: DFR | I32: COMPLETED | K32: 45717 | M32: Mar'25 | N32: Urmila Bibi | O32: DONE
A33: 31 | B33: 10/1 | C33: Gantry - AP39/0 | D33: DA+0 | E33: DFR | I33: COMPLETED | K33: 45717 | M33: Mar'25 | N33: JSC Enterprises | O33: DONE
A34: 32 | B34: 16/3 | C34: Gantry - AP39/0 | D34: DA+9 | E34: WFR | I34: COMPLETED | K34: 45717 | M34: Mar'25 | N34: Surya Group | O34: DONE | P34: COMPLETED
A35: 33 | B35: 15/3 | C35: Gantry - AP39/0 | D35: DA+0 | E35: DFR | I35: COMPLETED | K35: 45717 | M35: Mar'25 | N35: Shree Shyam Granite | O35: DONE | P35: COMPLETED
A36: 34 | B36: 14/1 | C36: Gantry - AP39/0 | D36: DA+0 | E36: DFR | I36: COMPLETED | K36: 45717 | M36: Mar'25 | N36: Urmila Bibi | O36: DONE
A37: 35 | B37: 16/7 | C37: Gantry - AP39/0 | D37: DA+0 | E37: DFR | I37: COMPLETED | K37: 45717 | M37: Mar'25 | N37: Surya Group | O37: DONE | P37: COMPLETED
A38: 36 | B38: 12/2 | C38: Gantry - AP39/0 | D38: DA-3 | E38: DFR | I38: COMPLETED | K38: 45717 | M38: Mar'25 | N38: Afflux Construction | O38: DONE | P38: COMPLETED
A39: 37 | B39: 14/3 | C39: Gantry - AP39/0 | D39: DA(-)3 | E39: DFR | I39: COMPLETED | K39: 45717 | M39: Mar'25 | N39: Urmila Bibi | O39: DONE
A40: 38 | B40: 12/5 | C40: Gantry - AP39/0 | D40: DA+1.5 | E40: DFR | I40: COMPLETED | K40: 45717 | M40: Mar'25 | N40: Shree Shyam Granite | O40: DONE
A41: 39 | B41: 14/4 | C41: Gantry - AP39/0 | D41: DA+3 | E41: DFR | I41: COMPLETED | K41: 45717 | M41: Mar'25 | N41: Urmila Bibi | O41: DONE
A42: 40 | B42: 16/6 | C42: Gantry - AP39/0 | D42: DA-3 | E42: DFR | I42: COMPLETED | K42: 45717 | M42: Mar'25 | N42: Surya Group | O42: DONE | P42: COMPLETED
A43: 41 | B43: 12/1 | C43: Gantry - AP39/0 | D43: DA+3 | E43: DFR | I43: COMPLETED | K43: 45717 | M43: Mar'25 | N43: Afflux Construction | O43: DONE | P43: COMPLETED
A44: 42 | B44: 12/6 | C44: Gantry - AP39/0 | D44: DA+0 | E44: DFR | I44: COMPLETED | K44: 45717 | M44: Mar'25 | N44: Shree Shyam Granite | O44: DONE
A45: 43 | B45: 14/2 | C45: Gantry - AP39/0 | D45: DA+0 | E45: DFR | I45: COMPLETED | K45: 45717 | M45: Mar'25 | N45: Urmila Bibi | O45: DONE
A46: 44 | B46: 16/9 | C46: Gantry - AP39/0 | D46: DA+0 | E46: DFR | I46: COMPLETED | K46: 45717 | M46: Mar'25 | N46: Surya Group | O46: DONE | P46: COMPLETED
A47: 45 | B47: 16/5 | C47: Gantry - AP39/0 | D47: DA+6 | E47: DFR | I47: COMPLETED | K47: 45717 | M47: Mar'25 | N47: Surya Group | O47: DONE | P47: COMPLETED
A48: 46 | B48: 12/3 | C48: Gantry - AP39/0 | D48: DA(-)3 | E48: DFR | I48: COMPLETED | K48: 45717 | M48: Mar'25 | N48: Afflux Construction | O48: DONE | P48: COMPLETED
A49: 47 | B49: 12/4 | C49: Gantry - AP39/0 | D49: DA+0 | E49: DFR | I49: COMPLETED | K49: 45717 | M49: Mar'25 | N49: Shree Shyam Granite | O49: DONE
A50: 48 | B50: 16/11 | C50: Gantry - AP39/0 | D50: DA+0 | E50: DFR | I50: COMPLETED | K50: 45717 | M50: Mar'25 | N50: Surya Group | O50: DONE | P50: COMPLETED
A51: 49 | B51: 16/10 | C51: Gantry - AP39/0 | D51: DA+6 | E51: WFR | I51: COMPLETED | K51: 45717 | M51: Mar'25 | N51: Surya Group | O51: DONE | P51: COMPLETED
A52: 50 | B52: 24/3 | C52: Gantry - AP39/0 | D52: DA+6 | E52: DFR | I52: COMPLETED | K52: 45717 | M52: Mar'25 | N52: Surya Group | O52: DONE | P52: COMPLETED
A53: 51 | B53: 24/1 | C53: Gantry - AP39/0 | D53: DA+0 | E53: DFR | I53: COMPLETED | K53: 45717 | M53: Mar'25 | N53: Surya Group | O53: DONE | P53: COMPLETED
A54: 52 | B54: 39/4 | C54: AP39/1 - 47/10 | D54: DA+0 | E54: DFR | I54: COMPLETED | K54: 45717 | M54: Mar'25 | N54: Shree Shyam Granite | O54: DONE | P54: COMPLETED
A55: 53 | B55: 39/7 | C55: AP39/1 - 47/10 | D55: DA+0 | E55: DFR | I55: COMPLETED | K55: 45748 | M55: Apr'25 | N55: Afflux Construction | O55: DONE | P55: COMPLETED
A56: 54 | B56: 24/6 | C56: Gantry - AP39/0 | D56: DA+3 | E56: DFR | I56: COMPLETED | K56: 45748 | M56: Apr'25 | N56: Surya Group | O56: DONE | P56: COMPLETED
A57: 55 | B57: 24/2 | C57: Gantry - AP39/0 | D57: DA+0 | E57: DFR | I57: COMPLETED | K57: 45748 | M57: Apr'25 | N57: Surya Group | O57: DONE | P57: COMPLETED
A58: 56 | B58: 39/2 | C58: AP39/1 - 47/10 | D58: DA+0 | E58: DFR | I58: COMPLETED | K58: 45748 | M58: Apr'25 | N58: Shree Shyam Granite | O58: DONE | P58: COMPLETED
A59: 57 | B59: 39/3 | C59: AP39/1 - 47/10 | D59: DA+0 | E59: DFR | I59: COMPLETED | K59: 45748 | M59: Apr'25 | N59: Shree Shyam Granite | O59: DONE | P59: COMPLETED
A60: 58 | B60: 39/5 | C60: AP39/1 - 47/10 | D60: DA+0 | E60: DFR | I60: COMPLETED | K60: 45748 | M60: Apr'25 | N60: Afflux Construction | O60: DONE | P60: COMPLETED
A61: 59 | B61: 24/9 | C61: Gantry - AP39/0 | D61: DA(-)1.5 | E61: DFR | I61: COMPLETED | K61: 45748 | M61: Apr'25 | N61: Surya Group | O61: DONE | P61: COMPLETED
A62: 60 | B62: 24/7 | C62: Gantry - AP39/0 | D62: DA+0 | E62: DFR | I62: COMPLETED | K62: 45748 | M62: Apr'25 | N62: Surya Group | O62: DONE
A63: 61 | B63: 21/1 | C63: Gantry - AP39/0 | D63: DA(-)3 | E63: WC | I63: COMPLETED | K63: 45748 | M63: Apr'25 | N63: Yatharth Construction | O63: DONE
A64: 62 | B64: 24/8 | C64: Gantry - AP39/0 | D64: DA+6 | E64: DFR | I64: COMPLETED | K64: 45748 | M64: Apr'25 | N64: Surya Group | O64: DONE | P64: COMPLETED
A65: 63 | B65: 39/1 | C65: AP39/1 - 47/10 | D65: DA+3 | E65: WC | I65: COMPLETED | K65: 45748 | M65: Apr'25 | N65: Shree Shyam Granite | O65: DONE | P65: COMPLETED
A66: 64 | B66: 24/10 | C66: Gantry - AP39/0 | D66: DA+1.5 | E66: DFR | I66: COMPLETED | K66: 45748 | M66: Apr'25 | N66: Surya Group | O66: DONE | P66: COMPLETED
A67: 65 | B67: 40/1 | C67: AP39/1 - 47/10 | D67: DA+3 | E67: DFR | I67: COMPLETED | K67: 45748 | M67: Apr'25 | N67: Afflux Construction | O67: DONE | P67: COMPLETED
A68: 66 | B68: 24/11 | C68: Gantry - AP39/0 | D68: DA+0 | E68: DFR | I68: COMPLETED | K68: 45748 | M68: Apr'25 | N68: Surya Group | O68: DONE | P68: COMPLETED
A69: 67 | B69: 24/5 | C69: Gantry - AP39/0 | D69: DA(-)3 | E69: DFR | I69: COMPLETED | K69: 45748 | M69: Apr'25 | N69: Surya Group | O69: DONE | P69: COMPLETED
A70: 68 | B70: 21/2 | C70: Gantry - AP39/0 | D70: DA+0 | E70: WC | I70: COMPLETED | K70: 45748 | M70: Apr'25 | N70: Yatharth Construction | O70: DONE
A71: 69 | B71: 41/1 | C71: AP39/1 - 47/10 | D71: DA+6 | E71: DFR | I71: COMPLETED | K71: 45748 | M71: Apr'25 | N71: Shree Shyam Granite | O71: DONE | P71: COMPLETED
A72: 70 | B72: 24/4 | C72: Gantry - AP39/0 | D72: DA(-)3 | E72: DFR | I72: COMPLETED | K72: 45748 | M72: Apr'25 | N72: Surya Group | O72: DONE | P72: COMPLETED
A73: 71 | B73: 44/2 | C73: AP39/1 - 47/10 | D73: DA+3 | E73: DFR | I73: COMPLETED | K73: 45748 | M73: Apr'25 | N73: Urmila Bibi | O73: DONE | P73: COMPLETED
A74: 72 | B74: 40/2 | C74: AP39/1 - 47/10 | D74: DA+0 | E74: DFR | I74: COMPLETED | K74: 45748 | M74: Apr'25 | N74: Afflux Construction | O74: DONE | P74: COMPLETED
A75: 73 | B75: 26/1 | C75: Gantry - AP39/0 | D75: DA+1.5 | E75: DFR | I75: COMPLETED | K75: 45748 | M75: Apr'25 | N75: Surya Group | O75: DONE | P75: COMPLETED
A76: 74 | B76: 8/9 | C76: Gantry - AP39/0 | D76: DA-3 | E76: WC | I76: COMPLETED | K76: 45748 | M76: Apr'25 | N76: JSC Enterprises | O76: DONE
A77: 75 | B77: 26/2 | C77: Gantry - AP39/0 | D77: DA+6 | E77: DFR | I77: COMPLETED | K77: 45748 | M77: Apr'25 | N77: Surya Group | O77: DONE | P77: COMPLETED
A78: 76 | B78: 44/3 | C78: AP39/1 - 47/10 | D78: DA+0 | E78: DFR | I78: COMPLETED | K78: 45748 | M78: Apr'25 | N78: Urmila Bibi | O78: DONE | P78: COMPLETED
A79: 77 | B79: 41/2 | C79: AP39/1 - 47/10 | D79: DA(-)1.5 | E79: DFR | I79: COMPLETED | K79: 45748 | M79: Apr'25 | N79: Shree Shyam Granite | O79: DONE | P79: COMPLETED
A80: 78 | B80: 40/3 | C80: AP39/1 - 47/10 | D80: DA+0 | E80: DFR | I80: COMPLETED | K80: 45748 | M80: Apr'25 | N80: Afflux Construction | O80: DONE | P80: COMPLETED
A81: 79 | B81: 21/3 | C81: Gantry - AP39/0 | D81: DA+0 | E81: DFR | I81: COMPLETED | K81: 45748 | M81: Apr'25 | N81: Yatharth Construction | O81: DONE
A82: 80 | B82: 9/1 | C82: Gantry - AP39/0 | D82: DA+3 | E82: DFR | I82: COMPLETED | K82: 45748 | M82: Apr'25 | N82: GM Construction | O82: DONE
A83: 81 | B83: 26/3 | C83: Gantry - AP39/0 | D83: DA+6 | E83: WFR | I83: COMPLETED | K83: 45748 | M83: Apr'25 | N83: Surya Group | O83: DONE | P83: COMPLETED
A84: 82 | B84: 26/4 | C84: Gantry - AP39/0 | D84: DA(-)3 | E84: DFR | I84: COMPLETED | K84: 45748 | M84: Apr'25 | N84: Surya Group | O84: DONE | P84: COMPLETED
A85: 83 | B85: 27/2 | C85: Gantry - AP39/0 | D85: DA+0 | E85: WFR | I85: COMPLETED | K85: 45748 | M85: Apr'25 | N85: Surya Group | O85: DONE | P85: COMPLETED
A86: 84 | B86: 27/5 | C86: Gantry - AP39/0 | D86: DA(-)1.5 | E86: DFR | I86: COMPLETED | K86: 45748 | M86: Apr'25 | N86: Surya Group | O86: DONE | P86: COMPLETED
A87: 85 | B87: 8/10 | C87: Gantry - AP39/0 | D87: DA+0 | E87: WC | I87: COMPLETED | K87: 45748 | M87: Apr'25 | N87: JSC Enterprises | O87: DONE
A88: 86 | B88: 41/5 | C88: AP39/1 - 47/10 | D88: DA+0 | E88: DFR | I88: COMPLETED | K88: 45748 | M88: Apr'25 | N88: Shree Shyam Granite | O88: DONE | P88: COMPLETED
A89: 87 | B89: 39/8 | C89: AP39/1 - 47/10 | D89: DA+3 | E89: DFR | I89: COMPLETED | K89: 45748 | M89: Apr'25 | N89: Afflux Construction | O89: DONE | P89: COMPLETED
A90: 88 | B90: 36/8 | C90: Gantry - AP39/0 | D90: DA+0 | E90: WFR | I90: COMPLETED | K90: 45748 | M90: Apr'25 | N90: Urmila Bibi | O90: DONE | P90: COMPLETED
A91: 89 | B91: 27/4 | C91: Gantry - AP39/0 | D91: DA(-)3 | E91: DFR | I91: COMPLETED | K91: 45748 | M91: Apr'25 | N91: Surya Group | O91: DONE | P91: COMPLETED
A92: 90 | B92: 21/4 | C92: Gantry - AP39/0 | D92: DA+3 | E92: DFR | I92: COMPLETED | K92: 45748 | M92: Apr'25 | N92: Yatharth Construction | O92: DONE
A93: 91 | B93: 36/7 | C93: Gantry - AP39/0 | D93: DA+3 | E93: DFR | I93: COMPLETED | K93: 45748 | M93: Apr'25 | N93: Urmila Bibi | O93: DONE | P93: COMPLETED
A94: 92 | B94: 41/8 | C94: AP39/1 - 47/10 | D94: DA+3 | E94: DFR | I94: COMPLETED | K94: 45748 | M94: Apr'25 | N94: Jeenmata Infratech | O94: DONE | P94: COMPLETED
A95: 93 | B95: 5/2 | C95: Gantry - AP39/0 | D95: DA+0 | E95: WC | I95: COMPLETED | K95: 45748 | M95: Apr'25 | N95: GM Construction | O95: DONE | P95: COMPLETED
A96: 94 | B96: 29/1 | C96: Gantry - AP39/0 | D96: DA+1.5 | E96: DFR | I96: COMPLETED | K96: 45748 | M96: Apr'25 | N96: Surya Group | O96: DONE
A97: 95 | B97: 22/1 | C97: Gantry - AP39/0 | D97: DA+6 | E97: DFR | I97: COMPLETED | K97: 45748 | M97: Apr'25 | N97: Yatharth Construction | O97: DONE
A98: 96 | B98: 7/1 | C98: Gantry - AP39/0 | D98: DA+0 | E98: DFR | I98: COMPLETED | K98: 45748 | M98: Apr'25 | N98: JSC Enterprises | O98: DONE | P98: COMPLETED
A99: 97 | B99: 36/2 | C99: Gantry - AP39/0 | D99: DA+0 | E99: DFR | I99: COMPLETED | K99: 45748 | M99: Apr'25 | N99: Afflux Construction | O99: DONE | P99: COMPLETED
A100: 98 | B100: 36/6 | C100: Gantry - AP39/0 | D100: DA(-)1.5 | E100: DFR | I100: COMPLETED | K100: 45748 | M100: Apr'25 | N100: Urmila Bibi | O100: DONE | P100: COMPLETED
...

Sheet ERECTION
A1: ERECTION-STATUS | E1: =SUBTOTAL(9,E3:E211) -> 141.49611 | F1: =SUBTOTAL(9,F3:F211) -> 3255.9122
A2: SL NO. | B2: LOC No. | C2: Tower Type | D2: Comp WK | E2: Rev | F2: MT | G2: District wise section | H2: STATUS | I2: STARTING DATE | J2: ENDING DATE | K2: Work starting month | L2: Work completion Month | M2: Sub-Contractor | N2: JMC
A3: 1 | B3: 16/4 | C3: =VLOOKUP(B3,'CST Gantry To AP 68 Common Poin'!C:D,2,0) -> DA+0 | G3: Gantry - AP39/0 | H3: COMPLETED | I3: 22/08/2025 | J3: 45903 | K3: Aug'25 | L3: Sep'25 | M3: DEVI CONST.-I
A4: 2 | B4: 13/2 | C4: =VLOOKUP(B4,'CST Gantry To AP 68 Common Poin'!C:D,2,0) -> DA+0 | G4: Gantry - AP39/0 | H4: COMPLETED | I4: 22/08/2025 | J4: 15.09.2025 | K4: Aug'25 | L4: Sep'25 | M4: DEONATH MAHATO
A5: 3 | B5: 8/5 | C5: =VLOOKUP(B5,'CST Gantry To AP 68 Common Poin'!C:D,2,0) -> DA+0 | G5: Gantry - AP39/0 | H5: COMPLETED | I5: 25/08/2025 | J5: 08.09.2025 | K5: Aug'25 | L5: Sep'25 | M5: JWALA SINGH
A6: 4 | B6: 12/6 | C6: =VLOOKUP(B6,'CST Gantry To AP 68 Common Poin'!C:D,2,0) -> DA+0 | G6: Gantry - AP39/0 | H6: COMPLETED | I6: 25/08/2025 | J6: 18.09.2025 | K6: Aug'25 | L6: Sep'25 | M6: MODINA INDIA
A7: 5 | B7: 12/1 | C7: =VLOOKUP(B7,'CST Gantry To AP 68 Common Poin'!C:D,2,0) -> DA+3 | G7: Gantry - AP39/0 | H7: COMPLETED | I7: 02.09.2025 | J7: 23.09.2025 | K7: Sep'25 | L7: Sep'25 | M7: OM CONSTRUCTION
A8: 6 | B8: 15/2 | C8: =VLOOKUP(B8,'CST Gantry To AP 68 Common Poin'!C:D,2,0) -> DA+3 | G8: Gantry - AP39/0 | H8: COMPLETED | I8: 02.09.2025 | J8: 12.09.2025 | K8: Sep'25 | L8: Sep'25 | M8: HEMLAL MAHATO-I (Anita Devi)
A9: 7 | B9: 20/1 | C9: =VLOOKUP(B9,'CST Gantry To AP 68 Common Poin'!C:D,2,0) -> DA(-)3 | G9: Gantry - AP39/0 | H9: COMPLETED | I9: 07.09.2025 | J9: 14.09.2025 | K9: Sep'25 | L9: Sep'25 | M9: DEVI CONST.-I
A10: 8 | B10: 16/1 | C10: =VLOOKUP(B10,'CST Gantry To AP 68 Common Poin'!C:D,2,0) -> DA+0 | G10: Gantry - AP39/0 | H10: COMPLETED | I10: 07.09.2025 | J10: 12.09.2025 | K10: Sep'25 | L10: Sep'25 | M10: DEVI CONST.-II
A11: 9 | B11: 8/6 | C11: =VLOOKUP(B11,'CST Gantry To AP 68 Common Poin'!C:D,2,0) -> DA+0 | G11: Gantry - AP39/0 | H11: COMPLETED | I11: 25/08/2025 | J11: 14.09.2025 | K11: Aug'25 | L11: Sep'25 | M11: JWALA SINGH
A12: 10 | B12: 13/4 | C12: =VLOOKUP(B12,'CST Gantry To AP 68 Common Poin'!C:D,2,0) -> DA(-)3 | G12: Gantry - AP39/0 | H12: COMPLETED | I12: 13.09.2025 | J12: 27.09.2025 | K12: Sep'25 | L12: Sep'25 | M12: DEONATH MAHATO
A13: 11 | B13: 15/5 | C13: =VLOOKUP(B13,'CST Gantry To AP 68 Common Poin'!C:D,2,0) -> DA(-)3 | G13: Gantry - AP39/0 | H13: COMPLETED | I13: 11.09.2025 | J13: 19.09.2025 | K13: Sep'25 | L13: Sep'25 | M13: HEMLAL MAHATO-I (Anita Devi)
A14: 12 | B14: 16/8 | C14: =VLOOKUP(B14,'CST Gantry To AP 68 Common Poin'!C:D,2,0) -> DA(-)3 | G14: Gantry - AP39/0 | H14: COMPLETED | I14: 13.09.2025 | J14: 19.09.2025 | K14: Sep'25 | L14: Sep'25 | M14: DEVI CONST.-I
A15: 13 | B15: 8/7 | C15: =VLOOKUP(B15,'CST Gantry To AP 68 Common Poin'!C:D,2,0) -> DA+0 | G15: Gantry - AP39/0 | H15: COMPLETED | I15: 14.09.2025 | J15: 20.09.2025 | K15: Sep'25 | L15: Sep'25 | M15: JWALA SINGH
... A31: 29 | B31: 8/9 | C31: =VLOOKUP(B31,'CST Gantry To AP 68 Common Poin'!C:D,2,0) -> DA(-)3 | G31: Gantry - AP39/0 | H31: COMPLETED | I31: 17.10.2025 | J31: 22.10.2025 | K31: Oct'25 | L31: Oct'25 | M31: DEVI CONST.
A32: 30 | B32: 8/8 | C32: =VLOOKUP(B32,'CST Gantry To AP 68 Common Poin'!C:D,2,0) -> DA+3 | G32: Gantry - AP39/0 | H32: COMPLETED | I32: 24.10.2025 | J32: 45955 | K32: Oct'25 | L32: Oct'25 | M32: DEVI CONST.
A33: 31 | B33: 9/2 | C33: =VLOOKUP(B33,'CST Gantry To AP 68 Common Poin'!C:D,2,0) -> DA+0 | G33: Gantry - AP39/0 | H33: COMPLETED | I33: 26.10.2025 | J33: 02.11.2025 | K33: Oct'25 | L33: Nov'25 | M33: DEVI CONST.
A34: 32 | B34: 8/4 | C34: =VLOOKUP(B34,'CST Gantry To AP 68 Common Poin'!C:D,2,0) -> DA+3 | G34: Gantry - AP39/0 | H34: COMPLETED | I34: 03.11.2025 | J34: 07.11.2025 | K34: Nov'25 | L34: Nov'25 | M34: DEVI CONST.
A35: 33 | B35: 10/2 | C35: =VLOOKUP(B35,'CST Gantry To AP 68 Common Poin'!C:D,2,0) -> DA(-)3 | G35: Gantry - AP39/0 | H35: COMPLETED | I35: 08.11.2025 | J35: 11.11.2025 | K35: Nov'25 | L35: Nov'25 | M35: DEVI CONST.
A36: 34 | B36: 15/4 | C36: =VLOOKUP(B36,'CST Gantry To AP 68 Common Poin'!C:D,2,0) -> DA+6 | G36: Gantry - AP39/0 | H36: COMPLETED | I36: 13.11.2025 | J36: 25.11.2025 | K36: Nov'25 | L36: Nov'25 | M36: Arawali infra-1
A37: 35 | B37: 16/2 | C37: =VLOOKUP(B37,'CST Gantry To AP 68 Common Poin'!C:D,2,0) -> DA+0 | G37: Gantry - AP39/0 | H37: COMPLETED | I37: 13.11.2025 | J37: 24.11.2025 | K37: Nov'25 | L37: Nov'25 | M37: Arawali infra-2
A38: 36 | B38: 21/4 | C38: =VLOOKUP(B38,'CST Gantry To AP 68 Common Poin'!C:D,2,0) -> DA+3 | G38: Gantry - AP39/0 | H38: COMPLETED | I38: 27.11.2025 | J38: 09.12.2025 | K38: Nov'25 | L38: Dec'25 | M38: Kaushlya Devi | N38: 44
A39: 37 | B39: 12/3 | C39: =VLOOKUP(B39,'CST Gantry To AP 68 Common Poin'!C:D,2,0) -> DA(-)3 | G39: Gantry - AP39/0 | H39: COMPLETED | I39: 11.11.2025 | J39: 16.11.2025 | K39: Nov'25 | L39: Nov'25 | M39: DEVI CONST.
A40: 38 | B40: 13/0 | C40: =VLOOKUP(B40,'CST Gantry To AP 68 Common Poin'!C:D,2,0) -> DB2+0 | G40: Gantry - AP39/0 | H40: COMPLETED | I40: 16.11.2025 | J40: 27.11.2025 | K40: Nov'25 | L40: Nov'25 | M40: DEVI CONST.
A41: 39 | B41: 5/1 | C41: =VLOOKUP(B41,'CST Gantry To AP 68 Common Poin'!C:D,2,0) -> DA(-)3 | G41: Gantry - AP39/0 | H41: COMPLETED | I41: 20.11.2025 | J41: 25.11.2025 | K41: Nov'25 | L41: Nov'25 | M41: JWALA SINGH
A42: 40 | B42: 5/3 | C42: =VLOOKUP(B42,'CST Gantry To AP 68 Common Poin'!C:D,2,0) -> DA+3 | G42: Gantry - AP39/0 | H42: COMPLETED | I42: 26.11.2025 | J42: 30.11.2025 | K42: Nov'25 | L42: Nov'25 | M42: JWALA SINGH
A43: 41 | B43: 15/9 | C43: =VLOOKUP(B43,'CST Gantry To AP 68 Common Poin'!C:D,2,0) -> DA+3 | G43: Gantry - AP39/0 | H43: COMPLETED | I43: 26.11.2025 | J43: 04.12.2025 | K43: Nov'25 | L43: Dec'25 | M43: Arawali infra-2
A44: 42 | B44: 15/3 | C44: =VLOOKUP(B44,'CST Gantry To AP 68 Common Poin'!C:D,2,0) -> DA+0 | G44: Gantry - AP39/0 | H44: COMPLETED | I44: 27.11.2025 | J44: 05.12.2025 | K44: Nov'25 | L44: Dec'25 | M44: Arawali infra-1
A45: 43 | B45: 8/1 | C45: =VLOOKUP(B45,'CST Gantry To AP 68 Common Poin'!C:D,2,0) -> DA+0 | G45: Gantry - AP39/0 | H45: COMPLETED | I45: 28.11.2025 | J45: 03.12.2025 | K45: Nov'25 | L45: Dec'25 | M45: DEVI CONST.
A46: 44 | B46: 5/5 | C46: =VLOOKUP(B46,'CST Gantry To AP 68 Common Poin'!C:D,2,0) -> DA+0 | G46: Gantry - AP39/0 | H46: COMPLETED | I46: 01.12.2025 | J46: 05.12.2025 | K46: Dec'25 | L46: Dec'25 | M46: JWALA SINGH
A47: 45 | B47: 15/1 | C47: =VLOOKUP(B47,'CST Gantry To AP 68 Common Poin'!C:D,2,0) -> DA+0 | G47: Gantry - AP39/0 | H47: COMPLETED | I47: 07.12.2025 | J47: 15.12.2025 | K47: Dec'25 | L47: Dec'25 | M47: Arawali infra-1
A48: 46 | B48: 15/8 | C48: =VLOOKUP(B48,'CST Gantry To AP 68 Common Poin'!C:D,2,0) -> DA+0 | G48: Gantry - AP39/0 | H48: COMPLETED | I48: 04.12.2025 | J48: 12.12.2025 | K48: Dec'25 | L48: Dec'25 | M48: Arawali infra-2
A49: 47 | B49: 5/7 | C49: =VLOOKUP(B49,'CST Gantry To AP 68 Common Poin'!C:D,2,0) -> DA(-)3 | G49: Gantry - AP39/0 | H49: COMPLETED | I49: 06.12.2025 | J49: 11.12.2025 | K49: Dec'25 | L49: Dec'25 | M49: JWALA SINGH
A50: 48 | B50: 8/0 | C50: =VLOOKUP(B50,'CST Gantry To AP 68 Common Poin'!C:D,2,0) -> DB1+0 | G50: Gantry - AP39/0 | H50: COMPLETED | I50: 05.12.2025 | J50: 16.12.2025 | K50: Dec'25 | L50: Dec'25 | M50: DEVI CONST.
... A120: 118 | B120: 49/6 | C120: =VLOOKUP(B120,'CST Gantry To AP 68 Common Poin'!C:D,2,0) -> DA+6 | G120: AP 47/11 - AP68 | H120: COMPLETED | I120: 03.03.2026 | J120: 10.03.2026 | K120: Mar'26 | L120: Mar'26 | M120: DEVI CONST.-2
A121: 119 | B121: 34/0 | C121: =VLOOKUP(B121,'CST Gantry To AP 68 Common Poin'!C:D,2,0) -> DC1+3 | F121: 65.872484 | G121: Gantry - AP39/0 | H121: COMPLETED | I121: 19.03.2026 | J121: 02.04.2026 | K121: Mar'26 | L121: Apr'26 | M121: ARAVALI INFRA-1
A122: 120 | B122: 63/1 | C122: =VLOOKUP(B122,'CST Gantry To AP 68 Common Poin'!C:D,2,0) -> DA(-)3 | G122: AP 47/11 - AP68 | H122: COMPLETED | I122: 12.03.2026 | J122: 17.03.2026 | K122: Mar'26 | L122: Mar'26 | M122: Anita Devi
A123: 121 | B123: 39/3 | C123: =VLOOKUP(B123,'CST Gantry To AP 68 Common Poin'!C:D,2,0) -> DA+0 | G123: AP39/1 - 47/10 | H123: COMPLETED | I123: 10.03.2026 | J123: 15.03.2026 | K123: Mar'26 | L123: Mar'26 | M123: Amit construction
A124: 122 | B124: 39/1 | C124: =VLOOKUP(B124,'CST Gantry To AP 68 Common Poin'!C:D,2,0) -> DA+3 | G124: AP39/1 - 47/10 | H124: COMPLETED | I124: 11.03.2026 | J124: 16.03.2026 | K124: Mar'26 | L124: Mar'26 | M124: JWALA SINGH-2
A125: 123 | B125: 51/2 | C125: =VLOOKUP(B125,'CST Gantry To AP 68 Common Poin'!C:D,2,0) -> DA(-)3 | G125: AP 47/11 - AP68 | H125: COMPLETED | I125: 12.03.2026 | J125: 16.03.2026 | K125: Mar'26 | L125: Mar'26 | M125: DEVI CONST.-2
A126: 124 | B126: 53/0 | C126: =VLOOKUP(B126,'CST Gantry To AP 68 Common Poin'!C:D,2,0) -> DB2+3 | G126: AP 47/11 - AP68 | H126: COMPLETED | I126: 15.03.2026 | J126: 30.03.2026 | K126: Mar'26 | L126: Mar'26 | M126: ARAVALI INFRA-2
A127: 125 | B127: 27/3 | C127: =VLOOKUP(B127,'CST Gantry To AP 68 Common Poin'!C:D,2,0) -> DA+1.5 | G127: Gantry - AP39/0 | H127: COMPLETED | I127: 17.03.2026 | J127: 23.03.2026 | K127: Mar'26 | L127: Mar'26 | M127: DEVI CONST.
A128: 126 | B128: 40/3 | C128: =VLOOKUP(B128,'CST Gantry To AP 68 Common Poin'!C:D,2,0) -> DA+0 | G128: AP39/1 - 47/10 | H128: COMPLETED | I128: 17.03.2026 | J128: 21.03.2026 | K128: Mar'26 | L128: Mar'26 | M128: Amit construction
A129: 127 | B129: 51/1 | C129: =VLOOKUP(B129,'CST Gantry To AP 68 Common Poin'!C:D,2,0) -> DA+0 | G129: AP 47/11 - AP68 | H129: COMPLETED | I129: 18.03.2026 | J129: 23.03.2026 | K129: Mar'26 | L129: Mar'26 | M129: DEVI CONST.-2
A130: 128 | B130: 39/2 | C130: =VLOOKUP(B130,'CST Gantry To AP 68 Common Poin'!C:D,2,0) -> DA+0 | G130: AP39/1 - 47/10 | H130: COMPLETED | I130: 17.03.2026 | J130: 20.03.2026 | K130: Mar'26 | L130: Mar'26 | M130: JWALA SINGH-2
A131: 129 | B131: 12/7 | C131: =VLOOKUP(B131,'CST Gantry To AP 68 Common Poin'!C:D,2,0) -> DA+0 | G131: Gantry - AP39/0 | H131: COMPLETED | I131: 17.03.2026 | J131: 21.03.2026 | K131: Mar'26 | L131: Mar'26 | M131: JWALA SINGH
A132: 130 | B132: 66/5 | C132: =VLOOKUP(B132,'CST Gantry To AP 68 Common Poin'!C:D,2,0) -> DA+3 | G132: AP 47/11 - AP68 | H132: COMPLETED | I132: 20.03.2026 | J132: 23.03.2026 | K132: Mar'26 | L132: Mar'26 | M132: Anita Devi
A133: 131 | B133: 37/0 | C133: =VLOOKUP(B133,'CST Gantry To AP 68 Common Poin'!C:D,2,0) -> DD45+12 | G133: Gantry - AP39/0 | H133: COMPLETED | I133: 22.03.2026 | J133: 31.03.2026 | K133: Mar'26 | L133: Mar'26 | M133: JWALA SINGH-2
... A136: 134 | B136: 30/2 | C136: =VLOOKUP(B136,'CST Gantry To AP 68 Common Poin'!C:D,2,0) -> DA+0 | G136: Gantry - AP39/0 | H136: COMPLETED | I136: 23.03.2026 | J136: 28.03.2026 | K136: Mar'26 | L136: Mar'26 | M136: Splicenet construction
A137: 135 | B137: 40/1 | C137: =VLOOKUP(B137,'CST Gantry To AP 68 Common Poin'!C:D,2,0) -> DA+3 | F137: 37.931088 | G137: AP39/1 - 47/10 | H137: COMPLETED | I137: 24.03.2026 | J137: 46121 | K137: Mar'26 | L137: Apr'26 | M137: ARAVALI INFRA-3
A138: 136 | B138: 27/4 | C138: =VLOOKUP(B138,'CST Gantry To AP 68 Common Poin'!C:D,2,0) -> DA(-)3 | F138: 34.78981 | G138: Gantry - AP39/0 | H138: COMPLETED | I138: 25.03.2026 | J138: 01.04.2026 | K138: Mar'26 | L138: Apr'26 | M138: DEVI CONST.
A139: 137 | B139: 66/6 | C139: =VLOOKUP(B139,'CST Gantry To AP 68 Common Poin'!C:D,2,0) -> DA(-)1.5 | G139: AP 47/11 - AP68 | H139: COMPLETED | I139: 26.03.2026 | J139: 29.03.2026 | K139: Mar'26 | L139: Mar'26 | M139: Anita Devi
A140: 138 | B140: 48/8 | C140: =VLOOKUP(B140,'CST Gantry To AP 68 Common Poin'!C:D,2,0) -> DA+0 | G140: AP 47/11 - AP68 | H140: COMPLETED | I140: 25.03.2026 | J140: 31.03.2026 | K140: Mar'26 | L140: Mar'26 | M140: DEVI CONST.-2
A141: 139 | B141: 29/2 | C141: =VLOOKUP(B141,'CST Gantry To AP 68 Common Poin'!C:D,2,0) -> DA+1.5 | F141: 37.138328 | G141: Gantry - AP39/0 | H141: COMPLETED | I141: 25.03.2026 | J141: 04.04.2026 | K141: Mar'26 | L141: Apr'26 | M141: Splicenet construction-II
A142: 140 | B142: 30/1 | C142: =VLOOKUP(B142,'CST Gantry To AP 68 Common Poin'!C:D,2,0) -> DA+1.5 | F142: 37.138328 | G142: Gantry - AP39/0 | H142: COMPLETED | I142: 30.03.2026 | J142: 05.04.2026 | K142: Mar'26 | L142: Apr'26 | M142: Splicenet construction
A143: 141 | B143: 13/3 | C143: =VLOOKUP(B143,'CST Gantry To AP 68 Common Poin'!C:D,2,0) -> DA+0 | F143: 36.159756 | G143: Gantry - AP39/0 | H143: COMPLETED | I143: 30.03.2026 | J143: 02.04.2026 | K143: Mar'26 | L143: Apr'26 | M143: JWALA SINGH
A144: 142 | B144: 45/3 | C144: =VLOOKUP(B144,'CST Gantry To AP 68 Common Poin'!C:D,2,0) -> DA+0 | F144: 36.159756 | G144: AP39/1 - 47/10 | H144: COMPLETED | I144: 31.03.2026 | J144: 04.04.2026 | K144: Mar'26 | L144: Apr'26 | M144: Amit construction
A145: 143 | B145: 66/4 | C145: =VLOOKUP(B145,'CST Gantry To AP 68 Common Poin'!C:D,2,0) -> DA(-)3 | F145: 34.78981 | G145: AP 47/11 - AP68 | H145: COMPLETED | I145: 31.03.2026 | J145: 04.04.2026 | K145: Mar'26 | L145: Apr'26 | M145: Anita Devi
A146: 144 | B146: 53B/1 | C146: =VLOOKUP(B146,'CST Gantry To AP 68 Common Poin'!C:D,2,0) -> DA+3 | F146: 37.931088 | G146: AP 47/11 - AP68 | H146: COMPLETED | I146: 01.04.2026 | J146: 46119 | K146: Apr'26 | L146: Apr'26 | M146: ARAVALI INFRA-2
A147: 145 | B147: 38/3 | C147: =VLOOKUP(B147,'CST Gantry To AP 68 Common Poin'!C:D,2,0) -> DA(-)3 | F147: 34.78981 | G147: Gantry - AP39/0 | H147: COMPLETED | I147: 02.04.2026 | J147: 05.04.2026 | K147: Apr'26 | L147: Apr'26 | M147: JWALA SINGH-2
A148: 146 | B148: 48/5 | C148: =VLOOKUP(B148,'CST Gantry To AP 68 Common Poin'!C:D,2,0) -> DA+0 | F148: 36.159756 | G148: AP 47/11 - AP68 | H148: COMPLETED | I148: 02.04.2026 | J148: 46119 | K148: Apr'26 | L148: Apr'26 | M148: DEVI CONST.-2
A149: 147 | B149: 27/5 | C149: =VLOOKUP(B149,'CST Gantry To AP 68 Common Poin'!C:D,2,0) -> DA(-)1.5 | F149: 35.601762 | G149: Gantry - AP39/0 | H149: COMPLETED | I149: 03.04.2026 | J149: 46121 | K149: Apr'26 | L149: Apr'26 | M149: DEVI CONST.
A150: 148 | B150: 14/5 | C150: =VLOOKUP(B150,'CST Gantry To AP 68 Common Poin'!C:D,2,0) -> DA+0 | F150: 36.159756 | G150: Gantry - AP39/0 | H150: COMPLETED | I150: 03.04.2026 | J150: 06.04.2026 | K150: Apr'26 | L150: Apr'26 | M150: JWALA SINGH
A151: 149 | B151: 32/2 | C151: =VLOOKUP(B151,'CST Gantry To AP 68 Common Poin'!C:D,2,0) -> DA+1.5 | F151: 37.138328 | G151: Gantry - AP39/0 | H151: COMPLETED | I151: 03.04.2026 | J151: 46122 | K151: Apr'26 | L151: Apr'26 | M151: ARAVALI INFRA-1
A152: 150 | B152: 29/1 | C152: =VLOOKUP(B152,'CST Gantry To AP 68 Common Poin'!C:D,2,0) -> DA+1.5 | F152: 37.138328 | G152: Gantry - AP39/0 | H152: COMPLETED | I152: 06.04.2026 | J152: 46125 | K152: Apr'26 | L152: Apr'26 | M152: Splicenet construction-II
A153: 151 | B153: 45/1 | C153: =VLOOKUP(B153,'CST Gantry To AP 68 Common Poin'!C:D,2,0) -> DA(-)3 | F153: 34.78981 | G153: AP39/1 - 47/10 | H153: COMPLETED | I153: 06.04.2026 | J153: 46121 | K153: Apr'26 | L153: Apr'26 | M153: Amit construction
A154: 152 | B154: 67/0 | C154: =VLOOKUP(B154,'CST Gantry To AP 68 Common Poin'!C:D,2,0) -> DB2+6 | F154: 69.37596 | G154: AP 47/11 - AP68 | H154: COMPLETED | I154: 06.04.2026 | J154: 46127 | K154: Apr'26 | L154: Apr'26 | M154: Anita Devi
A155: 153 | B155: 30/0 | C155: =VLOOKUP(B155,'CST Gantry To AP 68 Common Poin'!C:D,2,0) -> DC1+0 | F155: 62.443706 | G155: Gantry - AP39/0 | H155: COMPLETED | I155: 06.04.2026 | J155: 46128 | K155: Apr'26 | L155: Apr'26 | M155: Splicenet construction
A156: 154 | B156: 36/4 | C156: =VLOOKUP(B156,'CST Gantry To AP 68 Common Poin'!C:D,2,0) -> DA+3 | F156: 37.931088 | G156: Gantry - AP39/0 | H156: COMPLETED | I156: 06.04.2026 | J156: 46121 | K156: Apr'26 | L156: Apr'26 | M156: JWALA SINGH-2
A157: 155 | B157: 14/4 | C157: =VLOOKUP(B157,'CST Gantry To AP 68 Common Poin'!C:D,2,0) -> DA+3 | F157: 37.931088 | G157: Gantry - AP39/0 | H157: COMPLETED | I157: 46120 | J157: 46123 | K157: Apr'26 | L157: Apr'26 | M157: JWALA SINGH
A158: 156 | B158: 52/1 | C158: =VLOOKUP(B158,'CST Gantry To AP 68 Common Poin'!C:D,2,0) -> DA+1.5 | F158: 37.138328 | G158: AP 47/11 - AP68 | H158: COMPLETED | I158: 46121 | J158: 46126 | K158: Apr'26 | L158: Apr'26 | M158: ARAVALI INFRA-2
A159: 157 | B159: 38/8 | C159: =VLOOKUP(B159,'CST Gantry To AP 68 Common Poin'!C:D,2,0) -> DA+6 | F159: 43.804424 | G159: Gantry - AP39/0 | H159: COMPLETED | I159: 46120 | J159: 46141 | K159: Apr'26 | L159: Apr'26 | M159: Splicenet construction-III
A160: 158 | B160: 27/2 | C160: =VLOOKUP(B160,'CST Gantry To AP 68 Common Poin'!C:D,2,0) -> DA+0 | F160: 36.159756 | G160: Gantry - AP39/0 | H160: COMPLETED | I160: 46123 | J160: 46126 | K160: Apr'26 | L160: Apr'26 | M160: DEVI CONST.
A161: 159 | B161: 40/2 | C161: =VLOOKUP(B161,'CST Gantry To AP 68 Common Poin'!C:D,2,0) -> DA+0 | F161: 36.159756 | G161: AP39/1 - 47/10 | H161: COMPLETED | I161: 46124 | J161: 46133 | K161: Apr'26 | L161: Apr'26 | M161: ARAVALI INFRA-3
A162: 160 | B162: 36/6 | C162: =VLOOKUP(B162,'CST Gantry To AP 68 Common Poin'!C:D,2,0) -> DA(-)1.5 | F162: 35.601762 | G162: Gantry - AP39/0 | H162: COMPLETED | I162: 46122 | J162: 46125 | K162: Apr'26 | L162: Apr'26 | M162: JWALA SINGH-2
A163: 161 | B163: 45/4 | C163: =VLOOKUP(B163,'CST Gantry To AP 68 Common Poin'!C:D,2,0) -> DA+1.5 | F163: 37.138328 | G163: AP39/1 - 47/10 | H163: COMPLETED | I163: 46122 | J163: 46127 | K163: Apr'26 | L163: Apr'26 | M163: Amit construction
A164: 162 | B164: 34/3 | C164: =VLOOKUP(B164,'CST Gantry To AP 68 Common Poin'!C:D,2,0) -> DA+6 | F164: 43.804424 | G164: Gantry - AP39/0 | H164: COMPLETED | I164: 46124 | J164: 46130 | K164: Apr'26 | L164: Apr'26 | M164: ARAVALI INFRA-1
A165: 163 | B165: 26/4 | C165: =VLOOKUP(B165,'CST Gantry To AP 68 Common Poin'!C:D,2,0) -> DA(-)3 | F165: 34.78981 | G165: Gantry - AP39/0 | H165: COMPLETED | I165: 46125 | J165: 46133 | K165: Apr'26 | L165: Apr'26 | M165: Splicenet construction-II
A166: 164 | B166: 36/5 | C166: =VLOOKUP(B166,'CST Gantry To AP 68 Common Poin'!C:D,2,0) -> DA+6 | F166: 43.804424 | G166: Gantry - AP39/0 | H166: COMPLETED | I166: 46125 | J166: 46128 | K166: Apr'26 | L166: Apr'26 | M166: JWALA SINGH-2
A167: 165 | B167: 25/0 | C167: =VLOOKUP(B167,'CST Gantry To AP 68 Common Poin'!C:D,2,0) -> DC2+18 | F167: 99.77886 | G167: Gantry - AP39/0 | H167: COMPLETED | I167: 46128 | J167: 46141 | K167: Apr'26 | L167: Apr'26 | M167: Devi construction
A168: 166 | B168: 55/2 | C168: =VLOOKUP(B168,'CST Gantry To AP 68 Common Poin'!C:D,2,0) -> DA+3 | F168: 37.931088 | G168: AP 47/11 - AP68 | H168: COMPLETED | I168: 46126 | J168: 46135 | K168: Apr'26 | L168: Apr'26 | M168: Aravali infra-2
... A177: 175 | B177: 36/2 | C177: =VLOOKUP(B177,'CST Gantry To AP 68 Common Poin'!C:D,2,0) -> DA+0 | F177: 36.159756 | G177: Gantry - AP39/0 | H177: COMPLETED | I177: 46134 | J177: 46137 | K177: Apr'26 | L177: Apr'26 | M177: JWALA SINGH-2
A178: 176 | B178: 41/0 | C178: =VLOOKUP(B178,'CST Gantry To AP 68 Common Poin'!C:D,2,0) -> DD45+0 | D178: W3 | E178: =736844.7/100000 -> 7.368447 | F178: =73244.548/1000 -> 73.244548 | G178: AP39/1 - 47/10 | H178: COMPLETED | I178: 46134 | J178: 46163 | K178: Apr'26 | L178: May'26 | M178: ARAVALI INFRA-3
A179: 177 | B179: 5/2 | C179: =VLOOKUP(B179,'CST Gantry To AP 68 Common Poin'!C:D,2,0) -> DA+0 | F179: 36.159756 | G179: Gantry - AP39/0 | H179: COMPLETED | I179: 46135 | J179: 46138 | K179: Apr'26 | L179: Apr'26 | M179: Jwala Singh
A180: 178 | B180: 46A/1 | C180: =VLOOKUP(B180,'CST Gantry To AP 68 Common Poin'!C:D,2,0) -> DA+3 | F180: 37.931088 | G180: AP39/1 - 47/10 | H180: COMPLETED | I180: 46135 | J180: 46140 | K180: Apr'26 | L180: Apr'26 | M180: Amit construction
A181: 179 | B181: 65/5 | C181: =VLOOKUP(B181,'CST Gantry To AP 68 Common Poin'!C:D,2,0) -> DA(-)3 | F181: 34.78981 | G181: AP 47/11 - AP68 | H181: COMPLETED | I181: 46135 | J181: 46140 | K181: Apr'26 | L181: Apr'26 | M181: Anita Devi
A182: 180 | B182: 36/1 | C182: =VLOOKUP(B182,'CST Gantry To AP 68 Common Poin'!C:D,2,0) -> DA+0 | F182: 36.159756 | G182: Gantry - AP39/0 | H182: COMPLETED | I182: 46138 | J182: 46140 | K182: Apr'26 | L182: Apr'26 | M182: JWALA SINGH-2
A183: 181 | B183: 63/3 | C183: =VLOOKUP(B183,'CST Gantry To AP 68 Common Poin'!C:D,2,0) -> DA(-)3 | F183: 34.78981 | G183: AP 47/11 - AP68 | H183: COMPLETED | I183: 46138 | J183: 46142 | K183: Apr'26 | L183: Apr'26 | M183: ARAVALI INFRA-2
A184: 182 | B184: 5/0 | C184: =VLOOKUP(B184,'CST Gantry To AP 68 Common Poin'!C:D,2,0) -> DB1+0 | D184: W1 | E184: =VLOOKUP(B:B,[4]Erection!$F:$J,5,0) -> 5.5783706 | F184: =VLOOKUP(B184,[4]Erection!$F:$H,3,0) -> 55.4 | G184: Gantry - AP39/0 | H184: COMPLETED | I184: 46138 | J184: 46144 | K184: Apr'26 | L184: May'26 | M184: Jwala Singh
A185: 184 | B185: 29/0 | C185: =VLOOKUP(B185,'CST Gantry To AP 68 Common Poin'!C:D,2,0) -> DD45+18 | D185: W2 | E185: =VLOOKUP(B:B,[4]Erection!$F:$J,5,0) -> 11.128875 | F185: =VLOOKUP(B185,[4]Erection!$F:$H,3,0) -> 110.62602 | G185: Gantry - AP39/0 | H185: COMPLETED | I185: 46142 | J185: 46156 | K185: Apr'26 | L185: May'26 | M185: Devi construction
A186: 185 | B186: 32/0 | C186: =VLOOKUP(B186,'CST Gantry To AP 68 Common Poin'!C:D,2,0) -> DD60+9 | D186: W2 | E186: =VLOOKUP(B:B,[4]Erection!$F:$J,5,0) -> 10.256472 | F186: =VLOOKUP(B186,[4]Erection!$F:$H,3,0) -> 101.95259 | G186: Gantry - AP39/0 | H186: COMPLETED | I186: 46142 | J186: 46154 | K186: Apr'26 | L186: May'26 | M186: ARAVALI INFRA-1
A187: 186 | B187: 36/8 | C187: =VLOOKUP(B187,'CST Gantry To AP 68 Common Poin'!C:D,2,0) -> DA+0 | D187: W1 | E187: =VLOOKUP(B:B,[4]Erection!$F:$J,5,0) -> 3.637696 | F187: 36.159756 | G187: Gantry - AP39/0 | H187: COMPLETED | I187: 46141 | J187: 46144 | K187: Apr'26 | L187: May'26 | M187: JWALA SINGH-2
A188: 187 | B188: 38/4 | C188: =VLOOKUP(B188,'CST Gantry To AP 68 Common Poin'!C:D,2,0) -> DA+3 | D188: W2 | E188: =381585.86/100000 -> 3.8158586 | F188: =37931.088/1000 -> 37.931088 | G188: Gantry - AP39/0 | H188: COMPLETED | I188: 46142 | J188: 46153 | K188: Apr'26 | L188: May'26 | M188: Splicenet construction-III
A189: 188 | B189: 46A/0 | C189: =VLOOKUP(B189,'CST Gantry To AP 68 Common Poin'!C:D,2,0) -> DC1+0 | D189: W2 | E189: =VLOOKUP(B:B,[4]Erection!$F:$J,5,0) -> 6.2818664 | F189: =VLOOKUP(B189,[4]Erection!$F:$H,3,0) -> 62.44 | G189: AP39/1 - 47/10 | H189: COMPLETED | I189: 46141 | J189: 46150 | K189: Apr'26 | L189: May'26 | M189: Amit construction
A190: 189 | B190: 66/2 | C190: =VLOOKUP(B190,'CST Gantry To AP 68 Common Poin'!C:D,2,0) -> DA(-)1.5 | D190: W1 | E190: =358156.12/100000 -> 3.5815612 | F190: 35.6 | G190: AP 47/11 - AP68 | H190: COMPLETED | I190: 46142 | J190: 46148 | K190: Apr'26 | L190: May'26 | M190: Anita Devi
A191: 190 | B191: 31/0 | C191: =VLOOKUP(B191,'CST Gantry To AP 68 Common Poin'!C:D,2,0) -> DD60+0 | D191: W2 | E191: =VLOOKUP(B:B,[4]Erection!$F:$J,5,0) -> 8.3632804 | F191: =VLOOKUP(B191,[4]Erection!$F:$H,3,0) -> 83.13 | G191: Gantry - AP39/0 | H191: COMPLETED | I191: 46142 | J191: 46154 | K191: Apr'26 | L191: May'26 | M191: Splicenet construction-II
A192: 191 | B192: 38/6 | C192: =VLOOKUP(B192,'CST Gantry To AP 68 Common Poin'!C:D,2,0) -> DA(-)3 | D192: W1 | E192: =VLOOKUP(B:B,[4]Erection!$F:$J,5,0) -> 3.499874 | F192: =VLOOKUP(B192,[4]Erection!$F:$H,3,0) -> 34.79 | G192: Gantry - AP39/0 | H192: COMPLETED | I192: 46145 | J192: 46148 | K192: May'26 | L192: May'26 | M192: JWALA SINGH-2
A193: 192 | B193: 49/4 | C193: =VLOOKUP(B193,'CST Gantry To AP 68 Common Poin'!C:D,2,0) -> DA+0 | D193: W3 | E193: =363769.6/100000 -> 3.637696 | F193: 36.159756 | G193: AP 47/11 - AP68 | H193: COMPLETED | I193: 46145 | J193: 46159 | K193: May'26 | L193: May'26 | M193: ARAVALI INFRA-2
A194: 193 | B194: 21/1 | C194: DA(-)3 | D194: W1 | E194: =VLOOKUP(B:B,[4]Erection!$F:$J,5,0) -> 3.499874 | F194: =VLOOKUP(B194,[4]Erection!$F:$H,3,0) -> 34.79 | G194: Gantry - AP39/0 | H194: COMPLETED | I194: 46146 | J194: 46149 | K194: May'26 | L194: May'26 | M194: Jwala Singh
...

Sheet Sheet2
B2: LOC No. | C2: Type | E2: WK | F2: Rev | I2: FDN
B3: 41/0 | C3: =VLOOKUP(B3,#REF!,2,0) -> #REF! | E3: W2 | F3: 5.4959937 | I3: (May) Week wise | J3: Sum of Rev
B4: 5/0 | C4: =VLOOKUP(B4,#REF!,2,0) -> #REF! | E4: W1 | F4: 16.93827 | I4: W1 | J4: 16.93827
B5: 29/0 | C5: =VLOOKUP(B5,#REF!,2,0) -> #REF! | E5: W4 | F5: 26.745647 | I5: W2 | J5: 32.240621
B6: 32/0 | C6: =VLOOKUP(B6,#REF!,2,0) -> #REF! | E6: W2 | F6: 26.744627 | I6: W3 | J6: 38.918886
B7: 36/8 | C7: =VLOOKUP(B7,#REF!,2,0) -> #REF! | E7: W3 | F7: 31.681716 | I7: W4 | J7: 63.329765
B8: 38/4 | C8: =VLOOKUP(B8,#REF!,2,0) -> #REF! | E8: W4 | F8: 19.313121 | I8: Grand Total | J8: 151.42754
B9: 46A/0 | C9: =VLOOKUP(B9,#REF!,2,0) -> #REF! | E9: W4 | F9: 17.270997
B10: 66/2 | C10: =VLOOKUP(B10,#REF!,2,0) -> #REF! | E10: W3 | F10: 7.23717
B11: 31/0 | C11: =VLOOKUP(B11,#REF!,2,0) -> #REF!
B12: 38/6 | C12: =VLOOKUP(B12,#REF!,2,0) -> #REF! | K12: 292.92365
B13: 49/4 | C13: =VLOOKUP(B13,#REF!,2,0) -> #REF! | I13: Erection
B14: 21/1 | C14: =VLOOKUP(B14,#REF!,2,0) -> #REF! | E14: WK | F14: Rev | G14: MT | I14: (May) Week wise | J14: Sum of Rev
B15: 38/7 | C15: =VLOOKUP(B15,#REF!,2,0) -> #REF! | E15: W3 | F15: 7.368447 | G15: 73.244548 | I15: W1 | J15: 19.797376
B16: 67/2 | C16: =VLOOKUP(B16,#REF!,2,0) -> #REF! | E16: W1 | F16: 5.5783706 | G16: 55.4 | I16: W2 | J16: 50.621618
B17: 21/2 | C17: =VLOOKUP(B17,#REF!,2,0) -> #REF! | E17: W2 | F17: 11.128875 | G17: 110.62602 | I17: W3 | J17: 33.187839
B18: 46A/3 | C18: =VLOOKUP(B18,#REF!,2,0) -> #REF! | E18: W2 | F18: 10.256472 | G18: 101.95259 | I18: W4 | J18: 37.88928
B19: 24/3 | C19: =VLOOKUP(B19,#REF!,2,0) -> #REF! | E19: W1 | F19: 3.637696 | G19: 36.159756 | I19: Grand Total | J19: 141.49611
B20: 39/5 | C20: =VLOOKUP(B20,#REF!,2,0) -> #REF! | E20: W2 | F20: 3.8158586 | G20: 37.931088
B21: 34/2 | C21: =VLOOKUP(B21,#REF!,2,0) -> #REF! | E21: W2 | F21: 6.2818664 | G21: 62.44
B22: 28/0 | C22: =VLOOKUP(B22,#REF!,2,0) -> #REF! | E22: W1 | F22: 3.5815612 | G22: 35.6 | M22: 88.1
B23: 67/1 | C23: =VLOOKUP(B23,#REF!,2,0) -> #REF! | E23: W2 | F23: 8.3632804 | G23: 83.13 | M23: 127
B24: 23/1 | C24: =VLOOKUP(B24,#REF!,2,0) -> #REF! | E24: W1 | F24: 3.499874 | G24: 34.79
B25: 48/1 | C25: =VLOOKUP(B25,#REF!,2,0) -> #REF! | E25: W3 | F25: 3.637696 | G25: 36.159756
B26: 46A/2 | C26: =VLOOKUP(B26,#REF!,2,0) -> #REF! | E26: W1 | F26: 3.499874 | G26: 34.79
B27: 48/9 | C27: =VLOOKUP(B27,#REF!,2,0) -> #REF! | E27: W2 | F27: 3.637696 | G27: 36.159756
B28: 24/2 | C28: =VLOOKUP(B28,#REF!,2,0) -> #REF! | E28: W2 | F28: 3.499874 | G28: 34.79
E29: W2 | F29: 3.637696 | G29: 36.159756
E30: W3 | F30: 3.499874 | G30: 34.79
E31: W3 | F31: 4.4066824 | G31: 43.8
E32: W3 | F32: 3.637696 | G32: 36.159756
E33: W3 | F33: 3.499874 | G33: 34.79
E34: W4 | F34: 8.8998808 | G34: 85.506824
E35: W3 | F35: 3.499874 | G35: 34.79
E36: W4 | F36: 3.8158586 | G36: 37.931088
E37: W3 | F37: 3.637696 | G37: 36.159756
E38: W4 | F38: 3.499874 | G38: 34.79
E39: W4 | F39: 3.637696 | G39: 36.159756
E40: W4 | F40: 3.8158586 | G40: 37.931088
... E43: W4 | F43: 3.8158586 | G43: 37.931088

Sheet XING
A2: Sl. No. | B2: Location No. | C2: Affected Towers/ Locations (Nos) | D2: Area of concern | E2: Name of Transmission Line/Section in between stations | F2: Authority | G2: Type | H2: Proposal Submission date | I2: Status as on date | J2: Place of follow up | K2: Expected date for Work Permission | L2: Responsibility KEC | M2: Responsibility Power Grid | N2: Remarks
A3: 1 | B3: Power Line Crossing
A4: i) | B4: 11/0-12/0 | C4: 2 | D4: Power Line Crossing of Power Grid | E4: EXISTING 400 KV DC NEEMUCH-MANDSAUR TRANSMISSION LINE | F4: Power Grid | G4: OH | H4: 22.05.2025 | I4: Joint inspection Done date on- 04.06.25 | J4: Power Grid Vadodara (RHQ), Neemuch Sub-station of Powergrid | K4: Approved On 21.07.2025 | L4: Devesh | M4: Onkar singh Bharti(DGM)
A5: ii) | B5: 25/0-26/0 | C5: 2 | D5: Power Line Crossing of MPPTCL | E5: 220 KV DC MANDSAUR - NIPANIA TL | F5: Power Grid | G5: OH | H5: 22.05.2025 (Revised submission on 12.06 25) | I5: Joint inspection Done date on- 04.06.25 | J5: Office of Chief Enginneer, MPPTCL, Jabalpur | K5: Approved On 18.08.2025
A6: iii) | B6: 28/0-29/0 | C6: 2 | E6: 220 KV DC SITAMAU-SUWASRA OHTL MPPTCL | F6: Power Grid | G6: OH | H6: 22.05.2025 (Revised submission on 12.06 25, 04.07.2025) | I6: Joint inspection Done date on- 04.06.25 | K6: Approved On 18.08.2025
A7: iv) | B7: 33/0-34/0 | C7: 2 | E7: 132KV D/C SUWASARA - BADOD TL (Joint joint inspection Done) | F7: Power Grid | G7: OH | H7: 22.05.2025 (Revised submission on 12.06 25) | I7: Joint inspection Done date on- 04.06.25 | K7: Approved On 18.08.2025
A8: v) | B8: 37/0-38/0 | C8: 2 | E8: 220 KV OHTL DC BHANPUR-BAROD MPPTCL | F8: Power Grid | G8: OH | H8: 22.05.2025 (Revised submission on 12.06 25) | I8: Joint inspection Done date on- 04.06.25 | K8: Approved On 18.08.2025
A9: vi) | B9: 54/0-55/0 | C9: 2 | E9: 220kV D/C Badod-Nalkheda T/Line | F9: Power Grid | G9: OH | H9: Submission on 18.09.2025 | I9: pending due to finalization of survey for avoiding forest in between section 52/0 - 58/0 | J9: - | K9: - | L9: - | M9: -
A10: vii) | B10: 62/0-63/0 | C10: 2 | E10: 132 KV DC CKT-1 AGAR -SUSNER , CKT-2 AGAR - NALKHEDA OHTL | F10: Power Grid | G10: OH | H10: 22.05.2025 (Revised submission on 12.06 25) | I10: Joint inspection Pending | J10: - | K10: - | L10: - | M10: -
A11: viii) | B11: 42/0-43/0 | C11: 2 | D11: Power Line Crossing of RVPNL | E11: 132 KV SC BHAWANI MANDI - DAG T/L (RRVPNL) | F11: Power Grid | G11: OH | H11: 22.05.2025 | I11: Approved on 04.07.2025 | J11: Office of Chief Enginneer, RVPNL, Jaipur | K11: Approved on 04.07.2025 | L11: Devesh | M11: Onkar singh Bharti(DGM)
A12: ix) | B12: 50/0-51/0 | C12: 2 | D12: Power Line Crossing of RTL | E12: 220 KV S/C SUSNER - PACHORA T/L | F12: Power Grid | G12: OH | H12: 22.05.2025 (Revised submission on 12.06 25) | I12: Joint inspection Pending | J12: Office of Chief Enginneer, RTL, Bhopal | L12: Devesh | M12: Onkar singh Bharti(DGM)
A13: 2 | B13: NH - Crossing
A14: i) | B14: 17/0-18/0 | C14: 2 | D14: NHAI | E14: NE-4 DELHI MUMBAI EXPRESSWAY | F14: Power Grid | G14: OH | H14: 02.06.2025 | I14: Joint inspection Pending | J14: Power Grid Suwasra/Mandsaur | K14: Approved on 07.11.2027 | L14: Devesh | M14: Onkar singh Bharti(DGM)
A15: ii) | B15: 35/0-36/0 | C15: 2 | D15: NHAI | E15: NATIONAL HIGHWAY-752D | F15: Power Grid | G15: OH | H15: 02.06.2025 | I15: joint inspection Done on 22-07-2025 | J15: Power Grid Suwasra/Mandsaur | K15: - | L15: Devesh | M15: Onkar singh Bharti(DGM)
A16: iii) | B16: 60/0-61/0 | C16: 2 | D16: NHAI | E16: NATIONAL HIGHWAY-552G | F16: Power Grid | G16: OH | H16: 02.06.2025 | I16: Joint inspection Pending | J16: Power Grid Suwasra/Mandsaur | K16: - | L16: Devesh | M16: Onkar singh Bharti(DGM)
A17: 3 | B17: Railway Crossing
A18: i) | B18: 31/0-32/0 | C18: 2 | D18: Indian Railway Kota Division | E18: Between Suwasra & Nathukheri Railway station BG | F18: Power Grid | G18: OH | H18: 17.06.2025(Revised submission on 30.06 25) | I18: Joint inspection Done date on- 27.06.2025 revised inspection date pending | J18: Power Grid Suwasra/Mandsaur | K18: Approved on 10.12.2025 | L18: Devesh | M18: Onkar singh Bharti(DGM)
B19: Total | C19: =SUM(C4:C18) -> 26

Sheet EARTHING
A1: EARTHING
A2: SL NO. | B2: LOC NO. | C2: TYPE OF TOWER | D2: TODAY'S PLAN | E2: TODAY'S PROGRESS | F2: TOMMOROW'S PLAN | G2: START DATE | H2: COMPLETION DATE | I2: GANG
A3: 1 | B3: 8/1 | C3: DA+0 | D3: COMPLETED | G3: 13.05.2025 | H3: 13.05.2025 | I3: JSC CONST.
A4: 2 | B4: 8/2 | C4: DA+3 | D4: COMPLETED | G4: 13.05.2025 | H4: 13.05.2025 | I4: JSC CONST.
A5: 3 | B5: 8/3 | C5: DA+3 | D5: COMPLETED | G5: 13.05.2025 | H5: 13.05.2025 | I5: JSC CONST.
A6: 4 | B6: 20/1 | C6: DA(-)3 | D6: COMPLETED | G6: 13.05.2025 | H6: 13.05.2025 | I6: YATHATHART
A7: 5 | B7: 20/2 | C7: DA(-)3 | D7: COMPLETED | G7: 13.05.2025 | H7: 13.05.2025 | I7: YATHATHART
A8: 6 | B8: 5/3 | C8: DA+3 | D8: COMPLETED | G8: 14.05.2025 | H8: 14.05.2025 | I8: GM CONST.
A9: 7 | B9: 5/4 | C9: DA+1.5 | D9: COMPLETED | G9: 14.05.2025 | H9: 14.05.2025 | I9: GM CONST.
A10: 8 | B10: 6/1 | C10: DA(-)1.5 | D10: COMPLETED | G10: 16.05.2025 | H10: 16.05.2025
A11: 9 | B11: 38/1 | C11: DA(-)3 | D11: COMPLETED | G11: 17.05.2025 | H11: 17.05.2025
A12: 10 | B12: 38/3 | C12: DA(-)3 | D12: COMPLETED | G12: 17.05.2025 | H12: 17.05.2025
A13: 11 | B13: 16/3 | C13: DA+9 | D13: COMPLETED | G13: 19.05.2025 | H13: 19.05.2025
A14: 12 | B14: 16/6 | C14: DA(-)3 | D14: COMPLETED | G14: 19.05.2025 | H14: 19.05.2025
A15: 13 | B15: 16/7 | C15: DA+0 | D15: COMPLETED | G15: 19.05.2025 | H15: 19.05.2025
A16: 14 | B16: 16/8 | C16: DA(-)3 | D16: COMPLETED | G16: 19.05.2025 | H16: 19.05.2025
A17: 15 | B17: 16/9 | C17: DA+0 | D17: COMPLETED | G17: 19.05.2025 | H17: 19.05.2025
A18: 16 | B18: 66/8 | C18: DA(-)3 | D18: COMPLETED | G18: 13.06.2025 | H18: 13.06.2025
A19: 17 | B19: 49/6 | C19: DA+6 | D19: COMPLETED | G19: 17.06.2025 | H19: 17.06.2025 | I19: YATHATHART
A20: 18 | B20: 49/0 | C20: DB1+0 | D20: COMPLETED | G20: 17.06.2025 | H20: 17.06.2025 | I20: GM CONST.
A21: 19 | B21: 66/5 | C21: DA+3 | D21: COMPLETED | G21: 45827 | H21: 45827 | I21: SREE SAI BRICKS
A22: 20 | B22: 65/1 | C22: DA(-)1.5 | D22: COMPLETED | G22: 20.06.2025 | H22: 20.06.2025
A23: 21 | B23: 65/2 | C23: DA+0 | D23: COMPLETED | G23: 30.06.2025 | H23: 30.06.2025
A24: 22 | B24: 65/9 | C24: DA(-)3 | D24: COMPLETED | G24: 10.07.2025 | H24: 10.07.2025
A25: 23 | B25: 63/1 | C25: DA(-)3 | D25: COMPLETED | G25: 15.07.2025 | H25: 15.07.2025
A26: 24 | B26: 65/7 | C26: DA(-)3 | D26: COMPLETED | G26: 17.07.2025 | H26: 17.07.2025
A27: 25 | B27: 21/0 | C27: DC2+0 | D27: COMPLETED | G27: 13/08/2025 | H27: 13/08/2025 | I27: Shakhina Bibi
A28: 26 | B28: 46/0 | C28: DD45+0 | D28: COMPLETED | G28: 16/08/2025 | H28: 16/08/2025
A29: 27 | B29: 15/0 | C29: DB2+0 | D29: COMPLETED | G29: 20.08.2025 | H29: 20.08.2025
A30: 28 | B30: 5/1 | C30: DA(-)3 | D30: COMPLETED
A31: 29 | B31: 5/2 | C31: DA+0 | D31: COMPLETED
A32: 30 | B32: 7/1 | C32: DA+0 | D32: COMPLETED
A33: 31 | B33: 7/2 | C33: DA+0 | D33: COMPLETED
A34: 32 | B34: 7/3 | C34: DA+0 | D34: COMPLETED
A35: 33 | B35: 7/4 | C35: DA+0 | D35: COMPLETED
A36: 34 | B36: 8/4 | C36: DA+3 | D36: COMPLETED
A37: 35 | B37: 8/5 | C37: DA+0 | D37: COMPLETED
A38: 36 | B38: 8/6 | C38: DA+0 | D38: COMPLETED
A39: 37 | B39: 8/7 | C39: DA+0 | D39: COMPLETED
A40: 38 | B40: 8/8 | C40: DA+3 | D40: COMPLETED
A41: 39 | B41: 9/2 | C41: DA+0 | D41: COMPLETED
... A230: 230 | B230: 4/3 | C230: DA(-)3 | D230: COMPLETED
A231: 231 | B231: 45/2 | C231: DA+0 | D231: COMPLETED | H231: 46147
A232: 232 | B232: 50/0 | C232: DC2+18 | D232: COMPLETED
A233: 233 | B233: 4/0 | C233: DC1+0 | D233: COMPLETED
A234: 234 | B234: 47/10 | C234: DA+3 | D234: COMPLETED

Sheet SUPPLY
B2: Line Name: | C2: 765KV D/C Mandsaur- Kurawar Transmission Line
B3: Package: | C3: TA-509
B4: Agency: | C4: M/s KEC International Limited
B5: Status as on: | C5: 46107
B6: Supply Status
B7: S. No. | C7: Item Name | D7: Supplier Name | E7: Anticipated Qty | F7: UPTO Dec-25 L2 Schedule | G7: Supplied Qty | H7: Supply In progress | I7: Balance supply | J7: Remarks
B8: 1 | C8: Stub | D8: KEC Int'l Ltd. | E8: 309 | F8: 306 | G8: =272+9 -> 281 | I8: =E8-G8 -> 28
B9: 2 | C9: Tower | D9: KEC Int'l Ltd. | E9: 309 | F9: 230 | G9: 271 | I9: =E9-G9 -> 38
B10: 3 | C10: Conductor | D10: Sterlite | E10: 4343 | F10: 3900 | G10: 4300.418 | I10: =E10-G10 -> 42.582 | J10: Conductor Qty in KM
B11: 4 | C11: H/W fittings | D11: Mosdorfer | E11: 2432 | F11: 0.9 | G11: =E11/100*90 -> 2188.8 | I11: =E11-G11 -> 243.2 | J11: H/W Fitting Qty in Sets
B12: 5 | C12: Insulator | D12: Aditya Birla | E12: 13552 | F12: 11388 | G12: 12832 | I12: =E12-G12 -> 720 | J12: Insulator Qty in Nos | K12: 160KN=5536 | L12: 210KN=7296
B13: 6 | C13: E/W | D13: GK Wires | E13: 121 | F13: 0.85 | G13: 84 | I13: =E13-G13 -> 37 | J13: E/W Qty in KM.
B14: 7 | C14: OPGW | D14: Nirmal Wire Pvt. Ltd. | E14: 126 | F14: 63 | G14: 0 | I14: 126 | J14: OPGW Qty in KM. | L14: 5566 | M14: 7296

Sheet CST Gantry To AP 68 Common Poin
A1: CLIENT :- POWER GRID CORPORATION OF INDIA LIMITED
A2: NAME OF PROJECT :- 765 KV D/C Mandsaur - Kurawar (Part 1) Transmission Line
A3: M/s. KEC INTERNATIONAL LIMITED
A4: TOWER SCHEDULE SECTION:- GANTRY TO AP 68 LENGTH:- 118.386 KM
A5: KEC/TA509/MKTL/CS/AS ON Dt-06.03.2026
A6: Sl.No | B6: AP NO. | C6: TOWER NO. | D6: TYPE OF TOWER | E6: DEVIATION ANGLE (Deg) | F6: SPAN (Mtr) | G6: Section Length (m) | H6: CUMULATIVE SPAN | I6: R.L (Mtr) | J6: HT of Tower (Mtr) | K6: Sum of Adjacent Spans | L6: WIND SPAN (Mtr) | M6: WEIGHT SPAN IN Mtr (Cold) | P6: WEIGHT SPAN IN Mtr (Hot) | S6: Spherical Coordinate | U6: UTM Coordinates | W6: CROSSING DETAILS | X6: NAME OF VILLAGE | Y6: NAME OF TEHSIL | Z6: NAME OF STATAT | AA6: LEG EXTENSION
M7: Left | N7: Right | O7: Total | P7: Left | Q7: Right | R7: Total | S7: Longitude (Easting) | T7: Latitude (Northing) | U7: Easting | V7: Northing | AA7: A | AB7: B | AC7: C | AD7: D
A8: 0 | C8: Mandsur Gantry | D8: Gantry | H8: 0 | I8: 435.03 | J8: 46.3 | K8: 107.961 | L8: 53.9805 | M8: 0 | N8: 6 | O8: 6 | P8: 0 | Q8: 11 | R8: 11 | S8: 75°10'24.829"E | T8: 24°12'17.524"N | U8: 517625.3 | V8: 2676919.5
F9: 107.961 | W9: BOUNDARY WALL
A10: 1 | B10: AP1/0 | C10: 1/0 | D10: DD60+0 | E10: 7° 41' 29"LT | G10: =F9 -> 107.961 | H10: =F9 -> 107.961 | I10: 434.455 | J10: 70.72 | K10: 256.439 | L10: 128.2195 | M10: 33 | N10: 141 | O10: 174 | P10: 35 | Q10: 95 | R10: 130 | S10: 75°10'21.828"E | T10: 24°12'15.345"N | U10: 517540.72 | V10: 2676852.4 | W10: Tower cast at 0deg w.r.t. Gantry | X10: Talabpipalya | Y10: Malhargarh | Z10: MP
F11: 148.478
A12: 2 | B12: AP2/0 | C12: 2/0 | D12: DD60+0 | E12: 58° 40' 0"LT | G12: =F11 -> 148.478 | H12: =H10+F11 -> 256.439 | I12: 431.101 | J12: 70.72 | K12: 557.31 | L12: 278.655 | M12: 7 | N12: 220 | O12: 227 | P12: 53 | Q12: 215 | R12: 268 | S12: 75°10'18.175"E | T12: 24°12'11.87"N | U12: 517437.8 | V12: 2676745.4 | X12: Talabpipalya | Y12: Malhargarh | Z12: MP
F13: 408.832 | W13: NALA/LT LINE
A14: 3 | B14: AP3/0 | C14: 3/0 | D14: DD45+3 | E14: 42° 45' 44"LT | G14: =F13 -> 408.832 | H14: =H12+F13 -> 665.271 | I14: 425.18 | J14: 73.72 | K14: 788.832 | L14: 394.416 | M14: 190 | N14: 213 | O14: 403 | P14: 194 | Q14: 206 | R14: 400 | S14: 75°10'21.856"E | T14: 24°11'59.012"N | U14: 517542.14 | V14: 2676350.1 | X14: Talabpipalya | Y14: Malhargarh | Z14: MP
F15: 380 | W15: ROAD/WELL
A16: 4 | C16: 3/1 | D16: DA(-)1.5 | H16: =H14+F15 -> 1045.271 | I16: 425.63 | J16: 71 | K16: 802 | L16: 401 | M16: 167 | N16: 198 | O16: 365 | P16: 175 | Q16: 202 | R16: 377 | S16: 75°10'33.214"E | T16: 24°11'52.369"N | U16: 517862.8 | V16: 2676146.2 | X16: Talabpipalya | Y16: Malhargarh | Z16: MP
F17: 422 | W17: LT/CT, WELL/NALA
A18: 5 | C18: 3/2 | D18: DA+6 | H18: =H16+F17 -> 1467.271 | I18: 420.86 | J18: 78.5 | K18: 830.352 | L18: 415.176 | M18: 225 | N18: 237 | O18: 462 | P18: 221 | Q18: 228 | R18: 449 | S18: 75°10'45.827"E | T18: 24°11'44.992"N | U18: 518218.91 | V18: 2675919.7 | X18: Talabpipalya | Y18: Malhargarh | Z18: MP
F19: 408.352 | W19: LT LINE, LT T POINT, WELL, CT, NALA/11KV LINE/ LT/CT/ WELL/ SAMADHI
A20: 6 | B20: AP4/0 | C20: 4/0 | D20: DC1+0 | E20: 19° 8' 15"LT | G20: =SUM(F15:F19) -> 1210.352 | H20: =H18+F19 -> 1875.623 | I20: 420.532 | J20: 70.72 | K20: 827.805 | L20: 413.9025 | M20: 171 | N20: 124 | O20: 295 | P20: 182 | Q20: 149 | R20: 331 | S20: 75°10'58.032"E | T20: 24°11'37.853"N | U20: 518563.49 | V20: 2675700.6 | X20: Kachariya | Y20: Malhargarh | Z20: MP
F21: 419.453 | W21: NALA, POND, WELL
A22: 7 | C22: 4/1 | D22: DA+9 | H22: =H20+F21 -> 2295.076 | I22: 429.129 | J22: 81.5 | K22: 800.453 | L22: 400.2265 | M22: 297 | N22: 175 | O22: 472 | P22: 272 | Q22: 179 | R22: 451 | S22: 75°11'12.496"E | T22: 24°11'34.694"N | U22: 518971.67 | V22: 2675604 | W22: Benching / Raised Chimney Expected | X22: Kachariya | Y22: Malhargarh | Z22: MP | AA22: 1.5 | AD22: 0.5
F23: 381 | W23: CT
A24: 8 | C24: 4/2 | D24: DA+9 | H24: =H22+F23 -> 2676.076 | I24: 432.129 | J24: 81.5 | K24: 798.002 | L24: 399.001 | M24: 207 | N24: 312 | O24: 519 | P24: 203 | Q24: 282 | R24: 485 | S24: 75°11'25.634"E | T24: 24°11'31.825"N | U24: 519342.43 | V24: 2675516.3 | W24: Benching / Raised Chimney Expected | X24: Kachariya | Y24: Malhargarh | Z24: MP | AA24: 1.5 | AB24: 2
F25: 417.002
A26: 9 | C26: 4/3 | D26: DA(-)3 | H26: =H24+F25 -> 3093.078 | I26: 423.427 | J26: 69.5 | K26: 834.004 | L26: 417.002 | M26: 107 | N26: 196 | O26: 303 | P26: 136 | Q26: 200 | R26: 336 | S26: 75°11'40.014"E | T26: 24°11'28.684"N | U26: 519748.22 | V26: 2675420.2 | X26: Sohangara | Y26: Malhargarh | Z26: MP
F27: 417.002 | W27: METAL ROAD, CT, 11KV, LT
A28: 10 | C28: 4/4 | D28: DA+6 | H28: =H26+F27 -> 3510.08 | I28: 416.978 | J28: 78.5 | K28: 834.004 | L28: 417.002 | M28: 221 | N28: 270 | O28: 491 | P28: 218 | Q28: 253 | R28: 471 | S28: 75°11'54.393"E | T28: 24°11'25.543"N | U28: 520154.02 | V28: 2675324.2 | X28: Sohangara | Y28: Malhargarh | Z28: MP
F29: 417.002 | W29: WELL, LT
A30: 11 | C30: 4/5 | D30: DA(-)3 | H30: =H28+F29 -> 3927.082 | I30: 413.573 | J30: 69.5 | K30: 805.005 | L30: 402.5025 | M30: 148 | N30: 163 | O30: 311 | P30: 166 | Q30: 172 | R30: 338 | S30: 75°12'8.772"E | T30: 24°11'22.402"N | U30: 520559.81 | V30: 2675228.2 | X30: Sohangara | Y30: Malhargarh | Z30: MP
F31: 388.003 | W31: CT
A32: 12 | C32: 4/6 | D32: DA+6 | H32: =H30+F31 -> 4315.085 | I32: 410.487 | J32: 78.5 | K32: 840.346 | L32: 420.173 | M32: 226 | N32: 248 | O32: 474 | P32: 217 | Q32: 242 | R32: 459 | S32: 75°12'22.151"E | T32: 24°11'19.479"N | U32: 520937.38 | V32: 2675138.8 | X32: Sohangara | Y32: Malhargarh | Z32: MP
F33: 452.343 | W33: 11 KV LINE/SHIVNA RIVER/CART TRACK
A34: 13 | B34: AP5/0 | C34: 5/0 | D34: DB1+0 | E34: 0° 56' 36"LT | G34: =SUM(F21:F33) -> 2891.805 | H34: =H32+F33 -> 4767.428 | I34: 411.761 | J34: 70.72 | K34: 853.343 | L34: 426.6715 | M34: 205 | N34: 239 | O34: 444 | P34: 212 | Q34: 227 | R34: 439 | S34: 75°12'37.748"E | T34: 24°11'16.07"N | U34: 521377.57 | V34: 2675034.7 | X34: Aabakhedi | Y34: Sitamau | Z34: MP
F35: 401 | W35: NALA, PIPAL TREE
A36: 14 | C36: 5/1 | D36: DA(-)3 | H36: =H34+F35 -> 5168.428 | I36: 407.682 | J36: 69.5 | K36: =F35+F37 -> 731 | L36: =K36/2 -> 365.5 | M36: 162 | N36: 118 | O36: 280 | P36: 175 | Q36: 134 | R36: 309 | S36: 75°12'51.627"E | T36: 24°11'13.257"N | U36: 521769.26 | V36: 2674948.7 | X36: Aabakhedi | Y36: Sitamau | Z36: MP
F37: 330 | W37: LT LINE, HUT, CART TRACK
A38: 15 | C38: 5/2 | D38: DA+0 | H38: =H36+F37 -> 5498.428 | I38: 411.854 | J38: 72.5 | K38: =F37+F39 -> 743 | L38: =K38/2 -> 371.5 | M38: 212 | N38: 194 | O38: 406 | P38: 197 | Q38: 199 | R38: 396 | S38: 75°13'3.049"E | T38: 24°11'10.942"N | U38: 522091.59 | V38: 2674878 | X38: Nahargarh | Y38: Sitamau | Z38: MP
F39: 413 | W39: LT LINE, 11KV LINE, CART TRACK, WELL, LT T POINT
A40: 16 | C40: 5/3 | D40: DA+3 | H40: =H38+F39 -> 5911.428 | I40: 411.285 | J40: 75.5 | K40: =F39+F41 -> 835 | L40: =K40/2 -> 417.5 | M40: 220 | N40: 223 | O40: 443 | P40: 216 | Q40: 219 | R40: 435 | S40: 75°13'17.343"E | T40: 24°11'8.045"N | U40: 522495.01 | V40: 2674789.6 | X40: Nahargarh | Y40: Sitamau | Z40: MP
F41: 422 | W41: GUAVA GARDEN, CART TRACK, WELL, ORANGE GARDEN
A42: 17 | C42: 5/4 | D42: DA+1.5 | H42: =H40+F41 -> 6333.428 | I42: 410.546 | J42: 74 | K42: =F41+F43 -> 818 | L42: =K42/2 -> 409 | M42: 200 | N42: 210 | O42: 410 | P42: 204 | Q42: 206 | R42: 410 | S42: 75°13'31.948"E | T42: 24°11'5.084"N | U42: 522907.21 | V42: 2674699.2 | X42: Nahargarh | Y42: Sitamau | Z42: MP
F43: 396 | W43: GUAVA GARDEN, CART TRACK, ORANGE GARDEN
A44: 18 | C44: 5/5 | D44: DA+0 | H44: =H42+F43 -> 6729.428 | I44: 409.91 | J44: 72.5 | K44: =F43+F45 -> 781 | L44: =K44/2 -> 390.5 | M44: 186 | N44: 194 | O44: 380 | P44: 190 | Q44: 194 | R44: 384 | S44: 75°13'45.65"E | T44: 24°11'2.29"N | U44: 523294.01 | V44: 2674614.3 | X44: Nahargarh | Y44: Sitamau | Z44: MP
F45: 385 | W45: 11KV LINE, CART TRACK, WELL, 11KV T POINT
A46: 19 | C46: 5/6 | D46: DA+0 | H46: =H44+F45 -> 7114.428 | I46: 409.514 | J46: 72.5 | K46: =F45+F47 -> 723 | L46: =K46/2 -> 361.5 | M46: 191 | N46: 188 | O46: 379 | P46: 191 | Q46: 182 | R46: 373 | S46: 75°13'58.978"E | T46: 24°10'59.603"N | U46: 523670.07 | V46: 2674531.8 | X46: Nahargarh | Y46: Sitamau | Z46: MP
F47: 338 | W47: LT LINE, SAMADHI, WELL, CART TRACK
A48: 20 | C48: 5/7 | D48: DA(-)3 | H48: =H46+F47 -> 7452.428 | I48: 409.625 | J48: 69.5 | K48: =F47+F49 -> 662 | L48: =K48/2 -> 331 | M48: 151 | N48: 146 | O48: 297 | P48: 157 | Q48: 152 | R48: 309 | S48: 75°14'10.676"E | T48: 24°10'57.23"N | U48: 524000.22 | V48: 2674459.4 | X48: Nahargarh | Y48: Sitamau | Z48: MP
F49: 324 | W49: NALA, METAL ROAD, WELL, CART TRACK
A50: 21 | B50: AP6/0 | C50: 6/0 | D50: DC2+0 | E50: 28° 53' 29"RT | G50: =SUM(F35:F49) -> 3009 | H50: =H48+F49 -> 7776.428 | I50: 408.99 | J50: 70.72 | K50: =F49+F51 -> 704 | L50: =K50/2 -> 352 | M50: 178 | N50: 203 | O50: 381 | P50: 173 | Q50: 199 | R50: 372 | S50: 75°14'21.884"E | T50: 24°10'54.956"N | U50: 524316.58 | V50: 2674390 | X50: Nahargarh | Y50: Sitamau | Z50: MP
F51: 380 | W51: CART TRACK
A52: 22 | C52: 6/1 | D52: DA(-)1.5 | H52: =H50+F51 -> 8156.428 | I52: 408.326 | J52: 71 | K52: =F51+F53 -> 754 | L52: =K52/2 -> 377 | M52: 178 | N52: 161 | O52: 339 | P52: 182 | Q52: 169 | R52: 351 | S52: 75°14'31.994"E | T52: 24°10'46.792"N | U52: 524602.22 | V52: 2674139.4 | X52: Nahargarh | Y52: Sitamau | Z52: MP
F53: 374 | W53: CART TRACK, ORANGE GARDEN, 33 KV LINE, WELL, LT LINE, LT T POINT, 11KVTF, 11 KV LINE (TO BE DIVERTED)
A54: 23 | C54: 6/2 | D54: DA+1.5 | H54: =H52+F53 -> 8530.428 | I54: 409.895 | J54: 74 | K54: =F53+F55 -> 789 | L54: =K54/2 -> 394.5 | M54: 213 | N54: 196 | O54: 409 | P54: 205 | Q54: 200 | R54: 405 | S54: 75°14'41.93"E | T54: 24°10'38.73"N | U54: 524883.36 | V54: 2673892.8 | X54: Nahargarh | Y54: Sitamau | Z54: MP
F55: 415 | W55: 11 KV LINE , 11KV T POINT
A56: 24 | C56: 6/3 | D56: DA+1.5 | H56: =H54+F55 -> 8945.428 | I56: 412.132 | J56: 74 | K56: =F55+F57 -> 801 | L56: =K56/2 -> 400.5 | M56: 219 | N56: 192 | O56: 411 | P56: 215 | Q56: 192 | R56: 407 | S56: 75°14'52.982"E | T56: 24°10'29.838"N | U56: 525195.31 | V56: 2673619.1 | X56: Nahargarh | Y56: Sitamau | Z56: MP
F57: 386 | W57: METAL ROAD, LT LINE, CART TRACK, 11 KV LINE
A58: 25 | B58: AP7/0 | C58: 7/0 | D58: DC2+0 | E58: 22° 44' 15"LT | G58: =SUM(F51:F57) -> 1555 | H58: =H56+F57 -> 9331.428 | I58: 413.89 | J58: 70.72 | K58: =F57+F59 -> 738 | L58: =K58/2 -> 369 | N58: 178 | O58: 178 | Q58: 179 | R58: 179 | S58: 75°15'3.249"E | T58: 24°10'21.544"N | U58: 525485.46 | V58: 2673364.5 | X58: Khajuri_chandrawat | Y58: Sitamau | Z58: MP
F59: 352 | W59: LT line & Cart track
A60: 26 | C60: 7/1 | D60: DA+0 | H60: =H58+F59 -> 9683.428 | I60: 413.39 | J60: 72.5 | K60: =F59+F61 -> 744 | L60: =K60/2 -> 372 | M60: 174 | N60: 200 | O60: 374 | P60: 173 | Q60: 202 | R60: 375 | S60: 75° 15' 15.02"E | T60: 24° 10' 17.75"N | U60: 525817.81 | V60: 2673248.5 | X60: Khajuri_chandrawat | Y60: Sitamau | Z60: MP
F61: 392 | W61: 11kV line & Cart track
A62: 27 | C62: 7/2 | D62: DA+0 | H62: =H60+F61 -> 10075.428 | I62: 412.24 | J62: 72.5 | K62: =F61+F63 -> 773 | L62: =K62/2 -> 386.5 | M62: 192 | N62: 195 | O62: 387 | P62: 190 | Q62: 198 | R62: 388 | S62: 75° 15' 28.13"E | T62: 24° 10' 13.53"N | U62: 526187.92 | V62: 2673119.4 | X62: Khajuri_chandrawat | Y62: Sitamau | Z62: MP
F63: 381 | W63: Cart track
A64: 28 | C64: 7/3 | D64: DA+0 | H64: =H62+F63 -> 10456.428 | I64: 410.96 | J64: 72.5 | K64: =F63+F65 -> 771 | L64: =K64/2 -> 385.5 | M64: 186 | N64: 190 | O64: 376 | P64: 183 | Q64: 187 | R64: 370 | S64: 75° 15' 40.87"E | T64: 24° 10' 9.43"N | U64: 526547.65 | V64: 2672993.8 | X64: Khajuri_chandrawat | Y64: Sitamau | Z64: MP
F65: 390 | W65: LT line, Cart track & Nala
A66: 29 | C66: 7/4 | D66: DA+0 | H66: =H64+F65 -> 10846.428 | I66: 412.34 | J66: 72.5 | K66: =F65+F67 -> 781 | L66: =K66/2 -> 390.5 | M66: 200 | N66: 188 | O66: 388 | P66: 203 | Q66: 185 | R66: 388 | S66: 75° 15' 53.91"E | T66: 24° 10' 5.23"N | U66: 526915.87 | V66: 2672865.3 | X66: Khajuri_chandrawat | Y66: Sitamau | Z66: MP
F67: 391 | W67: 11kV line, LT line & Cart track
A68: 30 | B68: AP8/0 | C68: 8/0 | D68: DB1+0 | E68: 2° 0' 34"RT | G68: =SUM(F59:F67) -> 1906 | H68: =H66+F67 -> 11237.428 | I68: 414.33 | J68: 70.72 | K68: =F67+F69 -> 722 | L68: =K68/2 -> 361 | M68: 203 | N68: 155 | O68: 358 | P68: 206 | Q68: 150 | R68: 356 | S68: 75° 16' 6.98"E | T68: 24° 10' 1.02"N | U68: 527284.94 | V68: 2672736.5 | X68: Khajuri_chandrawat | Y68: Sitamau | Z68: MP
F69: 331 | W69: Cart track & Nala
A70: 31 | C70: 8/1 | D70: DA+0 | H70: =H68+F69 -> 11568.428 | I70: 416.74 | J70: 72.5 | K70: =F69+F71 -> 735 | L70: =K70/2 -> 367.5 | M70: 176 | N70: 177 | O70: 353 | P70: 181 | Q70: 165 | R70: 346 | S70: 75° 16' 17.91"E | T70: 24° 9' 57.1"N | U70: 527593.44 | V70: 2672616.6 | X70: Khajuri_chandrawat | Y70: Sitamau | Z70: MP
F71: 404 | W71: LT line & Cart track
A72: 32 | C72: 8/2 | D72: DA+3 | H72: =H70+F71 -> 11972.428 | I72: 420.745 | J72: 75.5 | K72: =F71+F73 -> 814 | L72: =K72/2 -> 407 | M72: 227 | N72: 195 | O72: 422 | P72: 239 | Q72: 190 | R72: 429 | S72: 75° 16' 31.24"E | T72: 24° 9' 52.31"N | U72: 527969.98 | V72: 2672470.2 | X72: Khajuri_chandrawat | Y72: Sitamau | Z72: MP
F73: 410 | W73: 11kV line, LT line & Cart track
A74: 33 | C74: 8/3 | D74: DA+3 | H74: =H72+F73 -> 12382.428 | I74: 423.53 | J74: 75.5 | K74: =F73+F75 -> 808 | L74: =K74/2 -> 404 | M74: 215 | N74: 203 | O74: 418 | P74: 220 | Q74: 205 | R74: 425 | S74: 75° 16' 44.77"E | T74: 24° 9' 47.46"N | U74: 528352.12 | V74: 2672321.6 | X74: Khajuri_chandrawat | Y74: Sitamau | Z74: MP
F75: 398 | W75: LT line & Cart track
A76: 34 | C76: 8/4 | D76: DA+3 | H76: =H74+F75 -> 12780.428 | I76: 422.4 | J76: 75.5 | K76: =F75+F77 -> 830 | L76: =K76/2 -> 415 | M76: 195 | N76: 242 | O76: 437 | P76: 193 | Q76: 254 | R76: 447 | S76: 75° 16' 57.91"E | T76: 24° 9' 42.74"N | U76: 528723.06 | V76: 2672177.4 | X76: Khajuri_chandrawat | Y76: Sitamau | Z76: MP
F77: 432 | W77: 33kV line, 11kV line, Metal road, Cart track & nala
A78: 35 | C78: 8/5 | D78: DA+0 | H78: =H76+F77 -> 13212.428 | I78: 417.72 | J78: 72.5 | K78: =F77+F79 -> 788 | L78: =K78/2 -> 394 | M78: 190 | N78: 174 | O78: 364 | P78: 178 | Q78: 173 | R78: 351 | S78: 75° 17' 12.17"E | T78: 24° 9' 37.63"N | U78: 529125.7 | V78: 2672020.9 | X78: Beti_khedi | Y78: Sitamau | Z78: MP
F79: 356 | W79: Cart track
A80: 36 | C80: 8/6 | D80: DA+0 | H80: =H78+F79 -> 13568.428 | I80: 418.57 | J80: 72.5 | K80: =F79+F81 -> 764 | L80: =K80/2 -> 382 | M80: 182 | N80: 228 | O80: 410 | P80: 183 | Q80: 238 | R80: 421 | S80: 75° 17' 23.92"E | T80: 24° 9' 33.41"N | U80: 529457.5 | V80: 2671891.8 | X80: Rojafatehag | Y80: Sitamau | Z80: MP
F81: 408 | W81: 11kV line & Cart track
A82: 37 | C82: 8/7 | D82: DA+0 | H82: =H80+F81 -> 13976.428 | I82: 412 | J82: 72.5 | K82: =F81+F83 -> 823 | L82: =K82/2 -> 411.5 | M82: 180 | N82: 208 | O82: 388 | P82: 170 | Q82: 208 | R82: 378 | S82: 75° 17' 37.38"E | T82: 24° 9' 28.58"N | U82: 529837.77 | V82: 2671744 | X82: Rojafatehag | Y82: Sitamau | Z82: MP
F83: 415 | W83: LT line, Nala & Cart track
A84: 38 | C84: 8/8 | D84: DA+3 | H84: =H82+F83 -> 14391.428 | I84: 408.975 | J84: 75.5 | K84: =F83+F85 -> 786 | L84: =K84/2 -> 393 | M84: 207 | N84: 216 | O84: 423 | P84: 207 | Q84: 230 | R84: 437 | S84: 75° 17' 51.08"E | T84: 24° 9' 23.66"N | U84: 530224.57 | V84: 2671593.6 | X84: Rojafatehag | Y84: Sitamau | Z84: MP
F85: 371 | W85: Nala
A86: 39 | C86: 8/9 | D86: DA(-)3 | H86: =H84+F85 -> 14762.428 | I86: 407.29 | J86: 69.5 | K86: =F85+F87 -> 735 | L86: =K86/2 -> 367.5 | M86: 155 | N86: 162 | O86: 317 | P86: 141 | Q86: 153 | R86: 294 | S86: 75°18'3.31"E | T86: 24° 9'19.26"N | U86: 530570.35 | V86: 2671459.2 | X86: Rojafatehag | Y86: Sitamau | Z86: MP
F87: 364 | W87: 11kV line & Cart track
A88: 40 | C88: 8/10 | D88: DA+0 | H88: =H86+F87 -> 15126.428 | I88: 409.2 | J88: 72.5 | K88: =F87+F89 -> 779 | L88: =K88/2 -> 389.5 | M88: 202 | N88: 205 | O88: 407 | P88: 211 | Q88: 204 | R88: 415 | S88: 75°18'15.31"E | T88: 24° 9'14.95"N | U88: 530909.61 | V88: 2671327.2 | X88: Rojafatehag | Y88: Sitamau | Z88: MP
F89: 415 | W89: 11kV line, metal road & Nala
A90: 41 | B90: AP9/0 | C90: 9/0 | D90: DB2+0 | E90: 9° 24' 57"LT | G90: =SUM(F69:F89) -> 4304 | H90: =H88+F89 -> 15541.428 | I90: 409.93 | J90: 70.72 | K90: =F89+F91 -> 804 | L90: =K90/2 -> 402 | M90: 210 | N90: 181 | O90: 391 | P90: 211 | Q90: 175 | R90: 386 | S90: 75° 18' 29.02" | T90: 24° 9' 10.04" | U90: 531296.31 | V90: 2671176.9 | X90: Halu_Khedi | Y90: Sitamau | Z90: MP
F91: 389 | W91: LT line
A92: 42 | C92: 9/1 | D92: DA+3 | H92: =H90+F91 -> 15930.428 | I92: 410.47 | J92: 75.5 | K92: =F91+F93 -> 785 | L92: =K92/2 -> 392.5 | M92: 208 | N92: 205 | O92: 413 | P92: 214 | Q92: 209 | R92: 423 | S92: 75° 18' 42.51" | T92: 24° 9' 7.42" | U92: 531677.04 | V92: 2671097.1 | X92: Halu_Khedi | Y92: Sitamau | Z92: MP
F93: 396 | W93: Nala
A94: 43 | C94: 9/2 | D94: DA+0 | H94: =H92+F93 -> 16326.428 | I94: 411.48 | J94: 72.5 | K94: =F93+F95 -> 835 | L94: =K94/2 -> 417.5 | M94: 191 | N94: 190 | O94: 381 | P94: 187 | Q94: 176 | R94: 363 | S94: 75° 18' 56.24" | T94: 24° 9' 4.75" | U94: 532064.63 | V94: 2671016 | X94: Halu_Khedi | Y94: Sitamau | Z94: MP
F95: 439 | W95: 11kV line
A96: 44 | C96: 9/3 | D96: DA+6 | H96: =H94+F95 -> 16765.428 | I96: 414.42 | J96: 78.5 | K96: =F95+F97 -> 820 | L96: =K96/2 -> 410 | M96: 249 | N96: 204 | O96: 453 | P96: 263 | Q96: 210 | R96: 473 | S96: 75° 19' 11.45" | T96: 24° 9' 1.79" | U96: 532494.3 | V96: 2670926 | X96: Rupni | Y96: Sitamau | Z96: MP
F97: 381 | W97: 11kV line
A98: 45 | B98: AP10/0 | C98: 10/0 | D98: DB1+0 | E98: 4° 31' 7"RT | G98: =SUM(F91:F97) -> 1605 | H98: =H96+F97 -> 17146.428 | I98: 416.975 | J98: 70.72 | K98: =F97+F99 -> 767 | L98: =K98/2 -> 383.5 | M98: 220 | N98: 188 | O98: 408 | P98: 210 | Q98: 190 | R98: 400 | S98: 75°19'24.673" | T98: 24°8'59.22" | U98: 532867.52 | V98: 2670847.8 | X98: Rupni | Y98: Sitamau | Z98: MP
F99: 386 | W99: 33kV line,2no's LT line, Metal road & 2no's nala
A100: 46 | C100: 10/1 | D100: DA+0 | H100: =H98+F99 -> 17532.428 | I100: 418.018 | J100: 72.5 | K100: =F99+F101 -> 742 | L100: =K100/2 -> 371 | M100: 199 | N100: 176 | O100: 375 | P100: 198 | Q100: 177 | R100: 375 | S100: 75°19'37.789" | T100: 24°8'55.66" | U100: 533237.92 | V100: 2670739.1 | X100: Rupni | Y100: Sitamau | Z100: MP
...

Sheet Sheet1
D3: VC-765kV MKTL'!A1
E5: FOUNDATION!A1
E6: EARTHING!A1
E7: ERECTION!A1
E8: TS!A1

Sheet SURVEY SUMMARY
A1: Original Route alignment | B1: KM | C1: 118.288 | D1: 106.341 | E1: 106.341
A2: Detailed Survey | B2: KM | C2: 118.288 | D2: 106.341 | E2: 106.341
A3: Diverted Route Alignment | B3: KM | C3: 0 | D3: 1.558 | E3: Pending | G3: TRUE
A4: Check Survey | B4: KM | C4: 118.288 | D4: 106.341 | E4: 106.341
A5: Crossing Proposals
A6: Power line Crossings | B6: Nos | C6: 9 | D6: 8 | E6: 8
A7: NH Crossing | B7: Nos | C7: 3 | D7: 1 | E7: 1
A8: Railway crossing | B8: Nos | C8: 1 | D8: 1 | E8: NOC Received
A9: Aviation/Defence proposal | B9: Nos | C9: 1 | D9: 1 | E9: NOC Received
A10: Major river crossing | B10: Nos | C10: 1 | D10: 0 | E10: 0
A11: Forest | B11: Nos | C11: 0 | D11: 1 | H11: TRUE
A12: Other Crossings (Specify) | B12: Nos
A13: Original Route alignment | B13: KM | C13: 117.85085 | D13: 117.85085 | E13: 117.85085
A14: Detailed Survey | B14: KM | C14: 117.85085 | D14: 117.85085 | E14: 117.85085
A15: Diverted Route Alignment | B15: KM | C15: 0 | D15: 0 | E15: 0
A16: Check Survey | B16: KM | C16: =C13 -> 117.85085 | D16: =D13 -> 117.85085 | E16: =E13 -> 117.85085
A17: Crossing Proposals
A18: Power line Crossings | B18: Nos | C18: 6 | D18: 6 | E18: 6
A19: NH Crossing | B19: Nos | C19: 2 | D19: 2 | E19: 1 | G19: TRUE
A20: Railway crossing | B20: Nos | C20: 1 | D20: 1 | E20: 0 | G20: TRUE
A21: Aviation/Defence proposal | B21: Nos | C21: 1 | D21: 1 | E21: 1
A22: Major river crossing | B22: Nos | C22: 0 | D22: 0 | E22: 0
A23: Forest | B23: Nos | C23: 2 | D23: 2 | E23: 0 | G23: TRUE
A24: Other Crossings (Specify) | B24: Nos
A25: Original Route alignment | B25: KM | C25: 78.579 | D25: 78.579 | E25: 78.579
A26: Detailed Survey | B26: KM | C26: 78.579 | D26: 78.579 | E26: 78.579 | F26: TRUE
A27: Diverted Route Alignment | B27: KM | C27: 0 | D27: 0 | E27: 0
A28: Check Survey | B28: KM | C28: 66.683 | D28: 53.932 | E28: 53.932 | F28: TRUE
A29: Crossing Proposals
A30: Power line Crossings | B30: Nos | C30: 2 | D30: 1 | E30: 1 | F30: TRUE
A31: NH Crossing | B31: Nos | C31: 0 | D31: 0 | E31: 0
A32: Railway crossing | B32: Nos | C32: 0 | D32: 0 | E32: 0
A33: Aviation/Defence proposal | B33: Nos | C33: 0 | D33: 0 | E33: 0 | F33: TRUE
A34: Major river crossing | B34: Nos | C34: 0 | D34: 0 | E34: 0
A35: Forest | B35: Nos | C35: 1 | D35: 1 | E35: 0 | F35: TRUE
A36: Other Crossings (Specify) | B36: Nos
A37: Original Route alignment | B37: KM | C37: 136.706 | D37: 136.706 | E37: 136.706
A38: Detailed Survey | B38: KM | C38: 136.706 | D38: 136.706 | E38: 133.729 | F38: TRUE
A39: Diverted Route Alignment | B39: KM | C39: 0 | D39: 0 | E39: 0
A40: Check Survey | B40: KM | C40: 136.706 | D40: 133.729 | E40: 133.083 | F40: TRUE
A41: Crossing Proposals
A42: Power line Crossings | B42: Nos | C42: 12 | D42: 12 | E42: 0
A43: NH Crossing | B43: Nos | C43: 2 | D43: 2 | E43: 0
A44: Railway crossing | B44: Nos | C44: 1 | D44: 1 | E44: 0 | G44: TRUE
A45: Aviation/Defence proposal | B45: Nos | C45: 1 | D45: 1 | E45: 0
A46: Major river crossing | B46: Nos | C46: 0 | D46: 0 | E46: 0
A47: Forest | B47: Nos | C47: 25 | D47: 25 | E47: 0
A48: Other Crossings (Specify) | B48: Nos | C48: 1 | D48: 1 | E48: 0
A49: Original Route alignment | B49: KM | C49: 222.811 | D49: 222.811 | E49: 222.811
A50: Detailed Survey | B50: KM | C50: 222.811 | D50: 205.936 | E50: 199.134 | F50: TRUE
A51: Diverted Route Alignment | B51: KM | C51: 0 | D51: 0 | E51: 0
A52: Check Survey | B52: KM | C52: 222.811 | D52: 199.134 | E52: 199.134 | F52: TRUE
A53: Crossing Proposals
A54: Power line Crossings | B54: Nos | C54: 19 | D54: 17 | E54: 8 | F54: TRUE
A55: NH Crossing | B55: Nos | C55: 8 | D55: 8 | E55: 0 | F55: TRUE
A56: Railway crossing | B56: Nos | C56: 3 | D56: 3 | E56: 0
A57: Aviation/Defence proposal | B57: Nos | C57: 2 | D57: 0 | E57: 0
A58: Major river crossing | B58: Nos | C58: 0 | D58: 0 | E58: 0
A59: Forest | B59: Nos | C59: 1 | D59: 1 | E59: 0
A60: Other Crossings (Gas/oil pipe line) | B60: Nos | C60: 7 | D60: 7 | E60: 0 | F60: TRUE
A61: Original Route alignment | B61: KM | C61: 123.182 | D61: 123.182 | E61: 110.754 | F61: TRUE
A62: Detailed Survey | B62: KM | C62: 123.182 | D62: 105.651 | E62: 105.651 | F62: TRUE
A63: Diverted Route Alignment | B63: KM | C63: 0 | D63: 0 | E63: 0
A64: Check Survey | B64: KM | C64: 123.182 | D64: 60.862 | E64: 60.862 | F64: TRUE
A65: Crossing Proposals
A66: Power line Crossings | B66: Nos | C66: 6 | D66: 6 | E66: 6
A67: NH Crossing | B67: Nos | C67: 2 | D67: 1 | E67: 0 | F67: TRUE
A68: Railway crossing | B68: Nos | C68: 1 | D68: 1 | E68: 0 | F68: TRUE
A69: Aviation/Defence proposal | B69: Nos | C69: 0 | D69: 0 | E69: 0
A70: Major river crossing | B70: Nos | C70: 0 | D70: 0 | E70: 0
A71: Forest | B71: Nos | C71: 1 | D71: 0 | E71: 0
A72: Gas/Oil Pipe line | B72: Nos | C72: 1 | D72: 0 | E72: 0
A73: Canal | B73: Nos | C73: 1 | D73: 0 | E73: 0
A74: Other Crossings (State Highway) | B74: Nos | C74: 0 | D74: 0 | E74: 0
A75: Original Route alignment | B75: KM | C75: 122.071 | D75: 122.071 | E75: 122.071
A76: Detailed Survey | B76: KM | C76: 122.071 | D76: 122.071 | E76: 122
A77: Diverted Route Alignment | B77: KM | D77: 0 | E77: 0
A78: Check Survey | B78: KM | C78: 122.071 | D78: 122.071 | E78: 122
A79: Crossing Proposals
A80: Power line Crossings | B80: Nos | C80: 27 | D80: 27 | E80: 17 | G80: TRUE
A81: NH Crossing | B81: Nos | C81: 7 | D81: 7 | E81: 0 | G81: TRUE
A82: Railway crossing | B82: Nos | C82: 5 | D82: 5 | E82: 0 | G82: TRUE
A83: Aviation/Defence proposal | B83: Nos | C83: 1 | D83: 1 | E83: 0
A84: Major river crossing | B84: Nos | C84: 0 | D84: 0 | E84: 0
A85: Forest | B85: Nos | C85: 0 | D85: 0 | E85: 0
A86: Other Crossings (State Highway) | B86: Nos | C86: 10 | D86: 10 | E86: 0
A87: Original Route alignment | B87: KM | C87: 115.134 | D87: 115.134 | E87: 115.134
A88: Detailed Survey | B88: KM | C88: 115.134 | D88: 115.134 | E88: 115.134
A89: Diverted Route Alignment | B89: KM | C89: 0 | D89: 0 | E89: 0
A90: Check Survey | B90: KM | C90: 115.134 | D90: 115.134 | E90: 115.134
A91: Crossing Proposals
A92: Power line Crossings | B92: Nos | C92: 21 | D92: 21 | E92: 21
A93: NH Crossing | B93: Nos | C93: 3 | D93: 3 | E93: 3
A94: Railway crossing | B94: Nos | C94: 3 | D94: 3 | E94: 3
A95: Aviation/Defence proposal | B95: Nos | C95: 1 | D95: 1 | E95: 0 | F95: TRUE
A96: Major river crossing | B96: Nos | C96: 1 | D96: 1 | E96: 1
A97: Forest | B97: Nos | C97: 1 | D97: 1 | E97: 0 | F97: TRUE
A98: Other Crossings (State Highway) | B98: Nos | C98: 4 | D98: 4 | E98: 4
A99: Original Route alignment | B99: KM | C99: 127.83 | D99: 127.83 | E99: 127.83
A100: Detailed Survey | B100: KM | C100: 127.83 | D100: 123.958 | E100: 123.958 | F100: TRUE
...

Sheet SURVEY STATUS 
A1: TA-509 765 KV D/C Mandsaur - Kurawar (Part-1)Transmission Line(WZ-4)
A2: Sl No | B2: SL NO. | C2: AP NO | D2: Towe Type | E2: AP No | F2: Tower Type | G2: Type of Crossings | H2: Line Name | I2: LINE OWNER | J2: Status | K2: Proposal Submitted (Y/N) | L2: Inspection Status (Y/N) | M2: Remarks
A3: 1 | B3: 1 | C3: 11/0 | D3: DD60+25 | E3: 12/0 | F3: DD60+25 (1 MRC) | G3: POWERLINE-XING | H3: EXISTING 400 KV DC NEEMUCH-MANDSAUR TRANSMISSION LINE | I3: Power Grid | J3: APPROVAL-AWAITED | K3: SUBMITTED | L3: JOINT INSPECTION DONE BY 04.06.2025
A4: =A3+1 -> 2 | B4: 2 | C4: 25/0 | D4: DC2+1 | E4: 26/0 | F4: DC2+12 | G4: POWERLINE-XING | H4: 220 KV DC MANDSAUR - NIPANIA TL | I4: MPPTCL | J4: APPROVAL-AWAITED | K4: SUBMITTED | L4: JOINT INSPECTION DONE BY 04.06.2025
A5: =A4+1 -> 3 | B5: 3 | C5: 28/0 | D5: DD45+6 | E5: 29/0 | F5: DD45+18 | G5: POWERLINE-XING | H5: 220 KV DC SITAMAU-SUWASRA OHTL MPPTCL | I5: MPPTCL | J5: APPROVAL-AWAITED | K5: SUBMITTED | L5: JOINT INSPECTION DONE BY 04.06.2025
A6: =A5+1 -> 4 | B6: 4 | C6: 33/0 | D6: DD45+9 | E6: 34/0 | F6: DC1+3 | G6: POWERLINE-XING | H6: 132KV D/C SUWASARA - BADOD TL (Joint joint inspection Done) | I6: MPPTCL | J6: APPROVAL-AWAITED | K6: SUBMITTED | L6: JOINT INSPECTION DONE BY 04.06.2025
A7: =A6+1 -> 5 | B7: 5 | C7: 37/0 | D7: DD45+12 | E7: 38/0 | F7: DD45+9 | G7: POWERLINE-XING | H7: 220 KV OHTL DC BHANPUR-BAROD MPPTCL | I7: MPPTCL | J7: APPROVAL-AWAITED | K7: SUBMITTED | L7: JOINT INSPECTION DONE BY 04.06.2025
A8: =A11+1 -> 8 | B8: 6 | C8: 42/0 | D8: DC1+3 | E8: 43/0 | F8: DC1+6 | G8: POWERLINE-XING | H8: 132 KV SC BHAWANI MANDI - DAG T/L (RRVPNL) | I8: RVPNL | J8: APPROVAL-AWAITED | K8: SUBMITTED | L8: JOINT INSPECTION DONE BY 26.06.2025
B9: 7 | C9: 50/0 | D9: DC2+18 | E9: 51/0 | F9: DD60+9 | G9: POWERLINE-XING | H9: 220 KV S/C SUSNER - PACHORA T/L | I9: RTL | J9: APPROVAL-AWAITED | K9: SUBMITTED | L9: JOINT INSPECTION PENDING
A10: =A7+1 -> 6 | B10: 8 | C10: 54/0 | D10: DD45+9 | E10: 55/0 | F10: DC2+2 | G10: POWERLINE-XING | H10: 220kV D/C Badod-Nalkheda T/Line | I10: MPPTCL | J10: - | K10: NOT SUBMITTED YET | L10: PENDING DUE TO FINALIZATION OF SURVEY FOR AVOIDING FOREST IN B/T 52/0-58/0
A11: =A10+1 -> 7 | B11: 9 | C11: 62/0 | D11: DB1+12 | E11: 63/0 | F11: DC2+2 | G11: POWERLINE-XING | H11: 132 KV DC CKT-1 AGAR -SUSNER , CKT-2 AGAR - NALKHEDA OHTL | I11: MPPTCL | J11: APPROVAL-AWAITED | K11: SUBMITTED | L11: JOINT INSPECTION PENDING
A12: =A8+1 -> 9 | B12: 10 | C12: 17/0 | D12: DB2+3 | E12: 18/0 | F12: DD45+0 | G12: NH-XING | H12: NE-4 DELHI MUMBAI EXPRESSWAY | I12: NHAI | J12: APPROVAL-AWAITED | K12: SUBMITTED | L12: JOINT INSPECTION PENDING
A13: =A12+1 -> 10 | B13: 11 | C13: 35/0 | D13: DB2+3 | E13: 36/0 | F13: DC2+0 | G13: NH-XING | H13: NATIONAL HIGHWAY-752D | I13: NHAI | J13: APPROVAL-AWAITED | K13: SUBMITTED | L13: JOINT INSPECTION PENDING
A14: =A13+1 -> 11 | B14: 12 | C14: 60/0 | D14: DC2+0 | E14: 61/0 | F14: DB1+0 | G14: NH-XING | H14: NATIONAL HIGHWAY-552G | I14: NHAI | J14: APPROVAL-AWAITED | K14: SUBMITTED | L14: JOINT INSPECTION PENDING
A15: =A14+1 -> 12 | B15: 13 | C15: 31/0 | D15: DD60+0 | E15: 32/0 | F15: DD60+9 | G15: RAILWAY-XING | H15: Between Suwasra & Nathukheri Railway station BG | I15: INDIAN-RAILWAY KOTA DIVISION | J15: APPROVAL-AWAITED | K15: SUBMITTED | L15: JOINT INSPECTION DONE BY 27.06.2025 & REVISE INSPECTION PENDING

Sheet Erection productivity
A1: KEC International Limited - Gurgaon.
A2: Erection Productivity Gang wise - Nov'25
A3: Sr. No. | B3: Sub-Contractor Name | C3: Loc. No. | D3: Type of Tower | E3: Tower Weight (MT) | F3: Previous Month | G3: 01.11.25 (MT) | H3: 02.11.25 (MT) | I3: 03.11.25 (MT) | J3: 04.11.25 (MT) | K3: 05.11.25 (MT) | L3: 06.11.25 (MT) | M3: 07.11.25 (MT) | N3: 08.11.25 (MT) | O3: 09.11.25 (MT) | P3: 10.11.25 (MT) | Q3: 11.11.25 (MT) | R3: 12.11.25 (MT) | S3: 13.11.25 (MT) | T3: 14.11.25 (MT) | U3: 15.11.25 (MT) | V3: 16.11.25 (MT) | W3: 17.11.25 (MT) | X3: 18.11.25 (MT) | Y3: 19.11.25 (MT) | Z3: 20.11.25 (MT) | AA3: 21.11.25 (MT) | AB3: 22.11.25 (MT) | AC3: 23.11.25 (MT) | AD3: 24.11.25 (MT) | AE3: 25.11.25 (MT) | AF3: 26.11.25 (MT) | AG3: 27.11.25 (MT) | AH3: 28.11.25 (MT) | AI3: 29.11.25 (MT) | AJ3: 30.11.25 (MT) | AK3: Cumulative Till dated | AL3: Status | AM3: Manpower/Gang
AM4: Plan | AN4: Actual | AO4: Shotfall
A5: 1 | B5: Devi Construction | C5: 9/2 | D5: DA+0 | E5: =36159.756/1000 -> 36.159756 | F5: 27.12 | G5: 4.519 | H5: 4.519 | AK5: =SUM(G5:AJ5) -> 9.038 | AL5: Completed | AM5: 10 | AN5: 5 | AO5: 6
A6: 2 | B6: Devi Construction | C6: 8/4 | D6: DA+3 | E6: =37931.088/1000 -> 37.931088 | I6: 7 | J6: 8 | K6: 7 | L6: 7.5 | M6: 7.7 | AK6: =SUM(G6:AJ6) -> 37.2 | AL6: Completed
A7: 3 | B7: Devi Construction | C7: 10/2 | D7: DA(-)3 | E7: =34789.81/1000 -> 34.78981 | N7: 6.78 | O7: 11 | P7: 9 | Q7: 8 | AK7: =SUM(G7:AJ7) -> 34.78 | AL7: Completed
A8: 4 | B8: Devi Construction | C8: 12/3 | D8: DA(-)3 | E8: =34789.81/1000 -> 34.78981 | R8: 5.78 | S8: 7 | T8: 8 | U8: 7 | V8: 7 | AK8: =SUM(G8:AJ8) -> 34.78 | AL8: Completed
A9: 5 | B9: Devi Construction | C9: 13/0 | D9: DB2+0 | E9: =59500.628/1000 -> 59.500628 | W9: 8 | X9: 3 | Y9: 3 | Z9: 4 | AA9: 1.5 | AB9: 3 | AC9: 4 | AD9: 8 | AE9: 8 | AF9: 8 | AG9: 9 | AK9: =SUM(G9:AJ9) -> 59.5 | AL9: Completed
A10: 6 | B10: Aravali Infra-1 | C10: 15/4 | D10: DA+6 | E10: =43804.424/1000 -> 43.804424 | V10: 6 | W10: 8 | X10: 4 | Y10: 4 | Z10: 4 | AA10: 2 | AB10: 2 | AC10: 4 | AD10: 4 | AE10: 5.8 | AK10: =SUM(G10:AJ10) -> 43.8 | AL10: Completed
A11: 7 | B11: Aravali Infra-2 | C11: 16/2 | D11: DA+0 | E11: =36159.756/1000 -> 36.159756 | V11: 2 | W11: 5 | X11: 3.8 | Y11: 5 | Z11: 3 | AA11: 5 | AB11: 3 | AC11: 4 | AD11: 5.359 | AK11: =SUM(G11:AJ11) -> 36.159 | AL11: Completed
A12: 8 | B12: Aravali Infra-3 | C12: 24/1 | D12: DA+0 | E12: =36159.756/1000 -> 36.159756 | AG12: 3 | AH12: 5 | AI12: 3 | AJ12: 1 | AK12: =SUM(G12:AJ12) -> 12
A13: 9 | B13: Jawala singh | C13: 5/1 | D13: DA(-)3 | E13: =34789.81/1000 -> 34.78981 | Z13: 8 | AA13: 8 | AB13: 5 | AC13: 6 | AD13: 3 | AE13: 4.78 | AK13: =SUM(G13:AJ13) -> 34.78 | AL13: Completed
A14: 10 | B14: Arawali infra-2 | C14: 15/9 | D14: DA+3 | E14: =37931.088/1000 -> 37.931088 | AF14: 3 | AG14: 5 | AH14: 5 | AI14: 3 | AJ14: 5 | AK14: =SUM(G14:AJ14) -> 21
A15: 11 | B15: Arawali infra-1 | C15: 15/3 | D15: DA+0 | E15: =36159.756/1000 -> 36.159756 | AG15: 3 | AH15: 6 | AI15: 5 | AJ15: 4 | AK15: =SUM(G15:AJ15) -> 18
A16: 12 | B16: DEVI CONST. | C16: 8/1 | D16: DA+0 | E16: =36159.756/1000 -> 36.159756 | AH16: 4 | AI16: 3 | AJ16: 3 | AK16: =SUM(G16:AJ16) -> 10
A17: 13 | B17: Jawala singh | C17: 5/5 | D17: DA+0 | E17: =36159.756/1000 -> 36.159756 | AK17: =SUM(G17:AJ17) -> 0
A18: 14 | AK18: =SUM(G18:AJ18) -> 0
AK19: =SUM(G19:AJ19) -> 0
A20: Total | AK20: =SUM(G20:AJ20) -> 0
