Workbook
Name __________________________b111121: #REF!
Name __________________________b111121: #REF!
Name _________________________b111121: #REF!
Name _________________________b111121: #REF!
Name ________________________b111121: #REF!
Name ________________________b111121: #REF!
Name _______________________b111121: #REF!
Name _______________________b111121: #REF!
Name ______________________b111121: #REF!
Name ______________________b111121: #REF!
Name ______________________TAB1: #REF!
Name _____________________b111121: #REF!
Name _____________________b111121: #REF!
Name _____________________TAB1: #REF!
Name ____________________b111121: #REF!
Name ____________________b111121: #REF!
Name ____________________KEY3: #REF!
Name ____________________KEY3: #REF!
Name ____________________TAB1: #REF!
Name ___________________b111121: #REF!
Name ___________________b111121: #REF!
Name ___________________KEY3: #REF!
Name ___________________KEY3: #REF!
Name ___________________TAB1: #REF!
Name __________________b111121: #REF!
Name __________________b111121: #REF!
Name __________________KEY3: #REF!
Name __________________KEY3: #REF!
Name __________________TAB1: #REF!
Name _________________b111121: #REF!
Name _________________b111121: #REF!
Name _________________KEY3: #REF!
Name _________________KEY3: #REF!
Name _________________TAB1: #REF!
Name ________________b111121: #REF!
Name ________________b111121: #REF!
Name ________________KEY3: #REF!
Name ________________KEY3: #REF!
Name ________________TAB1: #REF!
Name _______________b111121: #REF!
Name _______________b111121: #REF!
Name _______________KEY3: #REF!
Name _______________KEY3: #REF!
Name _______________TAB1: #REF!
Name ______________b111121: #REF!
Name ______________b111121: #REF!
Name ______________TAB1: #REF!
Name _____________A65537: #REF!
Name _____________A65537: #REF!
Name _____________b111121: #REF!
Name _____________b111121: #REF!
Name _____________TAB1: #REF!
Name ____________A655600: #REF!
Name ____________A655600: #REF!
Name ____________b111121: #REF!
Name ____________b111121: #REF!
Name ____________KEY3: #REF!
Name ____________KEY3: #REF!
Name ____________TAB1: #REF!
Name ___________A65537: #REF!

Sheet Visual Chart 
B1: VISUAL PROGRESS CHART
B2: TL-02 765 KV D/C Kurnool IV - Bidar Transmission Line
B3: Foundation (Nos.):- | D3: =H15 -> 0 | E3: / 297 | F3: Erection (Nos.):- | I3: / 297 | J3: Earthing (Nos.):- | M3: / 297 | N3: Rough Sag (Kms):- | Q3: 113.292 | R3: Final Sag (Kms):- | U3: 113.292 | V3: Date:- | W3: ='Master Sheet'!H2 -> 08.01.2026
B4: COMPLETION CHART | C4: -3 | D4: +0 | E4: +3 | F4: +6 | G4: +9 | H4: Total | I4: Line Qty
J5: ERECTION | P5: Rough Sag | R5: SH / NH Road Crossing
J6: WIP | V6: River
B7: DA | H7: =SUM(C7:G7) -> 0 | K7: Type | M7: Angle Tower | R7: Gas Pipeline
B8: DB1 | H8: =SUM(C8:G8) -> 0 | J8: FOUNDATION
B9: DB2 | H9: =SUM(C9:G9) -> 0 | O9: Final Sag
B10: DC1 | H10: =SUM(C10:G10) -> 0
B11: DC2 | H11: =SUM(C11:G11) -> 0 | S11: Railway
B12: DCT | H12: =SUM(C12:G12) -> 0 | Q12: WIP
B13: DD45 | H13: =SUM(C13:G13) -> 0 | J13: Section Tower | K13: SC | S13: Crossing | V13: 110-800 KV
B14: DD60 | H14: =SUM(C14:G14) -> 0 | J14: TP | K14: TT | M14: Earthing | P14: OPGW | V14: Line
B15: Total Completed Foundations | H15: =SUM(H7:H14) -> 0 | I15: =SUM(I7:I14) -> 0
AB16: 110kv OHTL
AA18: SH -122
C19: 411 | E19: 432 | G19: 408 | I19: 433 | K19: 409 | M19: 432 | O19: 375 | Q19: 414 | S19: 403 | U19: 406 | W19: 319 | Y19: 384
B21: 48/0 | D21: 48/1 | F21: 48/2 | H21: 48/3 | J21: 48/4 | L21: 48/5 | N21: 48/6 | P21: 48/7 | R21: 49/0 | T21: 49/1 | V21: 49/2 | X21: 49/3
B22: 3DB1+0 | D22: 3DA+6 | F22: 3DA+0 | H22: 3DA+6 | J22: 3DA+3 | L22: 3DA+3 | N22: 3DA+3 | P22: 3DA+6 | R22: 3DC1+3 | T22: 3DA+0 | V22: 3DA+0 | X22: 3DA+0
C25: 385 | E25: 409 | G25: 369 | I25: 350 | K25: 395 | M25: 412 | O25: 366 | Q25: 383 | S25: 300 | U25: 393 | W25: 414 | Y25: 412
B27: 49/4 | D27: 49/5 | F27: 49/6 | H27: 49/7 | J27: 49/8 | L27: 49/9 | N27: 49/10 | P27: 49/11 | R27: 50/0 | T27: 50/1 | V27: 50/2 | X27: 50/3
B28: 3DA+0 | D28: 3DA+6 | F28: 3DA+0 | H28: 3DA+0 | J28: 3DA+0 | L28: 3DA+0 | N28: 3DA+0 | P28: 3DA+0 | R28: 3DC2+0 | T28: 3DA+0 | V28: 3DA+0 | X28: 3DA+3
C32: 377 | E32: 369 | G32: 369 | I32: 403 | K32: 374 | M32: 416 | O32: 424 | Q32: 401 | S32: 437 | U32: 369 | W32: 361 | Y32: 458
B34: 51/0 | D34: 51/1 | F34: 51/2 | H34: 51/3 | J34: 51/4 | L34: 51/5 | N34: 51/6 | P34: 51/7 | R34: 51/8 | T34: 51/9 | V34: 51/10 | X34: 52/0
B35: 3DC2+0 | D35: 3DA+3 | F35: 3DA+0 | H35: 3DA+0 | J35: 3DA+0 | L35: 3DA+0 | N35: 3DA+3 | P35: 3DA+3 | R35: 3DA+3 | T35: 3DA+3 | V35: 3DA+0 | X35: 3DB2+0
X36: RWY Xing | Y36: TDR-VBD
C39: 355 | E39: 347 | G39: 430 | I39: 408 | K39: 402 | M39: 411 | O39: 397 | Q39: 404 | S39: 398 | U39: 430 | W39: 320 | Y39: 230
B41: 52/1 | D41: 52/2 | F41: 52/3 | H41: 52/4 | J41: 53/0 | L41: 53/1 | N41: 53/2 | P41: 53/3 | R41: 53/4 | T41: 53/5 | V41: 53/6 | X41: 54/0
B42: 3DA+9 | D42: 3DA+0 | F42: 3DA+0 | H42: 3DA+0 | J42: 3DB2+3 | L42: 3DA+3 | N42: 3DA+0 | P42: 3DA+3 | R42: 3DA+3 | T42: 3DA+0 | V42: 3DA+3 | X42: 3DD60+0
C46: 339 | E46: 365 | G46: 409 | I46: 343 | K46: 352 | M46: 419 | O46: 410 | Q46: 413 | S46: 407 | U46: 352 | W46: 405 | Y46: 393
B48: 55/0 | D48: 55/1 | F48: 55/2 | H48: 55/3 | J48: 56/0 | L48: 56/1 | N48: 56/2 | P48: 56/3 | R48: 56/4 | T48: 56/5 | V48: 56/6 | X48: 56/7
B49: 3DD60+0 | D49: 3DA+0 | F49: 3DA+0 | H49: 3DA+0 | J49: 3DC1+0 | L49: 3DA+3 | N49: 3DA+3 | P49: 3DA+0 | R49: 3DA+3 | T49: 3DA+3 | V49: 3DA+0 | X49: 3DA+0
M50: 220KV D/C OHTL
M51: TDR-GBL
C53: 439 | E53: 398 | G53: 445 | I53: 355 | K53: 447 | M53: 215 | O53: 498 | Q53: 325 | S53: 388 | U53: 381 | W53: 349 | Y53: 373
B55: 56/8 | D55: 56/9 | F55: 56/10 | H55: 56/11 | J55: 56/12 | L55: 57/0 | N55: 58/0 | P55: 58/1 | R55: 58/2 | T55: 58/3 | V55: 59/0 | X55: 59/1
B56: 3DA+0 | D56: 3DA+6 | F56: 3DA+0 | H56: 3DA+0 | J56: 3DA+0 | L56: 3DC1+9 | N56: 3DB2+6 | P56: 3DA+6 | R56: 3DA+0 | T56: 3DA+3 | X56: 3DA+0
C60: 386 | E60: 429 | G60: 377 | I60: 405 | K60: 425 | M60: 344 | O60: 399 | Q60: 439 | S60: 403 | U60: 480 | W60: 535 | Y60: 389
B62: 59/2 | D62: 59/3 | F62: 59/4 | H62: 59/5 | J62: 60/0 | L62: 60/1 | N62: 60/2 | P62: 60/3 | R62: 60/4 | T62: 60/5 | V62: 60/6 | X62: 60/7
B63: 3DA+0 | D63: 3DA+0 | F63: 3DA+6 | H63: 3DA+0 | J63: 3DB2+0 | L63: 3DA+0 | N63: 3DA+0 | P63: 3DA+6 | R63: 3DA+0 | T63: 3DB1+6 | V63: 3DB1+9 | X63: 3DB1+9
E64: NH-163
E65: KDL-HYD
C67: 454 | E67: 247 | G67: 373 | I67: 401 | K67: 388 | M67: 328 | O67: 330 | Q67: 331 | S67: 361 | U67: 306 | W67: 336 | Y67: 278
B69: 60/8 | D69: 61/0 | F69: 62/0 | H69: 62/1 | J69: 62/2 | L69: 62/3 | N69: 62/4 | P69: 63/0 | R69: 63/1 | T69: 63/2 | V69: 63/3 | X69: 63/4
B70: 3DA+3 | D70: 3DB1+0 | F70: 3DC1+0 | H70: 3DA+0 | J70: 3DA+9 | L70: 3DA+0 | N70: 3DA+0 | P70: 3DC2+0 | R70: 3DA+0 | T70: 3DA+0 | V70: 3DA+0 | X70: 3DA+0
C74: 439 | E74: 401 | G74: 350 | I74: 335 | K74: 314 | M74: 421 | O74: 466 | Q74: 352 | S74: 403 | U74: 373 | W74: 362 | Y74: 351
B76: 64/0 | D76: 65/0 | F76: 65/1 | H76: 65/2 | J76: 65/3 | L76: 66/0 | N76: 66/1 | P76: 67/0 | R76: 67/1 | T76: 67/2 | V76: 67/3 | X76: 67/4
B77: 3DC2+0 | D77: 3DC2+3 | F77: 3DA+0 | H77: 3DA+3 | J77: 3DA+0 | L77: 3DC1+3 | N77: 3DB1+6 | P77: 3DD45+6 | R77: 3DA+9 | T77: 3DA+0 | V77: 3DA+0 | X77: 3DA+3
X78: 220KV D/C OHTL
Y79: TDR-MBR
C81: 361 | E81: 375 | G81: 425 | I81: 429 | K81: 350 | M81: 483 | O81: 453 | Q81: 388 | S81: 317 | U81: 324 | W81: 485 | Y81: 249
B83: 68/0 | D83: 68/1 | F83: 68/2 | H83: 69/0 | J83: 69/1 | L83: 69/2 | N83: 70/0 | P83: 70/1 | R83: 70/2 | T83: 70/3 | V83: 70/4 | X83: 71/0
B84: 3DB2+0 | D84: 3DA+3 | F84: 3DA+6 | H84: 3DB2+6 | J84: 3DA+9 | L84: 3DA+6 | N84: 3DC2+3 | P84: 3DA+9 | R84: 3DA+0 | T84: 3DA+0 | V84: 3DA+3 | X84: 3DC2+9
M85: NH-167N | W85: 132KV S/C OHTL
M86: KDL-KSG | W86: KSG-PRG
C88: 429 | E88: 399 | G88: 435 | I88: 404 | K88: 374 | M88: 250 | O88: 398 | Q88: 364 | S88: 380 | U88: 459 | W88: 206 | Y88: 385
B90: 72/0 | D90: 72/1 | F90: 73/0 | H90: 73/1 | J90: 73/2 | L90: 74/0 | N90: 75/0 | P90: 75/1 | R90: 75/2 | T90: 75/3 | V90: 76/0 | X90: 77/0
B91: 3DB2+9 | D91: 3DA+3 | F91: 3DB2+0 | H91: 3DA+6 | J91: 3DA+0 | L91: 3DC1+0 | N91: 3DC1+0 | P91: 3DA+3 | R91: 3DA+0 | T91: 3DA+0 | V91: 3DC1+9 | X91: 3DD45+6
C95: 372 | E95: 384 | G95: 400 | I95: 386 | K95: 398 | M95: 393 | O95: 387 | Q95: 378 | S95: 410 | U95: 368 | W95: 396 | Y95: 395
B97: 77/1 | D97: 77/2 | F97: 77/3 | H97: 77/4 | J97: 77/5 | L97: 77/6 | N97: 77/7 | P97: 77/8 | R97: 77/9 | T97: 77/10 | V97: 78/0 | X97: 78/1
B98: 3DA+0 | D98: 3DA+0 | F98: 3DA+0 | H98: 3DA+0 | J98: 3DA+0 | L98: 3DA+0 | N98: 3DA+0 | P98: 3DA+0 | R98: 3DA+0 | T98: 3DA+3 | V98: 3DC1+0 | X98: 3DA+3
AA100: NH-161B
C103: 414 | E103: 350 | G103: 356 | I103: 460 | K103: 379 | M103: 383 | O103: 400 | Q103: 421 | S103: 323 | U103: 312 | W103: 360 | Y103: 301
B105: 78/2 | D105: 78/3 | F105: 79/0 | H105: 79/1 | J105: 79/2 | L105: 79/3 | N105: 80/0 | P105: 80/1 | R105: 80/2 | T105: 80/3 | V105: 80/4 | X105: 80/5
B106: 3DA+3 | D106: 3DA+0 | F106: 3DC1+0 | H106: 3DA+3 | J106: 3DA+6 | L106: 3DA+9 | N106: 3DB2+9 | P106: 3DA+3 | R106: 3DA+3 | T106: 3DA+0 | V106: 3DA+0 | X106: 3DA+0
C110: 379 | E110: 394 | G110: 410 | I110: 404 | K110: 436 | M110: 437 | O110: 406 | Q110: 438 | S110: 412 | U110: 413 | W110: 328 | Y110: 385
B112: 80/6 | D112: 81/0 | F112: 81/1 | H112: 81/2 | J112: 81/3 | L112: 82/0 | N112: 82/1 | P112: 82/2 | R112: 83/0 | T112: 83/1 | V112: 83/2 | X112: 84/0
B113: 3DA+0 | D113: 3DD45+9 | F113: 3DA+0 | H113: 3DA+3 | J113: 3DA+0 | L113: 3DC1+9 | N113: 3DA+0 | P113: 3DA+6 | R113: 3DB2+6 | T113: 3DA+0 | V113: 3DA+3 | X113: 3DB1+0
C117: 415 | E117: 394 | G117: 362 | I117: 386 | K117: 425 | M117: 412 | O117: 337 | Q117: 323 | S117: 329 | U117: 315 | W117: 465 | Y117: 374
B119: 84/1 | D119: 84/2 | F119: 84/3 | H119: 84/4 | J119: 84/5 | L119: 84/6 | N119: 84/7 | P119: 85/0 | R119: 85/1 | T119: 85/2 | V119: 85/3 | X119: 85/4
B120: 3DA+6 | D120: 3DA+6 | F120: 3DA+0 | H120: 3DA+0 | J120: 3DA+0 | L120: 3DA+0 | N120: 3DA+0 | P120: 3DB1+6 | R120: 3DA+9 | T120: 3DA+6 | V120: 3DA+3 | X120: 3DA+3
C124: 400 | E124: 359 | G124: 468 | I124: 287 | K124: 416 | M124: 352 | O124: 361 | Q124: 426 | S124: 394 | U124: 384 | W124: 414 | Y124: 480
B126: 86/0 | D126: 86/1 | F126: 87/0 | H126: 88/0 | J126: 89/0 | L126: 89/1 | N126: 90/0 | P126: 90/1 | R126: 90/2 | T126: 90/3 | V126: 90/4 | X126: 90/5
B127: 3DC1+6 | D127: 3DA+3 | F127: 3DC1+3 | H127: 3DB1+9 | J127: 3DC1+6 | L127: 3DA+0 | N127: 3DB2+0 | P127: 3DA+3 | R127: 3DA+0 | T127: 3DA+3 | V127: 3DA+0 | X127: 3DB1+9
C131: 395 | E131: 329 | G131: 418 | I131: 467 | K131: 443 | M131: 311 | O131: 479 | Q131: 321 | S131: 506 | U131: 421 | W131: 421 | Y131: 406
B133: 91/0 | D133: 91/1 | F133: 91/2 | H133: 92/0 | J133: 92/1 | L133: 92/2 | N133: 93/0 | P133: 93/1 | R133: 93/2 | T133: 93/3 | V133: 94/0 | X133: 94/1
B134: 3DC2+3 | D134: 3DA+3 | F134: 3DA+6 | H134: 3DD45+0 | J134: 3DB1+9 | L134: 3DA+0 | N134: 3DB2+3 | P134: 3DA+3 | R134: 3DA+9 | T134: 3DB1+9 | V134: 3DC1+3 | X134: 3DA+0
C138: 435 | E138: 533 | G138: 265 | I138: 484 | K138: 611 | M138: 367 | O138: 469 | Q138: 371 | S138: 370 | U138: 327 | W138: 318 | Y138: 340
B140: 94/2 | D140: 94/3 | F140: 95/0 | H140: 96/0 | J140: 96/1 | L140: 96/2 | N140: 96/3 | P140: 96/4 | R140: 96/5 | T140: 96/6 | V140: 96/7 | X140: 96/8
B141: 3DA+3 | D141: 3DB1+9 | F141: 3DD45+9 | H141: 3DD45+9 | J141: 3DB1+0 | L141: 3DB1+0 | N141: 3DA+6 | P141: 3DA+3 | R141: 3DA+0 | T141: 3DA+0 | V141: 3DA+0 | X141: 3DA+0
C144: 396 | E144: 377 | G144: 398 | I144: 393 | K144: 374 | M144: 363 | O144: 349 | Q144: 386 | S144: 390 | U144: 417 | W144: 423 | Y144: 340
B146: 97/0 | D146: 97/1 | F146: 97/2 | H146: 97/3 | J146: 97/4 | L146: 98/0 | N146: 98/1 | P146: 98/2 | R146: 98/3 | T146: 98/4 | V146: 98/5 | X146: 99/0
B147: 3DB2+0 | D147: 3DA+3 | F147: 3DA+0 | H147: 3DA+0 | J147: 3DA+3 | L147: 3DC1+0 | N147: 3DA+0 | P147: 3DA+0 | R147: 3DA+0 | T147: 3DA+0 | V147: 3DA+6 | X147: 3DC1+0
C150: 365 | E150: 403 | G150: 382 | I150: 395 | K150: 385 | M150: 381 | O150: 395 | Q150: 403 | S150: 383 | U150: 386 | W150: 397 | Y150: 371
B152: 99/1 | D152: 99/2 | F152: 99/3 | H152: 99/4 | J152: 99/5 | L152: 99/6 | N152: 99/7 | P152: 99/8 | R152: 99/9 | T152: 99/10 | V152: 99/11 | X152: 99/12
B153: 3DA+0 | D153: 3DA+0 | F153: 3DA+3 | H153: 3DA+3 | J153: 3DA+0 | L153: 3DA+0 | N153: 3DA+0 | P153: 3DA+0 | R153: 3DA+0 | T153: 3DA+0 | V153: 3DA+0 | X153: 3DA+0
C156: 422 | E156: 417 | G156: 400 | I156: 421 | K156: 419 | M156: 402 | O156: 402 | Q156: 411 | S156: 355 | U156: 390 | W156: 380 | Y156: 390
B158: 100/0 | D158: 100/1 | F158: 100/2 | H158: 100/3 | J158: 100/4 | L158: 100/5 | N158: 100/6 | P158: 100/7 | R158: 100/8 | T158: 101/0 | V158: 101/1 | X158: 101/2
B159: 3DB2+0 | D159: 3DA+3 | F159: 3DA+3 | H159: 3DA+0 | J159: 3DA+3 | L159: 3DA+0 | N159: 3DA+0 | P159: 3DA+3 | R159: 3DA+0 | T159: 3DB1+0 | V159: 3DA+0 | X159: 3DA+0
C162: 422 | E162: 417 | G162: 400 | I162: 421 | K162: 419 | M162: 402 | O162: 402 | Q162: 411 | S162: 355 | U162: 390 | W162: 380 | Y162: 390
B164: 100/0 | D164: 100/1 | F164: 100/2 | H164: 100/3 | J164: 100/4 | L164: 100/5 | N164: 100/6 | P164: 100/7 | R164: 100/8 | T164: 101/0 | V164: 101/1 | X164: 101/2
B165: 3DB2+0 | D165: 3DA+3 | F165: 3DA+3 | H165: 3DA+0 | J165: 3DA+3 | L165: 3DA+0 | N165: 3DA+0 | P165: 3DA+3 | R165: 3DA+0 | T165: 3DB1+0 | V165: 3DA+0 | X165: 3DA+0

Sheet Master Sheet
C2: Project Code | D2: TA-601 | G2: Date as on | H2: 08.01.2026 | I2: SBU Head | J2: Mr. Rajinder Gupta
C3: Project Name | D3: 765kV D/C Kurnool IV - Bidar trnasmission line (Part II) | G3: LOA Start Date | H3: 13.05.2025 | I3: PCH | J3: Mr. Arun Felbin
C4: Client Name | D4: POWERGRID KURNOOL IV TRANSMISSION LIMITED | G4: LOA End Date | H4: 12.04.2027 | I4: Regional Manager | J4: Mr. Ajith Kumar MG
C5: Duration | D5: 23 Months | G5: Planning Engineer | H5: Mr. Siddhesh Bhoyar | I5: Chief Manger | J5: Mr. Senthil Jayaraman
B8: Survey Status
B9: Activity | C9: Unit | D9: Final Est. Qty | E9: L2 till Last Month | F9: Completed till Last Month | G9: Approved till Last Month | H9: Balance to Submit | I9: Progress For Month | J9: Balance to Approve | K9: L2 Submission Plan for Current Month | L9: Approved till Current Month | M9: Remarks
B10: Detailed Survey | C10: kms | D10: 113.286 | E10: 0 | F10: 113.286 | G10: 109.04 | H10: 0 | I10: 0 | J10: 4.25 | K10: 0 | L10: =G10+I10 -> 109.04
B11: Check Survey | C11: kms | D11: 113.286 | E11: 110 | F11: 111.745 | G11: 96.901 | H11: 9.448 | I11: 0 | J11: 16.385 | K11: 8.6 | L11: 96.901
B12: .
B14: Activity | C14: Scope Quantity | D14: Cumulative L2 till Last Month | E14: Cumulative Progress till Last Month | F14: L2 for present Month | G14: Plan for the Month | H14: Today's Progress | I14: Progress till Date for the Month | J14: L2 till Current Month | K14: Completed till Date | L14: Balance Work | M14: Under Progress | N14: Gangs at Present | O14: Remarks
B15: Foundation | C15: 292 | D15: 92 | E15: 42 | F15: 40 | G15: 50 | H15: 1 | I15: 4 | J15: 132 | K15: 46 | L15: =C15-K15 -> 246 | M15: 6 | N15: 5 | O15: 1) 56/9 - Pit A,B,C,D PCC Completed. 2) 83/0 - Excavation Completed. 3) 84/1 - Pit C,D Prop Setting Completed. 4) 84/5 - Foundation Completed.
B16: Earthing | C16: 292 | D16: =D15 -> 92 | E16: 10 | F16: =F15 -> 40 | G16: =G15 -> 50 | H16: 0 | I16: 5 | J16: =J15 -> 132 | K16: 15 | L16: =C16-K16 -> 277
B17: Tower Erection | C17: 292 | D17: 50 | E17: 3 | F17: 35 | G17: 30 | H17: 1 | I17: 2 | J17: 85 | K17: 5 | L17: =C17-K17 -> 287 | M17: 2 | N17: 2 | O17: 1) 77/2 - Erection Completed. 2) 77/1 - Bottom Section Completed. 3) 58/1 - Cage2 WIP.
B18: Stringing -R/S | C18: 113.286 | D18: 0 | E18: 0 | F18: 0 | G18: 0 | H18: 0 | I18: 0 | J18: 0 | K18: =E18+I18 -> 0 | L18: =C18-K18 -> 113.286
B19: Stringing -F/S | C19: 113.286 | D19: 0 | E19: 0 | F19: 0 | G19: 0 | H19: 0 | I19: 0 | J19: 0 | K19: =E19+I19 -> 0 | L19: =C19-K19 -> 113.286
B20: OPGW | C20: 113.286 | D20: 0 | E20: 0 | F20: 0 | G20: 0 | H20: 0 | I20: 0 | J20: 0 | K20: =E20+I20 -> 0 | L20: =C20-K20 -> 113.286
B21: NH Crossing | C21: 3 | L21: =C21-K21 -> 3
B22: SH Crossing | C22: 1 | L22: =C22-K22 -> 1
B23: Railway crossing | C23: 2 | L23: =C23-K23 -> 2
B24: Power Line Crossing | C24: 6 | L24: =C24-K24 -> 6
H26: Foundation Gangs at Site: | I26: 1) MARC Contractors Ltd - 83/0 ( WIP) | L26: 4) BALAJI INFRA - 84/5, 84/1, 85/2 (WIP)
I27: 2) SHRIARSHINI CONSTRUCTIONS - 56/9, 59/0 (WIP) | L27: 5) SAI SREE VARSHINI - 100/1, 100/2
I28: 3) VKP Traders - 101/1, 101/2 (WIP)
B29: Supply Status
B30: Activity | C30: Unit | D30: Final Est. Qty | E30: L2 till Last Month | F30: Received till Last Month | G30: Balance | H30: L2 Plan for Current Month | I30: Plan for Current Month | J30: Progress for the Month | K30: Received till Current Month | L30: Gap between Supply & Cumm.L2 | M30: Remarks
B31: Stub | C31: Set | D31: 292 | E31: 260 | F31: 132 | G31: =D31-F31 -> 160 | H31: 56 | I31: 0 | J31: 0 | K31: =F31+J31 -> 132 | L31: =E31+H31-K31 -> 184
B32: Tower | C32: No's | D32: 292 | E32: 160 | F32: 160 | G32: =D32-F32 -> 132 | H32: 0 | I32: 0 | J32: 0 | K32: 160 | L32: =E32+H32-K32 -> 0
B33: Conductor | C33: kms | D33: 4314 | E33: 1700 | F33: 1931.873 | G33: =D33-F33 -> 2382.127 | H33: 400 | I33: 400 | J33: =K33-F33 -> 163.577 | K33: 2095.45 | L33: =E33+H33-K33 -> 4.55 | M33: AL59 Conductor 2095.45 Km/704 Drums Received.
B35: Support Required :
B36: 1) DA Type RC Foundation Drawings (1MRC,2MRC,3MRC)
B37: 2) RC Stub Drawings Required- DB,DC,DD45,DD60 (1MRC,2MRC,3MRC)
B38: 3) RC Foundation Drawings Required- DB,DC,DD45,DD60 (1MRC,2MRC,3MRC)

Sheet Progress Sheet 
B2: Survey Status
B3: Activity | C3: Unit | D3: Final Est. Qty | E3: L2 till Last Month | G3: Completed till Last Month | H3: Approved till Last Month | I3: Balance to Submit | J3: Balance to Approve | K3: L2 Submission Plan for Current Month | L3: Progress For Month | M3: Approved till Current Month | N3: Remarks
B4: Detailed Survey | C4: kms | D4: ='Master Sheet'!D10 -> 113.286 | E4: ='Master Sheet'!E10 -> 0 | G4: 113.286 | H4: ='Master Sheet'!G10 -> 109.04 | I4: ='Master Sheet'!H10 -> 0 | J4: ='Master Sheet'!J10 -> 4.25 | K4: ='Master Sheet'!K10 -> 0 | L4: ='Master Sheet'!I10 -> 0 | M4: ='Master Sheet'!L10 -> 109.04
B5: Check Survey | C5: kms | D5: ='Master Sheet'!D11 -> 113.286 | E5: ='Master Sheet'!E11 -> 110 | G5: ='Master Sheet'!F11 -> 111.745 | H5: ='Master Sheet'!G11 -> 96.901 | I5: ='Master Sheet'!H11 -> 9.448 | J5: ='Master Sheet'!J11 -> 16.385 | K5: 20 | L5: ='Master Sheet'!I11 -> 0 | M5: ='Master Sheet'!L11 -> 96.901
B7: PROGRESS - Check Survey
B8: S.No | C8: Section | E8: Length | G8: Check survey status
B11: PROGRESS - FDN & EREC
B12: S.No | C12: Location No. | D12: Tower Type | E12: Classification | F12: ROW cleared date | G12: Start Date | H12: Conc Volume | I12: Foundation Status | M12: End Date | N12: Gang Name | O12: Erection Status | P12: Gang Strength | Q12: Remarks
B13: 1 | C13: 82/1 | D13: DA+0 | E13: WC | F13: 45848 | G13: 45849 | H13: 22.4 | I13: Foundation completed. | M13: 45891 | N13: MARC | P13: 10
B14: 2 | C14: 81/2 | D14: DA+3 | E14: DFR | F14: =G14 -> 45854 | G14: 45854 | H14: 26.43 | I14: Foundation completed. | M14: 45876 | N14: MARC | P14: 10
B15: 3 | C15: 81/1 | D15: DA+0 | E15: DFR | F15: =ROW!D6 -> 45881 | G15: 45892 | H15: 23.27 | I15: Foundation completed. | M15: 45913 | N15: MARC | P15: 10
B16: 4 | C16: 80/1 | D16: DA+6 | E16: WFR | F16: 45897 | G16: 45898 | H16: 36.66 | I16: Foundation completed. | M16: 45940 | N16: MARC | P16: 10
B17: 5 | C17: 80/5 | D17: DA+0 | E17: DRY | F17: 45898 | G17: 45902 | H17: 21.96 | I17: Foundation completed. | M17: 45918 | N17: MARC | P17: 10
B18: 6 | C18: 77/4 | D18: DA+0 | E18: DRY | F18: 45916 | G18: 45917 | H18: 21.96 | I18: Foundation Completed. | M18: 45961 | N18: BALRAJ CONSTRUCTION. | P18: 10
B19: 7 | C19: 80/4 | D19: DA+3 | E19: WFR | F19: 45919 | G19: 45923 | H19: 36.66 | I19: Foundation Completed. | M19: 45957 | N19: MARC | P19: 10
B20: 8 | C20: 59/5 | D20: DA+0 | E20: DRY | F20: 45930 | G20: 45938 | H20: 21.96 | I20: Foundation completed. | M20: 45949 | N20: SHRIARSHINI CONSTRUCTION. | P20: 10
B21: 9 | C21: 84/3 | D21: DA+0 | E21: DRY | F21: 45919 | G21: 45940 | H21: 21.96 | I21: Foundation completed. | M21: 45949 | N21: BALRAJ CONSTRUCTION. | P21: 10
B22: 10 | C22: 59/4 | D22: DA+6 | E22: DRY | F22: 45933 | G22: 45938 | H22: 25.04 | I22: Foundation completed. | M22: 45951 | N22: SHRIARSHINI CONSTRUCTION. | P22: 20
B23: 11 | C23: 84/4 | D23: DA+0 | E23: DRY | F23: 45925 | G23: 45941 | H23: 21.96 | I23: Foundation completed. | M23: 45954 | N23: BALRAJ CONSTRUCTION. | P23: 10
B24: 12 | C24: 60/2 | D24: DA+0 | E24: DFR | G24: 45944 | H24: 23.27 | I24: Foundation completed. | M24: 45955 | N24: SHRIARSHINI CONSTRUCTION | P24: 20
B25: 13 | C25: 60/3 | D25: DA+6 | E25: DRY | G25: 45953 | H25: 25.04 | I25: Foundation completed. | M25: 45976 | N25: SHRIARSHINI CONSTRUCTION | P25: 15
B26: 14 | C26: 77/10 | D26: DA+3 | E26: DRY | G26: 45957 | H26: 25.04 | I26: Foundation completed. | M26: 45966 | N26: BALRAJ CONSTRUCTION. | P26: 10
B27: 15 | C27: 58/3 | D27: DA+0 | E27: DRY | G27: 46000 | H27: 21.96 | I27: Foundation completed. | M27: 46005 | N27: SHRIARSHINI CONSTRUCTION | P27: 21
B28: 16 | C28: 84/2 | D28: DA+0 | I28: 2 Pits Excavated.
B29: 17 | C29: 59/2 | D29: DA+0 | E29: DRY | G29: 45959 | H29: 21.96 | I29: Foundation Completed. | M29: 45969 | N29: SHRIARSHINI CONSTRUCTION | P29: 15
B30: 18 | C30: 77/7 | D30: DA+0 | E30: DFR | G30: 45963 | H30: 23.27 | I30: Foundation Completed. | M30: 45970 | N30: BALRAJ CONSTRUCTION. | P30: 10
B31: 19 | C31: 77/8 | D31: DA+0 | E31: DFR | G31: 45963 | H31: 23.27 | I31: Foundation Completed. | M31: 45974 | N31: MARC | P31: 10
B32: 20 | C32: 77/1 | D32: DA+0 | E32: DRY | G32: 45968 | H32: 21.96 | I32: Foundation Completed. | M32: 45986 | N32: MARC | P32: 10
B33: 21 | C33: 77/3 | D33: DA+0 | E33: DFR | G33: 45968 | H33: 23.27 | I33: Foundation Completed. | M33: 45980 | N33: MARC | P33: 10
B34: 22 | C34: 60/8 | D34: DA+3 | E34: DFR | G34: 45973 | H34: 26.43 | I34: Foundation Completed. | M34: 45984 | N34: SHRIARSHINI CONSTRUCTION | P34: 10
B35: 23 | C35: 77/2 | D35: DA+0 | E35: DRY | G35: 45979 | H35: 21.96 | I35: Foundation Completed. | M35: 45991 | N35: MARC | P35: 10
B36: 24 | C36: 60/1 | D36: DA+0 | G36: 45983 | I36: Trial Pit Excavated.
B37: 25 | C37: 59/1 | D37: DA+0 | E37: DFR | G37: 45984 | H37: 23.27 | I37: Foundation Completed. | M37: 45990 | N37: SHRIARSHINI CONSTRUCTION | P37: 10
B38: 26 | C38: 77/6 | D38: DA+0 | E38: WC | G38: 45988 | H38: 22.4 | I38: Foundation Completed. | M38: 46003 | N38: MARC | P38: 15
B39: 27 | C39: 58/2 | D39: DA+0 | E39: DRY | G39: 45988 | H39: 21.96 | I39: Foundation Completed. | M39: 45994 | N39: SHRIARSHINI CONSTRUCTION | P39: 16
B40: 28 | C40: 58/1 | D40: DA+6 | E40: DRY | G40: 45992 | H40: 25.04 | I40: Foundation Completed. | M40: 45999 | N40: SHRIARSHINI CONSTRUCTION | P40: 16
B41: 29 | C41: 73/1 | D41: DA+6 | E41: WC | G41: 45995 | H41: 25.77 | I41: Foundation Completed. | M41: 46009 | N41: BALAJI INFRA | P41: 10
B42: 30 | C42: 73/2 | D42: DA+0 | E42: WC | G42: 45995 | H42: 22.4 | I42: Foundation Completed. | M42: 46015 | N42: BALAJI INFRA | P42: 10
B43: 31 | C43: 79/1 | D43: DA+3 | E43: WET | G43: 45997 | H43: 38.98 | I43: Foundation Completed. | M43: 46016 | N43: MARC | P43: 18
B44: 32 | C44: 94/2 | D44: DA+3 | E44: WFR | G44: 45997 | H44: 36.66 | I44: Excavation Completed. | N44: VKP TRADERS
B45: 33 | C45: 99/6 | D45: DA+0 | E45: DFR | G45: 45998 | H45: 23.27 | I45: Foundation Completed. | M45: 46011 | N45: SAI SREE VARSHINI | P45: 17
B46: 34 | C46: 99/7 | D46: DA+0 | E46: DRY | G46: 45998 | H46: 21.96 | I46: Foundation Completed. | M46: 46006 | N46: SAI SREE VARSHINI | P46: 17
B47: 35 | C47: 94/1 | D47: DA+0 | E47: DRY | G47: 46001 | H47: 21.96 | I47: Foundation Completed. | M47: 46022 | N47: VKP TRADERS | P47: 10
B48: 36 | C48: 99/8 | D48: DA+0 | E48: DFR | G48: 46005 | I48: Foundation Completed. | M48: 46017 | N48: SAI SREE VARSHINI | P48: 17
B49: 37 | C49: 99/9 | D49: DA+0 | E49: DRY | G49: 46005 | H49: 21.96 | I49: Foundation Completed. | M49: 46014 | N49: SAI SREE VARSHINI | P49: 17
B50: 39 | C50: 55/3 | D50: DA+0 | E50: DRY | G50: 46016 | I50: Foundation Completed. | M50: 46022 | N50: SHRIARSHINI CONSTRUCTION | P50: 21
B51: 40 | C51: 56/2 | D51: DA+3 | E51: DRY | G51: 46008 | H51: 25.04 | I51: Foundation Completed. | M51: 46018 | N51: SHRIARSHINI CONSTRUCTION | P51: 21
B52: 41 | C52: 56/3 | D52: DA+0 | E52: DFR | G52: 46005 | H52: 23.27 | I52: Foundation Completed. | M52: 46010 | N52: SHRIARSHINI CONSTRUCTION | P52: 21
B53: 42 | C53: 79/2 | D53: DA+6 | E53: DFR | I53: Foundation Completed. | M53: 46027 | N53: MARC | P53: 18
B54: 43 | C54: 79/3 | D54: DA+9 | E54: DFR | G54: 46010 | I54: Foundation Completed. | M54: 46021 | N54: MARC | P54: 18
B55: 44 | C55: 56/1 | D55: DA+3 | E55: DFR | G55: 46012 | H55: 26.43 | I55: Foundation Completed. | M55: 46015 | N55: SHRIARSHINI CONSTRUCTION | P55: 21
B56: 45 | C56: 99/10 | D56: DA+0 | E56: DFR | G56: 46013 | H56: 23.27 | I56: Foundation Completed. | M56: 46020 | N56: SAI SREE VARSHINI | P56: 17
B57: 46 | C57: 99/11 | D57: DA+0 | G57: 46018 | I57: Foundation Completed. | M57: 46022 | N57: SAI SREE VARSHINI | P57: 17
B58: 47 | C58: 84/5 | D58: DA+9 | E58: DRY | I58: Pit A,C RCC Chimney Completed. | M58: 46030 | N58: BALAJI INFRA | P58: 10
B59: 48 | C59: 84//6 | D59: DA+0 | I59: Foundation Completed. | M59: 46022 | N59: BALAJI INFRA | P59: 10
B60: 49 | C60: 56/4 | D60: DA+3 | E60: WET | G60: 45992 | I60: Foundation Completed. | M60: 46028 | N60: SHRIARSHINI CONSTRUCTION | P60: 21
B61: 50 | C61: 99/12 | D61: DA+0 | E61: DRY | G61: 46022 | I61: Foundation Completed. | M61: 46028 | N61: SAI SREE VARSHINI | P61: 17
B62: 51 | C62: 56/9 | D62: DA+6 | E62: DRY | G62: 46026 | I62: Pit A,B,C,D PCC Completed. | N62: SHRIARSHINI CONSTRUCTION | P62: 21
B63: 52 | C63: 100/1 | D63: DA+3 | G63: 46026 | I63: Excavation Completed. | N63: SAI SREE VARSHINI
B64: 53 | C64: 100/2 | D64: DA+3 | I64: Excavation Completed. | N64: SAI SREE VARSHINI
B65: 54 | C65: 83/0 | D65: DB2+6 | G65: 46028 | I65: Excavation Completed. | N65: BALAJI INFRA
B66: 55 | C66: 84/1 | D66: DA+6 | G66: 46026 | I66: Pit C,D Prop Setting Completed. | N66: BALAJI INFRA | P66: 12
B67: 56 | C67: 85/2 | D67: DA+0 | G67: 46028 | I67: Excavation WIP. | N67: BALAJI INFRA
B68: 57 | C68: 59/0 | D68: DC1+0 | G68: 46029 | I68: Excavation WIP. | N68: SHRIARSHINI CONSTRUCTION
B69: EARTHING
B70: SL No. | C70: Location No. | D70: Tower Type | E70: Classification | F70: ROW cleared date | G70: Start Date | H70: Status | L70: End Date | M70: Gang Name | N70: Remark
B71: 1 | C71: 82/1 | D71: DA+0 | E71: WC | F71: 45848 | G71: 45908 | H71: Earthing Completed. | L71: 45908 | M71: MARC
B72: 2 | C72: 80/5 | D72: DA+0 | E72: DRY | F72: 45898 | G72: 45924 | H72: Earthing Completed. | L72: 45924 | M72: MARC
B73: 3 | C73: 59/4 | D73: DA+6 | E73: DRY | F73: 45933 | G73: 45949 | H73: Earthing Completed. | L73: 45949 | M73: SHRIARSHINI CONSTRUCTION
B74: 4 | C74: 77/1 | D74: DA+0 | E74: DRY | G74: 45992 | H74: Earthing Completed. | L74: 45992 | M74: MARC
B75: 5 | C75: 77/2 | D75: DA+0 | E75: DRY | G75: 46010 | H75: Earthing Completed. | L75: 46010 | M75: MARC
B76: 6 | C76: 77/3 | D76: DA+0 | E76: DFR | H76: Earthing Completed. | M76: MARC
B77: 7 | C77: 77/6 | D77: DA+0 | E77: WC | G77: 46011 | H77: Earthing Completed. | L77: 46011 | M77: MARC
B78: 8 | C78: 56/3 | D78: DA+0 | E78: DFR | G78: 46016 | H78: Earthing Completed. | L78: 46016 | M78: SHRIARSHINI CONSTRUCTION
B79: 9 | C79: 80/1 | D79: DA+6 | E79: WFR | G79: 46021 | H79: Earthing Completed. | L79: 46021 | M79: MARC
B80: 10 | C80: 79/1 | D80: DA+3 | E80: WET | H80: Earthing Completed. | M80: MARC
B81: 11 | C81: 99/7 | D81: DA+0 | E81: DRY | H81: Earthing Completed. | M81: SAI SREE VARSHINI
B82: 12 | C82: 99/8 | D82: DA+0 | E82: DFR | H82: Earthing Completed. | M82: SAI SREE VARSHINI
B83: 13 | C83: 99/10 | D83: DA+0 | E83: DFR | H83: Earthing Completed. | M83: SAI SREE VARSHINI
B84: 14 | C84: 99/11 | D84: DA+0 | E84: DFR | H84: Earthing Completed. | M84: SAI SREE VARSHINI
B86: Stringing
B87: S.No | C87: Section | D87: Length | E87: Status | J87: Gang Name | K87: Gang Strength | L87: RouGH SaG | M87: F!n@L sAG | N87: E@rthwire
B90: OPGW Stringing
B91: S.No | C91: Section | D91: Length | E91: Status | J91: Gang Name | K91: Gang Strength | L91: Remarks
B93: Erection
B94: SL No. | C94: Location No. | D94: Tower Type | E94: Classification | G94: Start Date | H94: MT | I94: Status | M94: End Date | N94: Gang Name | O94: Gang Strength | P94: Remark
B95: 1 | C95: 59/1 | D95: DA+0 | E95: DFR | G95: 46006 | H95: 36.574 | I95: Erection Completed. | M95: 46011 | N95: NASIRUDDIN | O95: 35
B96: 2 | C96: 77/3 | D96: DA+0 | E96: DFR | G96: 46013 | H96: 36.574 | I96: Erection Completed. | M96: 46022 | N96: ALI USLAM | O96: 25
B97: 3 | C97: 59/2 | D97: DA+0 | E97: DRY | G97: 46013 | H97: 36.574 | I97: Erection Completed. | M97: 46018 | N97: NASIRUDDIN | O97: 35
B98: 4 | C98: 77/2 | D98: DA+0 | E98: DRY | G98: 46016 | H98: 36.574 | I98: Erection Completed. | M98: 46030 | N98: UMA DEVI | O98: 25
B99: 5 | C99: 58/2 | D99: DA+0 | E99: DRY | G99: 46016 | H99: 36.574 | I99: Erection Completed. | M99: 46024 | N99: NASIRUDDIN | O99: 35
B100: 6 | C100: 77/1 | D100: DA+0 | E100: DRY | G100: 46023 | H100: 36.574 | I100: Bottom Section Completed. | N100: UMA DEVI | O100: 25
B101: 7 | C101: 58/1 | D101: DA+6 | E101: DRY | G101: 46024 | I101: Cage2 WIP. | N101: NASIRUDDIN | O101: 35

Sheet Erection Compiled
A1: SL No. | B1: Location No. | C1: Tower Type | D1: Classification | F1: Starting Date | G1: Tower Weight | H1: Status | L1: Completion Date | M1: Gang Name | N1: Gang Strength | O1: Remark
A2: 1 | B2: 59/1 | C2: DA+0 | D2: DFR | F2: 46006 | G2: 36.574 | H2: Erection Completed. | L2: 46011 | M2: NASIRUDDIN | N2: 35
A3: 2 | B3: 77/3 | C3: DA+0 | D3: DFR | F3: 46013 | G3: 36.574 | H3: Erection Completed. | L3: 46022 | M3: ALI USLAM | N3: 25
A4: 3 | B4: 59/2 | C4: DA+0 | D4: DRY | F4: 46013 | G4: 36.574 | H4: Erection Completed. | L4: 46018 | M4: NASIRUDDIN | N4: 35
A5: 4 | B5: 77/2 | C5: DA+0 | D5: DRY | F5: 46016 | G5: 36.574 | H5: Erection Completed. | L5: 46030 | M5: UMA DEVI | N5: 25
A6: 5 | B6: 58/2 | C6: DA+0 | D6: DRY | F6: 46016 | G6: 36.574 | H6: Erection Completed. | L6: 46024 | M6: NASIRUDDIN | N6: 35
A7: 6 | B7: 77/1 | C7: DA+0 | D7: DRY | F7: 46023 | G7: 36.574 | H7: Bottom Section Completed. | M7: UMA DEVI | N7: 25
A8: 7 | B8: 58/1 | C8: DA+6 | D8: DRY | F8: 46024 | H8: Cage2 WIP. | M8: NASIRUDDIN | N8: 35

Sheet ROW
A1: TL-02 765kV Kurnool IV - Bidar line
A2: Foundation
A3: Sr. No. | B3: Location no. | C3: Type of tower | D3: Date of clearance
A4: 1 | B4: 82/1 | C4: DA+0 | D4: 45848
A5: =A4+1 -> 2 | B5: 81/2 | C5: DA+3 | D5: 45854
A6: =A5+1 -> 3 | B6: 81/1 | C6: DA+0 | D6: 45881
A7: =A6+1 -> 4 | B7: 83/2 | C7: DA+9 | D7: 45883
A8: =A7+1 -> 5 | B8: 84/2 | C8: DA+0 | D8: 45885
A9: =A8+1 -> 6 | B9: 80/1 | C9: DA+6 | D9: 45897
A10: =A9+1 -> 7 | B10: 80/5 | C10: DA+3 | D10: 45898
A11: =A10+1 -> 8 | B11: 77/4 | C11: DA+0 | D11: 45916
A12: =A11+1 -> 9 | B12: 84/3 | C12: DA+0 | D12: 45919
A13: =A12+1 -> 10 | B13: 84/2 | C13: DA+0 | D13: 45919
A14: =A13+1 -> 11 | B14: 80/4 | C14: DA+3 | D14: 45919
A15: 12 | B15: 84/4 | C15: DA+0 | D15: 45925
A16: 13 | B16: 59/5 | C16: DA+0 | D16: 45930
A17: 14 | B17: 60/3 | C17: DA+6 | D17: 45931
A18: 15 | B18: 59/4 | C18: DA+6 | D18: 45933
A19: 16 | B19: 60/2 | C19: DA+0

Sheet X-ing Details 
B2: CROSSINGS PROPOSAL STATUS : 765 KV D/C Kurnool IV - Bidar TL (Part-2)
B6: Crossing Type | C6: 132 KV | D6: 220kV | E6: SH-Xing | F6: NH-Xing | G6: Railway-Xing | H6: Total
B7: Total Nos | C7: 4 | D7: 2 | E7: 1 | F7: 3 | G7: 2 | H7: 12
B8: Submitted Till Date | C8: 4 | D8: 2 | E8: 0 | F8: 3 | G8: 2 | H8: =C8+D8+F8+G8 -> 11
B9: Approved Till Date | C9: 0 | D9: 0 | E9: 0 | F9: 0 | G9: 0 | H9: 0
B10: Balance to Execute | C10: =C7-C8 -> 0 | D10: =D7-D8 -> 0 | E10: =E7-E8 -> 1 | F10: =F7-F8 -> 0 | G10: =G7-G8 -> 0 | H10: 0
B12: Crossings Details
B13: Sl. No. | C13: FROM (AP) | D13: TO (AP) | E13: Name of the Line | F13: NAME OF CROSSING | G13: Date of First Submission | H13: Joint Inspection Status | I13: Provisional approval status
B14: 1 | C14: AP54 | D14: AP55 | E14: Railway crossing (Tandur - Vikarabad) | F14: Railway crossing | G14: 45987
B15: =B14+1 -> 2 | C15: AP57 | D15: AP58 | E15: 220kV D/C transmission line Tandur - Gachibowli (HYD) | F15: Power line | G15: 45946
B16: =B15+1 -> 3 | C16: AP61 | D16: AP62 | E16: NATIONAL HIGHWAY-163 (Kodangal - Hyderabad) | F16: National highway crossing | G16: 45989
B17: =B16+1 -> 4 | C17: AP71 | D17: AP72 | E17: 132kV D/C transmission line Tandur - Mahabubnagar | F17: Power line | G17: 45944
B18: =B17+1 -> 5 | C18: AP74 | D18: AP75 | E18: NATIONAL HIGHWAY-167N (Kodangal - Kosgi) | F18: National highway crossing | G18: 45989
B19: =B18+1 -> 6 | C19: AP76 | D19: AP77 | E19: 220kV D/C transmission line Kosgi - Pargi | F19: Power line | G19: 45946
B20: =B19+1 -> 7 | C20: AP88 | D20: AP89 | E20: 132kV S/C transmission line Maddur - Mahabubnagar | F20: Power line | G20: 45946
B21: =B20+1 -> 8 | C21: AP95 | D21: AP96 | E21: 132kV S/C transmission line Maddur - Makthal | F21: Power line | G21: 45946
B22: =B21+1 -> 9 | C22: AP98 | D22: AP99 | E22: STATE HIGHWAY-22 (Narayanpet - Marikal) | F22: State highway crossing
B23: =B22+1 -> 10 | C23: AP106 | D23: AP107 | E23: Railway crossing (Raichur - Makthal) | F23: Railway crossing | G23: 45988
B24: =B23+1 -> 11 | C24: AP109 | D24: AP110 | E24: 132kV S/C transmission line Makthal - Krishna Railway junction | F24: Power line | G24: 08.12.2025
B25: =B24+1 -> 12 | C25: AP110 | D25: AP111 | E25: NATIONAL HIGHWAY-167N (Raichur - Marikal) | F25: National highway crossing | G25: 08.12.2025

Sheet SuPPLY 
B1: Supply Status - Stubs & Towers
B2: Stub Details
B3: SL No | C3: Description | D3: Unit | E3: Line Qty | F3: Received | G3: Balance
B4: 1 | C4: 3DA Stub | D4: Set | F4: 120
B5: 2 | C5: 3DB Stub | D5: Set | F5: 5
B6: 3 | C6: 3DC Stub | D6: Set | F6: 3
B7: 4 | C7: 3D45 Stub | D7: Set | F7: 2
B8: 5 | C8: 3D60 Stub | D8: Set | F8: 2
C9: Total | D9: Set | E9: =SUM(E4:E8) -> 0 | F9: =SUM(F4:F8) -> 132 | G9: =SUM(G4:G8) -> 0 | H9: =SUM(H4:H8) -> 0 | I9: =SUM(I4:I8) -> 0
B11: Tower Details
B12: SL No | C12: Tower Type | D12: Description | E12: Line Qty | F12: Received | G12: Balance | J12: Remarks
B13: 1 | C13: 3DA Type | D13: Basic body | F13: 126
D14: +0m BE | F14: 104
D15: +3m BE | F15: 22
D16: +6m BE | F16: 13
D17: +9m BE | F17: 5
B18: 2 | C18: 3DB Type | D18: Basic body | F18: 20
D19: +0m BE | F19: 20
D20: +3m BE
D21: +6m BE
D22: +9m BE | F22: 5
B23: 3 | C23: 3DC Type | D23: Basic body | F23: 14
D24: +0m BE | F24: 11
D25: +3m BE | F25: 3
D26: +6m BE
D27: +9m BE | F27: 3
B28: 4 | C28: 3DD45 Type | D28: Basic body | K28: Balance after June'25
D29: +0m BE
D30: +3m BE
D31: +6m BE
D32: +9m BE
B33: 5 | C33: 3DD60 Type | D33: Basic body
D34: +0m BE
D35: +3m BE
D36: +6m BE
D37: +9m BE
D39: Total
B44: Activity | C44: Unit | D44: Final Est. Qty | E44: L2 till Last Month | F44: Received till Last Month | G44: Balance | H44: L2 Plan for Current Month | I44: Plan for Current Month | J44: Progress for the Month | K44: Received till Current Month | L44: Gap between Suppy & Cumm.L2 | M44: Remarks
B45: Stub | C45: Set | D45: 292 | E45: 260 | F45: 132 | G45: =D45-F45 -> 160 | H45: ='Master Sheet'!H31 -> 56 | I45: ='Master Sheet'!I31 -> 0 | J45: ='Master Sheet'!J31 -> 0 | K45: =J45+F45 -> 132 | L45: =E45+H45-(F45+J45) -> 184
B46: Tower | C46: No's | D46: 292 | E46: 160 | F46: 160 | G46: =D46-F46 -> 132 | H46: ='Master Sheet'!H32 -> 0 | I46: 0 | J46: 0 | K46: =146+14 -> 160 | L46: =E46+H46-(F46+J46) -> 0
B47: Conductor | C47: kms | D47: 4314 | E47: 1700 | F47: 1931.873 | G47: =D47-F47 -> 2382.127 | H47: 400 | I47: 400 | J47: =K47-F47 -> 163.577 | K47: 2095.45 | L47: =E47+H47-K47 -> 4.55 | M47: AL59 Conductor 1931.873 Km/ 649 Drums Received.
B50: Cummulative progress till Previous Month
B51: S No | C51: Item | D51: Unit | E51: Total QTY | F51: Planned L2 till Previous Month (Nov'25) | G51: Completed till Previous month (Nov'25) | H51: L2 Planned for Current Month (Approved L2) | I51: Balance after Nov'25 | J51: Jan'25 Month Plan | K51: Jan Month Progress | L51: Cummulative Completed | M51: Balance
B52: 1 | C52: Supply of Stubs | D52: Sets | E52: 292 | F52: 260 | G52: ='Master Sheet'!F31 -> 132 | H52: ='Master Sheet'!H31 -> 56 | I52: =E52-G52 -> 160 | J52: ='Master Sheet'!I31 -> 0 | K52: ='Master Sheet'!J31 -> 0 | L52: =K52+G52 -> 132 | M52: =E52-L52 -> 160
B53: 2 | C53: Supply of Towers | D53: Nos | E53: 292 | F53: 80 | G53: 79 | H53: ='Master Sheet'!H32 -> 0 | I53: =E53-G53 -> 213 | J53: 80 | K53: 81 | L53: =K53+G53 -> 160 | M53: =E53-L53 -> 132
B54: 3 | C54: Supply of Earthwire | D54: Km | E54: 121 | F54: 50 | G54: 50.07 | H54: 0 | I54: =E54-G54 -> 70.93 | J54: 0 | K54: 0 | L54: =K54+G54 -> 50.07 | M54: =E54-L54 -> 70.93
B55: 4 | C55: Supply of Conductor | D55: Km | E55: 4314 | F55: 1300 | G55: 1516.153 | H55: 400 | I55: =E55-G55 -> 2797.847 | J55: 400 | K55: 415.72 | L55: 2095.45 | M55: =E55-L55 -> 2218.55
B56: 5 | C56: Supply of H/W Fittings | D56: % | E56: 1 | F56: 0 | G56: 0 | H56: 0.4 | I56: 1 | J56: 0.4 | K56: 0 | L56: =K56+G56 -> 0 | M56: 1
B57: 6 | C57: Supply of Insultor | D57: Nos | E57: 7200 | F57: 0 | G57: 0 | H57: 2450 | I57: =E57-G57 -> 7200 | J57: 2450 | K57: 0 | L57: =K57+G57 -> 0 | M57: =E57-L57 -> 7200
B58: 7 | C58: Supply of OPGW | D58: km | E58: 123 | F58: 0 | G58: 0 | H58: 0 | I58: =E58-G58 -> 123 | J58: 0 | K58: 0 | L58: =K58+G58 -> 0 | M58: =E58-L58 -> 123
B59: 8 | C59: Supply of OPGW Accessories | D59: % | E59: 1 | F59: 0 | G59: 0 | H59: 0 | I59: =E59-G59 -> 1 | J59: 0 | K59: 0 | L59: =K59+G59 -> 0 | M59: =E59-L59 -> 1
B60: 9 | C60: Supply of Earthing Materials | D60: % | E60: 1 | F60: 0.25 | G60: 0.42 | H60: 0.3 | I60: =E60-G60 -> 0.58 | J60: 0.23 | K60: 0 | L60: =K60+G60 -> 0.42 | M60: =E60-L60 -> 0.58 | O60: =50/296 -> 0.16891892
B61: 10 | C61: Supply of Earthwire Accessories | D61: % | E61: 1 | F61: 0 | G61: 0 | H61: 0.4 | I61: =E61-G61 -> 1 | J61: 0.4 | K61: 0 | L61: =K61+G61 -> 0 | M61: =E61-L61 -> 1 | O61: =132/296 -> 0.44594595
B62: 11 | C62: Supply of Tower Accessories | D62: % | E62: 1 | F62: 0 | G62: 0 | H62: 0 | I62: =E62-G62 -> 1 | J62: 0 | K62: 0 | L62: =K62+G62 -> 0 | M62: =E62-L62 -> 1
B63: 12 | C63: Supply of Conductor Accessories | D63: % | E63: 1 | F63: 0 | G63: 0 | H63: 0.4 | I63: =E63-G63 -> 1 | J63: 0.4 | K63: 0 | L63: =K63+G63 -> 0 | M63: =E63-L63 -> 1

Sheet Visual Chart
A1: VISUAL PROGRESS CHART
A2: 765 kV DC Kurnool IV - Bidar Transmission Line (TL-02)
B3: Foundation (Nos.):- | D3: 46 | E3: / 292 | F3: Erection (Nos.):- | H3: 5 | I3: /292 | J3: Earthing (Nos.):- | M3: 15/292 | N3: Rough Sag (Kms):- | P3: 0 / | Q3: 113.292 | R3: Final Sag (Kms):- | T3: 0 / | U3: 113.292 | V3: Date:- | W3: =TODAY() -> 46035
B4: COMPLETION CHART | C4: Unit | E4: +3 | F4: +6 | G4: +9 | H4: 18 | I4: Line Qty
J5: ERECTION | P5: Rough Sag | R5: SH / NH Road Crossing
J6: WIP | V6: River
B7: DA | C7: Nos | D7: 136 | E7: 47 | F7: 21 | G7: 12 | H7: =SUM(D7:G7) -> 216 | I7: =H7 -> 216 | J7: FOUNDATION | K7: Type | M7: Angle Tower | R7: Gas Pipeline
B8: DB1 | C8: Nos | D8: 8 | E8: 2 | F8: 1 | G8: 9 | H8: =SUM(D8:G8) -> 20 | I8: =H8 -> 20
B9: DB2 | C9: Nos | D9: 11 | E9: 2 | F9: 4 | G9: 1 | H9: =SUM(D9:G9) -> 18 | I9: =H9 -> 18 | O9: Final Sag
B10: DC1 | C10: Nos | D10: 10 | E10: 2 | F10: 1 | G10: 4 | H10: =SUM(D10:G10) -> 17 | I10: =H10 -> 17
B11: DC2 | C11: Nos | D11: 3 | E11: 3 | F11: 1 | G11: 0 | H11: =SUM(D11:G11) -> 7 | I11: =H11 -> 7 | S11: Railway
B12: DCT | C12: Nos | D12: 0 | E12: 0 | F12: 0 | G12: 0 | H12: =SUM(D12:G12) -> 0 | I12: =H12 -> 0 | Q12: WIP | S12: Crossing
B13: DD45 | C13: Nos | D13: 3 | E13: 1 | F13: 1 | G13: 4 | H13: =SUM(D13:G13) -> 9 | I13: =H13 -> 9 | J13: Section Tower | K13: SC | V13: 110-800 KV
B14: DD60 | C14: Nos | D14: 2 | E14: 2 | F14: 0 | G14: 1 | H14: =SUM(D14:G14) -> 5 | I14: =H14 -> 5 | J14: TP | K14: TT | M14: Earthing | P14: OPGW | V14: Line
B15: Total Completed Foundations | H15: 46 | I15: =292-H15 -> 246
B16: Wind Zone - 3 [AP48 - AP111] | F16: AP48 to AP77 : VIKRABAD DISTRICT
E17: AP77 to AP111 : NARAYANPET DISTRICT
B18: COMMON POINT
C21: 411 | E21: 432 | G21: 411 | I21: 432 | K21: 411 | M21: 432 | O21: 411 | Q21: 374.437 | S21: 376.003 | U21: 405 | V21: RC | W21: 340 | Y21: 397
B23: AP48/0 | D23: 48/1 | F23: 48/2 | H23: 48/3 | J23: 48/4 | L23: 48/5 | N23: 48/6 | P23: 48/7 | R23: AP49/0 | T23: 49/1 | V23: 49/2 | X23: 49/3
B24: DB1+0 | D24: 3DA+6 | F24: 3DA+0 | H24: 3DA+6 | J24: 3DA+3 | L24: 3DA+3 | N24: 3DA+3 | P24: 3DA+3 | R24: 3DC1+0 | T24: 3DA+0 | V24: 3DA+0 | X24: 3DA+0
B25: 3.314 | Y25: 4.832
C28: 399 | D28: RC | E28: 393 | F28: RC | G28: 370 | H28: RC | I28: 350 | J28: RC | K28: 395 | M28: 413 | N28: RC | O28: 366 | Q28: 377.77 | S28: 300 | U28: 393 | W28: 415 | Y28: 411
B30: 49/4 | D30: 49/5 | F30: 49/6 | H30: 49/7 | J30: 49/8 | L30: 49/9 | N30: 49/10 | P30: 49/11 | R30: AP50/0 | T30: 50/1 | V30: 50/2 | X30: 50/3
B31: 3DA+0 | D31: 3DA+3 | F31: 3DA+0 | H31: 3DA+0 | J31: 3DA+0 | L31: 3DA+0 | N31: 3DA+0 | P31: 3DA+0 | R31: 3DC2+0 | T31: 3DA+0 | V31: 3DA+0 | X31: 3DA+3
B32: 4.582 | R32: 1.519 | Y32: 4.583
C35: 378 | E35: 370 | G35: 370 | I35: 404 | K35: 374 | M35: 416 | N35: RC | O35: 425 | P35: RC | Q35: 411 | R35: RC | S35: 427 | U35: 370 | V35: RC | W35: 356 | Y35: 459
B37: AP51/0 | D37: 51/1 | F37: 51/2 | H37: 51/3 | J37: 51/4 | L37: 51/5 | N37: 51/6 | P37: 51/7 | R37: 51/8 | T37: 51/9 | V37: 51/10 | X37: AP52/0
B38: 3DC2+0 | D38: 3DA+3 | F38: 3DA+0 | H38: 3DA+0 | J38: 3DA+0 | L38: 3DA+0 | N38: 3DA+3 | P38: 3DA+3 | R38: 3DA+0 | T38: 3DA+3 | V38: 3DA+0 | X38: 3DB2+0
B39: 4.301 | Y39: 4.76
B42: RC | C42: 355 | D42: RC | E42: 348 | G42: 434 | H42: RC | I42: 401 | K42: 400 | M42: 413 | O42: 406 | P42: RC | Q42: 390 | S42: 390 | T42: RC | U42: 430 | V42: RC | W42: 332 | Y42: 229.642
B44: 52/1 | D44: 52/2 | F44: 52/3 | H44: 52/4 | J44: AP53/0 | L44: 53/1 | N44: 53/2 | P44: 53/3 | R44: 53/4 | T44: 53/5 | V44: 53/6 | X44: AP54/0
B45: 3DA+9 | D45: 3DA+0 | F45: 3DA+0 | H45: 3DA+0 | J45: 3DB1+3 | L45: 3DA+3 | N45: 3DA+0 | P45: 3DA+3 | R45: 3DA+0 | T45: 3DA+0 | V45: 3DA+3 | X45: 3DD60+0
B46: 1.997 | J46: 2.761 | X46: 0.23 | Y46: 4.529
C49: 339 | E49: 365 | G49: 409 | H49: SRIARSHINI | I49: 340.462 | J49: RC | K49: 352 | L49: SRIARSHINI | M49: 419 | N49: SRIARSHINI | O49: 410 | P49: SRIARSHINI | Q49: 413 | R49: SRIARSHINI | S49: 407 | T49: RC | U49: 351 | W49: 405 | X49: SRIARSHINI | Y49: 393
B51: AP55/0 | D51: 55/1 | F51: 55/2 | H51: 55/3 | J51: AP56/0 | L51: 56/1 | N51: 56/2 | P51: 56/3 | R51: 56/4 | T51: 56/5 | V51: 56/6 | X51: 56/7
B52: 3DD60+0 | D52: 3DA+0 | F52: 3DA+0 | H52: 3DA+0 | J52: 3DB2+0 | L52: 3DA+3 | N52: 3DA+3 | P52: 3DA+0 | R52: 3DA+3 | T52: 3DA+3 | V52: 3DA+0 | W52: =(K49+M49+O49+Q49+S49+U49+W49)/1000 -> 2.757 | X52: 3DB1+0
B53: 1.453 | Y53: 4.603
C56: 439 | D56: SRIARSHINI | E56: 398 | F56: RC | G56: 445 | H56: RC | I56: 355 | K56: 445.645 | L56: RC | M56: 214.742 | O56: 498 | P56: SRIARSHINI | Q56: 325 | R56: SRIARSHINI | S56: 372 | T56: SRIARSHINI | U56: 393.054 | V56: SRIARSHINI | W56: 349 | X56: SRIARSHINI | Y56: 373
B58: 56/8 | D58: 56/9 | F58: 56/10 | H58: 56/11 | J58: 56/12 | L58: AP57/0 | N58: AP58/0 | P58: 58/1 | R58: 58/2 | T58: 58/3 | V58: AP59/0 | X58: 59/1
B59: 3DA+0 | D59: 3DA+6 | F59: 3DA+0 | H59: 3DA+0 | J59: 3DA+0 | K59: =(Y49+C56+E56+G56+I56+K56)/1000 -> 2.475645 | L59: 3DC1+9 | N59: 3DB2+6 | P59: 3DA+6 | R59: 3DA+0 | T59: 3DA+0 | V59: 3DC1+0 | X59: 3DA+0 | AB59: `
B60: 5.233 | L60: 0.215 | N60: 1.588 | Y60: 4.607
B63: SRIARSHINI | C63: 386 | E63: 429 | F63: SRIARSHINI | G63: 377 | H63: SRIARSHINI | I63: 401.837 | K63: 402 | M63: 344 | N63: SRIARSHINI | O63: 399 | P63: SRIHARSHINI | Q63: 439 | R63: RC | S63: 403 | U63: 480 | V63: RC | W63: 535 | X63: RC | Y63: 389.004
B65: 59/2 | D65: 59/3 | F65: 59/4 | H65: 59/5 | J65: AP60/0 | L65: 60/1 | N65: 60/2 | P65: 60/3 | R65: 60/4 | T65: 60/5 | V65: 60/6 | X65: 60/7
B66: 3DA+0 | D66: 3DA+0 | F66: 3DA+6 | H66: 3DA+0 | J66: 3DB2+0 | L66: 3DA+0 | N66: 3DA+0 | P66: 3DA+6 | R66: 3DA+0 | S66: =(K63+M63+O63+Q63+S63)/1000 -> 1.987 | T66: 3DB1+6 | U66: =(U63)/1000 -> 0.48 | V66: 3DB1+9 | W66: =(W63)/1000 -> 0.535 | X66: 3DB1+9
B67: 2.316 | Y67: 4.985
B70: SRIARSHINI | C70: 454.047 | E70: 247.492 | F70: RC | G70: 373 | H70: RC | I70: 401 | J70: RC | K70: 388 | L70: RC | M70: 328 | N70: RC | O70: 329.982 | P70: RC | Q70: 433 | S70: 410 | T70: RC | U70: 307 | V70: RC | W70: 461.927 | X70: RC | Y70: 439.047
B72: 60/8 | D72: AP61/0 | F72: AP62/0 | H72: 62/1 | J72: 62/2 | L72: 62/3 | N72: 62/4 | P72: AP63/0 | R72: 63/1 | T72: 63/2 | V72: 63/3 | X72: AP64/0
B73: 3DA+3 | C73: =(Y63+C70)/1000 -> 0.843051 | D73: 3DB1+0 | F73: 3DC1+0 | H73: 3DA+0 | J73: 3DA+9 | L73: 3DA+0 | N73: 3DA+0 | P73: 3DC2+0 | R73: 3DA+9 | T73: 3DA+3 | V73: 3DA+9 | X73: 3DD45+9 | Y73: =(Y70)/1000 -> 0.439047
B74: 3.845 | D74: 0.247 | F74: 1.82 | P74: 1.612 | X74: 0.439 | Y74: 4.572
B77: RC | C77: 401 | E77: 350 | F77: RC | G77: 335 | I77: 313.49 | J77: RC | K77: 421 | M77: 465.818 | N77: RC | O77: 352 | Q77: 403 | R77: RC | S77: 373 | T77: RC | U77: 362 | V77: RC | W77: 351.24 | X77: RC | Y77: 361
B79: AP65/0 | D79: 65/1 | F79: 65/2 | H79: 65/3 | J79: AP66/0 | L79: 66/1 | N79: AP67/0 | P79: 67/1 | R79: 67/2 | T79: 67/3 | V79: 67/4 | X79: AP68/0
B80: 3DC2+3 | D80: 3DA+0 | F80: 3DA+3 | H80: 3DA+0 | J80: 3DB2+0 | K80: =(K77)/1000 -> 0.421 | L80: 3DB1+9 | M80: =(M77)/1000 -> 0.465818 | N80: 3DD45+3 | P80: 3DA+6 | R80: 3DA+0 | T80: 3DA+0 | V80: 3DA+3 | X80: 3DB2+0
B81: 1.399 | J81: 0.887 | N81: 1.841 | Y81: 4.489
B84: RC | C84: 375 | D84: RC | E84: 424.851 | G84: 414 | I84: 345 | J84: RC | K84: 502.628 | L84: RC | M84: 453 | O84: 388 | P84: RC | Q84: 317 | S84: 324 | U84: 484.984 | V84: RC | W84: 248.518 | Y84: 429
B86: 68/1 | D86: 68/2 | F86: AP69/0 | H86: 69/1 | J86: 69/2 | L86: AP70/0 | N86: 70/1 | P86: 70/2 | R86: 70/3 | T86: 70/4 | V86: AP71/0 | X86: AP72/0
B87: 3DA+3 | D87: 3DA+3 | F87: 3DB2+6 | H87: 3DA+9 | J87: 3DA+6 | L87: 3DC2+3 | N87: 3DA+9 | P87: 3DA+0 | R87: 3DA+0 | T87: 3DA+6 | V87: 3DC2+6 | X87: 3DB2+6
B88: 1.161 | F88: 1.262 | L88: 1.967 | V88: 0.249 | Y88: 4.706
C91: 398.684 | E91: 435 | F91: Balaji Infra | G91: 404 | H91: Balaji Infra | I91: 374.353 | K91: 250.119 | L91: RC | M91: 398 | N91: RC | O91: 364 | P91: RC | Q91: 380 | R91: RC | S91: 459.272 | T91: RC | U91: 206.441 | V91: RC | W91: 385 | X91: MARC | Y91: 372
B93: 72/1 | D93: AP73/0 | F93: 73/1 | H93: 73/2 | J93: AP74/0 | L93: AP75/0 | N93: 75/1 | P93: 75/2 | R93: 75/3 | T93: AP76/0 | V93: AP77/0 | X93: 77/1
B94: 3DA+3 | D94: 3DB2+0 | F94: 3DA+6 | H94: 3DA+0 | J94: 3DC1+0 | L94: 3DC1+0 | N94: 3DA+3 | P94: 3DA+0 | R94: 3DA+0 | T94: 3DC1+9 | V94: 3DD45+9 | X94: 3DA+0
B95: 0.828 | D95: 1.213 | J95: 0.25 | L95: 1.601 | T95: 0.206 | Y95: 4.427
B98: MARC | C98: 384 | D98: MARC | E98: 400 | F98: BALRAJ | G98: 386 | I98: 398 | J98: MARC | K98: 393 | L98: BALRAJ | M98: 387 | N98: BALRAJ | O98: 378 | P98: RC | Q98: 410 | R98: BALRAJ | S98: 367.58 | T98: RC | U98: 396 | V98: RC | W98: 395 | Y98: 414
B100: 77/2 | D100: 77/3 | F100: 77/4 | H100: 77/5 | J100: 77/6 | L100: 77/7 | N100: 77/8 | P100: 77/9 | R100: 77/10 | T100: AP78/0 | V100: 78/1 | X100: 78/2
B101: 3DA+0 | D101: 3DA+0 | F101: 3DA+0 | H101: 3DA+0 | J101: 3DA+0 | L101: 3DA+0 | N101: 3DA+0 | P101: 3DA+0 | R101: 3DA+3 | T101: 3DC1+0 | V101: 3DA+3 | X101: 3DA+3
B102: 4.261 | Y102: 4.709
C105: 350.09 | D105: RC | E105: 364 | F105: MARC | G105: 452 | H105: MARC | I105: 392 | J105: MARC | K105: 369.645 | L105: RC | M105: 446 | N105: MARC | O105: 386 | Q105: 451 | S105: 428.504 | T105: MARC | U105: 354.496 | V105: MARC | W105: 430.207 | X105: RC | Y105: 394
B107: 78/3 | D107: AP79/0 | F107: 79/1 | H107: 79/2 | J107: 79/3 | L107: AP80/0 | N107: 80/1 | P107: 80/2 | R107: 80/3 | T107: 80/4 | V107: 80/5 | X107: AP81/0
B108: 3DA+0 | D108: 3DC1+0 | F108: 3DA+3 | H108: 3DA+6 | J108: 3DA+9 | L108: 3DB2+9 | N108: 3DA+6 | P108: 3DA+9 | Q108: =(M105+O105+Q105)/1000 -> 1.283 | R108: 3DB1+3 | T108: 3DA+3 | V108: 3DA+0 | W108: =(S105+U105+W105)/1000 -> 1.213207 | X108: 3DD45+9
B109: 1.555 | D109: 1.578 | L109: 2.496 | Y109: 4.818
B112: MARC | C112: 415 | D112: MARC | E112: 399 | G112: 436.295 | I112: 437 | J112: MARC | K112: 406 | L112: RC | M112: 437.796 | N112: MARC | O112: 412 | Q112: 356.628 | R112: RC | S112: 384.624 | T112: RC | U112: 391 | V112: MARC | W112: 436 | Y112: 406
B114: 81/1 | D114: 81/2 | F114: 81/3 | H114: AP82/0 | J114: 82/1 | L114: 82/2 | N114: AP83/0 | P114: 83/1 | R114: 83/2 | T114: AP 84/0 | V114: 84/1 | X114: 84/2
B115: 3DA+0 | D115: 3DA+3 | F115: 3DA+0 | H115: 3DC1+9 | J115: 3DA+0 | L115: 3DA+6 | N115: 3DB2+6 | P115: 3DA+0 | R115: 3DA+9 | T115: 3DB1+0 | V115: 3DA+6 | X115: 3DA+0
B116: 1.644 | H116: 1.281 | N116: 1.153 | Y116: 4.917
B119: BALRAJ | C119: 359 | D119: BALRAJ | E119: 439 | F119: Balaji Infra | G119: 393 | H119: Balaji Infra | I119: 314.949 | K119: 437.001 | M119: 399 | N119: Balaji Infra | O119: 303 | Q119: 337 | S119: 339.169 | T119: RC | U119: 400 | V119: RC | W119: 358.849 | X119: RC | Y119: 468.492
B121: 84/3 | D121: 84/4 | F121: 84/5 | H121: 84/6 | J121: AP 85/0 | L121: 85/1 | N121: 85/2 | P121: 85/3 | R121: 85/4 | T121: AP 86/0 | V121: 86/1 | X121: AP 87/0
B122: 3DA+0 | D122: 3DA+0 | F122: 3DA+9 | H122: 3DA+0 | J122: 3DB1+0 | L122: 3DA+9 | N122: 3DA+0 | P122: 3DA+0 | R122: 3DA+0 | T122: 3DC1+6 | V122: 3DA+3 | X122: 3DC1+3 | Y122: =(Y119)/1000 -> 0.468492
B123: 2.739 | J123: 1.815 | T123: 0.759 | X123: 0.468 | Y123: 4.548
B126: RC | C126: 287.352 | D126: RC | E126: 416 | F126: RC | G126: 352.354 | I126: 361 | K126: 426 | L126: RC | M126: 394 | N126: RC | O126: 384 | P126: RC | Q126: 414 | R126: RC | S126: 480 | T126: RC | U126: 395 | V126: RC | W126: 329 | X126: RC | Y126: 417.945
B128: AP 88/0 | D128: AP 89/0 | F128: 89/1 | H128: AP 90/0 | J128: 90/1 | L128: 90/2 | N128: 90/3 | P128: 90/4 | R128: 90/5 | T128: AP 91/0 | V128: 91/1 | X128: 91/2
B129: 3DB1+9 | D129: 3DC1+9 | F129: 3DA+0 | H129: 3DB2+0 | J129: 3DA+3 | L129: 3DA+0 | N129: 3DA+3 | P129: 3DA+0 | Q129: =(I126+K126+M126++O126+Q126)/1000 -> 1.979 | R129: 3DB1+9 | S129: =(S126)/1000 -> 0.48 | T129: 3DC2+3 | V129: 3DA+3 | X129: 3DA+6
B130: 0.287 | D130: 0.768 | H130: 2.459 | T130: 1.142 | Y130: 4.657
B133: RC | C133: 467 | D133: RC | E133: 443 | F133: RC | G133: 310.743 | H133: RC | I133: 479 | J133: RC | K133: 321 | M133: 506 | N133: RC | O133: 421.207 | P133: RC | Q133: 421 | R133: VKP Traders | S133: 406 | U133: 435 | V133: RC | W133: 532.759 | X133: RC | Y133: 265.465
B135: AP 92/0 | D135: 92/1 | F135: 92/2 | H135: AP 93/0 | J135: 93/1 | L135: 93/2 | N135: 93/3 | P135: AP 94/0 | R135: 94/1 | T135: 94/2 | V135: 94/3 | X135: AP 95/0
B136: 3DD45+0 | C136: =C133/1000 -> 0.467 | D136: 3DB1+9 | F136: 3DA+0 | G136: =(E133+G133)/1000 -> 0.753743 | H136: 3DB2+3 | J136: 3DA+3 | L136: 3DA+9 | M136: =(I133+K133+M133)/1000 -> 1.306 | N136: 3DB1+9 | O136: =O133/1000 -> 0.421207 | P136: 3DC1+3 | R136: 3DA+0 | T136: 3DA+3 | U136: =(+Q133+S133+U133)/1000 -> 1.262 | V136: 3DB1+9 | W136: =(W133)/1000 -> 0.532759 | X136: 3DD45+9 | Y136: =(Y133)/1000 -> 0.265465
B137: 1.221 | H137: 1.727 | P137: 1.795 | X137: 0.265 | Y137: 5.008
B140: RC | C140: 484 | D140: RC | E140: 611 | F140: RC | G140: 367 | H140: RC | I140: 468.584 | J140: RC | K140: 371.416 | L140: RC | M140: 370 | O140: 327 | P140: RC | Q140: 318 | S140: 339.769 | U140: 395.999 | W140: 377 | Y140: 398
B142: AP 96/0 | D142: 96/1 | F142: 96/2 | H142: 96/3 | J142: 96/4 | L142: 96/5 | N142: 96/6 | P142: 96/7 | R142: 96/8 | T142: AP 97/0 | V142: 97/1 | X142: 97/2
B143: 3DD45+6 | C143: =C140/1000 -> 0.484 | D143: 3DB1+0 | E143: =E140/1000 -> 0.611 | F143: 3DB1+0 | H143: 3DA+6 | J143: 3DA+3 | L143: 3DA+0 | N143: 3DA+0 | P143: 3DA+0 | R143: 3DA+0 | S143: =(G140+I140+K140+M140++O140+Q140+S140)/1000 -> 2.561769 | T143: 3DB2+0 | V143: 3DA+3 | X143: 3DA+0
B144: 3.657 | Y144: 4.828
C147: 393 | E147: 373.66 | G147: 363 | I147: 349 | K147: 386 | M147: 390 | O147: 417 | Q147: 422.997 | S147: 340 | U147: 365 | V147: RC | W147: 403 | Y147: 382
B149: 97/3 | D149: 97/4 | F149: AP 98/0 | H149: 98/1 | J149: 98/2 | L149: 98/3 | N149: 98/4 | P149: 98/5 | R149: AP 99/0 | T149: 99/1 | V149: 99/2 | X149: 99/3
B150: 3DA+0 | D150: 3DA+3 | F150: 3DC1+0 | H150: 3DA+0 | J150: 3DA+0 | L150: 3DA+0 | N150: 3DA+0 | P150: 3DA+6 | R150: 3DC1+0 | T150: 3DA+0 | V150: 3DA+0 | X150: 3DA+3
B151: 1.938 | F151: 2.328 | Y151: 4.585
B154: RC | C154: 395 | D154: RC | E154: 385 | F154: S S Varshini | G154: 381 | H154: S S Varshini | I154: 395 | J154: S S Varshini | K154: 403 | L154: S S Varshini | M154: 383 | N154: S S Varshini | O154: 386 | P154: S S Varshini | Q154: 397 | R154: S S Varshini | S154: 370.834 | U154: 422 | V154: S S Varshini | W154: 417 | X154: S S Varshini | Y154: 400
B156: 99/4 | D156: 99/5 | F156: 99/6 | H156: 99/7 | J156: 99/8 | L156: 99/9 | N156: 99/10 | P156: 99/11 | R156: 99/12 | T156: AP 100/0 | V156: 100/1 | X156: 100/2
B157: 3DA+3 | D157: 3DA+0 | F157: 3DA+0 | H157: 3DA+0 | J157: 3DA+0 | L157: 3DA+0 | N157: 3DA+0 | P157: 3DA+0 | R157: 3DA+0 | T157: 3DB2+0 | V157: 3DA+3 | X157: 3DA+3
B158: 4.986 | Y158: 4.735
C161: 421 | E161: 419 | F161: RC | G161: 402 | I161: 402 | K161: 411 | M161: 355.169 | N161: S S Varshini | O161: 390 | Q161: 380 | S161: 390 | U161: 398 | W161: 406 | Y161: 371
B163: 100/3 | D163: 100/4 | F163: 100/5 | H163: 100/6 | J163: 100/7 | L163: 100/8 | N163: AP 101/0 | P163: 101/1 | R163: 101/2 | T163: 101/3 | V163: 101/4 | X163: 101/5
...
