Workbook
Name __________________________b111121: #REF!
Name __________________________b111121: #REF!
Name _________________________b111121: #REF!
Name _________________________b111121: #REF!
Name ________________________b111121: #REF!
Name ________________________b111121: #REF!
Name _______________________b111121: #REF!
Name _______________________b111121: #REF!
Name ______________________b111121: #REF!
Name ______________________b111121: #REF!
Name ______________________TAB1: #REF!
Name _____________________b111121: #REF!
Name _____________________b111121: #REF!
Name _____________________TAB1: #REF!
Name ____________________b111121: #REF!
Name ____________________b111121: #REF!
Name ____________________KEY3: #REF!
Name ____________________KEY3: #REF!
Name ____________________TAB1: #REF!
Name ___________________b111121: #REF!
Name ___________________b111121: #REF!
Name ___________________KEY3: #REF!
Name ___________________KEY3: #REF!
Name ___________________TAB1: #REF!
Name __________________b111121: #REF!
Name __________________b111121: #REF!
Name __________________KEY3: #REF!
Name __________________KEY3: #REF!
Name __________________TAB1: #REF!
Name _________________b111121: #REF!
Name _________________b111121: #REF!
Name _________________KEY3: #REF!
Name _________________KEY3: #REF!
Name _________________TAB1: #REF!
Name ________________b111121: #REF!
Name ________________b111121: #REF!
Name ________________KEY3: #REF!
Name ________________KEY3: #REF!
Name ________________TAB1: #REF!
Name _______________b111121: #REF!
Name _______________b111121: #REF!
Name _______________KEY3: #REF!
Name _______________KEY3: #REF!
Name _______________TAB1: #REF!
Name ______________b111121: #REF!
Name ______________b111121: #REF!
Name ______________TAB1: #REF!
Name _____________A65537: #REF!
Name _____________A65537: #REF!
Name _____________b111121: #REF!
Name _____________b111121: #REF!
Name _____________TAB1: #REF!
Name ____________A655600: #REF!
Name ____________A655600: #REF!
Name ____________b111121: #REF!
Name ____________b111121: #REF!
Name ____________KEY3: #REF!
Name ____________KEY3: #REF!
Name ____________TAB1: #REF!
Name ___________A65537: #REF!

Sheet Visual Chart 
B1: VISUAL PROGRESS CHART
B2: TL-02 765 KV D/C Kurnool IV - Bidar Transmission Line
B3: Foundation (Nos.):- | D3: =H15 -> 0 | E3: / 297 | F3: Erection (Nos.):- | I3: / 297 | J3: Earthing (Nos.):- | M3: / 297 | N3: Rough Sag (Kms):- | Q3: 113.292 | R3: Final Sag (Kms):- | U3: 113.292 | V3: Date:- | W3: ='Master Sheet'!H2 -> 46116
B4: COMPLETION CHART | C4: -3 | D4: +0 | E4: +3 | F4: +6 | G4: +9 | H4: Total | I4: Line Qty
J5: ERECTION | P5: Rough Sag | R5: SH / NH Road Crossing
J6: WIP | V6: River
B7: DA | H7: =SUM(C7:G7) -> 0 | K7: Type | M7: Angle Tower | R7: Gas Pipeline
B8: DB1 | H8: =SUM(C8:G8) -> 0 | J8: FOUNDATION
B9: DB2 | H9: =SUM(C9:G9) -> 0 | O9: Final Sag
B10: DC1 | H10: =SUM(C10:G10) -> 0
B11: DC2 | H11: =SUM(C11:G11) -> 0 | S11: Railway
B12: DCT | H12: =SUM(C12:G12) -> 0 | Q12: WIP
B13: DD45 | H13: =SUM(C13:G13) -> 0 | J13: Section Tower | K13: SC | S13: Crossing | V13: 110-800 KV
B14: DD60 | H14: =SUM(C14:G14) -> 0 | J14: TP | K14: TT | M14: Earthing | P14: OPGW | V14: Line
B15: Total Completed Foundations | H15: =SUM(H7:H14) -> 0 | I15: =SUM(I7:I14) -> 0
AB16: 110kv OHTL
AA18: SH -122
C19: 411 | E19: 432 | G19: 408 | I19: 433 | K19: 409 | M19: 432 | O19: 375 | Q19: 414 | S19: 403 | U19: 406 | W19: 319 | Y19: 384
B21: 48/0 | D21: 48/1 | F21: 48/2 | H21: 48/3 | J21: 48/4 | L21: 48/5 | N21: 48/6 | P21: 48/7 | R21: 49/0 | T21: 49/1 | V21: 49/2 | X21: 49/3
B22: 3DB1+0 | D22: 3DA+6 | F22: 3DA+0 | H22: 3DA+6 | J22: 3DA+3 | L22: 3DA+3 | N22: 3DA+3 | P22: 3DA+6 | R22: 3DC1+3 | T22: 3DA+0 | V22: 3DA+0 | X22: 3DA+0
C25: 385 | E25: 409 | G25: 369 | I25: 350 | K25: 395 | M25: 412 | O25: 366 | Q25: 383 | S25: 300 | U25: 393 | W25: 414 | Y25: 412
B27: 49/4 | D27: 49/5 | F27: 49/6 | H27: 49/7 | J27: 49/8 | L27: 49/9 | N27: 49/10 | P27: 49/11 | R27: 50/0 | T27: 50/1 | V27: 50/2 | X27: 50/3
B28: 3DA+0 | D28: 3DA+6 | F28: 3DA+0 | H28: 3DA+0 | J28: 3DA+0 | L28: 3DA+0 | N28: 3DA+0 | P28: 3DA+0 | R28: 3DC2+0 | T28: 3DA+0 | V28: 3DA+0 | X28: 3DA+3
C32: 377 | E32: 369 | G32: 369 | I32: 403 | K32: 374 | M32: 416 | O32: 424 | Q32: 401 | S32: 437 | U32: 369 | W32: 361 | Y32: 458
B34: 51/0 | D34: 51/1 | F34: 51/2 | H34: 51/3 | J34: 51/4 | L34: 51/5 | N34: 51/6 | P34: 51/7 | R34: 51/8 | T34: 51/9 | V34: 51/10 | X34: 52/0
B35: 3DC2+0 | D35: 3DA+3 | F35: 3DA+0 | H35: 3DA+0 | J35: 3DA+0 | L35: 3DA+0 | N35: 3DA+3 | P35: 3DA+3 | R35: 3DA+3 | T35: 3DA+3 | V35: 3DA+0 | X35: 3DB2+0
X36: RWY Xing | Y36: TDR-VBD
C39: 355 | E39: 347 | G39: 430 | I39: 408 | K39: 402 | M39: 411 | O39: 397 | Q39: 404 | S39: 398 | U39: 430 | W39: 320 | Y39: 230
B41: 52/1 | D41: 52/2 | F41: 52/3 | H41: 52/4 | J41: 53/0 | L41: 53/1 | N41: 53/2 | P41: 53/3 | R41: 53/4 | T41: 53/5 | V41: 53/6 | X41: 54/0
B42: 3DA+9 | D42: 3DA+0 | F42: 3DA+0 | H42: 3DA+0 | J42: 3DB2+3 | L42: 3DA+3 | N42: 3DA+0 | P42: 3DA+3 | R42: 3DA+3 | T42: 3DA+0 | V42: 3DA+3 | X42: 3DD60+0
C46: 339 | E46: 365 | G46: 409 | I46: 343 | K46: 352 | M46: 419 | O46: 410 | Q46: 413 | S46: 407 | U46: 352 | W46: 405 | Y46: 393
B48: 55/0 | D48: 55/1 | F48: 55/2 | H48: 55/3 | J48: 56/0 | L48: 56/1 | N48: 56/2 | P48: 56/3 | R48: 56/4 | T48: 56/5 | V48: 56/6 | X48: 56/7
B49: 3DD60+0 | D49: 3DA+0 | F49: 3DA+0 | H49: 3DA+0 | J49: 3DC1+0 | L49: 3DA+3 | N49: 3DA+3 | P49: 3DA+0 | R49: 3DA+3 | T49: 3DA+3 | V49: 3DA+0 | X49: 3DA+0
M50: 220KV D/C OHTL
M51: TDR-GBL
C53: 439 | E53: 398 | G53: 445 | I53: 355 | K53: 447 | M53: 215 | O53: 498 | Q53: 325 | S53: 388 | U53: 381 | W53: 349 | Y53: 373
B55: 56/8 | D55: 56/9 | F55: 56/10 | H55: 56/11 | J55: 56/12 | L55: 57/0 | N55: 58/0 | P55: 58/1 | R55: 58/2 | T55: 58/3 | V55: 59/0 | X55: 59/1
B56: 3DA+0 | D56: 3DA+6 | F56: 3DA+0 | H56: 3DA+0 | J56: 3DA+0 | L56: 3DC1+9 | N56: 3DB2+6 | P56: 3DA+6 | R56: 3DA+0 | T56: 3DA+3 | X56: 3DA+0
C60: 386 | E60: 429 | G60: 377 | I60: 405 | K60: 425 | M60: 344 | O60: 399 | Q60: 439 | S60: 403 | U60: 480 | W60: 535 | Y60: 389
B62: 59/2 | D62: 59/3 | F62: 59/4 | H62: 59/5 | J62: 60/0 | L62: 60/1 | N62: 60/2 | P62: 60/3 | R62: 60/4 | T62: 60/5 | V62: 60/6 | X62: 60/7
B63: 3DA+0 | D63: 3DA+0 | F63: 3DA+6 | H63: 3DA+0 | J63: 3DB2+0 | L63: 3DA+0 | N63: 3DA+0 | P63: 3DA+6 | R63: 3DA+0 | T63: 3DB1+6 | V63: 3DB1+9 | X63: 3DB1+9
E64: NH-163
E65: KDL-HYD
C67: 454 | E67: 247 | G67: 373 | I67: 401 | K67: 388 | M67: 328 | O67: 330 | Q67: 331 | S67: 361 | U67: 306 | W67: 336 | Y67: 278
B69: 60/8 | D69: 61/0 | F69: 62/0 | H69: 62/1 | J69: 62/2 | L69: 62/3 | N69: 62/4 | P69: 63/0 | R69: 63/1 | T69: 63/2 | V69: 63/3 | X69: 63/4
B70: 3DA+3 | D70: 3DB1+0 | F70: 3DC1+0 | H70: 3DA+0 | J70: 3DA+9 | L70: 3DA+0 | N70: 3DA+0 | P70: 3DC2+0 | R70: 3DA+0 | T70: 3DA+0 | V70: 3DA+0 | X70: 3DA+0
C74: 439 | E74: 401 | G74: 350 | I74: 335 | K74: 314 | M74: 421 | O74: 466 | Q74: 352 | S74: 403 | U74: 373 | W74: 362 | Y74: 351
B76: 64/0 | D76: 65/0 | F76: 65/1 | H76: 65/2 | J76: 65/3 | L76: 66/0 | N76: 66/1 | P76: 67/0 | R76: 67/1 | T76: 67/2 | V76: 67/3 | X76: 67/4
B77: 3DC2+0 | D77: 3DC2+3 | F77: 3DA+0 | H77: 3DA+3 | J77: 3DA+0 | L77: 3DC1+3 | N77: 3DB1+6 | P77: 3DD45+6 | R77: 3DA+9 | T77: 3DA+0 | V77: 3DA+0 | X77: 3DA+3
X78: 220KV D/C OHTL
Y79: TDR-MBR
C81: 361 | E81: 375 | G81: 425 | I81: 429 | K81: 350 | M81: 483 | O81: 453 | Q81: 388 | S81: 317 | U81: 324 | W81: 485 | Y81: 249
B83: 68/0 | D83: 68/1 | F83: 68/2 | H83: 69/0 | J83: 69/1 | L83: 69/2 | N83: 70/0 | P83: 70/1 | R83: 70/2 | T83: 70/3 | V83: 70/4 | X83: 71/0
B84: 3DB2+0 | D84: 3DA+3 | F84: 3DA+6 | H84: 3DB2+6 | J84: 3DA+9 | L84: 3DA+6 | N84: 3DC2+3 | P84: 3DA+9 | R84: 3DA+0 | T84: 3DA+0 | V84: 3DA+3 | X84: 3DC2+9
M85: NH-167N | W85: 132KV S/C OHTL
M86: KDL-KSG | W86: KSG-PRG
C88: 429 | E88: 399 | G88: 435 | I88: 404 | K88: 374 | M88: 250 | O88: 398 | Q88: 364 | S88: 380 | U88: 459 | W88: 206 | Y88: 385
B90: 72/0 | D90: 72/1 | F90: 73/0 | H90: 73/1 | J90: 73/2 | L90: 74/0 | N90: 75/0 | P90: 75/1 | R90: 75/2 | T90: 75/3 | V90: 76/0 | X90: 77/0
B91: 3DB2+9 | D91: 3DA+3 | F91: 3DB2+0 | H91: 3DA+6 | J91: 3DA+0 | L91: 3DC1+0 | N91: 3DC1+0 | P91: 3DA+3 | R91: 3DA+0 | T91: 3DA+0 | V91: 3DC1+9 | X91: 3DD45+6
C95: 372 | E95: 384 | G95: 400 | I95: 386 | K95: 398 | M95: 393 | O95: 387 | Q95: 378 | S95: 410 | U95: 368 | W95: 396 | Y95: 395
B97: 77/1 | D97: 77/2 | F97: 77/3 | H97: 77/4 | J97: 77/5 | L97: 77/6 | N97: 77/7 | P97: 77/8 | R97: 77/9 | T97: 77/10 | V97: 78/0 | X97: 78/1
B98: 3DA+0 | D98: 3DA+0 | F98: 3DA+0 | H98: 3DA+0 | J98: 3DA+0 | L98: 3DA+0 | N98: 3DA+0 | P98: 3DA+0 | R98: 3DA+0 | T98: 3DA+3 | V98: 3DC1+0 | X98: 3DA+3
AA100: NH-161B
C103: 414 | E103: 350 | G103: 356 | I103: 460 | K103: 379 | M103: 383 | O103: 400 | Q103: 421 | S103: 323 | U103: 312 | W103: 360 | Y103: 301
B105: 78/2 | D105: 78/3 | F105: 79/0 | H105: 79/1 | J105: 79/2 | L105: 79/3 | N105: 80/0 | P105: 80/1 | R105: 80/2 | T105: 80/3 | V105: 80/4 | X105: 80/5
B106: 3DA+3 | D106: 3DA+0 | F106: 3DC1+0 | H106: 3DA+3 | J106: 3DA+6 | L106: 3DA+9 | N106: 3DB2+9 | P106: 3DA+3 | R106: 3DA+3 | T106: 3DA+0 | V106: 3DA+0 | X106: 3DA+0
C110: 379 | E110: 394 | G110: 410 | I110: 404 | K110: 436 | M110: 437 | O110: 406 | Q110: 438 | S110: 412 | U110: 413 | W110: 328 | Y110: 385
B112: 80/6 | D112: 81/0 | F112: 81/1 | H112: 81/2 | J112: 81/3 | L112: 82/0 | N112: 82/1 | P112: 82/2 | R112: 83/0 | T112: 83/1 | V112: 83/2 | X112: 84/0
B113: 3DA+0 | D113: 3DD45+9 | F113: 3DA+0 | H113: 3DA+3 | J113: 3DA+0 | L113: 3DC1+9 | N113: 3DA+0 | P113: 3DA+6 | R113: 3DB2+6 | T113: 3DA+0 | V113: 3DA+3 | X113: 3DB1+0
C117: 415 | E117: 394 | G117: 362 | I117: 386 | K117: 425 | M117: 412 | O117: 337 | Q117: 323 | S117: 329 | U117: 315 | W117: 465 | Y117: 374
B119: 84/1 | D119: 84/2 | F119: 84/3 | H119: 84/4 | J119: 84/5 | L119: 84/6 | N119: 84/7 | P119: 85/0 | R119: 85/1 | T119: 85/2 | V119: 85/3 | X119: 85/4
B120: 3DA+6 | D120: 3DA+6 | F120: 3DA+0 | H120: 3DA+0 | J120: 3DA+0 | L120: 3DA+0 | N120: 3DA+0 | P120: 3DB1+6 | R120: 3DA+9 | T120: 3DA+6 | V120: 3DA+3 | X120: 3DA+3
C124: 400 | E124: 359 | G124: 468 | I124: 287 | K124: 416 | M124: 352 | O124: 361 | Q124: 426 | S124: 394 | U124: 384 | W124: 414 | Y124: 480
B126: 86/0 | D126: 86/1 | F126: 87/0 | H126: 88/0 | J126: 89/0 | L126: 89/1 | N126: 90/0 | P126: 90/1 | R126: 90/2 | T126: 90/3 | V126: 90/4 | X126: 90/5
B127: 3DC1+6 | D127: 3DA+3 | F127: 3DC1+3 | H127: 3DB1+9 | J127: 3DC1+6 | L127: 3DA+0 | N127: 3DB2+0 | P127: 3DA+3 | R127: 3DA+0 | T127: 3DA+3 | V127: 3DA+0 | X127: 3DB1+9
C131: 395 | E131: 329 | G131: 418 | I131: 467 | K131: 443 | M131: 311 | O131: 479 | Q131: 321 | S131: 506 | U131: 421 | W131: 421 | Y131: 406
B133: 91/0 | D133: 91/1 | F133: 91/2 | H133: 92/0 | J133: 92/1 | L133: 92/2 | N133: 93/0 | P133: 93/1 | R133: 93/2 | T133: 93/3 | V133: 94/0 | X133: 94/1
B134: 3DC2+3 | D134: 3DA+3 | F134: 3DA+6 | H134: 3DD45+0 | J134: 3DB1+9 | L134: 3DA+0 | N134: 3DB2+3 | P134: 3DA+3 | R134: 3DA+9 | T134: 3DB1+9 | V134: 3DC1+3 | X134: 3DA+0
C138: 435 | E138: 533 | G138: 265 | I138: 484 | K138: 611 | M138: 367 | O138: 469 | Q138: 371 | S138: 370 | U138: 327 | W138: 318 | Y138: 340
B140: 94/2 | D140: 94/3 | F140: 95/0 | H140: 96/0 | J140: 96/1 | L140: 96/2 | N140: 96/3 | P140: 96/4 | R140: 96/5 | T140: 96/6 | V140: 96/7 | X140: 96/8
B141: 3DA+3 | D141: 3DB1+9 | F141: 3DD45+9 | H141: 3DD45+9 | J141: 3DB1+0 | L141: 3DB1+0 | N141: 3DA+6 | P141: 3DA+3 | R141: 3DA+0 | T141: 3DA+0 | V141: 3DA+0 | X141: 3DA+0
C144: 396 | E144: 377 | G144: 398 | I144: 393 | K144: 374 | M144: 363 | O144: 349 | Q144: 386 | S144: 390 | U144: 417 | W144: 423 | Y144: 340
B146: 97/0 | D146: 97/1 | F146: 97/2 | H146: 97/3 | J146: 97/4 | L146: 98/0 | N146: 98/1 | P146: 98/2 | R146: 98/3 | T146: 98/4 | V146: 98/5 | X146: 99/0
B147: 3DB2+0 | D147: 3DA+3 | F147: 3DA+0 | H147: 3DA+0 | J147: 3DA+3 | L147: 3DC1+0 | N147: 3DA+0 | P147: 3DA+0 | R147: 3DA+0 | T147: 3DA+0 | V147: 3DA+6 | X147: 3DC1+0
C150: 365 | E150: 403 | G150: 382 | I150: 395 | K150: 385 | M150: 381 | O150: 395 | Q150: 403 | S150: 383 | U150: 386 | W150: 397 | Y150: 371
B152: 99/1 | D152: 99/2 | F152: 99/3 | H152: 99/4 | J152: 99/5 | L152: 99/6 | N152: 99/7 | P152: 99/8 | R152: 99/9 | T152: 99/10 | V152: 99/11 | X152: 99/12
B153: 3DA+0 | D153: 3DA+0 | F153: 3DA+3 | H153: 3DA+3 | J153: 3DA+0 | L153: 3DA+0 | N153: 3DA+0 | P153: 3DA+0 | R153: 3DA+0 | T153: 3DA+0 | V153: 3DA+0 | X153: 3DA+0
C156: 422 | E156: 417 | G156: 400 | I156: 421 | K156: 419 | M156: 402 | O156: 402 | Q156: 411 | S156: 355 | U156: 390 | W156: 380 | Y156: 390
B158: 100/0 | D158: 100/1 | F158: 100/2 | H158: 100/3 | J158: 100/4 | L158: 100/5 | N158: 100/6 | P158: 100/7 | R158: 100/8 | T158: 101/0 | V158: 101/1 | X158: 101/2
B159: 3DB2+0 | D159: 3DA+3 | F159: 3DA+3 | H159: 3DA+0 | J159: 3DA+3 | L159: 3DA+0 | N159: 3DA+0 | P159: 3DA+3 | R159: 3DA+0 | T159: 3DB1+0 | V159: 3DA+0 | X159: 3DA+0
C162: 422 | E162: 417 | G162: 400 | I162: 421 | K162: 419 | M162: 402 | O162: 402 | Q162: 411 | S162: 355 | U162: 390 | W162: 380 | Y162: 390
B164: 100/0 | D164: 100/1 | F164: 100/2 | H164: 100/3 | J164: 100/4 | L164: 100/5 | N164: 100/6 | P164: 100/7 | R164: 100/8 | T164: 101/0 | V164: 101/1 | X164: 101/2
B165: 3DB2+0 | D165: 3DA+3 | F165: 3DA+3 | H165: 3DA+0 | J165: 3DA+3 | L165: 3DA+0 | N165: 3DA+0 | P165: 3DA+3 | R165: 3DA+0 | T165: 3DB1+0 | V165: 3DA+0 | X165: 3DA+0

Sheet Master Sheet
C2: Project Code | D2: TA-601 | G2: Date as on | H2: 46116 | I2: SBU Head | J2: Mr. Rajinder Gupta
C3: Project Name | D3: 765kV D/C Kurnool IV - Bidar trnasmission line (Part II) | G3: LOA Start Date | H3: 13.05.2025 | I3: PCH | J3: Mr. Arun Felbin R
C4: Client Name | D4: POWERGRID KURNOOL IV TRANSMISSION LIMITED | G4: LOA End Date | H4: 12.04.2027 | I4: Regional Manager | J4: Mr. Ajith Kumar MG
C5: Duration | D5: 23 Months | G5: Planning Engineer | H5: Mr. Siddhesh Bhoyar | I5: Chief Manger | J5: Mr. Senthil Jayaraman
B8: Survey Status
B9: Activity | C9: Unit | D9: Final Est. Qty | E9: L2 till Last Month | F9: Completed till Last Month | G9: Approved till Last Month | H9: Balance to Submit | I9: Plan for Current Month | J9: Balance to Approve | K9: L2 Submission Plan for Current Month | L9: Approved till Current Month | M9: Remarks
B10: Detailed Survey | C10: kms | D10: 113.286 | E10: 113.286 | F10: 113.286 | G10: 113.286 | H10: 0 | I10: 0 | J10: 0 | K10: 0 | L10: 113.286
B11: Check Survey | C11: kms | D11: 113.286 | E11: 113.286 | F11: 113.286 | G11: 106.439 | H11: =E11-F11 -> 0 | I11: =F11-G11 -> 6.847 | J11: =I11 -> 6.847 | K11: 0 | L11: 106.439
B14: Foundation Status
B15: Activity | C15: Scope Quantity | D15: Cumulative L2 till Last Month | E15: Cumulative Progress till Last Month | F15: L2 for present Month | G15: Plan for the Month | H15: Today's Progress | I15: Progress for Current Month | J15: L2 till Current Month | K15: Completed till Date | L15: Balance Work | M15: Under Progress | N15: Gangs at Present | O15: Remarks
B16: Foundation | C16: 292 | D16: 212 | E16: 101 | F16: 40 | G16: 40 | H16: 0 | I16: 0 | J16: 252 | K16: =E16+I16 -> 101 | L16: =292-K16 -> 191 | M16: 2 | N16: 2
B17: Earthing | C17: 292 | D17: 212 | E17: 67 | F17: 40 | G17: 40 | H17: 0 | I17: 0 | J17: =J16 -> 252 | K17: =E17+I17 -> 67 | L17: =C17-K17 -> 225
B18: Tower Erection | C18: 292 | D18: 155 | E18: 66 | F18: 35 | G18: 15 | H18: 1 | I18: 2 | J18: 190 | K18: =E18+I18 -> 68 | L18: =C18-K18 -> 224 | M18: 2 | N18: 2
B19: Stringing -R/S | C19: 113.286 | D19: 7 | E19: 0 | F19: 10 | G19: 0 | H19: 0 | I19: 0 | J19: 17 | K19: =E19+I19 -> 0 | L19: =C19-K19 -> 113.286
B20: Stringing -F/S | C20: 113.286 | D20: 7 | E20: 0 | F20: 10 | G20: 0 | H20: 0 | I20: 0 | J20: 17 | K20: =E20+I20 -> 0 | L20: =C20-K20 -> 113.286
B21: OPGW | C21: 113.286 | D21: 7 | E21: 0 | F21: 10 | G21: 0 | H21: 0 | I21: 0 | J21: 17 | K21: =E21+I21 -> 0 | L21: =C21-K21 -> 113.286
B22: NH Crossing | C22: 3 | L22: =C22-K22 -> 3
B23: SH Crossing | C23: 1 | L23: =C23-K23 -> 1
B24: Railway crossing | C24: 2 | L24: =C24-K24 -> 2
B25: Power Line Crossing | C25: 6 | L25: =C25-K25 -> 6
B27: WIP - Foundations | C27: Pit A | D27: Pit B | E27: Pit C | F27: Pit D | G27: Gang | K27: WIP - Erection | L27: Tower | M27: Gang | N27: Status
B28: 50/0 | C28: Prop Set | D28: Excavation | E28: Steel Binding | F28: Excavation | G28: VEER TEJA | K28: 100/8 | L28: DA+0 | M28: TNR INFRA | N28: Completed
B29: 60/0 | C29: RCC (F&B) | D29: RCC (F&B) | E29: RCC (F&B) | F29: Steel | G29: Shri Harshini | K29: 53/5 | L29: DA+0 | M29: NASIRUDDIN | N29: 2nd Section Completed
B33: Supply Status
B34: Activity | C34: Unit | D34: Final Est. Qty | E34: L2 till Last Month | F34: Received till Last Month | G34: Balance | H34: L2 Plan for Current Month | I34: Plan for Current Month | J34: Progress for the Month | K34: Received till Current Month | L34: Gap between Supply & Cumm.L2 | M34: Remarks
B35: Stub | C35: Set | D35: 292 | E35: 292 | F35: 235 | G35: =D35-F35 -> 57 | H35: 0 | I35: 0 | J35: 0 | K35: =F35+J35 -> 235 | L35: =E35+H35-K35 -> 57
B36: Tower | C36: No's | D36: 292 | E36: 230 | F36: 221 | G36: =D36-F36 -> 71 | H36: 0 | I36: 0 | J36: 0 | K36: =F36+J36 -> 221 | L36: =E36+H36-K36 -> 9
B37: AL59 Conductor | C37: kms | D37: 4314 | E37: 2700 | F37: 2870.615 | G37: =D37-F37 -> 1443.385 | H37: 300 | I37: 300 | J37: 0 | K37: =F37-J37 -> 2870.615 | L37: =E37+H37-K37 -> 129.385 | M37: 964 Drums Received
B39: Support Required :
B40: 1) 2.5 Km Stretch Hold for LILO.
B41: 2) RC Stub Drawings Required- DB,DC,DD45,DD60 (1MRC,2MRC,3MRC)
B42: 3) RC Foundation Drawings Required- DB,DC,DD45,DD60 (1MRC,2MRC,3MRC)

Sheet Progress Sheet 
B2: Survey Status
B3: Activity | C3: Unit | D3: Final Est. Qty | E3: L2 till Last Month | G3: Completed till Last Month | H3: Approved till Last Month | I3: Balance to Submit | J3: Balance to Approve | K3: L2 Submission Plan for Current Month | L3: Progress For Month | M3: Approved till Current Month | N3: Remarks
B4: Detailed Survey | C4: kms | D4: ='Master Sheet'!D10 -> 113.286 | E4: ='Master Sheet'!E10 -> 113.286 | G4: 113.286 | H4: ='Master Sheet'!G10 -> 113.286 | I4: ='Master Sheet'!H10 -> 0 | J4: ='Master Sheet'!J10 -> 0 | K4: ='Master Sheet'!K10 -> 0 | L4: ='Master Sheet'!I10 -> 0 | M4: ='Master Sheet'!L10 -> 113.286
B5: Check Survey | C5: kms | D5: ='Master Sheet'!D11 -> 113.286 | E5: ='Master Sheet'!E11 -> 113.286 | G5: ='Master Sheet'!F11 -> 113.286 | H5: ='Master Sheet'!G11 -> 106.439 | I5: ='Master Sheet'!H11 -> 0 | J5: ='Master Sheet'!J11 -> 6.847 | K5: 20 | L5: ='Master Sheet'!I11 -> 6.847 | M5: ='Master Sheet'!L11 -> 106.439
B7: PROGRESS - Check Survey
B8: S.No | C8: Section | E8: Length | G8: Check survey status
L10: =COUNTIFS($I$13:$L$130,"Foundation Completed.") -> 101
B11: PROGRESS - FDN & EREC
B12: S.No | C12: Location No. | D12: Tower Type | E12: Classification | F12: ROW cleared date | G12: Start Date | H12: Conc Volume | I12: Foundation Status | M12: End Date | N12: Gang Name | O12: Erection Status | P12: Gang Strength | Q12: Remarks
B13: 1 | C13: 81/2 | D13: DA+3 | E13: DFR | F13: =G13 -> 45854 | G13: 45854 | H13: 26.43 | I13: Foundation completed. | M13: 45876 | N13: MARC | P13: 10
B14: =B13+1 -> 2 | C14: 82/1 | D14: DA+0 | E14: WC | F14: 45848 | G14: 45849 | H14: 22.4 | I14: Foundation completed. | M14: 45891 | N14: MARC | P14: 10
B15: =B14+1 -> 3 | C15: 81/1 | D15: DA+0 | E15: DFR | F15: =ROW!D6 -> 0 | G15: 45892 | H15: 23.27 | I15: Foundation completed. | M15: 45913 | N15: MARC | P15: 10
B16: =B15+1 -> 4 | C16: 80/5 | D16: DA+0 | E16: DRY | F16: 45898 | G16: 45902 | H16: 21.96 | I16: Foundation completed. | M16: 45918 | N16: MARC | P16: 10
B17: =B16+1 -> 5 | C17: 80/1 | D17: DA+6 | E17: WFR | F17: 45897 | G17: 45898 | H17: 36.66 | I17: Foundation completed. | M17: 45940 | N17: MARC | P17: 10
B18: =B17+1 -> 6 | C18: 59/5 | D18: DA+0 | E18: DRY | F18: 45930 | G18: 45938 | H18: 21.96 | I18: Foundation completed. | M18: 45949 | N18: SHRIARSHINI | P18: 10
B19: =B18+1 -> 7 | C19: 84/3 | D19: DA+0 | E19: DRY | F19: 45919 | G19: 45940 | H19: 21.96 | I19: Foundation completed. | M19: 45949 | N19: SHIVRATHIRI BALRAJ | P19: 10
B20: =B19+1 -> 8 | C20: 59/4 | D20: DA+6 | E20: DRY | F20: 45933 | G20: 45938 | H20: 25.04 | I20: Foundation completed. | M20: 45951 | N20: SHRIARSHINI | P20: 20
B21: =B20+1 -> 9 | C21: 84/4 | D21: DA+0 | E21: DRY | F21: 45925 | G21: 45941 | H21: 21.96 | I21: Foundation completed. | M21: 45954 | N21: SHIVRATHIRI BALRAJ | P21: 10
B22: =B21+1 -> 10 | C22: 60/2 | D22: DA+0 | E22: DFR | G22: 45944 | H22: 23.27 | I22: Foundation completed. | M22: 45955 | N22: SHRIARSHINI | P22: 20
B23: =B22+1 -> 11 | C23: 80/4 | D23: DA+3 | E23: WFR | F23: 45919 | G23: 45923 | H23: 36.66 | I23: Foundation completed. | M23: 45957 | N23: MARC | P23: 10
B24: =B23+1 -> 12 | C24: 77/4 | D24: DA+0 | E24: DRY | F24: 45916 | G24: 45917 | H24: 21.96 | I24: Foundation completed. | M24: 45961 | N24: SHIVRATHIRI BALRAJ | P24: 10
B25: =B24+1 -> 13 | C25: 77/10 | D25: DA+3 | E25: DRY | G25: 45957 | H25: 25.04 | I25: Foundation completed. | M25: 45966 | N25: SHIVRATHIRI BALRAJ | P25: 10
B26: =B25+1 -> 14 | C26: 59/2 | D26: DA+0 | E26: DRY | G26: 45959 | H26: 21.96 | I26: Foundation completed. | M26: 45969 | N26: SHRIARSHINI | P26: 15
B27: =B26+1 -> 15 | C27: 77/7 | D27: DA+0 | E27: DFR | G27: 45963 | H27: 23.27 | I27: Foundation completed. | M27: 45970 | N27: SHIVRATHIRI BALRAJ | P27: 10
B28: =B27+1 -> 16 | C28: 77/8 | D28: DA+0 | E28: DFR | G28: 45963 | H28: 23.27 | I28: Foundation completed. | M28: 45974 | N28: MARC | P28: 10
B29: =B28+1 -> 17 | C29: 60/3 | D29: DA+6 | E29: DRY | G29: 45953 | H29: 25.04 | I29: Foundation completed. | M29: 45976 | N29: SHRIARSHINI | P29: 15
B30: =B29+1 -> 18 | C30: 77/3 | D30: DA+0 | E30: DFR | G30: 45968 | H30: 23.27 | I30: Foundation completed. | M30: 45980 | N30: MARC | P30: 10
B31: =B30+1 -> 19 | C31: 60/8 | D31: DA+3 | E31: DFR | G31: 45973 | H31: 26.43 | I31: Foundation completed. | M31: 45984 | N31: SHRIARSHINI | P31: 10
B32: =B31+1 -> 20 | C32: 77/1 | D32: DA+0 | E32: DRY | G32: 45968 | H32: 21.96 | I32: Foundation completed. | M32: 45986 | N32: MARC | P32: 10
B33: =B32+1 -> 21 | C33: 59/1 | D33: DA+0 | E33: DFR | G33: 45984 | H33: 23.27 | I33: Foundation completed. | M33: 45990 | N33: SHRIARSHINI | P33: 10
B34: =B33+1 -> 22 | C34: 77/2 | D34: DA+0 | E34: DRY | G34: 45979 | H34: 21.96 | I34: Foundation completed. | M34: 45991 | N34: MARC | P34: 10
B35: =B34+1 -> 23 | C35: 58/2 | D35: DA+0 | E35: DRY | G35: 45988 | H35: 21.96 | I35: Foundation completed. | M35: 45994 | N35: SHRIARSHINI | P35: 16
B36: =B35+1 -> 24 | C36: 58/1 | D36: DA+6 | E36: DRY | G36: 45992 | H36: 25.04 | I36: Foundation completed. | M36: 45999 | N36: SHRIARSHINI | P36: 16
... B112: =B111+1 -> 100 | C112: 51/2 | D112: DA+0 | E112: DFR | G112: 46102 | H112: 23.27 | I112: Foundation Completed. | M112: 46108 | N112: SHRIARSHINI | P112: 20
B113: =B112+1 -> 101 | C113: 53/3 | D113: DA+3 | E113: WET | H113: 38.98 | I113: Foundation Completed. | M113: 46112 | N113: SHRIARSHINI | P113: 20
B114: =B113+1 -> 102 | C114: 84/2 | D114: DA+0 | I114: WIP: Excavation Hard Rock Encounted | N114: BALAJI INFRA
B115: =B114+1 -> 103 | C115: 60/1 | D115: DA+0 | I115: Trial Pit Excavated, Hard Rock encounted | N115: SHRIARSHINI-2 | P115: 15
B116: =B115+1 -> 104 | C116: 101/4 | D116: DA+0 | G116: 46052 | I116: WIP: Excavated | M116: WIP | N116: VKP TRADERS | P116: 11
B117: =B116+1 -> 105 | C117: 85/0 | D117: DB1+0 | G117: 46067 | I117: WIP: Pit Marking | M117: WIP | N117: MARC | P117: 18
B118: =B117+1 -> 106 | C118: 50/0 | D118: 3DC2+0 | E118: WFR | G118: 46077 | I118: WIP: PCC, Steel Binding | M118: WIP | N118: VEER TEJA CONSTRUCTION | P118: 10
B119: =B118+1 -> 107 | C119: 90/1 | D119: DA+3 | G119: 46077 | I119: WIP: Pit Marking | M119: WIP | N119: MARC | P119: 18
B120: =B119+1 -> 108 | C120: 102/0 | D120: 3DB2+0 | G120: 46090 | I120: WIP: Pit Marking | M120: WIP | N120: VKP TRADERS | P120: 10
B121: =B120+1 -> 109 | C121: 90/3 | D121: DA+3 | E121: DFR | G121: 46083 | H121: 26.43 | I121: WIP: Blasting | M121: WIP | N121: MARC | P121: 18
B122: =B121+1 -> 110 | C122: 90/2 | D122: DA+0 | G122: 46079 | I122: WIP: Blasting | M122: WIP | N122: MARC | P122: 18
B123: =B122+1 -> 111 | C123: 99/5 | D123: DA+0 | G123: 46094 | I123: WIP: Excavation | M123: WIP | N123: BALAJI INFRA | P123: 16
B124: =B123+1 -> 112 | C124: 60/0 | D124: DB2+0 | E124: DFR | G124: 46097 | I124: WIP: RCC (F&B) | M124: WIP | N124: SHRIARSHINI - 2 | P124: 20
B125: =B124+1 -> 113 | C125: 70/1 | D125: DA+9 | E125: DFR | G125: 46106 | I125: WIP: Excavation | M125: WIP | N125: ATK
B126: =B125+1 -> 114 | C126: 70/2 | D126: DA+0 | E126: DFR | G126: 46107 | I126: WIP: Excavation | M126: WIP | N126: ATK
B127: =B126+1 -> 115 | C127: 70/4 | D127: DA+6 | E127: DFR | G127: 46107 | I127: WIP: Trial Pit | M127: WIP | N127: ATK
B128: =B127+1 -> 116 | C128: 53/0 | D128: DB1+3 | E128: DFR | G128: 46111 | I128: WIP: Excavated | M128: WIP | N128: SHRIHARSHINI | P128: 20
B129: =B128+1 -> 117 | C129: 49/7 | D129: DA+0 | G129: 46112 | I129: WIP: Pit Marking | M129: WIP | N129: VEER TEJA CONSTRUCTION | P129: 10
C130: <Alt+i+r>
B133: EARTHING
B134: SL No. | C134: Location No. | D134: Tower Type | E134: Classification | F134: ROW cleared date | G134: Start Date | H134: Status | L134: End Date | M134: Gang Name | N134: Remark | O134: Revenue
B135: 1 | C135: 82/1 | D135: DA+0 | E135: WC | F135: 45848 | G135: 45908 | H135: Earthing Completed. | L135: 45908 | M135: MARC
B136: =B135+1 -> 2 | C136: 80/5 | D136: DA+0 | E136: DRY | F136: 45898 | G136: 45924 | H136: Earthing Completed. | L136: 45924 | M136: MARC
B137: =B136+1 -> 3 | C137: 59/4 | D137: DA+6 | E137: DRY | F137: 45933 | G137: 45949 | H137: Earthing Completed. | L137: 45949 | M137: SHRIARSHINI - 1
B138: =B137+1 -> 4 | C138: 77/1 | D138: DA+0 | E138: DRY | G138: 45992 | H138: Earthing Completed. | L138: 45992 | M138: MARC
B139: =B138+1 -> 5 | C139: 77/2 | D139: DA+0 | E139: DRY | G139: 46010 | H139: Earthing Completed. | L139: 46010 | M139: MARC
B140: =B139+1 -> 6 | C140: 77/6 | D140: DA+0 | E140: WC | G140: 46011 | H140: Earthing Completed. | L140: 46011 | M140: MARC
B141: =B140+1 -> 7 | C141: 56/3 | D141: DA+0 | E141: DFR | G141: 46016 | H141: Earthing Completed. | L141: 46016 | M141: SHRIARSHINI - 1
B142: =B141+1 -> 8 | C142: 79/1 | D142: DA+3 | E142: WET | G142: 46020 | H142: Earthing Completed. | L142: 46020 | M142: MARC
B143: =B142+1 -> 9 | C143: 80/1 | D143: DA+6 | E143: WFR | G143: 46021 | H143: Earthing Completed. | L143: 46021 | M143: MARC
B144: =B143+1 -> 10 | C144: 99/9 | D144: DA+0 | E144: DRY | G144: 46023 | H144: Earthing Completed. | L144: 46023 | M144: SAI SREE VARSHINI
B145: =B144+1 -> 11 | C145: 99/8 | D145: DA+0 | E145: DFR | G145: 46028 | H145: Earthing Completed. | L145: 46028 | M145: SAI SREE VARSHINI
B146: =B145+1 -> 12 | C146: 99/10 | D146: DA+0 | E146: DFR | G146: 46028 | H146: Earthing Completed. | L146: 46028 | M146: SAI SREE VARSHINI
B147: =B146+1 -> 13 | C147: 99/11 | D147: DA+0 | E147: DFR | G147: 46028 | H147: Earthing Completed. | L147: 46028 | M147: SAI SREE VARSHINI
B148: =B147+1 -> 14 | C148: 99/6 | D148: DA+0 | E148: DFR | G148: 46029 | H148: Earthing Completed. | L148: 46029 | M148: SAI SREE VARSHINI
B149: =B148+1 -> 15 | C149: 99/7 | D149: DA+0 | E149: DRY | G149: 46029 | H149: Earthing Completed. | L149: 46029 | M149: SAI SREE VARSHINI
... B195: =B194+1 -> 61 | C195: 51/7 | D195: 3DA+3 | E195: DFR | G195: 46094 | H195: Earthing Completed. | L195: 46095 | M195: SHRIHARSHINI
B196: =B195+1 -> 62 | C196: 51/8 | D196: 51/8 | E196: DA+0 | F196: DFR | G196: 46098 | H196: Earthing Completed. | L196: 46098 | M196: SHRIHARSHINI
B197: =B196+1 -> 63 | C197: 100/0 | D197: 3DB2+0 | E197: DFR | G197: 46101 | H197: Earthing Completed. | L197: 45008 | M197: BALAJI INFRA
B198: =B197+1 -> 64 | C198: 52/1 | D198: DA+9 | E198: DFR | F198: 46098 | G198: 46112 | H198: Earthing Completed. | L198: 46112 | M198: SHRIARSHINI
B199: =B198+1 -> 65 | C199: 51/6 | D199: DA+3 | E199: DFR | G199: 46110 | H199: Earthing Completed. | L199: 46110 | M199: SHRIARSHINI
B200: =B199+1 -> 66 | C200: 50/3 | D200: DA+3 | E200: DFR | G200: 46110 | H200: Earthing Completed. | L200: 46110 | M200: SHRIARSHINI
B201: =B200+1 -> 67 | C201: 51/2 | D201: 51/2 | E201: DA+0 | F201: DFR | G201: 46112 | H201: Earthing Completed. | L201: 46112 | M201: SHRIARSHINI
B203: Stringing
B204: S.No | C204: Section | D204: Length | E204: Status | J204: Gang Name | K204: Gang Strength | L204: RouGH SaG | M204: F!n@L sAG | N204: E@rthwire
B207: OPGW Stringing
B208: S.No | C208: Section | D208: Length | E208: Status | J208: Gang Name | K208: Gang Strength | L208: Remarks
B210: Erection
B211: SL No. | C211: Location No. | D211: Tower Type | E211: Classification | G211: Start Date | H211: MT | I211: Status | M211: End Date | N211: Gang Name | O211: Gang Strength | P211: Remark
B212: 1 | C212: 59/1 | D212: DA+0 | E212: DFR | G212: 46006 | H212: 35.089 | I212: Erection Completed. | M212: 46011 | N212: NASIRUDDIN | O212: 35
B213: =B212+1 -> 2 | C213: 59/2 | D213: DA+0 | E213: DRY | G213: 46013 | H213: 35.089 | I213: Erection Completed. | M213: 46018 | N213: NASIRUDDIN | O213: 35
B214: =B213+1 -> 3 | C214: 77/3 | D214: DA+0 | E214: DFR | G214: 46013 | H214: 35.089 | I214: Erection Completed. | M214: 46022 | N214: CRANE | O214: 49
B215: =B214+1 -> 4 | C215: 58/2 | D215: DA+0 | E215: DRY | G215: 46016 | H215: 35.089 | I215: Erection Completed. | M215: 46032 | N215: NASIRUDDIN | O215: 35
B216: =B215+1 -> 5 | C216: 77/2 | D216: DA+0 | E216: DRY | G216: 46016 | H216: 35.089 | I216: Erection Completed. | M216: 46030 | N216: CRANE | O216: 49
B217: =B216+1 -> 6 | C217: 58/1 | D217: DA+6 | E217: DRY | G217: 46024 | H217: 41.88 | I217: Erection Completed. | M217: 46032 | N217: NASIRUDDIN | O217: 35
B218: =B217+1 -> 7 | C218: 77/1 | D218: DA+0 | E218: DRY | G218: 46023 | H218: 35.089 | I218: Erection Completed. | M218: 46035 | N218: CRANE | O218: 49
B219: =B218+1 -> 8 | C219: 58/3 | D219: DA+0 | E219: DRY | G219: 46031 | H219: 35.089 | I219: Erection Completed. | M219: 46036 | N219: NASIRUDDIN | O219: 35
B220: =B219+1 -> 9 | C220: 77/4 | D220: DA+0 | E220: DRY | G220: 46029 | H220: 35.089 | I220: Erection Completed. | M220: 46038 | N220: DK VERMA | O220: 21
B221: =B220+1 -> 10 | C221: 82/1 | D221: DA+0 | E221: WC | G221: 46033 | H221: 35.089 | I221: Erection Completed. | M221: 46038 | N221: SHAKILA KHATUN | O221: 31
B222: =B221+1 -> 11 | C222: 80/5 | D222: DA+0 | E222: DFR | G222: 46037 | H222: 35.089 | I222: Erection Completed. | M222: 46042 | N222: SHAKILA KHATUN | O222: 31
B223: =B222+1 -> 12 | C223: 59/4 | D223: DA+6 | E223: DRY | G223: 46037 | H223: 41.88 | I223: Erection Completed. | M223: 46043 | N223: NASIRUDDIN | O223: 35
B224: =B223+1 -> 13 | C224: 77/7 | D224: DA+0 | E224: DFR | G224: 46039 | H224: 35.089 | I224: Erection Completed. | M224: 46043 | N224: DK VERMA | O224: 21
... B279: =B278+1 -> 68 | C279: 100/8 | D279: DA+0 | E279: DFR | G279: 46111 | H279: 35.089 | I279: Erection Completed. | M279: 46085 | N279: TNR INFA | O279: 24
B280: =B279+1 -> 69 | C280: 53/5 | D280: DA+0 | E280: DRY | G280: 02.04-2026 | H280: 35.089 | I280: WIP: 2nd Section | N280: NASIRUDDIN | O280: 30

Sheet ROW
A1: TL-02 765kV Kurnool IV - Bidar line
A2: Foundation
A3: Sr. No. | B3: Location no. | C3: Type of tower | D3: ISSUE
A4: 1 | B4: 50/0 | C4: DC2+0
A5: =A4+1 -> 2 | B5: 51/1 | C5: DA+3
A6: =A5+1 -> 3 | B6: 51/0 | C6: DC2+0
A7: =A6+1 -> 4 | B7: 51/5 | C7: DA+0
A8: =A7+1 -> 5 | B8: 52/2 | C8: DA+0
A9: =A8+1 -> 6 | B9: 52/3 | C9: DA+0
A10: =A9+1 -> 7 | B10: 52/4 | C10: DA+0
A11: =A10+1 -> 8 | B11: 53/0 | C11: DB1+3
A12: =A11+1 -> 9 | B12: 85/3 | C12: DA+0
A13: =A12+1 -> 10 | B13: 85/4 | C13: DA+0

Sheet SUPPLY
B1: Supply Status - Stubs & Towers
B2: Stub Details
B3: SL No | C3: Description | D3: Unit | E3: Line Qty | F3: Received | G3: Balance
B4: 1 | C4: 3DA Stub | D4: Set | F4: 181
B5: 2 | C5: 3DB Stub | D5: Set | F5: 27
B6: 3 | C6: 3DC Stub | D6: Set | F6: 17
B7: 4 | C7: 3D45 Stub | D7: Set | F7: 6
B8: 5 | C8: 3D60 Stub | D8: Set | F8: 4
C9: Total | D9: Set | E9: =SUM(E4:E8) -> 0 | F9: =SUM(F4:F8) -> 235 | G9: =SUM(G4:G8) -> 0 | H9: =SUM(H4:H8) -> 0 | I9: =SUM(I4:I8) -> 0
B11: Tower Details
B12: SL No | C12: Tower Type | D12: Description | E12: Line Qty | F12: Received | G12: Balance | J12: Remarks
B13: 1 | C13: 3DA Type | D13: Basic body | F13: 169
D14: +0m BE | F14: 129
D15: +3m BE | F15: 40
D16: +6m BE | F16: 18
D17: +9m BE | F17: 12
B18: 2 | C18: 3DB Type | D18: Basic body | F18: 31
D19: +0m BE | F19: 27
D20: +3m BE | F20: 0
D21: +6m BE | F21: 0
D22: +9m BE | F22: 7
B23: 3 | C23: 3DC Type | D23: Basic body | F23: 21
D24: +0m BE | F24: 18
D25: +3m BE | F25: 3
D26: +6m BE | F26: 0
D27: +9m BE | F27: 3
B28: 4 | C28: 3DD45 Type | D28: Basic body
D29: +0m BE
D30: +3m BE
D31: +6m BE
D32: +9m BE
B33: 5 | C33: 3DD60 Type | D33: Basic body
D34: +0m BE
D35: +3m BE
D36: +6m BE
D37: +9m BE
D39: Total | F39: =SUM(F13+F18+F23) -> 221
B44: Activity | C44: Unit | D44: Final Est. Qty | E44: L2 till Last Month | F44: Received till Last Month | G44: Balance | H44: L2 Plan for Current Month | I44: Plan for Current Month | J44: Progress for the Month | K44: Received till Current Month | L44: Gap between Suppy & Cumm.L2 | M44: Remarks
B45: Stub | C45: Set | D45: ='Master Sheet'!D35 -> 292 | E45: ='Master Sheet'!E35 -> 292 | F45: ='Master Sheet'!F35 -> 235 | G45: ='Master Sheet'!G35 -> 57 | H45: ='Master Sheet'!H35 -> 0 | I45: ='Master Sheet'!I35 -> 0 | J45: ='Master Sheet'!J35 -> 0 | K45: ='Master Sheet'!K35 -> 235 | L45: ='Master Sheet'!L34 -> Gap between Supply & Cumm.L2
B46: Tower | C46: No's | D46: ='Master Sheet'!D36 -> 292 | E46: ='Master Sheet'!E36 -> 230 | F46: ='Master Sheet'!F36 -> 221 | G46: ='Master Sheet'!G36 -> 71 | H46: ='Master Sheet'!H36 -> 0 | I46: ='Master Sheet'!I36 -> 0 | J46: ='Master Sheet'!J36 -> 0 | K46: ='Master Sheet'!K36 -> 221 | L46: ='Master Sheet'!L35 -> 57
B47: Conductor | C47: kms | D47: ='Master Sheet'!D37 -> 4314 | E47: ='Master Sheet'!E37 -> 2700 | F47: ='Master Sheet'!F37 -> 2870.615 | G47: ='Master Sheet'!G37 -> 1443.385 | H47: ='Master Sheet'!H37 -> 300 | I47: ='Master Sheet'!I37 -> 300 | J47: ='Master Sheet'!J37 -> 0 | K47: ='Master Sheet'!K37 -> 2870.615 | L47: ='Master Sheet'!L36 -> 9
B50: Cummulative progress till Previous Month
B51: S No | C51: Item | D51: Unit | E51: Total QTY | F51: Planned L2 till Previous Month (MAR'26) | G51: Completed till Previous month (MAR' 26) | H51: L2 Planned for Current Month (Approved L2) | I51: Balance after MAR'26 | J51: March 26 Month Plan | K51: MARCH MONTH PROGRESS | L51: Cummulative Completed | M51: Balance
B52: 1 | C52: Supply of Stubs | D52: Sets | E52: 292 | F52: ='Master Sheet'!E35 -> 292 | G52: ='Master Sheet'!F35 -> 235 | H52: ='Master Sheet'!H35 -> 0 | I52: =E52-G52 -> 57 | J52: 0 | K52: 2 | L52: 235 | M52: =E52-L52 -> 57
B53: 2 | C53: Supply of Towers | D53: Nos | E53: 292 | F53: ='Master Sheet'!E36 -> 230 | G53: ='Master Sheet'!F36 -> 221 | H53: 0 | I53: =E53-G53 -> 71 | J53: 0 | K53: 0 | L53: 160 | M53: =E53-L53 -> 132
B54: 3 | C54: Supply of Earthwire | D54: Km | E54: 121 | F54: 85 | G54: 86 | H54: 0 | I54: =E54-G54 -> 35 | J54: 0 | K54: 0 | L54: 86 | M54: =E54-L54 -> 35
B55: 4 | C55: Supply of Conductor | D55: Km | E55: 4314 | F55: ='Master Sheet'!E37 -> 2700 | G55: ='Master Sheet'!F37 -> 2870.615 | H55: 300 | I55: =E55-G55 -> 1443.385 | J55: 300 | K55: 478.825 | L55: 2856 | M55: =E55-L55 -> 1458
B56: 5 | C56: Supply of H/W Fittings | D56: % | E56: 1 | F56: 0.7 | G56: 0.75 | H56: 0 | I56: 1 | J56: 0 | K56: 0 | M56: 1
B57: 6 | C57: Supply of Insultor | D57: Nos | E57: 7200 | F57: 9200 | G57: 0 | H57: 0 | I57: =E57-G57 -> 7200 | J57: 2450 | K57: 0 | L57: =K57+G57 -> 0 | M57: =E57-L57 -> 7200
B58: 7 | C58: Supply of OPGW | D58: km | E58: 123 | F58: 0 | G58: 0 | H58: 0 | I58: =E58-G58 -> 123 | J58: 0 | K58: 0 | L58: =K58+G58 -> 0 | M58: =E58-L58 -> 123
B59: 8 | C59: Supply of OPGW Accessories | D59: % | E59: 1 | F59: 0.5 | G59: 0 | H59: 0 | I59: =E59-G59 -> 1 | J59: 0 | K59: 0 | L59: =K59+G59 -> 0 | M59: =E59-L59 -> 1
B60: 9 | C60: Supply of Earthing Materials | D60: % | E60: 1 | F60: 1 | G60: 0.75 | H60: 0 | I60: =E60-G60 -> 0.25 | J60: 0 | K60: 0 | L60: =K60+G60 -> 0.75 | M60: =E60-L60 -> 0.25 | O60: =50/296 -> 0.16891892
B61: 10 | C61: Supply of Earthwire Accessories | D61: % | E61: 1 | F61: 0.75 | G61: 0.75 | H61: 0 | I61: =E61-G61 -> 0.25 | J61: 0 | K61: 0 | L61: =K61+G61 -> 0.75 | M61: =E61-L61 -> 0.25 | O61: =132/296 -> 0.44594595
B62: 11 | C62: Supply of Tower Accessories | D62: % | E62: 1 | F62: 0.2 | G62: 0 | H62: 0 | I62: =E62-G62 -> 1 | J62: 0 | K62: 0 | L62: =K62+G62 -> 0 | M62: =E62-L62 -> 1
B63: 12 | C63: Supply of Conductor Accessories | D63: % | E63: 1 | F63: 0.7 | G63: 0.75 | H63: 0 | I63: =E63-G63 -> 0.25 | J63: 0.4 | K63: 0.75 | L63: =K63+G63 -> 1.5 | M63: =E63-L63 -> -0.5

Sheet Erection Compiled
A2: SL No. | B2: Location No. | C2: Tower Type | D2: Classification | E2: Start Date | F2: MT | G2: Status | H2: End Date | I2: Gang Name | J2: Gang Strength
A3: 1 | B3: 56/7 | C3: DA+0 | D3: DFR | E3: 46006 | F3: 35.089 | G3: Erection Completed. | H3: 46011 | I3: NASIRUDDIN | J3: 35
A4: =A3+1 -> 2 | B4: 59/2 | C4: DA+0 | D4: DRY | E4: 46013 | F4: 35.089 | G4: Erection Completed. | H4: 46018 | I4: NASIRUDDIN | J4: 35
A5: =A4+1 -> 3 | B5: 77/3 | C5: DA+0 | D5: DFR | E5: 46013 | F5: 35.089 | G5: Erection Completed. | H5: 46022 | I5: CRANE | J5: 49
A6: =A5+1 -> 4 | B6: 58/2 | C6: DA+0 | D6: DRY | E6: 46016 | F6: 35.089 | G6: Erection Completed. | H6: 46032 | I6: NASIRUDDIN | J6: 35
A7: =A6+1 -> 5 | B7: 77/2 | C7: DA+0 | D7: DRY | E7: 46016 | F7: 35.089 | G7: Erection Completed. | H7: 46030 | I7: CRANE | J7: 49
A8: =A7+1 -> 6 | B8: 58/1 | C8: DA+6 | D8: DRY | E8: 46024 | F8: 41.88 | G8: Erection Completed. | H8: 46032 | I8: NASIRUDDIN | J8: 35
A9: =A8+1 -> 7 | B9: 77/1 | C9: DA+0 | D9: DRY | E9: 46023 | F9: 35.089 | G9: Erection Completed. | H9: 46035 | I9: CRANE | J9: 49
A10: =A9+1 -> 8 | B10: 58/3 | C10: DA+0 | D10: DRY | E10: 46031 | F10: 35.089 | G10: Erection Completed. | H10: 46036 | I10: NASIRUDDIN | J10: 35
A11: =A10+1 -> 9 | B11: 77/4 | C11: DA+0 | D11: DRY | E11: 46029 | F11: 35.089 | G11: Erection Completed. | H11: 46038 | I11: DK VERMA | J11: 21
A12: =A11+1 -> 10 | B12: 82/1 | C12: DA+0 | D12: WC | E12: 46033 | F12: 35.089 | G12: Erection Completed. | H12: 46038 | I12: SHAKILA KHATUN | J12: 31
A13: =A12+1 -> 11 | B13: 80/5 | C13: DA+0 | D13: DFRY | E13: 46037 | F13: 35.089 | G13: Erection Completed. | H13: 46042 | I13: SHAKILA KHATUN | J13: 31
A14: =A13+1 -> 12 | B14: 59/4 | C14: DA+6 | D14: DRY | E14: 46037 | F14: 41.88 | G14: Erection Completed. | H14: 46043 | I14: NASIRUDDIN | J14: 35
A15: =A14+1 -> 13 | B15: 77/7 | C15: DA+0 | D15: DFR | E15: 46039 | F15: 35.089 | G15: Erection Completed. | H15: 46043 | I15: DK VERMA | J15: 21
... A70: =A69+1 -> 68 | B70: 100/8 | C70: DA+0 | D70: DFR | E70: 46111 | F70: 35.089 | G70: Erection Completed. | H70: 46085 | I70: TNR INFA | J70: 24

Sheet X-ing Details 
B2: CROSSINGS PROPOSAL STATUS : 765 KV D/C Kurnool IV - Bidar TL (Part-2)
B6: Crossing Type | C6: 132 KV | D6: 220kV | E6: SH-Xing | F6: NH-Xing | G6: Railway-Xing | H6: Total
B7: Total Nos | C7: 4 | D7: 2 | E7: 1 | F7: 3 | G7: 2 | H7: 12
B8: Submitted Till Date | C8: 4 | D8: 2 | E8: 0 | F8: 3 | G8: 2 | H8: =C8+D8+F8+G8 -> 11
B9: Approved Till Date | C9: 0 | D9: 0 | E9: 0 | F9: 0 | G9: 0 | H9: 0
B10: Balance to Execute | C10: =C7-C8 -> 0 | D10: =D7-D8 -> 0 | E10: =E7-E8 -> 1 | F10: =F7-F8 -> 0 | G10: =G7-G8 -> 0 | H10: 0
B12: Crossings Details
B13: Sl. No. | C13: FROM (AP) | D13: TO (AP) | E13: Name of the Line | F13: NAME OF CROSSING | G13: Date of First Submission | H13: Joint Inspection Status | I13: Provisional approval status
B14: 1 | C14: AP54 | D14: AP55 | E14: Railway crossing (Tandur - Vikarabad) | F14: Railway crossing | G14: 45987
B15: =B14+1 -> 2 | C15: AP57 | D15: AP58 | E15: 220kV D/C transmission line Tandur - Gachibowli (HYD) | F15: Power line | G15: 45946
B16: =B15+1 -> 3 | C16: AP61 | D16: AP62 | E16: NATIONAL HIGHWAY-163 (Kodangal - Hyderabad) | F16: National highway crossing | G16: 45989
B17: =B16+1 -> 4 | C17: AP71 | D17: AP72 | E17: 132kV D/C transmission line Tandur - Mahabubnagar | F17: Power line | G17: 45944
B18: =B17+1 -> 5 | C18: AP74 | D18: AP75 | E18: NATIONAL HIGHWAY-167N (Kodangal - Kosgi) | F18: National highway crossing | G18: 45989
B19: =B18+1 -> 6 | C19: AP76 | D19: AP77 | E19: 220kV D/C transmission line Kosgi - Pargi | F19: Power line | G19: 45946
B20: =B19+1 -> 7 | C20: AP88 | D20: AP89 | E20: 132kV S/C transmission line Maddur - Mahabubnagar | F20: Power line | G20: 45946
B21: =B20+1 -> 8 | C21: AP95 | D21: AP96 | E21: 132kV S/C transmission line Maddur - Makthal | F21: Power line | G21: 45946
B22: =B21+1 -> 9 | C22: AP98 | D22: AP99 | E22: STATE HIGHWAY-22 (Narayanpet - Marikal) | F22: State highway crossing | G22: Not Required
B23: =B22+1 -> 10 | C23: AP106 | D23: AP107 | E23: Railway crossing (Raichur - Makthal) | F23: Railway crossing | G23: 45988
B24: =B23+1 -> 11 | C24: AP109 | D24: AP110 | E24: 132kV S/C transmission line Makthal - Krishna Railway junction | F24: Power line | G24: 08.12.2025
B25: =B24+1 -> 12 | C25: AP110 | D25: AP111 | E25: NATIONAL HIGHWAY-167N (Raichur - Marikal) | F25: National highway crossing | G25: 08.12.2025

Sheet Visual Chart
A1: VISUAL PROGRESS CHART
A2: 765 kV DC Kurnool IV - Bidar Transmission Line (TL-02)
B3: Foundation (Nos.):- | D3: 101 | E3: /292 | F3: Erection (Nos.):- | H3: 68 | I3: /292 | J3: Earthing (Nos.):- | L3: 67 | M3: /292 | N3: Rough Sag (Kms):- | P3: 0 / | Q3: 113.292 | R3: Final Sag (Kms):- | T3: 0 / | U3: 113.292 | V3: Date:- | W3: =TODAY() -> 46117
B4: COMPLETION CHART | C4: Unit | D4: +0 | E4: +3 | F4: +6 | G4: +9 | H4: Total | I4: Line Qty
J5: ERECTION | P5: Rough Sag | R5: SH / NH Road Crossing
J6: WIP | V6: River
B7: DA | C7: Nos | D7: 136 | E7: 47 | F7: 21 | G7: 12 | H7: =SUM(D7:G7) -> 216 | I7: =H7 -> 216 | J7: FOUNDATION | K7: Type | M7: Angle Tower | R7: Gas Pipeline
B8: DB1 | C8: Nos | D8: 8 | E8: 2 | F8: 1 | G8: 9 | H8: =SUM(D8:G8) -> 20 | I8: =H8 -> 20
B9: DB2 | C9: Nos | D9: 11 | E9: 2 | F9: 4 | G9: 1 | H9: =SUM(D9:G9) -> 18 | I9: =H9 -> 18 | O9: Final Sag
B10: DC1 | C10: Nos | D10: 10 | E10: 2 | F10: 1 | G10: 4 | H10: =SUM(D10:G10) -> 17 | I10: =H10 -> 17
B11: DC2 | C11: Nos | D11: 3 | E11: 3 | F11: 1 | G11: 0 | H11: =SUM(D11:G11) -> 7 | I11: =H11 -> 7 | S11: Railway
B12: DCT | C12: Nos | D12: 0 | E12: 0 | F12: 0 | G12: 0 | H12: =SUM(D12:G12) -> 0 | I12: =H12 -> 0 | Q12: WIP | S12: Crossing
B13: DD45 | C13: Nos | D13: 3 | E13: 1 | F13: 1 | G13: 4 | H13: =SUM(D13:G13) -> 9 | I13: =H13 -> 9 | J13: Section Tower | K13: SC | V13: 110kV - 800kV | Z13: Foundation | AA13: Erection | AB13: Earthing
B14: DD60 | C14: Nos | D14: 2 | E14: 2 | F14: 0 | G14: 1 | H14: =SUM(D14:G14) -> 5 | I14: =H14 -> 5 | J14: TP | K14: TT | M14: Earthing | P14: OPGW | V14: Line
B15: Total Completed Foundations | H15: 101 | I15: =292-H15 -> 191
B16: Wind Zone - 3 [AP48 - AP111] | Z16: =SUM(Z18:Z254) -> 101 | AA16: =SUM(AA18:AA254) -> 68 | AB16: =SUM(AB18:AB254) -> 67
A18: COMMON TOWER (TL-1&2) | AD18: DS | AE18: CS | AF18: SI | AG18: FDN | AH18: EAR | AI18: ERN | AJ18: TW | AK18: PO | AL18: FS | AM18: OPGW
AC19: TOTAL | AD19: =(C21+E21+G21+I21+K21+M21+O21+Q21+S21+U21+W21+Y21)/1000 -> 4.83244 | AE19: =(C21+E21+G21+I21+K21+M21+O21+Q21+S21+U21+W21+Y21)/1000 -> 4.83244 | AG19: 12 | AH19: 12 | AI19: 12 | AJ19: 12 | AL19: =(C21+E21+G21+I21+K21+M21+O21+Q21+S21+U21+W21+Y21)/1000 -> 4.83244
AC20: COMPLETED | AG20: =B21+D21+F21 -> 0
C21: 411 | E21: 432 | G21: 411 | I21: 432 | K21: 411 | M21: 432 | O21: 411 | Q21: 374.437 | S21: 376.003 | U21: 405 | W21: 340 | Y21: 397 | AC21: BALANCE
B23: AP48/0 | D23: 48/1 | F23: 48/2 | H23: 48/3 | J23: 48/4 | L23: 48/5 | N23: 48/6 | P23: 48/7 | R23: AP49/0 | T23: 49/1 | V23: 49/2 | X23: 49/3
B24: DB1+0 | D24: 3DA+6 | F24: 3DA+0 | H24: 3DA+6 | J24: 3DA+3 | L24: 3DA+3 | N24: 3DA+3 | P24: 3DA+3 | Q24: =(Q21+O21+M21+K21+I21+G21+E21+C21)/1000 -> 3.314437 | R24: 3DC1+0 | T24: 3DA+0 | V24: 3DA+0 | X24: 3DA+0
V25: RC Removed
H27: Trail pit | L27: Trail pit
C30: 399 | E30: 393 | G30: 370 | I30: 350 | K30: 395 | M30: 413 | N30: VEER TEJA | O30: 366 | P30: VEER TEJA | Q30: 377.77 | R30: VEER TEJA | S30: 300 | T30: SRI HARSH-1 | U30: 393 | V30: SRI HARSH-1 | W30: 415 | X30: SRI HARSH-1 | Y30: 411 | Z30: 5 | AB30: 3
B32: 49/4 | D32: 49/5 | F32: 49/6 | H32: 49/7 | J32: 49/8 | L32: 49/9 | N32: 49/10 | P32: 49/11 | R32: AP50/0 | T32: 50/1 | V32: 50/2 | X32: 50/3
B33: 3DA+0 | D33: 3DA+3 | F33: 3DA+0 | H33: 3DA+0 | J33: 3DA+0 | L33: 3DA+0 | N33: 3DA+0 | P33: 3DA+0 | Q33: =(S21+U21+W21+Y21+Q30+O30+M30+K30+I30+G30+E30+C30)/1000 -> 4.581773 | R33: 3DC2+0 | T33: 3DA+0 | V33: 3DA+0 | X33: 3DA+3 | Y33: =(S30+U30+W30+Y30)/1000 -> 1.519
D34: RC Removed | F34: RC Removed | H34: RC Removed | J34: RC Removed
C39: 378 | E39: 370 | F39: SRI HARSH-1 | G39: 370 | I39: 404 | K39: 374 | M39: 416 | N39: SRI HARSH-1 | O39: 425 | P39: SRI HARSH-1 | Q39: 411 | R39: SRI HARSH-1 | S39: 427 | T39: SRI HARSH-1 | U39: 370 | V39: SRI HARSH-1 | W39: 356 | X39: SRI HARSHI-1 | Y39: 459
Z40: 7 | AA40: 2 | AB40: 6
B41: AP51/0 | D41: 51/1 | F41: 51/2 | H41: 51/3 | J41: 51/4 | L41: 51/5 | N41: 51/6 | P41: 51/7 | R41: 51/8 | T41: 51/9 | V41: 51/10 | X41: AP52/0
B42: 3DC2+0 | D42: 3DA+3 | F42: 3DA+0 | H42: 3DA+0 | J42: 3DA+0 | L42: 3DA+0 | N42: 3DA+3 | P42: 3DA+3 | R42: 3DA+0 | T42: 3DA+3 | V42: 3DA+0 | W42: =(C39+E39+G39+I39+K39+M39+O39+Q39+S39+U39+W39)/1000 -> 4.301 | X42: 3DB2+0
N43: RC Removed | P43: RC Removed | R43: RC Removed
B48: SRI HARSH-1 | C48: 355 | E48: 348 | G48: 434 | I48: 401 | J48: SRI HARSH-1 | K48: 400 | L48: SRI HARSH-1 | M48: 413 | N48: SRI HARSH-1 | O48: 406 | P48: SRI HARSH-1 | Q48: 390 | R48: SRI HARSH-1 | S48: 390 | T48: SRI HARSH-1 | U48: 430 | W48: 332 | Y48: 229.642
Z49: 6 | AA49: 3 | AB49: 3
B50: 52/1 | D50: 52/2 | F50: 52/3 | H50: 52/4 | J50: AP53/0 | L50: 53/1 | N50: 53/2 | P50: 53/3 | R50: 53/4 | T50: 53/5 | V50: 53/6 | X50: AP54/0
B51: 3DA+9 | D51: 3DA+0 | F51: 3DA+0 | H51: 3DA+0 | I51: =(Y39+C48+E48+G48+I48)/1000 -> 1.997 | J51: 3DB1+3 | L51: 3DA+3 | N51: 3DA+0 | P51: 3DA+3 | R51: 3DA+0 | T51: 3DA+0 | V51: 3DA+3 | W51: =(K48+M48+O48+Q48+S48+U48+W48)/1000 -> 2.761 | X51: 3DD60+0 | Y51: =Y48/1000 -> 0.229642
D52: RC Removed | H52: RC Removed | P52: RC Removed | V52: RC Removed | X52: Rly X-ing
C57: 339 | D57: SRI HARSH-1 | E57: 365 | G57: 409 | H57: SRI HARSH-1 | I57: 340.462 | K57: 352 | L57: SRI HARSH-1 | M57: 419 | N57: SRI HARSH-1 | O57: 410 | P57: SRI HARSH-1 | Q57: 413 | R57: SRI HARSH-1 | S57: 407 | T57: RC | U57: 351 | V57: SRI HARSH-1 | W57: 405 | X57: SRI HARSH-1 | Y57: 393
Z58: 8 | AA58: 7 | AB58: 7
B59: AP55/0 | D59: 55/1 | F59: 55/2 | H59: 55/3 | J59: AP56/0 | L59: 56/1 | N59: 56/2 | P59: 56/3 | R59: 56/4 | T59: 56/5 | V59: 56/6 | X59: 56/7
B60: 3DD60+0 | D60: 3DA+0 | F60: 3DA+0 | H60: 3DA+0 | I60: =(C57+E57+G57+I57)/1000 -> 1.453462 | J60: 3DB2+0 | L60: 3DA+3 | N60: 3DA+3 | P60: 3DA+0 | R60: 3DA+3 | T60: 3DA+3 | V60: 3DA+0 | W60: =(K57+M57+O57+Q57+S57+U57+W57)/1000 -> 2.757 | X60: 3DB1+0
B61: Rly X-ing | F61: RC Removed | J61: RC Removed | L61: Garden | P61: RC Removed
D62: ROW CLEAR | F62: ROW CLEAR | R62: ROW | V62: ROW RED GRAM | X62: ROW RED GRAM
B66: SRI HARSH-1 | C66: 439 | D66: SRI HARSH-1 | E66: 398 | F66: RC | G66: 445 | H66: RC | I66: 355 | K66: 445.645 | M66: 214.742 | O66: 498 | P66: SRI HARSH-1 | Q66: 325 | R66: SRI HARSH-1 | S66: 372 | T66: SRI HARSH-1 | U66: 393.054 | V66: SRI HARSH-1 | W66: 349 | X66: SRI HARSH-1 | Y66: 373 | Z66: 7 | AA66: 6 | AB66: 7
U67: s
B68: 56/8 | D68: 56/9 | F68: 56/10 | H68: 56/11 | J68: 56/12 | L68: AP57/0 | N68: AP58/0 | P68: 58/1 | R68: 58/2 | T68: 58/3 | V68: AP59/0 | X68: 59/1
B69: 3DA+0 | D69: 3DA+6 | F69: 3DA+0 | H69: 3DA+0 | J69: 3DA+0 | K69: =(Y57+C66+E66+G66+I66+K66)/1000 -> 2.475645 | L69: 3DC1+9 | M69: =M66/1000 -> 0.214742 | N69: 3DB2+6 | P69: 3DA+6 | R69: 3DA+0 | T69: 3DA+0 | U69: =(O66+Q66+S66+U66)/1000 -> 1.588054 | V69: 3DC1+0 | X69: 3DA+0
L70: RC Removed
L71: POWER LINE | N71: POWER LINE
B72: ROW | D72: ROW | J72: ROW
B76: SRI HARSH-1 | C76: 386 | D76: ROW | E76: 429 | F76: SRI HARSH-1 | G76: 377 | H76: SRI HARSH-1 | I76: 401.837 | J76: SRI HARSH | K76: 402 | L76: SRI HARSH-1 | M76: 344 | N76: SRI HARSH-1 | O76: 399 | P76: SRI HARSH-1 | Q76: 439 | S76: 403 | U76: 480 | V76: RC | W76: 535 | X76: RC | Y76: 389.004
Z77: 5 | AA77: 4 | AB77: 5
B78: 59/2 | D78: 59/3 | F78: 59/4 | H78: 59/5 | J78: AP60/0 | L78: 60/1 | N78: 60/2 | P78: 60/3 | R78: 60/4 | T78: 60/5 | V78: 60/6 | X78: 60/7
B79: 3DA+0 | D79: 3DA+0 | F79: 3DA+6 | H79: 3DA+0 | I79: =(W66+Y66+C76+E76+G76+I76)/1000 -> 2.315837 | J79: 3DB2+0 | L79: 3DA+0 | N79: 3DA+0 | P79: 3DA+6 | R79: 3DA+0 | S79: =(K76+M76+O76+Q76+S76)/1000 -> 1.987 | T79: 3DB1+6 | U79: =(U76)/1000 -> 0.48 | V79: 3DB1+9 | W79: =(W76)/1000 -> 0.535 | X79: 3DB1+9
D80: Hydrabad owner | R80: RC Removed
J81: ROW CLEAR | R81: ROW CLEAR | T81: ROW CLEAR
B86: SRI HARSH-1 | C86: 454.047 | E86: 247.492 | G86: 373 | H86: RC | I86: 401 | K86: 388 | L86: RC | M86: 328 | N86: RC | O86: 329.982 | Q86: 433 | S86: 410 | T86: RC | U86: 307 | V86: RC | W86: 461.927 | X86: RC | Y86: 439.047
Z87: 1 | AB87: 1
B88: 60/8 | D88: AP61/0 | F88: AP62/0 | H88: 62/1 | J88: 62/2 | L88: 62/3 | N88: 62/4 | P88: AP63/0 | R88: 63/1 | T88: 63/2 | V88: 63/3 | X88: AP64/0
B89: 3DA+3 | C89: =(Y76+C86)/1000 -> 0.843051 | D89: 3DB1+0 | E89: =(E86)/1000 -> 0.247492 | F89: 3DC1+0 | H89: 3DA+0 | J89: 3DA+9 | L89: 3DA+0 | N89: 3DA+0 | O89: =(G86+I86+K86+M86+O86)/1000 -> 1.819982 | P89: 3DC2+0 | R89: 3DA+9 | T89: 3DA+3 | V89: 3DA+9 | W89: =(Q86+S86+U86+W86)/1000 -> 1.611927 | X89: 3DD45+9 | Y89: =(Y86)/1000 -> 0.439047
D90: ROW CLEAR | F90: RC Removed | J90: RC Removed | P90: RC Removed
D91: NH - X-ING | F91: NH - X-ING | J91: ROW | R91: ROW CLEAR
B96: RC | C96: 401 | E96: 350 | F96: RC | G96: 335 | I96: 313.49 | K96: 421 | M96: 465.818 | O96: 352 | Q96: 403 | R96: RC | S96: 373 | T96: RC | U96: 362 | V96: RC | W96: 351.24 | Y96: 361
B98: AP65/0 | D98: 65/1 | F98: 65/2 | H98: 65/3 | J98: AP66/0 | L98: 66/1 | N98: AP67/0 | P98: 67/1 | R98: 67/2 | T98: 67/3 | V98: 67/4 | X98: AP68/0
B99: 3DC2+3 | D99: 3DA+0 | F99: 3DA+3 | H99: 3DA+0 | I99: =(C96+E96+G96+I96)/1000 -> 1.39949 | J99: 3DB2+0 | K99: =(K96)/1000 -> 0.421 | L99: 3DB1+9 | M99: =(M96)/1000 -> 0.465818 | N99: 3DD45+3 | P99: 3DA+6 | R99: 3DA+0 | T99: 3DA+0 | V99: 3DA+3 | W99: =(O96+Q96+S96+U96+W96)/1000 -> 1.84124 | X99: 3DB2+0
J100: RC Removed | L100: ANGLE TOWER | N100: RC Removed | X100: RC Removed
D101: ROW CLEAR | H101: ROW CLEAR | P101: ROW CLEAR | X101: HOLD
B106: RC | C106: 375 | E106: 424.851 | G106: 414 | I106: 345 | K106: 502.628 | L106: RC | M106: 453 | N106: ATK | O106: 388 | P106: ATK | Q106: 317 | S106: 324 | T106: ATK | U106: 484.984 | V106: RC | W106: 248.518 | Y106: 429
B108: 68/1 | D108: 68/2 | F108: AP69/0 | H108: 69/1 | J108: 69/2 | L108: AP70/0 | N108: 70/1 | P108: 70/2 | R108: 70/3 | T108: 70/4 | V108: AP71/0 | X108: AP72/0
B109: 3DA+3 | D109: 3DA+3 | E109: =(Y96+C106+E106)/1000 -> 1.160851 | F109: 3DB2+6 | H109: 3DA+9 | J109: 3DA+6 | K109: =(G106+I106+K106)/1000 -> 1.261628 | L109: 3DC2+3 | N109: 3DA+9 | P109: 3DA+0 | R109: 3DA+0 | T109: 3DA+6 | U109: =(M106+O106+Q106+S106+U106)/1000 -> 1.966984 | V109: 3DC2+6 | W109: =(W106)/1000 -> 0.248518 | X109: 3DB2+6
D110: RC Removed | J110: RC Removed | P110: RC Removed | R110: Garden | V110: RC Removed
B111: 2.5 Kms HOLD DUE TO LILO LINE (SHADNAGAR SUBSTSTION) | V111: POWER LINE | X111: POWER LINE
C116: 398.684 | E116: 435 | F116: (BALAJI INFRA) | G116: 404 | H116: (BALAJI INFRA) | I116: 374.353 | K116: 250.119 | L116: RC | M116: 398 | N116: RC | O116: 364 | Q116: 380 | R116: RC | S116: 459.272 | T116: RC | U116: 206.441 | V116: RC | W116: 385 | X116: MARC | Y116: 372 | Z116: 3 | AA116: 1 | AB116: 3
B118: 72/1 | D118: AP73/0 | F118: 73/1 | H118: 73/2 | J118: AP74/0 | L118: AP75/0 | N118: 75/1 | P118: 75/2 | R118: 75/3 | T118: AP76/0 | V118: AP77/0 | X118: 77/1
B119: 3DA+3 | C119: =(Y106+C116)/1000 -> 0.827684 | D119: 3DB2+0 | F119: 3DA+6 | H119: 3DA+0 | I119: =(E116+G116+I116)/1000 -> 1.213353 | J119: 3DC1+0 | K119: =(K116)/1000 -> 0.250119 | L119: 3DC1+0 | N119: 3DA+3 | P119: 3DA+0 | R119: 3DA+0 | S119: =(M116+O116+Q116+S116)/1000 -> 1.601272 | T119: 3DC1+9 | U119: =(U116)/1000 -> 0.206441 | V119: 3DD45+9 | X119: 3DA+0
H120: RC Removed | P120: RC Removed
J121: NH : X-ING | L121: NH : X-ING
B126: MARC | C126: 384 | D126: MARC | E126: 400 | F126: BALRAJ | G126: 386 | I126: 398 | J126: MARC | K126: 393 | L126: BALRAJ | M126: 387 | N126: MARC | O126: 378 | P126: MARC | Q126: 410 | R126: BALRAJ | S126: 367.58 | T126: RC | U126: 396 | V126: RC | W126: 395 | Y126: 414
Z127: 8 | AA127: 6 | AB127: 3
B128: 77/2 | D128: 77/3 | F128: 77/4 | H128: 77/5 | J128: 77/6 | L128: 77/7 | N128: 77/8 | P128: 77/9 | R128: 77/10 | T128: AP78/0 | V128: 78/1 | X128: 78/2
B129: 3DA+0 | D129: 3DA+0 | F129: 3DA+0 | H129: 3DA+0 | J129: 3DA+0 | L129: 3DA+0 | N129: 3DA+0 | P129: 3DA+0 | R129: 3DA+3 | S129: =(W116+Y116+C126+E126+G126+I126+K126+M126+O126+Q126+S126)/1000 -> 4.26058 | T129: 3DC1+0 | V129: 3DA+3 | X129: 3DA+3
H130: Paddy Field | L130: RC Removed | N130: RC Removed | X130: Paddy Field
X131: ROW CLEAR
B136: MARC | C136: 350.09 | E136: 364 | F136: MARC | G136: 452 | H136: MARC | I136: 392 | J136: MARC | K136: 369.645 | L136: RC | M136: 446 | N136: MARC | O136: 386 | Q136: 451 | S136: 428.504 | T136: MARC | U136: 354.496 | V136: MARC | W136: 430.207 | X136: RC | Y136: 394
Z137: 7 | AA137: 4 | AB137: 4
B138: 78/3 | D138: AP79/0 | F138: 79/1 | H138: 79/2 | J138: 79/3 | L138: AP80/0 | N138: 80/1 | P138: 80/2 | R138: 80/3 | T138: 80/4 | V138: 80/5 | X138: AP81/0
B139: 3DA+0 | C139: =(U126+W126+Y126+C136)/1000 -> 1.55509 | D139: 3DC1+0 | F139: 3DA+3 | H139: 3DA+6 | J139: 3DA+9 | K139: =(E136+G136+I136+K136)/1000 -> 1.577645 | L139: 3DB2+9 | N139: 3DA+6 | P139: 3DA+9 | Q139: =(M136+O136+Q136)/1000 -> 1.283 | R139: 3DB1+3 | T139: 3DA+3 | V139: 3DA+0 | W139: =(S136+U136+W136)/1000 -> 1.213207 | X139: 3DD45+9
B140: Paddy Field | D140: RC Removed | H140: RC Removed | J140: RC Removed | R140: Paddy Field
B141: ROW CLEAR
B145: MARC | C145: 415 | D145: MARC | E145: 399 | G145: 436.295 | I145: 437 | J145: MARC | K145: 406 | L145: RC | M145: 437.796 | N145: MARC | O145: 412 | P145: MARC | Q145: 356.628 | R145: RC | S145: 384.624 | T145: MARC | U145: 391 | V145: BALAJI INFA | W145: 436 | Y145: 406 | Z145: 7 | AA145: 5 | AB145: 2
B147: 81/1 | D147: 81/2 | F147: 81/3 | H147: AP82/0 | J147: 82/1 | L147: 82/2 | N147: AP83/0 | P147: 83/1 | R147: 83/2 | T147: AP 84/0 | V147: 84/1 | X147: 84/2
B148: 3DA+0 | D148: 3DA+3 | F148: 3DA+0 | G148: =(Y136+C145+E145+G145)/1000 -> 1.644295 | H148: 3DC1+9 | J148: 3DA+0 | L148: 3DA+6 | M148: =(I145+K145+M145)/1000 -> 1.280796 | N148: 3DB2+6 | P148: 3DA+0 | R148: 3DA+9 | S148: =(O145+Q145+S145)/1000 -> 1.153252 | T148: 3DB1+0 | V148: 3DA+6 | X148: 3DA+0
F149: Paddy Field | H149: Paddy Field | T149: RC Removed
R150: ROW CLEAR | X150: ROW CLEAR
B154: BALRAJ | C154: 359 | D154: BALRAJ | E154: 439 | F154: BALRAJ | G154: 393 | H154: BALAJI INF | I154: 314.949 | J154: MARC | K154: 437.001 | L154: BALAJI INF-1 | M154: 399 | N154: BALAJI INF-1 | O154: 303 | P154: ROW | Q154: 337 | R154: ROW | S154: 339.169 | T154: RC | U154: 400 | W154: 358.849 | X154: RC | Y154: 468.492
Z155: 6 | AA155: 5 | AB155: 1
B156: 84/3 | D156: 84/4 | F156: 84/5 | H156: 84/6 | J156: AP 85/0 | L156: 85/1 | N156: 85/2 | P156: 85/3 | R156: 85/4 | T156: AP 86/0 | V156: 86/1 | X156: AP 87/0
B157: 3DA+0 | D157: 3DA+0 | F157: 3DA+9 | H157: 3DA+0 | I157: =(U145+W145+Y145+C154+E154+G154+I154)/1000 -> 2.738949 | J157: 3DB1+0 | L157: 3DA+9 | N157: 3DA+0 | P157: 3DA+0 | R157: 3DA+0 | S157: =(K154+M154++O154+Q154+S154)/1000 -> 1.81517 | T157: 3DC1+6 | V157: 3DA+3 | W157: =(U154+W154)/1000 -> 0.758849 | X157: 3DC1+3 | Y157: =(Y154)/1000 -> 0.468492
R158: RC Removed | V158: RC Removed
...

Sheet Stringing Compiled
A1: S.no | B1: Sec | C1: From AP | D1: To AP | E1: Span (M) | F1: Method | G1: Section Readiness | H1: Insulator Hoisting | I1: P/O Starting Date | J1: P/O Completion Date | K1: P/O | L1: F/S Starting Date | M1: F/S/ Completion Date | N1: Jumpering | O1: Spacering | P1: Clipping | Q1: Length | R1: Status | S1: Gang Name | T1: Gang Strength | U1: Number of Fitters | V1: Hindrance | W1: Remarks
