Workbook
Name \0: #REF!
Name \0: #REF!
Name \2: #REF!
Name \A: #REF!
Name \a: #N/A
Name \A: #REF!
Name \A_1: "#REF!"
Name \B: #REF!
Name \B: #REF!
Name \C: #REF!
Name \c1: #REF!
Name \D: '[1]Annex-7,Contingent'!#REF!
Name \d: #N/A
Name \g: #REF!
Name \H: #REF!
Name \H: #REF!
Name \I: #REF!
Name \I: '[1]Annex-7,Contingent'!#REF!
Name \i: #REF!
Name \KWS123: #N/A
Name \l: #REF!
Name \l: #REF!
Name \M: #REF!
Name \N: #REF!
Name \P: #REF!
Name \q: #N/A
Name \R: '[1]Annex-7,Contingent'!#REF!
Name \R: #REF!
Name \S: #REF!
Name \t: #N/A
Name \U: #REF!
Name \V: #REF!
Name \z: #N/A
Name \z: #REF!
Name _: #REF!
Name _________________________________________________________dol12: #REF!
Name _________________________________________________________in18900: #REF!
Name _________________________________________________________iv19000: #REF!
Name ________________________________________________________dol12: #REF!
Name ________________________________________________________dol6: #REF!
Name ________________________________________________________in18900: #REF!
Name ________________________________________________________iv19000: #REF!
Name _______________________________________________________dol12: #REF!
Name _______________________________________________________dol6: #REF!
Name _______________________________________________________in18900: #REF!
Name _______________________________________________________iv19000: #REF!
Name ______________________________________________________dol12: #REF!
Name ______________________________________________________dol6: #REF!
Name _____________________________________________________dol12: #REF!
Name _____________________________________________________dol6: #REF!
Name _____________________________________________________in18900: #REF!
Name _____________________________________________________iv19000: #REF!
Name ____________________________________________________dol12: #REF!
Name ____________________________________________________dol6: #REF!
Name ____________________________________________________in18900: #REF!
Name ____________________________________________________iv19000: #REF!
Name ___________________________________________________dol12: #REF!
Name ___________________________________________________dol6: #REF!
Name ___________________________________________________in18900: #REF!
Name ___________________________________________________iv19000: #REF!

Sheet Progress Summary
A1: #VALUE! | B1: Project Code - | C1: TB-408 | D1: Date | E1: =+TODAY() -> 46123 | G1: Head - T&D | H1: Rajinder Gupta | J1: Head T&D-North | K1: N. K. Gupta | L1: Regional Manager | M1: Rajnish Pandey | Q1: Shortcut for previous of Full description
B2: Client Name- | C2: Resonia Limited (Formally Sterlite Power Transmission Limited) | G2: Project Manager | H2: Virendra Gupta | L2: Planning Engineer | M2: Raghav Ranjan | Q2: Link for go through
B3: Project Name- | C3: 765KV D/C Fatehgarh III- Beawar Transmission Line, PKG F | G3: Effective Date | H3: 45266 | J3: End Date | K3: 28-02-2026 (TE awaited) | L3: LOA Value | M3: Rs 283.08 Cr Supply -Rs 209.88 Cr., Service.-Rs 73.20 Cr | Q3: X-ing Status'!A1
A4: Sr. No. | B4: Activity | C4: As per latest Estimate | D4: Cumm. Progress up to last Month | E4: Opening Balance (This Month, excl. Tata) | F4: Plan for this Month | G4: Today Progress | H4: MTD | I4: WIP | J4: Cumulative Progress | K4: Balance | L4: Gangs at present | M4: Remarks | N4: Support Required | O4: % Completion | Q4: L2 Schedule'!A1
A5: 1 | B5: Check Survey (Kms) | C5: 191.392 | D5: 191.393 | E5: =C5-D5 -> -0.001 | F5: =E5 -> -0.001 | J5: =D5+H5 -> 191.393 | K5: =C5-J5 -> -0.001 | L5: - | O5: =(J5/C5)*100 -> 100.00052 | Q5: Hindrance Register (Row)'!A1
A6: 2 | B6: Foundation (Nos.) | C6: 485 | D6: 485 | E6: =C6-D6 -> 0 | F6: 0 | J6: =D6+H6 -> 485 | K6: =C6-J6 -> 0 | L6: - | O6: =(J6/C6)*100 -> 100 | Q6: Survey!A1
A7: 3 | B7: Earthing (Nos.) | C7: 485 | D7: 485 | E7: =C7-D7 -> 0 | F7: 0 | J7: =D7+H7 -> 485 | K7: =C7-J7 -> 0 | L7: - | O7: =(J7/C7)*100 -> 100 | Q7: Foundation!A1
A8: 4 | B8: Tower Erection (Nos) | C8: 485 | D8: 475 | E8: =C8-D8 -> 10 | F8: 10 | I8: 2 | J8: =D8+H8 -> 475 | K8: =C8-J8 -> 10 | L8: 3 | M8: WIP- 21/10, 22/1 Today Completed - | O8: =(J8/C8)*100 -> 97.938144 | Q8: Earthing!A1
A9: 5 | B9: Tack Welding (Nos) | C9: 485 | D9: 387 | E9: =C9-D9 -> 98 | F9: 45 | H9: 11 | J9: =D9+H9 -> 398 | K9: =C9-J9 -> 87 | L9: 1 | O9: =(J9/C9)*100 -> 82.061856 | Q9: Erection!A1
A10: 6 | B10: Paying Out (Kms) | C10: =C5 -> 191.392 | D10: 95.561 | E10: =C10-D10-33.766 -> 62.065 | F10: 41 | H10: 10.65 | I10: =Stringing!G58 -> 13.765 | J10: =D10+H10 -> 106.211 | K10: =+E10-H10 -> 51.415 | L10: 6 | M10: AP6-7:- WIP. AP11A-12:- WIP. AP43-44:- WIP. AP53-54:- WIP. | O10: =(J10/C10)*100 -> 55.49396 | Q10: Tackwelding!A1
A11: 7 | B11: Final Sag (Kms) | C11: =C10 -> 191.392 | D11: 90.6477 | E11: =C11-D11-33.766 -> 66.9783 | F11: 49 | G11: 5.27 | H11: =0.38+7.58+0.23+5.27 -> 13.46 | I11: =Stringing!G59 -> 2.078 | J11: =D11+H11 -> 104.1077 | K11: =+E11-H11 -> 53.5183 | M11: AP8-8/7:- Completed. AP13-14:- F/Sag will be started soon. AP54-55:- Completed. | O11: =(J11/C11)*100 -> 54.395011 | Q11: Stringing!A1
A12: 8 | B12: OPGW (Kms) | C12: =C11 -> 191.392 | D12: 81.07 | E12: =C12-D12-33.766 -> 76.556 | F12: 0 | J12: =D12+H12 -> 81.07 | K12: =+E12-H12 -> 76.556 | O12: =(J12/C12)*100 -> 42.358092 | Q12: Stringing associated works'!A1
Q13: OPGW!A1
A14: Workfront Status | Q14: Visual chart'!A1
Q15: Page Chart'!A1
A16: A. Foundation | Q16: Benching F'!A1
A17: Balance on 1st of this month | B17: Progress MTD | C17: WIP | D17: Clear/Yet to attempt | E17: ROW | F17: Remarks
A18: =E6 -> 0 | B18: =H6 -> 0 | C18: =I6 -> 0 | D18: ='Page Chart'!R4 -> 0 | E18: =A18-B18-C18-D18 -> 0
A20: B. Erection
A21: Balance on 1st of this month | B21: Progress MTD | C21: WIP | D21: Clear/Yet to attempt | E21: ROW | F21: Linked With Fnd | G21: Remarks
A22: =E8 -> 10 | B22: =H8 -> 0 | C22: =I8 -> 2 | D22: ='Page Chart'!W4+'Page Chart'!Y4-F22 -> 0 | E22: ='Page Chart'!X4 -> 8 | F22: =E18 -> 0
A24: C. Stringing
A25: STR P/Out Bal. on starting of this month | B25: Progress MTD | C25: WIP | D25: Clear/Yet to attempt | E25: ROW | F25: Readiness awaited due to Erec. | G25: Readiness awaited due to Tower Inspection
A26: =E10 -> 62.065 | B26: =H10 -> 10.65 | C26: =I10 -> 13.765

Sheet Project Details
A1: Project Code | B1: Project Name | C1: Client Name | D1: NOA Start Date | E1: LOA End Date | F1: Planning Engineer | G1: PCH | H1: Regional Manager | I1: Project Manger | J1: Section Incharge | K1: Supervisor
A2: TB408 | B2: 765 KV Beawer Transmission Line, PKG F | C2: Resonia Limited | D2: 45266 | E2: 45960 | F2: Mr. Raghav Ranjan | G2: Mr. Sanjay Kumar Gupta | H2: Mr. Sandeep Singh Kumar | I2: Mr. Partha Pal | J2: Dev Saran Swarakar | K2: Pradeep Kumar
I3: Mr. Virendra Gupta | J3: Rajeev Kumar | K3: Vikas Kumar
J4: Vivek Shukla | K4: Ganesh Singh
J5: Shubham Kumar | K5: Dineshwar Mahto
J6: Ram Tirath Singh | K6: Kamla Pal Prasad
J7: Jitendra Saini | K7: Bisun Saw
K8: Shakib Hussain
K9: Umesh Prasad
K10: Prince Kumar Nirala
K11: Pramod Kumar Sahoo
K12: Jainath Mahto
K13: Rajesh Pal
K14: Ramji Tanti
K15: Rakesh Pramanik
K16: Sam Mahammad
K17: Suresh Kumar Pal
K18: Hulas Kumar Mahto
K19: Vaibhav Sharma
... K38: Laxman Sarkar

Sheet X-ing Status
A1: Progress Summary'!A1
A2: Details of Crossing in 765KV D/C Fatehgarh-III to Beawar Transmission Line
A3: Sr. No. | B3: Name of Crossing | C3: From | D3: To | E3: Span in Mtrs | F3: Foundation Status | G3: Erection Status | H3: Stringing Status | I3: Plan for Stringing
A4: Power Line Crossing – 9 nos
A5: 1 | B5: 400 KV S/C Jaisalmer-Barmer Line | C5: 3/0 | D5: 4/0 | E5: 226.52 | F5: AP3:- Completed AP4:- Completed | G5: AP3:- Completed AP4:- Completed | H5: Completed
A6: 2 | B6: 220 KV D/C Barmer-Akal Line | C6: 5/0 | D6: 6/0 | E6: 246.019 | F6: AP5:- Completed AP6:- Completed | G6: AP5:- Completed AP6:- Completed | H6: Balance
A7: 3 | B7: 132 KV S/C Sheo-Jaisalmer Line | C7: 7/0 | D7: 8/0 | E7: 210.755 | F7: AP7:- Completed AP8:- Completed | G7: AP7:- Completed AP8:- Completed | H7: Completed
A8: 4 | B8: 400 KV D/C Barmer-Jaisalmer-2 Line | C8: 9/0 | D8: 10/0 | E8: 233.076 | F8: AP9:- Completed AP10:- Completed | G8: AP9:- Completed AP10:- Completed | H8: Completed
A9: 5 | B9: 132 KV S/C Sheo-Undoo Line | C9: 12/0 | D9: 13/0 | E9: 211.914 | F9: AP12:- Completed AP13:- Completed | G9: AP12:- Completed AP13:- Completed | H9: Balance
A10: 6 | B10: 132 KV S/C Undoo-Baytoo Line | C10: 23/0 | D10: 24/0 | E10: 222.155 | F10: AP23:- Completed AP24:- Completed | G10: AP23:- Balance AP24:- Completed | H10: Balance
A11: 7 | B11: 400 KV D/C Mandor-JSW Transmission Line | C11: 46/0 | D11: 47/0 | E11: 197.7 | F11: AP46:- Completed AP47:- Completed | G11: AP46:- Completed AP47:- Completed | H11: Completed
A12: 8 | B12: 400 KV D/C Line | C12: 56/0 | D12: 57/0 | E12: 179.9 | F12: AP56:- Completed AP57:- Completed | G12: AP56:- Completed AP57:- Completed | H12: Completed
A13: 9 | B13: 220 KV D/C Balotra-Boranada Transmission Line | C13: 66/0 | D13: 67/0 | E13: 207.8 | F13: AP66:- Completed AP67:- Completed | G13: AP66:- Completed AP67:- Completed | H13: Completed
A14: NH Crossings-3 Nos | B14: NH Crossing
A15: 1 | B15: NH - 68 (Barmer - Jaisalmer) | C15: 5/0 | D15: 6/0 | E15: 246.019 | F15: AP5:- Completed AP6:- Completed | G15: AP5:- Completed AP6:- Completed | H15: Balance
A16: 2 | B16: Expressway (Amritsar-Jamnagar) | C16: 58/0 | D16: 59/0 | E16: 238.9 | F16: AP58:- Completed AP59:- Completed | G16: AP58:- Completed AP59:- Completed | H16: Completed
A17: 3 | B17: NH | C17: 68/0 | D17: 69/0 | E17: 200.9 | F17: AP68:- Completed AP69:- Completed | G17: AP68:- Completed AP69:- Completed | H17: Completed
A18: Gas Pipe Line-1 Nos | B18: NH Crossing
A19: 1 | B19: Gas Pipe Lines | C19: 65/7 | D19: 65/8 | E19: 394.3 | F19: AP65/7:- Completed AP65/8:- Completed | G19: AP65/7:- Completed AP65/8:- Completed | H19: Completed

Sheet L2 Schedule
A1: Progress Summary'!A1 | B1: L2 Schedule vs Actual
B3: Line Name: Part F, 765KV D/C Fatehgarh- Beawar Transmission Line
B4: LOI Date: 11-Sep-2023
B5: Effective Date: 06-Dec-2023
B6: Schedule Completion as per LOA: 05-March-2025 | E6: Time Extension Extended till- 28.02.2026 (Further Extension applied till 30 July 2026)
B7: Scope & Discription | G7: Before L2 | H7: L2-Approved | X7: Extension of time (Approved) -1 | AE7: Extension of time (Approved) -2 | AI7: Extension of time-3 (Proposed) | AN7: Remarks
B8: Sr. No. | C8: Description | D8: Scope of Work | E8: UOM | F8: Qty. | G8: 45200 | H8: 45261 | I8: 45292 | J8: 45323 | K8: 45352 | L8: 45383 | M8: 45413 | N8: 45444 | O8: 45474 | P8: 45505 | Q8: 45536 | R8: 45566 | S8: 45597 | T8: 45627 | U8: 45658 | V8: 45689 | W8: 45717 | X8: 45748 | Y8: 45778 | Z8: 45809 | AA8: 45839 | AB8: 45870 | AC8: 45901 | AD8: 45931 | AE8: 45962 | AF8: 45992 | AG8: 46023 | AH8: 46054 | AI8: 46082 | AJ8: 46113 | AK8: 46143 | AL8: 46174 | AM8: 46204
G9: 0 | H9: 1 | I9: 2 | J9: 3 | K9: 4 | L9: 5 | M9: 6 | N9: 7 | O9: 8 | P9: 9 | Q9: 10 | R9: 11 | S9: 12 | T9: 13 | U9: 14 | V9: 15 | W9: 16 | X9: 17 | Y9: 18 | Z9: 19 | AA9: 20 | AB9: 21 | AC9: 22 | AD9: 23 | AE9: 24 | AF9: 25 | AG9: 26 | AH9: 27 | AI9: 28 | AJ9: 29 | AK9: 30 | AL9: 31 | AM9: 32
B10: 1 | C10: Release of Sag Template Curve & Tower Spotting Data | D10: Sterlite
B11: 2 | C11: Approval of repeated tower design & its BOMS | D11: Sterlite
B12: 3 | C12: Approval of repeated foundation design/drawings | D12: Sterlite
B13: 4 | C13: Supply
B14: i) | C14: Manufacturing of Stubs with Earthing material(incl. B&N) | D14: KEC
B15: A. | C15: Inspection of stub | D15: Sterlite | E15: Nos. | F15: 482 | H15: 40 | I15: 100 | J15: 100 | L15: 100 | M15: 65 | O15: 77
B16: B. | C16: Dispatch of stub | D16: KEC | E16: Nos. | F16: 482 | H16: =H15 -> 40 | I16: =I15 -> 100 | J16: =J15 -> 100 | K16: =K15 -> 0 | L16: =L15 -> 100 | M16: =M15 -> 65 | N16: =N15 -> 0 | O16: =O15 -> 77 | ... T16: =T15 -> 0
B17: C. | C17: Receipt of stubs at site | D17: KEC | E17: Nos. | F17: 482 | H17: =H15 -> 40 | I17: =I15 -> 100 | J17: =J15 -> 100 | K17: =K15 -> 0 | L17: =L15 -> 100 | M17: =M15 -> 65 | N17: =N15 -> 0 | O17: =O15 -> 77 | ... T17: =T15 -> 0
C18: MFC submitted on | H18: 192 | I18: 73 | J18: 73
C19: MFC received on | H19: =75+75+20+15+2+5 -> 192 | I19: =265-192 -> 73 | K19: =338-265 -> 73 | N19: =482-338 -> 144
C20: Actual | H20: 40 | I20: 120 | J20: 0 | K20: 10 | M20: 152 | N20: =361-322 -> 39 | O20: 5 | R20: =393-366 -> 27
B21: ii) | C21: Manufacturing of Tower (incl B&N) | D21: KEC
B22: A. | C22: Inspection of tower | D22: Sterlite | E22: Nos. | F22: 482 | H22: 50 | I22: 60 | J22: 60 | K22: 60 | L22: 60 | M22: 65 | N22: 66 | O22: 31 | P22: 30
B23: B. | C23: Dispatch of tower | D23: KEC | E23: Nos. | F23: 482 | I23: 50 | J23: 60 | K23: 60 | L23: 60 | M23: 60 | N23: 65 | O23: 66 | P23: 31 | Q23: 30 | R23: =R22 -> 0 | S23: =S22 -> 0 | T23: =T22 -> 0
B24: C. | C24: Receipt of complete towers at site | D24: KEC | E24: Nos. | F24: 482 | I24: 50 | J24: 60 | K24: 60 | L24: 60 | M24: 60 | N24: 65 | O24: 66 | P24: 31 | Q24: 30 | R24: =+R23 -> 0 | S24: =+S23 -> 0 | T24: =+T23 -> 0
C25: MFC submitted on | H25: 97 | I25: 128 | M25: 65 | N25: =482-290 -> 192
C26: MFC received on | H26: 97 | I26: 128 | N26: 257
C27: Actual | I27: 50 | J27: 60 | K27: 45 | L27: 74 | M27: 9 | N27: 99 | Q27: 54 | S27: 10
B28: iii) | C28: Supply of following Tower accessories
B29: A. | C29: Danger Plate | D29: KEC | E29: % | F29: 100 | P29: 1
B30: B. | C30: Number Plate | D30: KEC | E30: % | F30: 100 | P30: 1
B31: C. | C31: Phase Plate (Set of three) | D31: KEC | E31: % | F31: 100 | P31: 1
B32: D. | C32: Circuit Plate (Set of Two) | D32: KEC | E32: & | F32: 100 | P32: 1
B33: E. | C33: Anti-Climbing Device | D33: KEC | E33: % | F33: 100 | P33: 1
B34: F. | C34: Bird Guard (Set of Three) | D34: KEC | E34: % | F34: 100 | P34: 1
B35: iv) | C35: Other's Supply
B36: A. | C36: Span Marker | D36: KEC | E36: % | F36: 100 | P36: 1
B37: B. | C37: Aviation Light | D37: KEC | E37: % | F37: 100 | P37: 1
B38: v) | C38: OSM
B39: A. | C39: Supply of AL59 Zebra Conductor & associated Acessories | D39: Sterlite | E39: % | F39: 100 | K39: 0.25 | N39: 0.25 | P39: 0.25 | R39: 0.25
B40: B. | C40: Supply of Insulator & associated Hardwere | D40: Sterlite | E40: % | F40: 100 | K40: 0.25 | N40: 0.25 | P40: 0.25 | R40: 0.25
B41: C. | C41: Supply of Earth Wire & associated Hardwere | D41: Sterlite | E41: % | F41: 100 | H41: =H40 -> 0 | I41: =I40 -> 0 | K41: 0.25 | L41: =L40 -> 0 | N41: 0.25 | O41: =O40 -> 0 | P41: 0.25 | R41: 0.25
B42: D. | C42: Supply of OPGW & associated Hardwere | D42: Sterlite | E42: % | F42: 100 | H42: =H40 -> 0 | I42: =I40 -> 0 | M42: 0.25 | P42: 0.25 | R42: 0.25 | S42: 0.25
B43: 5 | C43: Erection | AN43: =+SUM(G43:AM43) -> 0
B44: A. | C44: Establishment of Site Office | AN44: =+SUM(G44:AM44) -> 0
B45: B. | C45: Route Alignment(Date of Start) | D45: Sterlite | E45: Kms | F45: 191 | AN45: =+SUM(G45:AM45) -> 0
B46: C. | C46: Detail Survey | D46: Sterlite | E46: Kms | F46: 191 | H46: 90 | I46: 71 | J46: 30 | AN46: =+SUM(G46:AM46) -> 191
C47: Actual | H47: 191 | AN47: =+SUM(G47:AM47) -> 191
B48: D. | C48: Check Survey | D48: KEC | E48: Kms | F48: 191 | H48: 20 | I48: 65 | J48: 65 | K48: 41 | AN48: =+SUM(G48:AM48) -> 191
C49: Actual date of submission | H49: 128.337 | I49: 2.238 | J49: 28.252 | N49: 10.313 | O49: 5.601 | P49: 3.788 | Q49: 3.65 | S49: 2.747 | T49: 4.966 | AN49: =+SUM(G49:AM49) -> 189.892
C50: Actual date of approval | H50: =77.369+9.139 -> 86.508 | I50: 44.067 | J50: 14.03 | M50: 12.488 | O50: 15.914 | P50: 3.788 | S50: 3.57 | T50: 9.446 | AN50: =+SUM(G50:AM50) -> 189.811
B51: E. | C51: Soil Investigation Location approval | D51: Sterlite | E51: Loc | F51: 193 | H51: 193 | AN51: =+SUM(G51:AM51) -> 193
C52: Actual | I52: 24 | AN52: =+SUM(G52:AM52) -> 24
B53: F. | C53: Soil Investigation Location at Site | D53: KEC | E53: Loc | F53: 193 | H53: 40 | I53: 40 | J53: 60 | K53: 53 | AN53: =+SUM(G53:AM53) -> 193
C54: Actual | K54: 24 | AN54: =+SUM(G54:AM54) -> 24
B55: G. | C55: Foundation | AN55: =+SUM(G55:AM55) -> 0
B56: G.1 | C56: Foundation(Incl.Earthing) | D56: KEC | E56: Nos | F56: 482 | H56: 20 | I56: 40 | J56: 45 | K56: 45 | L56: 45 | M56: 40 | N56: 30 | O56: 35 | P56: 35 | Q56: 35 | R56: 45 | S56: 45 | T56: 22 | AN56: =+SUM(G56:AM56) -> 482
C57: Actual | G57: =+COUNTIF(Foundation!$B$8:$B$524,'L2 Schedule'!G8) -> 1 | H57: =+COUNTIF(Foundation!$B$8:$B$524,'L2 Schedule'!H8) -> 22 | I57: =+COUNTIF(Foundation!$B$8:$B$524,'L2 Schedule'!I8) -> 46 | J57: =+COUNTIF(Foundation!$B$8:$B$524,'L2 Schedule'!J8) -> 36 | K57: =+COUNTIF(Foundation!$B$8:$B$524,'L2 Schedule'!K8) -> 16 | L57: =+COUNTIF(Foundation!$B$8:$B$524,'L2 Schedule'!L8) -> 7 | M57: =+COUNTIF(Foundation!$B$8:$B$524,'L2 Schedule'!M8) -> 15 | N57: =+COUNTIF(Foundation!$B$8:$B$524,'L2 Schedule'!N8) -> 9 | ... AM57: =+COUNTIF(Foundation!$B$8:$B$524,'L2 Schedule'!AM8) -> 0 | AN57: =+SUM(G57:AM57) -> 485
C58: Cummulative | G58: =G57 -> 1 | H58: =G58+H57 -> 23 | I58: =H58+I57 -> 69 | J58: =I58+J57 -> 105 | K58: =J58+K57 -> 121 | L58: =K58+L57 -> 128 | M58: =L58+M57 -> 143 | N58: =M58+N57 -> 152 | O58: =N58+O57 -> 166 | ... AM58: =AL58+AM57 -> 485 | AN58: =+SUM(G58:AM58) -> 10709
B59: G.2. | C59: Earthing | G59: =+COUNTIF(Earthing!$I$7:$I$603,'L2 Schedule'!G8) -> 0 | H59: =+COUNTIF(Earthing!$I$7:$I$603,'L2 Schedule'!H8) -> 5 | I59: =+COUNTIF(Earthing!$I$7:$I$603,'L2 Schedule'!I8) -> 35 | J59: =+COUNTIF(Earthing!$I$7:$I$603,'L2 Schedule'!J8) -> 58 | K59: =+COUNTIF(Earthing!$I$7:$I$603,'L2 Schedule'!K8) -> 20 | L59: =+COUNTIF(Earthing!$I$7:$I$603,'L2 Schedule'!L8) -> 10 | M59: =+COUNTIF(Earthing!$I$7:$I$603,'L2 Schedule'!M8) -> 11 | N59: =+COUNTIF(Earthing!$I$7:$I$603,'L2 Schedule'!N8) -> 9 | ... AM59: =+COUNTIF(Earthing!$I$7:$I$603,'L2 Schedule'!AM8) -> 0 | AN59: =+SUM(G59:AM59) -> 451
C60: Cummulative | G60: =G59 -> 0 | H60: =H59 -> 5 | I60: =H60+I59 -> 40 | J60: =I60+J59 -> 98 | K60: =J60+K59 -> 118 | L60: =K60+L59 -> 128 | M60: =L60+M59 -> 139 | N60: =M60+N59 -> 148 | O60: =N60+O59 -> 158 | P60: =O60+P59 -> 177 | ... AM60: =AL60+AM59 -> 451 | AN60: =+SUM(G60:AM60) -> 10114
B61: H. | C61: Erection | AN61: =+SUM(G61:AM61) -> 0
B62: H.1 | C62: Erection of towers (Incl. Tack welding & painting of tower) | D62: KEC | E62: Nos | F62: 482 | J62: 25 | K62: 30 | L62: 45 | M62: 45 | N62: 35 | O62: 35 | P62: 35 | Q62: 35 | R62: 50 | S62: 50 | T62: 50 | U62: 47 | AN62: =+SUM(G62:AM62) -> 482
C63: Actual | J63: =+COUNTIF('Erection Compiled'!$B$7:$B$664,'L2 Schedule'!J8) -> 22 | K63: =+COUNTIF('Erection Compiled'!$B$7:$B$664,'L2 Schedule'!K8) -> 20 | L63: =+COUNTIF('Erection Compiled'!$B$7:$B$664,'L2 Schedule'!L8) -> 19 | M63: =+COUNTIF('Erection Compiled'!$B$7:$B$664,'L2 Schedule'!M8) -> 14 | N63: =+COUNTIF('Erection Compiled'!$B$7:$B$664,'L2 Schedule'!N8) -> 3 | O63: =+COUNTIF('Erection Compiled'!$B$7:$B$664,'L2 Schedule'!O8) -> 2 | P63: =+COUNTIF('Erection Compiled'!$B$7:$B$664,'L2 Schedule'!P8) -> 3 | Q63: =+COUNTIF('Erection Compiled'!$B$7:$B$664,'L2 Schedule'!Q8) -> 16 | ... AM63: =+COUNTIF('Erection Compiled'!$B$7:$B$664,'L2 Schedule'!AM8) -> 0 | AN63: =+SUM(G63:AM63) -> 475
C64: Tonnage | D64: MT | J64: =+SUMIF('Erection Compiled'!$B$7:$B$356,'L2 Schedule'!J8,'Erection Compiled'!$J$7:$J$356) -> 879.62471 | K64: =+SUMIF('Erection Compiled'!$B$7:$B$356,'L2 Schedule'!K8,'Erection Compiled'!$J$7:$J$356) -> 782.87974 | L64: =+SUMIF('Erection Compiled'!$B$7:$B$356,'L2 Schedule'!L8,'Erection Compiled'!$J$7:$J$356) -> 787.24065 | M64: =+SUMIF('Erection Compiled'!$B$7:$B$356,'L2 Schedule'!M8,'Erection Compiled'!$J$7:$J$356) -> 641.68643 | N64: =+SUMIF('Erection Compiled'!$B$7:$B$356,'L2 Schedule'!N8,'Erection Compiled'!$J$7:$J$356) -> 112.51312 | O64: =+SUMIF('Erection Compiled'!$B$7:$B$356,'L2 Schedule'!O8,'Erection Compiled'!$J$7:$J$356) -> 77.695212 | P64: =+SUMIF('Erection Compiled'!$B$7:$B$356,'L2 Schedule'!P8,'Erection Compiled'!$J$7:$J$356) -> 116.54282 | Q64: =+SUMIF('Erection Compiled'!$B$7:$B$356,'L2 Schedule'!Q8,'Erection Compiled'!$J$7:$J$356) -> 652.80437 | ... AB64: =+SUMIF('Erection Compiled'!$B$7:$B$356,'L2 Schedule'!AB8,'Erection Compiled'!$J$7:$J$356) -> 2382.2999 | AC64: =+SUMIF('Erection Compiled'!$B$7:$B$543,'L2 Schedule'!AC8,'Erection Compiled'!$J$7:$J$543) -> 2430.3868 | AD64: =+SUMIF('Erection Compiled'!$B$7:$B$543,'L2 Schedule'!AD8,'Erection Compiled'!$J$7:$J$543) -> 1309.1609 | AE64: =+SUMIF('Erection Compiled'!$B$7:$B$543,'L2 Schedule'!AE8,'Erection Compiled'!$J$7:$J$543) -> 1672.8395 | AF64: =+SUMIF('Erection Compiled'!$B$7:$B$543,'L2 Schedule'!AF8,'Erection Compiled'!$J$7:$J$543) -> 1833.481 | AG64: =+SUMIF('Erection Compiled'!$B$7:$B$543,'L2 Schedule'!AG8,'Erection Compiled'!$J$7:$J$543) -> 489.26818 | AH64: =+SUMIF('Erection Compiled'!$B$7:$B$543,'L2 Schedule'!AH8,'Erection Compiled'!$J$7:$J$543) -> 262.27965 | AI64: =+SUMIF('Erection Compiled'!$B$7:$B$543,'L2 Schedule'!AI8,'Erection Compiled'!$J$7:$J$543) -> 608.92851 | AJ64: =+SUMIF('Erection Compiled'!$B$7:$B$543,'L2 Schedule'!AJ8,'Erection Compiled'!$J$7:$J$543) -> 0 | ... AM64: =+SUMIF('Erection Compiled'!$B$7:$B$543,'L2 Schedule'!AM8,'Erection Compiled'!$J$7:$J$543) -> 0 | AN64: =+SUM(G64:AM64) -> 21723.03
C65: Cummulative | J65: =J63 -> 22 | K65: =K63+J65 -> 42 | L65: =L63+K65 -> 61 | M65: =M63+L65 -> 75 | N65: =N63+M65 -> 78 | O65: =O63+N65 -> 80 | P65: =P63+O65 -> 83 | Q65: =Q63+P65 -> 99 | R65: =R63+Q65 -> 129 | ... AM65: =AM63+AL65 -> 475 | AN65: =+SUM(G65:AM65) -> 7701
B66: I. | C66: Stringing | AN66: =+SUM(G66:AM66) -> 0
B67: I.1 | C67: Stringing Conductor & Earthwire | D67: KEC | E67: Kms | F67: 191 | L67: 5 | M67: 12 | N67: 12 | O67: 12 | P67: 18 | Q67: 25 | R67: 25 | S67: 25 | T67: 25 | U67: 20 | V67: 12 | AN67: =+SUM(G67:AM67) -> 191
C68: Actual | L68: =+SUMIF(Stringing!$N$6:$N$128,'L2 Schedule'!L8,Stringing!$J$6:$J$128) -> 0 | M68: =+SUMIF(Stringing!$N$6:$N$128,'L2 Schedule'!M8,Stringing!$J$6:$J$128) -> 0 | N68: =+SUMIF(Stringing!$N$6:$N$128,'L2 Schedule'!N8,Stringing!$J$6:$J$128) -> 0 | O68: =+SUMIF(Stringing!$N$6:$N$128,'L2 Schedule'!O8,Stringing!$J$6:$J$128) -> 0 | P68: =+SUMIF(Stringing!$N$6:$N$128,'L2 Schedule'!P8,Stringing!$J$6:$J$128) -> 0 | Q68: =+SUMIF(Stringing!$N$6:$N$128,'L2 Schedule'!Q8,Stringing!$J$6:$J$128) -> 4.877 | R68: =+SUMIF(Stringing!$N$6:$N$128,'L2 Schedule'!R8,Stringing!$J$6:$J$128) -> 9.431 | S68: =+SUMIF(Stringing!$N$6:$N$128,'L2 Schedule'!S8,Stringing!$J$6:$J$128) -> 8.629 | ... AM68: =+SUMIF(Stringing!$N$6:$N$128,'L2 Schedule'!AM8,Stringing!$J$6:$J$128) -> 0 | AN68: =+SUM(G68:AM68) -> 104.11574
C69: Cummulative | L69: =L68 -> 0 | M69: =+L69+M68 -> 0 | N69: =+M69+N68 -> 0 | O69: =+N69+O68 -> 0 | P69: =+O69+P68 -> 0 | Q69: =+P69+Q68 -> 4.877 | R69: =+Q69+R68 -> 14.308 | S69: =+R69+S68 -> 22.937 | T69: =+S69+T68 -> 22.937 | ... AM69: =+AL69+AM68 -> 104.11574 | AN69: =+SUM(G69:AM69) -> 1258.7118
B70: I.2 | C70: OPGW Stringing | D70: KEC | E70: Kms | F70: 191 | O70: 5 | P70: 15 | Q70: 20 | R70: 25 | S70: 35 | T70: 45 | U70: 30 | V70: 16 | AN70: =+SUM(G70:AM70) -> 191
C71: Actual | O71: =+SUMIF(OPGW!$N$6:$N$102,'L2 Schedule'!O8,OPGW!$J$6:$J$102) -> 0 | P71: =+SUMIF(OPGW!$N$6:$N$102,'L2 Schedule'!P8,OPGW!$J$6:$J$102) -> 0 | Q71: =+SUMIF(OPGW!$N$6:$N$102,'L2 Schedule'!Q8,OPGW!$J$6:$J$102) -> 0 | R71: =+SUMIF(OPGW!$N$6:$N$102,'L2 Schedule'!R8,OPGW!$J$6:$J$102) -> 0 | S71: =+SUMIF(OPGW!$N$6:$N$102,'L2 Schedule'!S8,OPGW!$J$6:$J$102) -> 0 | T71: =+SUMIF(OPGW!$N$6:$N$102,'L2 Schedule'!T8,OPGW!$J$6:$J$102) -> 0 | U71: =+SUMIF(OPGW!$N$6:$N$102,'L2 Schedule'!U8,OPGW!$J$6:$J$102) -> 0 | V71: =+SUMIF(OPGW!$N$6:$N$102,'L2 Schedule'!V8,OPGW!$J$6:$J$102) -> 21.423 | ... AM71: =+SUMIF(OPGW!$N$6:$N$102,'L2 Schedule'!AM8,OPGW!$J$6:$J$102) -> 0 | AN71: =+SUM(G71:AM71) -> 81.2758
C72: Cummulative | O72: =O71 -> 0 | P72: =O72+P71 -> 0 | Q72: =P72+Q71 -> 0 | R72: =Q72+R71 -> 0 | S72: =R72+S71 -> 0 | T72: =S72+T71 -> 0 | U72: =T72+U71 -> 0 | V72: =U72+V71 -> 21.423 | W72: =V72+W71 -> 30.052 | ... AM72: =AL72+AM71 -> 81.2758 | AN72: =+SUM(G72:AM72) -> 941.1756
B73: J. | C73: Fixing Of Tower Accessories, aviation painting & installation of span marker | D73: KEC | E73: % | F73: 100 | T73: 0.3 | U73: 0.3 | V73: 0.4 | AN73: =+SUM(G73:AM73) -> 1
B74: K. | C74: Checking, Testing & Commissioning/Ready for Commissioning | D74: KEC | E74: Kms. | F74: 191 | U74: 0.5 | V74: 0.5 | AN74: =+SUM(G74:AM74) -> 1
B77: REMARKS
A79: 1 | B79: Provisional Tower Quantities are 482 Nos.

Sheet Hindrance Register (Row)
A1: Progress Summary'!A1
A2: HINDRANCE REGISTER (Note:- Day to day hindrance are captured on other sheet and intimate to resonia via DPR on Summary Sheet)
A3: 1 | B3: Name of the Substation/TL/Project | C3: 765 KV Fatehgarh-3 Beawer Transmission Line Part-F | G3: 2. Name of Work | I3: Transmission & Power Distribution
A4: 3 | B4: Name of the Executing Agency | C4: KEC International Limited | G4: 3. LOA No. & Date | I4: LOI/EPC/FBTL/PART-F/KEC/01 Dated 11.09.2023
A6: Sr. No. | B6: Activity | C6: Total | D6: Open | E6: Close | I6: Progress Summary'!A1
A7: 1 | B7: Survey | C7: =+COUNTIF($D$15:$D$983,B7) -> 20 | D7: =+COUNTIFS($D$15:$D$984,B7,$H$15:$H$984,"AWAITED") -> 0 | E7: =C7-D7 -> 20
A8: 2 | B8: Foundation | C8: =+COUNTIF($D$15:$D$983,B8) -> 210 | D8: =+COUNTIFS($D$15:$D$984,B8,$H$15:$H$984,"AWAITED") -> 0 | E8: =C8-D8 -> 210
A9: 3 | B9: Erection | C9: =+COUNTIF($D$15:$D$983,B9) -> 87 | D9: =+COUNTIFS($D$15:$D$984,B9,$H$15:$H$984,"AWAITED") -> 8 | E9: =C9-D9 -> 79
A10: 4 | B10: Stringing | C10: =+COUNTIF($D$15:$D$983,B10) -> 32 | D10: =+COUNTIFS($D$15:$D$984,B10,$H$15:$H$984,"AWAITED") -> 14 | E10: =C10-D10 -> 18
A11: 5 | B11: Others | C11: =+COUNTIF($D$15:$D$983,B11) -> 3 | D11: =+COUNTIFS($D$15:$D$984,B11,$H$15:$H$984,"AWAITED") -> 0 | E11: =C11-D11 -> 3
A12: Total | C12: =SUM(C7:C11) -> 352 | D12: =+SUM(D7:D11) -> 22 | E12: =+SUM(E7:E11) -> 330
A14: Check Survey
A15: S.No | B15: Nature of Hindrance | C15: Loc/Sec. | D15: Affected Activity | E15: Affected Gang Name | F15: Date of 1st attempt | G15: Date of removal (Last attempt) | H15: Period of hindrance | I15: Remarks
A16: 1 | B16: Check survey not done due to frequent obstruction by land owner from 38/0 to 39/0. | C16: 38-39 | D16: Survey | F16: 45266 | G16: 45575 | H16: =+IF(G16="","Awaited",_xlfn.DAYS(G16,F16)+1) -> 310 | I16: Refer KEC letter dated 02-01-24. Reattempted on 09-01-24 but still in ROW. 3rd time attempted on dated 10.07.24 informed to you via mail regarding ROW.
A17: 2 | B17: Check survey not done due to frequent obstruction by land owner from 39/0 to 40/0. | C17: 39-40 | D17: Survey | F17: 45266 | G17: 45575 | H17: =+IF(G17="","Awaited",_xlfn.DAYS(G17,F17)+1) -> 310 | I17: Refer KEC letter dated 02-01-24. Reattempted on 09-01-24 but still in ROW. 3rd time attempted on dated 10.07.24 informed to you via mail regarding ROW.
A18: 3 | B18: Check survey is on hold from Gantry to 2/0 due to Non-Finalization of Gantry. | C18: Gty-2 | D18: Survey | F18: 45266 | G18: 45488 | H18: =+IF(G18="","Awaited",_xlfn.DAYS(G18,F18)+1) -> 223 | I18: Refer KEC letter dated 02-01-24.
A19: 4 | B19: Check survey not done due to frequent obstruction by land owner from 10/12 to 11A. | C19: 10/12-11A | D19: Survey | F19: 45266 | G19: 45307 | H19: =+IF(G19="","Awaited",_xlfn.DAYS(G19,F19)+1) -> 42 | I19: Refer KEC letter dated 02-01-24.
A20: 5 | B20: Check survey not done due to ROW from AP 20-AP 21. | C20: 20-21 | D20: Survey | F20: 45266 | G20: 45831 | H20: =+IF(G20="","Awaited",_xlfn.DAYS(G20,F20)+1) -> 566 | I20: Refer KEC letter dated 02-01-24. SPTL mail dated 20/5/24 having subject Optimization from GTY to AP74 (Part- F). Clearance for check survey received on 17.10.24. however survey team along with machinery idled at this section since 18th. Section is still in ROW. on dated 19.10.2024.
A21: 6 | B21: Delay in approval of check survey report from Ap 21 to AP 25. | C21: 21-25 | D21: Survey | F21: 45266 | G21: 45274 | H21: =+IF(G21="","Awaited",_xlfn.DAYS(G21,F21)+1) -> 9
A22: 7 | B22: Delay in approval of check survey report from Ap 14 to AP 20. | C22: 14-20 | D22: Survey | F22: 45266 | G22: 45274 | H22: =+IF(G22="","Awaited",_xlfn.DAYS(G22,F22)+1) -> 9
A23: 8 | B23: ROW in check survey works. | C23: 47-48 | D23: Survey | F23: 45272 | G23: 45274 | H23: =+IF(G23="","Awaited",_xlfn.DAYS(G23,F23)+1) -> 3
A24: 9 | B24: ROW in check survey works. | C24: 70-71 | D24: Survey | F24: 45275 | G24: 45636 | H24: =+IF(G24="","Awaited",_xlfn.DAYS(G24,F24)+1) -> 362
A25: 10 | B25: ROW in check survey works. | C25: 71-72 | D25: Survey | F25: 45275 | G25: 45331 | H25: =+IF(G25="","Awaited",_xlfn.DAYS(G25,F25)+1) -> 57
A26: 11 | B26: ROW in check survey works. | C26: 72-73 | D26: Survey | F26: 45275 | G26: 45331 | H26: =+IF(G26="","Awaited",_xlfn.DAYS(G26,F26)+1) -> 57
A27: 12 | B27: ROW in check survey works. | C27: 73-74 | D27: Survey | F27: 45275 | G27: 45487 | H27: =+IF(G27="","Awaited",_xlfn.DAYS(G27,F27)+1) -> 213
A28: 13 | B28: Delay in approval of check survey report from Ap 32 to AP 37. | C28: 32-37 | D28: Survey | F28: 45281 | G28: 45289 | H28: =+IF(G28="","Awaited",_xlfn.DAYS(G28,F28)+1) -> 9
A29: 14 | B29: Delay in approval of check survey From AP 2-10/12 | C29: 2-10/12 | D29: Survey | F29: 45286 | G29: 45316 | H29: =+IF(G29="","Awaited",_xlfn.DAYS(G29,F29)+1) -> 31 | I29: Email dated 18/1/24 regarding Frequent obstruction by landowners.
A30: 15 | B30: Delay in approval of check survey From AP 11A-14. | C30: 11A-14 | D30: Survey | F30: 45286 | G30: 45316 | H30: =+IF(G30="","Awaited",_xlfn.DAYS(G30,F30)+1) -> 31 | I30: Email dated 18/1/24 regarding Frequent obstruction by landowners.
A31: 16 | B31: Location no 11/5 are on Hold due to ROW during check survey, Centre peg not done for verification of benching and others. | C31: 11/5 | D31: Survey | F31: 45308 | G31: 45432 | H31: =+IF(G31="","Awaited",_xlfn.DAYS(G31,F31)+1) -> 125 | I31: Email dated 18/1/24 regarding Frequent obstruction by landowners.
A32: 17 | B32: Location no 11A/0 are on Hold due to ROW during check survey, Centre peg not done for verification of benching and others. | C32: 11A/0 | D32: Survey | F32: 45308 | G32: 45432 | H32: =+IF(G32="","Awaited",_xlfn.DAYS(G32,F32)+1) -> 125 | I32: Email dated 18/1/24 regarding Frequent obstruction by landowners.
A33: 18 | B33: ROW in check survey works. | C33: 40-41 | D33: Survey | F33: 45318 | G33: 45390 | H33: =+IF(G33="","Awaited",_xlfn.DAYS(G33,F33)+1) -> 73
A34: 19 | B34: ROW in check survey works. | C34: 41-42 | D34: Survey | F34: 45318 | G34: 45390 | H34: =+IF(G34="","Awaited",_xlfn.DAYS(G34,F34)+1) -> 73
A35: 20 | B35: ROW in check survey works. | C35: 42-43 | D35: Survey | F35: 45318 | G35: 45390 | H35: =+IF(G35="","Awaited",_xlfn.DAYS(G35,F35)+1) -> 73
A38: Foundation
A39: S.No | B39: Nature of Hindrance | C39: Loc/Sec. | D39: Affected Activity | E39: Affected Gang Name | F39: Date of occurrence | G39: Date of removal | H39: Period of hindrance | I39: Remarks
A40: =+SUBTOTAL(3,$B$40:B40) -> 1 | B40: ROW due to obstruction by land owner at Loc No 37/2. Post Excavation work was stopped by Land owners. After that cleared on 07/12/2023. | C40: 37/2 | D40: Foundation | E40: Nagana Rai | F40: 45266 | G40: 45267 | H40: =+IF(G40="","Awaited",_xlfn.DAYS(G40,F40)+1) -> 2
A41: =+SUBTOTAL(3,$B$40:B41) -> 2 | B41: ROW encountered in Excavation works. | C41: 62/6 | D41: Foundation | F41: 45274 | G41: 45275 | H41: =+IF(G41="","Awaited",_xlfn.DAYS(G41,F41)+1) -> 2
A42: =+SUBTOTAL(3,$B$40:B42) -> 3 | B42: ROW due to obstruction by land owner at Loc No 26/2. | C42: 26/2 | D42: Foundation | E42: A.B. Construction | F42: 45276 | G42: 45277 | H42: =+IF(G42="","Awaited",_xlfn.DAYS(G42,F42)+1) -> 2 | I42: Refer Mail dated 16/12/2023.
A43: =+SUBTOTAL(3,$B$40:B43) -> 4 | B43: Our Whole team of one gang along with its machinery are completely idle at location no 26/2 | C43: 26/2 | D43: Foundation | E43: A.B. Construction | F43: 45276 | G43: 45277 | H43: =+IF(G43="","Awaited",_xlfn.DAYS(G43,F43)+1) -> 2 | I43: Idled Resources (Highly Skilled manpower-1, Skilled:- 2, Semi Skilled:- 3, Unskilled:- 4, JCB with operator:- 1, Azax flori with operator:- 1, Tracktor with operator:- 1, Tanker with Operator:- 1, Bolero/Camper with Diesel:- 1)
A44: =+SUBTOTAL(3,$B$40:B44) -> 5 | B44: ROW at Location No 27/11. | C44: 27/11 | D44: Foundation | E44: Nagana Rai | F44: 45266 | G44: 45334 | H44: =+IF(G44="","Awaited",_xlfn.DAYS(G44,F44)+1) -> 69 | I44: Email dated 18/1/24 regarding Frequent obstruction by landowners. Your email dated 12.02.24 regarding workfront
A45: =+SUBTOTAL(3,$B$40:B45) -> 6 | B45: ROW at location no 28/1 due to frequent interupption by land owner of PKG F. | C45: 28/1 | D45: Foundation | E45: N.R. Enterprises | F45: 45286 | G45: 45819 | H45: =+IF(G45="","Awaited",_xlfn.DAYS(G45,F45)+1) -> 534 | I45: Reference Email dated 26/12/2023.
A46: =+SUBTOTAL(3,$B$40:B46) -> 7 | B46: Gang is idled for full day. During idling attempted 5 nos locations to start the work. But all are found in ROW. | D46: Foundation | E46: N.R. Enterprises | F46: 45286 | G46: 45289 | H46: =+IF(G46="","Awaited",_xlfn.DAYS(G46,F46)+1) -> 4 | I46: Reference Email dated 26/12/2023. Idled Resources (Highly Skilled manpower-1, Skilled:- 2, Semi Skilled:- 3, Unskilled:- 5, JCB with operator:- 1, Azax flori with operator:- 1, Tracktor with operator:- 1, Tanker with Operator:- 1, Bolero/Camper with Diesel:- 1)
A47: =+SUBTOTAL(3,$B$40:B47) -> 8 | B47: ROW in Foundation work in sawan Moolraj village at Loc No 28/2 | C47: 28/2 | D47: Foundation | F47: 45286 | G47: 45318 | H47: =+IF(G47="","Awaited",_xlfn.DAYS(G47,F47)+1) -> 33 | I47: Email dated 18/1/24 regarding Frequent obstruction by landowners.
A48: =+SUBTOTAL(3,$B$40:B48) -> 9 | B48: ROW in Foundation work in sawan Moolraj village at Loc No 28/3 | C48: 28/3 | D48: Foundation | F48: 45286 | G48: 45691 | H48: =+IF(G48="","Awaited",_xlfn.DAYS(G48,F48)+1) -> 406 | I48: Email dated 18/1/24 regarding Frequent obstruction by landowners.
A49: =+SUBTOTAL(3,$B$40:B49) -> 10 | B49: ROW in Foundation work in sawan Moolraj village at Loc No 28/4 | C49: 28/4 | D49: Foundation | F49: 45286 | G49: 45691 | H49: =+IF(G49="","Awaited",_xlfn.DAYS(G49,F49)+1) -> 406 | I49: Email dated 18/1/24 regarding Frequent obstruction by landowners.
A50: =+SUBTOTAL(3,$B$40:B50) -> 11 | B50: ROW in Foundation work in sawan Moolraj village at Loc No 28/5 | C50: 28/5 | D50: Foundation | F50: 45286 | G50: 45679 | H50: =+IF(G50="","Awaited",_xlfn.DAYS(G50,F50)+1) -> 394 | I50: Email dated 18/1/24 regarding Frequent obstruction by landowners.
A51: =+SUBTOTAL(3,$B$40:B51) -> 12 | B51: ROW in Foundation work in sawan Moolraj village at Loc No 28/6 | C51: 28/6 | D51: Foundation | F51: 45286 | G51: 45307 | H51: =+IF(G51="","Awaited",_xlfn.DAYS(G51,F51)+1) -> 22 | I51: Email dated 18/1/24 regarding Frequent obstruction by landowners.
A52: =+SUBTOTAL(3,$B$40:B52) -> 13 | B52: ROW in Foundation work in sawan Moolraj village at Loc No 28/7 | C52: 28/7 | D52: Foundation | F52: 45286 | G52: 45687 | H52: =+IF(G52="","Awaited",_xlfn.DAYS(G52,F52)+1) -> 402 | I52: Email dated 18/1/24 regarding Frequent obstruction by landowners.
A53: =+SUBTOTAL(3,$B$40:B53) -> 14 | B53: ROW in Foundation work in sawan Moolraj village at Loc No 28/8 | C53: 28/8 | D53: Foundation | F53: 45286 | G53: 45682 | H53: =+IF(G53="","Awaited",_xlfn.DAYS(G53,F53)+1) -> 397 | I53: Email dated 18/1/24 regarding Frequent obstruction by landowners.
A54: =+SUBTOTAL(3,$B$40:B54) -> 15 | B54: ROW in Foundation work in sawan Moolraj village at Loc No 29/0 | C54: 29/0 | D54: Foundation | F54: 45286 | G54: 45668 | H54: =+IF(G54="","Awaited",_xlfn.DAYS(G54,F54)+1) -> 383 | I54: Email dated 18/1/24 regarding Frequent obstruction by landowners.
A55: =+SUBTOTAL(3,$B$40:B55) -> 16 | B55: ROW in Foundation work in sawan Moolraj village at Loc No 29/1 | C55: 29/1 | D55: Foundation | F55: 45286 | G55: 45710 | H55: =+IF(G55="","Awaited",_xlfn.DAYS(G55,F55)+1) -> 425 | I55: Email dated 18/1/24 regarding Frequent obstruction by landowners.
A56: =+SUBTOTAL(3,$B$40:B56) -> 17 | B56: ROW in Foundation work in sawan Moolraj village at Loc No 29/2 | C56: 29/2 | D56: Foundation | F56: 45286 | G56: 45717 | H56: =+IF(G56="","Awaited",_xlfn.DAYS(G56,F56)+1) -> 432 | I56: Email dated 18/1/24 regarding Frequent obstruction by landowners.
A57: =+SUBTOTAL(3,$B$40:B57) -> 18 | B57: ROW in Foundation work in sawan Moolraj village at Loc No 29/3 | C57: 29/3 | D57: Foundation | F57: 45286 | G57: 45718 | H57: =+IF(G57="","Awaited",_xlfn.DAYS(G57,F57)+1) -> 433 | I57: Email dated 18/1/24 regarding Frequent obstruction by landowners.
A58: =+SUBTOTAL(3,$B$40:B58) -> 19 | B58: ROW in Foundation work in sawan Moolraj village at Loc No 29/4 | C58: 29/4 | D58: Foundation | F58: 45286 | G58: 45708 | H58: =+IF(G58="","Awaited",_xlfn.DAYS(G58,F58)+1) -> 423 | I58: Email dated 18/1/24 regarding Frequent obstruction by landowners.
... A69: =+SUBTOTAL(3,$B$40:B69) -> 30 | B69: ROW in Foundation work in sawan Moolraj village at Loc No 32/0 | C69: 32/0 | D69: Foundation | F69: 45286 | G69: 45714 | H69: =+IF(G69="","Awaited",_xlfn.DAYS(G69,F69)+1) -> 429 | I69: Email dated 18/1/24 regarding Frequent obstruction by landowners.
A70: =+SUBTOTAL(3,$B$40:B70) -> 31 | B70: ROW encountered while pit marking. | C70: 59/15 | D70: Foundation | F70: 45302 | G70: 45306 | H70: =+IF(G70="","Awaited",_xlfn.DAYS(G70,F70)+1) -> 5
A71: =+SUBTOTAL(3,$B$40:B71) -> 32 | B71: ROW encountered while pit marking. | C71: 59/16 | D71: Foundation | F71: 45302 | G71: 45306 | H71: =+IF(G71="","Awaited",_xlfn.DAYS(G71,F71)+1) -> 5
A72: =+SUBTOTAL(3,$B$40:B72) -> 33 | B72: ROW encountered while pit marking. | C72: 60/3 | D72: Foundation | F72: 45302 | G72: 45304 | H72: =+IF(G72="","Awaited",_xlfn.DAYS(G72,F72)+1) -> 3
A73: =+SUBTOTAL(3,$B$40:B73) -> 34 | B73: ROW encountered while pit marking. | C73: 60/4 | D73: Foundation | F73: 45302 | G73: 45304 | H73: =+IF(G73="","Awaited",_xlfn.DAYS(G73,F73)+1) -> 3
A74: =+SUBTOTAL(3,$B$40:B74) -> 35 | B74: ROW encountered while pit marking. | C74: 60/11 | D74: Foundation | F74: 45304 | G74: 45310 | H74: =+IF(G74="","Awaited",_xlfn.DAYS(G74,F74)+1) -> 7
A75: =+SUBTOTAL(3,$B$40:B75) -> 36 | B75: Shifting of 11 KV Line in Location No 26/4 as 11 KV Line pass through centre of the Pit D. | C75: 26/4 | D75: Foundation | F75: 45311 | G75: 45314 | H75: =+IF(G75="","Awaited",_xlfn.DAYS(G75,F75)+1) -> 4 | I75: Email dated 20/01/2024 regarding shifting of 11 KV Line. On dated 23/1/24, FDN location 5 Mtr shifted towards 26/3 for execution of Foundation works.
A76: =+SUBTOTAL(3,$B$40:B76) -> 37 | B76: Excavation work stopped at 28/2 after completion of 3 Pit excavation works due to ROW. | C76: 28/2 | D76: Foundation | E76: A.B. Construction | F76: 45319 | G76: 45334 | H76: =+IF(G76="","Awaited",_xlfn.DAYS(G76,F76)+1) -> 16 | I76: D.P.R. Dated 28-01-24. 10 Nos Manpower are idled due to this hindrances (confirmed by D.P.R. Dated 29.01.2024), Your email dated 12.02.24 regarding workfront
A77: =+SUBTOTAL(3,$B$40:B77) -> 38 | B77: ROW encountered during excavation . | C77: 64/10 | D77: Foundation | F77: 45323 | G77: 45329 | H77: =+IF(G77="","Awaited",_xlfn.DAYS(G77,F77)+1) -> 7
A78: =+SUBTOTAL(3,$B$40:B78) -> 39 | B78: Excavation work could not done at 27/5 after completion of 3 Pit excavation works due to ROW. | C78: 27/5 | D78: Foundation | E78: Majisa Construction | F78: 45324 | G78: 45356 | H78: =+IF(G78="","Awaited",_xlfn.DAYS(G78,F78)+1) -> 33 | I78: DPR dated 03.02.24. Email dated 22.02.24 Sterlite's Part G & F 765KV Fategarh -III Beawar TL
A79: =+SUBTOTAL(3,$B$40:B79) -> 40 | B79: Excavation work could not done at 27/6 due to ROW. | C79: 27/6 | D79: Foundation | E79: Majisa Construction | F79: 45330 | G79: 45419 | H79: =+IF(G79="","Awaited",_xlfn.DAYS(G79,F79)+1) -> 90
A80: =+SUBTOTAL(3,$B$40:B80) -> 41 | B80: Excavation work could not done at 27/7 due to ROW. | C80: 27/7 | D80: Foundation | E80: Majisa Construction | F80: 45330 | G80: 45795 | H80: =+IF(G80="","Awaited",_xlfn.DAYS(G80,F80)+1) -> 466
A81: =+SUBTOTAL(3,$B$40:B81) -> 42 | B81: Excavation work could not done at 32/1 due to ROW. | C81: 32/1 | D81: Foundation | F81: 45330 | G81: 45716 | H81: =+IF(G81="","Awaited",_xlfn.DAYS(G81,F81)+1) -> 387
A82: =+SUBTOTAL(3,$B$40:B82) -> 43 | B82: Row in foundation work due to Obstruction by land owner in Nimba ki Dhani Village. | C82: 32/2 | D82: Foundation | F82: 45330 | G82: 45695 | H82: =+IF(G82="","Awaited",_xlfn.DAYS(G82,F82)+1) -> 366
A83: =+SUBTOTAL(3,$B$40:B83) -> 44 | B83: Row in foundation work due to Obstruction by land owner in Nimba ki Dhani Village. | C83: 32/3 | D83: Foundation | F83: 45330 | G83: 45691 | H83: =+IF(G83="","Awaited",_xlfn.DAYS(G83,F83)+1) -> 362
A84: =+SUBTOTAL(3,$B$40:B84) -> 45 | B84: Row in foundation work due to Obstruction by land owner in Nimba ki Dhani Village. | C84: 32/4 | D84: Foundation | F84: 45330 | G84: 45691 | H84: =+IF(G84="","Awaited",_xlfn.DAYS(G84,F84)+1) -> 362
A85: =+SUBTOTAL(3,$B$40:B85) -> 46 | B85: Row in foundation work due to Obstruction by land owner in Nimba ki Dhani Village. | C85: 33/0 | D85: Foundation | F85: 45330 | G85: 45700 | H85: =+IF(G85="","Awaited",_xlfn.DAYS(G85,F85)+1) -> 371
A86: =+SUBTOTAL(3,$B$40:B86) -> 47 | B86: Row in foundation work due to Obstruction by land owner in Nimba ki Dhani Village. | C86: 33/1 | D86: Foundation | F86: 45330 | G86: 45688 | H86: =+IF(G86="","Awaited",_xlfn.DAYS(G86,F86)+1) -> 359
A87: =+SUBTOTAL(3,$B$40:B87) -> 48 | B87: Row in foundation work due to Obstruction by land owner in Nimba ki Dhani Village. | C87: 34/0 | D87: Foundation | F87: 45330 | G87: 45684 | H87: =+IF(G87="","Awaited",_xlfn.DAYS(G87,F87)+1) -> 355
A88: =+SUBTOTAL(3,$B$40:B88) -> 49 | B88: Row in foundation work due to Obstruction by land owner in Nimba ki Dhani Village. | C88: 34/1 | D88: Foundation | F88: 45330 | G88: 45662 | H88: =+IF(G88="","Awaited",_xlfn.DAYS(G88,F88)+1) -> 333
A89: =+SUBTOTAL(3,$B$40:B89) -> 50 | B89: Row in foundation work due to Obstruction by land owner in Nimba ki Dhani Village. | C89: 34/2 | D89: Foundation | F89: 45330 | G89: 45673 | H89: =+IF(G89="","Awaited",_xlfn.DAYS(G89,F89)+1) -> 344
A90: =+SUBTOTAL(3,$B$40:B90) -> 51 | B90: Row in foundation work due to Obstruction by land owner in Nimba ki Dhani Village. | C90: 34/3 | D90: Foundation | F90: 45330 | G90: 45336 | H90: =+IF(G90="","Awaited",_xlfn.DAYS(G90,F90)+1) -> 7 | I90: Email dated 14.01.2024 regarding KEC - Sterlite's Part G & F 765KV Fategarh -III Beawar TL
A91: =+SUBTOTAL(3,$B$40:B91) -> 52 | B91: Row in foundation work due to Obstruction by land owner in Nimba ki Dhani Village. | C91: 34/4 | D91: Foundation | F91: 45330 | G91: 45703 | H91: =+IF(G91="","Awaited",_xlfn.DAYS(G91,F91)+1) -> 374
A92: =+SUBTOTAL(3,$B$40:B92) -> 53 | B92: Row in foundation work due to Obstruction by land owner in Nimba ki Dhani Village. | C92: 35/0 | D92: Foundation | F92: 45330 | G92: 45659 | H92: =+IF(G92="","Awaited",_xlfn.DAYS(G92,F92)+1) -> 330
A93: =+SUBTOTAL(3,$B$40:B93) -> 54 | B93: Row in foundation work due to Obstruction by land owner in Nimba ki Dhani Village. | C93: 35/1 | D93: Foundation | F93: 45330 | G93: 45736 | H93: =+IF(G93="","Awaited",_xlfn.DAYS(G93,F93)+1) -> 407
A94: =+SUBTOTAL(3,$B$40:B94) -> 55 | B94: Row in foundation work due to Obstruction by land owner in Nimba ki Dhani Village. | C94: 35/2 | D94: Foundation | F94: 45330 | G94: 45660 | H94: =+IF(G94="","Awaited",_xlfn.DAYS(G94,F94)+1) -> 331
A95: =+SUBTOTAL(3,$B$40:B95) -> 56 | B95: Row in foundation work due to Obstruction by land owner in Nimba ki Dhani Village. | C95: 35/3 | D95: Foundation | F95: 45330 | G95: 45687 | H95: =+IF(G95="","Awaited",_xlfn.DAYS(G95,F95)+1) -> 358 | I95: Your email dated 12.02.24 regarding workfront. This locations is reattempted on 28.01.2024 after verbal communication by SPTL by the location found in ROW. Again SPTL claimed that ROW cleared on 30.01.25.
A96: =+SUBTOTAL(3,$B$40:B96) -> 57 | B96: Row in foundation work due to Obstruction by land owner in Nimba ki Dhani Village. | C96: 35/4 | D96: Foundation | F96: 45330 | G96: 45334 | H96: =+IF(G96="","Awaited",_xlfn.DAYS(G96,F96)+1) -> 5 | I96: Your email dated 12.02.24 regarding workfront
A97: =+SUBTOTAL(3,$B$40:B97) -> 58 | B97: Row in foundation work due to Obstruction by land owner in Nimba ki Dhani Village. | C97: 35/5 | D97: Foundation | F97: 45330 | G97: 45684 | H97: =+IF(G97="","Awaited",_xlfn.DAYS(G97,F97)+1) -> 355
A98: =+SUBTOTAL(3,$B$40:B98) -> 59 | B98: Row in foundation work due to Obstruction by land owner in Nimba ki Dhani Village. | C98: 36/0 | D98: Foundation | F98: 45330 | G98: 45334 | H98: =+IF(G98="","Awaited",_xlfn.DAYS(G98,F98)+1) -> 5 | I98: Your email dated 12.02.24 regarding workfront
A99: =+SUBTOTAL(3,$B$40:B99) -> 60 | B99: Row in foundation work due to Obstruction by land owner in Nimba ki Dhani Village. | C99: 36/2 | D99: Foundation | F99: 45330 | G99: 45808 | H99: =+IF(G99="","Awaited",_xlfn.DAYS(G99,F99)+1) -> 479
A100: =+SUBTOTAL(3,$B$40:B100) -> 61 | B100: Row in foundation work due to Obstruction by land owner in Nimba ki Dhani Village. | C100: 36/3 | D100: Foundation | F100: 45330 | G100: 45808 | H100: =+IF(G100="","Awaited",_xlfn.DAYS(G100,F100)+1) -> 479
A101: =+SUBTOTAL(3,$B$40:B101) -> 62 | B101: Row in foundation work due to Obstruction by land owner in Nimba ki Dhani Village. | C101: 36/4 | D101: Foundation | F101: 45330 | G101: 45808 | H101: =+IF(G101="","Awaited",_xlfn.DAYS(G101,F101)+1) -> 479
A102: =+SUBTOTAL(3,$B$40:B102) -> 63 | B102: ROW in Excavation as Landowner not allowing for pit marking. | C102: 26/7 | D102: Foundation | E102: Mehai Construction | F102: 45341 | G102: 45656 | H102: =+IF(G102="","Awaited",_xlfn.DAYS(G102,F102)+1) -> 316 | I102: DPR of 19.02.24. Email dated Sterlite's Part G & F 765KV Fategarh -III Beawar TL.
A103: =+SUBTOTAL(3,$B$40:B103) -> 64 | B103: ROW in Pit marking as Landowner not allowing for pit marking. | C103: 26/8 | D103: Foundation | E103: Mehai Construction | F103: 45341 | G103: 45958 | H103: =+IF(G103="","Awaited",_xlfn.DAYS(G103,F103)+1) -> 618 | I103: DPR of 19.02.24. Email dated Sterlite's Part G & F 765KV Fategarh -III Beawar TL. Cleared on 28.10.2025.
A104: =+SUBTOTAL(3,$B$40:B104) -> 65 | B104: ROW in Pit marking by Landowner. Further nearby location 22/0 excavation not done due to ROW. Excavator machine is standing idle. He committed to increase the gang strength but due to non-availability of clear work front they have planned to reduce the strength if locations not allocated timely. | C104: 22/0 | D104: Foundation | F104: 45340 | G104: 45968 | H104: =+IF(G104="","Awaited",_xlfn.DAYS(G104,F104)+1) -> 629 | I104: DPR of 19.02.24. Email dated Sterlite's Part G & F 765KV Fategarh -III Beawar TL. Email dated 25.02.24 regarding Workfront Delays and Local Villager Interruptions in PKG G & PKG F. further, Clearances for this locations is received on 20.08.2025 at nearby 04:00 PM under police protection, However on dated 23.08.2025 the locations again falls under ROW when landowners creating issues. Cleared on dated 04.10.2025 with the help of police administration. Excavation WIP in 2nd pit. from 10.10.2025.Further from 11.10.2025 Locs is in ROW. and then cleared on 13.10.2025. against Excavation started in all Pit started from 11.10.2025. further Slow progress due to ROCK encountered. No work done due to ROW from 15.10.2025 Machinery idled. 2nos Poklain idle since 15.10.2025. ROW Cleared on 07.11.2025
A105: =+SUBTOTAL(3,$B$40:B105) -> 66 | B105: ROW encountered during excavation . | C105: 61/10 | D105: Foundation | F105: 45341 | G105: 45351 | H105: =+IF(G105="","Awaited",_xlfn.DAYS(G105,F105)+1) -> 11
A106: =+SUBTOTAL(3,$B$40:B106) -> 67 | B106: ROW encountered during excavation . | C106: 61/4 | D106: Foundation | F106: 45341 | G106: 45351 | H106: =+IF(G106="","Awaited",_xlfn.DAYS(G106,F106)+1) -> 11
A107: =+SUBTOTAL(3,$B$40:B107) -> 68 | B107: ROW encountered while pit marking. | C107: 62/0 | D107: Foundation | F107: 45341 | G107: 45351 | H107: =+IF(G107="","Awaited",_xlfn.DAYS(G107,F107)+1) -> 11
A108: =+SUBTOTAL(3,$B$40:B108) -> 69 | B108: Pit marking not done due to cultivated land and SPTL not allowing for further pit marking. | C108: 21/9 | D108: Foundation | F108: 45344 | G108: 45790 | H108: =+IF(G108="","Awaited",_xlfn.DAYS(G108,F108)+1) -> 447 | I108: D.P.R. Dated 22.02.24
A109: =+SUBTOTAL(3,$B$40:B109) -> 70 | B109: Gang was shifted after completion of location no 23/1 (G) on dated 22.02.24 but due to non-availability of nearby Workfront gang is shifted at 22/5 after one day idling at 22/5. on a progress front he have not worked any productivity till today after 23rd Feb. his time is lapsed on shifting of gang and machinery. | D109: Foundation | E109: A.B. Construction | F109: 45347 | G109: 45348 | H109: =+IF(G109="","Awaited",_xlfn.DAYS(G109,F109)+1) -> 2 | I109: Email dated 25.02.24 regarding Workfront Delays and Local Villager Interruptions in PKG G & PKG F
A110: =+SUBTOTAL(3,$B$40:B110) -> 71 | B110: Due to interruptions by landowners works are stopped. and gang is completely idle along with machinery. (this team have ability to execute the works in two locations at a time). | C110: 26/6 | D110: Foundation | E110: Mehai Contruction | F110: 45347 | G110: 45348 | H110: =+IF(G110="","Awaited",_xlfn.DAYS(G110,F110)+1) -> 2 | I110: Email dated 25.02.24 regarding Workfront Delays and Local Villager Interruptions in PKG G & PKG F
A111: =+SUBTOTAL(3,$B$40:B111) -> 72 | B111: Gang idled due to clear workfront not available after completion of 26/6. | C111: 26/6 | D111: Foundation | E111: Mehai Construction | F111: 45352 | G111: 45355 | H111: =+IF(G111="","Awaited",_xlfn.DAYS(G111,F111)+1) -> 4 | I111: Email dated 02/03/24 regarding Survey & Foundation update (Workfront Delay/Interruptions updates in PKG G & PKG F
A112: =+SUBTOTAL(3,$B$40:B112) -> 73 | B112: 22/1:- Completed today. Machinery idled due to Nearby locations not available. Further Gang left the site due to workfront not available. | C112: 22/1 | D112: Foundation | E112: Swarup Enterprises | F112: 45353 | G112: 45354 | H112: =+IF(G112="","Awaited",_xlfn.DAYS(G112,F112)+1) -> 2 | I112: Email dated 02/03/24 regarding Survey & Foundation update (Workfront Delay/Interruptions updates in PKG G & PKG F
A113: =+SUBTOTAL(3,$B$40:B113) -> 74 | B113: ROW encountered while pit marking. | C113: 53/6 | D113: Foundation | F113: 45357 | G113: 45436 | H113: =+IF(G113="","Awaited",_xlfn.DAYS(G113,F113)+1) -> 80
A114: =+SUBTOTAL(3,$B$40:B114) -> 75 | B114: ROW encountered while pit marking. | C114: 53/7 | D114: Foundation | F114: 45357 | G114: 45386 | H114: =+IF(G114="","Awaited",_xlfn.DAYS(G114,F114)+1) -> 30
...

Sheet Page Chart
A1: Progress Summary'!A1 | N1: Village wise dashboard
A2: Location Wise Status | I2: Post Stringing work | N2: Foundation | T2: Erection | AA2: Stringing
A3: Sr. No. | B3: Loc No. | C3: TOT | D3: Village Name | E3: Span | F3: FDN | G3: ERE | H3: Str | I3: Hoisting | J3: Clipp. | K3: Spac. | L3: Jump. | M3: Remarks (if any) | N3: Village wise breakups | O3: Total | P3: Comp. | Q3: WIP | R3: Clear | S3: ROW | T3: Total | U3: Comp. | V3: WIP | W3: Clear | X3: ROW | Y3: Yet to attempt | Z3: Balance | AA3: Scope | AB3: C | AC3: WIP | AD3: Clear | AE3: ROW | AF3: Dep. | AG3: Other Fac.
A4: =+SUBTOTAL(3,$B$4:B4) -> 0 | B4: ='Visual chart Edit'!B7 -> 1/0 | C4: ='Visual chart Edit'!C7 -> DD60+0 | D4: Mandai | E4: ='Visual chart Edit'!I7 -> 122 | F4: ='Visual chart Edit'!K7 -> DRY | G4: ='Visual chart Edit'!L7 -> E | H4: C | I4: C | K4: C | L4: C | N4: Village (49 No's) | O4: =+SUM(O5:O53) -> 485 | P4: =+SUM(P5:P53) -> 485 | Q4: =+SUM(Q5:Q53) -> 0 | R4: =+SUM(R5:R53) -> 0 | S4: =+SUM(S5:S53) -> 0 | T4: =+SUM(T5:T53) -> 485 | U4: =+SUM(U5:U53) -> 475 | V4: =+SUM(V5:V53) -> 2 | ... Y4: =+SUM(Y5:Y53) -> 0 | Z4: =T4-U4 -> 10 | AA4: =+SUM(AA5:AA53) -> 191.39264 | AB4: =+SUM(AB5:AB53) -> 98.535075 | AC4: =+SUM(AC5:AC53) -> 14.4555 | AD4: =+SUM(AD5:AD53) -> 0 | AE4: =+SUM(AE5:AE53) -> 0 | AF4: =+SUM(AF5:AF53) -> 0 | AG4: =+SUM(AG5:AG53) -> 78.402068
A5: =+SUBTOTAL(3,$B$4:B5) -> 0 | B5: ='Visual chart Edit'!B8 -> 1A/0 | C5: ='Visual chart Edit'!C8 -> DD60+0 | D5: Mandai | E5: ='Visual chart Edit'!I8 -> 90 | F5: ='Visual chart Edit'!K8 -> DRY | G5: ='Visual chart Edit'!L8 -> E | H5: C | I5: C | K5: C | L5: C | N5: Mandai | O5: =+SUM(P5:S5) -> 16 | P5: =+COUNTIFS($D$4:$D$488,N5,$F$4:$F$488,"sandy")+COUNTIFS($D$4:$D$488,N5,$F$4:$F$488,"Dry")+COUNTIFS($D$4:$D$488,N5,$F$4:$F$488,"DFR")+COUNTIFS($D$4:$D$488,N5,$F$4:$F$488,"WFR")+COUNTIFS($D$4:$D$488,N5,$F$4:$F$488,"SFR") -> 16 | Q5: =+COUNTIFS($D$4:$D$488,N5,$F$4:$F$488,"WIP") -> 0 | R5: =+COUNTIFS($D$4:$D$488,N5,$F$4:$F$488,"Clear") -> 0 | S5: =+COUNTIFS($D$4:$D$488,N5,$F$4:$F$488,"ROW") -> 0 | T5: =+SUM(U5:Y5) -> 16 | U5: =+COUNTIFS($D$4:$D$488,N5,$G$4:$G$488,"E") -> 16 | V5: =+COUNTIFS($D$4:$D$488,N5,$G$4:$G$488,"WIP") -> 0 | W5: =+COUNTIFS($D$4:$D$488,N5,$G$4:$G$488,"Clear") -> 0 | X5: =+COUNTIFS($D$4:$D$488,N5,$G$4:$G$488,"ROW") -> 0 | Y5: =O5-X5-U5-W5-V5 -> 0 | Z5: =T5-U5 -> 0 | AA5: =+SUMIFS($E$4:$E$488,$D$4:$D$488,N5)/1000 -> 5.6287 | AB5: =+SUMIFS($E$4:$E$488,$D$4:$D$488,N5,$H$4:$H$488,$AB$3)/1000 -> 5.6287 | AC5: =+SUMIFS($E$4:$E$488,$D$4:$D$488,N5,$H$4:$H$488,$AC$3)/1000 -> 0 | AD5: =+SUMIFS($E$4:$E$488,$D$4:$D$488,N5,$H$4:$H$488,$AD$3)/1000 -> 0 | AE5: =+SUMIFS($E$4:$E$488,$D$4:$D$488,N5,$H$4:$H$488,$AE$3)/1000 -> 0 | AF5: =+SUMIFS($E$4:$E$488,$D$4:$D$488,N5,$H$4:$H$488,$AF$3)/1000 -> 0 | AG5: =AA5-SUM(AB5:AF5) -> 0
A6: =+SUBTOTAL(3,$B$4:B6) -> 0 | B6: ='Visual chart Edit'!B9 -> 1A/1 | C6: ='Visual chart Edit'!C9 -> DA+6 | D6: Mandai | E6: ='Visual chart Edit'!I9 -> 277.7 | F6: ='Visual chart Edit'!K9 -> DFR | G6: ='Visual chart Edit'!L9 -> E | H6: C | I6: C | J6: C | K6: C | N6: Harwa | O6: =+SUM(P6:S6) -> 22 | P6: =+COUNTIFS($D$4:$D$488,N6,$F$4:$F$488,"sandy")+COUNTIFS($D$4:$D$488,N6,$F$4:$F$488,"Dry")+COUNTIFS($D$4:$D$488,N6,$F$4:$F$488,"DFR")+COUNTIFS($D$4:$D$488,N6,$F$4:$F$488,"WFR")+COUNTIFS($D$4:$D$488,N6,$F$4:$F$488,"SFR") -> 22 | Q6: =+COUNTIFS($D$4:$D$488,N6,$F$4:$F$488,"WIP") -> 0 | R6: =+COUNTIFS($D$4:$D$488,N6,$F$4:$F$488,"Clear") -> 0 | S6: =+COUNTIFS($D$4:$D$488,N6,$F$4:$F$488,"ROW") -> 0 | T6: =+SUM(U6:Y6) -> 22 | U6: =+COUNTIFS($D$4:$D$488,N6,$G$4:$G$488,"E") -> 22 | V6: =+COUNTIFS($D$4:$D$488,N6,$G$4:$G$488,"WIP") -> 0 | W6: =+COUNTIFS($D$4:$D$488,N6,$G$4:$G$488,"Clear") -> 0 | X6: =+COUNTIFS($D$4:$D$488,N6,$G$4:$G$488,"ROW") -> 0 | Y6: =O6-X6-U6-W6-V6 -> 0 | Z6: =T6-U6 -> 0 | AA6: =+SUMIFS($E$4:$E$488,$D$4:$D$488,N6)/1000 -> 7.9501 | AB6: =+SUMIFS($E$4:$E$488,$D$4:$D$488,N6,$H$4:$H$488,$AB$3)/1000 -> 2.0597 | AC6: =+SUMIFS($E$4:$E$488,$D$4:$D$488,N6,$H$4:$H$488,$AC$3)/1000 -> 4.4404 | AD6: =+SUMIFS($E$4:$E$488,$D$4:$D$488,N6,$H$4:$H$488,$AD$3)/1000 -> 0 | AE6: =+SUMIFS($E$4:$E$488,$D$4:$D$488,N6,$H$4:$H$488,$AE$3)/1000 -> 0 | AF6: =+SUMIFS($E$4:$E$488,$D$4:$D$488,N6,$H$4:$H$488,$AF$3)/1000 -> 0 | AG6: =AA6-SUM(AB6:AF6) -> 1.45
A7: =+SUBTOTAL(3,$B$4:B7) -> 0 | B7: ='Visual chart Edit'!B10 -> 1A/2 | C7: ='Visual chart Edit'!C10 -> DA+0 | D7: Mandai | E7: ='Visual chart Edit'!I10 -> 386 | F7: ='Visual chart Edit'!K10 -> DRY | G7: ='Visual chart Edit'!L10 -> E | H7: C | I7: C | J7: C | K7: C | N7: Chak Goonga | O7: =+SUM(P7:S7) -> 8 | P7: =+COUNTIFS($D$4:$D$488,N7,$F$4:$F$488,"sandy")+COUNTIFS($D$4:$D$488,N7,$F$4:$F$488,"Dry")+COUNTIFS($D$4:$D$488,N7,$F$4:$F$488,"DFR")+COUNTIFS($D$4:$D$488,N7,$F$4:$F$488,"WFR")+COUNTIFS($D$4:$D$488,N7,$F$4:$F$488,"SFR") -> 8 | Q7: =+COUNTIFS($D$4:$D$488,N7,$F$4:$F$488,"WIP") -> 0 | R7: =+COUNTIFS($D$4:$D$488,N7,$F$4:$F$488,"Clear") -> 0 | S7: =+COUNTIFS($D$4:$D$488,N7,$F$4:$F$488,"ROW") -> 0 | T7: =+SUM(U7:Y7) -> 8 | U7: =+COUNTIFS($D$4:$D$488,N7,$G$4:$G$488,"E") -> 8 | V7: =+COUNTIFS($D$4:$D$488,N7,$G$4:$G$488,"WIP") -> 0 | W7: =+COUNTIFS($D$4:$D$488,N7,$G$4:$G$488,"Clear") -> 0 | X7: =+COUNTIFS($D$4:$D$488,N7,$G$4:$G$488,"ROW") -> 0 | Y7: =O7-X7-U7-W7-V7 -> 0 | Z7: =T7-U7 -> 0 | AA7: =+SUMIFS($E$4:$E$488,$D$4:$D$488,N7)/1000 -> 3.130267 | AB7: =+SUMIFS($E$4:$E$488,$D$4:$D$488,N7,$H$4:$H$488,$AB$3)/1000 -> 2.456067 | AC7: =+SUMIFS($E$4:$E$488,$D$4:$D$488,N7,$H$4:$H$488,$AC$3)/1000 -> 0.4411 | AD7: =+SUMIFS($E$4:$E$488,$D$4:$D$488,N7,$H$4:$H$488,$AD$3)/1000 -> 0 | AE7: =+SUMIFS($E$4:$E$488,$D$4:$D$488,N7,$H$4:$H$488,$AE$3)/1000 -> 0 | AF7: =+SUMIFS($E$4:$E$488,$D$4:$D$488,N7,$H$4:$H$488,$AF$3)/1000 -> 0 | AG7: =AA7-SUM(AB7:AF7) -> 0.2331
A8: =+SUBTOTAL(3,$B$4:B8) -> 0 | B8: ='Visual chart Edit'!B11 -> 1A/3 | C8: ='Visual chart Edit'!C11 -> DA+0 | D8: Mandai | E8: ='Visual chart Edit'!I11 -> 443.6 | F8: ='Visual chart Edit'!K11 -> DRY | G8: ='Visual chart Edit'!L11 -> E | H8: C | I8: C | J8: C | K8: C | N8: Goonga | O8: =+SUM(P8:S8) -> 5 | P8: =+COUNTIFS($D$4:$D$488,N8,$F$4:$F$488,"sandy")+COUNTIFS($D$4:$D$488,N8,$F$4:$F$488,"Dry")+COUNTIFS($D$4:$D$488,N8,$F$4:$F$488,"DFR")+COUNTIFS($D$4:$D$488,N8,$F$4:$F$488,"WFR")+COUNTIFS($D$4:$D$488,N8,$F$4:$F$488,"SFR") -> 5 | Q8: =+COUNTIFS($D$4:$D$488,N8,$F$4:$F$488,"WIP") -> 0 | R8: =+COUNTIFS($D$4:$D$488,N8,$F$4:$F$488,"Clear") -> 0 | S8: =+COUNTIFS($D$4:$D$488,N8,$F$4:$F$488,"ROW") -> 0 | T8: =+SUM(U8:Y8) -> 5 | U8: =+COUNTIFS($D$4:$D$488,N8,$G$4:$G$488,"E") -> 5 | V8: =+COUNTIFS($D$4:$D$488,N8,$G$4:$G$488,"WIP") -> 0 | W8: =+COUNTIFS($D$4:$D$488,N8,$G$4:$G$488,"Clear") -> 0 | X8: =+COUNTIFS($D$4:$D$488,N8,$G$4:$G$488,"ROW") -> 0 | Y8: =O8-X8-U8-W8-V8 -> 0 | Z8: =T8-U8 -> 0 | AA8: =+SUMIFS($E$4:$E$488,$D$4:$D$488,N8)/1000 -> 2.0524 | AB8: =+SUMIFS($E$4:$E$488,$D$4:$D$488,N8,$H$4:$H$488,$AB$3)/1000 -> 2.0524 | AC8: =+SUMIFS($E$4:$E$488,$D$4:$D$488,N8,$H$4:$H$488,$AC$3)/1000 -> 0 | AD8: =+SUMIFS($E$4:$E$488,$D$4:$D$488,N8,$H$4:$H$488,$AD$3)/1000 -> 0 | AE8: =+SUMIFS($E$4:$E$488,$D$4:$D$488,N8,$H$4:$H$488,$AE$3)/1000 -> 0 | AF8: =+SUMIFS($E$4:$E$488,$D$4:$D$488,N8,$H$4:$H$488,$AF$3)/1000 -> 0 | AG8: =AA8-SUM(AB8:AF8) -> 0
A9: =+SUBTOTAL(3,$B$4:B9) -> 0 | B9: ='Visual chart Edit'!B12 -> 1A/4 | C9: ='Visual chart Edit'!C12 -> DA+3 | D9: Mandai | E9: ='Visual chart Edit'!I12 -> 333.4 | F9: ='Visual chart Edit'!K12 -> DFR | G9: ='Visual chart Edit'!L12 -> E | H9: C | I9: C | J9: C | K9: C | N9: Pusar | O9: =+SUM(P9:S9) -> 14 | P9: =+COUNTIFS($D$4:$D$488,N9,$F$4:$F$488,"sandy")+COUNTIFS($D$4:$D$488,N9,$F$4:$F$488,"Dry")+COUNTIFS($D$4:$D$488,N9,$F$4:$F$488,"DFR")+COUNTIFS($D$4:$D$488,N9,$F$4:$F$488,"WFR")+COUNTIFS($D$4:$D$488,N9,$F$4:$F$488,"SFR") -> 14 | Q9: =+COUNTIFS($D$4:$D$488,N9,$F$4:$F$488,"WIP") -> 0 | R9: =+COUNTIFS($D$4:$D$488,N9,$F$4:$F$488,"Clear") -> 0 | S9: =+COUNTIFS($D$4:$D$488,N9,$F$4:$F$488,"ROW") -> 0 | T9: =+SUM(U9:Y9) -> 14 | U9: =+COUNTIFS($D$4:$D$488,N9,$G$4:$G$488,"E") -> 14 | V9: =+COUNTIFS($D$4:$D$488,N9,$G$4:$G$488,"WIP") -> 0 | W9: =+COUNTIFS($D$4:$D$488,N9,$G$4:$G$488,"Clear") -> 0 | X9: =+COUNTIFS($D$4:$D$488,N9,$G$4:$G$488,"ROW") -> 0 | Y9: =O9-X9-U9-W9-V9 -> 0 | Z9: =T9-U9 -> 0 | AA9: =+SUMIFS($E$4:$E$488,$D$4:$D$488,N9)/1000 -> 5.715468 | AB9: =+SUMIFS($E$4:$E$488,$D$4:$D$488,N9,$H$4:$H$488,$AB$3)/1000 -> 5.715468 | AC9: =+SUMIFS($E$4:$E$488,$D$4:$D$488,N9,$H$4:$H$488,$AC$3)/1000 -> 0 | AD9: =+SUMIFS($E$4:$E$488,$D$4:$D$488,N9,$H$4:$H$488,$AD$3)/1000 -> 0 | AE9: =+SUMIFS($E$4:$E$488,$D$4:$D$488,N9,$H$4:$H$488,$AE$3)/1000 -> 0 | AF9: =+SUMIFS($E$4:$E$488,$D$4:$D$488,N9,$H$4:$H$488,$AF$3)/1000 -> 0 | AG9: =AA9-SUM(AB9:AF9) -> 0
A10: =+SUBTOTAL(3,$B$4:B10) -> 0 | B10: ='Visual chart Edit'!B13 -> 1A/5 | C10: ='Visual chart Edit'!C13 -> DA+0 | D10: Mandai | E10: ='Visual chart Edit'!I13 -> 431.9 | F10: ='Visual chart Edit'!K13 -> DRY | G10: ='Visual chart Edit'!L13 -> E | H10: C | I10: C | J10: C | K10: C | N10: Bisoo Khurd | O10: =+SUM(P10:S10) -> 13 | P10: =+COUNTIFS($D$4:$D$488,N10,$F$4:$F$488,"sandy")+COUNTIFS($D$4:$D$488,N10,$F$4:$F$488,"Dry")+COUNTIFS($D$4:$D$488,N10,$F$4:$F$488,"DFR")+COUNTIFS($D$4:$D$488,N10,$F$4:$F$488,"WFR")+COUNTIFS($D$4:$D$488,N10,$F$4:$F$488,"SFR") -> 13 | Q10: =+COUNTIFS($D$4:$D$488,N10,$F$4:$F$488,"WIP") -> 0 | R10: =+COUNTIFS($D$4:$D$488,N10,$F$4:$F$488,"Clear") -> 0 | S10: =+COUNTIFS($D$4:$D$488,N10,$F$4:$F$488,"ROW") -> 0 | T10: =+SUM(U10:Y10) -> 13 | U10: =+COUNTIFS($D$4:$D$488,N10,$G$4:$G$488,"E") -> 13 | V10: =+COUNTIFS($D$4:$D$488,N10,$G$4:$G$488,"WIP") -> 0 | W10: =+COUNTIFS($D$4:$D$488,N10,$G$4:$G$488,"Clear") -> 0 | X10: =+COUNTIFS($D$4:$D$488,N10,$G$4:$G$488,"ROW") -> 0 | Y10: =O10-X10-U10-W10-V10 -> 0 | Z10: =T10-U10 -> 0 | AA10: =+SUMIFS($E$4:$E$488,$D$4:$D$488,N10)/1000 -> 5.1285 | AB10: =+SUMIFS($E$4:$E$488,$D$4:$D$488,N10,$H$4:$H$488,$AB$3)/1000 -> 2.0732 | AC10: =+SUMIFS($E$4:$E$488,$D$4:$D$488,N10,$H$4:$H$488,$AC$3)/1000 -> 0 | AD10: =+SUMIFS($E$4:$E$488,$D$4:$D$488,N10,$H$4:$H$488,$AD$3)/1000 -> 0 | AE10: =+SUMIFS($E$4:$E$488,$D$4:$D$488,N10,$H$4:$H$488,$AE$3)/1000 -> 0 | AF10: =+SUMIFS($E$4:$E$488,$D$4:$D$488,N10,$H$4:$H$488,$AF$3)/1000 -> 0 | AG10: =AA10-SUM(AB10:AF10) -> 3.0553
A11: =+SUBTOTAL(3,$B$4:B11) -> 0 | B11: ='Visual chart Edit'!B14 -> 1A/6 | C11: ='Visual chart Edit'!C14 -> DA+0 | D11: Mandai | E11: ='Visual chart Edit'!I14 -> 348.7 | F11: ='Visual chart Edit'!K14 -> Sandy | G11: ='Visual chart Edit'!L14 -> E | H11: C | I11: C | J11: C | K11: C | N11: Bhiyad | O11: =+SUM(P11:S11) -> 38 | P11: =+COUNTIFS($D$4:$D$488,N11,$F$4:$F$488,"sandy")+COUNTIFS($D$4:$D$488,N11,$F$4:$F$488,"Dry")+COUNTIFS($D$4:$D$488,N11,$F$4:$F$488,"DFR")+COUNTIFS($D$4:$D$488,N11,$F$4:$F$488,"WFR")+COUNTIFS($D$4:$D$488,N11,$F$4:$F$488,"SFR") -> 38 | Q11: =+COUNTIFS($D$4:$D$488,N11,$F$4:$F$488,"WIP") -> 0 | R11: =+COUNTIFS($D$4:$D$488,N11,$F$4:$F$488,"Clear") -> 0 | S11: =+COUNTIFS($D$4:$D$488,N11,$F$4:$F$488,"ROW") -> 0 | T11: =+SUM(U11:Y11) -> 38 | U11: =+COUNTIFS($D$4:$D$488,N11,$G$4:$G$488,"E") -> 38 | V11: =+COUNTIFS($D$4:$D$488,N11,$G$4:$G$488,"WIP") -> 0 | W11: =+COUNTIFS($D$4:$D$488,N11,$G$4:$G$488,"Clear") -> 0 | X11: =+COUNTIFS($D$4:$D$488,N11,$G$4:$G$488,"ROW") -> 0 | Y11: =O11-X11-U11-W11-V11 -> 0 | Z11: =T11-U11 -> 0 | AA11: =+SUMIFS($E$4:$E$488,$D$4:$D$488,N11)/1000 -> 15.03192 | AB11: =+SUMIFS($E$4:$E$488,$D$4:$D$488,N11,$H$4:$H$488,$AB$3)/1000 -> 0.3814 | AC11: =+SUMIFS($E$4:$E$488,$D$4:$D$488,N11,$H$4:$H$488,$AC$3)/1000 -> 2.2899 | AD11: =+SUMIFS($E$4:$E$488,$D$4:$D$488,N11,$H$4:$H$488,$AD$3)/1000 -> 0 | AE11: =+SUMIFS($E$4:$E$488,$D$4:$D$488,N11,$H$4:$H$488,$AE$3)/1000 -> 0 | AF11: =+SUMIFS($E$4:$E$488,$D$4:$D$488,N11,$H$4:$H$488,$AF$3)/1000 -> 0 | AG11: =AA11-SUM(AB11:AF11) -> 12.36062
A12: =+SUBTOTAL(3,$B$4:B12) -> 0 | B12: ='Visual chart Edit'!B15 -> 1A/7 | C12: ='Visual chart Edit'!C15 -> DA+3 | D12: Mandai | E12: ='Visual chart Edit'!I15 -> 395.7 | F12: ='Visual chart Edit'!K15 -> Sandy | G12: ='Visual chart Edit'!L15 -> E | H12: C | I12: C | J12: C | K12: C | N12: Kashmir | O12: =+SUM(P12:S12) -> 29 | P12: =+COUNTIFS($D$4:$D$488,N12,$F$4:$F$488,"sandy")+COUNTIFS($D$4:$D$488,N12,$F$4:$F$488,"Dry")+COUNTIFS($D$4:$D$488,N12,$F$4:$F$488,"DFR")+COUNTIFS($D$4:$D$488,N12,$F$4:$F$488,"WFR")+COUNTIFS($D$4:$D$488,N12,$F$4:$F$488,"SFR") -> 29 | Q12: =+COUNTIFS($D$4:$D$488,N12,$F$4:$F$488,"WIP") -> 0 | R12: =+COUNTIFS($D$4:$D$488,N12,$F$4:$F$488,"Clear") -> 0 | S12: =+COUNTIFS($D$4:$D$488,N12,$F$4:$F$488,"ROW") -> 0 | T12: =+SUM(U12:Y12) -> 29 | U12: =+COUNTIFS($D$4:$D$488,N12,$G$4:$G$488,"E") -> 21 | V12: =+COUNTIFS($D$4:$D$488,N12,$G$4:$G$488,"WIP") -> 2 | W12: =+COUNTIFS($D$4:$D$488,N12,$G$4:$G$488,"Clear") -> 0 | X12: =+COUNTIFS($D$4:$D$488,N12,$G$4:$G$488,"ROW") -> 6 | Y12: =O12-X12-U12-W12-V12 -> 0 | Z12: =T12-U12 -> 8 | AA12: =+SUMIFS($E$4:$E$488,$D$4:$D$488,N12)/1000 -> 11.512 | AB12: =+SUMIFS($E$4:$E$488,$D$4:$D$488,N12,$H$4:$H$488,$AB$3)/1000 -> 0 | AC12: =+SUMIFS($E$4:$E$488,$D$4:$D$488,N12,$H$4:$H$488,$AC$3)/1000 -> 0 | AD12: =+SUMIFS($E$4:$E$488,$D$4:$D$488,N12,$H$4:$H$488,$AD$3)/1000 -> 0 | AE12: =+SUMIFS($E$4:$E$488,$D$4:$D$488,N12,$H$4:$H$488,$AE$3)/1000 -> 0 | AF12: =+SUMIFS($E$4:$E$488,$D$4:$D$488,N12,$H$4:$H$488,$AF$3)/1000 -> 0 | AG12: =AA12-SUM(AB12:AF12) -> 11.512
A13: =+SUBTOTAL(3,$B$4:B13) -> 0 | B13: ='Visual chart Edit'!B16 -> 1A/8 | C13: ='Visual chart Edit'!C16 -> DA+0 | D13: Mandai | E13: ='Visual chart Edit'!I16 -> 415 | F13: ='Visual chart Edit'!K16 -> Sandy | G13: ='Visual chart Edit'!L16 -> E | H13: C | I13: C | J13: C | K13: C | N13: Rateu | O13: =+SUM(P13:S13) -> 35 | P13: =+COUNTIFS($D$4:$D$488,N13,$F$4:$F$488,"sandy")+COUNTIFS($D$4:$D$488,N13,$F$4:$F$488,"Dry")+COUNTIFS($D$4:$D$488,N13,$F$4:$F$488,"DFR")+COUNTIFS($D$4:$D$488,N13,$F$4:$F$488,"WFR")+COUNTIFS($D$4:$D$488,N13,$F$4:$F$488,"SFR") -> 35 | Q13: =+COUNTIFS($D$4:$D$488,N13,$F$4:$F$488,"WIP") -> 0 | R13: =+COUNTIFS($D$4:$D$488,N13,$F$4:$F$488,"Clear") -> 0 | S13: =+COUNTIFS($D$4:$D$488,N13,$F$4:$F$488,"ROW") -> 0 | T13: =+SUM(U13:Y13) -> 35 | U13: =+COUNTIFS($D$4:$D$488,N13,$G$4:$G$488,"E") -> 33 | V13: =+COUNTIFS($D$4:$D$488,N13,$G$4:$G$488,"WIP") -> 0 | W13: =+COUNTIFS($D$4:$D$488,N13,$G$4:$G$488,"Clear") -> 0 | X13: =+COUNTIFS($D$4:$D$488,N13,$G$4:$G$488,"ROW") -> 2 | Y13: =O13-X13-U13-W13-V13 -> 0 | Z13: =T13-U13 -> 2 | AA13: =+SUMIFS($E$4:$E$488,$D$4:$D$488,N13)/1000 -> 13.7801 | AB13: =+SUMIFS($E$4:$E$488,$D$4:$D$488,N13,$H$4:$H$488,$AB$3)/1000 -> 0 | AC13: =+SUMIFS($E$4:$E$488,$D$4:$D$488,N13,$H$4:$H$488,$AC$3)/1000 -> 0 | AD13: =+SUMIFS($E$4:$E$488,$D$4:$D$488,N13,$H$4:$H$488,$AD$3)/1000 -> 0 | AE13: =+SUMIFS($E$4:$E$488,$D$4:$D$488,N13,$H$4:$H$488,$AE$3)/1000 -> 0 | AF13: =+SUMIFS($E$4:$E$488,$D$4:$D$488,N13,$H$4:$H$488,$AF$3)/1000 -> 0 | AG13: =AA13-SUM(AB13:AF13) -> 13.7801
A14: =+SUBTOTAL(3,$B$4:B14) -> 0 | B14: ='Visual chart Edit'!B17 -> 2/0 | C14: ='Visual chart Edit'!C17 -> DC1+0 | D14: Mandai | E14: ='Visual chart Edit'!I17 -> 394.3 | F14: ='Visual chart Edit'!K17 -> DRY | G14: ='Visual chart Edit'!L17 -> E | H14: C | I14: C | K14: C | L14: C | N14: Sawau Moolraj | O14: =+SUM(P14:S14) -> 23 | P14: =+COUNTIFS($D$4:$D$488,N14,$F$4:$F$488,"sandy")+COUNTIFS($D$4:$D$488,N14,$F$4:$F$488,"Dry")+COUNTIFS($D$4:$D$488,N14,$F$4:$F$488,"DFR")+COUNTIFS($D$4:$D$488,N14,$F$4:$F$488,"WFR")+COUNTIFS($D$4:$D$488,N14,$F$4:$F$488,"SFR") -> 23 | Q14: =+COUNTIFS($D$4:$D$488,N14,$F$4:$F$488,"WIP") -> 0 | R14: =+COUNTIFS($D$4:$D$488,N14,$F$4:$F$488,"Clear") -> 0 | S14: =+COUNTIFS($D$4:$D$488,N14,$F$4:$F$488,"ROW") -> 0 | T14: =+SUM(U14:Y14) -> 23 | U14: =+COUNTIFS($D$4:$D$488,N14,$G$4:$G$488,"E") -> 23 | V14: =+COUNTIFS($D$4:$D$488,N14,$G$4:$G$488,"WIP") -> 0 | W14: =+COUNTIFS($D$4:$D$488,N14,$G$4:$G$488,"Clear") -> 0 | X14: =+COUNTIFS($D$4:$D$488,N14,$G$4:$G$488,"ROW") -> 0 | Y14: =O14-X14-U14-W14-V14 -> 0 | Z14: =T14-U14 -> 0 | AA14: =+SUMIFS($E$4:$E$488,$D$4:$D$488,N14)/1000 -> 9.072 | AB14: =+SUMIFS($E$4:$E$488,$D$4:$D$488,N14,$H$4:$H$488,$AB$3)/1000 -> 0 | AC14: =+SUMIFS($E$4:$E$488,$D$4:$D$488,N14,$H$4:$H$488,$AC$3)/1000 -> 0 | AD14: =+SUMIFS($E$4:$E$488,$D$4:$D$488,N14,$H$4:$H$488,$AD$3)/1000 -> 0 | AE14: =+SUMIFS($E$4:$E$488,$D$4:$D$488,N14,$H$4:$H$488,$AE$3)/1000 -> 0 | AF14: =+SUMIFS($E$4:$E$488,$D$4:$D$488,N14,$H$4:$H$488,$AF$3)/1000 -> 0 | AG14: =AA14-SUM(AB14:AF14) -> 9.072
A15: =+SUBTOTAL(3,$B$4:B15) -> 0 | B15: ='Visual chart Edit'!B18 -> 2/1 | C15: ='Visual chart Edit'!C18 -> DA+3 | D15: Mandai | E15: ='Visual chart Edit'!I18 -> 405.3 | F15: ='Visual chart Edit'!K18 -> Sandy | G15: ='Visual chart Edit'!L18 -> E | H15: C | I15: C | J15: C | K15: C | N15: Neemba Ki Dhani | O15: =+SUM(P15:S15) -> 23 | P15: =+COUNTIFS($D$4:$D$488,N15,$F$4:$F$488,"sandy")+COUNTIFS($D$4:$D$488,N15,$F$4:$F$488,"Dry")+COUNTIFS($D$4:$D$488,N15,$F$4:$F$488,"DFR")+COUNTIFS($D$4:$D$488,N15,$F$4:$F$488,"WFR")+COUNTIFS($D$4:$D$488,N15,$F$4:$F$488,"SFR") -> 23 | Q15: =+COUNTIFS($D$4:$D$488,N15,$F$4:$F$488,"WIP") -> 0 | R15: =+COUNTIFS($D$4:$D$488,N15,$F$4:$F$488,"Clear") -> 0 | S15: =+COUNTIFS($D$4:$D$488,N15,$F$4:$F$488,"ROW") -> 0 | T15: =+SUM(U15:Y15) -> 23 | U15: =+COUNTIFS($D$4:$D$488,N15,$G$4:$G$488,"E") -> 23 | V15: =+COUNTIFS($D$4:$D$488,N15,$G$4:$G$488,"WIP") -> 0 | W15: =+COUNTIFS($D$4:$D$488,N15,$G$4:$G$488,"Clear") -> 0 | X15: =+COUNTIFS($D$4:$D$488,N15,$G$4:$G$488,"ROW") -> 0 | Y15: =O15-X15-U15-W15-V15 -> 0 | Z15: =T15-U15 -> 0 | AA15: =+SUMIFS($E$4:$E$488,$D$4:$D$488,N15)/1000 -> 9.1431 | AB15: =+SUMIFS($E$4:$E$488,$D$4:$D$488,N15,$H$4:$H$488,$AB$3)/1000 -> 0 | AC15: =+SUMIFS($E$4:$E$488,$D$4:$D$488,N15,$H$4:$H$488,$AC$3)/1000 -> 0 | AD15: =+SUMIFS($E$4:$E$488,$D$4:$D$488,N15,$H$4:$H$488,$AD$3)/1000 -> 0 | AE15: =+SUMIFS($E$4:$E$488,$D$4:$D$488,N15,$H$4:$H$488,$AE$3)/1000 -> 0 | AF15: =+SUMIFS($E$4:$E$488,$D$4:$D$488,N15,$H$4:$H$488,$AF$3)/1000 -> 0 | AG15: =AA15-SUM(AB15:AF15) -> 9.1431
A16: =+SUBTOTAL(3,$B$4:B16) -> 0 | B16: ='Visual chart Edit'!B19 -> 2/2 | C16: ='Visual chart Edit'!C19 -> DA+3 | D16: Mandai | E16: ='Visual chart Edit'!I19 -> 338.5 | F16: ='Visual chart Edit'!K19 -> Sandy | G16: ='Visual chart Edit'!L19 -> E | H16: C | I16: C | J16: C | K16: C | M16: 33 KV SHUTDOWN, GANG IDLING SINCE 11.09.2025. | N16: Danpura | O16: =+SUM(P16:S16) -> 13 | P16: =+COUNTIFS($D$4:$D$488,N16,$F$4:$F$488,"sandy")+COUNTIFS($D$4:$D$488,N16,$F$4:$F$488,"Dry")+COUNTIFS($D$4:$D$488,N16,$F$4:$F$488,"DFR")+COUNTIFS($D$4:$D$488,N16,$F$4:$F$488,"WFR")+COUNTIFS($D$4:$D$488,N16,$F$4:$F$488,"SFR") -> 13 | Q16: =+COUNTIFS($D$4:$D$488,N16,$F$4:$F$488,"WIP") -> 0 | R16: =+COUNTIFS($D$4:$D$488,N16,$F$4:$F$488,"Clear") -> 0 | S16: =+COUNTIFS($D$4:$D$488,N16,$F$4:$F$488,"ROW") -> 0 | T16: =+SUM(U16:Y16) -> 13 | U16: =+COUNTIFS($D$4:$D$488,N16,$G$4:$G$488,"E") -> 13 | V16: =+COUNTIFS($D$4:$D$488,N16,$G$4:$G$488,"WIP") -> 0 | W16: =+COUNTIFS($D$4:$D$488,N16,$G$4:$G$488,"Clear") -> 0 | X16: =+COUNTIFS($D$4:$D$488,N16,$G$4:$G$488,"ROW") -> 0 | Y16: =O16-X16-U16-W16-V16 -> 0 | Z16: =T16-U16 -> 0 | AA16: =+SUMIFS($E$4:$E$488,$D$4:$D$488,N16)/1000 -> 5.298548 | AB16: =+SUMIFS($E$4:$E$488,$D$4:$D$488,N16,$H$4:$H$488,$AB$3)/1000 -> 0 | AC16: =+SUMIFS($E$4:$E$488,$D$4:$D$488,N16,$H$4:$H$488,$AC$3)/1000 -> 0 | AD16: =+SUMIFS($E$4:$E$488,$D$4:$D$488,N16,$H$4:$H$488,$AD$3)/1000 -> 0 | AE16: =+SUMIFS($E$4:$E$488,$D$4:$D$488,N16,$H$4:$H$488,$AE$3)/1000 -> 0 | AF16: =+SUMIFS($E$4:$E$488,$D$4:$D$488,N16,$H$4:$H$488,$AF$3)/1000 -> 0 | AG16: =AA16-SUM(AB16:AF16) -> 5.298548
A17: =+SUBTOTAL(3,$B$4:B17) -> 0 | B17: ='Visual chart Edit'!B20 -> 2/3 | C17: ='Visual chart Edit'!C20 -> DA+3 | D17: Mandai | E17: ='Visual chart Edit'!I20 -> 406 | F17: ='Visual chart Edit'!K20 -> Sandy | G17: ='Visual chart Edit'!L20 -> E | H17: C | I17: C | J17: C | K17: C | N17: Rampura Kharda | O17: =+SUM(P17:S17) -> 1 | P17: =+COUNTIFS($D$4:$D$488,N17,$F$4:$F$488,"sandy")+COUNTIFS($D$4:$D$488,N17,$F$4:$F$488,"Dry")+COUNTIFS($D$4:$D$488,N17,$F$4:$F$488,"DFR")+COUNTIFS($D$4:$D$488,N17,$F$4:$F$488,"WFR")+COUNTIFS($D$4:$D$488,N17,$F$4:$F$488,"SFR") -> 1 | Q17: =+COUNTIFS($D$4:$D$488,N17,$F$4:$F$488,"WIP") -> 0 | R17: =+COUNTIFS($D$4:$D$488,N17,$F$4:$F$488,"Clear") -> 0 | S17: =+COUNTIFS($D$4:$D$488,N17,$F$4:$F$488,"ROW") -> 0 | T17: =+SUM(U17:Y17) -> 1 | U17: =+COUNTIFS($D$4:$D$488,N17,$G$4:$G$488,"E") -> 1 | V17: =+COUNTIFS($D$4:$D$488,N17,$G$4:$G$488,"WIP") -> 0 | W17: =+COUNTIFS($D$4:$D$488,N17,$G$4:$G$488,"Clear") -> 0 | X17: =+COUNTIFS($D$4:$D$488,N17,$G$4:$G$488,"ROW") -> 0 | Y17: =O17-X17-U17-W17-V17 -> 0 | Z17: =T17-U17 -> 0 | AA17: =+SUMIFS($E$4:$E$488,$D$4:$D$488,N17)/1000 -> 0.4017 | AB17: =+SUMIFS($E$4:$E$488,$D$4:$D$488,N17,$H$4:$H$488,$AB$3)/1000 -> 0 | AC17: =+SUMIFS($E$4:$E$488,$D$4:$D$488,N17,$H$4:$H$488,$AC$3)/1000 -> 0 | AD17: =+SUMIFS($E$4:$E$488,$D$4:$D$488,N17,$H$4:$H$488,$AD$3)/1000 -> 0 | AE17: =+SUMIFS($E$4:$E$488,$D$4:$D$488,N17,$H$4:$H$488,$AE$3)/1000 -> 0 | AF17: =+SUMIFS($E$4:$E$488,$D$4:$D$488,N17,$H$4:$H$488,$AF$3)/1000 -> 0 | AG17: =AA17-SUM(AB17:AF17) -> 0.4017
A18: =+SUBTOTAL(3,$B$4:B18) -> 0 | B18: ='Visual chart Edit'!B21 -> 2/4 | C18: ='Visual chart Edit'!C21 -> DA+3 | D18: Mandai | E18: ='Visual chart Edit'!I21 -> 429 | F18: ='Visual chart Edit'!K21 -> Sandy | G18: ='Visual chart Edit'!L21 -> E | H18: C | I18: C | J18: C | K18: C | N18: Manpura Kharda | O18: =+SUM(P18:S18) -> 2 | P18: =+COUNTIFS($D$4:$D$488,N18,$F$4:$F$488,"sandy")+COUNTIFS($D$4:$D$488,N18,$F$4:$F$488,"Dry")+COUNTIFS($D$4:$D$488,N18,$F$4:$F$488,"DFR")+COUNTIFS($D$4:$D$488,N18,$F$4:$F$488,"WFR")+COUNTIFS($D$4:$D$488,N18,$F$4:$F$488,"SFR") -> 2 | Q18: =+COUNTIFS($D$4:$D$488,N18,$F$4:$F$488,"WIP") -> 0 | R18: =+COUNTIFS($D$4:$D$488,N18,$F$4:$F$488,"Clear") -> 0 | S18: =+COUNTIFS($D$4:$D$488,N18,$F$4:$F$488,"ROW") -> 0 | T18: =+SUM(U18:Y18) -> 2 | U18: =+COUNTIFS($D$4:$D$488,N18,$G$4:$G$488,"E") -> 2 | V18: =+COUNTIFS($D$4:$D$488,N18,$G$4:$G$488,"WIP") -> 0 | W18: =+COUNTIFS($D$4:$D$488,N18,$G$4:$G$488,"Clear") -> 0 | X18: =+COUNTIFS($D$4:$D$488,N18,$G$4:$G$488,"ROW") -> 0 | Y18: =O18-X18-U18-W18-V18 -> 0 | Z18: =T18-U18 -> 0 | AA18: =+SUMIFS($E$4:$E$488,$D$4:$D$488,N18)/1000 -> 0.7771 | AB18: =+SUMIFS($E$4:$E$488,$D$4:$D$488,N18,$H$4:$H$488,$AB$3)/1000 -> 0 | AC18: =+SUMIFS($E$4:$E$488,$D$4:$D$488,N18,$H$4:$H$488,$AC$3)/1000 -> 0 | AD18: =+SUMIFS($E$4:$E$488,$D$4:$D$488,N18,$H$4:$H$488,$AD$3)/1000 -> 0 | AE18: =+SUMIFS($E$4:$E$488,$D$4:$D$488,N18,$H$4:$H$488,$AE$3)/1000 -> 0 | AF18: =+SUMIFS($E$4:$E$488,$D$4:$D$488,N18,$H$4:$H$488,$AF$3)/1000 -> 0 | AG18: =AA18-SUM(AB18:AF18) -> 0.7771
A19: =+SUBTOTAL(3,$B$4:B19) -> 0 | B19: ='Visual chart Edit'!B22 -> 2/5 | C19: ='Visual chart Edit'!C22 -> DA+3 | D19: Mandai | E19: ='Visual chart Edit'!I22 -> 411.6 | F19: ='Visual chart Edit'!K22 -> Sandy | G19: ='Visual chart Edit'!L22 -> E | H19: C | I19: C | J19: C | K19: C | N19: Kharda Charnan | O19: =+SUM(P19:S19) -> 9 | P19: =+COUNTIFS($D$4:$D$488,N19,$F$4:$F$488,"sandy")+COUNTIFS($D$4:$D$488,N19,$F$4:$F$488,"Dry")+COUNTIFS($D$4:$D$488,N19,$F$4:$F$488,"DFR")+COUNTIFS($D$4:$D$488,N19,$F$4:$F$488,"WFR")+COUNTIFS($D$4:$D$488,N19,$F$4:$F$488,"SFR") -> 9 | Q19: =+COUNTIFS($D$4:$D$488,N19,$F$4:$F$488,"WIP") -> 0 | R19: =+COUNTIFS($D$4:$D$488,N19,$F$4:$F$488,"Clear") -> 0 | S19: =+COUNTIFS($D$4:$D$488,N19,$F$4:$F$488,"ROW") -> 0 | T19: =+SUM(U19:Y19) -> 9 | U19: =+COUNTIFS($D$4:$D$488,N19,$G$4:$G$488,"E") -> 9 | V19: =+COUNTIFS($D$4:$D$488,N19,$G$4:$G$488,"WIP") -> 0 | W19: =+COUNTIFS($D$4:$D$488,N19,$G$4:$G$488,"Clear") -> 0 | X19: =+COUNTIFS($D$4:$D$488,N19,$G$4:$G$488,"ROW") -> 0 | Y19: =O19-X19-U19-W19-V19 -> 0 | Z19: =T19-U19 -> 0 | AA19: =+SUMIFS($E$4:$E$488,$D$4:$D$488,N19)/1000 -> 3.4972 | AB19: =+SUMIFS($E$4:$E$488,$D$4:$D$488,N19,$H$4:$H$488,$AB$3)/1000 -> 0 | AC19: =+SUMIFS($E$4:$E$488,$D$4:$D$488,N19,$H$4:$H$488,$AC$3)/1000 -> 0.4039 | AD19: =+SUMIFS($E$4:$E$488,$D$4:$D$488,N19,$H$4:$H$488,$AD$3)/1000 -> 0 | AE19: =+SUMIFS($E$4:$E$488,$D$4:$D$488,N19,$H$4:$H$488,$AE$3)/1000 -> 0 | AF19: =+SUMIFS($E$4:$E$488,$D$4:$D$488,N19,$H$4:$H$488,$AF$3)/1000 -> 0 | AG19: =AA19-SUM(AB19:AF19) -> 3.0933
A20: =+SUBTOTAL(3,$B$4:B20) -> 0 | B20: ='Visual chart Edit'!B23 -> 2/6 | C20: ='Visual chart Edit'!C23 -> DA+3 | D20: Harwa | E20: ='Visual chart Edit'!I23 -> 425.7 | F20: ='Visual chart Edit'!K23 -> Sandy | G20: ='Visual chart Edit'!L23 -> E | H20: C | I20: C | J20: C | K20: C | N20: Beniwalon Ki Dhani | O20: =+SUM(P20:S20) -> 6 | P20: =+COUNTIFS($D$4:$D$488,N20,$F$4:$F$488,"sandy")+COUNTIFS($D$4:$D$488,N20,$F$4:$F$488,"Dry")+COUNTIFS($D$4:$D$488,N20,$F$4:$F$488,"DFR")+COUNTIFS($D$4:$D$488,N20,$F$4:$F$488,"WFR")+COUNTIFS($D$4:$D$488,N20,$F$4:$F$488,"SFR") -> 6 | Q20: =+COUNTIFS($D$4:$D$488,N20,$F$4:$F$488,"WIP") -> 0 | R20: =+COUNTIFS($D$4:$D$488,N20,$F$4:$F$488,"Clear") -> 0 | S20: =+COUNTIFS($D$4:$D$488,N20,$F$4:$F$488,"ROW") -> 0 | T20: =+SUM(U20:Y20) -> 6 | U20: =+COUNTIFS($D$4:$D$488,N20,$G$4:$G$488,"E") -> 6 | V20: =+COUNTIFS($D$4:$D$488,N20,$G$4:$G$488,"WIP") -> 0 | W20: =+COUNTIFS($D$4:$D$488,N20,$G$4:$G$488,"Clear") -> 0 | X20: =+COUNTIFS($D$4:$D$488,N20,$G$4:$G$488,"ROW") -> 0 | Y20: =O20-X20-U20-W20-V20 -> 0 | Z20: =T20-U20 -> 0 | AA20: =+SUMIFS($E$4:$E$488,$D$4:$D$488,N20)/1000 -> 2.4504 | AB20: =+SUMIFS($E$4:$E$488,$D$4:$D$488,N20,$H$4:$H$488,$AB$3)/1000 -> 0 | AC20: =+SUMIFS($E$4:$E$488,$D$4:$D$488,N20,$H$4:$H$488,$AC$3)/1000 -> 2.4504 | AD20: =+SUMIFS($E$4:$E$488,$D$4:$D$488,N20,$H$4:$H$488,$AD$3)/1000 -> 0 | AE20: =+SUMIFS($E$4:$E$488,$D$4:$D$488,N20,$H$4:$H$488,$AE$3)/1000 -> 0 | AF20: =+SUMIFS($E$4:$E$488,$D$4:$D$488,N20,$H$4:$H$488,$AF$3)/1000 -> 0 | AG20: =AA20-SUM(AB20:AF20) -> 0
A21: =+SUBTOTAL(3,$B$4:B21) -> 0 | B21: ='Visual chart Edit'!B24 -> 2/7 | C21: ='Visual chart Edit'!C24 -> DA+3 | D21: Harwa | E21: ='Visual chart Edit'!I24 -> 408.2 | F21: ='Visual chart Edit'!K24 -> Sandy | G21: ='Visual chart Edit'!L24 -> E | H21: C | I21: C | J21: C | K21: C | N21: Pareu | O21: =+SUM(P21:S21) -> 4 | P21: =+COUNTIFS($D$4:$D$488,N21,$F$4:$F$488,"sandy")+COUNTIFS($D$4:$D$488,N21,$F$4:$F$488,"Dry")+COUNTIFS($D$4:$D$488,N21,$F$4:$F$488,"DFR")+COUNTIFS($D$4:$D$488,N21,$F$4:$F$488,"WFR")+COUNTIFS($D$4:$D$488,N21,$F$4:$F$488,"SFR") -> 4 | Q21: =+COUNTIFS($D$4:$D$488,N21,$F$4:$F$488,"WIP") -> 0 | R21: =+COUNTIFS($D$4:$D$488,N21,$F$4:$F$488,"Clear") -> 0 | S21: =+COUNTIFS($D$4:$D$488,N21,$F$4:$F$488,"ROW") -> 0 | T21: =+SUM(U21:Y21) -> 4 | U21: =+COUNTIFS($D$4:$D$488,N21,$G$4:$G$488,"E") -> 4 | V21: =+COUNTIFS($D$4:$D$488,N21,$G$4:$G$488,"WIP") -> 0 | W21: =+COUNTIFS($D$4:$D$488,N21,$G$4:$G$488,"Clear") -> 0 | X21: =+COUNTIFS($D$4:$D$488,N21,$G$4:$G$488,"ROW") -> 0 | Y21: =O21-X21-U21-W21-V21 -> 0 | Z21: =T21-U21 -> 0 | AA21: =+SUMIFS($E$4:$E$488,$D$4:$D$488,N21)/1000 -> 1.5736 | AB21: =+SUMIFS($E$4:$E$488,$D$4:$D$488,N21,$H$4:$H$488,$AB$3)/1000 -> 0 | AC21: =+SUMIFS($E$4:$E$488,$D$4:$D$488,N21,$H$4:$H$488,$AC$3)/1000 -> 1.5736 | AD21: =+SUMIFS($E$4:$E$488,$D$4:$D$488,N21,$H$4:$H$488,$AD$3)/1000 -> 0 | AE21: =+SUMIFS($E$4:$E$488,$D$4:$D$488,N21,$H$4:$H$488,$AE$3)/1000 -> 0 | AF21: =+SUMIFS($E$4:$E$488,$D$4:$D$488,N21,$H$4:$H$488,$AF$3)/1000 -> 0 | AG21: =AA21-SUM(AB21:AF21) -> 0
A22: =+SUBTOTAL(3,$B$4:B22) -> 0 | B22: ='Visual chart Edit'!B25 -> 2/8 | C22: ='Visual chart Edit'!C25 -> DA+0 | D22: Harwa | E22: ='Visual chart Edit'!I25 -> 354.6 | F22: ='Visual chart Edit'!K25 -> Sandy | G22: ='Visual chart Edit'!L25 -> E | H22: C | I22: C | J22: C | K22: C | N22: Mahadeo Ka Mandir | O22: =+SUM(P22:S22) -> 7 | P22: =+COUNTIFS($D$4:$D$488,N22,$F$4:$F$488,"sandy")+COUNTIFS($D$4:$D$488,N22,$F$4:$F$488,"Dry")+COUNTIFS($D$4:$D$488,N22,$F$4:$F$488,"DFR")+COUNTIFS($D$4:$D$488,N22,$F$4:$F$488,"WFR")+COUNTIFS($D$4:$D$488,N22,$F$4:$F$488,"SFR") -> 7 | Q22: =+COUNTIFS($D$4:$D$488,N22,$F$4:$F$488,"WIP") -> 0 | R22: =+COUNTIFS($D$4:$D$488,N22,$F$4:$F$488,"Clear") -> 0 | S22: =+COUNTIFS($D$4:$D$488,N22,$F$4:$F$488,"ROW") -> 0 | T22: =+SUM(U22:Y22) -> 7 | U22: =+COUNTIFS($D$4:$D$488,N22,$G$4:$G$488,"E") -> 7 | V22: =+COUNTIFS($D$4:$D$488,N22,$G$4:$G$488,"WIP") -> 0 | W22: =+COUNTIFS($D$4:$D$488,N22,$G$4:$G$488,"Clear") -> 0 | X22: =+COUNTIFS($D$4:$D$488,N22,$G$4:$G$488,"ROW") -> 0 | Y22: =O22-X22-U22-W22-V22 -> 0 | Z22: =T22-U22 -> 0 | AA22: =+SUMIFS($E$4:$E$488,$D$4:$D$488,N22)/1000 -> 2.656 | AB22: =+SUMIFS($E$4:$E$488,$D$4:$D$488,N22,$H$4:$H$488,$AB$3)/1000 -> 2.2112 | AC22: =+SUMIFS($E$4:$E$488,$D$4:$D$488,N22,$H$4:$H$488,$AC$3)/1000 -> 0.4448 | AD22: =+SUMIFS($E$4:$E$488,$D$4:$D$488,N22,$H$4:$H$488,$AD$3)/1000 -> 0 | AE22: =+SUMIFS($E$4:$E$488,$D$4:$D$488,N22,$H$4:$H$488,$AE$3)/1000 -> 0 | AF22: =+SUMIFS($E$4:$E$488,$D$4:$D$488,N22,$H$4:$H$488,$AF$3)/1000 -> 0 | AG22: =AA22-SUM(AB22:AF22) -> 0
A23: =+SUBTOTAL(3,$B$4:B23) -> 0 | B23: ='Visual chart Edit'!B26 -> 2/9 | C23: ='Visual chart Edit'!C26 -> DA+0 | D23: Harwa | E23: ='Visual chart Edit'!I26 -> 308.7 | F23: ='Visual chart Edit'!K26 -> DRY | G23: ='Visual chart Edit'!L26 -> E | H23: C | I23: C | J23: C | K23: C | N23: Chimoniyon Ki Dhani | O23: =+SUM(P23:S23) -> 8 | P23: =+COUNTIFS($D$4:$D$488,N23,$F$4:$F$488,"sandy")+COUNTIFS($D$4:$D$488,N23,$F$4:$F$488,"Dry")+COUNTIFS($D$4:$D$488,N23,$F$4:$F$488,"DFR")+COUNTIFS($D$4:$D$488,N23,$F$4:$F$488,"WFR")+COUNTIFS($D$4:$D$488,N23,$F$4:$F$488,"SFR") -> 8 | Q23: =+COUNTIFS($D$4:$D$488,N23,$F$4:$F$488,"WIP") -> 0 | R23: =+COUNTIFS($D$4:$D$488,N23,$F$4:$F$488,"Clear") -> 0 | S23: =+COUNTIFS($D$4:$D$488,N23,$F$4:$F$488,"ROW") -> 0 | T23: =+SUM(U23:Y23) -> 8 | U23: =+COUNTIFS($D$4:$D$488,N23,$G$4:$G$488,"E") -> 8 | V23: =+COUNTIFS($D$4:$D$488,N23,$G$4:$G$488,"WIP") -> 0 | W23: =+COUNTIFS($D$4:$D$488,N23,$G$4:$G$488,"Clear") -> 0 | X23: =+COUNTIFS($D$4:$D$488,N23,$G$4:$G$488,"ROW") -> 0 | Y23: =O23-X23-U23-W23-V23 -> 0 | Z23: =T23-U23 -> 0 | AA23: =+SUMIFS($E$4:$E$488,$D$4:$D$488,N23)/1000 -> 3.17012 | AB23: =+SUMIFS($E$4:$E$488,$D$4:$D$488,N23,$H$4:$H$488,$AB$3)/1000 -> 3.17012 | AC23: =+SUMIFS($E$4:$E$488,$D$4:$D$488,N23,$H$4:$H$488,$AC$3)/1000 -> 0 | AD23: =+SUMIFS($E$4:$E$488,$D$4:$D$488,N23,$H$4:$H$488,$AD$3)/1000 -> 0 | AE23: =+SUMIFS($E$4:$E$488,$D$4:$D$488,N23,$H$4:$H$488,$AE$3)/1000 -> 0 | AF23: =+SUMIFS($E$4:$E$488,$D$4:$D$488,N23,$H$4:$H$488,$AF$3)/1000 -> 0 | AG23: =AA23-SUM(AB23:AF23) -> 0
A24: =+SUBTOTAL(3,$B$4:B24) -> 0 | B24: ='Visual chart Edit'!B27 -> 3/0 | C24: ='Visual chart Edit'!C27 -> DD60+6 | D24: Harwa | E24: ='Visual chart Edit'!I27 -> 336 | F24: ='Visual chart Edit'!K27 -> DRY | G24: ='Visual chart Edit'!L27 -> E | H24: C | I24: C | K24: C | N24: Godaron Ki Dhani | O24: =+SUM(P24:S24) -> 9 | P24: =+COUNTIFS($D$4:$D$488,N24,$F$4:$F$488,"sandy")+COUNTIFS($D$4:$D$488,N24,$F$4:$F$488,"Dry")+COUNTIFS($D$4:$D$488,N24,$F$4:$F$488,"DFR")+COUNTIFS($D$4:$D$488,N24,$F$4:$F$488,"WFR")+COUNTIFS($D$4:$D$488,N24,$F$4:$F$488,"SFR") -> 9 | Q24: =+COUNTIFS($D$4:$D$488,N24,$F$4:$F$488,"WIP") -> 0 | R24: =+COUNTIFS($D$4:$D$488,N24,$F$4:$F$488,"Clear") -> 0 | S24: =+COUNTIFS($D$4:$D$488,N24,$F$4:$F$488,"ROW") -> 0 | T24: =+SUM(U24:Y24) -> 9 | U24: =+COUNTIFS($D$4:$D$488,N24,$G$4:$G$488,"E") -> 9 | V24: =+COUNTIFS($D$4:$D$488,N24,$G$4:$G$488,"WIP") -> 0 | W24: =+COUNTIFS($D$4:$D$488,N24,$G$4:$G$488,"Clear") -> 0 | X24: =+COUNTIFS($D$4:$D$488,N24,$G$4:$G$488,"ROW") -> 0 | Y24: =O24-X24-U24-W24-V24 -> 0 | Z24: =T24-U24 -> 0 | AA24: =+SUMIFS($E$4:$E$488,$D$4:$D$488,N24)/1000 -> 3.45855 | AB24: =+SUMIFS($E$4:$E$488,$D$4:$D$488,N24,$H$4:$H$488,$AB$3)/1000 -> 3.45855 | AC24: =+SUMIFS($E$4:$E$488,$D$4:$D$488,N24,$H$4:$H$488,$AC$3)/1000 -> 0 | AD24: =+SUMIFS($E$4:$E$488,$D$4:$D$488,N24,$H$4:$H$488,$AD$3)/1000 -> 0 | AE24: =+SUMIFS($E$4:$E$488,$D$4:$D$488,N24,$H$4:$H$488,$AE$3)/1000 -> 0 | AF24: =+SUMIFS($E$4:$E$488,$D$4:$D$488,N24,$H$4:$H$488,$AF$3)/1000 -> 0 | AG24: =AA24-SUM(AB24:AF24) -> 0
A25: =+SUBTOTAL(3,$B$4:B25) -> 0 | B25: ='Visual chart Edit'!B28 -> 4/0 | C25: ='Visual chart Edit'!C28 -> DD60+6 | D25: Harwa | E25: ='Visual chart Edit'!I28 -> 226.5 | F25: ='Visual chart Edit'!K28 -> DRY | G25: ='Visual chart Edit'!L28 -> E | H25: C | I25: C | K25: C | N25: Daukiyon Ki Dhani | O25: =+SUM(P25:S25) -> 4 | P25: =+COUNTIFS($D$4:$D$488,N25,$F$4:$F$488,"sandy")+COUNTIFS($D$4:$D$488,N25,$F$4:$F$488,"Dry")+COUNTIFS($D$4:$D$488,N25,$F$4:$F$488,"DFR")+COUNTIFS($D$4:$D$488,N25,$F$4:$F$488,"WFR")+COUNTIFS($D$4:$D$488,N25,$F$4:$F$488,"SFR") -> 4 | Q25: =+COUNTIFS($D$4:$D$488,N25,$F$4:$F$488,"WIP") -> 0 | R25: =+COUNTIFS($D$4:$D$488,N25,$F$4:$F$488,"Clear") -> 0 | S25: =+COUNTIFS($D$4:$D$488,N25,$F$4:$F$488,"ROW") -> 0 | T25: =+SUM(U25:Y25) -> 4 | U25: =+COUNTIFS($D$4:$D$488,N25,$G$4:$G$488,"E") -> 4 | V25: =+COUNTIFS($D$4:$D$488,N25,$G$4:$G$488,"WIP") -> 0 | W25: =+COUNTIFS($D$4:$D$488,N25,$G$4:$G$488,"Clear") -> 0 | X25: =+COUNTIFS($D$4:$D$488,N25,$G$4:$G$488,"ROW") -> 0 | Y25: =O25-X25-U25-W25-V25 -> 0 | Z25: =T25-U25 -> 0 | AA25: =+SUMIFS($E$4:$E$488,$D$4:$D$488,N25)/1000 -> 1.6246 | AB25: =+SUMIFS($E$4:$E$488,$D$4:$D$488,N25,$H$4:$H$488,$AB$3)/1000 -> 1.6246 | AC25: =+SUMIFS($E$4:$E$488,$D$4:$D$488,N25,$H$4:$H$488,$AC$3)/1000 -> 0 | AD25: =+SUMIFS($E$4:$E$488,$D$4:$D$488,N25,$H$4:$H$488,$AD$3)/1000 -> 0 | AE25: =+SUMIFS($E$4:$E$488,$D$4:$D$488,N25,$H$4:$H$488,$AE$3)/1000 -> 0 | AF25: =+SUMIFS($E$4:$E$488,$D$4:$D$488,N25,$H$4:$H$488,$AF$3)/1000 -> 0 | AG25: =AA25-SUM(AB25:AF25) -> 0
A26: =+SUBTOTAL(3,$B$4:B26) -> 0 | B26: ='Visual chart Edit'!B29 -> 4/1 | C26: ='Visual chart Edit'!C29 -> DA+0 | D26: Harwa | E26: ='Visual chart Edit'!I29 -> 343 | F26: ='Visual chart Edit'!K29 -> DRY | G26: ='Visual chart Edit'!L29 -> E | N26: Nehru Nagar | O26: =+SUM(P26:S26) -> 6 | P26: =+COUNTIFS($D$4:$D$488,N26,$F$4:$F$488,"sandy")+COUNTIFS($D$4:$D$488,N26,$F$4:$F$488,"Dry")+COUNTIFS($D$4:$D$488,N26,$F$4:$F$488,"DFR")+COUNTIFS($D$4:$D$488,N26,$F$4:$F$488,"WFR")+COUNTIFS($D$4:$D$488,N26,$F$4:$F$488,"SFR") -> 6 | Q26: =+COUNTIFS($D$4:$D$488,N26,$F$4:$F$488,"WIP") -> 0 | R26: =+COUNTIFS($D$4:$D$488,N26,$F$4:$F$488,"Clear") -> 0 | S26: =+COUNTIFS($D$4:$D$488,N26,$F$4:$F$488,"ROW") -> 0 | T26: =+SUM(U26:Y26) -> 6 | U26: =+COUNTIFS($D$4:$D$488,N26,$G$4:$G$488,"E") -> 6 | V26: =+COUNTIFS($D$4:$D$488,N26,$G$4:$G$488,"WIP") -> 0 | W26: =+COUNTIFS($D$4:$D$488,N26,$G$4:$G$488,"Clear") -> 0 | X26: =+COUNTIFS($D$4:$D$488,N26,$G$4:$G$488,"ROW") -> 0 | Y26: =O26-X26-U26-W26-V26 -> 0 | Z26: =T26-U26 -> 0 | AA26: =+SUMIFS($E$4:$E$488,$D$4:$D$488,N26)/1000 -> 2.4092 | AB26: =+SUMIFS($E$4:$E$488,$D$4:$D$488,N26,$H$4:$H$488,$AB$3)/1000 -> 2.4092 | AC26: =+SUMIFS($E$4:$E$488,$D$4:$D$488,N26,$H$4:$H$488,$AC$3)/1000 -> 0 | AD26: =+SUMIFS($E$4:$E$488,$D$4:$D$488,N26,$H$4:$H$488,$AD$3)/1000 -> 0 | AE26: =+SUMIFS($E$4:$E$488,$D$4:$D$488,N26,$H$4:$H$488,$AE$3)/1000 -> 0 | AF26: =+SUMIFS($E$4:$E$488,$D$4:$D$488,N26,$H$4:$H$488,$AF$3)/1000 -> 0 | AG26: =AA26-SUM(AB26:AF26) -> 0
A27: =+SUBTOTAL(3,$B$4:B27) -> 0 | B27: ='Visual chart Edit'!B30 -> 4/2 | C27: ='Visual chart Edit'!C30 -> DA+0 | D27: Harwa | E27: ='Visual chart Edit'!I30 -> 358.4 | F27: ='Visual chart Edit'!K30 -> DRY | G27: ='Visual chart Edit'!L30 -> E | N27: Nematpura | O27: =+SUM(P27:S27) -> 7 | P27: =+COUNTIFS($D$4:$D$488,N27,$F$4:$F$488,"sandy")+COUNTIFS($D$4:$D$488,N27,$F$4:$F$488,"Dry")+COUNTIFS($D$4:$D$488,N27,$F$4:$F$488,"DFR")+COUNTIFS($D$4:$D$488,N27,$F$4:$F$488,"WFR")+COUNTIFS($D$4:$D$488,N27,$F$4:$F$488,"SFR") -> 7 | Q27: =+COUNTIFS($D$4:$D$488,N27,$F$4:$F$488,"WIP") -> 0 | R27: =+COUNTIFS($D$4:$D$488,N27,$F$4:$F$488,"Clear") -> 0 | S27: =+COUNTIFS($D$4:$D$488,N27,$F$4:$F$488,"ROW") -> 0 | T27: =+SUM(U27:Y27) -> 7 | U27: =+COUNTIFS($D$4:$D$488,N27,$G$4:$G$488,"E") -> 7 | V27: =+COUNTIFS($D$4:$D$488,N27,$G$4:$G$488,"WIP") -> 0 | W27: =+COUNTIFS($D$4:$D$488,N27,$G$4:$G$488,"Clear") -> 0 | X27: =+COUNTIFS($D$4:$D$488,N27,$G$4:$G$488,"ROW") -> 0 | Y27: =O27-X27-U27-W27-V27 -> 0 | Z27: =T27-U27 -> 0 | AA27: =+SUMIFS($E$4:$E$488,$D$4:$D$488,N27)/1000 -> 2.9564 | AB27: =+SUMIFS($E$4:$E$488,$D$4:$D$488,N27,$H$4:$H$488,$AB$3)/1000 -> 2.9564 | AC27: =+SUMIFS($E$4:$E$488,$D$4:$D$488,N27,$H$4:$H$488,$AC$3)/1000 -> 0 | AD27: =+SUMIFS($E$4:$E$488,$D$4:$D$488,N27,$H$4:$H$488,$AD$3)/1000 -> 0 | AE27: =+SUMIFS($E$4:$E$488,$D$4:$D$488,N27,$H$4:$H$488,$AE$3)/1000 -> 0 | AF27: =+SUMIFS($E$4:$E$488,$D$4:$D$488,N27,$H$4:$H$488,$AF$3)/1000 -> 0 | AG27: =AA27-SUM(AB27:AF27) -> 0
A28: =+SUBTOTAL(3,$B$4:B28) -> 0 | B28: ='Visual chart Edit'!B31 -> 4/3 | C28: ='Visual chart Edit'!C31 -> DA+0 | D28: Harwa | E28: ='Visual chart Edit'!I31 -> 381 | F28: ='Visual chart Edit'!K31 -> DRY | G28: ='Visual chart Edit'!L31 -> E | N28: Gangapura | O28: =+SUM(P28:S28) -> 4 | P28: =+COUNTIFS($D$4:$D$488,N28,$F$4:$F$488,"sandy")+COUNTIFS($D$4:$D$488,N28,$F$4:$F$488,"Dry")+COUNTIFS($D$4:$D$488,N28,$F$4:$F$488,"DFR")+COUNTIFS($D$4:$D$488,N28,$F$4:$F$488,"WFR")+COUNTIFS($D$4:$D$488,N28,$F$4:$F$488,"SFR") -> 4 | Q28: =+COUNTIFS($D$4:$D$488,N28,$F$4:$F$488,"WIP") -> 0 | R28: =+COUNTIFS($D$4:$D$488,N28,$F$4:$F$488,"Clear") -> 0 | S28: =+COUNTIFS($D$4:$D$488,N28,$F$4:$F$488,"ROW") -> 0 | T28: =+SUM(U28:Y28) -> 4 | U28: =+COUNTIFS($D$4:$D$488,N28,$G$4:$G$488,"E") -> 4 | V28: =+COUNTIFS($D$4:$D$488,N28,$G$4:$G$488,"WIP") -> 0 | W28: =+COUNTIFS($D$4:$D$488,N28,$G$4:$G$488,"Clear") -> 0 | X28: =+COUNTIFS($D$4:$D$488,N28,$G$4:$G$488,"ROW") -> 0 | Y28: =O28-X28-U28-W28-V28 -> 0 | Z28: =T28-U28 -> 0 | AA28: =+SUMIFS($E$4:$E$488,$D$4:$D$488,N28)/1000 -> 1.6321 | AB28: =+SUMIFS($E$4:$E$488,$D$4:$D$488,N28,$H$4:$H$488,$AB$3)/1000 -> 1.6321 | AC28: =+SUMIFS($E$4:$E$488,$D$4:$D$488,N28,$H$4:$H$488,$AC$3)/1000 -> 0 | AD28: =+SUMIFS($E$4:$E$488,$D$4:$D$488,N28,$H$4:$H$488,$AD$3)/1000 -> 0 | AE28: =+SUMIFS($E$4:$E$488,$D$4:$D$488,N28,$H$4:$H$488,$AE$3)/1000 -> 0 | AF28: =+SUMIFS($E$4:$E$488,$D$4:$D$488,N28,$H$4:$H$488,$AF$3)/1000 -> 0 | AG28: =AA28-SUM(AB28:AF28) -> 0
A29: =+SUBTOTAL(3,$B$4:B29) -> 0 | B29: ='Visual chart Edit'!B32 -> 4/4 | C29: ='Visual chart Edit'!C32 -> DA+0 | D29: Harwa | E29: ='Visual chart Edit'!I32 -> 367.6 | F29: ='Visual chart Edit'!K32 -> DRY | G29: ='Visual chart Edit'!L32 -> E | N29: Barnama Charnan | O29: =+SUM(P29:S29) -> 7 | P29: =+COUNTIFS($D$4:$D$488,N29,$F$4:$F$488,"sandy")+COUNTIFS($D$4:$D$488,N29,$F$4:$F$488,"Dry")+COUNTIFS($D$4:$D$488,N29,$F$4:$F$488,"DFR")+COUNTIFS($D$4:$D$488,N29,$F$4:$F$488,"WFR")+COUNTIFS($D$4:$D$488,N29,$F$4:$F$488,"SFR") -> 7 | Q29: =+COUNTIFS($D$4:$D$488,N29,$F$4:$F$488,"WIP") -> 0 | R29: =+COUNTIFS($D$4:$D$488,N29,$F$4:$F$488,"Clear") -> 0 | S29: =+COUNTIFS($D$4:$D$488,N29,$F$4:$F$488,"ROW") -> 0 | T29: =+SUM(U29:Y29) -> 7 | U29: =+COUNTIFS($D$4:$D$488,N29,$G$4:$G$488,"E") -> 7 | V29: =+COUNTIFS($D$4:$D$488,N29,$G$4:$G$488,"WIP") -> 0 | W29: =+COUNTIFS($D$4:$D$488,N29,$G$4:$G$488,"Clear") -> 0 | X29: =+COUNTIFS($D$4:$D$488,N29,$G$4:$G$488,"ROW") -> 0 | Y29: =O29-X29-U29-W29-V29 -> 0 | Z29: =T29-U29 -> 0 | AA29: =+SUMIFS($E$4:$E$488,$D$4:$D$488,N29)/1000 -> 2.5541 | AB29: =+SUMIFS($E$4:$E$488,$D$4:$D$488,N29,$H$4:$H$488,$AB$3)/1000 -> 2.5541 | AC29: =+SUMIFS($E$4:$E$488,$D$4:$D$488,N29,$H$4:$H$488,$AC$3)/1000 -> 0 | AD29: =+SUMIFS($E$4:$E$488,$D$4:$D$488,N29,$H$4:$H$488,$AD$3)/1000 -> 0 | AE29: =+SUMIFS($E$4:$E$488,$D$4:$D$488,N29,$H$4:$H$488,$AE$3)/1000 -> 0 | AF29: =+SUMIFS($E$4:$E$488,$D$4:$D$488,N29,$H$4:$H$488,$AF$3)/1000 -> 0 | AG29: =AA29-SUM(AB29:AF29) -> 0
A30: =+SUBTOTAL(3,$B$4:B30) -> 0 | B30: ='Visual chart Edit'!B33 -> 5/0 | C30: ='Visual chart Edit'!C33 -> DB1+9 | D30: Harwa | E30: ='Visual chart Edit'!I33 -> 423.1 | F30: ='Visual chart Edit'!K33 -> DRY | G30: ='Visual chart Edit'!L33 -> E | H30: WIP | I30: C | N30: Khanora | O30: =+SUM(P30:S30) -> 13 | P30: =+COUNTIFS($D$4:$D$488,N30,$F$4:$F$488,"sandy")+COUNTIFS($D$4:$D$488,N30,$F$4:$F$488,"Dry")+COUNTIFS($D$4:$D$488,N30,$F$4:$F$488,"DFR")+COUNTIFS($D$4:$D$488,N30,$F$4:$F$488,"WFR")+COUNTIFS($D$4:$D$488,N30,$F$4:$F$488,"SFR") -> 13 | Q30: =+COUNTIFS($D$4:$D$488,N30,$F$4:$F$488,"WIP") -> 0 | R30: =+COUNTIFS($D$4:$D$488,N30,$F$4:$F$488,"Clear") -> 0 | S30: =+COUNTIFS($D$4:$D$488,N30,$F$4:$F$488,"ROW") -> 0 | T30: =+SUM(U30:Y30) -> 13 | U30: =+COUNTIFS($D$4:$D$488,N30,$G$4:$G$488,"E") -> 13 | V30: =+COUNTIFS($D$4:$D$488,N30,$G$4:$G$488,"WIP") -> 0 | W30: =+COUNTIFS($D$4:$D$488,N30,$G$4:$G$488,"Clear") -> 0 | X30: =+COUNTIFS($D$4:$D$488,N30,$G$4:$G$488,"ROW") -> 0 | Y30: =O30-X30-U30-W30-V30 -> 0 | Z30: =T30-U30 -> 0 | AA30: =+SUMIFS($E$4:$E$488,$D$4:$D$488,N30)/1000 -> 5.3755 | AB30: =+SUMIFS($E$4:$E$488,$D$4:$D$488,N30,$H$4:$H$488,$AB$3)/1000 -> 0 | AC30: =+SUMIFS($E$4:$E$488,$D$4:$D$488,N30,$H$4:$H$488,$AC$3)/1000 -> 0 | AD30: =+SUMIFS($E$4:$E$488,$D$4:$D$488,N30,$H$4:$H$488,$AD$3)/1000 -> 0 | AE30: =+SUMIFS($E$4:$E$488,$D$4:$D$488,N30,$H$4:$H$488,$AE$3)/1000 -> 0 | AF30: =+SUMIFS($E$4:$E$488,$D$4:$D$488,N30,$H$4:$H$488,$AF$3)/1000 -> 0 | AG30: =AA30-SUM(AB30:AF30) -> 5.3755
A31: =+SUBTOTAL(3,$B$4:B31) -> 0 | B31: ='Visual chart Edit'!B34 -> 6/0 | C31: ='Visual chart Edit'!C34 -> DB2+9 | D31: Harwa | E31: ='Visual chart Edit'!I34 -> 246 | F31: ='Visual chart Edit'!K34 -> DRY | G31: ='Visual chart Edit'!L34 -> E | H31: WIP | I31: C | M31: attempeted on 10.07.2025 | N31: Sathuni Purohitan | O31: =+SUM(P31:S31) -> 3 | P31: =+COUNTIFS($D$4:$D$488,N31,$F$4:$F$488,"sandy")+COUNTIFS($D$4:$D$488,N31,$F$4:$F$488,"Dry")+COUNTIFS($D$4:$D$488,N31,$F$4:$F$488,"DFR")+COUNTIFS($D$4:$D$488,N31,$F$4:$F$488,"WFR")+COUNTIFS($D$4:$D$488,N31,$F$4:$F$488,"SFR") -> 3 | Q31: =+COUNTIFS($D$4:$D$488,N31,$F$4:$F$488,"WIP") -> 0 | R31: =+COUNTIFS($D$4:$D$488,N31,$F$4:$F$488,"Clear") -> 0 | S31: =+COUNTIFS($D$4:$D$488,N31,$F$4:$F$488,"ROW") -> 0 | T31: =+SUM(U31:Y31) -> 3 | U31: =+COUNTIFS($D$4:$D$488,N31,$G$4:$G$488,"E") -> 3 | V31: =+COUNTIFS($D$4:$D$488,N31,$G$4:$G$488,"WIP") -> 0 | W31: =+COUNTIFS($D$4:$D$488,N31,$G$4:$G$488,"Clear") -> 0 | X31: =+COUNTIFS($D$4:$D$488,N31,$G$4:$G$488,"ROW") -> 0 | Y31: =O31-X31-U31-W31-V31 -> 0 | Z31: =T31-U31 -> 0 | AA31: =+SUMIFS($E$4:$E$488,$D$4:$D$488,N31)/1000 -> 1.2327 | AB31: =+SUMIFS($E$4:$E$488,$D$4:$D$488,N31,$H$4:$H$488,$AB$3)/1000 -> 0 | AC31: =+SUMIFS($E$4:$E$488,$D$4:$D$488,N31,$H$4:$H$488,$AC$3)/1000 -> 0 | AD31: =+SUMIFS($E$4:$E$488,$D$4:$D$488,N31,$H$4:$H$488,$AD$3)/1000 -> 0 | AE31: =+SUMIFS($E$4:$E$488,$D$4:$D$488,N31,$H$4:$H$488,$AE$3)/1000 -> 0 | AF31: =+SUMIFS($E$4:$E$488,$D$4:$D$488,N31,$H$4:$H$488,$AF$3)/1000 -> 0 | AG31: =AA31-SUM(AB31:AF31) -> 1.2327
A32: =+SUBTOTAL(3,$B$4:B32) -> 0 | B32: ='Visual chart Edit'!B35 -> 6/1 | C32: ='Visual chart Edit'!C35 -> DA+0 | D32: Harwa | E32: ='Visual chart Edit'!I35 -> 429.9 | F32: ='Visual chart Edit'!K35 -> DFR | G32: ='Visual chart Edit'!L35 -> E | H32: WIP | N32: Sathuni Charnan | O32: =+SUM(P32:S32) -> 8 | P32: =+COUNTIFS($D$4:$D$488,N32,$F$4:$F$488,"sandy")+COUNTIFS($D$4:$D$488,N32,$F$4:$F$488,"Dry")+COUNTIFS($D$4:$D$488,N32,$F$4:$F$488,"DFR")+COUNTIFS($D$4:$D$488,N32,$F$4:$F$488,"WFR")+COUNTIFS($D$4:$D$488,N32,$F$4:$F$488,"SFR") -> 8 | Q32: =+COUNTIFS($D$4:$D$488,N32,$F$4:$F$488,"WIP") -> 0 | R32: =+COUNTIFS($D$4:$D$488,N32,$F$4:$F$488,"Clear") -> 0 | S32: =+COUNTIFS($D$4:$D$488,N32,$F$4:$F$488,"ROW") -> 0 | T32: =+SUM(U32:Y32) -> 8 | U32: =+COUNTIFS($D$4:$D$488,N32,$G$4:$G$488,"E") -> 8 | V32: =+COUNTIFS($D$4:$D$488,N32,$G$4:$G$488,"WIP") -> 0 | W32: =+COUNTIFS($D$4:$D$488,N32,$G$4:$G$488,"Clear") -> 0 | X32: =+COUNTIFS($D$4:$D$488,N32,$G$4:$G$488,"ROW") -> 0 | Y32: =O32-X32-U32-W32-V32 -> 0 | Z32: =T32-U32 -> 0 | AA32: =+SUMIFS($E$4:$E$488,$D$4:$D$488,N32)/1000 -> 3.2034 | AB32: =+SUMIFS($E$4:$E$488,$D$4:$D$488,N32,$H$4:$H$488,$AB$3)/1000 -> 0 | AC32: =+SUMIFS($E$4:$E$488,$D$4:$D$488,N32,$H$4:$H$488,$AC$3)/1000 -> 1.5864 | AD32: =+SUMIFS($E$4:$E$488,$D$4:$D$488,N32,$H$4:$H$488,$AD$3)/1000 -> 0 | AE32: =+SUMIFS($E$4:$E$488,$D$4:$D$488,N32,$H$4:$H$488,$AE$3)/1000 -> 0 | AF32: =+SUMIFS($E$4:$E$488,$D$4:$D$488,N32,$H$4:$H$488,$AF$3)/1000 -> 0 | AG32: =AA32-SUM(AB32:AF32) -> 1.617
A33: =+SUBTOTAL(3,$B$4:B33) -> 0 | B33: ='Visual chart Edit'!B36 -> 6/2 | C33: ='Visual chart Edit'!C36 -> DA+0 | D33: Harwa | E33: ='Visual chart Edit'!I36 -> 362.4 | F33: ='Visual chart Edit'!K36 -> DFR | G33: ='Visual chart Edit'!L36 -> E | H33: WIP | N33: Simarkhiya | O33: =+SUM(P33:S33) -> 3 | P33: =+COUNTIFS($D$4:$D$488,N33,$F$4:$F$488,"sandy")+COUNTIFS($D$4:$D$488,N33,$F$4:$F$488,"Dry")+COUNTIFS($D$4:$D$488,N33,$F$4:$F$488,"DFR")+COUNTIFS($D$4:$D$488,N33,$F$4:$F$488,"WFR")+COUNTIFS($D$4:$D$488,N33,$F$4:$F$488,"SFR") -> 3 | Q33: =+COUNTIFS($D$4:$D$488,N33,$F$4:$F$488,"WIP") -> 0 | R33: =+COUNTIFS($D$4:$D$488,N33,$F$4:$F$488,"Clear") -> 0 | S33: =+COUNTIFS($D$4:$D$488,N33,$F$4:$F$488,"ROW") -> 0 | T33: =+SUM(U33:Y33) -> 3 | U33: =+COUNTIFS($D$4:$D$488,N33,$G$4:$G$488,"E") -> 3 | V33: =+COUNTIFS($D$4:$D$488,N33,$G$4:$G$488,"WIP") -> 0 | W33: =+COUNTIFS($D$4:$D$488,N33,$G$4:$G$488,"Clear") -> 0 | X33: =+COUNTIFS($D$4:$D$488,N33,$G$4:$G$488,"ROW") -> 0 | Y33: =O33-X33-U33-W33-V33 -> 0 | Z33: =T33-U33 -> 0 | AA33: =+SUMIFS($E$4:$E$488,$D$4:$D$488,N33)/1000 -> 1.2299 | AB33: =+SUMIFS($E$4:$E$488,$D$4:$D$488,N33,$H$4:$H$488,$AB$3)/1000 -> 0.4049 | AC33: =+SUMIFS($E$4:$E$488,$D$4:$D$488,N33,$H$4:$H$488,$AC$3)/1000 -> 0.825 | AD33: =+SUMIFS($E$4:$E$488,$D$4:$D$488,N33,$H$4:$H$488,$AD$3)/1000 -> 0 | AE33: =+SUMIFS($E$4:$E$488,$D$4:$D$488,N33,$H$4:$H$488,$AE$3)/1000 -> 0 | AF33: =+SUMIFS($E$4:$E$488,$D$4:$D$488,N33,$H$4:$H$488,$AF$3)/1000 -> 0 | AG33: =AA33-SUM(AB33:AF33) -> 0
A34: =+SUBTOTAL(3,$B$4:B34) -> 0 | B34: ='Visual chart Edit'!B37 -> 7/0 | C34: ='Visual chart Edit'!C37 -> DB1+0 | D34: Harwa | E34: ='Visual chart Edit'!I37 -> 347.9 | F34: ='Visual chart Edit'!K37 -> DRY | G34: ='Visual chart Edit'!L37 -> E | H34: WIP | N34: Bagawas | O34: =+SUM(P34:S34) -> 11 | P34: =+COUNTIFS($D$4:$D$488,N34,$F$4:$F$488,"sandy")+COUNTIFS($D$4:$D$488,N34,$F$4:$F$488,"Dry")+COUNTIFS($D$4:$D$488,N34,$F$4:$F$488,"DFR")+COUNTIFS($D$4:$D$488,N34,$F$4:$F$488,"WFR")+COUNTIFS($D$4:$D$488,N34,$F$4:$F$488,"SFR") -> 11 | Q34: =+COUNTIFS($D$4:$D$488,N34,$F$4:$F$488,"WIP") -> 0 | R34: =+COUNTIFS($D$4:$D$488,N34,$F$4:$F$488,"Clear") -> 0 | S34: =+COUNTIFS($D$4:$D$488,N34,$F$4:$F$488,"ROW") -> 0 | T34: =+SUM(U34:Y34) -> 11 | U34: =+COUNTIFS($D$4:$D$488,N34,$G$4:$G$488,"E") -> 11 | V34: =+COUNTIFS($D$4:$D$488,N34,$G$4:$G$488,"WIP") -> 0 | W34: =+COUNTIFS($D$4:$D$488,N34,$G$4:$G$488,"Clear") -> 0 | X34: =+COUNTIFS($D$4:$D$488,N34,$G$4:$G$488,"ROW") -> 0 | Y34: =O34-X34-U34-W34-V34 -> 0 | Z34: =T34-U34 -> 0 | AA34: =+SUMIFS($E$4:$E$488,$D$4:$D$488,N34)/1000 -> 4.01097 | AB34: =+SUMIFS($E$4:$E$488,$D$4:$D$488,N34,$H$4:$H$488,$AB$3)/1000 -> 4.01097 | AC34: =+SUMIFS($E$4:$E$488,$D$4:$D$488,N34,$H$4:$H$488,$AC$3)/1000 -> 0 | AD34: =+SUMIFS($E$4:$E$488,$D$4:$D$488,N34,$H$4:$H$488,$AD$3)/1000 -> 0 | AE34: =+SUMIFS($E$4:$E$488,$D$4:$D$488,N34,$H$4:$H$488,$AE$3)/1000 -> 0 | AF34: =+SUMIFS($E$4:$E$488,$D$4:$D$488,N34,$H$4:$H$488,$AF$3)/1000 -> 0 | AG34: =AA34-SUM(AB34:AF34) -> 0
A35: =+SUBTOTAL(3,$B$4:B35) -> 0 | B35: ='Visual chart Edit'!B38 -> 8/0 | C35: ='Visual chart Edit'!C38 -> DB1+0 | D35: Harwa | E35: ='Visual chart Edit'!I38 -> 210.8 | F35: ='Visual chart Edit'!K38 -> DRY | G35: ='Visual chart Edit'!L38 -> E | H35: WIP | N35: Mohanpura | O35: =+SUM(P35:S35) -> 6 | P35: =+COUNTIFS($D$4:$D$488,N35,$F$4:$F$488,"sandy")+COUNTIFS($D$4:$D$488,N35,$F$4:$F$488,"Dry")+COUNTIFS($D$4:$D$488,N35,$F$4:$F$488,"DFR")+COUNTIFS($D$4:$D$488,N35,$F$4:$F$488,"WFR")+COUNTIFS($D$4:$D$488,N35,$F$4:$F$488,"SFR") -> 6 | Q35: =+COUNTIFS($D$4:$D$488,N35,$F$4:$F$488,"WIP") -> 0 | R35: =+COUNTIFS($D$4:$D$488,N35,$F$4:$F$488,"Clear") -> 0 | S35: =+COUNTIFS($D$4:$D$488,N35,$F$4:$F$488,"ROW") -> 0 | T35: =+SUM(U35:Y35) -> 6 | U35: =+COUNTIFS($D$4:$D$488,N35,$G$4:$G$488,"E") -> 6 | V35: =+COUNTIFS($D$4:$D$488,N35,$G$4:$G$488,"WIP") -> 0 | W35: =+COUNTIFS($D$4:$D$488,N35,$G$4:$G$488,"Clear") -> 0 | X35: =+COUNTIFS($D$4:$D$488,N35,$G$4:$G$488,"ROW") -> 0 | Y35: =O35-X35-U35-W35-V35 -> 0 | Z35: =T35-U35 -> 0 | AA35: =+SUMIFS($E$4:$E$488,$D$4:$D$488,N35)/1000 -> 2.4074 | AB35: =+SUMIFS($E$4:$E$488,$D$4:$D$488,N35,$H$4:$H$488,$AB$3)/1000 -> 2.4074 | AC35: =+SUMIFS($E$4:$E$488,$D$4:$D$488,N35,$H$4:$H$488,$AC$3)/1000 -> 0 | AD35: =+SUMIFS($E$4:$E$488,$D$4:$D$488,N35,$H$4:$H$488,$AD$3)/1000 -> 0 | AE35: =+SUMIFS($E$4:$E$488,$D$4:$D$488,N35,$H$4:$H$488,$AE$3)/1000 -> 0 | AF35: =+SUMIFS($E$4:$E$488,$D$4:$D$488,N35,$H$4:$H$488,$AF$3)/1000 -> 0 | AG35: =AA35-SUM(AB35:AF35) -> 0
A36: =+SUBTOTAL(3,$B$4:B36) -> 0 | B36: ='Visual chart Edit'!B39 -> 8/1 | C36: ='Visual chart Edit'!C39 -> DA+3 | D36: Harwa | E36: ='Visual chart Edit'!I39 -> 409.2 | F36: ='Visual chart Edit'!K39 -> DRY | G36: ='Visual chart Edit'!L39 -> E | H36: WIP | N36: Meghawas | O36: =+SUM(P36:S36) -> 5 | P36: =+COUNTIFS($D$4:$D$488,N36,$F$4:$F$488,"sandy")+COUNTIFS($D$4:$D$488,N36,$F$4:$F$488,"Dry")+COUNTIFS($D$4:$D$488,N36,$F$4:$F$488,"DFR")+COUNTIFS($D$4:$D$488,N36,$F$4:$F$488,"WFR")+COUNTIFS($D$4:$D$488,N36,$F$4:$F$488,"SFR") -> 5 | Q36: =+COUNTIFS($D$4:$D$488,N36,$F$4:$F$488,"WIP") -> 0 | R36: =+COUNTIFS($D$4:$D$488,N36,$F$4:$F$488,"Clear") -> 0 | S36: =+COUNTIFS($D$4:$D$488,N36,$F$4:$F$488,"ROW") -> 0 | T36: =+SUM(U36:Y36) -> 5 | U36: =+COUNTIFS($D$4:$D$488,N36,$G$4:$G$488,"E") -> 5 | V36: =+COUNTIFS($D$4:$D$488,N36,$G$4:$G$488,"WIP") -> 0 | W36: =+COUNTIFS($D$4:$D$488,N36,$G$4:$G$488,"Clear") -> 0 | X36: =+COUNTIFS($D$4:$D$488,N36,$G$4:$G$488,"ROW") -> 0 | Y36: =O36-X36-U36-W36-V36 -> 0 | Z36: =T36-U36 -> 0 | AA36: =+SUMIFS($E$4:$E$488,$D$4:$D$488,N36)/1000 -> 1.9041 | AB36: =+SUMIFS($E$4:$E$488,$D$4:$D$488,N36,$H$4:$H$488,$AB$3)/1000 -> 1.9041 | AC36: =+SUMIFS($E$4:$E$488,$D$4:$D$488,N36,$H$4:$H$488,$AC$3)/1000 -> 0 | AD36: =+SUMIFS($E$4:$E$488,$D$4:$D$488,N36,$H$4:$H$488,$AD$3)/1000 -> 0 | AE36: =+SUMIFS($E$4:$E$488,$D$4:$D$488,N36,$H$4:$H$488,$AE$3)/1000 -> 0 | AF36: =+SUMIFS($E$4:$E$488,$D$4:$D$488,N36,$H$4:$H$488,$AF$3)/1000 -> 0 | AG36: =AA36-SUM(AB36:AF36) -> 0
A37: =+SUBTOTAL(3,$B$4:B37) -> 0 | B37: ='Visual chart Edit'!B40 -> 8/2 | C37: ='Visual chart Edit'!C40 -> DA+3 | D37: Harwa | E37: ='Visual chart Edit'!I40 -> 413.6 | F37: ='Visual chart Edit'!K40 -> DRY | G37: ='Visual chart Edit'!L40 -> E | H37: WIP | N37: Sagaranari | O37: =+SUM(P37:S37) -> 10 | P37: =+COUNTIFS($D$4:$D$488,N37,$F$4:$F$488,"sandy")+COUNTIFS($D$4:$D$488,N37,$F$4:$F$488,"Dry")+COUNTIFS($D$4:$D$488,N37,$F$4:$F$488,"DFR")+COUNTIFS($D$4:$D$488,N37,$F$4:$F$488,"WFR")+COUNTIFS($D$4:$D$488,N37,$F$4:$F$488,"SFR") -> 10 | Q37: =+COUNTIFS($D$4:$D$488,N37,$F$4:$F$488,"WIP") -> 0 | R37: =+COUNTIFS($D$4:$D$488,N37,$F$4:$F$488,"Clear") -> 0 | S37: =+COUNTIFS($D$4:$D$488,N37,$F$4:$F$488,"ROW") -> 0 | T37: =+SUM(U37:Y37) -> 10 | U37: =+COUNTIFS($D$4:$D$488,N37,$G$4:$G$488,"E") -> 10 | V37: =+COUNTIFS($D$4:$D$488,N37,$G$4:$G$488,"WIP") -> 0 | W37: =+COUNTIFS($D$4:$D$488,N37,$G$4:$G$488,"Clear") -> 0 | X37: =+COUNTIFS($D$4:$D$488,N37,$G$4:$G$488,"ROW") -> 0 | Y37: =O37-X37-U37-W37-V37 -> 0 | Z37: =T37-U37 -> 0 | AA37: =+SUMIFS($E$4:$E$488,$D$4:$D$488,N37)/1000 -> 4.1779 | AB37: =+SUMIFS($E$4:$E$488,$D$4:$D$488,N37,$H$4:$H$488,$AB$3)/1000 -> 4.1779 | AC37: =+SUMIFS($E$4:$E$488,$D$4:$D$488,N37,$H$4:$H$488,$AC$3)/1000 -> 0 | AD37: =+SUMIFS($E$4:$E$488,$D$4:$D$488,N37,$H$4:$H$488,$AD$3)/1000 -> 0 | AE37: =+SUMIFS($E$4:$E$488,$D$4:$D$488,N37,$H$4:$H$488,$AE$3)/1000 -> 0 | AF37: =+SUMIFS($E$4:$E$488,$D$4:$D$488,N37,$H$4:$H$488,$AF$3)/1000 -> 0 | AG37: =AA37-SUM(AB37:AF37) -> 0
A38: =+SUBTOTAL(3,$B$4:B38) -> 0 | B38: ='Visual chart Edit'!B41 -> 8/3 | C38: ='Visual chart Edit'!C41 -> DA+0 | D38: Harwa | E38: ='Visual chart Edit'!I41 -> 393.2 | F38: ='Visual chart Edit'!K41 -> DRY | G38: ='Visual chart Edit'!L41 -> E | H38: WIP | N38: Nagana | O38: =+SUM(P38:S38) -> 6 | P38: =+COUNTIFS($D$4:$D$488,N38,$F$4:$F$488,"sandy")+COUNTIFS($D$4:$D$488,N38,$F$4:$F$488,"Dry")+COUNTIFS($D$4:$D$488,N38,$F$4:$F$488,"DFR")+COUNTIFS($D$4:$D$488,N38,$F$4:$F$488,"WFR")+COUNTIFS($D$4:$D$488,N38,$F$4:$F$488,"SFR") -> 6 | Q38: =+COUNTIFS($D$4:$D$488,N38,$F$4:$F$488,"WIP") -> 0 | R38: =+COUNTIFS($D$4:$D$488,N38,$F$4:$F$488,"Clear") -> 0 | S38: =+COUNTIFS($D$4:$D$488,N38,$F$4:$F$488,"ROW") -> 0 | T38: =+SUM(U38:Y38) -> 6 | U38: =+COUNTIFS($D$4:$D$488,N38,$G$4:$G$488,"E") -> 6 | V38: =+COUNTIFS($D$4:$D$488,N38,$G$4:$G$488,"WIP") -> 0 | W38: =+COUNTIFS($D$4:$D$488,N38,$G$4:$G$488,"Clear") -> 0 | X38: =+COUNTIFS($D$4:$D$488,N38,$G$4:$G$488,"ROW") -> 0 | Y38: =O38-X38-U38-W38-V38 -> 0 | Z38: =T38-U38 -> 0 | AA38: =+SUMIFS($E$4:$E$488,$D$4:$D$488,N38)/1000 -> 2.5271 | AB38: =+SUMIFS($E$4:$E$488,$D$4:$D$488,N38,$H$4:$H$488,$AB$3)/1000 -> 2.5271 | AC38: =+SUMIFS($E$4:$E$488,$D$4:$D$488,N38,$H$4:$H$488,$AC$3)/1000 -> 0 | AD38: =+SUMIFS($E$4:$E$488,$D$4:$D$488,N38,$H$4:$H$488,$AD$3)/1000 -> 0 | AE38: =+SUMIFS($E$4:$E$488,$D$4:$D$488,N38,$H$4:$H$488,$AE$3)/1000 -> 0 | AF38: =+SUMIFS($E$4:$E$488,$D$4:$D$488,N38,$H$4:$H$488,$AF$3)/1000 -> 0 | AG38: =AA38-SUM(AB38:AF38) -> 0
A39: =+SUBTOTAL(3,$B$4:B39) -> 0 | B39: ='Visual chart Edit'!B42 -> 8/4 | C39: ='Visual chart Edit'!C42 -> DA+3 | D39: Harwa | E39: ='Visual chart Edit'!I42 -> 416.5 | F39: ='Visual chart Edit'!K42 -> DRY | G39: ='Visual chart Edit'!L42 -> E | H39: WIP | N39: Deoriya | O39: =+SUM(P39:S39) -> 9 | P39: =+COUNTIFS($D$4:$D$488,N39,$F$4:$F$488,"sandy")+COUNTIFS($D$4:$D$488,N39,$F$4:$F$488,"Dry")+COUNTIFS($D$4:$D$488,N39,$F$4:$F$488,"DFR")+COUNTIFS($D$4:$D$488,N39,$F$4:$F$488,"WFR")+COUNTIFS($D$4:$D$488,N39,$F$4:$F$488,"SFR") -> 9 | Q39: =+COUNTIFS($D$4:$D$488,N39,$F$4:$F$488,"WIP") -> 0 | R39: =+COUNTIFS($D$4:$D$488,N39,$F$4:$F$488,"Clear") -> 0 | S39: =+COUNTIFS($D$4:$D$488,N39,$F$4:$F$488,"ROW") -> 0 | T39: =+SUM(U39:Y39) -> 9 | U39: =+COUNTIFS($D$4:$D$488,N39,$G$4:$G$488,"E") -> 9 | V39: =+COUNTIFS($D$4:$D$488,N39,$G$4:$G$488,"WIP") -> 0 | W39: =+COUNTIFS($D$4:$D$488,N39,$G$4:$G$488,"Clear") -> 0 | X39: =+COUNTIFS($D$4:$D$488,N39,$G$4:$G$488,"ROW") -> 0 | Y39: =O39-X39-U39-W39-V39 -> 0 | Z39: =T39-U39 -> 0 | AA39: =+SUMIFS($E$4:$E$488,$D$4:$D$488,N39)/1000 -> 3.6251 | AB39: =+SUMIFS($E$4:$E$488,$D$4:$D$488,N39,$H$4:$H$488,$AB$3)/1000 -> 3.6251 | AC39: =+SUMIFS($E$4:$E$488,$D$4:$D$488,N39,$H$4:$H$488,$AC$3)/1000 -> 0 | AD39: =+SUMIFS($E$4:$E$488,$D$4:$D$488,N39,$H$4:$H$488,$AD$3)/1000 -> 0 | AE39: =+SUMIFS($E$4:$E$488,$D$4:$D$488,N39,$H$4:$H$488,$AE$3)/1000 -> 0 | AF39: =+SUMIFS($E$4:$E$488,$D$4:$D$488,N39,$H$4:$H$488,$AF$3)/1000 -> 0 | AG39: =AA39-SUM(AB39:AF39) -> 0
A40: =+SUBTOTAL(3,$B$4:B40) -> 0 | B40: ='Visual chart Edit'!B43 -> 8/5 | C40: ='Visual chart Edit'!C43 -> DA+3 | D40: Harwa | E40: ='Visual chart Edit'!I43 -> 394.6 | F40: ='Visual chart Edit'!K43 -> DRY | G40: ='Visual chart Edit'!L43 -> E | H40: WIP | N40: Bakati | O40: =+SUM(P40:S40) -> 9 | P40: =+COUNTIFS($D$4:$D$488,N40,$F$4:$F$488,"sandy")+COUNTIFS($D$4:$D$488,N40,$F$4:$F$488,"Dry")+COUNTIFS($D$4:$D$488,N40,$F$4:$F$488,"DFR")+COUNTIFS($D$4:$D$488,N40,$F$4:$F$488,"WFR")+COUNTIFS($D$4:$D$488,N40,$F$4:$F$488,"SFR") -> 9 | Q40: =+COUNTIFS($D$4:$D$488,N40,$F$4:$F$488,"WIP") -> 0 | R40: =+COUNTIFS($D$4:$D$488,N40,$F$4:$F$488,"Clear") -> 0 | S40: =+COUNTIFS($D$4:$D$488,N40,$F$4:$F$488,"ROW") -> 0 | T40: =+SUM(U40:Y40) -> 9 | U40: =+COUNTIFS($D$4:$D$488,N40,$G$4:$G$488,"E") -> 9 | V40: =+COUNTIFS($D$4:$D$488,N40,$G$4:$G$488,"WIP") -> 0 | W40: =+COUNTIFS($D$4:$D$488,N40,$G$4:$G$488,"Clear") -> 0 | X40: =+COUNTIFS($D$4:$D$488,N40,$G$4:$G$488,"ROW") -> 0 | Y40: =O40-X40-U40-W40-V40 -> 0 | Z40: =T40-U40 -> 0 | AA40: =+SUMIFS($E$4:$E$488,$D$4:$D$488,N40)/1000 -> 3.7283 | AB40: =+SUMIFS($E$4:$E$488,$D$4:$D$488,N40,$H$4:$H$488,$AB$3)/1000 -> 3.7283 | AC40: =+SUMIFS($E$4:$E$488,$D$4:$D$488,N40,$H$4:$H$488,$AC$3)/1000 -> 0 | AD40: =+SUMIFS($E$4:$E$488,$D$4:$D$488,N40,$H$4:$H$488,$AD$3)/1000 -> 0 | AE40: =+SUMIFS($E$4:$E$488,$D$4:$D$488,N40,$H$4:$H$488,$AE$3)/1000 -> 0 | AF40: =+SUMIFS($E$4:$E$488,$D$4:$D$488,N40,$H$4:$H$488,$AF$3)/1000 -> 0 | AG40: =AA40-SUM(AB40:AF40) -> 0
A41: =+SUBTOTAL(3,$B$4:B41) -> 0 | B41: ='Visual chart Edit'!B44 -> 8/6 | C41: ='Visual chart Edit'!C44 -> DA+3 | D41: Harwa | E41: ='Visual chart Edit'!I44 -> 393.2 | F41: ='Visual chart Edit'!K44 -> DRY | G41: ='Visual chart Edit'!L44 -> E | H41: WIP | N41: Gwalnada | O41: =+SUM(P41:S41) -> 9 | P41: =+COUNTIFS($D$4:$D$488,N41,$F$4:$F$488,"sandy")+COUNTIFS($D$4:$D$488,N41,$F$4:$F$488,"Dry")+COUNTIFS($D$4:$D$488,N41,$F$4:$F$488,"DFR")+COUNTIFS($D$4:$D$488,N41,$F$4:$F$488,"WFR")+COUNTIFS($D$4:$D$488,N41,$F$4:$F$488,"SFR") -> 9 | Q41: =+COUNTIFS($D$4:$D$488,N41,$F$4:$F$488,"WIP") -> 0 | R41: =+COUNTIFS($D$4:$D$488,N41,$F$4:$F$488,"Clear") -> 0 | S41: =+COUNTIFS($D$4:$D$488,N41,$F$4:$F$488,"ROW") -> 0 | T41: =+SUM(U41:Y41) -> 9 | U41: =+COUNTIFS($D$4:$D$488,N41,$G$4:$G$488,"E") -> 9 | V41: =+COUNTIFS($D$4:$D$488,N41,$G$4:$G$488,"WIP") -> 0 | W41: =+COUNTIFS($D$4:$D$488,N41,$G$4:$G$488,"Clear") -> 0 | X41: =+COUNTIFS($D$4:$D$488,N41,$G$4:$G$488,"ROW") -> 0 | Y41: =O41-X41-U41-W41-V41 -> 0 | Z41: =T41-U41 -> 0 | AA41: =+SUMIFS($E$4:$E$488,$D$4:$D$488,N41)/1000 -> 3.6749 | AB41: =+SUMIFS($E$4:$E$488,$D$4:$D$488,N41,$H$4:$H$488,$AB$3)/1000 -> 3.6749 | AC41: =+SUMIFS($E$4:$E$488,$D$4:$D$488,N41,$H$4:$H$488,$AC$3)/1000 -> 0 | AD41: =+SUMIFS($E$4:$E$488,$D$4:$D$488,N41,$H$4:$H$488,$AD$3)/1000 -> 0 | AE41: =+SUMIFS($E$4:$E$488,$D$4:$D$488,N41,$H$4:$H$488,$AE$3)/1000 -> 0 | AF41: =+SUMIFS($E$4:$E$488,$D$4:$D$488,N41,$H$4:$H$488,$AF$3)/1000 -> 0 | AG41: =AA41-SUM(AB41:AF41) -> 0
A42: =+SUBTOTAL(3,$B$4:B42) -> 0 | B42: ='Visual chart Edit'!B45 -> 8/7 | C42: ='Visual chart Edit'!C45 -> DB1+0 | D42: Chak Goonga | E42: ='Visual chart Edit'!I45 -> 441.1 | F42: ='Visual chart Edit'!K45 -> DRY | G42: ='Visual chart Edit'!L45 -> E | H42: WIP | N42: Godawas Kalan | O42: =+SUM(P42:S42) -> 9 | P42: =+COUNTIFS($D$4:$D$488,N42,$F$4:$F$488,"sandy")+COUNTIFS($D$4:$D$488,N42,$F$4:$F$488,"Dry")+COUNTIFS($D$4:$D$488,N42,$F$4:$F$488,"DFR")+COUNTIFS($D$4:$D$488,N42,$F$4:$F$488,"WFR")+COUNTIFS($D$4:$D$488,N42,$F$4:$F$488,"SFR") -> 9 | Q42: =+COUNTIFS($D$4:$D$488,N42,$F$4:$F$488,"WIP") -> 0 | R42: =+COUNTIFS($D$4:$D$488,N42,$F$4:$F$488,"Clear") -> 0 | S42: =+COUNTIFS($D$4:$D$488,N42,$F$4:$F$488,"ROW") -> 0 | T42: =+SUM(U42:Y42) -> 9 | U42: =+COUNTIFS($D$4:$D$488,N42,$G$4:$G$488,"E") -> 9 | V42: =+COUNTIFS($D$4:$D$488,N42,$G$4:$G$488,"WIP") -> 0 | W42: =+COUNTIFS($D$4:$D$488,N42,$G$4:$G$488,"Clear") -> 0 | X42: =+COUNTIFS($D$4:$D$488,N42,$G$4:$G$488,"ROW") -> 0 | Y42: =O42-X42-U42-W42-V42 -> 0 | Z42: =T42-U42 -> 0 | AA42: =+SUMIFS($E$4:$E$488,$D$4:$D$488,N42)/1000 -> 3.681 | AB42: =+SUMIFS($E$4:$E$488,$D$4:$D$488,N42,$H$4:$H$488,$AB$3)/1000 -> 3.681 | AC42: =+SUMIFS($E$4:$E$488,$D$4:$D$488,N42,$H$4:$H$488,$AC$3)/1000 -> 0 | AD42: =+SUMIFS($E$4:$E$488,$D$4:$D$488,N42,$H$4:$H$488,$AD$3)/1000 -> 0 | AE42: =+SUMIFS($E$4:$E$488,$D$4:$D$488,N42,$H$4:$H$488,$AE$3)/1000 -> 0 | AF42: =+SUMIFS($E$4:$E$488,$D$4:$D$488,N42,$H$4:$H$488,$AF$3)/1000 -> 0 | AG42: =AA42-SUM(AB42:AF42) -> 0
A43: =+SUBTOTAL(3,$B$4:B43) -> 0 | B43: ='Visual chart Edit'!B46 -> 8/8 | C43: ='Visual chart Edit'!C46 -> DA+6 | D43: Chak Goonga | E43: ='Visual chart Edit'!I46 -> 414.4 | F43: ='Visual chart Edit'!K46 -> DRY | G43: ='Visual chart Edit'!L46 -> E | H43: C | N43: Doli Kalan | O43: =+SUM(P43:S43) -> 1 | P43: =+COUNTIFS($D$4:$D$488,N43,$F$4:$F$488,"sandy")+COUNTIFS($D$4:$D$488,N43,$F$4:$F$488,"Dry")+COUNTIFS($D$4:$D$488,N43,$F$4:$F$488,"DFR")+COUNTIFS($D$4:$D$488,N43,$F$4:$F$488,"WFR")+COUNTIFS($D$4:$D$488,N43,$F$4:$F$488,"SFR") -> 1 | Q43: =+COUNTIFS($D$4:$D$488,N43,$F$4:$F$488,"WIP") -> 0 | R43: =+COUNTIFS($D$4:$D$488,N43,$F$4:$F$488,"Clear") -> 0 | S43: =+COUNTIFS($D$4:$D$488,N43,$F$4:$F$488,"ROW") -> 0 | T43: =+SUM(U43:Y43) -> 1 | U43: =+COUNTIFS($D$4:$D$488,N43,$G$4:$G$488,"E") -> 1 | V43: =+COUNTIFS($D$4:$D$488,N43,$G$4:$G$488,"WIP") -> 0 | W43: =+COUNTIFS($D$4:$D$488,N43,$G$4:$G$488,"Clear") -> 0 | X43: =+COUNTIFS($D$4:$D$488,N43,$G$4:$G$488,"ROW") -> 0 | Y43: =O43-X43-U43-W43-V43 -> 0 | Z43: =T43-U43 -> 0 | AA43: =+SUMIFS($E$4:$E$488,$D$4:$D$488,N43)/1000 -> 0.3861 | AB43: =+SUMIFS($E$4:$E$488,$D$4:$D$488,N43,$H$4:$H$488,$AB$3)/1000 -> 0.3861 | AC43: =+SUMIFS($E$4:$E$488,$D$4:$D$488,N43,$H$4:$H$488,$AC$3)/1000 -> 0 | AD43: =+SUMIFS($E$4:$E$488,$D$4:$D$488,N43,$H$4:$H$488,$AD$3)/1000 -> 0 | AE43: =+SUMIFS($E$4:$E$488,$D$4:$D$488,N43,$H$4:$H$488,$AE$3)/1000 -> 0 | AF43: =+SUMIFS($E$4:$E$488,$D$4:$D$488,N43,$H$4:$H$488,$AF$3)/1000 -> 0 | AG43: =AA43-SUM(AB43:AF43) -> 0
... A47: =+SUBTOTAL(3,$B$4:B47) -> 0 | B47: ='Visual chart Edit'!B50 -> 8/12 | C47: ='Visual chart Edit'!C50 -> DA+0 | D47: Chak Goonga | E47: ='Visual chart Edit'!I50 -> 372.1 | F47: ='Visual chart Edit'!K50 -> DRY | G47: ='Visual chart Edit'!L50 -> E | H47: C | N47: Loonawas Charna | O47: =+SUM(P47:S47) -> 4 | P47: =+COUNTIFS($D$4:$D$488,N47,$F$4:$F$488,"sandy")+COUNTIFS($D$4:$D$488,N47,$F$4:$F$488,"Dry")+COUNTIFS($D$4:$D$488,N47,$F$4:$F$488,"DFR")+COUNTIFS($D$4:$D$488,N47,$F$4:$F$488,"WFR")+COUNTIFS($D$4:$D$488,N47,$F$4:$F$488,"SFR") -> 4 | Q47: =+COUNTIFS($D$4:$D$488,N47,$F$4:$F$488,"WIP") -> 0 | R47: =+COUNTIFS($D$4:$D$488,N47,$F$4:$F$488,"Clear") -> 0 | S47: =+COUNTIFS($D$4:$D$488,N47,$F$4:$F$488,"ROW") -> 0 | T47: =+SUM(U47:Y47) -> 4 | U47: =+COUNTIFS($D$4:$D$488,N47,$G$4:$G$488,"E") -> 4 | V47: =+COUNTIFS($D$4:$D$488,N47,$G$4:$G$488,"WIP") -> 0 | W47: =+COUNTIFS($D$4:$D$488,N47,$G$4:$G$488,"Clear") -> 0 | X47: =+COUNTIFS($D$4:$D$488,N47,$G$4:$G$488,"ROW") -> 0 | Y47: =O47-X47-U47-W47-V47 -> 0 | Z47: =T47-U47 -> 0 | AA47: =+SUMIFS($E$4:$E$488,$D$4:$D$488,N47)/1000 -> 1.5661 | AB47: =+SUMIFS($E$4:$E$488,$D$4:$D$488,N47,$H$4:$H$488,$AB$3)/1000 -> 1.5661 | AC47: =+SUMIFS($E$4:$E$488,$D$4:$D$488,N47,$H$4:$H$488,$AC$3)/1000 -> 0 | AD47: =+SUMIFS($E$4:$E$488,$D$4:$D$488,N47,$H$4:$H$488,$AD$3)/1000 -> 0 | AE47: =+SUMIFS($E$4:$E$488,$D$4:$D$488,N47,$H$4:$H$488,$AE$3)/1000 -> 0 | AF47: =+SUMIFS($E$4:$E$488,$D$4:$D$488,N47,$H$4:$H$488,$AF$3)/1000 -> 0 | AG47: =AA47-SUM(AB47:AF47) -> 0
A48: =+SUBTOTAL(3,$B$4:B48) -> 0 | B48: ='Visual chart Edit'!B51 -> 9/0 | C48: ='Visual chart Edit'!C51 -> DD60+18 | D48: Chak Goonga | E48: ='Visual chart Edit'!I51 -> 457.7 | F48: ='Visual chart Edit'!K51 -> DRY | G48: ='Visual chart Edit'!L51 -> E | H48: C | I48: C | N48: Loonawas Khurd | O48: =+SUM(P48:S48) -> 12 | P48: =+COUNTIFS($D$4:$D$488,N48,$F$4:$F$488,"sandy")+COUNTIFS($D$4:$D$488,N48,$F$4:$F$488,"Dry")+COUNTIFS($D$4:$D$488,N48,$F$4:$F$488,"DFR")+COUNTIFS($D$4:$D$488,N48,$F$4:$F$488,"WFR")+COUNTIFS($D$4:$D$488,N48,$F$4:$F$488,"SFR") -> 12 | Q48: =+COUNTIFS($D$4:$D$488,N48,$F$4:$F$488,"WIP") -> 0 | R48: =+COUNTIFS($D$4:$D$488,N48,$F$4:$F$488,"Clear") -> 0 | S48: =+COUNTIFS($D$4:$D$488,N48,$F$4:$F$488,"ROW") -> 0 | T48: =+SUM(U48:Y48) -> 12 | U48: =+COUNTIFS($D$4:$D$488,N48,$G$4:$G$488,"E") -> 12 | V48: =+COUNTIFS($D$4:$D$488,N48,$G$4:$G$488,"WIP") -> 0 | W48: =+COUNTIFS($D$4:$D$488,N48,$G$4:$G$488,"Clear") -> 0 | X48: =+COUNTIFS($D$4:$D$488,N48,$G$4:$G$488,"ROW") -> 0 | Y48: =O48-X48-U48-W48-V48 -> 0 | Z48: =T48-U48 -> 0 | AA48: =+SUMIFS($E$4:$E$488,$D$4:$D$488,N48)/1000 -> 4.2541 | AB48: =+SUMIFS($E$4:$E$488,$D$4:$D$488,N48,$H$4:$H$488,$AB$3)/1000 -> 4.2541 | AC48: =+SUMIFS($E$4:$E$488,$D$4:$D$488,N48,$H$4:$H$488,$AC$3)/1000 -> 0 | AD48: =+SUMIFS($E$4:$E$488,$D$4:$D$488,N48,$H$4:$H$488,$AD$3)/1000 -> 0 | AE48: =+SUMIFS($E$4:$E$488,$D$4:$D$488,N48,$H$4:$H$488,$AE$3)/1000 -> 0 | AF48: =+SUMIFS($E$4:$E$488,$D$4:$D$488,N48,$H$4:$H$488,$AF$3)/1000 -> 0 | AG48: =AA48-SUM(AB48:AF48) -> 0
A49: =+SUBTOTAL(3,$B$4:B49) -> 0 | B49: ='Visual chart Edit'!B52 -> 10/0 | C49: ='Visual chart Edit'!C52 -> DD60+25 | D49: Chak Goonga | E49: ='Visual chart Edit'!I52 -> 233.1 | F49: ='Visual chart Edit'!K52 -> DFR | G49: ='Visual chart Edit'!L52 -> E | I49: C | N49: Borapadakhamar | O49: =+SUM(P49:S49) -> 2 | P49: =+COUNTIFS($D$4:$D$488,N49,$F$4:$F$488,"sandy")+COUNTIFS($D$4:$D$488,N49,$F$4:$F$488,"Dry")+COUNTIFS($D$4:$D$488,N49,$F$4:$F$488,"DFR")+COUNTIFS($D$4:$D$488,N49,$F$4:$F$488,"WFR")+COUNTIFS($D$4:$D$488,N49,$F$4:$F$488,"SFR") -> 2 | Q49: =+COUNTIFS($D$4:$D$488,N49,$F$4:$F$488,"WIP") -> 0 | R49: =+COUNTIFS($D$4:$D$488,N49,$F$4:$F$488,"Clear") -> 0 | S49: =+COUNTIFS($D$4:$D$488,N49,$F$4:$F$488,"ROW") -> 0 | T49: =+SUM(U49:Y49) -> 2 | U49: =+COUNTIFS($D$4:$D$488,N49,$G$4:$G$488,"E") -> 2 | V49: =+COUNTIFS($D$4:$D$488,N49,$G$4:$G$488,"WIP") -> 0 | W49: =+COUNTIFS($D$4:$D$488,N49,$G$4:$G$488,"Clear") -> 0 | X49: =+COUNTIFS($D$4:$D$488,N49,$G$4:$G$488,"ROW") -> 0 | Y49: =O49-X49-U49-W49-V49 -> 0 | Z49: =T49-U49 -> 0 | AA49: =+SUMIFS($E$4:$E$488,$D$4:$D$488,N49)/1000 -> 0.769 | AB49: =+SUMIFS($E$4:$E$488,$D$4:$D$488,N49,$H$4:$H$488,$AB$3)/1000 -> 0.769 | AC49: =+SUMIFS($E$4:$E$488,$D$4:$D$488,N49,$H$4:$H$488,$AC$3)/1000 -> 0 | AD49: =+SUMIFS($E$4:$E$488,$D$4:$D$488,N49,$H$4:$H$488,$AD$3)/1000 -> 0 | AE49: =+SUMIFS($E$4:$E$488,$D$4:$D$488,N49,$H$4:$H$488,$AE$3)/1000 -> 0 | AF49: =+SUMIFS($E$4:$E$488,$D$4:$D$488,N49,$H$4:$H$488,$AF$3)/1000 -> 0 | AG49: =AA49-SUM(AB49:AF49) -> 0
A50: =+SUBTOTAL(3,$B$4:B50) -> 0 | B50: ='Visual chart Edit'!B53 -> 10/1 | C50: ='Visual chart Edit'!C53 -> DA+0 | D50: Goonga | E50: ='Visual chart Edit'!I53 -> 443.7 | F50: ='Visual chart Edit'!K53 -> DRY | G50: ='Visual chart Edit'!L53 -> E | H50: C | N50: Katarda | O50: =+SUM(P50:S50) -> 12 | P50: =+COUNTIFS($D$4:$D$488,N50,$F$4:$F$488,"sandy")+COUNTIFS($D$4:$D$488,N50,$F$4:$F$488,"Dry")+COUNTIFS($D$4:$D$488,N50,$F$4:$F$488,"DFR")+COUNTIFS($D$4:$D$488,N50,$F$4:$F$488,"WFR")+COUNTIFS($D$4:$D$488,N50,$F$4:$F$488,"SFR") -> 12 | Q50: =+COUNTIFS($D$4:$D$488,N50,$F$4:$F$488,"WIP") -> 0 | R50: =+COUNTIFS($D$4:$D$488,N50,$F$4:$F$488,"Clear") -> 0 | S50: =+COUNTIFS($D$4:$D$488,N50,$F$4:$F$488,"ROW") -> 0 | T50: =+SUM(U50:Y50) -> 12 | U50: =+COUNTIFS($D$4:$D$488,N50,$G$4:$G$488,"E") -> 12 | V50: =+COUNTIFS($D$4:$D$488,N50,$G$4:$G$488,"WIP") -> 0 | W50: =+COUNTIFS($D$4:$D$488,N50,$G$4:$G$488,"Clear") -> 0 | X50: =+COUNTIFS($D$4:$D$488,N50,$G$4:$G$488,"ROW") -> 0 | Y50: =O50-X50-U50-W50-V50 -> 0 | Z50: =T50-U50 -> 0 | AA50: =+SUMIFS($E$4:$E$488,$D$4:$D$488,N50)/1000 -> 4.9329 | AB50: =+SUMIFS($E$4:$E$488,$D$4:$D$488,N50,$H$4:$H$488,$AB$3)/1000 -> 4.9329 | AC50: =+SUMIFS($E$4:$E$488,$D$4:$D$488,N50,$H$4:$H$488,$AC$3)/1000 -> 0 | AD50: =+SUMIFS($E$4:$E$488,$D$4:$D$488,N50,$H$4:$H$488,$AD$3)/1000 -> 0 | AE50: =+SUMIFS($E$4:$E$488,$D$4:$D$488,N50,$H$4:$H$488,$AE$3)/1000 -> 0 | AF50: =+SUMIFS($E$4:$E$488,$D$4:$D$488,N50,$H$4:$H$488,$AF$3)/1000 -> 0 | AG50: =AA50-SUM(AB50:AF50) -> 0
A51: =+SUBTOTAL(3,$B$4:B51) -> 0 | B51: ='Visual chart Edit'!B54 -> 10/2 | C51: ='Visual chart Edit'!C54 -> DA+0 | D51: Goonga | E51: ='Visual chart Edit'!I54 -> 383.2 | F51: ='Visual chart Edit'!K54 -> DFR | G51: ='Visual chart Edit'!L54 -> E | H51: C | N51: Karni Nagar | O51: =+SUM(P51:S51) -> 2 | P51: =+COUNTIFS($D$4:$D$488,N51,$F$4:$F$488,"sandy")+COUNTIFS($D$4:$D$488,N51,$F$4:$F$488,"Dry")+COUNTIFS($D$4:$D$488,N51,$F$4:$F$488,"DFR")+COUNTIFS($D$4:$D$488,N51,$F$4:$F$488,"WFR")+COUNTIFS($D$4:$D$488,N51,$F$4:$F$488,"SFR") -> 2 | Q51: =+COUNTIFS($D$4:$D$488,N51,$F$4:$F$488,"WIP") -> 0 | R51: =+COUNTIFS($D$4:$D$488,N51,$F$4:$F$488,"Clear") -> 0 | S51: =+COUNTIFS($D$4:$D$488,N51,$F$4:$F$488,"ROW") -> 0 | T51: =+SUM(U51:Y51) -> 2 | U51: =+COUNTIFS($D$4:$D$488,N51,$G$4:$G$488,"E") -> 2 | V51: =+COUNTIFS($D$4:$D$488,N51,$G$4:$G$488,"WIP") -> 0 | W51: =+COUNTIFS($D$4:$D$488,N51,$G$4:$G$488,"Clear") -> 0 | X51: =+COUNTIFS($D$4:$D$488,N51,$G$4:$G$488,"ROW") -> 0 | Y51: =O51-X51-U51-W51-V51 -> 0 | Z51: =T51-U51 -> 0 | AA51: =+SUMIFS($E$4:$E$488,$D$4:$D$488,N51)/1000 -> 0.8202 | AB51: =+SUMIFS($E$4:$E$488,$D$4:$D$488,N51,$H$4:$H$488,$AB$3)/1000 -> 0.8202 | AC51: =+SUMIFS($E$4:$E$488,$D$4:$D$488,N51,$H$4:$H$488,$AC$3)/1000 -> 0 | AD51: =+SUMIFS($E$4:$E$488,$D$4:$D$488,N51,$H$4:$H$488,$AD$3)/1000 -> 0 | AE51: =+SUMIFS($E$4:$E$488,$D$4:$D$488,N51,$H$4:$H$488,$AE$3)/1000 -> 0 | AF51: =+SUMIFS($E$4:$E$488,$D$4:$D$488,N51,$H$4:$H$488,$AF$3)/1000 -> 0 | AG51: =AA51-SUM(AB51:AF51) -> 0
A52: =+SUBTOTAL(3,$B$4:B52) -> 0 | B52: ='Visual chart Edit'!B55 -> 10/3 | C52: ='Visual chart Edit'!C55 -> DA+0 | D52: Goonga | E52: ='Visual chart Edit'!I55 -> 398.6 | F52: ='Visual chart Edit'!K55 -> DFR | G52: ='Visual chart Edit'!L55 -> E | H52: C | N52: Basni Jhoonthan | O52: =+SUM(P52:S52) -> 9 | P52: =+COUNTIFS($D$4:$D$488,N52,$F$4:$F$488,"sandy")+COUNTIFS($D$4:$D$488,N52,$F$4:$F$488,"Dry")+COUNTIFS($D$4:$D$488,N52,$F$4:$F$488,"DFR")+COUNTIFS($D$4:$D$488,N52,$F$4:$F$488,"WFR")+COUNTIFS($D$4:$D$488,N52,$F$4:$F$488,"SFR") -> 9 | Q52: =+COUNTIFS($D$4:$D$488,N52,$F$4:$F$488,"WIP") -> 0 | R52: =+COUNTIFS($D$4:$D$488,N52,$F$4:$F$488,"Clear") -> 0 | S52: =+COUNTIFS($D$4:$D$488,N52,$F$4:$F$488,"ROW") -> 0 | T52: =+SUM(U52:Y52) -> 9 | U52: =+COUNTIFS($D$4:$D$488,N52,$G$4:$G$488,"E") -> 9 | V52: =+COUNTIFS($D$4:$D$488,N52,$G$4:$G$488,"WIP") -> 0 | W52: =+COUNTIFS($D$4:$D$488,N52,$G$4:$G$488,"Clear") -> 0 | X52: =+COUNTIFS($D$4:$D$488,N52,$G$4:$G$488,"ROW") -> 0 | Y52: =O52-X52-U52-W52-V52 -> 0 | Z52: =T52-U52 -> 0 | AA52: =+SUMIFS($E$4:$E$488,$D$4:$D$488,N52)/1000 -> 3.7108 | AB52: =+SUMIFS($E$4:$E$488,$D$4:$D$488,N52,$H$4:$H$488,$AB$3)/1000 -> 3.7108 | AC52: =+SUMIFS($E$4:$E$488,$D$4:$D$488,N52,$H$4:$H$488,$AC$3)/1000 -> 0 | AD52: =+SUMIFS($E$4:$E$488,$D$4:$D$488,N52,$H$4:$H$488,$AD$3)/1000 -> 0 | AE52: =+SUMIFS($E$4:$E$488,$D$4:$D$488,N52,$H$4:$H$488,$AE$3)/1000 -> 0 | AF52: =+SUMIFS($E$4:$E$488,$D$4:$D$488,N52,$H$4:$H$488,$AF$3)/1000 -> 0 | AG52: =AA52-SUM(AB52:AF52) -> 0
A53: =+SUBTOTAL(3,$B$4:B53) -> 0 | B53: ='Visual chart Edit'!B56 -> 10/4 | C53: ='Visual chart Edit'!C56 -> DA+3 | D53: Goonga | E53: ='Visual chart Edit'!I56 -> 410.7 | F53: ='Visual chart Edit'!K56 -> DFR | G53: ='Visual chart Edit'!L56 -> E | H53: C | N53: Sardargarh | O53: =+SUM(P53:S53) -> 10 | P53: =+COUNTIFS($D$4:$D$488,N53,$F$4:$F$488,"sandy")+COUNTIFS($D$4:$D$488,N53,$F$4:$F$488,"Dry")+COUNTIFS($D$4:$D$488,N53,$F$4:$F$488,"DFR")+COUNTIFS($D$4:$D$488,N53,$F$4:$F$488,"WFR")+COUNTIFS($D$4:$D$488,N53,$F$4:$F$488,"SFR") -> 10 | Q53: =+COUNTIFS($D$4:$D$488,N53,$F$4:$F$488,"WIP") -> 0 | R53: =+COUNTIFS($D$4:$D$488,N53,$F$4:$F$488,"Clear") -> 0 | S53: =+COUNTIFS($D$4:$D$488,N53,$F$4:$F$488,"ROW") -> 0 | T53: =+SUM(U53:Y53) -> 10 | U53: =+COUNTIFS($D$4:$D$488,N53,$G$4:$G$488,"E") -> 10 | V53: =+COUNTIFS($D$4:$D$488,N53,$G$4:$G$488,"WIP") -> 0 | W53: =+COUNTIFS($D$4:$D$488,N53,$G$4:$G$488,"Clear") -> 0 | X53: =+COUNTIFS($D$4:$D$488,N53,$G$4:$G$488,"ROW") -> 0 | Y53: =O53-X53-U53-W53-V53 -> 0 | Z53: =T53-U53 -> 0 | AA53: =+SUMIFS($E$4:$E$488,$D$4:$D$488,N53)/1000 -> 3.7882 | AB53: =+SUMIFS($E$4:$E$488,$D$4:$D$488,N53,$H$4:$H$488,$AB$3)/1000 -> 3.7882 | AC53: =+SUMIFS($E$4:$E$488,$D$4:$D$488,N53,$H$4:$H$488,$AC$3)/1000 -> 0 | AD53: =+SUMIFS($E$4:$E$488,$D$4:$D$488,N53,$H$4:$H$488,$AD$3)/1000 -> 0 | AE53: =+SUMIFS($E$4:$E$488,$D$4:$D$488,N53,$H$4:$H$488,$AE$3)/1000 -> 0 | AF53: =+SUMIFS($E$4:$E$488,$D$4:$D$488,N53,$H$4:$H$488,$AF$3)/1000 -> 0 | AG53: =AA53-SUM(AB53:AF53) -> 0
A54: =+SUBTOTAL(3,$B$4:B54) -> 0 | B54: ='Visual chart Edit'!B57 -> 10/5 | C54: ='Visual chart Edit'!C57 -> DA+3 | D54: Goonga | E54: ='Visual chart Edit'!I57 -> 416.2 | F54: ='Visual chart Edit'!K57 -> DRY | G54: ='Visual chart Edit'!L57 -> E | H54: C
A55: =+SUBTOTAL(3,$B$4:B55) -> 0 | B55: ='Visual chart Edit'!B58 -> 10/6 | C55: ='Visual chart Edit'!C58 -> DA+0 | D55: Pusar | E55: ='Visual chart Edit'!I58 -> 403.4 | F55: ='Visual chart Edit'!K58 -> DFR | G55: ='Visual chart Edit'!L58 -> E | H55: C
A56: =+SUBTOTAL(3,$B$4:B56) -> 0 | B56: ='Visual chart Edit'!B59 -> 10/7 | C56: ='Visual chart Edit'!C59 -> DA+3 | D56: Pusar | E56: ='Visual chart Edit'!I59 -> 373.845 | F56: ='Visual chart Edit'!K59 -> DRY | G56: ='Visual chart Edit'!L59 -> E | H56: C
A57: =+SUBTOTAL(3,$B$4:B57) -> 0 | B57: ='Visual chart Edit'!B60 -> 10/8 | C57: ='Visual chart Edit'!C60 -> DA+3 | D57: Pusar | E57: ='Visual chart Edit'!I60 -> 411.823 | F57: ='Visual chart Edit'!K60 -> DFR | G57: ='Visual chart Edit'!L60 -> E | H57: C
A58: =+SUBTOTAL(3,$B$4:B58) -> 0 | B58: ='Visual chart Edit'!B61 -> 10/9 | C58: ='Visual chart Edit'!C61 -> DA+0 | D58: Pusar | E58: ='Visual chart Edit'!I61 -> 414.2 | F58: ='Visual chart Edit'!K61 -> DRY | G58: ='Visual chart Edit'!L61 -> E | H58: C
A59: =+SUBTOTAL(3,$B$4:B59) -> 0 | B59: ='Visual chart Edit'!B62 -> 10/10 | C59: ='Visual chart Edit'!C62 -> DA+3 | D59: Pusar | E59: ='Visual chart Edit'!I62 -> 402.3 | F59: ='Visual chart Edit'!K62 -> Sandy | G59: ='Visual chart Edit'!L62 -> E | H59: C
A60: =+SUBTOTAL(3,$B$4:B60) -> 0 | B60: ='Visual chart Edit'!B63 -> 10/11 | C60: ='Visual chart Edit'!C63 -> DA+3 | D60: Pusar | E60: ='Visual chart Edit'!I63 -> 430.3 | F60: ='Visual chart Edit'!K63 -> DRY | G60: ='Visual chart Edit'!L63 -> E | H60: C
A61: =+SUBTOTAL(3,$B$4:B61) -> 0 | B61: ='Visual chart Edit'!B64 -> 10/12 | C61: ='Visual chart Edit'!C64 -> DB1+0 | D61: Pusar | E61: ='Visual chart Edit'!I64 -> 406.2 | F61: ='Visual chart Edit'!K64 -> DRY | G61: ='Visual chart Edit'!L64 -> E | H61: C
A62: =+SUBTOTAL(3,$B$4:B62) -> 0 | B62: ='Visual chart Edit'!B65 -> 10/13 | C62: ='Visual chart Edit'!C65 -> DA+3 | D62: Pusar | E62: ='Visual chart Edit'!I65 -> 405.3 | F62: ='Visual chart Edit'!K65 -> DRY | G62: ='Visual chart Edit'!L65 -> E | H62: C | I62: C | J62: C | K62: C
A63: =+SUBTOTAL(3,$B$4:B63) -> 0 | B63: ='Visual chart Edit'!B66 -> 10/14 | C63: ='Visual chart Edit'!C66 -> DA+3 | D63: Pusar | E63: ='Visual chart Edit'!I66 -> 427.1 | F63: ='Visual chart Edit'!K66 -> DRY | G63: ='Visual chart Edit'!L66 -> E | H63: C | I63: C | J63: C | K63: C
A64: =+SUBTOTAL(3,$B$4:B64) -> 0 | B64: ='Visual chart Edit'!B67 -> 10/15 | C64: ='Visual chart Edit'!C67 -> DA+3 | D64: Pusar | E64: ='Visual chart Edit'!I67 -> 400 | F64: ='Visual chart Edit'!K67 -> DRY | G64: ='Visual chart Edit'!L67 -> E | H64: C | I64: C | J64: C | K64: C
A65: =+SUBTOTAL(3,$B$4:B65) -> 0 | B65: ='Visual chart Edit'!B68 -> 10/16 | C65: ='Visual chart Edit'!C68 -> DA+3 | D65: Pusar | E65: ='Visual chart Edit'!I68 -> 412.8 | F65: ='Visual chart Edit'!K68 -> DRY | G65: ='Visual chart Edit'!L68 -> E | H65: C | I65: C | J65: C | K65: C
A66: =+SUBTOTAL(3,$B$4:B66) -> 0 | B66: ='Visual chart Edit'!B69 -> 10/17 | C66: ='Visual chart Edit'!C69 -> DA+3 | D66: Pusar | E66: ='Visual chart Edit'!I69 -> 387.8 | F66: ='Visual chart Edit'!K69 -> DFR | G66: ='Visual chart Edit'!L69 -> E | H66: C | I66: C | J66: C | K66: C
A67: =+SUBTOTAL(3,$B$4:B67) -> 0 | B67: ='Visual chart Edit'!B70 -> 10/18 | C67: ='Visual chart Edit'!C70 -> DA+3 | D67: Pusar | E67: ='Visual chart Edit'!I70 -> 436.7 | F67: ='Visual chart Edit'!K70 -> DFR | G67: ='Visual chart Edit'!L70 -> E | H67: C | I67: C | J67: C | K67: C
A68: =+SUBTOTAL(3,$B$4:B68) -> 0 | B68: ='Visual chart Edit'!B71 -> 10/19 | C68: ='Visual chart Edit'!C71 -> DA+0 | D68: Pusar | E68: ='Visual chart Edit'!I71 -> 403.7 | F68: ='Visual chart Edit'!K71 -> DRY | G68: ='Visual chart Edit'!L71 -> E | H68: C | I68: C | J68: C | K68: C
A69: =+SUBTOTAL(3,$B$4:B69) -> 0 | B69: ='Visual chart Edit'!B72 -> 10/20 | C69: ='Visual chart Edit'!C72 -> DA+3 | D69: Bisoo Khurd | E69: ='Visual chart Edit'!I72 -> 409.5 | F69: ='Visual chart Edit'!K72 -> DFR | G69: ='Visual chart Edit'!L72 -> E | H69: C | I69: C | J69: C | K69: C
A70: =+SUBTOTAL(3,$B$4:B70) -> 0 | B70: ='Visual chart Edit'!B73 -> 10/21 | C70: ='Visual chart Edit'!C73 -> DA+3 | D70: Bisoo Khurd | E70: ='Visual chart Edit'!I73 -> 418.6 | F70: ='Visual chart Edit'!K73 -> DFR | G70: ='Visual chart Edit'!L73 -> E | H70: C | I70: C | J70: C | K70: C
A71: =+SUBTOTAL(3,$B$4:B71) -> 0 | B71: ='Visual chart Edit'!B74 -> 10/22 | C71: ='Visual chart Edit'!C74 -> DA+0 | D71: Bisoo Khurd | E71: ='Visual chart Edit'!I74 -> 410.3 | F71: ='Visual chart Edit'!K74 -> Sandy | G71: ='Visual chart Edit'!L74 -> E | H71: C | I71: C | J71: C | K71: C
A72: =+SUBTOTAL(3,$B$4:B72) -> 0 | B72: ='Visual chart Edit'!B75 -> 10/23 | C72: ='Visual chart Edit'!C75 -> DA+0 | D72: Bisoo Khurd | E72: ='Visual chart Edit'!I75 -> 384 | F72: ='Visual chart Edit'!K75 -> Sandy | G72: ='Visual chart Edit'!L75 -> E | H72: C | I72: C | J72: C | K72: C
A73: =+SUBTOTAL(3,$B$4:B73) -> 0 | B73: ='Visual chart Edit'!B76 -> 11/0 | C73: ='Visual chart Edit'!C76 -> DB1+0 | D73: Bisoo Khurd | E73: ='Visual chart Edit'!I76 -> 450.8 | F73: ='Visual chart Edit'!K76 -> Sandy | G73: ='Visual chart Edit'!L76 -> E | H73: C | I73: C | K73: C
A74: =+SUBTOTAL(3,$B$4:B74) -> 0 | B74: ='Visual chart Edit'!B77 -> 11/1 | C74: ='Visual chart Edit'!C77 -> DA+0 | D74: Bisoo Khurd | E74: ='Visual chart Edit'!I77 -> 384.2 | F74: ='Visual chart Edit'!K77 -> Sandy | G74: ='Visual chart Edit'!L77 -> E
A75: =+SUBTOTAL(3,$B$4:B75) -> 0 | B75: ='Visual chart Edit'!B78 -> 11/2 | C75: ='Visual chart Edit'!C78 -> DA+0 | D75: Bisoo Khurd | E75: ='Visual chart Edit'!I78 -> 338.6 | F75: ='Visual chart Edit'!K78 -> Sandy | G75: ='Visual chart Edit'!L78 -> E
A76: =+SUBTOTAL(3,$B$4:B76) -> 0 | B76: ='Visual chart Edit'!B79 -> 11/3 | C76: ='Visual chart Edit'!C79 -> DA+0 | D76: Bisoo Khurd | E76: ='Visual chart Edit'!I79 -> 370.7 | F76: ='Visual chart Edit'!K79 -> Sandy | G76: ='Visual chart Edit'!L79 -> E
A77: =+SUBTOTAL(3,$B$4:B77) -> 0 | B77: ='Visual chart Edit'!B80 -> 11/4 | C77: ='Visual chart Edit'!C80 -> DA+0 | D77: Bisoo Khurd | E77: ='Visual chart Edit'!I80 -> 434.1 | F77: ='Visual chart Edit'!K80 -> Sandy | G77: ='Visual chart Edit'!L80 -> E
A78: =+SUBTOTAL(3,$B$4:B78) -> 0 | B78: ='Visual chart Edit'!B81 -> 11/5 | C78: ='Visual chart Edit'!C81 -> DA+0 | D78: Bisoo Khurd | E78: ='Visual chart Edit'!I81 -> 368.1 | F78: ='Visual chart Edit'!K81 -> DFR | G78: ='Visual chart Edit'!L81 -> E
A79: =+SUBTOTAL(3,$B$4:B79) -> 0 | B79: ='Visual chart Edit'!B82 -> 11A/0 | C79: ='Visual chart Edit'!C82 -> DB1+0 | D79: Bisoo Khurd | E79: ='Visual chart Edit'!I82 -> 342.3 | F79: ='Visual chart Edit'!K82 -> DRY | G79: ='Visual chart Edit'!L82 -> E
A80: =+SUBTOTAL(3,$B$4:B80) -> 0 | B80: ='Visual chart Edit'!B83 -> 11A/1 | C80: ='Visual chart Edit'!C83 -> DA+3 | D80: Bisoo Khurd | E80: ='Visual chart Edit'!I83 -> 405.1 | F80: ='Visual chart Edit'!K83 -> DRY | G80: ='Visual chart Edit'!L83 -> E
A81: =+SUBTOTAL(3,$B$4:B81) -> 0 | B81: ='Visual chart Edit'!B84 -> 11A/2 | C81: ='Visual chart Edit'!C84 -> DA+0 | D81: Bisoo Khurd | E81: ='Visual chart Edit'!I84 -> 412.2 | F81: ='Visual chart Edit'!K84 -> DRY | G81: ='Visual chart Edit'!L84 -> E | I81: C
A82: =+SUBTOTAL(3,$B$4:B82) -> 0 | B82: ='Visual chart Edit'!B85 -> 11A/3 | C82: ='Visual chart Edit'!C85 -> DA+3 | D82: Bhiyad | E82: ='Visual chart Edit'!I85 -> 412.2 | F82: ='Visual chart Edit'!K85 -> DRY | G82: ='Visual chart Edit'!L85 -> E
A83: =+SUBTOTAL(3,$B$4:B83) -> 0 | B83: ='Visual chart Edit'!B86 -> 11A/4 | C83: ='Visual chart Edit'!C86 -> DA+3 | D83: Bhiyad | E83: ='Visual chart Edit'!I86 -> 422.1 | F83: ='Visual chart Edit'!K86 -> DRY | G83: ='Visual chart Edit'!L86 -> E
A84: =+SUBTOTAL(3,$B$4:B84) -> 0 | B84: ='Visual chart Edit'!B87 -> 11A/5 | C84: ='Visual chart Edit'!C87 -> DA+3 | D84: Bhiyad | E84: ='Visual chart Edit'!I87 -> 418.3 | F84: ='Visual chart Edit'!K87 -> DRY | G84: ='Visual chart Edit'!L87 -> E | I84: C
A85: =+SUBTOTAL(3,$B$4:B85) -> 0 | B85: ='Visual chart Edit'!B88 -> 11A/6 | C85: ='Visual chart Edit'!C88 -> DA+6 | D85: Bhiyad | E85: ='Visual chart Edit'!I88 -> 384.3 | F85: ='Visual chart Edit'!K88 -> DRY | G85: ='Visual chart Edit'!L88 -> E | I85: C
A86: =+SUBTOTAL(3,$B$4:B86) -> 0 | B86: ='Visual chart Edit'!B89 -> 11A/7 | C86: ='Visual chart Edit'!C89 -> DA+9 | D86: Bhiyad | E86: ='Visual chart Edit'!I89 -> 434.2 | F86: ='Visual chart Edit'!K89 -> Sandy | G86: ='Visual chart Edit'!L89 -> E | I86: C
A87: =+SUBTOTAL(3,$B$4:B87) -> 0 | B87: ='Visual chart Edit'!B90 -> 11A/8 | C87: ='Visual chart Edit'!C90 -> DA+6 | D87: Bhiyad | E87: ='Visual chart Edit'!I90 -> 390.1 | F87: ='Visual chart Edit'!K90 -> Sandy | G87: ='Visual chart Edit'!L90 -> E | I87: C
A88: =+SUBTOTAL(3,$B$4:B88) -> 0 | B88: ='Visual chart Edit'!B91 -> 11A/9 | C88: ='Visual chart Edit'!C91 -> DA+3 | D88: Bhiyad | E88: ='Visual chart Edit'!I91 -> 426.3 | F88: ='Visual chart Edit'!K91 -> DRY | G88: ='Visual chart Edit'!L91 -> E | I88: C
A89: =+SUBTOTAL(3,$B$4:B89) -> 0 | B89: ='Visual chart Edit'!B92 -> 12/0 | C89: ='Visual chart Edit'!C92 -> DD60+0 | D89: Bhiyad | E89: ='Visual chart Edit'!I92 -> 405.9 | F89: ='Visual chart Edit'!K92 -> DRY | G89: ='Visual chart Edit'!L92 -> E
A90: =+SUBTOTAL(3,$B$4:B90) -> 0 | B90: ='Visual chart Edit'!B93 -> 13/0 | C90: ='Visual chart Edit'!C93 -> DD60+3 | D90: Bhiyad | E90: ='Visual chart Edit'!I93 -> 211.9 | F90: ='Visual chart Edit'!K93 -> DRY | G90: ='Visual chart Edit'!L93 -> E | H90: WIP | I90: C
A91: =+SUBTOTAL(3,$B$4:B91) -> 0 | B91: ='Visual chart Edit'!B94 -> 13/1 | C91: ='Visual chart Edit'!C94 -> DA+9 | D91: Bhiyad | E91: ='Visual chart Edit'!I94 -> 464.3 | F91: ='Visual chart Edit'!K94 -> DRY | G91: ='Visual chart Edit'!L94 -> E | H91: WIP | I91: C
A92: =+SUBTOTAL(3,$B$4:B92) -> 0 | B92: ='Visual chart Edit'!B95 -> 13/2 | C92: ='Visual chart Edit'!C95 -> DA+3 | D92: Bhiyad | E92: ='Visual chart Edit'!I95 -> 373.7 | F92: ='Visual chart Edit'!K95 -> DRY | G92: ='Visual chart Edit'!L95 -> E | H92: WIP | I92: C
A93: =+SUBTOTAL(3,$B$4:B93) -> 0 | B93: ='Visual chart Edit'!B96 -> 13/3 | C93: ='Visual chart Edit'!C96 -> DA+3 | D93: Bhiyad | E93: ='Visual chart Edit'!I96 -> 419.7 | F93: ='Visual chart Edit'!K96 -> Sandy | G93: ='Visual chart Edit'!L96 -> E | H93: WIP | I93: C
A94: =+SUBTOTAL(3,$B$4:B94) -> 0 | B94: ='Visual chart Edit'!B97 -> 13/4 | C94: ='Visual chart Edit'!C97 -> DA+3 | D94: Bhiyad | E94: ='Visual chart Edit'!I97 -> 420.3 | F94: ='Visual chart Edit'!K97 -> DRY | G94: ='Visual chart Edit'!L97 -> E | H94: WIP | I94: C
A95: =+SUBTOTAL(3,$B$4:B95) -> 0 | B95: ='Visual chart Edit'!B98 -> 14/0 | C95: ='Visual chart Edit'!C98 -> DC2+0 | D95: Bhiyad | E95: ='Visual chart Edit'!I98 -> 400 | F95: ='Visual chart Edit'!K98 -> Sandy | G95: ='Visual chart Edit'!L98 -> E | H95: WIP | I95: C
A96: =+SUBTOTAL(3,$B$4:B96) -> 0 | B96: ='Visual chart Edit'!B99 -> 14A/0 | C96: ='Visual chart Edit'!C99 -> DC1+0 | D96: Bhiyad | E96: ='Visual chart Edit'!I99 -> 381.4 | F96: ='Visual chart Edit'!K99 -> DRY | G96: ='Visual chart Edit'!L99 -> E | H96: C | I96: C
A97: =+SUBTOTAL(3,$B$4:B97) -> 0 | B97: ='Visual chart Edit'!B100 -> 14A/1 | C97: ='Visual chart Edit'!C100 -> DA+3 | D97: Bhiyad | E97: ='Visual chart Edit'!I100 -> 412.765 | F97: ='Visual chart Edit'!K100 -> DRY | G97: ='Visual chart Edit'!L100 -> E
A98: =+SUBTOTAL(3,$B$4:B98) -> 0 | B98: ='Visual chart Edit'!B101 -> 14A/2 | C98: ='Visual chart Edit'!C101 -> DA+0 | D98: Bhiyad | E98: ='Visual chart Edit'!I101 -> 396.029 | F98: ='Visual chart Edit'!K101 -> DRY | G98: ='Visual chart Edit'!L101 -> E
A99: =+SUBTOTAL(3,$B$4:B99) -> 0 | B99: ='Visual chart Edit'!B102 -> 15/0 | C99: ='Visual chart Edit'!C102 -> DC1+0 | D99: Bhiyad | E99: ='Visual chart Edit'!I102 -> 383.3 | F99: ='Visual chart Edit'!K102 -> DRY | G99: ='Visual chart Edit'!L102 -> E
A100: =+SUBTOTAL(3,$B$4:B100) -> 0 | B100: ='Visual chart Edit'!B103 -> 15/1 | C100: ='Visual chart Edit'!C103 -> DA+3 | D100: Bhiyad | E100: ='Visual chart Edit'!I103 -> 404.6 | F100: ='Visual chart Edit'!K103 -> DRY | G100: ='Visual chart Edit'!L103 -> E
A101: =+SUBTOTAL(3,$B$4:B101) -> 0 | B101: ='Visual chart Edit'!B104 -> 16/0 | C101: ='Visual chart Edit'!C104 -> DC1+0 | D101: Bhiyad | E101: ='Visual chart Edit'!I104 -> 413.3 | F101: ='Visual chart Edit'!K104 -> DRY | G101: ='Visual chart Edit'!L104 -> E
A102: =+SUBTOTAL(3,$B$4:B102) -> 0 | B102: ='Visual chart Edit'!B105 -> 16/1 | C102: ='Visual chart Edit'!C105 -> DA+0 | D102: Bhiyad | E102: ='Visual chart Edit'!I105 -> 354.283 | F102: ='Visual chart Edit'!K105 -> DRY | G102: ='Visual chart Edit'!L105 -> E
A103: =+SUBTOTAL(3,$B$4:B103) -> 0 | B103: ='Visual chart Edit'!B106 -> 16/2 | C103: ='Visual chart Edit'!C106 -> DA+0 | D103: Bhiyad | E103: ='Visual chart Edit'!I106 -> 424.28 | F103: ='Visual chart Edit'!K106 -> DRY | G103: ='Visual chart Edit'!L106 -> E
...

Sheet Survey
A1: Progress Summary'!A1 | B1: KEC International Limited
B3: Survey status at TB-408
A4: Section | B4: Sl. No | C4: Section | E4: Section Length (in Mtrs) | F4: Detail Survey received Date | G4: Check Survey | M4: Total | N4: Susp. | O4: Tens.
C5: From | D5: To | G5: Status | H5: Date of Submission | I5: Further Modification date | J5: Approved Date | K5: Remarks | L5: Remarks
A6: 1 | B6: =+SUBTOTAL(3,($C$6:$C6)) -> 1 | C6: Gty | D6: 1/0 | E6: 122 | F6: 45213 | G6: Approved | H6: 45555 | J6: 45604 | K6: Clearances received on 15.07.2024 | M6: =+SUM(N6:O6) -> 1 | N6: 0 | O6: 1
A7: 1 | B7: =+SUBTOTAL(3,($C$6:$C7)) -> 2 | C7: 1/0 | D7: 1A/0 | E7: 90 | F7: 45213 | G7: Approved | H7: 45555 | J7: 45604 | K7: Clearances received on 15.07.2024 | M7: =+SUM(N7:O7) -> 1 | N7: 0 | O7: 1
A8: 1 | B8: =+SUBTOTAL(3,($C$6:$C8)) -> 3 | C8: 1/0 | D8: 2/0 | E8: 3438.766 | F8: 45213 | G8: Approved | H8: 45555 | J8: 45604 | K8: Clearances received on 15.07.2024 | M8: =+SUM(N8:O8) -> 1 | N8: 0 | O8: 1
A9: 1 | B9: =+SUBTOTAL(3,($C$6:$C9)) -> 4 | C9: 2/0 | D9: 3/0 | E9: 3823.508 | F9: 45213 | G9: Approved | H9: 45290 | J9: 45316 | K9: ROW from 26.12.2023 to 25.01.2024 | M9: =+SUM(N9:O9) -> 10 | N9: 9 | O9: 1
A10: 1 | B10: =+SUBTOTAL(3,($C$6:$C10)) -> 5 | C10: 3/0 | D10: 4/0 | E10: 226.52 | F10: 45213 | G10: Approved | H10: 45290 | J10: 45316 | K10: ROW from 26.12.2023 to 25.01.2024 | M10: =+SUM(N10:O10) -> 1 | N10: 0 | O10: 1
A11: 1 | B11: =+SUBTOTAL(3,($C$6:$C11)) -> 6 | C11: 4/0 | D11: 5/0 | E11: 1873.545 | F11: 45213 | G11: Approved | H11: 45290 | J11: 45316 | K11: ROW from 26.12.2023 to 25.01.2024 | M11: =+SUM(N11:O11) -> 5 | N11: 4 | O11: 1
A12: 1 | B12: =+SUBTOTAL(3,($C$6:$C12)) -> 7 | C12: 5/0 | D12: 6/0 | E12: 246.019 | F12: 45213 | G12: Approved | H12: 45290 | J12: 45316 | K12: ROW from 26.12.2023 to 25.01.2024 | M12: =+SUM(N12:O12) -> 1 | N12: 0 | O12: 1
A13: 1 | B13: =+SUBTOTAL(3,($C$6:$C13)) -> 8 | C13: 6/0 | D13: 7/0 | E13: 1140.147 | F13: 45213 | G13: Approved | H13: 45290 | J13: 45316 | K13: ROW from 26.12.2023 to 25.01.2024 | M13: =+SUM(N13:O13) -> 3 | N13: 2 | O13: 1
A14: 1 | B14: =+SUBTOTAL(3,($C$6:$C14)) -> 9 | C14: 7/0 | D14: 8/0 | E14: 210.755 | F14: 45213 | G14: Approved | H14: 45290 | J14: 45316 | K14: ROW from 26.12.2023 to 25.01.2024 | M14: =+SUM(N14:O14) -> 1 | N14: 0 | O14: 1
A15: 1 | B15: =+SUBTOTAL(3,($C$6:$C15)) -> 10 | C15: 8/0 | D15: 8/7 | E15: 2861.372 | F15: 45213 | G15: Approved | H15: 45290 | J15: 45316 | K15: ROW from 26.12.2023 to 25.01.2024 | M15: =+SUM(N15:O15) -> 7 | N15: 6 | O15: 1
A16: 1 | B16: =+SUBTOTAL(3,($C$6:$C16)) -> 11 | C16: 8/7 | D16: 9/0 | E16: 2456.044 | F16: 45213 | G16: Approved | H16: 45290 | J16: 45316 | K16: ROW from 26.12.2023 to 25.01.2024 | M16: =+SUM(N16:O16) -> 6 | N16: 5 | O16: 1
A17: 1 | B17: =+SUBTOTAL(3,($C$6:$C17)) -> 12 | C17: 9/0 | D17: 10/0 | E17: 233.076 | F17: 45213 | G17: Approved | H17: 45290 | J17: 45316 | K17: ROW from 26.12.2023 to 25.01.2024 | M17: =+SUM(N17:O17) -> 1 | N17: 0 | O17: 1
... A31: 1 | B31: =+SUBTOTAL(3,($C$6:$C31)) -> 26 | C31: 20/0 | D31: 21/0 | E31: 1477.254 | F31: 45213 | G31: Approved | H31: 45841 | J31: 45850 | K31: ROW Cleared on 23/6/2025, Check survey completed on the same day. | M31: =+SUM(N31:O31) -> 4 | N31: 3 | O31: 1
A32: 1 | B32: =+SUBTOTAL(3,($C$6:$C32)) -> 27 | C32: 21/0 | D32: 22/0 | E32: 4578.525 | F32: 45213 | G32: Approved | H32: 45251 | I32: 45265 | J32: 45274 | K32: ROW from 06.12.2023 to 14.12.2023 | M32: =+SUM(N32:O32) -> 11 | N32: 10 | O32: 1
A33: 1 | B33: =+SUBTOTAL(3,($C$6:$C33)) -> 28 | C33: 22/0 | D33: 22/8 | E33: 3184.049 | F33: 45213 | G33: Approved | H33: 45251 | I33: 45265 | J33: 45274 | K33: ROW from 06.12.2023 to 14.12.2023 | M33: =+SUM(N33:O33) -> 8 | N33: 7 | O33: 1
A34: 1 | B34: =+SUBTOTAL(3,($C$6:$C34)) -> 29 | C34: 22/8 | D34: 23/0 | E34: 2294.809 | F34: 45213 | G34: Approved | H34: 45251 | I34: 45265 | J34: 45274 | K34: ROW from 06.12.2023 to 14.12.2023 | M34: =+SUM(N34:O34) -> 6 | N34: 5 | O34: 1
A35: 1 | B35: =+SUBTOTAL(3,($C$6:$C35)) -> 30 | C35: 23/0 | D35: 24/0 | E35: 222.155 | F35: 45213 | G35: Approved | H35: 45251 | I35: 45265 | J35: 45274 | K35: ROW from 06.12.2023 to 14.12.2023 | M35: =+SUM(N35:O35) -> 1 | N35: 0 | O35: 1
A36: 1 | B36: =+SUBTOTAL(3,($C$6:$C36)) -> 31 | C36: 24/0 | D36: 25/0 | E36: 433.889 | F36: 45213 | G36: Approved | H36: 45251 | I36: 45265 | J36: 45274 | K36: ROW from 06.12.2023 to 14.12.2023 | M36: =+SUM(N36:O36) -> 1 | N36: 0 | O36: 1
A37: 1 | B37: =+SUBTOTAL(3,($C$6:$C37)) -> 32 | C37: 25/0 | D37: 26/0 | E37: 1970.278 | F37: 45213 | G37: Approved | H37: 45236 | J37: 45252 | M37: =+SUM(N37:O37) -> 5 | N37: 4 | O37: 1
A38: 1 | B38: =+SUBTOTAL(3,($C$6:$C38)) -> 33 | C38: 26/0 | D38: 27/0 | E38: 3664.173 | F38: 45213 | G38: Approved | H38: 45236 | J38: 45252 | M38: =+SUM(N38:O38) -> 9 | N38: 8 | O38: 1
A39: 1 | B39: =+SUBTOTAL(3,($C$6:$C39)) -> 34 | C39: 27/0 | D39: 27/7 | E39: 2810.22 | F39: 45213 | G39: Approved | H39: 45236 | J39: 45252 | M39: =+SUM(N39:O39) -> 7 | N39: 6 | O39: 1
A40: 1 | B40: =+SUBTOTAL(3,($C$6:$C40)) -> 35 | C40: 27/7 | D40: 28/0 | E40: 2386.877 | F40: 45213 | G40: Approved | H40: 45236 | J40: 45252 | M40: =+SUM(N40:O40) -> 6 | N40: 5 | O40: 1
A41: 1 | B41: =+SUBTOTAL(3,($C$6:$C41)) -> 36 | C41: 28/0 | D41: 29/0 | E41: 3639.092 | F41: 45213 | G41: Approved | H41: 45240 | I41: 45267 | J41: 45252 | K41: Modifications due to shifting. | M41: =+SUM(N41:O41) -> 9 | N41: 8 | O41: 1
A42: 1 | B42: =+SUBTOTAL(3,($C$6:$C42)) -> 37 | C42: 29/0 | D42: 30/0 | E42: 2010.644 | F42: 45213 | G42: Approved | H42: 45240 | I42: 45267 | J42: 45252 | K42: Modifications due to shifting. | M42: =+SUM(N42:O42) -> 5 | N42: 4 | O42: 1
A43: 1 | B43: =+SUBTOTAL(3,($C$6:$C43)) -> 38 | C43: 30/0 | D43: 31/0 | E43: 2719.335 | F43: 45213 | G43: Approved | H43: 45240 | I43: 45267 | J43: 45252 | K43: Modifications due to shifting. | M43: =+SUM(N43:O43) -> 7 | N43: 6 | O43: 1
A44: 1 | B44: =+SUBTOTAL(3,($C$6:$C44)) -> 39 | C44: 31/0 | D44: 32/0 | E44: 1082.475 | F44: 45213 | G44: Approved | H44: 45240 | I44: 45267 | J44: 45252 | K44: ROW from 21.12.2023 to 29.12.2023 | M44: =+SUM(N44:O44) -> 3 | N44: 2 | O44: 1
A45: 1 | B45: =+SUBTOTAL(3,($C$6:$C45)) -> 40 | C45: 32/0 | D45: 33/0 | E45: 2074.99 | F45: 45213 | G45: Approved | H45: 45281 | I45: 45347 | J45: 29-12-2023/06/09/2024 | K45: ROW from 21.12.2023 to 29.12.2023 | M45: =+SUM(N45:O45) -> 5 | N45: 4 | O45: 1
A46: 1 | B46: =+SUBTOTAL(3,($C$6:$C46)) -> 41 | C46: 33/0 | D46: 34/0 | E46: 672.091 | F46: 45213 | G46: Approved | H46: 45281 | I46: 45347 | J46: 29-12-2023/06/09/2024 | K46: ROW from 21.12.2023 to 29.12.2023 | M46: =+SUM(N46:O46) -> 2 | N46: 1 | O46: 1
A47: 1 | B47: =+SUBTOTAL(3,($C$6:$C47)) -> 42 | C47: 34/0 | D47: 35/0 | E47: 2048.196 | F47: 45213 | G47: Approved | H47: 45281 | I47: 45347 | J47: 29-12-2023/06/09/2024 | K47: resurvey to be done in AP36 to AP40. Confirmed on 20.5.24 | M47: =+SUM(N47:O47) -> 5 | N47: 4 | O47: 1
A48: 1 | B48: =+SUBTOTAL(3,($C$6:$C48)) -> 43 | C48: 35/0 | D48: 35/2 | E48: 775.496 | F48: 45213 | G48: Approved | H48: 45281 | I48: 45347 | J48: 29-12-2023/06/09/2024 | K48: resurvey to be done in AP36 to AP40. Confirmed on 20.5.24 | M48: =+SUM(N48:O48) -> 2 | N48: 1 | O48: 1
A49: 1 | B49: =+SUBTOTAL(3,($C$6:$C49)) -> 44 | C49: 35/2 | D49: 35/3 | E49: 504.678 | F49: 45213 | G49: Approved | H49: 45281 | I49: 45347 | J49: 29-12-2023/06/09/2024 | K49: resurvey to be done in AP36 to AP40. Confirmed on 20.5.24 | M49: =+SUM(N49:O49) -> 1 | N49: 0 | O49: 1
A50: 1 | B50: =+SUBTOTAL(3,($C$6:$C50)) -> 45 | C50: 35/3 | D50: 36/0 | E50: 1180.197 | F50: 45213 | G50: Approved | H50: 45281 | I50: 45347 | J50: 29-12-2023/06/09/2024 | K50: resurvey to be done in AP36 to AP40. Confirmed on 20.5.24 | M50: =+SUM(N50:O50) -> 3 | N50: 2 | O50: 1
A51: 1 | B51: =+SUBTOTAL(3,($C$6:$C51)) -> 46 | C51: 36/0 | D51: 37/0 | E51: 1883.954 | F51: 45213 | G51: Approved | H51: 45281 | I51: 45347 | J51: 29-12-2023/06/09/2024 | K51: resurvey to be done in AP36 to AP40. Confirmed on 20.5.24 | M51: =+SUM(N51:O51) -> 5 | N51: 4 | O51: 1
A52: 1 | B52: =+SUBTOTAL(3,($C$6:$C52)) -> 47 | C52: 37/0 | D52: 37/3 | E52: 1138.536 | F52: 45213 | G52: Approved | H52: 45347 | J52: 45637 | K52: Resurvey to be done in AP36 to AP40. Confirmed on 20.5.24 | M52: =+SUM(N52:O52) -> 3 | N52: 2 | O52: 1
A53: 1 | B53: =+SUBTOTAL(3,($C$6:$C53)) -> 48 | C53: 37/3 | D53: 38/0 | E53: 594.059 | F53: 45213 | G53: Approved | H53: 45347 | J53: 45637 | K53: Resurvey to be done in AP36 to AP40. Confirmed on 20.5.24 | M53: =+SUM(N53:O53) -> 1 | N53: 0 | O53: 1
A54: 1 | B54: =+SUBTOTAL(3,($C$6:$C54)) -> 49 | C54: 38/0 | D54: 39/0 | E54: 2063.067 | F54: 45213 | G54: Approved | H54: 45626 | J54: 45637 | K54: ROW from 06.12.2023 to 10.10.2024 | M54: =+SUM(N54:O54) -> 5 | N54: 4 | O54: 1
A55: 1 | B55: =+SUBTOTAL(3,($C$6:$C55)) -> 50 | C55: 39/0 | D55: 40/0 | E55: 684.371 | F55: 45213 | G55: Approved | H55: 45626 | J55: 45637 | K55: ROW from 06.12.2023 to 10.10.2024 | M55: =+SUM(N55:O55) -> 2 | N55: 1 | O55: 1
A56: 1 | B56: =+SUBTOTAL(3,($C$6:$C56)) -> 51 | C56: 40/0 | D56: 40/3 | E56: 1183.8 | G56: Approved | H56: 45466 | J56: 45476 | K56: ROW Since 27/1/24 | M56: =+SUM(N56:O56) -> 3 | N56: 2 | O56: 1
A57: 1 | B57: =+SUBTOTAL(3,($C$6:$C57)) -> 52 | C57: 40/3 | D57: 41/0 | E57: 478.3 | G57: Approved | H57: 45466 | J57: 45476 | K57: ROW Since 27/1/24 | M57: =+SUM(N57:O57) -> 1 | N57: 0 | O57: 1
A58: 1 | B58: =+SUBTOTAL(3,($C$6:$C58)) -> 53 | C58: 41/0 | D58: 41/1 | E58: 312.3 | G58: Approved | H58: 45466 | J58: 45476 | K58: ROW Since 27/1/24 | M58: =+SUM(N58:O58) -> 1 | N58: 0 | O58: 1
A59: 1 | B59: =+SUBTOTAL(3,($C$6:$C59)) -> 54 | C59: 41/1 | D59: 42/0 | E59: 818.5 | G59: Approved | H59: 45466 | J59: 45476 | K59: ROW Since 27/1/24 | M59: =+SUM(N59:O59) -> 2 | N59: 1 | O59: 1
A60: 1 | B60: =+SUBTOTAL(3,($C$6:$C60)) -> 55 | C60: 42/0 | D60: 43/0 | E60: 2607.2 | G60: Approved | H60: 45466 | J60: 45476 | K60: ROW Since 27/1/24 | M60: =+SUM(N60:O60) -> 7 | N60: 6 | O60: 1
A61: 1 | B61: =+SUBTOTAL(3,($C$6:$C61)) -> 56 | C61: 43/0 | D61: 44/0 | E61: 4912.9 | G61: Approved | H61: 45466 | J61: 45476 | M61: =+SUM(N61:O61) -> 12 | N61: 11 | O61: 1
A62: 2 | B62: =+SUBTOTAL(3,($C$6:$C62)) -> 57 | C62: 44/0 | D62: 44/3 | E62: 1258.6 | G62: Approved | H62: 45479 | J62: 45497 | M62: =+SUM(N62:O62) -> 3 | N62: 2 | O62: 1
A63: 2 | B63: =+SUBTOTAL(3,($C$6:$C63)) -> 58 | C63: 44/3 | D63: 44/8 | E63: 1995.5 | G63: Approved | H63: 45479 | J63: 45497 | M63: =+SUM(N63:O63) -> 5 | N63: 4 | O63: 1
A64: 2 | B64: =+SUBTOTAL(3,($C$6:$C64)) -> 59 | C64: 44/8 | D64: 45/0 | E64: 1448.6 | G64: Approved | H64: 45479 | J64: 45497 | M64: =+SUM(N64:O64) -> 4 | N64: 3 | O64: 1
A65: 2 | B65: =+SUBTOTAL(3,($C$6:$C65)) -> 60 | C65: 45/0 | D65: 46/0 | E65: 701.4 | G65: Approved | H65: 45479 | J65: 45497 | M65: =+SUM(N65:O65) -> 2 | N65: 1 | O65: 1
A66: 2 | B66: =+SUBTOTAL(3,($C$6:$C66)) -> 61 | C66: 46/0 | D66: 47/0 | E66: 197.7 | G66: Approved | H66: 45479 | J66: 45497 | M66: =+SUM(N66:O66) -> 1 | N66: 0 | O66: 1
A67: 2 | B67: =+SUBTOTAL(3,($C$6:$C67)) -> 62 | C67: 47/0 | D67: 48/0 | E67: 4479.5 | G67: Approved | H67: 45328 | J67: 45351 | M67: =+SUM(N67:O67) -> 11 | N67: 10 | O67: 1
A68: 2 | B68: =+SUBTOTAL(3,($C$6:$C68)) -> 63 | C68: 48/0 | D68: 49/0 | E68: 809.9 | G68: Approved | H68: 45328 | J68: 45351 | M68: =+SUM(N68:O68) -> 2 | N68: 1 | O68: 1
A69: 2 | B69: =+SUBTOTAL(3,($C$6:$C69)) -> 64 | C69: 49/0 | D69: 50/0 | E69: 3248.6 | G69: Approved | H69: 45328 | J69: 45351 | M69: =+SUM(N69:O69) -> 8 | N69: 7 | O69: 1
A70: 2 | B70: =+SUBTOTAL(3,($C$6:$C70)) -> 65 | C70: 50/0 | D70: 51/0 | E70: 4444.1 | G70: Approved | H70: 45328 | J70: 45351 | M70: =+SUM(N70:O70) -> 11 | N70: 10 | O70: 1
A71: 2 | B71: =+SUBTOTAL(3,($C$6:$C71)) -> 66 | C71: 51/0 | D71: 52/0 | E71: 1048.7 | G71: Approved | H71: 45328 | J71: 45351 | M71: =+SUM(N71:O71) -> 3 | N71: 2 | O71: 1
A72: 2 | B72: =+SUBTOTAL(3,($C$6:$C72)) -> 67 | C72: 52/0 | D72: 53/0 | E72: 4534.9 | G72: Approved | H72: 45290 | J72: 45300 | M72: =+SUM(N72:O72) -> 11 | N72: 10 | O72: 1
... A90: 2 | B90: =+SUBTOTAL(3,($C$6:$C90)) -> 85 | C90: 69/0 | D90: 70/0 | E90: 769 | G90: Approved | H90: 45315 | J90: 45322 | M90: =+SUM(N90:O90) -> 2 | N90: 1 | O90: 1
A91: 2 | B91: =+SUBTOTAL(3,($C$6:$C91)) -> 86 | C91: 70/0 | D91: 71/0 | E91: 4966.8 | G91: Approved | H91: 45628 | J91: 45636 | K91: ROW Since 20/1/24. | M91: =+SUM(N91:O91) -> 12 | N91: 11 | O91: 1
A92: 2 | B92: =+SUBTOTAL(3,($C$6:$C92)) -> 87 | C92: 71/0 | D92: 72/0 | E92: 3676 | G92: Approved | H92: 45344 | J92: 45432 | M92: =+SUM(N92:O92) -> 9 | N92: 8 | O92: 1
A93: 2 | B93: =+SUBTOTAL(3,($C$6:$C93)) -> 88 | C93: 72/0 | D93: 73/0 | E93: 1628.5 | G93: Approved | H93: 45344 | J93: 45432 | M93: =+SUM(N93:O93) -> 4 | N93: 3 | O93: 1
A94: 2 | B94: =+SUBTOTAL(3,($C$6:$C94)) -> 89 | C94: 73/0 | D94: 74/0 | E94: 3788.2 | G94: Approved | H94: 45524 | J94: 45531 | K94: Approved. | M94: =+SUM(N94:O94) -> 10 | N94: 9 | O94: 1
B95: Total (Part-1 & Part-2) | E95: =+SUM(E6:E94) -> 191373.67 | M95: =+SUM(M6:M94) -> 477 | N95: =+SUM(N6:N94) -> 388 | O95: =+SUM(O6:O94) -> 89

Sheet Foundation
A1: Progress Summary'!A1
A2: Name of Project : 765KV D/C Fatehgarh- Beawar Transmission Line
A3: List of Completed Foundations
A5: Sr. No. | B5: Completion Months | C5: Loc. No. | D5: Tower Type | E5: Soil Classification | F5: Date of Pit marking Till oct-24/ after Oct casting start date | G5: Fdn Comp. Date | H5: Vendor's Name | I5: KEC Section In-Charge
A8: =+SUBTOTAL(3,$E$8:$E8) -> 1 | B8: 45200 | C8: 36/1 | D8: =+VLOOKUP(C8,'Visual chart Edit'!$B$7:$C$491,2,FALSE) -> DA+3 | E8: Sandy | F8: 45197 | G8: 45203 | H8: Nagana Ray and company | I8: Kuntal Debnath
A9: =+SUBTOTAL(3,$E$8:$E9) -> 2 | B9: 45261 | C9: 61/3 | D9: =+VLOOKUP(C9,'Visual chart Edit'!$B$7:$C$491,2,FALSE) -> DA+6 | E9: DRY | F9: 45273 | G9: 45274 | H9: Manoj Sharma | I9: R T Singh
A10: =+SUBTOTAL(3,$E$8:$E10) -> 3 | B10: 45261 | C10: 27/12 | D10: =+VLOOKUP(C10,'Visual chart Edit'!$B$7:$C$491,2,FALSE) -> DA+3 | E10: Sandy | F10: 45266 | G10: 45278 | H10: Nagana Ray And Company | I10: Ajay Yadav
A11: =+SUBTOTAL(3,$E$8:$E11) -> 4 | B11: 45261 | C11: 62/6 | D11: =+VLOOKUP(C11,'Visual chart Edit'!$B$7:$C$491,2,FALSE) -> DA+3 | E11: DRY | F11: 45276 | G11: 45278 | H11: Shakti Construction | I11: Rakesh Pathak
A12: =+SUBTOTAL(3,$E$8:$E12) -> 5 | B12: 45261 | C12: 59/14 | D12: =+VLOOKUP(C12,'Visual chart Edit'!$B$7:$C$491,2,FALSE) -> DA+6 | E12: DRY | F12: 45277 | G12: 45278 | H12: Manoj Sharma | I12: R T Singh
A13: =+SUBTOTAL(3,$E$8:$E13) -> 6 | B13: 45261 | C13: 62/7 | D13: =+VLOOKUP(C13,'Visual chart Edit'!$B$7:$C$491,2,FALSE) -> DA+3 | E13: DRY | F13: 45279 | G13: 45281 | H13: Shakti Construction | I13: Rakesh Pathak
A14: =+SUBTOTAL(3,$E$8:$E14) -> 7 | B14: 45261 | C14: 59/13 | D14: =+VLOOKUP(C14,'Visual chart Edit'!$B$7:$C$491,2,FALSE) -> DA+3 | E14: DRY | F14: 45281 | G14: 45281 | H14: Manoj Sharma | I14: R T Singh
A15: =+SUBTOTAL(3,$E$8:$E15) -> 8 | B15: 45261 | C15: 27/10 | D15: =+VLOOKUP(C15,'Visual chart Edit'!$B$7:$C$491,2,FALSE) -> DA+3 | E15: DFR | F15: 45279 | G15: 45284 | H15: Nagana Ray And Company | I15: Jeetu Sachan
A16: =+SUBTOTAL(3,$E$8:$E16) -> 9 | B16: 45261 | C16: 63/8 | D16: =+VLOOKUP(C16,'Visual chart Edit'!$B$7:$C$491,2,FALSE) -> DA+3 | E16: DRY | F16: 45282 | G16: 45284 | H16: Mahadev Eng | I16: Rakesh Pathak
A17: =+SUBTOTAL(3,$E$8:$E17) -> 10 | B17: 45261 | C17: 59/10 | D17: =+VLOOKUP(C17,'Visual chart Edit'!$B$7:$C$491,2,FALSE) -> DA+0 | E17: DRY | F17: 45283 | G17: 45284 | H17: Manoj Sharma | I17: R T Singh
A18: =+SUBTOTAL(3,$E$8:$E18) -> 11 | B18: 45261 | C18: 62/5 | D18: =+VLOOKUP(C18,'Visual chart Edit'!$B$7:$C$491,2,FALSE) -> DA+0 | E18: DRY | F18: 45282 | G18: 45285 | H18: Shakti Construction | I18: Rakesh Pathak
A19: =+SUBTOTAL(3,$E$8:$E19) -> 12 | B19: 45261 | C19: 59/9 | D19: =+VLOOKUP(C19,'Visual chart Edit'!$B$7:$C$491,2,FALSE) -> DA+3 | E19: DRY | F19: 45285 | G19: 45286 | H19: Manoj Sharma | I19: R T Singh
... A126: =+SUBTOTAL(3,$E$8:$E126) -> 119 | B126: 45352 | C126: 47/9 | D126: =+VLOOKUP(C126,'Visual chart Edit'!$B$7:$C$491,2,FALSE) -> DA+3 | E126: Sandy | F126: 45372 | G126: 45374 | H126: Bhati Const. | I126: R T Singh
A127: =+SUBTOTAL(3,$E$8:$E127) -> 120 | B127: 45352 | C127: 47/8 | D127: =+VLOOKUP(C127,'Visual chart Edit'!$B$7:$C$491,2,FALSE) -> DA+0 | E127: Sandy | F127: 45377 | G127: 45380 | H127: Bhati Const.
A128: =+SUBTOTAL(3,$E$8:$E128) -> 121 | B128: 45352 | C128: 47/7 | D128: =+VLOOKUP(C128,'Visual chart Edit'!$B$7:$C$491,2,FALSE) -> DA+3 | E128: Sandy | F128: 45381 | G128: 45382 | H128: Bhati Const.
A129: =+SUBTOTAL(3,$E$8:$E129) -> 122 | B129: 45383 | C129: 50/9 | D129: =+VLOOKUP(C129,'Visual chart Edit'!$B$7:$C$491,2,FALSE) -> DA+0 | E129: Sandy | F129: 45373 | G129: 45383 | H129: Shakti Construction | I129: R T Singh
A130: =+SUBTOTAL(3,$E$8:$E130) -> 123 | B130: 45383 | C130: 48/0 | D130: =+VLOOKUP(C130,'Visual chart Edit'!$B$7:$C$491,2,FALSE) -> DC2+0 | E130: Sandy | F130: 45385 | G130: 45389 | H130: Bhati Const. | I130: R T Singh
A131: =+SUBTOTAL(3,$E$8:$E131) -> 124 | B131: 45383 | C131: 50/10 | D131: =+VLOOKUP(C131,'Visual chart Edit'!$B$7:$C$491,2,FALSE) -> DA+0 | E131: Sandy | F131: 45385 | G131: 45390 | H131: Shakti Construction | I131: R T Singh
A132: =+SUBTOTAL(3,$E$8:$E132) -> 125 | B132: 45383 | C132: 51/1 | D132: =+VLOOKUP(C132,'Visual chart Edit'!$B$7:$C$491,2,FALSE) -> DA+0 | E132: Sandy | F132: 45390 | G132: 45395 | H132: Shakti Construction
A133: =+SUBTOTAL(3,$E$8:$E133) -> 126 | B133: 45383 | C133: 48/1 | D133: =+VLOOKUP(C133,'Visual chart Edit'!$B$7:$C$491,2,FALSE) -> DA+9 | E133: Sandy | F133: 45390 | G133: 45397 | H133: Veerteja Enterprises | I133: R T Singh
A134: =+SUBTOTAL(3,$E$8:$E134) -> 127 | B134: 45383 | C134: 50/8 | D134: =+VLOOKUP(C134,'Visual chart Edit'!$B$7:$C$491,2,FALSE) -> DA+9 | E134: Sandy | F134: 45396 | G134: 45401 | H134: Shakti Construction | I134: R T Singh
A135: =+SUBTOTAL(3,$E$8:$E135) -> 128 | B135: 45383 | C135: 49/1 | D135: =+VLOOKUP(C135,'Visual chart Edit'!$B$7:$C$491,2,FALSE) -> DA+0 | E135: Sandy | F135: 45399 | G135: 45402 | H135: Veerteja Enterprises | I135: R T Singh
A136: =+SUBTOTAL(3,$E$8:$E136) -> 129 | B136: 45413 | C136: 49/0 | D136: =+VLOOKUP(C136,'Visual chart Edit'!$B$7:$C$491,2,FALSE) -> DD45+0 | E136: Sandy | F136: 45404 | G136: 45415 | H136: Veerteja Enterprises | I136: R T Singh
A137: =+SUBTOTAL(3,$E$8:$E137) -> 130 | B137: 45413 | C137: 43/6 | D137: =+VLOOKUP(C137,'Visual chart Edit'!$B$7:$C$491,2,FALSE) -> DA+3 | E137: Sandy | F137: 45414 | G137: 45420 | H137: Bande Bharat Group | I137: Kuntal Debnath
A138: =+SUBTOTAL(3,$E$8:$E138) -> 131 | B138: 45413 | C138: 8/7 | D138: =+VLOOKUP(C138,'Visual chart Edit'!$B$7:$C$491,2,FALSE) -> DB1+0 | E138: DRY | F138: 45417 | G138: 45422 | H138: Mateshwari Const. | I138: Abhijit Dutta
A139: =+SUBTOTAL(3,$E$8:$E139) -> 132 | B139: 45413 | C139: 50/7 | D139: =+VLOOKUP(C139,'Visual chart Edit'!$B$7:$C$491,2,FALSE) -> DA+0 | E139: Sandy | F139: 45417 | G139: 45422 | H139: Veerteja Enterprises | I139: R T Singh
A140: =+SUBTOTAL(3,$E$8:$E140) -> 133 | B140: 45413 | C140: 8/10 | D140: =+VLOOKUP(C140,'Visual chart Edit'!$B$7:$C$491,2,FALSE) -> DA+3 | E140: DFR | F140: 45426 | G140: 45430 | H140: Mateshwari Const. | I140: Abhijit Dutta
A141: =+SUBTOTAL(3,$E$8:$E141) -> 134 | B141: 45413 | C141: 50/1 | D141: =+VLOOKUP(C141,'Visual chart Edit'!$B$7:$C$491,2,FALSE) -> DA+6 | E141: Sandy | F141: 45426 | G141: 45430 | H141: Veerteja Enterprises | I141: R T Singh
A142: =+SUBTOTAL(3,$E$8:$E142) -> 135 | B142: 45413 | C142: 47/6 | D142: =+VLOOKUP(C142,'Visual chart Edit'!$B$7:$C$491,2,FALSE) -> DA+3 | E142: Sandy | F142: 45427 | G142: 45430 | H142: Bhati Const. | I142: R T Singh
A143: =+SUBTOTAL(3,$E$8:$E143) -> 136 | B143: 45413 | C143: 52/3 | D143: =+VLOOKUP(C143,'Visual chart Edit'!$B$7:$C$491,2,FALSE) -> DA+9 | E143: Sandy | F143: 45426 | G143: 45437 | H143: Sb Mehar Const. | I143: R T Singh
A144: =+SUBTOTAL(3,$E$8:$E144) -> 137 | B144: 45413 | C144: 47/2 | D144: =+VLOOKUP(C144,'Visual chart Edit'!$B$7:$C$491,2,FALSE) -> DA+9 | E144: Sandy | F144: 45435 | G144: 45438 | H144: Bhati Const. | I144: R T Singh
... A209: =+SUBTOTAL(3,$E$8:$E209) -> 202 | B209: 45536 | C209: 50/3 | D209: =+VLOOKUP(C209,'Visual chart Edit'!$B$7:$C$491,2,FALSE) -> DA+6 | E209: Sandy | F209: 45536 | G209: 45545 | H209: Kalpana Const. | I209: R T Singh
A210: =+SUBTOTAL(3,$E$8:$E210) -> 203 | B210: 45536 | C210: 73/0 | D210: =+VLOOKUP(C210,'Visual chart Edit'!$B$7:$C$491,2,FALSE) -> DB2+0 | E210: DRY | F210: 45544 | G210: 45545 | H210: Shree Shyam Const.
A211: =+SUBTOTAL(3,$E$8:$E211) -> 204 | B211: 45536 | C211: 73/9 | D211: =+VLOOKUP(C211,'Visual chart Edit'!$B$7:$C$491,2,FALSE) -> DA+0 | E211: DRY | F211: 45543 | G211: 45546 | H211: Shakti Construction
A212: =+SUBTOTAL(3,$E$8:$E212) -> 205 | B212: 45536 | C212: 73/2 | D212: =+VLOOKUP(C212,'Visual chart Edit'!$B$7:$C$491,2,FALSE) -> DA+0 | E212: DRY | F212: 45547 | G212: 45548 | H212: Shree Shyam Const.
A213: =+SUBTOTAL(3,$E$8:$E213) -> 206 | B213: 45536 | C213: 25/0 | D213: =+VLOOKUP(C213,'Visual chart Edit'!$B$7:$C$491,2,FALSE) -> DC1+6 | E213: DRY | F213: 45540 | G213: 45549 | H213: J.P. Infra | I213: Jeetu Sachan
A214: =+SUBTOTAL(3,$E$8:$E214) -> 207 | B214: 45536 | C214: 54/2 | D214: =+VLOOKUP(C214,'Visual chart Edit'!$B$7:$C$491,2,FALSE) -> DA+3 | E214: Sandy | F214: 45546 | G214: 45549 | H214: Bhati Const. | I214: R T Singh
A215: =+SUBTOTAL(3,$E$8:$E215) -> 208 | B215: 45536 | C215: 14A/2 | D215: =+VLOOKUP(C215,'Visual chart Edit'!$B$7:$C$491,2,FALSE) -> DA+0 | E215: DRY | F215: 45543 | G215: 45551 | H215: Sidhi Vinayak | I215: Jeetu Sachan
A216: =+SUBTOTAL(3,$E$8:$E216) -> 209 | B216: 45536 | C216: 10/4 | D216: =+VLOOKUP(C216,'Visual chart Edit'!$B$7:$C$491,2,FALSE) -> DA+3 | E216: DFR | F216: 45531 | G216: 45551 | H216: A.B. Construction | I216: Abhijit Dutta
A217: =+SUBTOTAL(3,$E$8:$E217) -> 210 | B217: 45536 | C217: 73/1 | D217: =+VLOOKUP(C217,'Visual chart Edit'!$B$7:$C$491,2,FALSE) -> DA+0 | E217: DRY | F217: 45550 | G217: 45551 | H217: Shree Shyam Const. | I217: Sk Sil
A218: =+SUBTOTAL(3,$E$8:$E218) -> 211 | B218: 45536 | C218: 14/0 | D218: =+VLOOKUP(C218,'Visual chart Edit'!$B$7:$C$491,2,FALSE) -> DC2+0 | E218: Sandy | F218: 45540 | G218: 45553 | H218: Om Enterprise | I218: Jeetu Sachan
A219: =+SUBTOTAL(3,$E$8:$E219) -> 212 | B219: 45536 | C219: 11A/3 | D219: =+VLOOKUP(C219,'Visual chart Edit'!$B$7:$C$491,2,FALSE) -> DA+3 | E219: DRY | F219: 45540 | G219: 45554 | H219: R.K. Construction | I219: Abhijit Dutta
A220: =+SUBTOTAL(3,$E$8:$E220) -> 213 | B220: 45536 | C220: 73/6 | D220: =+VLOOKUP(C220,'Visual chart Edit'!$B$7:$C$491,2,FALSE) -> DA+0 | E220: DRY | F220: 45553 | G220: 45554 | H220: Shree Shyam Const. | I220: Sk Sil
A221: =+SUBTOTAL(3,$E$8:$E221) -> 214 | B221: 45536 | C221: 42/3 | D221: =+VLOOKUP(C221,'Visual chart Edit'!$B$7:$C$491,2,FALSE) -> DA+0 | E221: Sandy | F221: 45540 | G221: 45555 | H221: Mahadev Construction | I221: Kuntal Debnath
A222: =+SUBTOTAL(3,$E$8:$E222) -> 215 | B222: 45536 | C222: 69/1 | D222: =+VLOOKUP(C222,'Visual chart Edit'!$B$7:$C$491,2,FALSE) -> DA+3 | E222: DRY | F222: 45554 | G222: 45555 | H222: Bhati Const. | I222: Sk Sil
A223: =+SUBTOTAL(3,$E$8:$E223) -> 216 | B223: 45536 | C223: 25/4 | D223: =+VLOOKUP(C223,'Visual chart Edit'!$B$7:$C$491,2,FALSE) -> DA+0 | E223: Sandy | F223: 45548 | G223: 45558 | H223: J.P. Infra | I223: Jeetu Sachan
A224: =+SUBTOTAL(3,$E$8:$E224) -> 217 | B224: 45536 | C224: 73/5 | D224: =+VLOOKUP(C224,'Visual chart Edit'!$B$7:$C$491,2,FALSE) -> DA+0 | E224: DRY | F224: 45557 | G224: 45558 | H224: Shree Shyam Const.
A225: =+SUBTOTAL(3,$E$8:$E225) -> 218 | B225: 45536 | C225: 43/4 | D225: =+VLOOKUP(C225,'Visual chart Edit'!$B$7:$C$491,2,FALSE) -> DA+3 | E225: Sandy | F225: 45545 | G225: 45560 | H225: N.R. Enterprises | I225: Kuntal Debnath
A226: =+SUBTOTAL(3,$E$8:$E226) -> 219 | B226: 45536 | C226: 13/1 | D226: =+VLOOKUP(C226,'Visual chart Edit'!$B$7:$C$491,2,FALSE) -> DA+9 | E226: DRY | F226: 45554 | G226: 45560 | H226: Punia Construction | I226: Abhijit Dutta
A227: =+SUBTOTAL(3,$E$8:$E227) -> 220 | B227: 45536 | C227: 40/2 | D227: =+VLOOKUP(C227,'Visual chart Edit'!$B$7:$C$491,2,FALSE) -> DA+3 | E227: Sandy | F227: 45554 | G227: 45560 | H227: D.R. Construction | I227: Kuntal Debnath
A228: =+SUBTOTAL(3,$E$8:$E228) -> 221 | B228: 45536 | C228: 73/8 | D228: =+VLOOKUP(C228,'Visual chart Edit'!$B$7:$C$491,2,FALSE) -> DA+3 | E228: DRY | F228: 45558 | G228: 45560 | H228: Shakti Construction
A229: =+SUBTOTAL(3,$E$8:$E229) -> 222 | B229: 45536 | C229: 59/1 | D229: =+VLOOKUP(C229,'Visual chart Edit'!$B$7:$C$491,2,FALSE) -> DA+3 | E229: DRY | F229: 45555 | G229: 45560 | H229: Bhati Const. | I229: R T Singh
A230: =+SUBTOTAL(3,$E$8:$E230) -> 223 | B230: 45536 | C230: 19/2 | D230: =+VLOOKUP(C230,'Visual chart Edit'!$B$7:$C$491,2,FALSE) -> DA+0 | E230: DRY | F230: 45555 | G230: 45561 | H230: Vibe Infra | I230: Jeetu Sachan
A231: =+SUBTOTAL(3,$E$8:$E231) -> 224 | B231: 45536 | C231: 72/2 | D231: =+VLOOKUP(C231,'Visual chart Edit'!$B$7:$C$491,2,FALSE) -> DA+0 | E231: DRY | F231: 45560 | G231: 45561 | H231: Shree Shyam Const.
A232: =+SUBTOTAL(3,$E$8:$E232) -> 225 | B232: 45536 | C232: 17/0 | D232: =+VLOOKUP(C232,'Visual chart Edit'!$B$7:$C$491,2,FALSE) -> DB2+3 | E232: DRY | F232: 45554 | G232: 45562 | H232: Om Enterprise | I232: Jeetu Sachan
A233: =+SUBTOTAL(3,$E$8:$E233) -> 226 | B233: 45536 | C233: 66/0 | D233: =+VLOOKUP(C233,'Visual chart Edit'!$B$7:$C$491,2,FALSE) -> DC2+6 | E233: DRY | F233: 45558 | G233: 45562 | H233: Bhati Const. | I233: Sk Sil
A234: =+SUBTOTAL(3,$E$8:$E234) -> 227 | B234: 45536 | C234: 59/11 | D234: =+VLOOKUP(C234,'Visual chart Edit'!$B$7:$C$491,2,FALSE) -> DA+6 | E234: DFR | F234: 45560 | G234: 45562 | H234: Mahadev Eng | I234: R T Singh
A235: =+SUBTOTAL(3,$E$8:$E235) -> 228 | B235: 45536 | C235: 19/3 | D235: =+VLOOKUP(C235,'Visual chart Edit'!$B$7:$C$491,2,FALSE) -> DA+0 | E235: DRY | F235: 45563 | G235: 45565 | H235: Vibe Infra | I235: Jeetu Sachan
A236: =+SUBTOTAL(3,$E$8:$E236) -> 229 | B236: 45536 | C236: 43/3 | D236: =+VLOOKUP(C236,'Visual chart Edit'!$B$7:$C$491,2,FALSE) -> DA+0 | E236: DRY | F236: 45550 | G236: 45565 | H236: Parsuram Sai | I236: Kuntal Debnath
A237: =+SUBTOTAL(3,$E$8:$E237) -> 230 | B237: 45536 | C237: 73/3 | D237: =+VLOOKUP(C237,'Visual chart Edit'!$B$7:$C$491,2,FALSE) -> DA+0 | E237: DRY | F237: 45560 | G237: 45565 | H237: Awadh Const.
A238: =+SUBTOTAL(3,$E$8:$E238) -> 231 | B238: 45566 | C238: 73/7 | D238: =+VLOOKUP(C238,'Visual chart Edit'!$B$7:$C$491,2,FALSE) -> DA+0 | E238: DRY | F238: 45564 | G238: 45566 | H238: Shakti Construction
A239: =+SUBTOTAL(3,$E$8:$E239) -> 232 | B239: 45566 | C239: 59/0 | D239: =+VLOOKUP(C239,'Visual chart Edit'!$B$7:$C$491,2,FALSE) -> DC2+0 | E239: DRY | F239: 45564 | G239: 45569 | H239: Bhati Const. | I239: R T Singh
A240: =+SUBTOTAL(3,$E$8:$E240) -> 233 | B240: 45566 | C240: 67/0 | D240: =+VLOOKUP(C240,'Visual chart Edit'!$B$7:$C$491,2,FALSE) -> DC1+9 | E240: DRY | F240: 45569 | G240: 45570 | H240: Bhati Const.
A241: =+SUBTOTAL(3,$E$8:$E241) -> 234 | B241: 45566 | C241: 42/5 | D241: =+VLOOKUP(C241,'Visual chart Edit'!$B$7:$C$491,2,FALSE) -> DA+9 | E241: Sandy | F241: 45558 | G241: 45572 | H241: Mahadev Construction | I241: Kuntal Debnath
A242: =+SUBTOTAL(3,$E$8:$E242) -> 235 | B242: 45566 | C242: 43/0 | D242: =+VLOOKUP(C242,'Visual chart Edit'!$B$7:$C$491,2,FALSE) -> DB1+0 | E242: Sandy | F242: 45563 | G242: 45572 | H242: N.R. Enterprises | I242: Kuntal Debnath
A243: =+SUBTOTAL(3,$E$8:$E243) -> 236 | B243: 45566 | C243: 25/3 | D243: =+VLOOKUP(C243,'Visual chart Edit'!$B$7:$C$491,2,FALSE) -> DA+0 | E243: Sandy | F243: 45550 | G243: 45573 | H243: J.P. Infra | I243: Bipin Kumar
A244: =+SUBTOTAL(3,$E$8:$E244) -> 237 | B244: 45566 | C244: 69/0 | D244: =+VLOOKUP(C244,'Visual chart Edit'!$B$7:$C$491,2,FALSE) -> DB2+0 | E244: DFR | F244: 45563 | G244: 45574 | H244: Bhati Const. | I244: Sk Sil
A245: =+SUBTOTAL(3,$E$8:$E245) -> 238 | B245: 45566 | C245: 73/4 | D245: =+VLOOKUP(C245,'Visual chart Edit'!$B$7:$C$491,2,FALSE) -> DA+0 | E245: DRY | F245: 45573 | G245: 45574 | H245: Shree Shyam Const. | I245: Sk Sil
A246: =+SUBTOTAL(3,$E$8:$E246) -> 239 | B246: 45566 | C246: 22/13 | D246: =+VLOOKUP(C246,'Visual chart Edit'!$B$7:$C$491,2,FALSE) -> DA+6 | E246: Sandy | F246: 45560 | G246: 45575 | H246: Rbm | I246: Bipin Kumar
A247: =+SUBTOTAL(3,$E$8:$E247) -> 240 | B247: 45566 | C247: 74/0 | D247: =+VLOOKUP(C247,'Visual chart Edit'!$B$7:$C$491,2,FALSE) -> DB2+0 | E247: Sandy | F247: 45572 | G247: 45575 | H247: Shakti Construction | I247: Sk Sil
A248: =+SUBTOTAL(3,$E$8:$E248) -> 241 | B248: 45566 | C248: 25/1 | D248: =+VLOOKUP(C248,'Visual chart Edit'!$B$7:$C$491,2,FALSE) -> DA+3 | E248: DRY | F248: 45563 | G248: 45577 | H248: J.P. Infra | I248: Bipin Kumar
A249: =+SUBTOTAL(3,$E$8:$E249) -> 242 | B249: 45566 | C249: 43/2 | D249: =+VLOOKUP(C249,'Visual chart Edit'!$B$7:$C$491,2,FALSE) -> DA+0 | E249: Sandy | F249: 45563 | G249: 45577 | H249: Parsuram Sai | I249: Kuntal Debnath
A250: =+SUBTOTAL(3,$E$8:$E250) -> 243 | B250: 45566 | C250: 72/3 | D250: =+VLOOKUP(C250,'Visual chart Edit'!$B$7:$C$491,2,FALSE) -> DA+3 | E250: DRY | F250: 45579 | G250: 45580 | H250: Shree Shyam Const. | I250: Sk Sil
A251: =+SUBTOTAL(3,$E$8:$E251) -> 244 | B251: 45566 | C251: 43/11 | D251: =+VLOOKUP(C251,'Visual chart Edit'!$B$7:$C$491,2,FALSE) -> DA+3 | E251: Sandy | F251: 45560 | G251: 45583 | H251: Jitendra Enterprises | I251: Kuntal Debnath
A252: =+SUBTOTAL(3,$E$8:$E252) -> 245 | B252: 45566 | C252: 13/0 | D252: =+VLOOKUP(C252,'Visual chart Edit'!$B$7:$C$491,2,FALSE) -> DD60+3 | E252: DRY | F252: 45569 | G252: 45583 | H252: R.K. Construction | I252: Jeetu Sachan
... A284: =+SUBTOTAL(3,$E$8:$E284) -> 277 | B284: 45627 | C284: 71/8 | D284: =+VLOOKUP(C284,'Visual chart Edit'!$B$7:$C$491,2,FALSE) -> DA+3 | E284: DRY | F284: 45645 | G284: 45646 | H284: Meer Const | I284: Sk Sil
A285: =+SUBTOTAL(3,$E$8:$E285) -> 278 | B285: 45627 | C285: 52/1 | D285: =+VLOOKUP(C285,'Visual chart Edit'!$B$7:$C$491,2,FALSE) -> DA+6 | E285: Sandy | F285: 45643 | G285: 45646 | H285: Tantray Construction
A286: =+SUBTOTAL(3,$E$8:$E286) -> 279 | B286: 45627 | C286: 70/9 | D286: =+VLOOKUP(C286,'Visual chart Edit'!$B$7:$C$491,2,FALSE) -> DA+3 | E286: DRY | F286: 45646 | G286: 45647 | H286: Tantray Construction | I286: Sk Sil
A287: =+SUBTOTAL(3,$E$8:$E287) -> 280 | B287: 45627 | C287: 6/2 | D287: =+VLOOKUP(C287,'Visual chart Edit'!$B$7:$C$491,2,FALSE) -> DA+0 | E287: DFR | F287: 45644 | G287: 45649 | H287: Hs Engineering | I287: Jitendra Yadav
A288: =+SUBTOTAL(3,$E$8:$E288) -> 281 | B288: 45627 | C288: 72/0 | D288: =+VLOOKUP(C288,'Visual chart Edit'!$B$7:$C$491,2,FALSE) -> DB2+3 | E288: DRY | F288: 45648 | G288: 45649 | H288: Meer Const | I288: Sk Sil
A289: =+SUBTOTAL(3,$E$8:$E289) -> 282 | B289: 45627 | C289: 70/6 | D289: =+VLOOKUP(C289,'Visual chart Edit'!$B$7:$C$491,2,FALSE) -> DA+3 | E289: DRY | F289: 45648 | G289: 45649 | H289: Tantray Construction | I289: Sk Sil
A290: =+SUBTOTAL(3,$E$8:$E290) -> 283 | B290: 45627 | C290: 2/6 | D290: =+VLOOKUP(C290,'Visual chart Edit'!$B$7:$C$491,2,FALSE) -> DA+3 | E290: Sandy | F290: 45638 | G290: 45650 | H290: Sri Nagana Ray Enterprise | I290: Jitendra Yadav
A291: =+SUBTOTAL(3,$E$8:$E291) -> 284 | B291: 45627 | C291: 71/4 | D291: =+VLOOKUP(C291,'Visual chart Edit'!$B$7:$C$491,2,FALSE) -> DA+3 | E291: DRY | F291: 45650 | G291: 45651 | H291: Meer Const | I291: Sk Sil
A292: =+SUBTOTAL(3,$E$8:$E292) -> 285 | B292: 45627 | C292: 52/2 | D292: =+VLOOKUP(C292,'Visual chart Edit'!$B$7:$C$491,2,FALSE) -> DA+6 | E292: Sandy | F292: 45650 | G292: 45651 | H292: Tantray Construction | I292: R T Singh
A293: =+SUBTOTAL(3,$E$8:$E293) -> 286 | B293: 45627 | C293: 70/10 | D293: =+VLOOKUP(C293,'Visual chart Edit'!$B$7:$C$491,2,FALSE) -> DA+3 | E293: DRY | F293: 45650 | G293: 45651 | H293: Tantray Construction
A294: =+SUBTOTAL(3,$E$8:$E294) -> 287 | B294: 45627 | C294: 2/2 | D294: =+VLOOKUP(C294,'Visual chart Edit'!$B$7:$C$491,2,FALSE) -> DA+3 | E294: Sandy | F294: 45643 | G294: 45653 | H294: Laxmi Enterprises | I294: Jitendra Yadav
A295: =+SUBTOTAL(3,$E$8:$E295) -> 288 | B295: 45627 | C295: 71/5 | D295: =+VLOOKUP(C295,'Visual chart Edit'!$B$7:$C$491,2,FALSE) -> DA+3 | E295: DRY | F295: 45652 | G295: 45653 | H295: Meer Const | I295: Sk Sil
A296: =+SUBTOTAL(3,$E$8:$E296) -> 289 | B296: 45627 | C296: 70/11 | D296: =+VLOOKUP(C296,'Visual chart Edit'!$B$7:$C$491,2,FALSE) -> DA+3 | E296: DRY | F296: 45652 | G296: 45653 | H296: Tantray Construction | I296: Sk Sil
A297: =+SUBTOTAL(3,$E$8:$E297) -> 290 | B297: 45627 | C297: 53/2 | D297: =+VLOOKUP(C297,'Visual chart Edit'!$B$7:$C$491,2,FALSE) -> DA+0 | E297: Sandy | F297: 45651 | G297: 45655 | H297: Meer Const | I297: R T Singh
A298: =+SUBTOTAL(3,$E$8:$E298) -> 291 | B298: 45627 | C298: 36/0 | D298: =+VLOOKUP(C298,'Visual chart Edit'!$B$7:$C$491,2,FALSE) -> DB2+0 | E298: Sandy | F298: 45647 | G298: 45656 | H298: Parsuram Sahi | I298: Kuntal Debnath
A299: =+SUBTOTAL(3,$E$8:$E299) -> 292 | B299: 45627 | C299: 71/3 | D299: =+VLOOKUP(C299,'Visual chart Edit'!$B$7:$C$491,2,FALSE) -> DA+6 | E299: DRY | F299: 45655 | G299: 45656 | H299: Meer Const | I299: Sk Sil
A300: =+SUBTOTAL(3,$E$8:$E300) -> 293 | B300: 45627 | C300: 52/4 | D300: =+VLOOKUP(C300,'Visual chart Edit'!$B$7:$C$491,2,FALSE) -> DA+9 | E300: Sandy | F300: 45653 | G300: 45656 | H300: Tantray Construction | I300: R T Singh
A301: =+SUBTOTAL(3,$E$8:$E301) -> 294 | B301: 45627 | C301: 10/5 | D301: =+VLOOKUP(C301,'Visual chart Edit'!$B$7:$C$491,2,FALSE) -> DA+3 | E301: DRY | F301: 45651 | G301: 45657 | H301: Jsr Infrastructure | I301: Jitendra Yadav
A302: =+SUBTOTAL(3,$E$8:$E302) -> 295 | B302: 45627 | C302: 35/4 | D302: =+VLOOKUP(C302,'Visual chart Edit'!$B$7:$C$491,2,FALSE) -> DA+0 | E302: DRY | F302: 45651 | G302: 45657 | H302: Parsuram Sahi | I302: Kuntal Debnath
A303: =+SUBTOTAL(3,$E$8:$E303) -> 296 | B303: 45627 | C303: 71/0 | D303: =+VLOOKUP(C303,'Visual chart Edit'!$B$7:$C$491,2,FALSE) -> DB2+3 | E303: DRY | F303: 45655 | G303: 45657 | H303: Tantray Construction | I303: Sk Sil
A304: =+SUBTOTAL(3,$E$8:$E304) -> 297 | B304: 45658 | C304: 22/11 | D304: =+VLOOKUP(C304,'Visual chart Edit'!$B$7:$C$491,2,FALSE) -> DA+6 | E304: Sandy | F304: 45649 | G304: 45661 | H304: Rbm | I304: Bipin Singh
...

Sheet Earthing
A1: Progress Summary'!A1
A2: Name of Project : 765KV D/C Fatehgarh- Beawar Transmission Line
A3: List of Completed Earthing
A5: Earthing
A6: SL No. | B6: FDN No. | C6: Location No. | D6: Tower Type | E6: Classification | F6: Type of Earthing | G6: End Date | H6: Gang Name | I6: Earthing Completion Month
A7: =+SUBTOTAL(3,$G$7:$G7) -> 1 | B7: =Foundation!B8 -> 45200 | C7: =Foundation!C8 -> 36/1 | D7: =Foundation!D8 -> DA+3 | E7: =Foundation!E8 -> Sandy | F7: =+IF(E7=0,"",IF(E7="DFR","CP","Pipe")) -> Pipe | G7: 45290 | H7: =Foundation!H8 -> Nagana Ray and company | I7: 45261
A8: =+SUBTOTAL(3,$G$7:$G8) -> 2 | B8: =Foundation!B9 -> 45261 | C8: =Foundation!C9 -> 61/3 | D8: =Foundation!D9 -> DA+6 | E8: =Foundation!E9 -> DRY | F8: =+IF(E8=0,"",IF(E8="DFR","CP","Pipe")) -> Pipe | G8: 45278 | H8: =Foundation!H9 -> Manoj Sharma | I8: 45261
A9: =+SUBTOTAL(3,$G$7:$G9) -> 3 | B9: =Foundation!B10 -> 45261 | C9: =Foundation!C10 -> 27/12 | D9: =Foundation!D10 -> DA+3 | E9: =Foundation!E10 -> Sandy | F9: =+IF(E9=0,"",IF(E9="DFR","CP","Pipe")) -> Pipe | G9: 45348 | H9: =Foundation!H10 -> Nagana Ray And Company | I9: 45323
A10: =+SUBTOTAL(3,$G$7:$G10) -> 4 | B10: =Foundation!B11 -> 45261 | C10: =Foundation!C11 -> 62/6 | D10: =Foundation!D11 -> DA+3 | E10: =Foundation!E11 -> DRY | F10: =+IF(E10=0,"",IF(E10="DFR","CP","Pipe")) -> Pipe | G10: 45298 | H10: =Foundation!H11 -> Shakti Construction | I10: 45292
A11: =+SUBTOTAL(3,$G$7:$G11) -> 5 | B11: =Foundation!B12 -> 45261 | C11: =Foundation!C12 -> 59/14 | D11: =Foundation!D12 -> DA+6 | E11: =Foundation!E12 -> DRY | F11: =+IF(E11=0,"",IF(E11="DFR","CP","Pipe")) -> Pipe | G11: 45294 | H11: =Foundation!H12 -> Manoj Sharma | I11: 45292 | K11: 3.2 | AM11: 2nd Section WIP.
A12: =+SUBTOTAL(3,$G$7:$G12) -> 6 | B12: =Foundation!B13 -> 45261 | C12: =Foundation!C13 -> 62/7 | D12: =Foundation!D13 -> DA+3 | E12: =Foundation!E13 -> DRY | F12: =+IF(E12=0,"",IF(E12="DFR","CP","Pipe")) -> Pipe | G12: 45300 | H12: =Foundation!H13 -> Shakti Construction | I12: 45292
A13: =+SUBTOTAL(3,$G$7:$G13) -> 7 | B13: =Foundation!B14 -> 45261 | C13: =Foundation!C14 -> 59/13 | D13: =Foundation!D14 -> DA+3 | E13: =Foundation!E14 -> DRY | F13: =+IF(E13=0,"",IF(E13="DFR","CP","Pipe")) -> Pipe | G13: 45294 | H13: =Foundation!H14 -> Manoj Sharma | I13: 45292 | J13: T&P Shifting WIP
A14: =+SUBTOTAL(3,$G$7:$G14) -> 8 | B14: =Foundation!B15 -> 45261 | C14: =Foundation!C15 -> 27/10 | D14: =Foundation!D15 -> DA+3 | E14: =Foundation!E15 -> DFR | F14: =+IF(E14=0,"",IF(E14="DFR","CP","Pipe")) -> CP | G14: 45290 | H14: =Foundation!H15 -> Nagana Ray And Company | I14: 45261 | K14: 2.5
A15: =+SUBTOTAL(3,$G$7:$G15) -> 9 | B15: =Foundation!B16 -> 45261 | C15: =Foundation!C16 -> 63/8 | D15: =Foundation!D16 -> DA+3 | E15: =Foundation!E16 -> DRY | F15: =+IF(E15=0,"",IF(E15="DFR","CP","Pipe")) -> Pipe | G15: 45336 | H15: =Foundation!H16 -> Mahadev Eng | I15: 45323
A16: =+SUBTOTAL(3,$G$7:$G16) -> 10 | B16: =Foundation!B17 -> 45261 | C16: =Foundation!C17 -> 59/10 | D16: =Foundation!D17 -> DA+0 | E16: =Foundation!E17 -> DRY | F16: =+IF(E16=0,"",IF(E16="DFR","CP","Pipe")) -> Pipe | G16: 45294 | H16: =Foundation!H17 -> Manoj Sharma | I16: 45292
A17: =+SUBTOTAL(3,$G$7:$G17) -> 11 | B17: =Foundation!B18 -> 45261 | C17: =Foundation!C18 -> 62/5 | D17: =Foundation!D18 -> DA+0 | E17: =Foundation!E18 -> DRY | F17: =+IF(E17=0,"",IF(E17="DFR","CP","Pipe")) -> Pipe | G17: 45298 | H17: =Foundation!H18 -> Shakti Construction | I17: 45292
A18: =+SUBTOTAL(3,$G$7:$G18) -> 12 | B18: =Foundation!B19 -> 45261 | C18: =Foundation!C19 -> 59/9 | D18: =Foundation!D19 -> DA+3 | E18: =Foundation!E19 -> DRY | F18: =+IF(E18=0,"",IF(E18="DFR","CP","Pipe")) -> Pipe | G18: 45294 | H18: =Foundation!H19 -> Manoj Sharma | I18: 45292
A19: =+SUBTOTAL(3,$G$7:$G19) -> 13 | B19: =Foundation!B20 -> 45261 | C19: =Foundation!C20 -> 60/9 | D19: =Foundation!D20 -> DA+3 | E19: =Foundation!E20 -> DRY | F19: =+IF(E19=0,"",IF(E19="DFR","CP","Pipe")) -> Pipe | G19: 45297 | H19: =Foundation!H20 -> Imran | I19: 45292
A20: =+SUBTOTAL(3,$G$7:$G20) -> 14 | B20: =Foundation!B21 -> 45261 | C20: =Foundation!C21 -> 62/4 | D20: =Foundation!D21 -> DA+3 | E20: =Foundation!E21 -> DRY | F20: =+IF(E20=0,"",IF(E20="DFR","CP","Pipe")) -> Pipe | G20: 45291 | H20: =Foundation!H21 -> Shakti Construction | I20: 45261
A21: =+SUBTOTAL(3,$G$7:$G21) -> 15 | B21: =Foundation!B22 -> 45261 | C21: =Foundation!C22 -> 59/8 | D21: =Foundation!D22 -> DB1+3 | E21: =Foundation!E22 -> DRY | F21: =+IF(E21=0,"",IF(E21="DFR","CP","Pipe")) -> Pipe | G21: 45294 | H21: =Foundation!H22 -> Manoj Sharma | I21: 45292
A22: =+SUBTOTAL(3,$G$7:$G22) -> 16 | B22: =Foundation!B23 -> 45261 | C22: =Foundation!C23 -> 26/2 | D22: =Foundation!D23 -> DA+3 | E22: =Foundation!E23 -> DFR | F22: =+IF(E22=0,"",IF(E22="DFR","CP","Pipe")) -> CP | G22: 45831 | H22: =Foundation!H23 -> A.B. Construction | I22: 45809
A23: =+SUBTOTAL(3,$G$7:$G23) -> 17 | B23: =Foundation!B24 -> 45261 | C23: =Foundation!C24 -> 59/6 | D23: =Foundation!D24 -> DA+3 | E23: =Foundation!E24 -> DFR | F23: =+IF(E23=0,"",IF(E23="DFR","CP","Pipe")) -> CP | G23: 45296 | H23: =Foundation!H24 -> Om Const | I23: 45292
A24: =+SUBTOTAL(3,$G$7:$G24) -> 18 | B24: =Foundation!B25 -> 45261 | C24: =Foundation!C25 -> 63/6 | D24: =Foundation!D25 -> DA+3 | E24: =Foundation!E25 -> DRY | F24: =+IF(E24=0,"",IF(E24="DFR","CP","Pipe")) -> Pipe | G24: 45303 | H24: =Foundation!H25 -> Mahadev Eng | I24: 45292
A25: =+SUBTOTAL(3,$G$7:$G25) -> 19 | B25: =Foundation!B26 -> 45261 | C25: =Foundation!C26 -> 60/8 | D25: =Foundation!D26 -> DA+0 | E25: =Foundation!E26 -> DRY | F25: =+IF(E25=0,"",IF(E25="DFR","CP","Pipe")) -> Pipe | G25: 45297 | H25: =Foundation!H26 -> Imran | I25: 45292
A26: =+SUBTOTAL(3,$G$7:$G26) -> 20 | B26: =Foundation!B27 -> 45261 | C26: =Foundation!C27 -> 27/9 | D26: =Foundation!D27 -> DA+0 | E26: =Foundation!E27 -> DFR | F26: =+IF(E26=0,"",IF(E26="DFR","CP","Pipe")) -> CP | G26: 45290 | H26: =Foundation!H27 -> Nagana Ray And Company | I26: 45261
... A72: =+SUBTOTAL(3,$G$7:$G72) -> 66 | B72: =Foundation!B73 -> 45292 | C72: =Foundation!C73 -> 64/3 | D72: =Foundation!D73 -> DA+0 | E72: =Foundation!E73 -> DRY | F72: =+IF(E72=0,"",IF(E72="DFR","CP","Pipe")) -> Pipe | G72: 45336 | H72: =Foundation!H73 -> Mahadev Eng | I72: 45323
A73: =+SUBTOTAL(3,$G$7:$G73) -> 67 | B73: =Foundation!B74 -> 45292 | C73: =Foundation!C74 -> 63/3 | D73: =Foundation!D74 -> DA+3 | E73: =Foundation!E74 -> DFR | F73: Pipe | G73: 45344 | H73: =Foundation!H74 -> Shakti Construction | I73: 45323
A74: =+SUBTOTAL(3,$G$7:$G74) -> 68 | B74: =Foundation!B75 -> 45292 | C74: =Foundation!C75 -> 64/8 | D74: =Foundation!D75 -> DA+3 | E74: =Foundation!E75 -> DRY | F74: =+IF(E74=0,"",IF(E74="DFR","CP","Pipe")) -> Pipe | G74: 45323 | H74: =Foundation!H75 -> Veerteja Enterprises | I74: 45323
A75: =+SUBTOTAL(3,$G$7:$G75) -> 69 | B75: =Foundation!B76 -> 45292 | C75: =Foundation!C76 -> 61/2 | D75: =Foundation!D76 -> DA+6 | E75: =Foundation!E76 -> DFR | F75: =+IF(E75=0,"",IF(E75="DFR","CP","Pipe")) -> CP | G75: 45324 | H75: =Foundation!H76 -> Manoj Sharma | I75: 45323
A76: =+SUBTOTAL(3,$G$7:$G76) -> 70 | B76: =Foundation!B77 -> 45323 | C76: =Foundation!C77 -> 64/7 | D76: =Foundation!D77 -> DA+3 | E76: =Foundation!E77 -> DRY | F76: =+IF(E76=0,"",IF(E76="DFR","CP","Pipe")) -> Pipe | G76: 45336 | H76: =Foundation!H77 -> Mahadev Eng | I76: 45323
A77: =+SUBTOTAL(3,$G$7:$G77) -> 71 | B77: =Foundation!B78 -> 45323 | C77: =Foundation!C78 -> 52/5 | D77: =Foundation!D78 -> DA+9 | E77: =Foundation!E78 -> Sandy | F77: =+IF(E77=0,"",IF(E77="DFR","CP","Pipe")) -> Pipe | G77: 45327 | H77: =Foundation!H78 -> Imran | I77: 45323
A78: =+SUBTOTAL(3,$G$7:$G78) -> 72 | B78: =Foundation!B79 -> 45323 | C78: =Foundation!C79 -> 63/4 | D78: =Foundation!D79 -> DA+0 | E78: =Foundation!E79 -> DRY | F78: =+IF(E78=0,"",IF(E78="DFR","CP","Pipe")) -> Pipe | G78: 45336 | H78: =Foundation!H79 -> Shakti Construction | I78: 45323
A79: =+SUBTOTAL(3,$G$7:$G79) -> 73 | B79: =Foundation!B80 -> 45323 | C79: =Foundation!C80 -> 26/4 | D79: =Foundation!D80 -> DA+6 | E79: =Foundation!E80 -> Sandy | F79: =+IF(E79=0,"",IF(E79="DFR","CP","Pipe")) -> Pipe | G79: 45339 | H79: =Foundation!H80 -> Mehai Construction | I79: 45323
A80: =+SUBTOTAL(3,$G$7:$G80) -> 74 | B80: =Foundation!B81 -> 45323 | C80: =Foundation!C81 -> 67/2 | D80: =Foundation!D81 -> DA+0 | E80: =Foundation!E81 -> DRY | F80: =+IF(E80=0,"",IF(E80="DFR","CP","Pipe")) -> Pipe | G80: 45331 | H80: =Foundation!H81 -> Bhati Const. | I80: 45323
A81: =+SUBTOTAL(3,$G$7:$G81) -> 75 | B81: =Foundation!B82 -> 45323 | C81: =Foundation!C82 -> 52/6 | D81: =Foundation!D82 -> DA+6 | E81: =Foundation!E82 -> Sandy | F81: =+IF(E81=0,"",IF(E81="DFR","CP","Pipe")) -> Pipe | G81: 45330 | H81: =Foundation!H82 -> Imran | I81: 45323
A82: =+SUBTOTAL(3,$G$7:$G82) -> 76 | B82: =Foundation!B83 -> 45323 | C82: =Foundation!C83 -> 64/6 | D82: =Foundation!D83 -> DA+0 | E82: =Foundation!E83 -> DRY | F82: =+IF(E82=0,"",IF(E82="DFR","CP","Pipe")) -> Pipe | G82: 45336 | H82: =Foundation!H83 -> Mahadev Eng | I82: 45323
A83: =+SUBTOTAL(3,$G$7:$G83) -> 77 | B83: =Foundation!B84 -> 45323 | C83: =Foundation!C84 -> 63/5 | D83: =Foundation!D84 -> DA+3 | E83: =Foundation!E84 -> DFR | F83: =+IF(E83=0,"",IF(E83="DFR","CP","Pipe")) -> CP | G83: 45337 | H83: =Foundation!H84 -> Shakti Construction | I83: 45323
A84: =+SUBTOTAL(3,$G$7:$G84) -> 78 | B84: =Foundation!B85 -> 45323 | C84: =Foundation!C85 -> 59/15 | D84: =Foundation!D85 -> DA+6 | E84: =Foundation!E85 -> DRY | F84: =+IF(E84=0,"",IF(E84="DFR","CP","Pipe")) -> Pipe | G84: 45348 | H84: =Foundation!H85 -> Om Const | I84: 45323
A85: =+SUBTOTAL(3,$G$7:$G85) -> 79 | B85: =Foundation!B86 -> 45323 | C85: =Foundation!C86 -> 61/5 | D85: =Foundation!D86 -> DA+3 | E85: =Foundation!E86 -> DRY | F85: =+IF(E85=0,"",IF(E85="DFR","CP","Pipe")) -> Pipe | G85: 45344 | H85: =Foundation!H86 -> Manoj Sharma | I85: 45323
... A258: =+SUBTOTAL(3,$G$7:$G258) -> 252 | B258: =Foundation!B259 -> 45566 | C258: =Foundation!C259 -> 25/2 | D258: =Foundation!D259 -> DA+0 | E258: =Foundation!E259 -> DRY | F258: =+IF(E258=0,"",IF(E258="DFR","CP","Pipe")) -> Pipe | G258: 45643 | H258: =Foundation!H259 -> J.P. Infra | I258: 45627
A259: =+SUBTOTAL(3,$G$7:$G259) -> 252 | B259: =Foundation!B260 -> 45566 | C259: =Foundation!C260 -> 13/3 | D259: =Foundation!D260 -> DA+3 | E259: =Foundation!E260 -> Sandy | F259: =+IF(E259=0,"",IF(E259="DFR","CP","Pipe")) -> Pipe | H259: =Foundation!H260 -> Punia Construction
A260: =+SUBTOTAL(3,$G$7:$G260) -> 253 | B260: =Foundation!B261 -> 45566 | C260: =Foundation!C261 -> 22/7 | D260: =Foundation!D261 -> DA+0 | E260: =Foundation!E261 -> Sandy | F260: =+IF(E260=0,"",IF(E260="DFR","CP","Pipe")) -> Pipe | G260: 45635 | H260: =Foundation!H261 -> Rbm | I260: 45627
A261: =+SUBTOTAL(3,$G$7:$G261) -> 254 | B261: =Foundation!B262 -> 45566 | C261: =Foundation!C262 -> 22/3 | D261: =Foundation!D262 -> DA+9 | E261: =Foundation!E262 -> Sandy | F261: =+IF(E261=0,"",IF(E261="DFR","CP","Pipe")) -> Pipe | G261: 45635 | H261: =Foundation!H262 -> J.P. Infra | I261: 45627
A262: =+SUBTOTAL(3,$G$7:$G262) -> 255 | B262: =Foundation!B263 -> 45566 | C262: =Foundation!C263 -> 43/1 | D262: =Foundation!D263 -> DA+3 | E262: =Foundation!E263 -> Sandy | F262: =+IF(E262=0,"",IF(E262="DFR","CP","Pipe")) -> Pipe | G262: 45647 | H262: =Foundation!H263 -> Parsuram Sai | I262: 45627
A263: =+SUBTOTAL(3,$G$7:$G263) -> 256 | B263: =Foundation!B264 -> 45597 | C263: =Foundation!C264 -> 42/6 | D263: =Foundation!D264 -> DA+0 | E263: =Foundation!E264 -> Sandy | F263: =+IF(E263=0,"",IF(E263="DFR","CP","Pipe")) -> Pipe | G263: 45630 | H263: =Foundation!H264 -> D.R. Construction | I263: 45627
A264: =+SUBTOTAL(3,$G$7:$G264) -> 257 | B264: =Foundation!B265 -> 45597 | C264: =Foundation!C265 -> 2/4 | D264: =Foundation!D265 -> DA+3 | E264: =Foundation!E265 -> Sandy | F264: =+IF(E264=0,"",IF(E264="DFR","CP","Pipe")) -> Pipe | G264: 45613 | H264: =Foundation!H265 -> Laxmi Enterprises | I264: 45597
A265: =+SUBTOTAL(3,$G$7:$G265) -> 258 | B265: =Foundation!B266 -> 45597 | C265: =Foundation!C266 -> 42/2 | D265: =Foundation!D266 -> DA+6 | E265: =Foundation!E266 -> Sandy | F265: =+IF(E265=0,"",IF(E265="DFR","CP","Pipe")) -> Pipe | G265: 45627 | H265: =Foundation!H266 -> D.R. Construction | I265: 45627
A266: =+SUBTOTAL(3,$G$7:$G266) -> 259 | B266: =Foundation!B267 -> 45597 | C266: =Foundation!C267 -> 22/8 | D266: =Foundation!D267 -> DB1+0 | E266: =Foundation!E267 -> Sandy | F266: =+IF(E266=0,"",IF(E266="DFR","CP","Pipe")) -> Pipe | G266: 45635 | H266: =Foundation!H267 -> Rbm | I266: 45627
A267: =+SUBTOTAL(3,$G$7:$G267) -> 260 | B267: =Foundation!B268 -> 45597 | C267: =Foundation!C268 -> 22/2 | D267: =Foundation!D268 -> DA+6 | E267: =Foundation!E268 -> Sandy | F267: =+IF(E267=0,"",IF(E267="DFR","CP","Pipe")) -> Pipe | G267: 45635 | H267: =Foundation!H268 -> J.P. Infra | I267: 45627
A268: =+SUBTOTAL(3,$G$7:$G268) -> 261 | B268: =Foundation!B269 -> 45597 | C268: =Foundation!C269 -> 54/0 | D268: =Foundation!D269 -> DB1+6 | E268: =Foundation!E269 -> Sandy | F268: =+IF(E268=0,"",IF(E268="DFR","CP","Pipe")) -> Pipe | G268: 45617 | H268: =Foundation!H269 -> Bhati Const. | I268: 45597
A269: =+SUBTOTAL(3,$G$7:$G269) -> 262 | B269: =Foundation!B270 -> 45597 | C269: =Foundation!C270 -> 65/8 | D269: =Foundation!D270 -> DA+0 | E269: =Foundation!E270 -> DRY | F269: =+IF(E269=0,"",IF(E269="DFR","CP","Pipe")) -> Pipe | G269: 45632 | H269: =Foundation!H270 -> Bhati Const. | I269: 45627
A270: =+SUBTOTAL(3,$G$7:$G270) -> 263 | B270: =Foundation!B271 -> 45597 | C270: =Foundation!C271 -> 42/0 | D270: =Foundation!D271 -> DC1+0 | E270: =Foundation!E271 -> Sandy | F270: =+IF(E270=0,"",IF(E270="DFR","CP","Pipe")) -> Pipe | G270: 45630 | H270: =Foundation!H271 -> D.R. Construction | I270: 45627
A271: =+SUBTOTAL(3,$G$7:$G271) -> 264 | B271: =Foundation!B272 -> 45597 | C271: =Foundation!C272 -> 65/7 | D271: =Foundation!D272 -> DA+0 | E271: =Foundation!E272 -> DRY | F271: =+IF(E271=0,"",IF(E271="DFR","CP","Pipe")) -> Pipe | G271: 45632 | H271: =Foundation!H272 -> Bhati Const. | I271: 45627
... A443: =+SUBTOTAL(3,$G$7:$G443) -> 436 | B443: =Foundation!B444 -> 45839 | C443: =Foundation!C444 -> 21/3 | D443: =Foundation!D444 -> DA+6 | E443: =Foundation!E444 -> Sandy | F443: =+IF(E443=0,"",IF(E443="DFR","CP","Pipe")) -> Pipe | G443: 45862 | H443: =Foundation!H444 -> M.R. Choudhary | I443: 45839
A444: =+SUBTOTAL(3,$G$7:$G444) -> 436 | B444: =Foundation!B445 -> 45839 | C444: =Foundation!C445 -> 8/12 | D444: =Foundation!D445 -> DA+0 | E444: =Foundation!E445 -> DRY | F444: =+IF(E444=0,"",IF(E444="DFR","CP","Pipe")) -> Pipe | H444: =Foundation!H445 -> Jsr Infrastructure
A445: =+SUBTOTAL(3,$G$7:$G445) -> 436 | B445: =Foundation!B446 -> 45839 | C445: =Foundation!C446 -> 8/2 | D445: =Foundation!D446 -> DA+3 | E445: =Foundation!E446 -> DRY | F445: =+IF(E445=0,"",IF(E445="DFR","CP","Pipe")) -> Pipe | H445: =Foundation!H446 -> Dhakad Enterprises
A446: =+SUBTOTAL(3,$G$7:$G446) -> 437 | B446: =Foundation!B447 -> 45839 | C446: =Foundation!C447 -> 37/1 | D446: =Foundation!D447 -> DA+9 | E446: =Foundation!E447 -> Sandy | F446: =+IF(E446=0,"",IF(E446="DFR","CP","Pipe")) -> Pipe | G446: 45856 | H446: =Foundation!H447 -> Vishwakarma Construction | I446: 45839
A447: =+SUBTOTAL(3,$G$7:$G447) -> 437 | B447: =Foundation!B448 -> 45839 | C447: =Foundation!C448 -> 8/1 | D447: =Foundation!D448 -> DA+3 | E447: =Foundation!E448 -> DRY | F447: =+IF(E447=0,"",IF(E447="DFR","CP","Pipe")) -> Pipe | H447: =Foundation!H448 -> Dhakad Enterprises
A448: =+SUBTOTAL(3,$G$7:$G448) -> 438 | B448: =Foundation!B449 -> 45839 | C448: =Foundation!C449 -> 20/0 | D448: =Foundation!D449 -> DB2+0 | E448: =Foundation!E449 -> Sandy | F448: =+IF(E448=0,"",IF(E448="DFR","CP","Pipe")) -> Pipe | G448: 45862 | H448: =Foundation!H449 -> Vishwakarma Construction | I448: 45839
A449: =+SUBTOTAL(3,$G$7:$G449) -> 438 | B449: =Foundation!B450 -> 45839 | C449: =Foundation!C450 -> 27/0 | D449: =Foundation!D450 -> DC1+0 | E449: =Foundation!E450 -> DFR | F449: =+IF(E449=0,"",IF(E449="DFR","CP","Pipe")) -> CP | H449: =Foundation!H450 -> YMK
A450: =+SUBTOTAL(3,$G$7:$G450) -> 439 | B450: =Foundation!B451 -> 45839 | C450: =Foundation!C451 -> 37/2 | D450: =Foundation!D451 -> DA+3 | E450: =Foundation!E451 -> Sandy | F450: =+IF(E450=0,"",IF(E450="DFR","CP","Pipe")) -> Pipe | G450: 45856 | H450: =Foundation!H451 -> Vishwakarma Construction | I450: 45839
A451: =+SUBTOTAL(3,$G$7:$G451) -> 440 | B451: =Foundation!B452 -> 45839 | C451: =Foundation!C452 -> 9/0 | D451: =Foundation!D452 -> DD60+18 | E451: =Foundation!E452 -> DRY | F451: =+IF(E451=0,"",IF(E451="DFR","CP","Pipe")) -> Pipe | G451: 45860 | H451: =Foundation!H452 -> Jsr Infrastructure | I451: 45839
A452: =+SUBTOTAL(3,$G$7:$G452) -> 441 | B452: =Foundation!B453 -> 45839 | C452: =Foundation!C453 -> 8/5 | D452: =Foundation!D453 -> DA+3 | E452: =Foundation!E453 -> DRY | F452: =+IF(E452=0,"",IF(E452="DFR","CP","Pipe")) -> Pipe | G452: 45867 | H452: =Foundation!H453 -> Yash Infra | I452: 45839
A453: =+SUBTOTAL(3,$G$7:$G453) -> 442 | B453: =Foundation!B454 -> 45839 | C453: =Foundation!C454 -> 20/2 | D453: =Foundation!D454 -> DA+0 | E453: =Foundation!E454 -> DRY | F453: =+IF(E453=0,"",IF(E453="DFR","CP","Pipe")) -> Pipe | G453: 45862 | H453: =Foundation!H454 -> Vishwakarma Construction | I453: 45839
A454: =+SUBTOTAL(3,$G$7:$G454) -> 442 | B454: =Foundation!B455 -> 45839 | C454: =Foundation!C455 -> 21/0 | D454: =Foundation!D455 -> DB2+0 | E454: =Foundation!E455 -> DRY | F454: =+IF(E454=0,"",IF(E454="DFR","CP","Pipe")) -> Pipe | H454: =Foundation!H455 -> Vishwakarma Construction
A455: =+SUBTOTAL(3,$G$7:$G455) -> 443 | B455: =Foundation!B456 -> 45839 | C455: =Foundation!C456 -> 26/0 | D455: =Foundation!D456 -> DB1+0 | E455: =Foundation!E456 -> DFR | F455: =+IF(E455=0,"",IF(E455="DFR","CP","Pipe")) -> CP | G455: 45865 | H455: =Foundation!H456 -> YMK | I455: 45839
A456: =+SUBTOTAL(3,$G$7:$G456) -> 443 | B456: =Foundation!B457 -> 45839 | C456: =Foundation!C457 -> 20/3 | D456: =Foundation!D457 -> DA+0 | E456: =Foundation!E457 -> DRY | F456: =+IF(E456=0,"",IF(E456="DFR","CP","Pipe")) -> Pipe | H456: =Foundation!H457 -> Vishwakarma Construction
A457: =+SUBTOTAL(3,$G$7:$G457) -> 443 | B457: =Foundation!B458 -> 45839 | C457: =Foundation!C458 -> 21/2 | D457: =Foundation!D458 -> DA+0 | E457: =Foundation!E458 -> Sandy | F457: =+IF(E457=0,"",IF(E457="DFR","CP","Pipe")) -> Pipe | H457: =Foundation!H458 -> Vishwakarma Construction
A458: =+SUBTOTAL(3,$G$7:$G458) -> 444 | B458: =Foundation!B459 -> 45839 | C458: =Foundation!C459 -> 8/0 | D458: =Foundation!D459 -> DB1+0 | E458: =Foundation!E459 -> DRY | F458: =+IF(E458=0,"",IF(E458="DFR","CP","Pipe")) -> Pipe | G458: 45869 | H458: =Foundation!H459 -> Dhakad Enterprises | I458: 45839
A459: =+SUBTOTAL(3,$G$7:$G459) -> 444 | B459: =Foundation!B460 -> 45839 | C459: =Foundation!C460 -> 8/4 | D459: =Foundation!D460 -> DA+3 | E459: =Foundation!E460 -> DRY | F459: =+IF(E459=0,"",IF(E459="DFR","CP","Pipe")) -> Pipe | H459: =Foundation!H460 -> Jsr Infrastructure
A460: =+SUBTOTAL(3,$G$7:$G460) -> 445 | B460: =Foundation!B461 -> 45839 | C460: =Foundation!C461 -> 24/0 | D460: =Foundation!D461 -> DD45+3 | E460: =Foundation!E461 -> DRY | F460: =+IF(E460=0,"",IF(E460="DFR","CP","Pipe")) -> Pipe | G460: 45874 | H460: =Foundation!H461 -> YMK | I460: 45870
A461: =+SUBTOTAL(3,$G$7:$G461) -> 445 | B461: =Foundation!B462 -> 45870 | C461: =Foundation!C462 -> 14A/0 | D461: =Foundation!D462 -> DC1+0 | E461: =Foundation!E462 -> DRY | F461: =+IF(E461=0,"",IF(E461="DFR","CP","Pipe")) -> Pipe | H461: =Foundation!H462 -> BR & Sons
A462: =+SUBTOTAL(3,$G$7:$G462) -> 446 | B462: =Foundation!B463 -> 45870 | C462: =Foundation!C463 -> 23/0 | D462: =Foundation!D463 -> DD45+3 | E462: =Foundation!E463 -> DRY | F462: =+IF(E462=0,"",IF(E462="DFR","CP","Pipe")) -> Pipe | G462: 45876 | H462: =Foundation!H463 -> YMK | I462: 45870
A463: =+SUBTOTAL(3,$G$7:$G463) -> 447 | B463: =Foundation!B464 -> 45870 | C463: =Foundation!C464 -> 10/1 | D463: =Foundation!D464 -> DA+0 | E463: =Foundation!E464 -> DRY | F463: =+IF(E463=0,"",IF(E463="DFR","CP","Pipe")) -> Pipe | G463: 45893 | H463: =Foundation!H464 -> Jsr Infrastructure | I463: 45870
A464: =+SUBTOTAL(3,$G$7:$G464) -> 447 | B464: =Foundation!B465 -> 45870 | C464: =Foundation!C465 -> 11/1 | D464: =Foundation!D465 -> DA+0 | E464: =Foundation!E465 -> Sandy | F464: =+IF(E464=0,"",IF(E464="DFR","CP","Pipe")) -> Pipe | H464: =Foundation!H465 -> Om Construction_Chandrapal
A465: =+SUBTOTAL(3,$G$7:$G465) -> 448 | B465: =Foundation!B466 -> 45870 | C465: =Foundation!C466 -> 26/1 | D465: =Foundation!D466 -> DA+0 | E465: =Foundation!E466 -> DRY | F465: =+IF(E465=0,"",IF(E465="DFR","CP","Pipe")) -> Pipe | G465: 45889 | H465: =Foundation!H466 -> YMK | I465: 45870
A466: =+SUBTOTAL(3,$G$7:$G466) -> 448 | B466: =Foundation!B467 -> 45870 | C466: =Foundation!C467 -> 11/2 | D466: =Foundation!D467 -> DA+0 | E466: =Foundation!E467 -> Sandy | F466: =+IF(E466=0,"",IF(E466="DFR","CP","Pipe")) -> Pipe | H466: =Foundation!H467 -> Om Construction_Chandrapal
A467: =+SUBTOTAL(3,$G$7:$G467) -> 449 | B467: =Foundation!B468 -> 45870 | C467: =Foundation!C468 -> 28/1 | D467: =Foundation!D468 -> DA+0 | E467: =Foundation!E468 -> DRY | F467: =+IF(E467=0,"",IF(E467="DFR","CP","Pipe")) -> Pipe | G467: 45898 | H467: =Foundation!H468 -> YMK | I467: 45870
A468: =+SUBTOTAL(3,$G$7:$G468) -> 449 | B468: =Foundation!B469 -> 45870 | C468: =Foundation!C469 -> 10/7 | D468: =Foundation!D469 -> DA+3 | E468: =Foundation!E469 -> DRY | F468: =+IF(E468=0,"",IF(E468="DFR","CP","Pipe")) -> Pipe | H468: =Foundation!H469 -> Jsr Infrastructure
A469: =+SUBTOTAL(3,$G$7:$G469) -> 449 | B469: =Foundation!B470 -> 45901 | C469: =Foundation!C470 -> 20/1 | D469: =Foundation!D470 -> DA+0 | E469: =Foundation!E470 -> Sandy | F469: =+IF(E469=0,"",IF(E469="DFR","CP","Pipe")) -> Pipe | H469: =Foundation!H470 -> Vishwakarma Construction
A470: =+SUBTOTAL(3,$G$7:$G470) -> 449 | B470: =Foundation!B471 -> 45901 | C470: =Foundation!C471 -> 6/0 | D470: =Foundation!D471 -> DB2+9 | E470: =Foundation!E471 -> DRY | F470: =+IF(E470=0,"",IF(E470="DFR","CP","Pipe")) -> Pipe | H470: =Foundation!H471 -> Dhakad Enterprises
A471: =+SUBTOTAL(3,$G$7:$G471) -> 449 | B471: =Foundation!B472 -> 45901 | C471: =Foundation!C472 -> 5/0 | D471: =Foundation!D472 -> DB1+9 | E471: =Foundation!E472 -> DRY | F471: =+IF(E471=0,"",IF(E471="DFR","CP","Pipe")) -> Pipe | H471: =Foundation!H472 -> Dhakad Enterprises
A472: =+SUBTOTAL(3,$G$7:$G472) -> 450 | B472: =Foundation!B473 -> 45901 | C472: =Foundation!C473 -> 10/16 | D472: =Foundation!D473 -> DA+3 | E472: =Foundation!E473 -> DRY | F472: =+IF(E472=0,"",IF(E472="DFR","CP","Pipe")) -> Pipe | G472: 45920 | H472: =Foundation!H473 -> Jsr Infrastructure | I472: 45901
A473: =+SUBTOTAL(3,$G$7:$G473) -> 450 | B473: =Foundation!B474 -> 45901 | C473: =Foundation!C474 -> 11/0 | D473: =Foundation!D474 -> DB1+0 | E473: =Foundation!E474 -> Sandy | F473: =+IF(E473=0,"",IF(E473="DFR","CP","Pipe")) -> Pipe | H473: =Foundation!H474 -> Om Construction_Chandrapal
A474: =+SUBTOTAL(3,$G$7:$G474) -> 450 | B474: =Foundation!B475 -> 45901 | C474: =Foundation!C475 -> 22/10 | D474: =Foundation!D475 -> DA+6 | E474: =Foundation!E475 -> Sandy | F474: =+IF(E474=0,"",IF(E474="DFR","CP","Pipe")) -> Pipe | H474: =Foundation!H475 -> Vishwakarma Construction
A475: =+SUBTOTAL(3,$G$7:$G475) -> 451 | B475: =Foundation!B476 -> 45901 | C475: =Foundation!C476 -> 10/15 | D475: =Foundation!D476 -> DA+3 | E475: =Foundation!E476 -> DRY | F475: =+IF(E475=0,"",IF(E475="DFR","CP","Pipe")) -> Pipe | G475: 45920 | H475: =Foundation!H476 -> Jsr Infrastructure | I475: 45901
A476: =+SUBTOTAL(3,$G$7:$G476) -> 451 | B476: =Foundation!B477 -> 45901 | C476: =Foundation!C477 -> 11/3 | D476: =Foundation!D477 -> DA+0 | E476: =Foundation!E477 -> Sandy | F476: =+IF(E476=0,"",IF(E476="DFR","CP","Pipe")) -> Pipe | H476: =Foundation!H477 -> Om Construction_Chandrapal
A477: =+SUBTOTAL(3,$G$7:$G477) -> 451 | B477: =Foundation!B478 -> 45901 | C477: =Foundation!C478 -> 7/0 | D477: =Foundation!D478 -> DB1+0 | E477: =Foundation!E478 -> DRY | F477: =+IF(E477=0,"",IF(E477="DFR","CP","Pipe")) -> Pipe | H477: =Foundation!H478 -> Dhakad Enterprises
A478: =+SUBTOTAL(3,$G$7:$G478) -> 451 | B478: =Foundation!B479 -> 45931 | C478: =Foundation!C479 -> 10/10 | D478: =Foundation!D479 -> DA+3 | E478: =Foundation!E479 -> Sandy | F478: =+IF(E478=0,"",IF(E478="DFR","CP","Pipe")) -> Pipe | H478: =Foundation!H479 -> Jsr Infrastructure
A479: =+SUBTOTAL(3,$G$7:$G479) -> 451 | B479: =Foundation!B480 -> 45931 | C479: =Foundation!C480 -> 10/23 | D479: =Foundation!D480 -> DA+0 | E479: =Foundation!E480 -> Sandy | F479: =+IF(E479=0,"",IF(E479="DFR","CP","Pipe")) -> Pipe | H479: =Foundation!H480 -> Om Construction_Chandrapal
A480: =+SUBTOTAL(3,$G$7:$G480) -> 451 | B480: =Foundation!B481 -> 45931 | C480: =Foundation!C481 -> 21/8 | D480: =Foundation!D481 -> DA+6 | E480: =Foundation!E481 -> DRY | F480: =+IF(E480=0,"",IF(E480="DFR","CP","Pipe")) -> Pipe | H480: =Foundation!H481 -> Vishwakarma Construction
A481: =+SUBTOTAL(3,$G$7:$G481) -> 451 | B481: =Foundation!B482 -> 45931 | C481: =Foundation!C482 -> 10/22 | D481: =Foundation!D482 -> DA+0 | E481: =Foundation!E482 -> Sandy | F481: =+IF(E481=0,"",IF(E481="DFR","CP","Pipe")) -> Pipe | H481: =Foundation!H482 -> Om Construction_Chandrapal
A482: =+SUBTOTAL(3,$G$7:$G482) -> 451 | B482: =Foundation!B483 -> 45931 | C482: =Foundation!C483 -> 8/3 | D482: =Foundation!D483 -> DA+0 | E482: =Foundation!E483 -> DRY | F482: =+IF(E482=0,"",IF(E482="DFR","CP","Pipe")) -> Pipe | H482: =Foundation!H483 -> Jsr Infrastructure
A483: =+SUBTOTAL(3,$G$7:$G483) -> 451 | B483: =Foundation!B484 -> 45931 | C483: =Foundation!C484 -> 19/4 | D483: =Foundation!D484 -> DA+0 | E483: =Foundation!E484 -> DRY | F483: =+IF(E483=0,"",IF(E483="DFR","CP","Pipe")) -> Pipe | H483: =Foundation!H484 -> Vishwakarma Construction
A484: =+SUBTOTAL(3,$G$7:$G484) -> 451 | B484: =Foundation!B485 -> 45931 | C484: =Foundation!C485 -> 21/6 | D484: =Foundation!D485 -> DA+3 | E484: =Foundation!E485 -> DRY | F484: =+IF(E484=0,"",IF(E484="DFR","CP","Pipe")) -> Pipe | H484: =Foundation!H485 -> Vishwakarma Construction
A485: =+SUBTOTAL(3,$G$7:$G485) -> 451 | B485: =Foundation!B486 -> 45962 | C485: =Foundation!C486 -> 26/8 | D485: =Foundation!D486 -> DA+6 | E485: =Foundation!E486 -> DFR | F485: =+IF(E485=0,"",IF(E485="DFR","CP","Pipe")) -> CP | H485: =Foundation!H486 -> Vishwakarma Construction
A486: =+SUBTOTAL(3,$G$7:$G486) -> 451 | B486: =Foundation!B487 -> 45962 | C486: =Foundation!C487 -> 22/0 | D486: =Foundation!D487 -> DB2+3 | E486: =Foundation!E487 -> DRY | F486: =+IF(E486=0,"",IF(E486="DFR","CP","Pipe")) -> Pipe | H486: =Foundation!H487 -> Vishwakarma Construction
A487: =+SUBTOTAL(3,$G$7:$G487) -> 451 | B487: =Foundation!B488 -> 45962 | C487: =Foundation!C488 -> 13/4 | D487: =Foundation!D488 -> DA+3 | E487: =Foundation!E488 -> DRY | F487: =+IF(E487=0,"",IF(E487="DFR","CP","Pipe")) -> Pipe | H487: =Foundation!H488 -> Vishwakarma Construction
... A491: =+SUBTOTAL(3,$G$7:$G491) -> 451 | B491: =Foundation!B492 -> 46082 | C491: =Foundation!C492 -> 21/1 | D491: =Foundation!D492 -> DA+6 | E491: =Foundation!E492 -> DRY | F491: =+IF(E491=0,"",IF(E491="DFR","CP","Pipe")) -> Pipe | H491: =Foundation!H492 -> Vishwakarma Construction
A492: =+SUBTOTAL(3,$G$7:$G492) -> 451 | B492: =Foundation!#REF! -> #REF! | C492: =Foundation!#REF! -> #REF! | D492: =Foundation!#REF! -> #REF! | E492: =Foundation!#REF! -> #REF! | F492: =+IF(E492=0,"",IF(E492="DFR","CP","Pipe")) -> #REF! | H492: =Foundation!#REF! -> #REF!

Sheet Erection Productivity
A1: Sr no | B1: Item | C1: Unit | D1: Total | E1: Comp Qty | F1: Bal Qty | G1: Aug'25 | J1: Remarks
D2: Qty | E2: 31.08.25 | F2: 01.08.25 | G2: Plan | H2: WIP | I2: Actual
A3: 1 | B3: Erection | C3: Nos | D3: 485 | E3: 303 | F3: =+D3-E3 -> 182 | G3: 87 | H3: 18 | I3: 6
A4: 2 | B4: Stringing | C4: KM | D4: 191.3 | E4: 43.51 | F4: =+D4-E4 -> 147.79 | G4: 0 | H4: =SUM('Stringing Productivity'!E4:E5) -> 0 | I4: 0
AS5: =+E90/17 -> 0 | BE5: =+E106/15 -> 0
A7: Gang Wise Output
A8: Sr. No. | B8: Sub-Contractor Name | C8: WIP | F8: Start Date | G8: Comp Date | H8: Output -01.08.25 | I8: Output -02.08.25 | J8: Output -03.08.25 | K8: Output -04.08.25 | L8: Output -05.08.25 | M8: Output -06.08.25 | N8: Output -07.08.25 | O8: Output -08.08.25 | P8: Output -09.08.25 | Q8: Output -10.08.25 | R8: Output -11.08.25 | S8: Output -12.08.25 | T8: Output -13.08.25 | U8: Output -14.08.25 | V8: Output -15.08.25 | W8: Output -16.08.25 | X8: Output -17.08.25 | Y8: Output -18.08.25 | Z8: Output -19.08.25 | AA8: Output -20.08.25 | AB8: Output -21.08.25 | AC8: Output -22.08.25 | AD8: Output -23.08.25 | AE8: Output -24.08.25 | AF8: Output -25.08.25 | AG8: Output -26.08.25 | AH8: Output -27.08.25 | AI8: Output -28.08.25 | AJ8: Output -29.08.25 | AK8: Output -30.08.25 | AL8: Output -31.08.25 | AM8: Output -01.09.25 | AN8: Output -02.09.25 | AO8: Output -03.09.25 | AP8: Output -04.09.25 | AQ8: Output -05.09.25 | AR8: Output -06.09.25 | AS8: Output -07.09.25 | AT8: Output -08.09.25 | AU8: Output -09.09.25 | AV8: Output -10.09.25 | AW8: Output -11.09.25 | AX8: Output -12.09.25 | AY8: Output -13.09.25 | AZ8: Output -14.09.25 | BA8: Output -15.09.25 | BB8: Output -16.09.25 | BC8: Output -17.09.25 | BD8: Output -18.09.25 | BE8: Output -19.09.25 | BF8: Output -20.09.25 | BG8: Output -21.09.25 | BH8: Output -22.09.25 | BI8: Output -23.09.25 | BJ8: Output -24.09.25 | BK8: Output -25.09.25 | BL8: Output -26.09.25 | BM8: Output -27.09.25 | BN8: Output -28.09.25 | BO8: Output -29.09.25 | BP8: Output -30.09.25 | BQ8: Output -31.09.25 | BR8: Cumulative Till dated | BS8: Status
C9: Loc. No. | D9: Type of Tower | E9: Tower Weight
A10: 1 | B10: Arawali-2 | C10: 12/0 | D10: DD60+0 | E10: =+VLOOKUP(C10,'Erection Compiled'!$C$7:$J$333,7,FALSE) -> 0 | F10: 45863 | G10: 45871 | H10: 3.8 | I10: 4.1 | BR10: =+SUM(H10:BQ10) -> 7.9 | BS10: Completed
A11: 2 | B11: Vinay Gupta | C11: 44/7 | D11: DA+9 | E11: =+VLOOKUP(C11,'Erection Compiled'!$C$7:$J$333,7,FALSE) -> 0 | F11: 45864 | G11: 45841 | H11: 4.8 | I11: 4.3 | J11: 5.1 | BR11: =+SUM(H11:BQ11) -> 14.2 | BS11: Completed
A12: 3 | B12: Manish (Pawan) | C12: 44/0 | D12: DB1+3 | E12: =+VLOOKUP(C12,'Erection Compiled'!$C$7:$J$333,7,FALSE) -> 0 | F12: 45867 | G12: 45872 | H12: 8.4 | I12: 7.8 | J12: 8.4 | BR12: =+SUM(H12:BQ12) -> 24.6 | BS12: Completed
A13: 4 | B13: Jwala Singh | C13: 29/1 | D13: DA+3 | E13: =+VLOOKUP(C13,'Erection Compiled'!$C$7:$J$333,7,FALSE) -> 0 | F13: 45868 | G13: 45873 | H13: 7.2 | I13: 7.1 | J13: 6.8 | K13: 8.8 | BR13: =+SUM(H13:BQ13) -> 29.9 | BS13: Completed
A14: 5 | B14: Vinay Gupta | C14: 47/7 | D14: DA+3 | E14: =+VLOOKUP(C14,'Erection Compiled'!$C$7:$J$333,7,FALSE) -> 0 | F14: 45864 | G14: 45874 | H14: 3.6 | I14: 3.2 | J14: 3.7 | K14: 3.9 | L14: 4.1 | BR14: =+SUM(H14:BQ14) -> 18.5 | BS14: Completed
A15: 6 | B15: Priyanka Devi | C15: 19/5 | D15: DA+0 | E15: =+VLOOKUP(C15,'Erection Compiled'!$C$7:$J$333,7,FALSE) -> 0 | F15: 45870 | G15: 45874 | H15: 7.2 | I15: 8.2 | J15: 8.2 | K15: 6.2 | L15: 7.7 | BR15: =+SUM(H15:BQ15) -> 37.5 | BS15: Completed
