Workbook
Name \0: #REF!
Name \0: #REF!
Name \2: #REF!
Name \A: #REF!
Name \a: #N/A
Name \A: #REF!
Name \A_1: "#REF!"
Name \B: #REF!
Name \B: #REF!
Name \C: #REF!
Name \c1: #REF!
Name \D: '[1]Annex-7,Contingent'!#REF!
Name \d: #N/A
Name \g: #REF!
Name \H: #REF!
Name \H: #REF!
Name \I: #REF!
Name \I: '[1]Annex-7,Contingent'!#REF!
Name \i: #REF!
Name \KWS123: #N/A
Name \l: #REF!
Name \l: #REF!
Name \M: #REF!
Name \N: #REF!
Name \P: #REF!
Name \q: #N/A
Name \R: '[1]Annex-7,Contingent'!#REF!
Name \R: #REF!
Name \S: #REF!
Name \t: #N/A
Name \U: #REF!
Name \V: #REF!
Name \z: #N/A
Name \z: #REF!
Name _: #REF!
Name _________________________________________________________dol12: #REF!
Name _________________________________________________________in18900: #REF!
Name _________________________________________________________iv19000: #REF!
Name ________________________________________________________dol12: #REF!
Name ________________________________________________________dol6: #REF!
Name ________________________________________________________in18900: #REF!
Name ________________________________________________________iv19000: #REF!
Name _______________________________________________________dol12: #REF!
Name _______________________________________________________dol6: #REF!
Name _______________________________________________________in18900: #REF!
Name _______________________________________________________iv19000: #REF!
Name ______________________________________________________dol12: #REF!
Name ______________________________________________________dol6: #REF!
Name _____________________________________________________dol12: #REF!
Name _____________________________________________________dol6: #REF!
Name _____________________________________________________in18900: #REF!
Name _____________________________________________________iv19000: #REF!
Name ____________________________________________________dol12: #REF!
Name ____________________________________________________dol6: #REF!
Name ____________________________________________________in18900: #REF!
Name ____________________________________________________iv19000: #REF!
Name ___________________________________________________dol12: #REF!
Name ___________________________________________________dol6: #REF!
Name ___________________________________________________in18900: #REF!
Name ___________________________________________________iv19000: #REF!

Sheet Progress Summary
A1: #VALUE! | B1: Project Code - | C1: TB-408 | D1: Date | E1: =+TODAY() -> 45989 | G1: Head - T&D | H1: Rajinder Gupta | J1: Head T&D-North | K1: Sanjay K. Gupta | L1: Regional Manager | M1: Sandeep Singh Kumar | Q1: Shortcut for previous of Full description
B2: Client Name- | C2: Resonia Limited (Formally Sterlite Power Transmission Limited) | G2: Project Manager | H2: Partha Pal | L2: Planning Engineer | M2: Raghav Ranjan | Q2: Link for go through
B3: Project Name- | C3: 765KV D/C Fatehgarh III- Beawar Transmission Line, PKG F | G3: Effective Date | H3: 45266 | J3: End Date | K3: 45961 | L3: LOA Value | M3: Rs 283.08 Cr Supply -Rs 209.88 Cr., Service.-Rs 73.20 Cr | Q3: X-ing Status'!A1
A4: Sr. No. | B4: Activity | C4: As per latest Estimate | D4: Cumm. Progress up to last Month | E4: Balance on Starting of this Month | F4: Plan for this Month | G4: Today Progress | H4: MTD | I4: WIP | J4: Cumulative Progress | K4: Balance | L4: Gangs at present | M4: Remarks | N4: Support Required | O4: % Completion | Q4: L2 Schedule'!A1
A5: 1 | B5: Check Survey (Kms) | C5: 191.373 | D5: 191.393 | E5: =C5-D5 -> -0.02 | F5: =E5 -> -0.02 | J5: =D5+H5 -> 191.393 | K5: =C5-J5 -> -0.02 | L5: - | O5: =(J5/C5)*100 -> 100.01045 | Q5: Hindrance Register (Row)'!A1
A6: 2 | B6: Foundation (Nos.) | C6: 485 | D6: 478 | E6: =C6-D6 -> 7 | F6: 7 | H6: 3 | J6: =D6+H6 -> 481 | K6: =C6-J6 -> 4 | L6: 2 | M6: WIP- Completed:- | N6: Prompt clearances required in below ROW locations 8/6, 8/8, 10/2, 21/1 (1 Pit Balance). Note:- Idling :- Gang-1 JSR:- idle from 14.11.25 to till date. Vishwakarma Const.:- Earlier gang worked in 19/12 G, from 22.11.25 to date gang is continiously idled with machinery. | O6: =(J6/C6)*100 -> 99.175258 | Q6: Survey!A1
A7: 3 | B7: Earthing (Nos.) | C7: 485 | D7: 478 | E7: =C7-D7 -> 7 | F7: 7 | J7: =D7+H7 -> 478 | K7: =C7-J7 -> 7 | L7: =L6 -> 2 | O7: =(J7/C7)*100 -> 98.556701 | Q7: Foundation!A1
A8: 4 | B8: Tower Erection (Nos) | C8: 485 | D8: 375 | E8: =C8-D8 -> 110 | F8: 33 | G8: 1 | H8: 28 | I8: 9 | J8: =D8+H8 -> 403 | K8: =C8-J8 -> 82 | L8: 10 | M8: WIP- 6/0, 10/7, 10/16, 26/8, 27/5, 27/12, 34/0, 41/0, 43/2 Today Completed - 7/0 | N8: 1 Gang moved in PKG G. | O8: =(J8/C8)*100 -> 83.092784 | Q8: Earthing!A1
A9: 5 | B9: Tack Welding (Nos) | C9: 485 | D9: 205 | E9: =C9-D9 -> 280 | F9: =F8 -> 33 | H9: 18 | J9: =D9+H9 -> 223 | K9: =C9-J9 -> 262 | L9: 1 | O9: =(J9/C9)*100 -> 45.979381 | Q9: Erection!A1
A10: 6 | B10: Paying Out (Kms) | C10: =C5 -> 191.373 | D10: 47.296 | E10: =C10-D10 -> 144.077 | F10: 18 | H10: 9.126 | I10: =Stringing!G27 -> 3.426 | J10: =D10+H10 -> 56.422 | K10: =C10-J10 -> 134.951 | L10: 2 | O10: =(J10/C10)*100 -> 29.482738 | Q10: Tackwelding!A1
A11: 7 | B11: Final Sag (Kms) | C11: =C10 -> 191.373 | D11: 47.298 | E11: =C11-D11 -> 144.075 | F11: 18 | H11: 1.848 | I11: =Stringing!G28 -> 7.498 | J11: =D11+H11 -> 49.146 | K11: =C11-J11 -> 142.227 | O11: =(J11/C11)*100 -> 25.680739 | Q11: Stringing!A1
A12: 8 | B12: OPGW (Kms) | C12: =C11 -> 191.373 | D12: 39.603 | E12: =C12-D12 -> 151.77 | F12: 0 | I12: 0 | J12: =D12+H12 -> 39.603 | K12: =C12-J12 -> 151.77 | L12: 0 | O12: =(J12/C12)*100 -> 20.694142 | Q12: Stringing associated works'!A1
Q13: OPGW!A1
A14: Workfront Status | Q14: Visual chart'!A1
Q15: Page Chart'!A1
A16: A. Foundation | Q16: Benching F'!A1
A17: Balance on 1st of this month | B17: Progress MTD | C17: WIP | D17: Clear/Yet to attempt | E17: ROW | F17: Remarks
A18: =E6 -> 7 | B18: =H6 -> 3 | C18: =I6 -> 0 | D18: ='Page Chart'!N4 -> 0 | E18: =A18-B18-C18-D18 -> 4
A20: B. Erection
A21: Balance on 1st of this month | B21: Progress MTD | C21: WIP | D21: Clear/Yet to attempt | E21: ROW | F21: Linked With Fnd | G21: Remarks
A22: =E8 -> 110 | B22: =H8 -> 28 | C22: =I8 -> 9 | D22: ='Page Chart'!S4+'Page Chart'!U4-F22 -> 17 | E22: ='Page Chart'!T4 -> 49 | F22: =A18 -> 7
A24: C. Stringing
A25: STR P/Out Bal. on starting of this month | B25: Progress MTD | C25: WIP | D25: Clear/Yet to attempt | E25: ROW | F25: Readiness awaited due to Erec. | G25: Readiness awaited due to Tower Inspection
A26: =E10 -> 144.077 | B26: =H10 -> 9.126 | C26: =I10 -> 3.426

Sheet Project Details
A1: Project Code | B1: Project Name | C1: Client Name | D1: NOA Start Date | E1: LOA End Date | F1: Planning Engineer | G1: PCH | H1: Regional Manager | I1: Project Manger | J1: Section Incharge | K1: Supervisor
A2: TB408 | B2: 765 KV Beawer Transmission Line, PKG F | C2: Resonia Limited | D2: 45266 | E2: 45960 | F2: Mr. Raghav Ranjan | G2: Mr. Sanjay Kumar Gupta | H2: Mr. Sandeep Singh Kumar | I2: Mr. Partha Pal | J2: Sumit Kumar | K2: Pradeep Kumar
J3: Vivek Shukla | K3: Vikas Kumar
J4: Vivek Kumar | K4: Ganesh Singh
J5: Vijay Yadav | K5: Dineshwar Mahto
J6: Ram Tirath Singh | K6: Kamla Pal Prasad
K7: Bisun Saw
K8: Shakib Hussain
K9: Umesh Prasad
K10: Prince Kumar Nirala
K11: Pramod Kumar Sahoo
K12: Jainath Mahto
K13: Rajesh Pal
K14: Ramji Tanti
K15: Rakesh Pramanik
K16: Sam Mahammad
K17: Suresh Kumar Pal
K18: Hulas Kumar Mahto
... K40: Jaylal Mahto

Sheet X-ing Status
A1: Progress Summary'!A1
A2: Details of Crossing in 765KV D/C Fatehgarh-III to Beawar Transmission Line
A3: Sr. No. | B3: Name of Crossing | C3: From | D3: To | E3: Span in Mtrs | F3: Submission Date | G3: Appr. Date | H3: Foundation Status | I3: Erection Status | J3: Stringing Status | K3: Plan for Stringing
A4: Power Line Crossing – 9 nos
A5: 1 | B5: 400 KV S/C Jaisalmer-Barmer Line | C5: 3/0 | D5: 4/0 | E5: 226.52 | F5: 45337 | H5: AP3:- Completed AP4:- Completed | I5: AP3:- Completed AP4:- Completed | J5: Balance
A6: 2 | B6: 220 KV D/C Barmer-Akal Line | C6: 5/0 | D6: 6/0 | E6: 246.019 | F6: 45337 | H6: AP5:- Completed AP6:- Completed | I6: AP5:- Completed AP6:- WIP | J6: Balance
A7: 3 | B7: 132 KV S/C Sheo-Jaisalmer Line | C7: 7/0 | D7: 8/0 | E7: 210.755 | F7: 45337 | H7: AP7:- Completed AP8:- Completed | I7: AP7:- Completed AP8:- Balance | J7: Balance
A8: 4 | B8: 400 KV D/C Barmer-Jaisalmer-2 Line | C8: 9/0 | D8: 10/0 | E8: 233.076 | F8: 45337 | H8: AP9:- Completed AP10:- Completed | I8: AP9:- Balance AP10:- Balance | J8: Balance
A9: 5 | B9: 132 KV S/C Sheo-Undoo Line | C9: 12/0 | D9: 13/0 | E9: 211.914 | F9: 45337 | H9: AP12:- Completed AP13:- Completed | I9: AP12:- Completed AP13:- Balance | J9: Balance
A10: 6 | B10: 132 KV S/C Undoo-Baytoo Line | C10: 23/0 | D10: 24/0 | E10: 222.155 | F10: 45307 | G10: 45470 | H10: AP23:- Completed AP24:- Completed | I10: AP23:- Balance AP24:- Completed | J10: Balance
A11: 7 | B11: 400 KV D/C Mandor-JSW Transmission Line | C11: 46/0 | D11: 47/0 | E11: 197.7 | H11: AP46:- Completed AP47:- Completed | I11: AP46:- Completed AP47:- Completed | J11: Balance
A12: 8 | B12: 400 KV D/C Line | C12: 56/0 | D12: 57/0 | E12: 179.9 | H12: AP56:- Completed AP57:- Completed | I12: AP56:- Completed AP57:- Completed. | J12: Completed
A13: 9 | B13: 220 KV D/C Balotra-Boranada Transmission Line | C13: 66/0 | D13: 67/0 | E13: 207.8 | F13: 45359 | G13: 45491 | H13: AP66:- Completed AP67:- Completed | I13: AP66:- Completed AP67:- Completed | J13: Balance
A14: NH Crossings-3 Nos | B14: NH Crossing
A15: 1 | B15: NH - 68 (Barmer - Jaisalmer) | C15: 5/0 | D15: 6/0 | E15: 246.019 | F15: 45337 | H15: AP5:- Completed AP6:- Completed | I15: AP5:- WIP AP6:- Balance
A16: 2 | B16: Expressway (Amritsar-Jamnagar) | C16: 58/0 | D16: 59/0 | E16: 238.9 | F16: 45359 | G16: 45444 | H16: AP58:- Completed AP59:- Completed | I16: AP58:- Completed AP59:- Completed | J16: Balance
A17: 3 | B17: NH | C17: 68/0 | D17: 69/0 | E17: 200.9 | F17: 45359 | G17: 45469 | H17: AP68:- Completed AP69:- Completed | I17: AP68:- Completed AP69:- Completed | J17: Balance
A18: Gas Pipe Line-1 Nos | B18: NH Crossing
A19: 1 | B19: Gas Pipe Lines | C19: 65/7 | D19: 65/8 | E19: 394.3 | H19: AP65/7:- Completed AP65/8:- Completed | I19: AP65/7:- Completed AP65/8:- Completed | J19: Completed

Sheet L2 Schedule
A1: Progress Summary'!A1 | B1: L2 Schedule vs Actual
B3: Line Name: Part F, 765KV D/C Fatehgarh- Beawar Transmission Line
B4: LOI Date: 11-Sep-2023
B5: Effective Date: 06-Dec-2023
B6: Schedule Completion as per LOA: 05-March-2025
B7: Scope & Discription | G7: Before L2 | H7: L2-Approved | X7: Extension of time (Approved) -1 | AE7: Remarks
B8: Sr. No. | C8: Description | D8: Scope of Work | E8: UOM | F8: Qty. | G8: 45200 | H8: 45261 | I8: 45292 | J8: 45323 | K8: 45352 | L8: 45383 | M8: 45413 | N8: 45444 | O8: 45474 | P8: 45505 | Q8: 45536 | R8: 45566 | S8: 45597 | T8: 45627 | U8: 45658 | V8: 45689 | W8: 45717 | X8: 45748 | Y8: 45778 | Z8: 45809 | AA8: 45839 | AB8: 45870 | AC8: 45901 | AD8: 45931
G9: 0 | H9: 1 | I9: 2 | J9: 3 | K9: 4 | L9: 5 | M9: 6 | N9: 7 | O9: 8 | P9: 9 | Q9: 10 | R9: 11 | S9: 12 | T9: 13 | U9: 14 | V9: 15 | W9: 16 | X9: 17 | Y9: 18 | Z9: 19 | AA9: 20 | AB9: 21 | AC9: 22 | AD9: 23
B10: 1 | C10: Release of Sag Template Curve & Tower Spotting Data | D10: Sterlite
B11: 2 | C11: Approval of repeated tower design & its BOMS | D11: Sterlite
B12: 3 | C12: Approval of repeated foundation design/drawings | D12: Sterlite
B13: 4 | C13: Supply
B14: i) | C14: Manufacturing of Stubs with Earthing material(incl. B&N) | D14: KEC
B15: A. | C15: Inspection of stub | D15: Sterlite | E15: Nos. | F15: 482 | H15: 40 | I15: 100 | J15: 100 | L15: 100 | M15: 65 | O15: 77
B16: B. | C16: Dispatch of stub | D16: KEC | E16: Nos. | F16: 482 | H16: =H15 -> 40 | I16: =I15 -> 100 | J16: =J15 -> 100 | K16: =K15 -> 0 | L16: =L15 -> 100 | M16: =M15 -> 65 | N16: =N15 -> 0 | O16: =O15 -> 77 | ... T16: =T15 -> 0
B17: C. | C17: Receipt of stubs at site | D17: KEC | E17: Nos. | F17: 482 | H17: =H15 -> 40 | I17: =I15 -> 100 | J17: =J15 -> 100 | K17: =K15 -> 0 | L17: =L15 -> 100 | M17: =M15 -> 65 | N17: =N15 -> 0 | O17: =O15 -> 77 | ... T17: =T15 -> 0
C18: MFC submitted on | H18: 192 | I18: 73 | J18: 73
C19: MFC received on | H19: =75+75+20+15+2+5 -> 192 | I19: =265-192 -> 73 | K19: =338-265 -> 73 | N19: =482-338 -> 144
C20: Actual | H20: 40 | I20: 120 | J20: 0 | K20: 10 | M20: 152 | N20: =361-322 -> 39 | O20: 5 | R20: =393-366 -> 27
B21: ii) | C21: Manufacturing of Tower (incl B&N) | D21: KEC
B22: A. | C22: Inspection of tower | D22: Sterlite | E22: Nos. | F22: 482 | H22: 50 | I22: 60 | J22: 60 | K22: 60 | L22: 60 | M22: 65 | N22: 66 | O22: 31 | P22: 30
B23: B. | C23: Dispatch of tower | D23: KEC | E23: Nos. | F23: 482 | I23: 50 | J23: 60 | K23: 60 | L23: 60 | M23: 60 | N23: 65 | O23: 66 | P23: 31 | Q23: 30 | R23: =R22 -> 0 | S23: =S22 -> 0 | T23: =T22 -> 0
B24: C. | C24: Receipt of complete towers at site | D24: KEC | E24: Nos. | F24: 482 | I24: 50 | J24: 60 | K24: 60 | L24: 60 | M24: 60 | N24: 65 | O24: 66 | P24: 31 | Q24: 30 | R24: =+R23 -> 0 | S24: =+S23 -> 0 | T24: =+T23 -> 0
C25: MFC submitted on | H25: 97 | I25: 128 | M25: 65 | N25: =482-290 -> 192
C26: MFC received on | H26: 97 | I26: 128 | N26: 257
C27: Actual | I27: 50 | J27: 60 | K27: 45 | L27: 74 | M27: 9 | N27: 99 | Q27: 54 | S27: 10
B28: iii) | C28: Supply of following Tower accessories
B29: A. | C29: Danger Plate | D29: KEC | E29: % | F29: 100 | P29: 1
B30: B. | C30: Number Plate | D30: KEC | E30: % | F30: 100 | P30: 1
B31: C. | C31: Phase Plate (Set of three) | D31: KEC | E31: % | F31: 100 | P31: 1
B32: D. | C32: Circuit Plate (Set of Two) | D32: KEC | E32: & | F32: 100 | P32: 1
B33: E. | C33: Anti-Climbing Device | D33: KEC | E33: % | F33: 100 | P33: 1
B34: F. | C34: Bird Guard (Set of Three) | D34: KEC | E34: % | F34: 100 | P34: 1
B35: iv) | C35: Other's Supply
B36: A. | C36: Span Marker | D36: KEC | E36: % | F36: 100 | P36: 1
B37: B. | C37: Aviation Light | D37: KEC | E37: % | F37: 100 | P37: 1
B38: v) | C38: OSM
B39: A. | C39: Supply of AL59 Zebra Conductor & associated Acessories | D39: Sterlite | E39: % | F39: 100 | K39: 0.25 | N39: 0.25 | P39: 0.25 | R39: 0.25
B40: B. | C40: Supply of Insulator & associated Hardwere | D40: Sterlite | E40: % | F40: 100 | K40: 0.25 | N40: 0.25 | P40: 0.25 | R40: 0.25
B41: C. | C41: Supply of Earth Wire & associated Hardwere | D41: Sterlite | E41: % | F41: 100 | H41: =H40 -> 0 | I41: =I40 -> 0 | K41: 0.25 | L41: =L40 -> 0 | N41: 0.25 | O41: =O40 -> 0 | P41: 0.25 | R41: 0.25
B42: D. | C42: Supply of OPGW & associated Hardwere | D42: Sterlite | E42: % | F42: 100 | H42: =H40 -> 0 | I42: =I40 -> 0 | M42: 0.25 | P42: 0.25 | R42: 0.25 | S42: 0.25
B43: 5 | C43: Erection
B44: A. | C44: Establishment of Site Office
B45: B. | C45: Route Alignment(Date of Start) | D45: Sterlite | E45: Kms | F45: 191
B46: C. | C46: Detail Survey | D46: Sterlite | E46: Kms | F46: 191 | H46: 90 | I46: 71 | J46: 30
C47: Actual | H47: 191 | AF47: =+SUM(G47:AD47) -> 191 | AG47: =(AF47/F46)*100 -> 100
B48: D. | C48: Check Survey | D48: KEC | E48: Kms | F48: 191 | H48: 20 | I48: 65 | J48: 65 | K48: 41
C49: Actual date of submission | H49: 128.337 | I49: 2.238 | J49: 28.252 | N49: 10.313 | O49: 5.601 | P49: 3.788 | Q49: 3.65 | S49: 2.747 | T49: 4.966 | AF49: =+SUM(G49:AD49) -> 189.892 | AG49: 100
C50: Actual date of approval | H50: =77.369+9.139 -> 86.508 | I50: 44.067 | J50: 14.03 | M50: 12.488 | O50: 15.914 | P50: 3.788 | S50: 3.57 | T50: 9.446
B51: E. | C51: Soil Investigation Location approval | D51: Sterlite | E51: Loc | F51: 193 | H51: 193
C52: Actual | I52: 24
B53: F. | C53: Soil Investigation Location at Site | D53: KEC | E53: Loc | F53: 193 | H53: 40 | I53: 40 | J53: 60 | K53: 53
C54: Actual | K54: 24 | AF54: =+SUM(G54:AD54) -> 24 | AG54: =(AF54/F53)*100 -> 12.435233
B55: G. | C55: Foundation
B56: G.1 | C56: Foundation(Incl.Earthing) | D56: KEC | E56: Nos | F56: 482 | H56: 20 | I56: 40 | J56: 45 | K56: 45 | L56: 45 | M56: 40 | N56: 30 | O56: 35 | P56: 35 | Q56: 35 | R56: 45 | S56: 45 | T56: 22 | AF56: =+SUM(G56:AD56) -> 482 | AG56: 97
C57: Actual | G57: =+COUNTIF(Foundation!$B$8:$B$531,'L2 Schedule'!G8) -> 1 | H57: =+COUNTIF(Foundation!$B$8:$B$531,'L2 Schedule'!H8) -> 22 | I57: =+COUNTIF(Foundation!$B$8:$B$531,'L2 Schedule'!I8) -> 46 | J57: =+COUNTIF(Foundation!$B$8:$B$531,'L2 Schedule'!J8) -> 36 | K57: =+COUNTIF(Foundation!$B$8:$B$531,'L2 Schedule'!K8) -> 16 | L57: =+COUNTIF(Foundation!$B$8:$B$531,'L2 Schedule'!L8) -> 7 | M57: =+COUNTIF(Foundation!$B$8:$B$531,'L2 Schedule'!M8) -> 15 | N57: =+COUNTIF(Foundation!$B$8:$B$531,'L2 Schedule'!N8) -> 9 | ... AD57: =+COUNTIF(Foundation!$B$8:$B$531,'L2 Schedule'!AD8) -> 7 | AF57: =+SUM(G57:AD57) -> 478
C58: Cummulative | G58: =G57 -> 1 | H58: =G58+H57 -> 23 | I58: =H58+I57 -> 69 | J58: =I58+J57 -> 105 | K58: =J58+K57 -> 121 | L58: =K58+L57 -> 128 | M58: =L58+M57 -> 143 | N58: =M58+N57 -> 152 | O58: =N58+O57 -> 166 | ... AD58: =AC58+AD57 -> 478
B59: G.2. | C59: Earthing | G59: =+COUNTIF(Earthing!$I$7:$I$603,'L2 Schedule'!G8) -> 0 | H59: =+COUNTIF(Earthing!$I$7:$I$603,'L2 Schedule'!H8) -> 5 | I59: =+COUNTIF(Earthing!$I$7:$I$603,'L2 Schedule'!I8) -> 35 | J59: =+COUNTIF(Earthing!$I$7:$I$603,'L2 Schedule'!J8) -> 58 | K59: =+COUNTIF(Earthing!$I$7:$I$603,'L2 Schedule'!K8) -> 20 | L59: =+COUNTIF(Earthing!$I$7:$I$603,'L2 Schedule'!L8) -> 10 | M59: =+COUNTIF(Earthing!$I$7:$I$603,'L2 Schedule'!M8) -> 11 | N59: =+COUNTIF(Earthing!$I$7:$I$603,'L2 Schedule'!N8) -> 9 | ... AD59: =+COUNTIF(Earthing!$I$7:$I$603,'L2 Schedule'!AD8) -> 0 | AF59: =+SUM(G59:AD59) -> 451
C60: Cummulative | G60: =G59 -> 0 | H60: =H59 -> 5 | I60: =H60+I59 -> 40 | J60: =I60+J59 -> 98 | K60: =J60+K59 -> 118 | L60: =K60+L59 -> 128 | M60: =L60+M59 -> 139 | N60: =M60+N59 -> 148 | O60: =N60+O59 -> 158 | P60: =O60+P59 -> 177 | ... AD60: =AC60+AD59 -> 451
B61: H. | C61: Erection
B62: H.1 | C62: Erection of towers (Incl. Tack welding & painting of tower) | D62: KEC | E62: Nos | F62: 482 | J62: 25 | K62: 30 | L62: 45 | M62: 45 | N62: 35 | O62: 35 | P62: 35 | Q62: 35 | R62: 50 | S62: 50 | T62: 50 | U62: 47 | AE62: =+SUM(G62:AD62) -> 482 | AF62: =+SUM(G62:AD62) -> 482 | AG62: 70
C63: Actual | J63: =+COUNTIF('Erection Compiled'!$B$7:$B$620,'L2 Schedule'!J8) -> 22 | K63: =+COUNTIF('Erection Compiled'!$B$7:$B$620,'L2 Schedule'!K8) -> 20 | L63: =+COUNTIF('Erection Compiled'!$B$7:$B$620,'L2 Schedule'!L8) -> 19 | M63: =+COUNTIF('Erection Compiled'!$B$7:$B$620,'L2 Schedule'!M8) -> 14 | N63: =+COUNTIF('Erection Compiled'!$B$7:$B$620,'L2 Schedule'!N8) -> 3 | O63: =+COUNTIF('Erection Compiled'!$B$7:$B$620,'L2 Schedule'!O8) -> 2 | P63: =+COUNTIF('Erection Compiled'!$B$7:$B$620,'L2 Schedule'!P8) -> 3 | Q63: =+COUNTIF('Erection Compiled'!$B$7:$B$620,'L2 Schedule'!Q8) -> 16 | ... AD63: =+COUNTIF('Erection Compiled'!$B$7:$B$620,'L2 Schedule'!AD8) -> 25 | AE63: =+SUM(G63:AD63) -> 375 | AF63: =+SUM(G63:AD63) -> 375
C64: Tonnage | D64: MT | J64: =+SUMIF('Erection Compiled'!$B$7:$B$356,'L2 Schedule'!J8,'Erection Compiled'!$J$7:$J$356) -> 879.62471 | K64: =+SUMIF('Erection Compiled'!$B$7:$B$356,'L2 Schedule'!K8,'Erection Compiled'!$J$7:$J$356) -> 782.87974 | L64: =+SUMIF('Erection Compiled'!$B$7:$B$356,'L2 Schedule'!L8,'Erection Compiled'!$J$7:$J$356) -> 787.24065 | M64: =+SUMIF('Erection Compiled'!$B$7:$B$356,'L2 Schedule'!M8,'Erection Compiled'!$J$7:$J$356) -> 641.68643 | N64: =+SUMIF('Erection Compiled'!$B$7:$B$356,'L2 Schedule'!N8,'Erection Compiled'!$J$7:$J$356) -> 112.51312 | O64: =+SUMIF('Erection Compiled'!$B$7:$B$356,'L2 Schedule'!O8,'Erection Compiled'!$J$7:$J$356) -> 77.695212 | P64: =+SUMIF('Erection Compiled'!$B$7:$B$356,'L2 Schedule'!P8,'Erection Compiled'!$J$7:$J$356) -> 116.54282 | Q64: =+SUMIF('Erection Compiled'!$B$7:$B$356,'L2 Schedule'!Q8,'Erection Compiled'!$J$7:$J$356) -> 652.80437 | ... AD64: =+SUMIF('Erection Compiled'!$B$7:$B$356,'L2 Schedule'!AD8,'Erection Compiled'!$J$7:$J$356) -> 0 | AE64: =+SUM(G64:AD64) -> 15547.073
C65: Rate 4000 RS/MT | J65: =+J64*4000 -> 3518498.8 | K65: =+K64*4000 -> 3131518.9 | L65: =+L64*4000 -> 3148962.6 | M65: =+M64*4000 -> 2566745.7 | N65: =+N64*4000 -> 450052.46 | O65: =+O64*4000 -> 310780.85 | P65: =+P64*4000 -> 466171.27 | Q65: =+Q64*4000 -> 2611217.5 | ... AD65: =+AD64*4000 -> 0 | AE65: =+SUM(G65:AD65) -> 62188290
C66: Cummulative | J66: =J63 -> 22 | K66: =K63+J66 -> 42 | L66: =L63+K66 -> 61 | M66: =M63+L66 -> 75 | N66: =N63+M66 -> 78 | O66: =O63+N66 -> 80 | P66: =P63+O66 -> 83 | Q66: =Q63+P66 -> 99 | R66: =R63+Q66 -> 129 | ... AD66: =AD63+AC66 -> 375
B67: I. | C67: Stringing
B68: I.1 | C68: Stringing Conductor & Earthwire | D68: KEC | E68: Kms | F68: 191 | L68: 5 | M68: 12 | N68: 12 | O68: 12 | P68: 18 | Q68: 25 | R68: 25 | S68: 25 | T68: 25 | U68: 20 | V68: 12 | AF68: =+SUM(G68:AD68) -> 191 | AG68: 23
C69: Actual | L69: =+SUMIF(Stringing!$O$6:$O$97,'L2 Schedule'!L8,Stringing!$K$6:$K$97) -> 0 | M69: =+SUMIF(Stringing!$O$6:$O$97,'L2 Schedule'!M8,Stringing!$K$6:$K$97) -> 0 | N69: =+SUMIF(Stringing!$O$6:$O$97,'L2 Schedule'!N8,Stringing!$K$6:$K$97) -> 0 | O69: =+SUMIF(Stringing!$O$6:$O$97,'L2 Schedule'!O8,Stringing!$K$6:$K$97) -> 0 | P69: =+SUMIF(Stringing!$O$6:$O$97,'L2 Schedule'!P8,Stringing!$K$6:$K$97) -> 0 | Q69: =+SUMIF(Stringing!$O$6:$O$97,'L2 Schedule'!Q8,Stringing!$K$6:$K$97) -> 4.877 | R69: =+SUMIF(Stringing!$O$6:$O$97,'L2 Schedule'!R8,Stringing!$K$6:$K$97) -> 9.431 | S69: =+SUMIF(Stringing!$O$6:$O$97,'L2 Schedule'!S8,Stringing!$K$6:$K$97) -> 8.629 | ... AD69: =+SUMIF(Stringing!$O$6:$O$97,'L2 Schedule'!AD8,Stringing!$K$6:$K$97) -> 0 | AF69: =+SUM(G69:AD69) -> 47.516
C70: Cummulative | L70: =L69 -> 0 | M70: =+L70+M69 -> 0 | N70: =+M70+N69 -> 0 | O70: =+N70+O69 -> 0 | P70: =+O70+P69 -> 0 | Q70: =+P70+Q69 -> 4.877 | R70: =+Q70+R69 -> 14.308 | S70: =+R70+S69 -> 22.937 | T70: =+S70+T69 -> 22.937 | ... AD70: =+AC70+AD69 -> 47.516
B71: I.2 | C71: OPGW Stringing | D71: KEC | E71: Kms | F71: 191 | O71: 5 | P71: 15 | Q71: 20 | R71: 25 | S71: 35 | T71: 45 | U71: 30 | V71: 16 | AF71: =+SUM(G71:AD71) -> 191
C72: Actual | O72: =+SUMIF(OPGW!$N$6:$N$100,'L2 Schedule'!O8,OPGW!$J$6:$J$100) -> 0 | P72: =+SUMIF(OPGW!$N$6:$N$100,'L2 Schedule'!P8,OPGW!$J$6:$J$100) -> 0 | Q72: =+SUMIF(OPGW!$N$6:$N$100,'L2 Schedule'!Q8,OPGW!$J$6:$J$100) -> 3.337 | R72: =+SUMIF(OPGW!$N$6:$N$100,'L2 Schedule'!R8,OPGW!$J$6:$J$100) -> 8.655 | S72: =+SUMIF(OPGW!$N$6:$N$100,'L2 Schedule'!S8,OPGW!$J$6:$J$100) -> 9.431 | T72: =+SUMIF(OPGW!$N$6:$N$100,'L2 Schedule'!T8,OPGW!$J$6:$J$100) -> 0 | U72: =+SUMIF(OPGW!$N$6:$N$100,'L2 Schedule'!U8,OPGW!$J$6:$J$100) -> 8.629 | V72: =+SUMIF(OPGW!$N$6:$N$100,'L2 Schedule'!V8,OPGW!$J$6:$J$100) -> 0 | ... AD72: =+SUMIF(OPGW!$N$6:$N$100,'L2 Schedule'!AD8,OPGW!$J$6:$J$100) -> 0 | AF72: =+SUM(G72:AD72) -> 39.603 | AG72: =(AF72/F71)*100 -> 20.734555
C73: Cummulative | O73: =O72 -> 0 | P73: =O73+P72 -> 0 | Q73: =P73+Q72 -> 3.337 | R73: =Q73+R72 -> 11.992 | S73: =R73+S72 -> 21.423 | T73: =S73+T72 -> 21.423 | U73: =T73+U72 -> 30.052 | V73: =U73+V72 -> 30.052 | W73: =V73+W72 -> 30.052 | ... AD73: =AC73+AD72 -> 39.603
B74: J. | C74: Fixing Of Tower Accessories, aviation painting & installation of span marker | D74: KEC | E74: % | F74: 100 | T74: 0.3 | U74: 0.3 | V74: 0.4
B75: K. | C75: Checking, Testing & Commissioning/Ready for Commissioning | D75: KEC | E75: Kms. | F75: 191 | U75: 0.5 | V75: 0.5
B78: REMARKS
A80: 1 | B80: Provisional Tower Quantities are 482 Nos.

Sheet Hindrance Register (Row)
A1: Progress Summary'!A1
A2: HINDRANCE REGISTER (Note:- Day to day hindrance are captured on other sheet and intimate to resonia via DPR on Summary Sheet)
A3: 1 | B3: Name of the Substation/TL/Project | C3: 765 KV Fatehgarh-3 Beawer Transmission Line Part-F | G3: 2. Name of Work | I3: Transmission & Power Distribution
A4: 3 | B4: Name of the Executing Agency | C4: KEC International Limited | G4: 3. LOA No. & Date | I4: LOI/EPC/FBTL/PART-F/KEC/01 Dated 11.09.2023
A6: Sr. No. | B6: Activity | C6: Total | D6: Open | E6: Close | I6: Progress Summary'!A1
A7: 1 | B7: Survey | C7: =+COUNTIF($D$16:$D$994,B7) -> 20 | D7: =+COUNTIFS($D$16:$D$995,B7,$H$16:$H$995,"AWAITED") -> 0 | E7: =C7-D7 -> 20
A8: 2 | B8: Foundation | C8: =+COUNTIF($D$16:$D$994,B8) -> 210 | D8: =+COUNTIFS($D$16:$D$995,B8,$H$16:$H$995,"AWAITED") -> 4 | E8: =C8-D8 -> 206
A9: 3 | B9: Erection | C9: =+COUNTIF($D$16:$D$994,B9) -> 81 | D9: =+COUNTIFS($D$16:$D$995,B9,$H$16:$H$995,"AWAITED") -> 49 | E9: =C9-D9 -> 32
A10: 4 | B10: Stringing | C10: =+COUNTIF($D$16:$D$994,B10) -> 4 | D10: =+COUNTIFS($D$16:$D$995,B10,$H$16:$H$995,"AWAITED") -> 0 | E10: =C10-D10 -> 4
A11: 5 | B11: Others | C11: =+COUNTIF($D$16:$D$994,B11) -> 3 | D11: =+COUNTIFS($D$16:$D$995,B11,$H$16:$H$995,"AWAITED") -> 0 | E11: =C11-D11 -> 3
A12: Total | C12: =SUM(C7:C11) -> 318 | D12: =+SUM(D7:D11) -> 53 | E12: =+SUM(E7:E11) -> 265
A15: Check Survey
A16: S.No | B16: Nature of Hindrance | C16: Loc/Sec. | D16: Affected Activity | E16: Affected Gang Name | F16: Date of 1st attempt | G16: Date of removal (Last attempt) | H16: Period of hindrance | I16: Remarks
A17: 1 | B17: Check survey not done due to frequent obstruction by land owner from 38/0 to 39/0. | C17: 38-39 | D17: Survey | F17: 45266 | G17: 45575 | H17: =+IF(G17="","Awaited",_xlfn.DAYS(G17,F17)+1) -> 310 | I17: Refer KEC letter dated 02-01-24. Reattempted on 09-01-24 but still in ROW. 3rd time attempted on dated 10.07.24 informed to you via mail regarding ROW.
A18: 2 | B18: Check survey not done due to frequent obstruction by land owner from 39/0 to 40/0. | C18: 39-40 | D18: Survey | F18: 45266 | G18: 45575 | H18: =+IF(G18="","Awaited",_xlfn.DAYS(G18,F18)+1) -> 310 | I18: Refer KEC letter dated 02-01-24. Reattempted on 09-01-24 but still in ROW. 3rd time attempted on dated 10.07.24 informed to you via mail regarding ROW.
A19: 3 | B19: Check survey is on hold from Gantry to 2/0 due to Non-Finalization of Gantry. | C19: Gty-2 | D19: Survey | F19: 45266 | G19: 45488 | H19: =+IF(G19="","Awaited",_xlfn.DAYS(G19,F19)+1) -> 223 | I19: Refer KEC letter dated 02-01-24.
A20: 4 | B20: Check survey not done due to frequent obstruction by land owner from 10/12 to 11A. | C20: 10/12-11A | D20: Survey | F20: 45266 | G20: 45307 | H20: =+IF(G20="","Awaited",_xlfn.DAYS(G20,F20)+1) -> 42 | I20: Refer KEC letter dated 02-01-24.
A21: 5 | B21: Check survey not done due to ROW from AP 20-AP 21. | C21: 20-21 | D21: Survey | F21: 45266 | G21: 45831 | H21: =+IF(G21="","Awaited",_xlfn.DAYS(G21,F21)+1) -> 566 | I21: Refer KEC letter dated 02-01-24. SPTL mail dated 20/5/24 having subject Optimization from GTY to AP74 (Part- F). Clearance for check survey received on 17.10.24. however survey team along with machinery idled at this section since 18th. Section is still in ROW. on dated 19.10.2024.
A22: 6 | B22: Delay in approval of check survey report from Ap 21 to AP 25. | C22: 21-25 | D22: Survey | F22: 45266 | G22: 45274 | H22: =+IF(G22="","Awaited",_xlfn.DAYS(G22,F22)+1) -> 9
A23: 7 | B23: Delay in approval of check survey report from Ap 14 to AP 20. | C23: 14-20 | D23: Survey | F23: 45266 | G23: 45274 | H23: =+IF(G23="","Awaited",_xlfn.DAYS(G23,F23)+1) -> 9
A24: 8 | B24: ROW in check survey works. | C24: 47-48 | D24: Survey | F24: 45272 | G24: 45274 | H24: =+IF(G24="","Awaited",_xlfn.DAYS(G24,F24)+1) -> 3
A25: 9 | B25: ROW in check survey works. | C25: 70-71 | D25: Survey | F25: 45275 | G25: 45636 | H25: =+IF(G25="","Awaited",_xlfn.DAYS(G25,F25)+1) -> 362
A26: 10 | B26: ROW in check survey works. | C26: 71-72 | D26: Survey | F26: 45275 | G26: 45331 | H26: =+IF(G26="","Awaited",_xlfn.DAYS(G26,F26)+1) -> 57
A27: 11 | B27: ROW in check survey works. | C27: 72-73 | D27: Survey | F27: 45275 | G27: 45331 | H27: =+IF(G27="","Awaited",_xlfn.DAYS(G27,F27)+1) -> 57
A28: 12 | B28: ROW in check survey works. | C28: 73-74 | D28: Survey | F28: 45275 | G28: 45487 | H28: =+IF(G28="","Awaited",_xlfn.DAYS(G28,F28)+1) -> 213
A29: 13 | B29: Delay in approval of check survey report from Ap 32 to AP 37. | C29: 32-37 | D29: Survey | F29: 45281 | G29: 45289 | H29: =+IF(G29="","Awaited",_xlfn.DAYS(G29,F29)+1) -> 9
A30: 14 | B30: Delay in approval of check survey From AP 2-10/12 | C30: 2-10/12 | D30: Survey | F30: 45286 | G30: 45316 | H30: =+IF(G30="","Awaited",_xlfn.DAYS(G30,F30)+1) -> 31 | I30: Email dated 18/1/24 regarding Frequent obstruction by landowners.
A31: 15 | B31: Delay in approval of check survey From AP 11A-14. | C31: 11A-14 | D31: Survey | F31: 45286 | G31: 45316 | H31: =+IF(G31="","Awaited",_xlfn.DAYS(G31,F31)+1) -> 31 | I31: Email dated 18/1/24 regarding Frequent obstruction by landowners.
A32: 16 | B32: Location no 11/5 are on Hold due to ROW during check survey, Centre peg not done for verification of benching and others. | C32: 11/5 | D32: Survey | F32: 45308 | G32: 45432 | H32: =+IF(G32="","Awaited",_xlfn.DAYS(G32,F32)+1) -> 125 | I32: Email dated 18/1/24 regarding Frequent obstruction by landowners.
A33: 17 | B33: Location no 11A/0 are on Hold due to ROW during check survey, Centre peg not done for verification of benching and others. | C33: 11A/0 | D33: Survey | F33: 45308 | G33: 45432 | H33: =+IF(G33="","Awaited",_xlfn.DAYS(G33,F33)+1) -> 125 | I33: Email dated 18/1/24 regarding Frequent obstruction by landowners.
A34: 18 | B34: ROW in check survey works. | C34: 40-41 | D34: Survey | F34: 45318 | G34: 45390 | H34: =+IF(G34="","Awaited",_xlfn.DAYS(G34,F34)+1) -> 73
A35: 19 | B35: ROW in check survey works. | C35: 41-42 | D35: Survey | F35: 45318 | G35: 45390 | H35: =+IF(G35="","Awaited",_xlfn.DAYS(G35,F35)+1) -> 73
A36: 20 | B36: ROW in check survey works. | C36: 42-43 | D36: Survey | F36: 45318 | G36: 45390 | H36: =+IF(G36="","Awaited",_xlfn.DAYS(G36,F36)+1) -> 73
A39: Foundation
A40: S.No | B40: Nature of Hindrance | C40: Loc/Sec. | D40: Affected Activity | E40: Affected Gang Name | F40: Date of occurrence | G40: Date of removal | H40: Period of hindrance | I40: Remarks
A41: 1 | B41: ROW due to obstruction by land owner at Loc No 37/2. Post Excavation work was stopped by Land owners. After that cleared on 07/12/2023. | C41: 37/2 | D41: Foundation | E41: Nagana Rai | F41: 45266 | G41: 45267 | H41: =+IF(G41="","Awaited",_xlfn.DAYS(G41,F41)+1) -> 2
A42: 2 | B42: ROW encountered in Excavation works. | C42: 62/6 | D42: Foundation | F42: 45274 | G42: 45275 | H42: =+IF(G42="","Awaited",_xlfn.DAYS(G42,F42)+1) -> 2
A43: 3 | B43: ROW due to obstruction by land owner at Loc No 26/2. | C43: 26/2 | D43: Foundation | E43: A.B. Construction | F43: 45276 | G43: 45277 | H43: =+IF(G43="","Awaited",_xlfn.DAYS(G43,F43)+1) -> 2 | I43: Refer Mail dated 16/12/2023.
A44: 4 | B44: Our Whole team of one gang along with its machinery are completely idle at location no 26/2 | C44: 26/2 | D44: Foundation | E44: A.B. Construction | F44: 45276 | G44: 45277 | H44: =+IF(G44="","Awaited",_xlfn.DAYS(G44,F44)+1) -> 2 | I44: Idled Resources (Highly Skilled manpower-1, Skilled:- 2, Semi Skilled:- 3, Unskilled:- 4, JCB with operator:- 1, Azax flori with operator:- 1, Tracktor with operator:- 1, Tanker with Operator:- 1, Bolero/Camper with Diesel:- 1)
A45: 5 | B45: ROW at Location No 27/11. | C45: 27/11 | D45: Foundation | E45: Nagana Rai | F45: 45266 | G45: 45334 | H45: =+IF(G45="","Awaited",_xlfn.DAYS(G45,F45)+1) -> 69 | I45: Email dated 18/1/24 regarding Frequent obstruction by landowners. Your email dated 12.02.24 regarding workfront
A46: 6 | B46: ROW at location no 28/1 due to frequent interupption by land owner of PKG F. | C46: 28/1 | D46: Foundation | E46: N.R. Enterprises | F46: 45286 | G46: 45819 | H46: =+IF(G46="","Awaited",_xlfn.DAYS(G46,F46)+1) -> 534 | I46: Reference Email dated 26/12/2023.
A47: 7 | B47: Gang is idled for full day. During idling attempted 5 nos locations to start the work. But all are found in ROW. | D47: Foundation | E47: N.R. Enterprises | F47: 45286 | G47: 45289 | H47: =+IF(G47="","Awaited",_xlfn.DAYS(G47,F47)+1) -> 4 | I47: Reference Email dated 26/12/2023. Idled Resources (Highly Skilled manpower-1, Skilled:- 2, Semi Skilled:- 3, Unskilled:- 5, JCB with operator:- 1, Azax flori with operator:- 1, Tracktor with operator:- 1, Tanker with Operator:- 1, Bolero/Camper with Diesel:- 1)
A48: 8 | B48: ROW in Foundation work in sawan Moolraj village at Loc No 28/2 | C48: 28/2 | D48: Foundation | F48: 45286 | G48: 45318 | H48: =+IF(G48="","Awaited",_xlfn.DAYS(G48,F48)+1) -> 33 | I48: Email dated 18/1/24 regarding Frequent obstruction by landowners.
A49: 9 | B49: ROW in Foundation work in sawan Moolraj village at Loc No 28/3 | C49: 28/3 | D49: Foundation | F49: 45286 | G49: 45691 | H49: =+IF(G49="","Awaited",_xlfn.DAYS(G49,F49)+1) -> 406 | I49: Email dated 18/1/24 regarding Frequent obstruction by landowners.
A50: 10 | B50: ROW in Foundation work in sawan Moolraj village at Loc No 28/4 | C50: 28/4 | D50: Foundation | F50: 45286 | G50: 45691 | H50: =+IF(G50="","Awaited",_xlfn.DAYS(G50,F50)+1) -> 406 | I50: Email dated 18/1/24 regarding Frequent obstruction by landowners.
A51: 11 | B51: ROW in Foundation work in sawan Moolraj village at Loc No 28/5 | C51: 28/5 | D51: Foundation | F51: 45286 | G51: 45679 | H51: =+IF(G51="","Awaited",_xlfn.DAYS(G51,F51)+1) -> 394 | I51: Email dated 18/1/24 regarding Frequent obstruction by landowners.
A52: 12 | B52: ROW in Foundation work in sawan Moolraj village at Loc No 28/6 | C52: 28/6 | D52: Foundation | F52: 45286 | G52: 45307 | H52: =+IF(G52="","Awaited",_xlfn.DAYS(G52,F52)+1) -> 22 | I52: Email dated 18/1/24 regarding Frequent obstruction by landowners.
A53: 13 | B53: ROW in Foundation work in sawan Moolraj village at Loc No 28/7 | C53: 28/7 | D53: Foundation | F53: 45286 | G53: 45687 | H53: =+IF(G53="","Awaited",_xlfn.DAYS(G53,F53)+1) -> 402 | I53: Email dated 18/1/24 regarding Frequent obstruction by landowners.
A54: 14 | B54: ROW in Foundation work in sawan Moolraj village at Loc No 28/8 | C54: 28/8 | D54: Foundation | F54: 45286 | G54: 45682 | H54: =+IF(G54="","Awaited",_xlfn.DAYS(G54,F54)+1) -> 397 | I54: Email dated 18/1/24 regarding Frequent obstruction by landowners.
A55: 15 | B55: ROW in Foundation work in sawan Moolraj village at Loc No 29/0 | C55: 29/0 | D55: Foundation | F55: 45286 | G55: 45668 | H55: =+IF(G55="","Awaited",_xlfn.DAYS(G55,F55)+1) -> 383 | I55: Email dated 18/1/24 regarding Frequent obstruction by landowners.
A56: 16 | B56: ROW in Foundation work in sawan Moolraj village at Loc No 29/1 | C56: 29/1 | D56: Foundation | F56: 45286 | G56: 45710 | H56: =+IF(G56="","Awaited",_xlfn.DAYS(G56,F56)+1) -> 425 | I56: Email dated 18/1/24 regarding Frequent obstruction by landowners.
A57: 17 | B57: ROW in Foundation work in sawan Moolraj village at Loc No 29/2 | C57: 29/2 | D57: Foundation | F57: 45286 | G57: 45717 | H57: =+IF(G57="","Awaited",_xlfn.DAYS(G57,F57)+1) -> 432 | I57: Email dated 18/1/24 regarding Frequent obstruction by landowners.
A58: 18 | B58: ROW in Foundation work in sawan Moolraj village at Loc No 29/3 | C58: 29/3 | D58: Foundation | F58: 45286 | G58: 45718 | H58: =+IF(G58="","Awaited",_xlfn.DAYS(G58,F58)+1) -> 433 | I58: Email dated 18/1/24 regarding Frequent obstruction by landowners.
A59: 19 | B59: ROW in Foundation work in sawan Moolraj village at Loc No 29/4 | C59: 29/4 | D59: Foundation | F59: 45286 | G59: 45708 | H59: =+IF(G59="","Awaited",_xlfn.DAYS(G59,F59)+1) -> 423 | I59: Email dated 18/1/24 regarding Frequent obstruction by landowners.
... A70: 30 | B70: ROW in Foundation work in sawan Moolraj village at Loc No 32/0 | C70: 32/0 | D70: Foundation | F70: 45286 | G70: 45714 | H70: =+IF(G70="","Awaited",_xlfn.DAYS(G70,F70)+1) -> 429 | I70: Email dated 18/1/24 regarding Frequent obstruction by landowners.
A71: 31 | B71: ROW encountered while pit marking. | C71: 59/15 | D71: Foundation | F71: 45302 | G71: 45306 | H71: =+IF(G71="","Awaited",_xlfn.DAYS(G71,F71)+1) -> 5
A72: 32 | B72: ROW encountered while pit marking. | C72: 59/16 | D72: Foundation | F72: 45302 | G72: 45306 | H72: =+IF(G72="","Awaited",_xlfn.DAYS(G72,F72)+1) -> 5
A73: 33 | B73: ROW encountered while pit marking. | C73: 60/3 | D73: Foundation | F73: 45302 | G73: 45304 | H73: =+IF(G73="","Awaited",_xlfn.DAYS(G73,F73)+1) -> 3
A74: 34 | B74: ROW encountered while pit marking. | C74: 60/4 | D74: Foundation | F74: 45302 | G74: 45304 | H74: =+IF(G74="","Awaited",_xlfn.DAYS(G74,F74)+1) -> 3
A75: 35 | B75: ROW encountered while pit marking. | C75: 60/11 | D75: Foundation | F75: 45304 | G75: 45310 | H75: =+IF(G75="","Awaited",_xlfn.DAYS(G75,F75)+1) -> 7
A76: 36 | B76: Shifting of 11 KV Line in Location No 26/4 as 11 KV Line pass through centre of the Pit D. | C76: 26/4 | D76: Foundation | F76: 45311 | G76: 45314 | H76: =+IF(G76="","Awaited",_xlfn.DAYS(G76,F76)+1) -> 4 | I76: Email dated 20/01/2024 regarding shifting of 11 KV Line. On dated 23/1/24, FDN location 5 Mtr shifted towards 26/3 for execution of Foundation works.
A77: 37 | B77: Excavation work stopped at 28/2 after completion of 3 Pit excavation works due to ROW. | C77: 28/2 | D77: Foundation | E77: A.B. Construction | F77: 45319 | G77: 45334 | H77: =+IF(G77="","Awaited",_xlfn.DAYS(G77,F77)+1) -> 16 | I77: D.P.R. Dated 28-01-24. 10 Nos Manpower are idled due to this hindrances (confirmed by D.P.R. Dated 29.01.2024), Your email dated 12.02.24 regarding workfront
A78: 38 | B78: ROW encountered during excavation . | C78: 64/10 | D78: Foundation | F78: 45323 | G78: 45329 | H78: =+IF(G78="","Awaited",_xlfn.DAYS(G78,F78)+1) -> 7
A79: 39 | B79: Excavation work could not done at 27/5 after completion of 3 Pit excavation works due to ROW. | C79: 27/5 | D79: Foundation | E79: Majisa Construction | F79: 45324 | G79: 45356 | H79: =+IF(G79="","Awaited",_xlfn.DAYS(G79,F79)+1) -> 33 | I79: DPR dated 03.02.24. Email dated 22.02.24 Sterlite's Part G & F 765KV Fategarh -III Beawar TL
A80: 40 | B80: Excavation work could not done at 27/6 due to ROW. | C80: 27/6 | D80: Foundation | E80: Majisa Construction | F80: 45330 | G80: 45419 | H80: =+IF(G80="","Awaited",_xlfn.DAYS(G80,F80)+1) -> 90
A81: 41 | B81: Excavation work could not done at 27/7 due to ROW. | C81: 27/7 | D81: Foundation | E81: Majisa Construction | F81: 45330 | G81: 45795 | H81: =+IF(G81="","Awaited",_xlfn.DAYS(G81,F81)+1) -> 466
A82: 42 | B82: Excavation work could not done at 32/1 due to ROW. | C82: 32/1 | D82: Foundation | F82: 45330 | G82: 45716 | H82: =+IF(G82="","Awaited",_xlfn.DAYS(G82,F82)+1) -> 387
A83: 43 | B83: Row in foundation work due to Obstruction by land owner in Nimba ki Dhani Village. | C83: 32/2 | D83: Foundation | F83: 45330 | G83: 45695 | H83: =+IF(G83="","Awaited",_xlfn.DAYS(G83,F83)+1) -> 366
A84: 44 | B84: Row in foundation work due to Obstruction by land owner in Nimba ki Dhani Village. | C84: 32/3 | D84: Foundation | F84: 45330 | G84: 45691 | H84: =+IF(G84="","Awaited",_xlfn.DAYS(G84,F84)+1) -> 362
A85: 45 | B85: Row in foundation work due to Obstruction by land owner in Nimba ki Dhani Village. | C85: 32/4 | D85: Foundation | F85: 45330 | G85: 45691 | H85: =+IF(G85="","Awaited",_xlfn.DAYS(G85,F85)+1) -> 362
A86: 46 | B86: Row in foundation work due to Obstruction by land owner in Nimba ki Dhani Village. | C86: 33/0 | D86: Foundation | F86: 45330 | G86: 45700 | H86: =+IF(G86="","Awaited",_xlfn.DAYS(G86,F86)+1) -> 371
A87: 47 | B87: Row in foundation work due to Obstruction by land owner in Nimba ki Dhani Village. | C87: 33/1 | D87: Foundation | F87: 45330 | G87: 45688 | H87: =+IF(G87="","Awaited",_xlfn.DAYS(G87,F87)+1) -> 359
A88: 48 | B88: Row in foundation work due to Obstruction by land owner in Nimba ki Dhani Village. | C88: 34/0 | D88: Foundation | F88: 45330 | G88: 45684 | H88: =+IF(G88="","Awaited",_xlfn.DAYS(G88,F88)+1) -> 355
A89: 49 | B89: Row in foundation work due to Obstruction by land owner in Nimba ki Dhani Village. | C89: 34/1 | D89: Foundation | F89: 45330 | G89: 45662 | H89: =+IF(G89="","Awaited",_xlfn.DAYS(G89,F89)+1) -> 333
A90: 50 | B90: Row in foundation work due to Obstruction by land owner in Nimba ki Dhani Village. | C90: 34/2 | D90: Foundation | F90: 45330 | G90: 45673 | H90: =+IF(G90="","Awaited",_xlfn.DAYS(G90,F90)+1) -> 344
A91: 51 | B91: Row in foundation work due to Obstruction by land owner in Nimba ki Dhani Village. | C91: 34/3 | D91: Foundation | F91: 45330 | G91: 45336 | H91: =+IF(G91="","Awaited",_xlfn.DAYS(G91,F91)+1) -> 7 | I91: Email dated 14.01.2024 regarding KEC - Sterlite's Part G & F 765KV Fategarh -III Beawar TL
A92: 52 | B92: Row in foundation work due to Obstruction by land owner in Nimba ki Dhani Village. | C92: 34/4 | D92: Foundation | F92: 45330 | G92: 45703 | H92: =+IF(G92="","Awaited",_xlfn.DAYS(G92,F92)+1) -> 374
A93: 53 | B93: Row in foundation work due to Obstruction by land owner in Nimba ki Dhani Village. | C93: 35/0 | D93: Foundation | F93: 45330 | G93: 45659 | H93: =+IF(G93="","Awaited",_xlfn.DAYS(G93,F93)+1) -> 330
A94: 54 | B94: Row in foundation work due to Obstruction by land owner in Nimba ki Dhani Village. | C94: 35/1 | D94: Foundation | F94: 45330 | G94: 45736 | H94: =+IF(G94="","Awaited",_xlfn.DAYS(G94,F94)+1) -> 407
A95: 55 | B95: Row in foundation work due to Obstruction by land owner in Nimba ki Dhani Village. | C95: 35/2 | D95: Foundation | F95: 45330 | G95: 45660 | H95: =+IF(G95="","Awaited",_xlfn.DAYS(G95,F95)+1) -> 331
A96: 56 | B96: Row in foundation work due to Obstruction by land owner in Nimba ki Dhani Village. | C96: 35/3 | D96: Foundation | F96: 45330 | G96: 45687 | H96: =+IF(G96="","Awaited",_xlfn.DAYS(G96,F96)+1) -> 358 | I96: Your email dated 12.02.24 regarding workfront. This locations is reattempted on 28.01.2024 after verbal communication by SPTL by the location found in ROW. Again SPTL claimed that ROW cleared on 30.01.25.
A97: 57 | B97: Row in foundation work due to Obstruction by land owner in Nimba ki Dhani Village. | C97: 35/4 | D97: Foundation | F97: 45330 | G97: 45334 | H97: =+IF(G97="","Awaited",_xlfn.DAYS(G97,F97)+1) -> 5 | I97: Your email dated 12.02.24 regarding workfront
A98: 58 | B98: Row in foundation work due to Obstruction by land owner in Nimba ki Dhani Village. | C98: 35/5 | D98: Foundation | F98: 45330 | G98: 45684 | H98: =+IF(G98="","Awaited",_xlfn.DAYS(G98,F98)+1) -> 355
A99: 59 | B99: Row in foundation work due to Obstruction by land owner in Nimba ki Dhani Village. | C99: 36/0 | D99: Foundation | F99: 45330 | G99: 45334 | H99: =+IF(G99="","Awaited",_xlfn.DAYS(G99,F99)+1) -> 5 | I99: Your email dated 12.02.24 regarding workfront
A100: 60 | B100: Row in foundation work due to Obstruction by land owner in Nimba ki Dhani Village. | C100: 36/2 | D100: Foundation | F100: 45330 | G100: 45808 | H100: =+IF(G100="","Awaited",_xlfn.DAYS(G100,F100)+1) -> 479
A101: 61 | B101: Row in foundation work due to Obstruction by land owner in Nimba ki Dhani Village. | C101: 36/3 | D101: Foundation | F101: 45330 | G101: 45808 | H101: =+IF(G101="","Awaited",_xlfn.DAYS(G101,F101)+1) -> 479
A102: 62 | B102: Row in foundation work due to Obstruction by land owner in Nimba ki Dhani Village. | C102: 36/4 | D102: Foundation | F102: 45330 | G102: 45808 | H102: =+IF(G102="","Awaited",_xlfn.DAYS(G102,F102)+1) -> 479
A103: 63 | B103: ROW in Excavation as Landowner not allowing for pit marking. | C103: 26/7 | D103: Foundation | E103: Mehai Construction | F103: 45341 | G103: 45656 | H103: =+IF(G103="","Awaited",_xlfn.DAYS(G103,F103)+1) -> 316 | I103: DPR of 19.02.24. Email dated Sterlite's Part G & F 765KV Fategarh -III Beawar TL.
A104: 64 | B104: ROW in Pit marking as Landowner not allowing for pit marking. | C104: 26/8 | D104: Foundation | E104: Mehai Construction | F104: 45341 | G104: 45958 | H104: =+IF(G104="","Awaited",_xlfn.DAYS(G104,F104)+1) -> 618 | I104: DPR of 19.02.24. Email dated Sterlite's Part G & F 765KV Fategarh -III Beawar TL. Cleared on 28.10.2025.
A105: 65 | B105: ROW in Pit marking by Landowner. Further nearby location 22/0 excavation not done due to ROW. Excavator machine is standing idle. He committed to increase the gang strength but due to non-availability of clear work front they have planned to reduce the strength if locations not allocated timely. | C105: 22/0 | D105: Foundation | F105: 45340 | G105: 45968 | H105: =+IF(G105="","Awaited",_xlfn.DAYS(G105,F105)+1) -> 629 | I105: DPR of 19.02.24. Email dated Sterlite's Part G & F 765KV Fategarh -III Beawar TL. Email dated 25.02.24 regarding Workfront Delays and Local Villager Interruptions in PKG G & PKG F. further, Clearances for this locations is received on 20.08.2025 at nearby 04:00 PM under police protection, However on dated 23.08.2025 the locations again falls under ROW when landowners creating issues. Cleared on dated 04.10.2025 with the help of police administration. Excavation WIP in 2nd pit. from 10.10.2025.Further from 11.10.2025 Locs is in ROW. and then cleared on 13.10.2025. against Excavation started in all Pit started from 11.10.2025. further Slow progress due to ROCK encountered. No work done due to ROW from 15.10.2025 Machinery idled. 2nos Poklain idle since 15.10.2025. ROW Cleared on 07.11.2025
A106: 66 | B106: ROW encountered during excavation . | C106: 61/10 | D106: Foundation | F106: 45341 | G106: 45351 | H106: =+IF(G106="","Awaited",_xlfn.DAYS(G106,F106)+1) -> 11
A107: 67 | B107: ROW encountered during excavation . | C107: 61/4 | D107: Foundation | F107: 45341 | G107: 45351 | H107: =+IF(G107="","Awaited",_xlfn.DAYS(G107,F107)+1) -> 11
A108: 68 | B108: ROW encountered while pit marking. | C108: 62/0 | D108: Foundation | F108: 45341 | G108: 45351 | H108: =+IF(G108="","Awaited",_xlfn.DAYS(G108,F108)+1) -> 11
A109: 69 | B109: Pit marking not done due to cultivated land and SPTL not allowing for further pit marking. | C109: 21/9 | D109: Foundation | F109: 45344 | G109: 45790 | H109: =+IF(G109="","Awaited",_xlfn.DAYS(G109,F109)+1) -> 447 | I109: D.P.R. Dated 22.02.24
A110: 70 | B110: Gang was shifted after completion of location no 23/1 (G) on dated 22.02.24 but due to non-availability of nearby Workfront gang is shifted at 22/5 after one day idling at 22/5. on a progress front he have not worked any productivity till today after 23rd Feb. his time is lapsed on shifting of gang and machinery. | D110: Foundation | E110: A.B. Construction | F110: 45347 | G110: 45348 | H110: =+IF(G110="","Awaited",_xlfn.DAYS(G110,F110)+1) -> 2 | I110: Email dated 25.02.24 regarding Workfront Delays and Local Villager Interruptions in PKG G & PKG F
A111: 71 | B111: Due to interruptions by landowners works are stopped. and gang is completely idle along with machinery. (this team have ability to execute the works in two locations at a time). | C111: 26/6 | D111: Foundation | E111: Mehai Contruction | F111: 45347 | G111: 45348 | H111: =+IF(G111="","Awaited",_xlfn.DAYS(G111,F111)+1) -> 2 | I111: Email dated 25.02.24 regarding Workfront Delays and Local Villager Interruptions in PKG G & PKG F
A112: 72 | B112: Gang idled due to clear workfront not available after completion of 26/6. | C112: 26/6 | D112: Foundation | E112: Mehai Construction | F112: 45352 | G112: 45355 | H112: =+IF(G112="","Awaited",_xlfn.DAYS(G112,F112)+1) -> 4 | I112: Email dated 02/03/24 regarding Survey & Foundation update (Workfront Delay/Interruptions updates in PKG G & PKG F
A113: 73 | B113: 22/1:- Completed today. Machinery idled due to Nearby locations not available. Further Gang left the site due to workfront not available. | C113: 22/1 | D113: Foundation | E113: Swarup Enterprises | F113: 45353 | G113: 45354 | H113: =+IF(G113="","Awaited",_xlfn.DAYS(G113,F113)+1) -> 2 | I113: Email dated 02/03/24 regarding Survey & Foundation update (Workfront Delay/Interruptions updates in PKG G & PKG F
A114: 74 | B114: ROW encountered while pit marking. | C114: 53/6 | D114: Foundation | F114: 45357 | G114: 45436 | H114: =+IF(G114="","Awaited",_xlfn.DAYS(G114,F114)+1) -> 80
A115: 75 | B115: ROW encountered while pit marking. | C115: 53/7 | D115: Foundation | F115: 45357 | G115: 45386 | H115: =+IF(G115="","Awaited",_xlfn.DAYS(G115,F115)+1) -> 30
...

Sheet Page Chart
A1: Progress Summary'!A1 | J1: Village wise dashboard
A2: Location Wise Status | J2: Foundation | P2: Erection
A3: Sr. No. | B3: Loc No. | C3: TOT | D3: Village Name | E3: Span | F3: FDN | G3: ERE | H3: Str | I3: Remarks (if any) | J3: Village wise breakups | K3: Total | L3: Comp. | M3: WIP | N3: Clear | O3: ROW | P3: Total | Q3: Comp. | R3: WIP | S3: Clear | T3: ROW | U3: Yet to attempt | V3: Balance
A4: =+SUBTOTAL(3,$B$4:B4) -> 1 | B4: ='Visual chart Edit'!B7 -> 1/0 | C4: ='Visual chart Edit'!C7 -> DD60+0 | D4: Mandai | E4: ='Visual chart Edit'!I7 -> 122 | F4: ='Visual chart Edit'!K7 -> DRY | G4: ='Visual chart Edit'!L7 -> E | J4: Total Number of Village (49 No's) | K4: =+SUM(K5:K53) -> 485 | L4: =+SUM(L5:L53) -> 481 | M4: =+SUM(M5:M53) -> 0 | N4: =+SUM(N5:N53) -> 0 | O4: =+SUM(O5:O53) -> 4 | P4: =+SUM(P5:P53) -> 485 | Q4: =+SUM(Q5:Q53) -> 403 | R4: =+SUM(R5:R53) -> 9 | ... U4: =+SUM(U5:U53) -> 17 | V4: =P4-Q4 -> 82
A5: =+SUBTOTAL(3,$B$4:B5) -> 2 | B5: ='Visual chart Edit'!B8 -> 1A/0 | C5: ='Visual chart Edit'!C8 -> DD60+0 | D5: Mandai | E5: ='Visual chart Edit'!I8 -> 90 | F5: ='Visual chart Edit'!K8 -> DRY | G5: ='Visual chart Edit'!L8 -> E | J5: Mandai | K5: =+SUM(L5:O5) -> 16 | L5: =+COUNTIFS($D$4:$D$488,J5,$F$4:$F$488,"sandy")+COUNTIFS($D$4:$D$488,J5,$F$4:$F$488,"Dry")+COUNTIFS($D$4:$D$488,J5,$F$4:$F$488,"DFR")+COUNTIFS($D$4:$D$488,J5,$F$4:$F$488,"WFR")+COUNTIFS($D$4:$D$488,J5,$F$4:$F$488,"SFR") -> 16 | M5: =+COUNTIFS($D$4:$D$488,J5,$F$4:$F$488,"WIP") -> 0 | N5: =+COUNTIFS($D$4:$D$488,J5,$F$4:$F$488,"Clear") -> 0 | O5: =+COUNTIFS($D$4:$D$488,J5,$F$4:$F$488,"ROW") -> 0 | P5: =+SUM(Q5:U5) -> 16 | Q5: =+COUNTIFS($D$4:$D$488,J5,$G$4:$G$488,"E") -> 16 | R5: =+COUNTIFS($D$4:$D$488,J5,$G$4:$G$488,"WIP") -> 0 | S5: =+COUNTIFS($D$4:$D$488,J5,$G$4:$G$488,"Clear") -> 0 | T5: =+COUNTIFS($D$4:$D$488,J5,$G$4:$G$488,"ROW") -> 0 | U5: =K5-T5-Q5-S5-R5 -> 0 | V5: =P5-Q5 -> 0
A6: =+SUBTOTAL(3,$B$4:B6) -> 3 | B6: ='Visual chart Edit'!B9 -> 1A/1 | C6: ='Visual chart Edit'!C9 -> DA+6 | D6: Mandai | E6: ='Visual chart Edit'!I9 -> 277.7 | F6: ='Visual chart Edit'!K9 -> DFR | G6: ='Visual chart Edit'!L9 -> E | J6: Harwa | K6: =+SUM(L6:O6) -> 22 | L6: =+COUNTIFS($D$4:$D$488,J6,$F$4:$F$488,"sandy")+COUNTIFS($D$4:$D$488,J6,$F$4:$F$488,"Dry")+COUNTIFS($D$4:$D$488,J6,$F$4:$F$488,"DFR")+COUNTIFS($D$4:$D$488,J6,$F$4:$F$488,"WFR")+COUNTIFS($D$4:$D$488,J6,$F$4:$F$488,"SFR") -> 21 | M6: =+COUNTIFS($D$4:$D$488,J6,$F$4:$F$488,"WIP") -> 0 | N6: =+COUNTIFS($D$4:$D$488,J6,$F$4:$F$488,"Clear") -> 0 | O6: =+COUNTIFS($D$4:$D$488,J6,$F$4:$F$488,"ROW") -> 1 | P6: =+SUM(Q6:U6) -> 22 | Q6: =+COUNTIFS($D$4:$D$488,J6,$G$4:$G$488,"E") -> 20 | R6: =+COUNTIFS($D$4:$D$488,J6,$G$4:$G$488,"WIP") -> 1 | S6: =+COUNTIFS($D$4:$D$488,J6,$G$4:$G$488,"Clear") -> 0 | T6: =+COUNTIFS($D$4:$D$488,J6,$G$4:$G$488,"ROW") -> 0 | U6: =K6-T6-Q6-S6-R6 -> 1 | V6: =P6-Q6 -> 2
A7: =+SUBTOTAL(3,$B$4:B7) -> 4 | B7: ='Visual chart Edit'!B10 -> 1A/2 | C7: ='Visual chart Edit'!C10 -> DA+0 | D7: Mandai | E7: ='Visual chart Edit'!I10 -> 386 | F7: ='Visual chart Edit'!K10 -> DRY | G7: ='Visual chart Edit'!L10 -> E | J7: Chak Goonga | K7: =+SUM(L7:O7) -> 8 | L7: =+COUNTIFS($D$4:$D$488,J7,$F$4:$F$488,"sandy")+COUNTIFS($D$4:$D$488,J7,$F$4:$F$488,"Dry")+COUNTIFS($D$4:$D$488,J7,$F$4:$F$488,"DFR")+COUNTIFS($D$4:$D$488,J7,$F$4:$F$488,"WFR")+COUNTIFS($D$4:$D$488,J7,$F$4:$F$488,"SFR") -> 7 | M7: =+COUNTIFS($D$4:$D$488,J7,$F$4:$F$488,"WIP") -> 0 | N7: =+COUNTIFS($D$4:$D$488,J7,$F$4:$F$488,"Clear") -> 0 | O7: =+COUNTIFS($D$4:$D$488,J7,$F$4:$F$488,"ROW") -> 1 | P7: =+SUM(Q7:U7) -> 8 | Q7: =+COUNTIFS($D$4:$D$488,J7,$G$4:$G$488,"E") -> 3 | R7: =+COUNTIFS($D$4:$D$488,J7,$G$4:$G$488,"WIP") -> 0 | S7: =+COUNTIFS($D$4:$D$488,J7,$G$4:$G$488,"Clear") -> 1 | T7: =+COUNTIFS($D$4:$D$488,J7,$G$4:$G$488,"ROW") -> 3 | U7: =K7-T7-Q7-S7-R7 -> 1 | V7: =P7-Q7 -> 5
A8: =+SUBTOTAL(3,$B$4:B8) -> 5 | B8: ='Visual chart Edit'!B11 -> 1A/3 | C8: ='Visual chart Edit'!C11 -> DA+0 | D8: Mandai | E8: ='Visual chart Edit'!I11 -> 443.6 | F8: ='Visual chart Edit'!K11 -> DRY | G8: ='Visual chart Edit'!L11 -> E | J8: Goonga | K8: =+SUM(L8:O8) -> 5 | L8: =+COUNTIFS($D$4:$D$488,J8,$F$4:$F$488,"sandy")+COUNTIFS($D$4:$D$488,J8,$F$4:$F$488,"Dry")+COUNTIFS($D$4:$D$488,J8,$F$4:$F$488,"DFR")+COUNTIFS($D$4:$D$488,J8,$F$4:$F$488,"WFR")+COUNTIFS($D$4:$D$488,J8,$F$4:$F$488,"SFR") -> 4 | M8: =+COUNTIFS($D$4:$D$488,J8,$F$4:$F$488,"WIP") -> 0 | N8: =+COUNTIFS($D$4:$D$488,J8,$F$4:$F$488,"Clear") -> 0 | O8: =+COUNTIFS($D$4:$D$488,J8,$F$4:$F$488,"ROW") -> 1 | P8: =+SUM(Q8:U8) -> 5 | Q8: =+COUNTIFS($D$4:$D$488,J8,$G$4:$G$488,"E") -> 3 | R8: =+COUNTIFS($D$4:$D$488,J8,$G$4:$G$488,"WIP") -> 0 | S8: =+COUNTIFS($D$4:$D$488,J8,$G$4:$G$488,"Clear") -> 0 | T8: =+COUNTIFS($D$4:$D$488,J8,$G$4:$G$488,"ROW") -> 1 | U8: =K8-T8-Q8-S8-R8 -> 1 | V8: =P8-Q8 -> 2
A9: =+SUBTOTAL(3,$B$4:B9) -> 6 | B9: ='Visual chart Edit'!B12 -> 1A/4 | C9: ='Visual chart Edit'!C12 -> DA+3 | D9: Mandai | E9: ='Visual chart Edit'!I12 -> 333.4 | F9: ='Visual chart Edit'!K12 -> DFR | G9: ='Visual chart Edit'!L12 -> E | J9: Pusar | K9: =+SUM(L9:O9) -> 14 | L9: =+COUNTIFS($D$4:$D$488,J9,$F$4:$F$488,"sandy")+COUNTIFS($D$4:$D$488,J9,$F$4:$F$488,"Dry")+COUNTIFS($D$4:$D$488,J9,$F$4:$F$488,"DFR")+COUNTIFS($D$4:$D$488,J9,$F$4:$F$488,"WFR")+COUNTIFS($D$4:$D$488,J9,$F$4:$F$488,"SFR") -> 14 | M9: =+COUNTIFS($D$4:$D$488,J9,$F$4:$F$488,"WIP") -> 0 | N9: =+COUNTIFS($D$4:$D$488,J9,$F$4:$F$488,"Clear") -> 0 | O9: =+COUNTIFS($D$4:$D$488,J9,$F$4:$F$488,"ROW") -> 0 | P9: =+SUM(Q9:U9) -> 14 | Q9: =+COUNTIFS($D$4:$D$488,J9,$G$4:$G$488,"E") -> 9 | R9: =+COUNTIFS($D$4:$D$488,J9,$G$4:$G$488,"WIP") -> 2 | S9: =+COUNTIFS($D$4:$D$488,J9,$G$4:$G$488,"Clear") -> 0 | T9: =+COUNTIFS($D$4:$D$488,J9,$G$4:$G$488,"ROW") -> 0 | U9: =K9-T9-Q9-S9-R9 -> 3 | V9: =P9-Q9 -> 5
A10: =+SUBTOTAL(3,$B$4:B10) -> 7 | B10: ='Visual chart Edit'!B13 -> 1A/5 | C10: ='Visual chart Edit'!C13 -> DA+0 | D10: Mandai | E10: ='Visual chart Edit'!I13 -> 431.9 | F10: ='Visual chart Edit'!K13 -> DRY | G10: ='Visual chart Edit'!L13 -> E | J10: Bisoo Khurd | K10: =+SUM(L10:O10) -> 13 | L10: =+COUNTIFS($D$4:$D$488,J10,$F$4:$F$488,"sandy")+COUNTIFS($D$4:$D$488,J10,$F$4:$F$488,"Dry")+COUNTIFS($D$4:$D$488,J10,$F$4:$F$488,"DFR")+COUNTIFS($D$4:$D$488,J10,$F$4:$F$488,"WFR")+COUNTIFS($D$4:$D$488,J10,$F$4:$F$488,"SFR") -> 13 | M10: =+COUNTIFS($D$4:$D$488,J10,$F$4:$F$488,"WIP") -> 0 | N10: =+COUNTIFS($D$4:$D$488,J10,$F$4:$F$488,"Clear") -> 0 | O10: =+COUNTIFS($D$4:$D$488,J10,$F$4:$F$488,"ROW") -> 0 | P10: =+SUM(Q10:U10) -> 13 | Q10: =+COUNTIFS($D$4:$D$488,J10,$G$4:$G$488,"E") -> 7 | R10: =+COUNTIFS($D$4:$D$488,J10,$G$4:$G$488,"WIP") -> 0 | S10: =+COUNTIFS($D$4:$D$488,J10,$G$4:$G$488,"Clear") -> 6 | T10: =+COUNTIFS($D$4:$D$488,J10,$G$4:$G$488,"ROW") -> 0 | U10: =K10-T10-Q10-S10-R10 -> 0 | V10: =P10-Q10 -> 6
A11: =+SUBTOTAL(3,$B$4:B11) -> 8 | B11: ='Visual chart Edit'!B14 -> 1A/6 | C11: ='Visual chart Edit'!C14 -> DA+0 | D11: Mandai | E11: ='Visual chart Edit'!I14 -> 348.7 | F11: ='Visual chart Edit'!K14 -> Sandy | G11: ='Visual chart Edit'!L14 -> E | J11: Bhiyad | K11: =+SUM(L11:O11) -> 38 | L11: =+COUNTIFS($D$4:$D$488,J11,$F$4:$F$488,"sandy")+COUNTIFS($D$4:$D$488,J11,$F$4:$F$488,"Dry")+COUNTIFS($D$4:$D$488,J11,$F$4:$F$488,"DFR")+COUNTIFS($D$4:$D$488,J11,$F$4:$F$488,"WFR")+COUNTIFS($D$4:$D$488,J11,$F$4:$F$488,"SFR") -> 38 | M11: =+COUNTIFS($D$4:$D$488,J11,$F$4:$F$488,"WIP") -> 0 | N11: =+COUNTIFS($D$4:$D$488,J11,$F$4:$F$488,"Clear") -> 0 | O11: =+COUNTIFS($D$4:$D$488,J11,$F$4:$F$488,"ROW") -> 0 | P11: =+SUM(Q11:U11) -> 38 | Q11: =+COUNTIFS($D$4:$D$488,J11,$G$4:$G$488,"E") -> 28 | R11: =+COUNTIFS($D$4:$D$488,J11,$G$4:$G$488,"WIP") -> 0 | S11: =+COUNTIFS($D$4:$D$488,J11,$G$4:$G$488,"Clear") -> 0 | T11: =+COUNTIFS($D$4:$D$488,J11,$G$4:$G$488,"ROW") -> 9 | U11: =K11-T11-Q11-S11-R11 -> 1 | V11: =P11-Q11 -> 10
A12: =+SUBTOTAL(3,$B$4:B12) -> 9 | B12: ='Visual chart Edit'!B15 -> 1A/7 | C12: ='Visual chart Edit'!C15 -> DA+3 | D12: Mandai | E12: ='Visual chart Edit'!I15 -> 395.7 | F12: ='Visual chart Edit'!K15 -> Sandy | G12: ='Visual chart Edit'!L15 -> E | J12: Kashmir | K12: =+SUM(L12:O12) -> 29 | L12: =+COUNTIFS($D$4:$D$488,J12,$F$4:$F$488,"sandy")+COUNTIFS($D$4:$D$488,J12,$F$4:$F$488,"Dry")+COUNTIFS($D$4:$D$488,J12,$F$4:$F$488,"DFR")+COUNTIFS($D$4:$D$488,J12,$F$4:$F$488,"WFR")+COUNTIFS($D$4:$D$488,J12,$F$4:$F$488,"SFR") -> 28 | M12: =+COUNTIFS($D$4:$D$488,J12,$F$4:$F$488,"WIP") -> 0 | N12: =+COUNTIFS($D$4:$D$488,J12,$F$4:$F$488,"Clear") -> 0 | O12: =+COUNTIFS($D$4:$D$488,J12,$F$4:$F$488,"ROW") -> 1 | P12: =+SUM(Q12:U12) -> 29 | Q12: =+COUNTIFS($D$4:$D$488,J12,$G$4:$G$488,"E") -> 9 | R12: =+COUNTIFS($D$4:$D$488,J12,$G$4:$G$488,"WIP") -> 0 | S12: =+COUNTIFS($D$4:$D$488,J12,$G$4:$G$488,"Clear") -> 0 | T12: =+COUNTIFS($D$4:$D$488,J12,$G$4:$G$488,"ROW") -> 15 | U12: =K12-T12-Q12-S12-R12 -> 5 | V12: =P12-Q12 -> 20
A13: =+SUBTOTAL(3,$B$4:B13) -> 10 | B13: ='Visual chart Edit'!B16 -> 1A/8 | C13: ='Visual chart Edit'!C16 -> DA+0 | D13: Mandai | E13: ='Visual chart Edit'!I16 -> 415 | F13: ='Visual chart Edit'!K16 -> Sandy | G13: ='Visual chart Edit'!L16 -> E | J13: Rateu | K13: =+SUM(L13:O13) -> 35 | L13: =+COUNTIFS($D$4:$D$488,J13,$F$4:$F$488,"sandy")+COUNTIFS($D$4:$D$488,J13,$F$4:$F$488,"Dry")+COUNTIFS($D$4:$D$488,J13,$F$4:$F$488,"DFR")+COUNTIFS($D$4:$D$488,J13,$F$4:$F$488,"WFR")+COUNTIFS($D$4:$D$488,J13,$F$4:$F$488,"SFR") -> 35 | M13: =+COUNTIFS($D$4:$D$488,J13,$F$4:$F$488,"WIP") -> 0 | N13: =+COUNTIFS($D$4:$D$488,J13,$F$4:$F$488,"Clear") -> 0 | O13: =+COUNTIFS($D$4:$D$488,J13,$F$4:$F$488,"ROW") -> 0 | P13: =+SUM(Q13:U13) -> 35 | Q13: =+COUNTIFS($D$4:$D$488,J13,$G$4:$G$488,"E") -> 17 | R13: =+COUNTIFS($D$4:$D$488,J13,$G$4:$G$488,"WIP") -> 3 | S13: =+COUNTIFS($D$4:$D$488,J13,$G$4:$G$488,"Clear") -> 0 | T13: =+COUNTIFS($D$4:$D$488,J13,$G$4:$G$488,"ROW") -> 14 | U13: =K13-T13-Q13-S13-R13 -> 1 | V13: =P13-Q13 -> 18
A14: =+SUBTOTAL(3,$B$4:B14) -> 11 | B14: ='Visual chart Edit'!B17 -> 2/0 | C14: ='Visual chart Edit'!C17 -> DC1+0 | D14: Mandai | E14: ='Visual chart Edit'!I17 -> 394.3 | F14: ='Visual chart Edit'!K17 -> DRY | G14: ='Visual chart Edit'!L17 -> E | J14: Sawau Moolraj | K14: =+SUM(L14:O14) -> 23 | L14: =+COUNTIFS($D$4:$D$488,J14,$F$4:$F$488,"sandy")+COUNTIFS($D$4:$D$488,J14,$F$4:$F$488,"Dry")+COUNTIFS($D$4:$D$488,J14,$F$4:$F$488,"DFR")+COUNTIFS($D$4:$D$488,J14,$F$4:$F$488,"WFR")+COUNTIFS($D$4:$D$488,J14,$F$4:$F$488,"SFR") -> 23 | M14: =+COUNTIFS($D$4:$D$488,J14,$F$4:$F$488,"WIP") -> 0 | N14: =+COUNTIFS($D$4:$D$488,J14,$F$4:$F$488,"Clear") -> 0 | O14: =+COUNTIFS($D$4:$D$488,J14,$F$4:$F$488,"ROW") -> 0 | P14: =+SUM(Q14:U14) -> 23 | Q14: =+COUNTIFS($D$4:$D$488,J14,$G$4:$G$488,"E") -> 16 | R14: =+COUNTIFS($D$4:$D$488,J14,$G$4:$G$488,"WIP") -> 0 | S14: =+COUNTIFS($D$4:$D$488,J14,$G$4:$G$488,"Clear") -> 0 | T14: =+COUNTIFS($D$4:$D$488,J14,$G$4:$G$488,"ROW") -> 7 | U14: =K14-T14-Q14-S14-R14 -> 0 | V14: =P14-Q14 -> 7
A15: =+SUBTOTAL(3,$B$4:B15) -> 12 | B15: ='Visual chart Edit'!B18 -> 2/1 | C15: ='Visual chart Edit'!C18 -> DA+3 | D15: Mandai | E15: ='Visual chart Edit'!I18 -> 405.3 | F15: ='Visual chart Edit'!K18 -> Sandy | G15: ='Visual chart Edit'!L18 -> E | J15: Neemba Ki Dhani | K15: =+SUM(L15:O15) -> 23 | L15: =+COUNTIFS($D$4:$D$488,J15,$F$4:$F$488,"sandy")+COUNTIFS($D$4:$D$488,J15,$F$4:$F$488,"Dry")+COUNTIFS($D$4:$D$488,J15,$F$4:$F$488,"DFR")+COUNTIFS($D$4:$D$488,J15,$F$4:$F$488,"WFR")+COUNTIFS($D$4:$D$488,J15,$F$4:$F$488,"SFR") -> 23 | M15: =+COUNTIFS($D$4:$D$488,J15,$F$4:$F$488,"WIP") -> 0 | N15: =+COUNTIFS($D$4:$D$488,J15,$F$4:$F$488,"Clear") -> 0 | O15: =+COUNTIFS($D$4:$D$488,J15,$F$4:$F$488,"ROW") -> 0 | P15: =+SUM(Q15:U15) -> 23 | Q15: =+COUNTIFS($D$4:$D$488,J15,$G$4:$G$488,"E") -> 21 | R15: =+COUNTIFS($D$4:$D$488,J15,$G$4:$G$488,"WIP") -> 1 | S15: =+COUNTIFS($D$4:$D$488,J15,$G$4:$G$488,"Clear") -> 0 | T15: =+COUNTIFS($D$4:$D$488,J15,$G$4:$G$488,"ROW") -> 0 | U15: =K15-T15-Q15-S15-R15 -> 1 | V15: =P15-Q15 -> 2
A16: =+SUBTOTAL(3,$B$4:B16) -> 13 | B16: ='Visual chart Edit'!B19 -> 2/2 | C16: ='Visual chart Edit'!C19 -> DA+3 | D16: Mandai | E16: ='Visual chart Edit'!I19 -> 338.5 | F16: ='Visual chart Edit'!K19 -> Sandy | G16: ='Visual chart Edit'!L19 -> E | I16: 33 KV SHUTDOWN, GANG IDLING SINCE 11.09.2025. | J16: Danpura | K16: =+SUM(L16:O16) -> 13 | L16: =+COUNTIFS($D$4:$D$488,J16,$F$4:$F$488,"sandy")+COUNTIFS($D$4:$D$488,J16,$F$4:$F$488,"Dry")+COUNTIFS($D$4:$D$488,J16,$F$4:$F$488,"DFR")+COUNTIFS($D$4:$D$488,J16,$F$4:$F$488,"WFR")+COUNTIFS($D$4:$D$488,J16,$F$4:$F$488,"SFR") -> 13 | M16: =+COUNTIFS($D$4:$D$488,J16,$F$4:$F$488,"WIP") -> 0 | N16: =+COUNTIFS($D$4:$D$488,J16,$F$4:$F$488,"Clear") -> 0 | O16: =+COUNTIFS($D$4:$D$488,J16,$F$4:$F$488,"ROW") -> 0 | P16: =+SUM(Q16:U16) -> 13 | Q16: =+COUNTIFS($D$4:$D$488,J16,$G$4:$G$488,"E") -> 12 | R16: =+COUNTIFS($D$4:$D$488,J16,$G$4:$G$488,"WIP") -> 0 | S16: =+COUNTIFS($D$4:$D$488,J16,$G$4:$G$488,"Clear") -> 0 | T16: =+COUNTIFS($D$4:$D$488,J16,$G$4:$G$488,"ROW") -> 0 | U16: =K16-T16-Q16-S16-R16 -> 1 | V16: =P16-Q16 -> 1
A17: =+SUBTOTAL(3,$B$4:B17) -> 14 | B17: ='Visual chart Edit'!B20 -> 2/3 | C17: ='Visual chart Edit'!C20 -> DA+3 | D17: Mandai | E17: ='Visual chart Edit'!I20 -> 406 | F17: ='Visual chart Edit'!K20 -> Sandy | G17: ='Visual chart Edit'!L20 -> E | J17: Rampura Kharda | K17: =+SUM(L17:O17) -> 1 | L17: =+COUNTIFS($D$4:$D$488,J17,$F$4:$F$488,"sandy")+COUNTIFS($D$4:$D$488,J17,$F$4:$F$488,"Dry")+COUNTIFS($D$4:$D$488,J17,$F$4:$F$488,"DFR")+COUNTIFS($D$4:$D$488,J17,$F$4:$F$488,"WFR")+COUNTIFS($D$4:$D$488,J17,$F$4:$F$488,"SFR") -> 1 | M17: =+COUNTIFS($D$4:$D$488,J17,$F$4:$F$488,"WIP") -> 0 | N17: =+COUNTIFS($D$4:$D$488,J17,$F$4:$F$488,"Clear") -> 0 | O17: =+COUNTIFS($D$4:$D$488,J17,$F$4:$F$488,"ROW") -> 0 | P17: =+SUM(Q17:U17) -> 1 | Q17: =+COUNTIFS($D$4:$D$488,J17,$G$4:$G$488,"E") -> 1 | R17: =+COUNTIFS($D$4:$D$488,J17,$G$4:$G$488,"WIP") -> 0 | S17: =+COUNTIFS($D$4:$D$488,J17,$G$4:$G$488,"Clear") -> 0 | T17: =+COUNTIFS($D$4:$D$488,J17,$G$4:$G$488,"ROW") -> 0 | U17: =K17-T17-Q17-S17-R17 -> 0 | V17: =P17-Q17 -> 0
A18: =+SUBTOTAL(3,$B$4:B18) -> 15 | B18: ='Visual chart Edit'!B21 -> 2/4 | C18: ='Visual chart Edit'!C21 -> DA+3 | D18: Mandai | E18: ='Visual chart Edit'!I21 -> 429 | F18: ='Visual chart Edit'!K21 -> Sandy | G18: ='Visual chart Edit'!L21 -> E | J18: Manpura Kharda | K18: =+SUM(L18:O18) -> 2 | L18: =+COUNTIFS($D$4:$D$488,J18,$F$4:$F$488,"sandy")+COUNTIFS($D$4:$D$488,J18,$F$4:$F$488,"Dry")+COUNTIFS($D$4:$D$488,J18,$F$4:$F$488,"DFR")+COUNTIFS($D$4:$D$488,J18,$F$4:$F$488,"WFR")+COUNTIFS($D$4:$D$488,J18,$F$4:$F$488,"SFR") -> 2 | M18: =+COUNTIFS($D$4:$D$488,J18,$F$4:$F$488,"WIP") -> 0 | N18: =+COUNTIFS($D$4:$D$488,J18,$F$4:$F$488,"Clear") -> 0 | O18: =+COUNTIFS($D$4:$D$488,J18,$F$4:$F$488,"ROW") -> 0 | P18: =+SUM(Q18:U18) -> 2 | Q18: =+COUNTIFS($D$4:$D$488,J18,$G$4:$G$488,"E") -> 1 | R18: =+COUNTIFS($D$4:$D$488,J18,$G$4:$G$488,"WIP") -> 1 | S18: =+COUNTIFS($D$4:$D$488,J18,$G$4:$G$488,"Clear") -> 0 | T18: =+COUNTIFS($D$4:$D$488,J18,$G$4:$G$488,"ROW") -> 0 | U18: =K18-T18-Q18-S18-R18 -> 0 | V18: =P18-Q18 -> 1
A19: =+SUBTOTAL(3,$B$4:B19) -> 16 | B19: ='Visual chart Edit'!B22 -> 2/5 | C19: ='Visual chart Edit'!C22 -> DA+3 | D19: Mandai | E19: ='Visual chart Edit'!I22 -> 411.6 | F19: ='Visual chart Edit'!K22 -> Sandy | G19: ='Visual chart Edit'!L22 -> E | J19: Kharda Charnan | K19: =+SUM(L19:O19) -> 9 | L19: =+COUNTIFS($D$4:$D$488,J19,$F$4:$F$488,"sandy")+COUNTIFS($D$4:$D$488,J19,$F$4:$F$488,"Dry")+COUNTIFS($D$4:$D$488,J19,$F$4:$F$488,"DFR")+COUNTIFS($D$4:$D$488,J19,$F$4:$F$488,"WFR")+COUNTIFS($D$4:$D$488,J19,$F$4:$F$488,"SFR") -> 9 | M19: =+COUNTIFS($D$4:$D$488,J19,$F$4:$F$488,"WIP") -> 0 | N19: =+COUNTIFS($D$4:$D$488,J19,$F$4:$F$488,"Clear") -> 0 | O19: =+COUNTIFS($D$4:$D$488,J19,$F$4:$F$488,"ROW") -> 0 | P19: =+SUM(Q19:U19) -> 9 | Q19: =+COUNTIFS($D$4:$D$488,J19,$G$4:$G$488,"E") -> 8 | R19: =+COUNTIFS($D$4:$D$488,J19,$G$4:$G$488,"WIP") -> 0 | S19: =+COUNTIFS($D$4:$D$488,J19,$G$4:$G$488,"Clear") -> 0 | T19: =+COUNTIFS($D$4:$D$488,J19,$G$4:$G$488,"ROW") -> 0 | U19: =K19-T19-Q19-S19-R19 -> 1 | V19: =P19-Q19 -> 1
A20: =+SUBTOTAL(3,$B$4:B20) -> 17 | B20: ='Visual chart Edit'!B23 -> 2/6 | C20: ='Visual chart Edit'!C23 -> DA+3 | D20: Harwa | E20: ='Visual chart Edit'!I23 -> 425.7 | F20: ='Visual chart Edit'!K23 -> Sandy | G20: ='Visual chart Edit'!L23 -> E | J20: Beniwalon Ki Dhani | K20: =+SUM(L20:O20) -> 6 | L20: =+COUNTIFS($D$4:$D$488,J20,$F$4:$F$488,"sandy")+COUNTIFS($D$4:$D$488,J20,$F$4:$F$488,"Dry")+COUNTIFS($D$4:$D$488,J20,$F$4:$F$488,"DFR")+COUNTIFS($D$4:$D$488,J20,$F$4:$F$488,"WFR")+COUNTIFS($D$4:$D$488,J20,$F$4:$F$488,"SFR") -> 6 | M20: =+COUNTIFS($D$4:$D$488,J20,$F$4:$F$488,"WIP") -> 0 | N20: =+COUNTIFS($D$4:$D$488,J20,$F$4:$F$488,"Clear") -> 0 | O20: =+COUNTIFS($D$4:$D$488,J20,$F$4:$F$488,"ROW") -> 0 | P20: =+SUM(Q20:U20) -> 6 | Q20: =+COUNTIFS($D$4:$D$488,J20,$G$4:$G$488,"E") -> 4 | R20: =+COUNTIFS($D$4:$D$488,J20,$G$4:$G$488,"WIP") -> 1 | S20: =+COUNTIFS($D$4:$D$488,J20,$G$4:$G$488,"Clear") -> 0 | T20: =+COUNTIFS($D$4:$D$488,J20,$G$4:$G$488,"ROW") -> 0 | U20: =K20-T20-Q20-S20-R20 -> 1 | V20: =P20-Q20 -> 2
A21: =+SUBTOTAL(3,$B$4:B21) -> 18 | B21: ='Visual chart Edit'!B24 -> 2/7 | C21: ='Visual chart Edit'!C24 -> DA+3 | D21: Harwa | E21: ='Visual chart Edit'!I24 -> 408.2 | F21: ='Visual chart Edit'!K24 -> Sandy | G21: ='Visual chart Edit'!L24 -> E | J21: Pareu | K21: =+SUM(L21:O21) -> 4 | L21: =+COUNTIFS($D$4:$D$488,J21,$F$4:$F$488,"sandy")+COUNTIFS($D$4:$D$488,J21,$F$4:$F$488,"Dry")+COUNTIFS($D$4:$D$488,J21,$F$4:$F$488,"DFR")+COUNTIFS($D$4:$D$488,J21,$F$4:$F$488,"WFR")+COUNTIFS($D$4:$D$488,J21,$F$4:$F$488,"SFR") -> 4 | M21: =+COUNTIFS($D$4:$D$488,J21,$F$4:$F$488,"WIP") -> 0 | N21: =+COUNTIFS($D$4:$D$488,J21,$F$4:$F$488,"Clear") -> 0 | O21: =+COUNTIFS($D$4:$D$488,J21,$F$4:$F$488,"ROW") -> 0 | P21: =+SUM(Q21:U21) -> 4 | Q21: =+COUNTIFS($D$4:$D$488,J21,$G$4:$G$488,"E") -> 4 | R21: =+COUNTIFS($D$4:$D$488,J21,$G$4:$G$488,"WIP") -> 0 | S21: =+COUNTIFS($D$4:$D$488,J21,$G$4:$G$488,"Clear") -> 0 | T21: =+COUNTIFS($D$4:$D$488,J21,$G$4:$G$488,"ROW") -> 0 | U21: =K21-T21-Q21-S21-R21 -> 0 | V21: =P21-Q21 -> 0
A22: =+SUBTOTAL(3,$B$4:B22) -> 19 | B22: ='Visual chart Edit'!B25 -> 2/8 | C22: ='Visual chart Edit'!C25 -> DA+0 | D22: Harwa | E22: ='Visual chart Edit'!I25 -> 354.6 | F22: ='Visual chart Edit'!K25 -> Sandy | G22: ='Visual chart Edit'!L25 -> E | J22: Mahadeo Ka Mandir | K22: =+SUM(L22:O22) -> 7 | L22: =+COUNTIFS($D$4:$D$488,J22,$F$4:$F$488,"sandy")+COUNTIFS($D$4:$D$488,J22,$F$4:$F$488,"Dry")+COUNTIFS($D$4:$D$488,J22,$F$4:$F$488,"DFR")+COUNTIFS($D$4:$D$488,J22,$F$4:$F$488,"WFR")+COUNTIFS($D$4:$D$488,J22,$F$4:$F$488,"SFR") -> 7 | M22: =+COUNTIFS($D$4:$D$488,J22,$F$4:$F$488,"WIP") -> 0 | N22: =+COUNTIFS($D$4:$D$488,J22,$F$4:$F$488,"Clear") -> 0 | O22: =+COUNTIFS($D$4:$D$488,J22,$F$4:$F$488,"ROW") -> 0 | P22: =+SUM(Q22:U22) -> 7 | Q22: =+COUNTIFS($D$4:$D$488,J22,$G$4:$G$488,"E") -> 7 | R22: =+COUNTIFS($D$4:$D$488,J22,$G$4:$G$488,"WIP") -> 0 | S22: =+COUNTIFS($D$4:$D$488,J22,$G$4:$G$488,"Clear") -> 0 | T22: =+COUNTIFS($D$4:$D$488,J22,$G$4:$G$488,"ROW") -> 0 | U22: =K22-T22-Q22-S22-R22 -> 0 | V22: =P22-Q22 -> 0
A23: =+SUBTOTAL(3,$B$4:B23) -> 20 | B23: ='Visual chart Edit'!B26 -> 2/9 | C23: ='Visual chart Edit'!C26 -> DA+0 | D23: Harwa | E23: ='Visual chart Edit'!I26 -> 308.7 | F23: ='Visual chart Edit'!K26 -> DRY | G23: ='Visual chart Edit'!L26 -> E | J23: Chimoniyon Ki Dhani | K23: =+SUM(L23:O23) -> 8 | L23: =+COUNTIFS($D$4:$D$488,J23,$F$4:$F$488,"sandy")+COUNTIFS($D$4:$D$488,J23,$F$4:$F$488,"Dry")+COUNTIFS($D$4:$D$488,J23,$F$4:$F$488,"DFR")+COUNTIFS($D$4:$D$488,J23,$F$4:$F$488,"WFR")+COUNTIFS($D$4:$D$488,J23,$F$4:$F$488,"SFR") -> 8 | M23: =+COUNTIFS($D$4:$D$488,J23,$F$4:$F$488,"WIP") -> 0 | N23: =+COUNTIFS($D$4:$D$488,J23,$F$4:$F$488,"Clear") -> 0 | O23: =+COUNTIFS($D$4:$D$488,J23,$F$4:$F$488,"ROW") -> 0 | P23: =+SUM(Q23:U23) -> 8 | Q23: =+COUNTIFS($D$4:$D$488,J23,$G$4:$G$488,"E") -> 8 | R23: =+COUNTIFS($D$4:$D$488,J23,$G$4:$G$488,"WIP") -> 0 | S23: =+COUNTIFS($D$4:$D$488,J23,$G$4:$G$488,"Clear") -> 0 | T23: =+COUNTIFS($D$4:$D$488,J23,$G$4:$G$488,"ROW") -> 0 | U23: =K23-T23-Q23-S23-R23 -> 0 | V23: =P23-Q23 -> 0
A24: =+SUBTOTAL(3,$B$4:B24) -> 21 | B24: ='Visual chart Edit'!B27 -> 3/0 | C24: ='Visual chart Edit'!C27 -> DD60+6 | D24: Harwa | E24: ='Visual chart Edit'!I27 -> 336 | F24: ='Visual chart Edit'!K27 -> DRY | G24: ='Visual chart Edit'!L27 -> E | J24: Godaron Ki Dhani | K24: =+SUM(L24:O24) -> 9 | L24: =+COUNTIFS($D$4:$D$488,J24,$F$4:$F$488,"sandy")+COUNTIFS($D$4:$D$488,J24,$F$4:$F$488,"Dry")+COUNTIFS($D$4:$D$488,J24,$F$4:$F$488,"DFR")+COUNTIFS($D$4:$D$488,J24,$F$4:$F$488,"WFR")+COUNTIFS($D$4:$D$488,J24,$F$4:$F$488,"SFR") -> 9 | M24: =+COUNTIFS($D$4:$D$488,J24,$F$4:$F$488,"WIP") -> 0 | N24: =+COUNTIFS($D$4:$D$488,J24,$F$4:$F$488,"Clear") -> 0 | O24: =+COUNTIFS($D$4:$D$488,J24,$F$4:$F$488,"ROW") -> 0 | P24: =+SUM(Q24:U24) -> 9 | Q24: =+COUNTIFS($D$4:$D$488,J24,$G$4:$G$488,"E") -> 9 | R24: =+COUNTIFS($D$4:$D$488,J24,$G$4:$G$488,"WIP") -> 0 | S24: =+COUNTIFS($D$4:$D$488,J24,$G$4:$G$488,"Clear") -> 0 | T24: =+COUNTIFS($D$4:$D$488,J24,$G$4:$G$488,"ROW") -> 0 | U24: =K24-T24-Q24-S24-R24 -> 0 | V24: =P24-Q24 -> 0
A25: =+SUBTOTAL(3,$B$4:B25) -> 22 | B25: ='Visual chart Edit'!B28 -> 4/0 | C25: ='Visual chart Edit'!C28 -> DD60+6 | D25: Harwa | E25: ='Visual chart Edit'!I28 -> 226.5 | F25: ='Visual chart Edit'!K28 -> DRY | G25: ='Visual chart Edit'!L28 -> E | J25: Daukiyon Ki Dhani | K25: =+SUM(L25:O25) -> 4 | L25: =+COUNTIFS($D$4:$D$488,J25,$F$4:$F$488,"sandy")+COUNTIFS($D$4:$D$488,J25,$F$4:$F$488,"Dry")+COUNTIFS($D$4:$D$488,J25,$F$4:$F$488,"DFR")+COUNTIFS($D$4:$D$488,J25,$F$4:$F$488,"WFR")+COUNTIFS($D$4:$D$488,J25,$F$4:$F$488,"SFR") -> 4 | M25: =+COUNTIFS($D$4:$D$488,J25,$F$4:$F$488,"WIP") -> 0 | N25: =+COUNTIFS($D$4:$D$488,J25,$F$4:$F$488,"Clear") -> 0 | O25: =+COUNTIFS($D$4:$D$488,J25,$F$4:$F$488,"ROW") -> 0 | P25: =+SUM(Q25:U25) -> 4 | Q25: =+COUNTIFS($D$4:$D$488,J25,$G$4:$G$488,"E") -> 4 | R25: =+COUNTIFS($D$4:$D$488,J25,$G$4:$G$488,"WIP") -> 0 | S25: =+COUNTIFS($D$4:$D$488,J25,$G$4:$G$488,"Clear") -> 0 | T25: =+COUNTIFS($D$4:$D$488,J25,$G$4:$G$488,"ROW") -> 0 | U25: =K25-T25-Q25-S25-R25 -> 0 | V25: =P25-Q25 -> 0
A26: =+SUBTOTAL(3,$B$4:B26) -> 23 | B26: ='Visual chart Edit'!B29 -> 4/1 | C26: ='Visual chart Edit'!C29 -> DA+0 | D26: Harwa | E26: ='Visual chart Edit'!I29 -> 343 | F26: ='Visual chart Edit'!K29 -> DRY | G26: ='Visual chart Edit'!L29 -> E | J26: Nehru Nagar | K26: =+SUM(L26:O26) -> 6 | L26: =+COUNTIFS($D$4:$D$488,J26,$F$4:$F$488,"sandy")+COUNTIFS($D$4:$D$488,J26,$F$4:$F$488,"Dry")+COUNTIFS($D$4:$D$488,J26,$F$4:$F$488,"DFR")+COUNTIFS($D$4:$D$488,J26,$F$4:$F$488,"WFR")+COUNTIFS($D$4:$D$488,J26,$F$4:$F$488,"SFR") -> 6 | M26: =+COUNTIFS($D$4:$D$488,J26,$F$4:$F$488,"WIP") -> 0 | N26: =+COUNTIFS($D$4:$D$488,J26,$F$4:$F$488,"Clear") -> 0 | O26: =+COUNTIFS($D$4:$D$488,J26,$F$4:$F$488,"ROW") -> 0 | P26: =+SUM(Q26:U26) -> 6 | Q26: =+COUNTIFS($D$4:$D$488,J26,$G$4:$G$488,"E") -> 6 | R26: =+COUNTIFS($D$4:$D$488,J26,$G$4:$G$488,"WIP") -> 0 | S26: =+COUNTIFS($D$4:$D$488,J26,$G$4:$G$488,"Clear") -> 0 | T26: =+COUNTIFS($D$4:$D$488,J26,$G$4:$G$488,"ROW") -> 0 | U26: =K26-T26-Q26-S26-R26 -> 0 | V26: =P26-Q26 -> 0
A27: =+SUBTOTAL(3,$B$4:B27) -> 24 | B27: ='Visual chart Edit'!B30 -> 4/2 | C27: ='Visual chart Edit'!C30 -> DA+0 | D27: Harwa | E27: ='Visual chart Edit'!I30 -> 358.4 | F27: ='Visual chart Edit'!K30 -> DRY | G27: ='Visual chart Edit'!L30 -> E | J27: Nematpura | K27: =+SUM(L27:O27) -> 7 | L27: =+COUNTIFS($D$4:$D$488,J27,$F$4:$F$488,"sandy")+COUNTIFS($D$4:$D$488,J27,$F$4:$F$488,"Dry")+COUNTIFS($D$4:$D$488,J27,$F$4:$F$488,"DFR")+COUNTIFS($D$4:$D$488,J27,$F$4:$F$488,"WFR")+COUNTIFS($D$4:$D$488,J27,$F$4:$F$488,"SFR") -> 7 | M27: =+COUNTIFS($D$4:$D$488,J27,$F$4:$F$488,"WIP") -> 0 | N27: =+COUNTIFS($D$4:$D$488,J27,$F$4:$F$488,"Clear") -> 0 | O27: =+COUNTIFS($D$4:$D$488,J27,$F$4:$F$488,"ROW") -> 0 | P27: =+SUM(Q27:U27) -> 7 | Q27: =+COUNTIFS($D$4:$D$488,J27,$G$4:$G$488,"E") -> 7 | R27: =+COUNTIFS($D$4:$D$488,J27,$G$4:$G$488,"WIP") -> 0 | S27: =+COUNTIFS($D$4:$D$488,J27,$G$4:$G$488,"Clear") -> 0 | T27: =+COUNTIFS($D$4:$D$488,J27,$G$4:$G$488,"ROW") -> 0 | U27: =K27-T27-Q27-S27-R27 -> 0 | V27: =P27-Q27 -> 0
A28: =+SUBTOTAL(3,$B$4:B28) -> 25 | B28: ='Visual chart Edit'!B31 -> 4/3 | C28: ='Visual chart Edit'!C31 -> DA+0 | D28: Harwa | E28: ='Visual chart Edit'!I31 -> 381 | F28: ='Visual chart Edit'!K31 -> DRY | G28: ='Visual chart Edit'!L31 -> E | J28: Gangapura | K28: =+SUM(L28:O28) -> 4 | L28: =+COUNTIFS($D$4:$D$488,J28,$F$4:$F$488,"sandy")+COUNTIFS($D$4:$D$488,J28,$F$4:$F$488,"Dry")+COUNTIFS($D$4:$D$488,J28,$F$4:$F$488,"DFR")+COUNTIFS($D$4:$D$488,J28,$F$4:$F$488,"WFR")+COUNTIFS($D$4:$D$488,J28,$F$4:$F$488,"SFR") -> 4 | M28: =+COUNTIFS($D$4:$D$488,J28,$F$4:$F$488,"WIP") -> 0 | N28: =+COUNTIFS($D$4:$D$488,J28,$F$4:$F$488,"Clear") -> 0 | O28: =+COUNTIFS($D$4:$D$488,J28,$F$4:$F$488,"ROW") -> 0 | P28: =+SUM(Q28:U28) -> 4 | Q28: =+COUNTIFS($D$4:$D$488,J28,$G$4:$G$488,"E") -> 4 | R28: =+COUNTIFS($D$4:$D$488,J28,$G$4:$G$488,"WIP") -> 0 | S28: =+COUNTIFS($D$4:$D$488,J28,$G$4:$G$488,"Clear") -> 0 | T28: =+COUNTIFS($D$4:$D$488,J28,$G$4:$G$488,"ROW") -> 0 | U28: =K28-T28-Q28-S28-R28 -> 0 | V28: =P28-Q28 -> 0
... A30: =+SUBTOTAL(3,$B$4:B30) -> 27 | B30: ='Visual chart Edit'!B33 -> 5/0 | C30: ='Visual chart Edit'!C33 -> DB1+9 | D30: Harwa | E30: ='Visual chart Edit'!I33 -> 423.1 | F30: ='Visual chart Edit'!K33 -> DRY | G30: ='Visual chart Edit'!L33 -> E | J30: Khanora | K30: =+SUM(L30:O30) -> 13 | L30: =+COUNTIFS($D$4:$D$488,J30,$F$4:$F$488,"sandy")+COUNTIFS($D$4:$D$488,J30,$F$4:$F$488,"Dry")+COUNTIFS($D$4:$D$488,J30,$F$4:$F$488,"DFR")+COUNTIFS($D$4:$D$488,J30,$F$4:$F$488,"WFR")+COUNTIFS($D$4:$D$488,J30,$F$4:$F$488,"SFR") -> 13 | M30: =+COUNTIFS($D$4:$D$488,J30,$F$4:$F$488,"WIP") -> 0 | N30: =+COUNTIFS($D$4:$D$488,J30,$F$4:$F$488,"Clear") -> 0 | O30: =+COUNTIFS($D$4:$D$488,J30,$F$4:$F$488,"ROW") -> 0 | P30: =+SUM(Q30:U30) -> 13 | Q30: =+COUNTIFS($D$4:$D$488,J30,$G$4:$G$488,"E") -> 13 | R30: =+COUNTIFS($D$4:$D$488,J30,$G$4:$G$488,"WIP") -> 0 | S30: =+COUNTIFS($D$4:$D$488,J30,$G$4:$G$488,"Clear") -> 0 | T30: =+COUNTIFS($D$4:$D$488,J30,$G$4:$G$488,"ROW") -> 0 | U30: =K30-T30-Q30-S30-R30 -> 0 | V30: =P30-Q30 -> 0
A31: =+SUBTOTAL(3,$B$4:B31) -> 28 | B31: ='Visual chart Edit'!B34 -> 6/0 | C31: ='Visual chart Edit'!C34 -> DB2+9 | D31: Harwa | E31: ='Visual chart Edit'!I34 -> 246 | F31: ='Visual chart Edit'!K34 -> DRY | G31: WIP | I31: attempeted on 10.07.2025 | J31: Sathuni Purohitan | K31: =+SUM(L31:O31) -> 3 | L31: =+COUNTIFS($D$4:$D$488,J31,$F$4:$F$488,"sandy")+COUNTIFS($D$4:$D$488,J31,$F$4:$F$488,"Dry")+COUNTIFS($D$4:$D$488,J31,$F$4:$F$488,"DFR")+COUNTIFS($D$4:$D$488,J31,$F$4:$F$488,"WFR")+COUNTIFS($D$4:$D$488,J31,$F$4:$F$488,"SFR") -> 3 | M31: =+COUNTIFS($D$4:$D$488,J31,$F$4:$F$488,"WIP") -> 0 | N31: =+COUNTIFS($D$4:$D$488,J31,$F$4:$F$488,"Clear") -> 0 | O31: =+COUNTIFS($D$4:$D$488,J31,$F$4:$F$488,"ROW") -> 0 | P31: =+SUM(Q31:U31) -> 3 | Q31: =+COUNTIFS($D$4:$D$488,J31,$G$4:$G$488,"E") -> 3 | R31: =+COUNTIFS($D$4:$D$488,J31,$G$4:$G$488,"WIP") -> 0 | S31: =+COUNTIFS($D$4:$D$488,J31,$G$4:$G$488,"Clear") -> 0 | T31: =+COUNTIFS($D$4:$D$488,J31,$G$4:$G$488,"ROW") -> 0 | U31: =K31-T31-Q31-S31-R31 -> 0 | V31: =P31-Q31 -> 0
A32: =+SUBTOTAL(3,$B$4:B32) -> 29 | B32: ='Visual chart Edit'!B35 -> 6/1 | C32: ='Visual chart Edit'!C35 -> DA+0 | D32: Harwa | E32: ='Visual chart Edit'!I35 -> 429.9 | F32: ='Visual chart Edit'!K35 -> DFR | G32: ='Visual chart Edit'!L35 -> E | J32: Sathuni Charnan | K32: =+SUM(L32:O32) -> 8 | L32: =+COUNTIFS($D$4:$D$488,J32,$F$4:$F$488,"sandy")+COUNTIFS($D$4:$D$488,J32,$F$4:$F$488,"Dry")+COUNTIFS($D$4:$D$488,J32,$F$4:$F$488,"DFR")+COUNTIFS($D$4:$D$488,J32,$F$4:$F$488,"WFR")+COUNTIFS($D$4:$D$488,J32,$F$4:$F$488,"SFR") -> 8 | M32: =+COUNTIFS($D$4:$D$488,J32,$F$4:$F$488,"WIP") -> 0 | N32: =+COUNTIFS($D$4:$D$488,J32,$F$4:$F$488,"Clear") -> 0 | O32: =+COUNTIFS($D$4:$D$488,J32,$F$4:$F$488,"ROW") -> 0 | P32: =+SUM(Q32:U32) -> 8 | Q32: =+COUNTIFS($D$4:$D$488,J32,$G$4:$G$488,"E") -> 8 | R32: =+COUNTIFS($D$4:$D$488,J32,$G$4:$G$488,"WIP") -> 0 | S32: =+COUNTIFS($D$4:$D$488,J32,$G$4:$G$488,"Clear") -> 0 | T32: =+COUNTIFS($D$4:$D$488,J32,$G$4:$G$488,"ROW") -> 0 | U32: =K32-T32-Q32-S32-R32 -> 0 | V32: =P32-Q32 -> 0
A33: =+SUBTOTAL(3,$B$4:B33) -> 30 | B33: ='Visual chart Edit'!B36 -> 6/2 | C33: ='Visual chart Edit'!C36 -> DA+0 | D33: Harwa | E33: ='Visual chart Edit'!I36 -> 362.4 | F33: ='Visual chart Edit'!K36 -> DFR | G33: ='Visual chart Edit'!L36 -> E | J33: Simarkhiya | K33: =+SUM(L33:O33) -> 3 | L33: =+COUNTIFS($D$4:$D$488,J33,$F$4:$F$488,"sandy")+COUNTIFS($D$4:$D$488,J33,$F$4:$F$488,"Dry")+COUNTIFS($D$4:$D$488,J33,$F$4:$F$488,"DFR")+COUNTIFS($D$4:$D$488,J33,$F$4:$F$488,"WFR")+COUNTIFS($D$4:$D$488,J33,$F$4:$F$488,"SFR") -> 3 | M33: =+COUNTIFS($D$4:$D$488,J33,$F$4:$F$488,"WIP") -> 0 | N33: =+COUNTIFS($D$4:$D$488,J33,$F$4:$F$488,"Clear") -> 0 | O33: =+COUNTIFS($D$4:$D$488,J33,$F$4:$F$488,"ROW") -> 0 | P33: =+SUM(Q33:U33) -> 3 | Q33: =+COUNTIFS($D$4:$D$488,J33,$G$4:$G$488,"E") -> 3 | R33: =+COUNTIFS($D$4:$D$488,J33,$G$4:$G$488,"WIP") -> 0 | S33: =+COUNTIFS($D$4:$D$488,J33,$G$4:$G$488,"Clear") -> 0 | T33: =+COUNTIFS($D$4:$D$488,J33,$G$4:$G$488,"ROW") -> 0 | U33: =K33-T33-Q33-S33-R33 -> 0 | V33: =P33-Q33 -> 0
A34: =+SUBTOTAL(3,$B$4:B34) -> 31 | B34: ='Visual chart Edit'!B37 -> 7/0 | C34: ='Visual chart Edit'!C37 -> DB1+0 | D34: Harwa | E34: ='Visual chart Edit'!I37 -> 347.9 | F34: ='Visual chart Edit'!K37 -> DRY | G34: ='Visual chart Edit'!L37 -> E | J34: Bagawas | K34: =+SUM(L34:O34) -> 11 | L34: =+COUNTIFS($D$4:$D$488,J34,$F$4:$F$488,"sandy")+COUNTIFS($D$4:$D$488,J34,$F$4:$F$488,"Dry")+COUNTIFS($D$4:$D$488,J34,$F$4:$F$488,"DFR")+COUNTIFS($D$4:$D$488,J34,$F$4:$F$488,"WFR")+COUNTIFS($D$4:$D$488,J34,$F$4:$F$488,"SFR") -> 11 | M34: =+COUNTIFS($D$4:$D$488,J34,$F$4:$F$488,"WIP") -> 0 | N34: =+COUNTIFS($D$4:$D$488,J34,$F$4:$F$488,"Clear") -> 0 | O34: =+COUNTIFS($D$4:$D$488,J34,$F$4:$F$488,"ROW") -> 0 | P34: =+SUM(Q34:U34) -> 11 | Q34: =+COUNTIFS($D$4:$D$488,J34,$G$4:$G$488,"E") -> 11 | R34: =+COUNTIFS($D$4:$D$488,J34,$G$4:$G$488,"WIP") -> 0 | S34: =+COUNTIFS($D$4:$D$488,J34,$G$4:$G$488,"Clear") -> 0 | T34: =+COUNTIFS($D$4:$D$488,J34,$G$4:$G$488,"ROW") -> 0 | U34: =K34-T34-Q34-S34-R34 -> 0 | V34: =P34-Q34 -> 0
A35: =+SUBTOTAL(3,$B$4:B35) -> 32 | B35: ='Visual chart Edit'!B38 -> 8/0 | C35: ='Visual chart Edit'!C38 -> DB1+0 | D35: Harwa | E35: ='Visual chart Edit'!I38 -> 210.8 | F35: ='Visual chart Edit'!K38 -> DRY | G35: ='Visual chart Edit'!L38 -> E | J35: Mohanpura | K35: =+SUM(L35:O35) -> 6 | L35: =+COUNTIFS($D$4:$D$488,J35,$F$4:$F$488,"sandy")+COUNTIFS($D$4:$D$488,J35,$F$4:$F$488,"Dry")+COUNTIFS($D$4:$D$488,J35,$F$4:$F$488,"DFR")+COUNTIFS($D$4:$D$488,J35,$F$4:$F$488,"WFR")+COUNTIFS($D$4:$D$488,J35,$F$4:$F$488,"SFR") -> 6 | M35: =+COUNTIFS($D$4:$D$488,J35,$F$4:$F$488,"WIP") -> 0 | N35: =+COUNTIFS($D$4:$D$488,J35,$F$4:$F$488,"Clear") -> 0 | O35: =+COUNTIFS($D$4:$D$488,J35,$F$4:$F$488,"ROW") -> 0 | P35: =+SUM(Q35:U35) -> 6 | Q35: =+COUNTIFS($D$4:$D$488,J35,$G$4:$G$488,"E") -> 6 | R35: =+COUNTIFS($D$4:$D$488,J35,$G$4:$G$488,"WIP") -> 0 | S35: =+COUNTIFS($D$4:$D$488,J35,$G$4:$G$488,"Clear") -> 0 | T35: =+COUNTIFS($D$4:$D$488,J35,$G$4:$G$488,"ROW") -> 0 | U35: =K35-T35-Q35-S35-R35 -> 0 | V35: =P35-Q35 -> 0
A36: =+SUBTOTAL(3,$B$4:B36) -> 33 | B36: ='Visual chart Edit'!B39 -> 8/1 | C36: ='Visual chart Edit'!C39 -> DA+3 | D36: Harwa | E36: ='Visual chart Edit'!I39 -> 409.2 | F36: ='Visual chart Edit'!K39 -> DRY | G36: ='Visual chart Edit'!L39 -> E | J36: Meghawas | K36: =+SUM(L36:O36) -> 5 | L36: =+COUNTIFS($D$4:$D$488,J36,$F$4:$F$488,"sandy")+COUNTIFS($D$4:$D$488,J36,$F$4:$F$488,"Dry")+COUNTIFS($D$4:$D$488,J36,$F$4:$F$488,"DFR")+COUNTIFS($D$4:$D$488,J36,$F$4:$F$488,"WFR")+COUNTIFS($D$4:$D$488,J36,$F$4:$F$488,"SFR") -> 5 | M36: =+COUNTIFS($D$4:$D$488,J36,$F$4:$F$488,"WIP") -> 0 | N36: =+COUNTIFS($D$4:$D$488,J36,$F$4:$F$488,"Clear") -> 0 | O36: =+COUNTIFS($D$4:$D$488,J36,$F$4:$F$488,"ROW") -> 0 | P36: =+SUM(Q36:U36) -> 5 | Q36: =+COUNTIFS($D$4:$D$488,J36,$G$4:$G$488,"E") -> 5 | R36: =+COUNTIFS($D$4:$D$488,J36,$G$4:$G$488,"WIP") -> 0 | S36: =+COUNTIFS($D$4:$D$488,J36,$G$4:$G$488,"Clear") -> 0 | T36: =+COUNTIFS($D$4:$D$488,J36,$G$4:$G$488,"ROW") -> 0 | U36: =K36-T36-Q36-S36-R36 -> 0 | V36: =P36-Q36 -> 0
A37: =+SUBTOTAL(3,$B$4:B37) -> 34 | B37: ='Visual chart Edit'!B40 -> 8/2 | C37: ='Visual chart Edit'!C40 -> DA+3 | D37: Harwa | E37: ='Visual chart Edit'!I40 -> 413.6 | F37: ='Visual chart Edit'!K40 -> DRY | G37: ='Visual chart Edit'!L40 -> E | J37: Sagaranari | K37: =+SUM(L37:O37) -> 10 | L37: =+COUNTIFS($D$4:$D$488,J37,$F$4:$F$488,"sandy")+COUNTIFS($D$4:$D$488,J37,$F$4:$F$488,"Dry")+COUNTIFS($D$4:$D$488,J37,$F$4:$F$488,"DFR")+COUNTIFS($D$4:$D$488,J37,$F$4:$F$488,"WFR")+COUNTIFS($D$4:$D$488,J37,$F$4:$F$488,"SFR") -> 10 | M37: =+COUNTIFS($D$4:$D$488,J37,$F$4:$F$488,"WIP") -> 0 | N37: =+COUNTIFS($D$4:$D$488,J37,$F$4:$F$488,"Clear") -> 0 | O37: =+COUNTIFS($D$4:$D$488,J37,$F$4:$F$488,"ROW") -> 0 | P37: =+SUM(Q37:U37) -> 10 | Q37: =+COUNTIFS($D$4:$D$488,J37,$G$4:$G$488,"E") -> 10 | R37: =+COUNTIFS($D$4:$D$488,J37,$G$4:$G$488,"WIP") -> 0 | S37: =+COUNTIFS($D$4:$D$488,J37,$G$4:$G$488,"Clear") -> 0 | T37: =+COUNTIFS($D$4:$D$488,J37,$G$4:$G$488,"ROW") -> 0 | U37: =K37-T37-Q37-S37-R37 -> 0 | V37: =P37-Q37 -> 0
A38: =+SUBTOTAL(3,$B$4:B38) -> 35 | B38: ='Visual chart Edit'!B41 -> 8/3 | C38: ='Visual chart Edit'!C41 -> DA+0 | D38: Harwa | E38: ='Visual chart Edit'!I41 -> 393.2 | F38: ='Visual chart Edit'!K41 -> DRY | G38: ='Visual chart Edit'!L41 -> E | J38: Nagana | K38: =+SUM(L38:O38) -> 6 | L38: =+COUNTIFS($D$4:$D$488,J38,$F$4:$F$488,"sandy")+COUNTIFS($D$4:$D$488,J38,$F$4:$F$488,"Dry")+COUNTIFS($D$4:$D$488,J38,$F$4:$F$488,"DFR")+COUNTIFS($D$4:$D$488,J38,$F$4:$F$488,"WFR")+COUNTIFS($D$4:$D$488,J38,$F$4:$F$488,"SFR") -> 6 | M38: =+COUNTIFS($D$4:$D$488,J38,$F$4:$F$488,"WIP") -> 0 | N38: =+COUNTIFS($D$4:$D$488,J38,$F$4:$F$488,"Clear") -> 0 | O38: =+COUNTIFS($D$4:$D$488,J38,$F$4:$F$488,"ROW") -> 0 | P38: =+SUM(Q38:U38) -> 6 | Q38: =+COUNTIFS($D$4:$D$488,J38,$G$4:$G$488,"E") -> 6 | R38: =+COUNTIFS($D$4:$D$488,J38,$G$4:$G$488,"WIP") -> 0 | S38: =+COUNTIFS($D$4:$D$488,J38,$G$4:$G$488,"Clear") -> 0 | T38: =+COUNTIFS($D$4:$D$488,J38,$G$4:$G$488,"ROW") -> 0 | U38: =K38-T38-Q38-S38-R38 -> 0 | V38: =P38-Q38 -> 0
A39: =+SUBTOTAL(3,$B$4:B39) -> 36 | B39: ='Visual chart Edit'!B42 -> 8/4 | C39: ='Visual chart Edit'!C42 -> DA+3 | D39: Harwa | E39: ='Visual chart Edit'!I42 -> 416.5 | F39: ='Visual chart Edit'!K42 -> DRY | G39: ='Visual chart Edit'!L42 -> E | J39: Deoriya | K39: =+SUM(L39:O39) -> 9 | L39: =+COUNTIFS($D$4:$D$488,J39,$F$4:$F$488,"sandy")+COUNTIFS($D$4:$D$488,J39,$F$4:$F$488,"Dry")+COUNTIFS($D$4:$D$488,J39,$F$4:$F$488,"DFR")+COUNTIFS($D$4:$D$488,J39,$F$4:$F$488,"WFR")+COUNTIFS($D$4:$D$488,J39,$F$4:$F$488,"SFR") -> 9 | M39: =+COUNTIFS($D$4:$D$488,J39,$F$4:$F$488,"WIP") -> 0 | N39: =+COUNTIFS($D$4:$D$488,J39,$F$4:$F$488,"Clear") -> 0 | O39: =+COUNTIFS($D$4:$D$488,J39,$F$4:$F$488,"ROW") -> 0 | P39: =+SUM(Q39:U39) -> 9 | Q39: =+COUNTIFS($D$4:$D$488,J39,$G$4:$G$488,"E") -> 9 | R39: =+COUNTIFS($D$4:$D$488,J39,$G$4:$G$488,"WIP") -> 0 | S39: =+COUNTIFS($D$4:$D$488,J39,$G$4:$G$488,"Clear") -> 0 | T39: =+COUNTIFS($D$4:$D$488,J39,$G$4:$G$488,"ROW") -> 0 | U39: =K39-T39-Q39-S39-R39 -> 0 | V39: =P39-Q39 -> 0
A40: =+SUBTOTAL(3,$B$4:B40) -> 37 | B40: ='Visual chart Edit'!B43 -> 8/5 | C40: ='Visual chart Edit'!C43 -> DA+3 | D40: Harwa | E40: ='Visual chart Edit'!I43 -> 394.6 | F40: ='Visual chart Edit'!K43 -> DRY | G40: ='Visual chart Edit'!L43 -> E | J40: Bakati | K40: =+SUM(L40:O40) -> 9 | L40: =+COUNTIFS($D$4:$D$488,J40,$F$4:$F$488,"sandy")+COUNTIFS($D$4:$D$488,J40,$F$4:$F$488,"Dry")+COUNTIFS($D$4:$D$488,J40,$F$4:$F$488,"DFR")+COUNTIFS($D$4:$D$488,J40,$F$4:$F$488,"WFR")+COUNTIFS($D$4:$D$488,J40,$F$4:$F$488,"SFR") -> 9 | M40: =+COUNTIFS($D$4:$D$488,J40,$F$4:$F$488,"WIP") -> 0 | N40: =+COUNTIFS($D$4:$D$488,J40,$F$4:$F$488,"Clear") -> 0 | O40: =+COUNTIFS($D$4:$D$488,J40,$F$4:$F$488,"ROW") -> 0 | P40: =+SUM(Q40:U40) -> 9 | Q40: =+COUNTIFS($D$4:$D$488,J40,$G$4:$G$488,"E") -> 9 | R40: =+COUNTIFS($D$4:$D$488,J40,$G$4:$G$488,"WIP") -> 0 | S40: =+COUNTIFS($D$4:$D$488,J40,$G$4:$G$488,"Clear") -> 0 | T40: =+COUNTIFS($D$4:$D$488,J40,$G$4:$G$488,"ROW") -> 0 | U40: =K40-T40-Q40-S40-R40 -> 0 | V40: =P40-Q40 -> 0
A41: =+SUBTOTAL(3,$B$4:B41) -> 38 | B41: ='Visual chart Edit'!B44 -> 8/6 | C41: ='Visual chart Edit'!C44 -> DA+3 | D41: Harwa | E41: ='Visual chart Edit'!I44 -> 393.2 | F41: ROW | G41: ='Visual chart Edit'!L44 | J41: Gwalnada | K41: =+SUM(L41:O41) -> 9 | L41: =+COUNTIFS($D$4:$D$488,J41,$F$4:$F$488,"sandy")+COUNTIFS($D$4:$D$488,J41,$F$4:$F$488,"Dry")+COUNTIFS($D$4:$D$488,J41,$F$4:$F$488,"DFR")+COUNTIFS($D$4:$D$488,J41,$F$4:$F$488,"WFR")+COUNTIFS($D$4:$D$488,J41,$F$4:$F$488,"SFR") -> 9 | M41: =+COUNTIFS($D$4:$D$488,J41,$F$4:$F$488,"WIP") -> 0 | N41: =+COUNTIFS($D$4:$D$488,J41,$F$4:$F$488,"Clear") -> 0 | O41: =+COUNTIFS($D$4:$D$488,J41,$F$4:$F$488,"ROW") -> 0 | P41: =+SUM(Q41:U41) -> 9 | Q41: =+COUNTIFS($D$4:$D$488,J41,$G$4:$G$488,"E") -> 9 | R41: =+COUNTIFS($D$4:$D$488,J41,$G$4:$G$488,"WIP") -> 0 | S41: =+COUNTIFS($D$4:$D$488,J41,$G$4:$G$488,"Clear") -> 0 | T41: =+COUNTIFS($D$4:$D$488,J41,$G$4:$G$488,"ROW") -> 0 | U41: =K41-T41-Q41-S41-R41 -> 0 | V41: =P41-Q41 -> 0
A42: =+SUBTOTAL(3,$B$4:B42) -> 39 | B42: ='Visual chart Edit'!B45 -> 8/7 | C42: ='Visual chart Edit'!C45 -> DB1+0 | D42: Chak Goonga | E42: ='Visual chart Edit'!I45 -> 441.1 | F42: ='Visual chart Edit'!K45 -> DRY | G42: ROW | J42: Godawas Kalan | K42: =+SUM(L42:O42) -> 9 | L42: =+COUNTIFS($D$4:$D$488,J42,$F$4:$F$488,"sandy")+COUNTIFS($D$4:$D$488,J42,$F$4:$F$488,"Dry")+COUNTIFS($D$4:$D$488,J42,$F$4:$F$488,"DFR")+COUNTIFS($D$4:$D$488,J42,$F$4:$F$488,"WFR")+COUNTIFS($D$4:$D$488,J42,$F$4:$F$488,"SFR") -> 9 | M42: =+COUNTIFS($D$4:$D$488,J42,$F$4:$F$488,"WIP") -> 0 | N42: =+COUNTIFS($D$4:$D$488,J42,$F$4:$F$488,"Clear") -> 0 | O42: =+COUNTIFS($D$4:$D$488,J42,$F$4:$F$488,"ROW") -> 0 | P42: =+SUM(Q42:U42) -> 9 | Q42: =+COUNTIFS($D$4:$D$488,J42,$G$4:$G$488,"E") -> 9 | R42: =+COUNTIFS($D$4:$D$488,J42,$G$4:$G$488,"WIP") -> 0 | S42: =+COUNTIFS($D$4:$D$488,J42,$G$4:$G$488,"Clear") -> 0 | T42: =+COUNTIFS($D$4:$D$488,J42,$G$4:$G$488,"ROW") -> 0 | U42: =K42-T42-Q42-S42-R42 -> 0 | V42: =P42-Q42 -> 0
A43: =+SUBTOTAL(3,$B$4:B43) -> 40 | B43: ='Visual chart Edit'!B46 -> 8/8 | C43: ='Visual chart Edit'!C46 -> DA+6 | D43: Chak Goonga | E43: ='Visual chart Edit'!I46 -> 414.4 | F43: ROW | G43: ='Visual chart Edit'!L46 | J43: Doli Kalan | K43: =+SUM(L43:O43) -> 1 | L43: =+COUNTIFS($D$4:$D$488,J43,$F$4:$F$488,"sandy")+COUNTIFS($D$4:$D$488,J43,$F$4:$F$488,"Dry")+COUNTIFS($D$4:$D$488,J43,$F$4:$F$488,"DFR")+COUNTIFS($D$4:$D$488,J43,$F$4:$F$488,"WFR")+COUNTIFS($D$4:$D$488,J43,$F$4:$F$488,"SFR") -> 1 | M43: =+COUNTIFS($D$4:$D$488,J43,$F$4:$F$488,"WIP") -> 0 | N43: =+COUNTIFS($D$4:$D$488,J43,$F$4:$F$488,"Clear") -> 0 | O43: =+COUNTIFS($D$4:$D$488,J43,$F$4:$F$488,"ROW") -> 0 | P43: =+SUM(Q43:U43) -> 1 | Q43: =+COUNTIFS($D$4:$D$488,J43,$G$4:$G$488,"E") -> 1 | R43: =+COUNTIFS($D$4:$D$488,J43,$G$4:$G$488,"WIP") -> 0 | S43: =+COUNTIFS($D$4:$D$488,J43,$G$4:$G$488,"Clear") -> 0 | T43: =+COUNTIFS($D$4:$D$488,J43,$G$4:$G$488,"ROW") -> 0 | U43: =K43-T43-Q43-S43-R43 -> 0 | V43: =P43-Q43 -> 0
A44: =+SUBTOTAL(3,$B$4:B44) -> 41 | B44: ='Visual chart Edit'!B47 -> 8/9 | C44: ='Visual chart Edit'!C47 -> DA+3 | D44: Chak Goonga | E44: ='Visual chart Edit'!I47 -> 395.863 | F44: ='Visual chart Edit'!K47 -> DFR | G44: ='Visual chart Edit'!L47 -> E | J44: Modathali | K44: =+SUM(L44:O44) -> 5 | L44: =+COUNTIFS($D$4:$D$488,J44,$F$4:$F$488,"sandy")+COUNTIFS($D$4:$D$488,J44,$F$4:$F$488,"Dry")+COUNTIFS($D$4:$D$488,J44,$F$4:$F$488,"DFR")+COUNTIFS($D$4:$D$488,J44,$F$4:$F$488,"WFR")+COUNTIFS($D$4:$D$488,J44,$F$4:$F$488,"SFR") -> 5 | M44: =+COUNTIFS($D$4:$D$488,J44,$F$4:$F$488,"WIP") -> 0 | N44: =+COUNTIFS($D$4:$D$488,J44,$F$4:$F$488,"Clear") -> 0 | O44: =+COUNTIFS($D$4:$D$488,J44,$F$4:$F$488,"ROW") -> 0 | P44: =+SUM(Q44:U44) -> 5 | Q44: =+COUNTIFS($D$4:$D$488,J44,$G$4:$G$488,"E") -> 5 | R44: =+COUNTIFS($D$4:$D$488,J44,$G$4:$G$488,"WIP") -> 0 | S44: =+COUNTIFS($D$4:$D$488,J44,$G$4:$G$488,"Clear") -> 0 | T44: =+COUNTIFS($D$4:$D$488,J44,$G$4:$G$488,"ROW") -> 0 | U44: =K44-T44-Q44-S44-R44 -> 0 | V44: =P44-Q44 -> 0
A45: =+SUBTOTAL(3,$B$4:B45) -> 42 | B45: ='Visual chart Edit'!B48 -> 8/10 | C45: ='Visual chart Edit'!C48 -> DA+3 | D45: Chak Goonga | E45: ='Visual chart Edit'!I48 -> 413.404 | F45: ='Visual chart Edit'!K48 -> DFR | G45: ='Visual chart Edit'!L48 -> E | J45: Piprali | K45: =+SUM(L45:O45) -> 3 | L45: =+COUNTIFS($D$4:$D$488,J45,$F$4:$F$488,"sandy")+COUNTIFS($D$4:$D$488,J45,$F$4:$F$488,"Dry")+COUNTIFS($D$4:$D$488,J45,$F$4:$F$488,"DFR")+COUNTIFS($D$4:$D$488,J45,$F$4:$F$488,"WFR")+COUNTIFS($D$4:$D$488,J45,$F$4:$F$488,"SFR") -> 3 | M45: =+COUNTIFS($D$4:$D$488,J45,$F$4:$F$488,"WIP") -> 0 | N45: =+COUNTIFS($D$4:$D$488,J45,$F$4:$F$488,"Clear") -> 0 | O45: =+COUNTIFS($D$4:$D$488,J45,$F$4:$F$488,"ROW") -> 0 | P45: =+SUM(Q45:U45) -> 3 | Q45: =+COUNTIFS($D$4:$D$488,J45,$G$4:$G$488,"E") -> 3 | R45: =+COUNTIFS($D$4:$D$488,J45,$G$4:$G$488,"WIP") -> 0 | S45: =+COUNTIFS($D$4:$D$488,J45,$G$4:$G$488,"Clear") -> 0 | T45: =+COUNTIFS($D$4:$D$488,J45,$G$4:$G$488,"ROW") -> 0 | U45: =K45-T45-Q45-S45-R45 -> 0 | V45: =P45-Q45 -> 0
A46: =+SUBTOTAL(3,$B$4:B46) -> 43 | B46: ='Visual chart Edit'!B49 -> 8/11 | C46: ='Visual chart Edit'!C49 -> DA+0 | D46: Chak Goonga | E46: ='Visual chart Edit'!I49 -> 402.6 | F46: ='Visual chart Edit'!K49 -> DRY | G46: ROW | J46: Rabariyawas | K46: =+SUM(L46:O46) -> 11 | L46: =+COUNTIFS($D$4:$D$488,J46,$F$4:$F$488,"sandy")+COUNTIFS($D$4:$D$488,J46,$F$4:$F$488,"Dry")+COUNTIFS($D$4:$D$488,J46,$F$4:$F$488,"DFR")+COUNTIFS($D$4:$D$488,J46,$F$4:$F$488,"WFR")+COUNTIFS($D$4:$D$488,J46,$F$4:$F$488,"SFR") -> 11 | M46: =+COUNTIFS($D$4:$D$488,J46,$F$4:$F$488,"WIP") -> 0 | N46: =+COUNTIFS($D$4:$D$488,J46,$F$4:$F$488,"Clear") -> 0 | O46: =+COUNTIFS($D$4:$D$488,J46,$F$4:$F$488,"ROW") -> 0 | P46: =+SUM(Q46:U46) -> 11 | Q46: =+COUNTIFS($D$4:$D$488,J46,$G$4:$G$488,"E") -> 11 | R46: =+COUNTIFS($D$4:$D$488,J46,$G$4:$G$488,"WIP") -> 0 | S46: =+COUNTIFS($D$4:$D$488,J46,$G$4:$G$488,"Clear") -> 0 | T46: =+COUNTIFS($D$4:$D$488,J46,$G$4:$G$488,"ROW") -> 0 | U46: =K46-T46-Q46-S46-R46 -> 0 | V46: =P46-Q46 -> 0
A47: =+SUBTOTAL(3,$B$4:B47) -> 44 | B47: ='Visual chart Edit'!B50 -> 8/12 | C47: ='Visual chart Edit'!C50 -> DA+0 | D47: Chak Goonga | E47: ='Visual chart Edit'!I50 -> 372.1 | F47: ='Visual chart Edit'!K50 -> DRY | G47: ='Visual chart Edit'!L50 -> E | J47: Loonawas Charna | K47: =+SUM(L47:O47) -> 4 | L47: =+COUNTIFS($D$4:$D$488,J47,$F$4:$F$488,"sandy")+COUNTIFS($D$4:$D$488,J47,$F$4:$F$488,"Dry")+COUNTIFS($D$4:$D$488,J47,$F$4:$F$488,"DFR")+COUNTIFS($D$4:$D$488,J47,$F$4:$F$488,"WFR")+COUNTIFS($D$4:$D$488,J47,$F$4:$F$488,"SFR") -> 4 | M47: =+COUNTIFS($D$4:$D$488,J47,$F$4:$F$488,"WIP") -> 0 | N47: =+COUNTIFS($D$4:$D$488,J47,$F$4:$F$488,"Clear") -> 0 | O47: =+COUNTIFS($D$4:$D$488,J47,$F$4:$F$488,"ROW") -> 0 | P47: =+SUM(Q47:U47) -> 4 | Q47: =+COUNTIFS($D$4:$D$488,J47,$G$4:$G$488,"E") -> 4 | R47: =+COUNTIFS($D$4:$D$488,J47,$G$4:$G$488,"WIP") -> 0 | S47: =+COUNTIFS($D$4:$D$488,J47,$G$4:$G$488,"Clear") -> 0 | T47: =+COUNTIFS($D$4:$D$488,J47,$G$4:$G$488,"ROW") -> 0 | U47: =K47-T47-Q47-S47-R47 -> 0 | V47: =P47-Q47 -> 0
A48: =+SUBTOTAL(3,$B$4:B48) -> 45 | B48: ='Visual chart Edit'!B51 -> 9/0 | C48: ='Visual chart Edit'!C51 -> DD60+18 | D48: Chak Goonga | E48: ='Visual chart Edit'!I51 -> 457.7 | F48: ='Visual chart Edit'!K51 -> DRY | G48: Clear | J48: Loonawas Khurd | K48: =+SUM(L48:O48) -> 12 | L48: =+COUNTIFS($D$4:$D$488,J48,$F$4:$F$488,"sandy")+COUNTIFS($D$4:$D$488,J48,$F$4:$F$488,"Dry")+COUNTIFS($D$4:$D$488,J48,$F$4:$F$488,"DFR")+COUNTIFS($D$4:$D$488,J48,$F$4:$F$488,"WFR")+COUNTIFS($D$4:$D$488,J48,$F$4:$F$488,"SFR") -> 12 | M48: =+COUNTIFS($D$4:$D$488,J48,$F$4:$F$488,"WIP") -> 0 | N48: =+COUNTIFS($D$4:$D$488,J48,$F$4:$F$488,"Clear") -> 0 | O48: =+COUNTIFS($D$4:$D$488,J48,$F$4:$F$488,"ROW") -> 0 | P48: =+SUM(Q48:U48) -> 12 | Q48: =+COUNTIFS($D$4:$D$488,J48,$G$4:$G$488,"E") -> 12 | R48: =+COUNTIFS($D$4:$D$488,J48,$G$4:$G$488,"WIP") -> 0 | S48: =+COUNTIFS($D$4:$D$488,J48,$G$4:$G$488,"Clear") -> 0 | T48: =+COUNTIFS($D$4:$D$488,J48,$G$4:$G$488,"ROW") -> 0 | U48: =K48-T48-Q48-S48-R48 -> 0 | V48: =P48-Q48 -> 0
A49: =+SUBTOTAL(3,$B$4:B49) -> 46 | B49: ='Visual chart Edit'!B52 -> 10/0 | C49: ='Visual chart Edit'!C52 -> DD60+25 | D49: Chak Goonga | E49: ='Visual chart Edit'!I52 -> 233.1 | F49: ='Visual chart Edit'!K52 -> DFR | G49: ROW | J49: Borapadakhamar | K49: =+SUM(L49:O49) -> 2 | L49: =+COUNTIFS($D$4:$D$488,J49,$F$4:$F$488,"sandy")+COUNTIFS($D$4:$D$488,J49,$F$4:$F$488,"Dry")+COUNTIFS($D$4:$D$488,J49,$F$4:$F$488,"DFR")+COUNTIFS($D$4:$D$488,J49,$F$4:$F$488,"WFR")+COUNTIFS($D$4:$D$488,J49,$F$4:$F$488,"SFR") -> 2 | M49: =+COUNTIFS($D$4:$D$488,J49,$F$4:$F$488,"WIP") -> 0 | N49: =+COUNTIFS($D$4:$D$488,J49,$F$4:$F$488,"Clear") -> 0 | O49: =+COUNTIFS($D$4:$D$488,J49,$F$4:$F$488,"ROW") -> 0 | P49: =+SUM(Q49:U49) -> 2 | Q49: =+COUNTIFS($D$4:$D$488,J49,$G$4:$G$488,"E") -> 2 | R49: =+COUNTIFS($D$4:$D$488,J49,$G$4:$G$488,"WIP") -> 0 | S49: =+COUNTIFS($D$4:$D$488,J49,$G$4:$G$488,"Clear") -> 0 | T49: =+COUNTIFS($D$4:$D$488,J49,$G$4:$G$488,"ROW") -> 0 | U49: =K49-T49-Q49-S49-R49 -> 0 | V49: =P49-Q49 -> 0
A50: =+SUBTOTAL(3,$B$4:B50) -> 47 | B50: ='Visual chart Edit'!B53 -> 10/1 | C50: ='Visual chart Edit'!C53 -> DA+0 | D50: Goonga | E50: ='Visual chart Edit'!I53 -> 443.7 | F50: ='Visual chart Edit'!K53 -> DRY | G50: ='Visual chart Edit'!L53 -> E | J50: Katarda | K50: =+SUM(L50:O50) -> 12 | L50: =+COUNTIFS($D$4:$D$488,J50,$F$4:$F$488,"sandy")+COUNTIFS($D$4:$D$488,J50,$F$4:$F$488,"Dry")+COUNTIFS($D$4:$D$488,J50,$F$4:$F$488,"DFR")+COUNTIFS($D$4:$D$488,J50,$F$4:$F$488,"WFR")+COUNTIFS($D$4:$D$488,J50,$F$4:$F$488,"SFR") -> 12 | M50: =+COUNTIFS($D$4:$D$488,J50,$F$4:$F$488,"WIP") -> 0 | N50: =+COUNTIFS($D$4:$D$488,J50,$F$4:$F$488,"Clear") -> 0 | O50: =+COUNTIFS($D$4:$D$488,J50,$F$4:$F$488,"ROW") -> 0 | P50: =+SUM(Q50:U50) -> 12 | Q50: =+COUNTIFS($D$4:$D$488,J50,$G$4:$G$488,"E") -> 12 | R50: =+COUNTIFS($D$4:$D$488,J50,$G$4:$G$488,"WIP") -> 0 | S50: =+COUNTIFS($D$4:$D$488,J50,$G$4:$G$488,"Clear") -> 0 | T50: =+COUNTIFS($D$4:$D$488,J50,$G$4:$G$488,"ROW") -> 0 | U50: =K50-T50-Q50-S50-R50 -> 0 | V50: =P50-Q50 -> 0
A51: =+SUBTOTAL(3,$B$4:B51) -> 48 | B51: ='Visual chart Edit'!B54 -> 10/2 | C51: ='Visual chart Edit'!C54 -> DA+0 | D51: Goonga | E51: ='Visual chart Edit'!I54 -> 383.2 | F51: ROW | G51: ='Visual chart Edit'!L54 | J51: Karni Nagar | K51: =+SUM(L51:O51) -> 2 | L51: =+COUNTIFS($D$4:$D$488,J51,$F$4:$F$488,"sandy")+COUNTIFS($D$4:$D$488,J51,$F$4:$F$488,"Dry")+COUNTIFS($D$4:$D$488,J51,$F$4:$F$488,"DFR")+COUNTIFS($D$4:$D$488,J51,$F$4:$F$488,"WFR")+COUNTIFS($D$4:$D$488,J51,$F$4:$F$488,"SFR") -> 2 | M51: =+COUNTIFS($D$4:$D$488,J51,$F$4:$F$488,"WIP") -> 0 | N51: =+COUNTIFS($D$4:$D$488,J51,$F$4:$F$488,"Clear") -> 0 | O51: =+COUNTIFS($D$4:$D$488,J51,$F$4:$F$488,"ROW") -> 0 | P51: =+SUM(Q51:U51) -> 2 | Q51: =+COUNTIFS($D$4:$D$488,J51,$G$4:$G$488,"E") -> 2 | R51: =+COUNTIFS($D$4:$D$488,J51,$G$4:$G$488,"WIP") -> 0 | S51: =+COUNTIFS($D$4:$D$488,J51,$G$4:$G$488,"Clear") -> 0 | T51: =+COUNTIFS($D$4:$D$488,J51,$G$4:$G$488,"ROW") -> 0 | U51: =K51-T51-Q51-S51-R51 -> 0 | V51: =P51-Q51 -> 0
A52: =+SUBTOTAL(3,$B$4:B52) -> 49 | B52: ='Visual chart Edit'!B55 -> 10/3 | C52: ='Visual chart Edit'!C55 -> DA+0 | D52: Goonga | E52: ='Visual chart Edit'!I55 -> 398.6 | F52: ='Visual chart Edit'!K55 -> DFR | G52: ='Visual chart Edit'!L55 -> E | J52: Basni Jhoonthan | K52: =+SUM(L52:O52) -> 9 | L52: =+COUNTIFS($D$4:$D$488,J52,$F$4:$F$488,"sandy")+COUNTIFS($D$4:$D$488,J52,$F$4:$F$488,"Dry")+COUNTIFS($D$4:$D$488,J52,$F$4:$F$488,"DFR")+COUNTIFS($D$4:$D$488,J52,$F$4:$F$488,"WFR")+COUNTIFS($D$4:$D$488,J52,$F$4:$F$488,"SFR") -> 9 | M52: =+COUNTIFS($D$4:$D$488,J52,$F$4:$F$488,"WIP") -> 0 | N52: =+COUNTIFS($D$4:$D$488,J52,$F$4:$F$488,"Clear") -> 0 | O52: =+COUNTIFS($D$4:$D$488,J52,$F$4:$F$488,"ROW") -> 0 | P52: =+SUM(Q52:U52) -> 9 | Q52: =+COUNTIFS($D$4:$D$488,J52,$G$4:$G$488,"E") -> 9 | R52: =+COUNTIFS($D$4:$D$488,J52,$G$4:$G$488,"WIP") -> 0 | S52: =+COUNTIFS($D$4:$D$488,J52,$G$4:$G$488,"Clear") -> 0 | T52: =+COUNTIFS($D$4:$D$488,J52,$G$4:$G$488,"ROW") -> 0 | U52: =K52-T52-Q52-S52-R52 -> 0 | V52: =P52-Q52 -> 0
A53: =+SUBTOTAL(3,$B$4:B53) -> 50 | B53: ='Visual chart Edit'!B56 -> 10/4 | C53: ='Visual chart Edit'!C56 -> DA+3 | D53: Goonga | E53: ='Visual chart Edit'!I56 -> 410.7 | F53: ='Visual chart Edit'!K56 -> DFR | G53: ='Visual chart Edit'!L56 -> E | J53: Sardargarh | K53: =+SUM(L53:O53) -> 10 | L53: =+COUNTIFS($D$4:$D$488,J53,$F$4:$F$488,"sandy")+COUNTIFS($D$4:$D$488,J53,$F$4:$F$488,"Dry")+COUNTIFS($D$4:$D$488,J53,$F$4:$F$488,"DFR")+COUNTIFS($D$4:$D$488,J53,$F$4:$F$488,"WFR")+COUNTIFS($D$4:$D$488,J53,$F$4:$F$488,"SFR") -> 10 | M53: =+COUNTIFS($D$4:$D$488,J53,$F$4:$F$488,"WIP") -> 0 | N53: =+COUNTIFS($D$4:$D$488,J53,$F$4:$F$488,"Clear") -> 0 | O53: =+COUNTIFS($D$4:$D$488,J53,$F$4:$F$488,"ROW") -> 0 | P53: =+SUM(Q53:U53) -> 10 | Q53: =+COUNTIFS($D$4:$D$488,J53,$G$4:$G$488,"E") -> 10 | R53: =+COUNTIFS($D$4:$D$488,J53,$G$4:$G$488,"WIP") -> 0 | S53: =+COUNTIFS($D$4:$D$488,J53,$G$4:$G$488,"Clear") -> 0 | T53: =+COUNTIFS($D$4:$D$488,J53,$G$4:$G$488,"ROW") -> 0 | U53: =K53-T53-Q53-S53-R53 -> 0 | V53: =P53-Q53 -> 0
A54: =+SUBTOTAL(3,$B$4:B54) -> 51 | B54: ='Visual chart Edit'!B57 -> 10/5 | C54: ='Visual chart Edit'!C57 -> DA+3 | D54: Goonga | E54: ='Visual chart Edit'!I57 -> 416.2 | F54: ='Visual chart Edit'!K57 -> DRY | G54: ROW
A55: =+SUBTOTAL(3,$B$4:B55) -> 52 | B55: ='Visual chart Edit'!B58 -> 10/6 | C55: ='Visual chart Edit'!C58 -> DA+0 | D55: Pusar | E55: ='Visual chart Edit'!I58 -> 403.4 | F55: ='Visual chart Edit'!K58 -> DFR | G55: ='Visual chart Edit'!L58 -> E
A56: =+SUBTOTAL(3,$B$4:B56) -> 53 | B56: ='Visual chart Edit'!B59 -> 10/7 | C56: ='Visual chart Edit'!C59 -> DA+3 | D56: Pusar | E56: ='Visual chart Edit'!I59 -> 373.845 | F56: ='Visual chart Edit'!K59 -> DRY | G56: WIP
A57: =+SUBTOTAL(3,$B$4:B57) -> 54 | B57: ='Visual chart Edit'!B60 -> 10/8 | C57: ='Visual chart Edit'!C60 -> DA+3 | D57: Pusar | E57: ='Visual chart Edit'!I60 -> 411.823 | F57: ='Visual chart Edit'!K60 -> DFR | G57: ='Visual chart Edit'!L60 -> E
A58: =+SUBTOTAL(3,$B$4:B58) -> 55 | B58: ='Visual chart Edit'!B61 -> 10/9 | C58: ='Visual chart Edit'!C61 -> DA+0 | D58: Pusar | E58: ='Visual chart Edit'!I61 -> 414.2 | F58: ='Visual chart Edit'!K61 -> DRY | G58: ='Visual chart Edit'!L61 -> E
A59: =+SUBTOTAL(3,$B$4:B59) -> 56 | B59: ='Visual chart Edit'!B62 -> 10/10 | C59: ='Visual chart Edit'!C62 -> DA+3 | D59: Pusar | E59: ='Visual chart Edit'!I62 -> 402.3 | F59: ='Visual chart Edit'!K62 -> Sandy | G59: ='Visual chart Edit'!L62
A60: =+SUBTOTAL(3,$B$4:B60) -> 57 | B60: ='Visual chart Edit'!B63 -> 10/11 | C60: ='Visual chart Edit'!C63 -> DA+3 | D60: Pusar | E60: ='Visual chart Edit'!I63 -> 430.3 | F60: ='Visual chart Edit'!K63 -> DRY | G60: ='Visual chart Edit'!L63 -> E
A61: =+SUBTOTAL(3,$B$4:B61) -> 58 | B61: ='Visual chart Edit'!B64 -> 10/12 | C61: ='Visual chart Edit'!C64 -> DB1+0 | D61: Pusar | E61: ='Visual chart Edit'!I64 -> 406.2 | F61: ='Visual chart Edit'!K64 -> DRY | G61: ='Visual chart Edit'!L64 -> E
A62: =+SUBTOTAL(3,$B$4:B62) -> 59 | B62: ='Visual chart Edit'!B65 -> 10/13 | C62: ='Visual chart Edit'!C65 -> DA+3 | D62: Pusar | E62: ='Visual chart Edit'!I65 -> 405.3 | F62: ='Visual chart Edit'!K65 -> DRY | G62: ='Visual chart Edit'!L65
A63: =+SUBTOTAL(3,$B$4:B63) -> 60 | B63: ='Visual chart Edit'!B66 -> 10/14 | C63: ='Visual chart Edit'!C66 -> DA+3 | D63: Pusar | E63: ='Visual chart Edit'!I66 -> 427.1 | F63: ='Visual chart Edit'!K66 -> DRY | G63: ='Visual chart Edit'!L66 -> E
A64: =+SUBTOTAL(3,$B$4:B64) -> 61 | B64: ='Visual chart Edit'!B67 -> 10/15 | C64: ='Visual chart Edit'!C67 -> DA+3 | D64: Pusar | E64: ='Visual chart Edit'!I67 -> 400 | F64: ='Visual chart Edit'!K67 -> DRY | G64: ='Visual chart Edit'!L67
A65: =+SUBTOTAL(3,$B$4:B65) -> 62 | B65: ='Visual chart Edit'!B68 -> 10/16 | C65: ='Visual chart Edit'!C68 -> DA+3 | D65: Pusar | E65: ='Visual chart Edit'!I68 -> 412.8 | F65: ='Visual chart Edit'!K68 -> DRY | G65: WIP
A66: =+SUBTOTAL(3,$B$4:B66) -> 63 | B66: ='Visual chart Edit'!B69 -> 10/17 | C66: ='Visual chart Edit'!C69 -> DA+3 | D66: Pusar | E66: ='Visual chart Edit'!I69 -> 387.8 | F66: ='Visual chart Edit'!K69 -> DFR | G66: ='Visual chart Edit'!L69 -> E
A67: =+SUBTOTAL(3,$B$4:B67) -> 64 | B67: ='Visual chart Edit'!B70 -> 10/18 | C67: ='Visual chart Edit'!C70 -> DA+3 | D67: Pusar | E67: ='Visual chart Edit'!I70 -> 436.7 | F67: ='Visual chart Edit'!K70 -> DFR | G67: ='Visual chart Edit'!L70 -> E
A68: =+SUBTOTAL(3,$B$4:B68) -> 65 | B68: ='Visual chart Edit'!B71 -> 10/19 | C68: ='Visual chart Edit'!C71 -> DA+0 | D68: Pusar | E68: ='Visual chart Edit'!I71 -> 403.7 | F68: ='Visual chart Edit'!K71 -> DRY | G68: ='Visual chart Edit'!L71 -> E
A69: =+SUBTOTAL(3,$B$4:B69) -> 66 | B69: ='Visual chart Edit'!B72 -> 10/20 | C69: ='Visual chart Edit'!C72 -> DA+3 | D69: Bisoo Khurd | E69: ='Visual chart Edit'!I72 -> 409.5 | F69: ='Visual chart Edit'!K72 -> DFR | G69: ='Visual chart Edit'!L72 -> E
A70: =+SUBTOTAL(3,$B$4:B70) -> 67 | B70: ='Visual chart Edit'!B73 -> 10/21 | C70: ='Visual chart Edit'!C73 -> DA+3 | D70: Bisoo Khurd | E70: ='Visual chart Edit'!I73 -> 418.6 | F70: ='Visual chart Edit'!K73 -> DFR | G70: ='Visual chart Edit'!L73 -> E
A71: =+SUBTOTAL(3,$B$4:B71) -> 68 | B71: ='Visual chart Edit'!B74 -> 10/22 | C71: ='Visual chart Edit'!C74 -> DA+0 | D71: Bisoo Khurd | E71: ='Visual chart Edit'!I74 -> 410.3 | F71: ='Visual chart Edit'!K74 -> Sandy | G71: Clear
A72: =+SUBTOTAL(3,$B$4:B72) -> 69 | B72: ='Visual chart Edit'!B75 -> 10/23 | C72: ='Visual chart Edit'!C75 -> DA+0 | D72: Bisoo Khurd | E72: ='Visual chart Edit'!I75 -> 384 | F72: ='Visual chart Edit'!K75 -> Sandy | G72: Clear
A73: =+SUBTOTAL(3,$B$4:B73) -> 70 | B73: ='Visual chart Edit'!B76 -> 11/0 | C73: ='Visual chart Edit'!C76 -> DB1+0 | D73: Bisoo Khurd | E73: ='Visual chart Edit'!I76 -> 450.8 | F73: ='Visual chart Edit'!K76 -> Sandy | G73: Clear
A74: =+SUBTOTAL(3,$B$4:B74) -> 71 | B74: ='Visual chart Edit'!B77 -> 11/1 | C74: ='Visual chart Edit'!C77 -> DA+0 | D74: Bisoo Khurd | E74: ='Visual chart Edit'!I77 -> 384.2 | F74: ='Visual chart Edit'!K77 -> Sandy | G74: Clear
A75: =+SUBTOTAL(3,$B$4:B75) -> 72 | B75: ='Visual chart Edit'!B78 -> 11/2 | C75: ='Visual chart Edit'!C78 -> DA+0 | D75: Bisoo Khurd | E75: ='Visual chart Edit'!I78 -> 338.6 | F75: ='Visual chart Edit'!K78 -> Sandy | G75: Clear
A76: =+SUBTOTAL(3,$B$4:B76) -> 73 | B76: ='Visual chart Edit'!B79 -> 11/3 | C76: ='Visual chart Edit'!C79 -> DA+0 | D76: Bisoo Khurd | E76: ='Visual chart Edit'!I79 -> 370.7 | F76: ='Visual chart Edit'!K79 -> Sandy | G76: Clear
A77: =+SUBTOTAL(3,$B$4:B77) -> 74 | B77: ='Visual chart Edit'!B80 -> 11/4 | C77: ='Visual chart Edit'!C80 -> DA+0 | D77: Bisoo Khurd | E77: ='Visual chart Edit'!I80 -> 434.1 | F77: ='Visual chart Edit'!K80 -> Sandy | G77: ='Visual chart Edit'!L80 -> E
A78: =+SUBTOTAL(3,$B$4:B78) -> 75 | B78: ='Visual chart Edit'!B81 -> 11/5 | C78: ='Visual chart Edit'!C81 -> DA+0 | D78: Bisoo Khurd | E78: ='Visual chart Edit'!I81 -> 368.1 | F78: ='Visual chart Edit'!K81 -> DFR | G78: ='Visual chart Edit'!L81 -> E
A79: =+SUBTOTAL(3,$B$4:B79) -> 76 | B79: ='Visual chart Edit'!B82 -> 11A/0 | C79: ='Visual chart Edit'!C82 -> DB1+0 | D79: Bisoo Khurd | E79: ='Visual chart Edit'!I82 -> 342.3 | F79: ='Visual chart Edit'!K82 -> DRY | G79: ='Visual chart Edit'!L82 -> E
A80: =+SUBTOTAL(3,$B$4:B80) -> 77 | B80: ='Visual chart Edit'!B83 -> 11A/1 | C80: ='Visual chart Edit'!C83 -> DA+3 | D80: Bisoo Khurd | E80: ='Visual chart Edit'!I83 -> 405.1 | F80: ='Visual chart Edit'!K83 -> DRY | G80: ='Visual chart Edit'!L83 -> E
A81: =+SUBTOTAL(3,$B$4:B81) -> 78 | B81: ='Visual chart Edit'!B84 -> 11A/2 | C81: ='Visual chart Edit'!C84 -> DA+0 | D81: Bisoo Khurd | E81: ='Visual chart Edit'!I84 -> 412.2 | F81: ='Visual chart Edit'!K84 -> DRY | G81: ='Visual chart Edit'!L84 -> E
A82: =+SUBTOTAL(3,$B$4:B82) -> 79 | B82: ='Visual chart Edit'!B85 -> 11A/3 | C82: ='Visual chart Edit'!C85 -> DA+3 | D82: Bhiyad | E82: ='Visual chart Edit'!I85 -> 412.2 | F82: ='Visual chart Edit'!K85 -> DRY | G82: ='Visual chart Edit'!L85 -> E
A83: =+SUBTOTAL(3,$B$4:B83) -> 80 | B83: ='Visual chart Edit'!B86 -> 11A/4 | C83: ='Visual chart Edit'!C86 -> DA+3 | D83: Bhiyad | E83: ='Visual chart Edit'!I86 -> 422.1 | F83: ='Visual chart Edit'!K86 -> DRY | G83: ROW
A84: =+SUBTOTAL(3,$B$4:B84) -> 81 | B84: ='Visual chart Edit'!B87 -> 11A/5 | C84: ='Visual chart Edit'!C87 -> DA+3 | D84: Bhiyad | E84: ='Visual chart Edit'!I87 -> 418.3 | F84: ='Visual chart Edit'!K87 -> DRY | G84: ='Visual chart Edit'!L87 -> E
A85: =+SUBTOTAL(3,$B$4:B85) -> 82 | B85: ='Visual chart Edit'!B88 -> 11A/6 | C85: ='Visual chart Edit'!C88 -> DA+6 | D85: Bhiyad | E85: ='Visual chart Edit'!I88 -> 384.3 | F85: ='Visual chart Edit'!K88 -> DRY | G85: ='Visual chart Edit'!L88 -> E
A86: =+SUBTOTAL(3,$B$4:B86) -> 83 | B86: ='Visual chart Edit'!B89 -> 11A/7 | C86: ='Visual chart Edit'!C89 -> DA+9 | D86: Bhiyad | E86: ='Visual chart Edit'!I89 -> 434.2 | F86: ='Visual chart Edit'!K89 -> Sandy | G86: ='Visual chart Edit'!L89 -> E
A87: =+SUBTOTAL(3,$B$4:B87) -> 84 | B87: ='Visual chart Edit'!B90 -> 11A/8 | C87: ='Visual chart Edit'!C90 -> DA+6 | D87: Bhiyad | E87: ='Visual chart Edit'!I90 -> 390.1 | F87: ='Visual chart Edit'!K90 -> Sandy | G87: ROW
A88: =+SUBTOTAL(3,$B$4:B88) -> 85 | B88: ='Visual chart Edit'!B91 -> 11A/9 | C88: ='Visual chart Edit'!C91 -> DA+3 | D88: Bhiyad | E88: ='Visual chart Edit'!I91 -> 426.3 | F88: ='Visual chart Edit'!K91 -> DRY | G88: ='Visual chart Edit'!L91 -> E
A89: =+SUBTOTAL(3,$B$4:B89) -> 86 | B89: ='Visual chart Edit'!B92 -> 12/0 | C89: ='Visual chart Edit'!C92 -> DD60+0 | D89: Bhiyad | E89: ='Visual chart Edit'!I92 -> 405.9 | F89: ='Visual chart Edit'!K92 -> DRY | G89: ='Visual chart Edit'!L92 -> E
A90: =+SUBTOTAL(3,$B$4:B90) -> 87 | B90: ='Visual chart Edit'!B93 -> 13/0 | C90: ='Visual chart Edit'!C93 -> DD60+3 | D90: Bhiyad | E90: ='Visual chart Edit'!I93 -> 211.9 | F90: ='Visual chart Edit'!K93 -> DRY | G90: ROW
A91: =+SUBTOTAL(3,$B$4:B91) -> 88 | B91: ='Visual chart Edit'!B94 -> 13/1 | C91: ='Visual chart Edit'!C94 -> DA+9 | D91: Bhiyad | E91: ='Visual chart Edit'!I94 -> 464.3 | F91: ='Visual chart Edit'!K94 -> DRY | G91: ROW
A92: =+SUBTOTAL(3,$B$4:B92) -> 89 | B92: ='Visual chart Edit'!B95 -> 13/2 | C92: ='Visual chart Edit'!C95 -> DA+3 | D92: Bhiyad | E92: ='Visual chart Edit'!I95 -> 373.7 | F92: ='Visual chart Edit'!K95 -> DRY | G92: ='Visual chart Edit'!L95 -> E
A93: =+SUBTOTAL(3,$B$4:B93) -> 90 | B93: ='Visual chart Edit'!B96 -> 13/3 | C93: ='Visual chart Edit'!C96 -> DA+3 | D93: Bhiyad | E93: ='Visual chart Edit'!I96 -> 419.7 | F93: ='Visual chart Edit'!K96 -> Sandy | G93: ROW
A94: =+SUBTOTAL(3,$B$4:B94) -> 91 | B94: ='Visual chart Edit'!B97 -> 13/4 | C94: ='Visual chart Edit'!C97 -> DA+3 | D94: Bhiyad | E94: ='Visual chart Edit'!I97 -> 420.3 | F94: ='Visual chart Edit'!K97 -> DRY
A95: =+SUBTOTAL(3,$B$4:B95) -> 92 | B95: ='Visual chart Edit'!B98 -> 14/0 | C95: ='Visual chart Edit'!C98 -> DC2+0 | D95: Bhiyad | E95: ='Visual chart Edit'!I98 -> 400 | F95: ='Visual chart Edit'!K98 -> Sandy | G95: ROW
A96: =+SUBTOTAL(3,$B$4:B96) -> 93 | B96: ='Visual chart Edit'!B99 -> 14A/0 | C96: ='Visual chart Edit'!C99 -> DC1+0 | D96: Bhiyad | E96: ='Visual chart Edit'!I99 -> 381.4 | F96: ='Visual chart Edit'!K99 -> DRY | G96: ='Visual chart Edit'!L99 -> E
A97: =+SUBTOTAL(3,$B$4:B97) -> 94 | B97: ='Visual chart Edit'!B100 -> 14A/1 | C97: ='Visual chart Edit'!C100 -> DA+3 | D97: Bhiyad | E97: ='Visual chart Edit'!I100 -> 412.765 | F97: ='Visual chart Edit'!K100 -> DRY | G97: ='Visual chart Edit'!L100 -> E
A98: =+SUBTOTAL(3,$B$4:B98) -> 95 | B98: ='Visual chart Edit'!B101 -> 14A/2 | C98: ='Visual chart Edit'!C101 -> DA+0 | D98: Bhiyad | E98: ='Visual chart Edit'!I101 -> 396.029 | F98: ='Visual chart Edit'!K101 -> DRY | G98: ROW
A99: =+SUBTOTAL(3,$B$4:B99) -> 96 | B99: ='Visual chart Edit'!B102 -> 15/0 | C99: ='Visual chart Edit'!C102 -> DC1+0 | D99: Bhiyad | E99: ='Visual chart Edit'!I102 -> 383.3 | F99: ='Visual chart Edit'!K102 -> DRY | G99: ROW
A100: =+SUBTOTAL(3,$B$4:B100) -> 97 | B100: ='Visual chart Edit'!B103 -> 15/1 | C100: ='Visual chart Edit'!C103 -> DA+3 | D100: Bhiyad | E100: ='Visual chart Edit'!I103 -> 404.6 | F100: ='Visual chart Edit'!K103 -> DRY | G100: ='Visual chart Edit'!L103 -> E
A101: =+SUBTOTAL(3,$B$4:B101) -> 98 | B101: ='Visual chart Edit'!B104 -> 16/0 | C101: ='Visual chart Edit'!C104 -> DC1+0 | D101: Bhiyad | E101: ='Visual chart Edit'!I104 -> 413.3 | F101: ='Visual chart Edit'!K104 -> DRY | G101: ='Visual chart Edit'!L104 -> E
...

Sheet Survey
A1: Progress Summary'!A1 | B1: KEC International Limited
B3: Survey status at TB-408
A4: Section | B4: Sl. No | C4: Section | E4: Section Length (in Mtrs) | F4: Detail Survey received Date | G4: Check Survey | M4: Total | N4: Susp. | O4: Tens.
C5: From | D5: To | G5: Status | H5: Date of Submission | I5: Further Modification date | J5: Approved Date | K5: Remarks | L5: Remarks
A6: 1 | B6: =+SUBTOTAL(3,($C$6:$C6)) -> 1 | C6: Gty | D6: 1/0 | E6: 122 | F6: 45213 | G6: Approved | H6: 45555 | J6: 45604 | K6: Clearances received on 15.07.2024 | M6: =+SUM(N6:O6) -> 1 | N6: 0 | O6: 1
A7: 1 | B7: =+SUBTOTAL(3,($C$6:$C7)) -> 2 | C7: 1/0 | D7: 1A/0 | E7: 90 | F7: 45213 | G7: Approved | H7: 45555 | J7: 45604 | K7: Clearances received on 15.07.2024 | M7: =+SUM(N7:O7) -> 1 | N7: 0 | O7: 1
A8: 1 | B8: =+SUBTOTAL(3,($C$6:$C8)) -> 3 | C8: 1/0 | D8: 2/0 | E8: 3438.766 | F8: 45213 | G8: Approved | H8: 45555 | J8: 45604 | K8: Clearances received on 15.07.2024 | M8: =+SUM(N8:O8) -> 9 | N8: 8 | O8: 1
A9: 1 | B9: =+SUBTOTAL(3,($C$6:$C9)) -> 4 | C9: 2/0 | D9: 3/0 | E9: 3823.508 | F9: 45213 | G9: Approved | H9: 45290 | J9: 45316 | K9: ROW from 26.12.2023 to 25.01.2024 | M9: =+SUM(N9:O9) -> 10 | N9: 9 | O9: 1
A10: 1 | B10: =+SUBTOTAL(3,($C$6:$C10)) -> 5 | C10: 3/0 | D10: 4/0 | E10: 226.52 | F10: 45213 | G10: Approved | H10: 45290 | J10: 45316 | K10: ROW from 26.12.2023 to 25.01.2024 | M10: =+SUM(N10:O10) -> 1 | N10: 0 | O10: 1
A11: 1 | B11: =+SUBTOTAL(3,($C$6:$C11)) -> 6 | C11: 4/0 | D11: 5/0 | E11: 1873.545 | F11: 45213 | G11: Approved | H11: 45290 | J11: 45316 | K11: ROW from 26.12.2023 to 25.01.2024 | M11: =+SUM(N11:O11) -> 5 | N11: 4 | O11: 1
A12: 1 | B12: =+SUBTOTAL(3,($C$6:$C12)) -> 7 | C12: 5/0 | D12: 6/0 | E12: 246.019 | F12: 45213 | G12: Approved | H12: 45290 | J12: 45316 | K12: ROW from 26.12.2023 to 25.01.2024 | M12: =+SUM(N12:O12) -> 1 | N12: 0 | O12: 1
A13: 1 | B13: =+SUBTOTAL(3,($C$6:$C13)) -> 8 | C13: 6/0 | D13: 7/0 | E13: 1140.147 | F13: 45213 | G13: Approved | H13: 45290 | J13: 45316 | K13: ROW from 26.12.2023 to 25.01.2024 | M13: =+SUM(N13:O13) -> 3 | N13: 2 | O13: 1
A14: 1 | B14: =+SUBTOTAL(3,($C$6:$C14)) -> 9 | C14: 7/0 | D14: 8/0 | E14: 210.755 | F14: 45213 | G14: Approved | H14: 45290 | J14: 45316 | K14: ROW from 26.12.2023 to 25.01.2024 | M14: =+SUM(N14:O14) -> 1 | N14: 0 | O14: 1
A15: 1 | B15: =+SUBTOTAL(3,($C$6:$C15)) -> 10 | C15: 8/0 | D15: 8/7 | E15: 2861.372 | F15: 45213 | G15: Approved | H15: 45290 | J15: 45316 | K15: ROW from 26.12.2023 to 25.01.2024 | M15: =+SUM(N15:O15) -> 7 | N15: 6 | O15: 1
A16: 1 | B16: =+SUBTOTAL(3,($C$6:$C16)) -> 11 | C16: 8/7 | D16: 9/0 | E16: 2456.044 | F16: 45213 | G16: Approved | H16: 45290 | J16: 45316 | K16: ROW from 26.12.2023 to 25.01.2024 | M16: =+SUM(N16:O16) -> 6 | N16: 5 | O16: 1
A17: 1 | B17: =+SUBTOTAL(3,($C$6:$C17)) -> 12 | C17: 9/0 | D17: 10/0 | E17: 233.076 | F17: 45213 | G17: Approved | H17: 45290 | J17: 45316 | K17: ROW from 26.12.2023 to 25.01.2024 | M17: =+SUM(N17:O17) -> 1 | N17: 0 | O17: 1
... A31: 1 | B31: =+SUBTOTAL(3,($C$6:$C31)) -> 26 | C31: 20/0 | D31: 21/0 | E31: 1477.254 | F31: 45213 | G31: Approved | H31: 45841 | J31: 45850 | K31: ROW Cleared on 23/6/2025, Check survey completed on the same day. | M31: =+SUM(N31:O31) -> 4 | N31: 3 | O31: 1
A32: 1 | B32: =+SUBTOTAL(3,($C$6:$C32)) -> 27 | C32: 21/0 | D32: 22/0 | E32: 4578.525 | F32: 45213 | G32: Approved | H32: 45251 | I32: 45265 | J32: 45274 | K32: ROW from 06.12.2023 to 14.12.2023 | M32: =+SUM(N32:O32) -> 11 | N32: 10 | O32: 1
A33: 1 | B33: =+SUBTOTAL(3,($C$6:$C33)) -> 28 | C33: 22/0 | D33: 22/8 | E33: 3184.049 | F33: 45213 | G33: Approved | H33: 45251 | I33: 45265 | J33: 45274 | K33: ROW from 06.12.2023 to 14.12.2023 | M33: =+SUM(N33:O33) -> 8 | N33: 7 | O33: 1
A34: 1 | B34: =+SUBTOTAL(3,($C$6:$C34)) -> 29 | C34: 22/8 | D34: 23/0 | E34: 2294.809 | F34: 45213 | G34: Approved | H34: 45251 | I34: 45265 | J34: 45274 | K34: ROW from 06.12.2023 to 14.12.2023 | M34: =+SUM(N34:O34) -> 6 | N34: 5 | O34: 1
A35: 1 | B35: =+SUBTOTAL(3,($C$6:$C35)) -> 30 | C35: 23/0 | D35: 24/0 | E35: 222.155 | F35: 45213 | G35: Approved | H35: 45251 | I35: 45265 | J35: 45274 | K35: ROW from 06.12.2023 to 14.12.2023 | M35: =+SUM(N35:O35) -> 1 | N35: 0 | O35: 1
A36: 1 | B36: =+SUBTOTAL(3,($C$6:$C36)) -> 31 | C36: 24/0 | D36: 25/0 | E36: 433.889 | F36: 45213 | G36: Approved | H36: 45251 | I36: 45265 | J36: 45274 | K36: ROW from 06.12.2023 to 14.12.2023 | M36: =+SUM(N36:O36) -> 1 | N36: 0 | O36: 1
A37: 1 | B37: =+SUBTOTAL(3,($C$6:$C37)) -> 32 | C37: 25/0 | D37: 26/0 | E37: 1970.278 | F37: 45213 | G37: Approved | H37: 45236 | J37: 45252 | M37: =+SUM(N37:O37) -> 5 | N37: 4 | O37: 1
A38: 1 | B38: =+SUBTOTAL(3,($C$6:$C38)) -> 33 | C38: 26/0 | D38: 27/0 | E38: 3664.173 | F38: 45213 | G38: Approved | H38: 45236 | J38: 45252 | M38: =+SUM(N38:O38) -> 9 | N38: 8 | O38: 1
A39: 1 | B39: =+SUBTOTAL(3,($C$6:$C39)) -> 34 | C39: 27/0 | D39: 27/7 | E39: 2810.22 | F39: 45213 | G39: Approved | H39: 45236 | J39: 45252 | M39: =+SUM(N39:O39) -> 7 | N39: 6 | O39: 1
A40: 1 | B40: =+SUBTOTAL(3,($C$6:$C40)) -> 35 | C40: 27/7 | D40: 28/0 | E40: 2386.877 | F40: 45213 | G40: Approved | H40: 45236 | J40: 45252 | M40: =+SUM(N40:O40) -> 6 | N40: 5 | O40: 1
A41: 1 | B41: =+SUBTOTAL(3,($C$6:$C41)) -> 36 | C41: 28/0 | D41: 29/0 | E41: 3639.092 | F41: 45213 | G41: Approved | H41: 45240 | I41: 45267 | J41: 45252 | K41: Modifications due to shifting. | L41: Benching approval awaited | M41: =+SUM(N41:O41) -> 9 | N41: 8 | O41: 1
A42: 1 | B42: =+SUBTOTAL(3,($C$6:$C42)) -> 37 | C42: 29/0 | D42: 30/0 | E42: 2010.644 | F42: 45213 | G42: Approved | H42: 45240 | I42: 45267 | J42: 45252 | K42: Modifications due to shifting. | L42: Benching approval awaited | M42: =+SUM(N42:O42) -> 5 | N42: 4 | O42: 1
A43: 1 | B43: =+SUBTOTAL(3,($C$6:$C43)) -> 38 | C43: 30/0 | D43: 31/0 | E43: 2719.335 | F43: 45213 | G43: Approved | H43: 45240 | I43: 45267 | J43: 45252 | K43: Modifications due to shifting. | L43: Benching approval awaited | M43: =+SUM(N43:O43) -> 7 | N43: 6 | O43: 1
A44: 1 | B44: =+SUBTOTAL(3,($C$6:$C44)) -> 39 | C44: 31/0 | D44: 32/0 | E44: 1082.475 | F44: 45213 | G44: Approved | H44: 45240 | I44: 45267 | J44: 45252 | K44: ROW from 21.12.2023 to 29.12.2023 | L44: Benching approval awaited | M44: =+SUM(N44:O44) -> 3 | N44: 2 | O44: 1
A45: 1 | B45: =+SUBTOTAL(3,($C$6:$C45)) -> 40 | C45: 32/0 | D45: 33/0 | E45: 2074.99 | F45: 45213 | G45: Approved | H45: 45281 | I45: 45347 | J45: 29-12-2023/06/09/2024 | K45: ROW from 21.12.2023 to 29.12.2023 | M45: =+SUM(N45:O45) -> 5 | N45: 4 | O45: 1
A46: 1 | B46: =+SUBTOTAL(3,($C$6:$C46)) -> 41 | C46: 33/0 | D46: 34/0 | E46: 672.091 | F46: 45213 | G46: Approved | H46: 45281 | I46: 45347 | J46: 29-12-2023/06/09/2024 | K46: ROW from 21.12.2023 to 29.12.2023 | M46: =+SUM(N46:O46) -> 2 | N46: 1 | O46: 1
A47: 1 | B47: =+SUBTOTAL(3,($C$6:$C47)) -> 42 | C47: 34/0 | D47: 35/0 | E47: 2048.196 | F47: 45213 | G47: Approved | H47: 45281 | I47: 45347 | J47: 29-12-2023/06/09/2024 | K47: resurvey to be done in AP36 to AP40. Confirmed on 20.5.24 | M47: =+SUM(N47:O47) -> 5 | N47: 4 | O47: 1
A48: 1 | B48: =+SUBTOTAL(3,($C$6:$C48)) -> 43 | C48: 35/0 | D48: 35/2 | E48: 775.496 | F48: 45213 | G48: Approved | H48: 45281 | I48: 45347 | J48: 29-12-2023/06/09/2024 | K48: resurvey to be done in AP36 to AP40. Confirmed on 20.5.24 | M48: =+SUM(N48:O48) -> 2 | N48: 1 | O48: 1
A49: 1 | B49: =+SUBTOTAL(3,($C$6:$C49)) -> 44 | C49: 35/2 | D49: 35/3 | E49: 504.678 | F49: 45213 | G49: Approved | H49: 45281 | I49: 45347 | J49: 29-12-2023/06/09/2024 | K49: resurvey to be done in AP36 to AP40. Confirmed on 20.5.24 | M49: =+SUM(N49:O49) -> 1 | N49: 0 | O49: 1
A50: 1 | B50: =+SUBTOTAL(3,($C$6:$C50)) -> 45 | C50: 35/3 | D50: 36/0 | E50: 1180.197 | F50: 45213 | G50: Approved | H50: 45281 | I50: 45347 | J50: 29-12-2023/06/09/2024 | K50: resurvey to be done in AP36 to AP40. Confirmed on 20.5.24 | M50: =+SUM(N50:O50) -> 3 | N50: 2 | O50: 1
A51: 1 | B51: =+SUBTOTAL(3,($C$6:$C51)) -> 46 | C51: 36/0 | D51: 37/0 | E51: 1883.954 | F51: 45213 | G51: Approved | H51: 45281 | I51: 45347 | J51: 29-12-2023/06/09/2024 | K51: resurvey to be done in AP36 to AP40. Confirmed on 20.5.24 | M51: =+SUM(N51:O51) -> 5 | N51: 4 | O51: 1
A52: 1 | B52: =+SUBTOTAL(3,($C$6:$C52)) -> 47 | C52: 37/0 | D52: 37/3 | E52: 1138.536 | F52: 45213 | G52: Approved | H52: 45347 | J52: 45637 | K52: Resurvey to be done in AP36 to AP40. Confirmed on 20.5.24 | M52: =+SUM(N52:O52) -> 3 | N52: 2 | O52: 1
A53: 1 | B53: =+SUBTOTAL(3,($C$6:$C53)) -> 48 | C53: 37/3 | D53: 38/0 | E53: 594.059 | F53: 45213 | G53: Approved | H53: 45347 | J53: 45637 | K53: Resurvey to be done in AP36 to AP40. Confirmed on 20.5.24 | M53: =+SUM(N53:O53) -> 1 | N53: 0 | O53: 1
A54: 1 | B54: =+SUBTOTAL(3,($C$6:$C54)) -> 49 | C54: 38/0 | D54: 39/0 | E54: 2063.067 | F54: 45213 | G54: Approved | H54: 45626 | J54: 45637 | K54: ROW from 06.12.2023 to 10.10.2024 | M54: =+SUM(N54:O54) -> 5 | N54: 4 | O54: 1
A55: 1 | B55: =+SUBTOTAL(3,($C$6:$C55)) -> 50 | C55: 39/0 | D55: 40/0 | E55: 684.371 | F55: 45213 | G55: Approved | H55: 45626 | J55: 45637 | K55: ROW from 06.12.2023 to 10.10.2024 | M55: =+SUM(N55:O55) -> 2 | N55: 1 | O55: 1
A56: 1 | B56: =+SUBTOTAL(3,($C$6:$C56)) -> 51 | C56: 40/0 | D56: 40/3 | E56: 1183.8 | G56: Approved | H56: 45466 | J56: 45476 | K56: ROW Since 27/1/24 | M56: =+SUM(N56:O56) -> 3 | N56: 2 | O56: 1
A57: 1 | B57: =+SUBTOTAL(3,($C$6:$C57)) -> 52 | C57: 40/3 | D57: 41/0 | E57: 478.3 | G57: Approved | H57: 45466 | J57: 45476 | K57: ROW Since 27/1/24 | M57: =+SUM(N57:O57) -> 1 | N57: 0 | O57: 1
A58: 1 | B58: =+SUBTOTAL(3,($C$6:$C58)) -> 53 | C58: 41/0 | D58: 41/1 | E58: 312.3 | G58: Approved | H58: 45466 | J58: 45476 | K58: ROW Since 27/1/24 | M58: =+SUM(N58:O58) -> 1 | N58: 0 | O58: 1
A59: 1 | B59: =+SUBTOTAL(3,($C$6:$C59)) -> 54 | C59: 41/1 | D59: 42/0 | E59: 818.5 | G59: Approved | H59: 45466 | J59: 45476 | K59: ROW Since 27/1/24 | M59: =+SUM(N59:O59) -> 2 | N59: 1 | O59: 1
A60: 1 | B60: =+SUBTOTAL(3,($C$6:$C60)) -> 55 | C60: 42/0 | D60: 43/0 | E60: 2607.2 | G60: Approved | H60: 45466 | J60: 45476 | K60: ROW Since 27/1/24 | M60: =+SUM(N60:O60) -> 7 | N60: 6 | O60: 1
A61: 1 | B61: =+SUBTOTAL(3,($C$6:$C61)) -> 56 | C61: 43/0 | D61: 44/0 | E61: 4912.9 | G61: Approved | H61: 45466 | J61: 45476 | M61: =+SUM(N61:O61) -> 12 | N61: 11 | O61: 1
A62: 2 | B62: =+SUBTOTAL(3,($C$6:$C62)) -> 57 | C62: 44/0 | D62: 44/3 | E62: 1258.6 | G62: Approved | H62: 45479 | J62: 45497 | M62: =+SUM(N62:O62) -> 3 | N62: 2 | O62: 1
A63: 2 | B63: =+SUBTOTAL(3,($C$6:$C63)) -> 58 | C63: 44/3 | D63: 44/8 | E63: 1995.5 | G63: Approved | H63: 45479 | J63: 45497 | M63: =+SUM(N63:O63) -> 5 | N63: 4 | O63: 1
A64: 2 | B64: =+SUBTOTAL(3,($C$6:$C64)) -> 59 | C64: 44/8 | D64: 45/0 | E64: 1448.6 | G64: Approved | H64: 45479 | J64: 45497 | M64: =+SUM(N64:O64) -> 4 | N64: 3 | O64: 1
A65: 2 | B65: =+SUBTOTAL(3,($C$6:$C65)) -> 60 | C65: 45/0 | D65: 46/0 | E65: 701.4 | G65: Approved | H65: 45479 | J65: 45497 | M65: =+SUM(N65:O65) -> 2 | N65: 1 | O65: 1
A66: 2 | B66: =+SUBTOTAL(3,($C$6:$C66)) -> 61 | C66: 46/0 | D66: 47/0 | E66: 197.7 | G66: Approved | H66: 45479 | J66: 45497 | M66: =+SUM(N66:O66) -> 1 | N66: 0 | O66: 1
A67: 2 | B67: =+SUBTOTAL(3,($C$6:$C67)) -> 62 | C67: 47/0 | D67: 48/0 | E67: 4479.5 | G67: Approved | H67: 45328 | J67: 45351 | M67: =+SUM(N67:O67) -> 11 | N67: 10 | O67: 1
A68: 2 | B68: =+SUBTOTAL(3,($C$6:$C68)) -> 63 | C68: 48/0 | D68: 49/0 | E68: 809.9 | G68: Approved | H68: 45328 | J68: 45351 | M68: =+SUM(N68:O68) -> 2 | N68: 1 | O68: 1
A69: 2 | B69: =+SUBTOTAL(3,($C$6:$C69)) -> 64 | C69: 49/0 | D69: 50/0 | E69: 3248.6 | G69: Approved | H69: 45328 | J69: 45351 | M69: =+SUM(N69:O69) -> 8 | N69: 7 | O69: 1
A70: 2 | B70: =+SUBTOTAL(3,($C$6:$C70)) -> 65 | C70: 50/0 | D70: 51/0 | E70: 4444.1 | G70: Approved | H70: 45328 | J70: 45351 | M70: =+SUM(N70:O70) -> 11 | N70: 10 | O70: 1
A71: 2 | B71: =+SUBTOTAL(3,($C$6:$C71)) -> 66 | C71: 51/0 | D71: 52/0 | E71: 1048.7 | G71: Approved | H71: 45328 | J71: 45351 | M71: =+SUM(N71:O71) -> 3 | N71: 2 | O71: 1
A72: 2 | B72: =+SUBTOTAL(3,($C$6:$C72)) -> 67 | C72: 52/0 | D72: 53/0 | E72: 4534.9 | G72: Approved | H72: 45290 | J72: 45300 | M72: =+SUM(N72:O72) -> 11 | N72: 10 | O72: 1
... A90: 2 | B90: =+SUBTOTAL(3,($C$6:$C90)) -> 85 | C90: 69/0 | D90: 70/0 | E90: 769 | G90: Approved | H90: 45315 | J90: 45322 | M90: =+SUM(N90:O90) -> 2 | N90: 1 | O90: 1
A91: 2 | B91: =+SUBTOTAL(3,($C$6:$C91)) -> 86 | C91: 70/0 | D91: 71/0 | E91: 4966.8 | G91: Approved | H91: 45628 | J91: 45636 | K91: ROW Since 20/1/24. | M91: =+SUM(N91:O91) -> 12 | N91: 11 | O91: 1
A92: 2 | B92: =+SUBTOTAL(3,($C$6:$C92)) -> 87 | C92: 71/0 | D92: 72/0 | E92: 3676 | G92: Approved | H92: 45344 | J92: 45432 | M92: =+SUM(N92:O92) -> 9 | N92: 8 | O92: 1
A93: 2 | B93: =+SUBTOTAL(3,($C$6:$C93)) -> 88 | C93: 72/0 | D93: 73/0 | E93: 1628.5 | G93: Approved | H93: 45344 | J93: 45432 | M93: =+SUM(N93:O93) -> 4 | N93: 3 | O93: 1
A94: 2 | B94: =+SUBTOTAL(3,($C$6:$C94)) -> 89 | C94: 73/0 | D94: 74/0 | E94: 3788.2 | G94: Approved | H94: 45524 | J94: 45531 | K94: Approved. | M94: =+SUM(N94:O94) -> 10 | N94: 9 | O94: 1
B95: Total (Part-1 & Part-2) | E95: =+SUM(E6:E94) -> 191373.67 | M95: =+SUM(M6:M94) -> 485 | N95: =+SUM(N6:N94) -> 396 | O95: =+SUM(O6:O94) -> 89

Sheet Foundation
A1: Progress Summary'!A1
A2: Name of Project : 765KV D/C Fatehgarh- Beawar Transmission Line
A3: List of Completed Foundations
A5: Sr. No. | B5: Completion Months | C5: Loc. No. | D5: Tower Type | E5: Soil Classification | F5: Date of Pit marking Till oct-24/ after Oct casting start date | G5: Fdn Comp. Date | H5: Vendor's Name | I5: KEC Section In-Charge
A8: =+SUBTOTAL(3,$E$8:$E8) -> 1 | B8: 45200 | C8: 36/1 | D8: =+VLOOKUP(C8,'Visual chart Edit'!$B$7:$C$491,2,FALSE) -> DA+3 | E8: Sandy | F8: 45197 | G8: 45203 | H8: Nagana Ray and company | I8: Kuntal Debnath
A9: =+SUBTOTAL(3,$E$8:$E9) -> 2 | B9: 45261 | C9: 61/3 | D9: =+VLOOKUP(C9,'Visual chart Edit'!$B$7:$C$491,2,FALSE) -> DA+6 | E9: DRY | F9: 45273 | G9: 45274 | H9: Manoj Sharma | I9: R T Singh
A10: =+SUBTOTAL(3,$E$8:$E10) -> 3 | B10: 45261 | C10: 27/12 | D10: =+VLOOKUP(C10,'Visual chart Edit'!$B$7:$C$491,2,FALSE) -> DA+3 | E10: Sandy | F10: 45266 | G10: 45278 | H10: Nagana Ray And Company | I10: Ajay Yadav
A11: =+SUBTOTAL(3,$E$8:$E11) -> 4 | B11: 45261 | C11: 62/6 | D11: =+VLOOKUP(C11,'Visual chart Edit'!$B$7:$C$491,2,FALSE) -> DA+3 | E11: DRY | F11: 45276 | G11: 45278 | H11: Shakti Construction | I11: Rakesh Pathak
A12: =+SUBTOTAL(3,$E$8:$E12) -> 5 | B12: 45261 | C12: 59/14 | D12: =+VLOOKUP(C12,'Visual chart Edit'!$B$7:$C$491,2,FALSE) -> DA+6 | E12: DRY | F12: 45277 | G12: 45278 | H12: Manoj Sharma | I12: R T Singh
A13: =+SUBTOTAL(3,$E$8:$E13) -> 6 | B13: 45261 | C13: 62/7 | D13: =+VLOOKUP(C13,'Visual chart Edit'!$B$7:$C$491,2,FALSE) -> DA+3 | E13: DRY | F13: 45279 | G13: 45281 | H13: Shakti Construction | I13: Rakesh Pathak
A14: =+SUBTOTAL(3,$E$8:$E14) -> 7 | B14: 45261 | C14: 59/13 | D14: =+VLOOKUP(C14,'Visual chart Edit'!$B$7:$C$491,2,FALSE) -> DA+3 | E14: DRY | F14: 45281 | G14: 45281 | H14: Manoj Sharma | I14: R T Singh
A15: =+SUBTOTAL(3,$E$8:$E15) -> 8 | B15: 45261 | C15: 27/10 | D15: =+VLOOKUP(C15,'Visual chart Edit'!$B$7:$C$491,2,FALSE) -> DA+3 | E15: DFR | F15: 45279 | G15: 45284 | H15: Nagana Ray And Company | I15: Jeetu Sachan
A16: =+SUBTOTAL(3,$E$8:$E16) -> 9 | B16: 45261 | C16: 63/8 | D16: =+VLOOKUP(C16,'Visual chart Edit'!$B$7:$C$491,2,FALSE) -> DA+3 | E16: DRY | F16: 45282 | G16: 45284 | H16: Mahadev Eng | I16: Rakesh Pathak
A17: =+SUBTOTAL(3,$E$8:$E17) -> 10 | B17: 45261 | C17: 59/10 | D17: =+VLOOKUP(C17,'Visual chart Edit'!$B$7:$C$491,2,FALSE) -> DA+0 | E17: DRY | F17: 45283 | G17: 45284 | H17: Manoj Sharma | I17: R T Singh
A18: =+SUBTOTAL(3,$E$8:$E18) -> 11 | B18: 45261 | C18: 62/5 | D18: =+VLOOKUP(C18,'Visual chart Edit'!$B$7:$C$491,2,FALSE) -> DA+0 | E18: DRY | F18: 45282 | G18: 45285 | H18: Shakti Construction | I18: Rakesh Pathak
A19: =+SUBTOTAL(3,$E$8:$E19) -> 12 | B19: 45261 | C19: 59/9 | D19: =+VLOOKUP(C19,'Visual chart Edit'!$B$7:$C$491,2,FALSE) -> DA+3 | E19: DRY | F19: 45285 | G19: 45286 | H19: Manoj Sharma | I19: R T Singh
... A126: =+SUBTOTAL(3,$E$8:$E126) -> 119 | B126: 45352 | C126: 47/9 | D126: =+VLOOKUP(C126,'Visual chart Edit'!$B$7:$C$491,2,FALSE) -> DA+3 | E126: Sandy | F126: 45372 | G126: 45374 | H126: Bhati Const. | I126: R T Singh
A127: =+SUBTOTAL(3,$E$8:$E127) -> 120 | B127: 45352 | C127: 47/8 | D127: =+VLOOKUP(C127,'Visual chart Edit'!$B$7:$C$491,2,FALSE) -> DA+0 | E127: Sandy | F127: 45377 | G127: 45380 | H127: Bhati Const.
A128: =+SUBTOTAL(3,$E$8:$E128) -> 121 | B128: 45352 | C128: 47/7 | D128: =+VLOOKUP(C128,'Visual chart Edit'!$B$7:$C$491,2,FALSE) -> DA+3 | E128: Sandy | F128: 45381 | G128: 45382 | H128: Bhati Const.
A129: =+SUBTOTAL(3,$E$8:$E129) -> 122 | B129: 45383 | C129: 50/9 | D129: =+VLOOKUP(C129,'Visual chart Edit'!$B$7:$C$491,2,FALSE) -> DA+0 | E129: Sandy | F129: 45373 | G129: 45383 | H129: Shakti Construction | I129: R T Singh
A130: =+SUBTOTAL(3,$E$8:$E130) -> 123 | B130: 45383 | C130: 48/0 | D130: =+VLOOKUP(C130,'Visual chart Edit'!$B$7:$C$491,2,FALSE) -> DC2+0 | E130: Sandy | F130: 45385 | G130: 45389 | H130: Bhati Const. | I130: R T Singh
A131: =+SUBTOTAL(3,$E$8:$E131) -> 124 | B131: 45383 | C131: 50/10 | D131: =+VLOOKUP(C131,'Visual chart Edit'!$B$7:$C$491,2,FALSE) -> DA+0 | E131: Sandy | F131: 45385 | G131: 45390 | H131: Shakti Construction | I131: R T Singh
A132: =+SUBTOTAL(3,$E$8:$E132) -> 125 | B132: 45383 | C132: 51/1 | D132: =+VLOOKUP(C132,'Visual chart Edit'!$B$7:$C$491,2,FALSE) -> DA+0 | E132: Sandy | F132: 45390 | G132: 45395 | H132: Shakti Construction
A133: =+SUBTOTAL(3,$E$8:$E133) -> 126 | B133: 45383 | C133: 48/1 | D133: =+VLOOKUP(C133,'Visual chart Edit'!$B$7:$C$491,2,FALSE) -> DA+9 | E133: Sandy | F133: 45390 | G133: 45397 | H133: Veerteja Enterprises | I133: R T Singh
A134: =+SUBTOTAL(3,$E$8:$E134) -> 127 | B134: 45383 | C134: 50/8 | D134: =+VLOOKUP(C134,'Visual chart Edit'!$B$7:$C$491,2,FALSE) -> DA+9 | E134: Sandy | F134: 45396 | G134: 45401 | H134: Shakti Construction | I134: R T Singh
A135: =+SUBTOTAL(3,$E$8:$E135) -> 128 | B135: 45383 | C135: 49/1 | D135: =+VLOOKUP(C135,'Visual chart Edit'!$B$7:$C$491,2,FALSE) -> DA+0 | E135: Sandy | F135: 17-04-214 | G135: 45402 | H135: Veerteja Enterprises | I135: R T Singh
A136: =+SUBTOTAL(3,$E$8:$E136) -> 129 | B136: 45413 | C136: 49/0 | D136: =+VLOOKUP(C136,'Visual chart Edit'!$B$7:$C$491,2,FALSE) -> DD45+0 | E136: Sandy | F136: 45404 | G136: 45415 | H136: Veerteja Enterprises | I136: R T Singh
A137: =+SUBTOTAL(3,$E$8:$E137) -> 130 | B137: 45413 | C137: 43/6 | D137: =+VLOOKUP(C137,'Visual chart Edit'!$B$7:$C$491,2,FALSE) -> DA+3 | E137: Sandy | F137: 45414 | G137: 45420 | H137: Bande Bharat Group | I137: Kuntal Debnath
A138: =+SUBTOTAL(3,$E$8:$E138) -> 131 | B138: 45413 | C138: 8/7 | D138: =+VLOOKUP(C138,'Visual chart Edit'!$B$7:$C$491,2,FALSE) -> DB1+0 | E138: DRY | F138: 45417 | G138: 45422 | H138: Mateshwari Const. | I138: Abhijit Dutta
A139: =+SUBTOTAL(3,$E$8:$E139) -> 132 | B139: 45413 | C139: 50/7 | D139: =+VLOOKUP(C139,'Visual chart Edit'!$B$7:$C$491,2,FALSE) -> DA+0 | E139: Sandy | F139: 45417 | G139: 45422 | H139: Veerteja Enterprises | I139: R T Singh
A140: =+SUBTOTAL(3,$E$8:$E140) -> 133 | B140: 45413 | C140: 8/10 | D140: =+VLOOKUP(C140,'Visual chart Edit'!$B$7:$C$491,2,FALSE) -> DA+3 | E140: DFR | F140: 45426 | G140: 45430 | H140: Mateshwari Const. | I140: Abhijit Dutta
A141: =+SUBTOTAL(3,$E$8:$E141) -> 134 | B141: 45413 | C141: 50/1 | D141: =+VLOOKUP(C141,'Visual chart Edit'!$B$7:$C$491,2,FALSE) -> DA+6 | E141: Sandy | F141: 45426 | G141: 45430 | H141: Veerteja Enterprises | I141: R T Singh
A142: =+SUBTOTAL(3,$E$8:$E142) -> 135 | B142: 45413 | C142: 47/6 | D142: =+VLOOKUP(C142,'Visual chart Edit'!$B$7:$C$491,2,FALSE) -> DA+3 | E142: Sandy | F142: 45427 | G142: 45430 | H142: Bhati Const. | I142: R T Singh
A143: =+SUBTOTAL(3,$E$8:$E143) -> 136 | B143: 45413 | C143: 52/3 | D143: =+VLOOKUP(C143,'Visual chart Edit'!$B$7:$C$491,2,FALSE) -> DA+9 | E143: Sandy | F143: 45426 | G143: 45437 | H143: Sb Mehar Const. | I143: R T Singh
A144: =+SUBTOTAL(3,$E$8:$E144) -> 137 | B144: 45413 | C144: 47/2 | D144: =+VLOOKUP(C144,'Visual chart Edit'!$B$7:$C$491,2,FALSE) -> DA+9 | E144: Sandy | F144: 45435 | G144: 45438 | H144: Bhati Const. | I144: R T Singh
A145: =+SUBTOTAL(3,$E$8:$E145) -> 138 | B145: 45413 | C145: 10/14 | D145: =+VLOOKUP(C145,'Visual chart Edit'!$B$7:$C$491,2,FALSE) -> DA+3 | E145: DRY | F145: 45431 | G145: 45439 | H145: Mateshwari Const. | I145: Abhijit Dutta
A146: =+SUBTOTAL(3,$E$8:$E146) -> 139 | B146: 45413 | C146: 10/19 | D146: =+VLOOKUP(C146,'Visual chart Edit'!$B$7:$C$491,2,FALSE) -> DA+0 | E146: DRY | F146: 45430 | G146: 45440 | H146: Jai Bhawani Construction | I146: Abhijit Dutta
A147: =+SUBTOTAL(3,$E$8:$E147) -> 140 | B147: 45413 | C147: 50/4 | D147: =+VLOOKUP(C147,'Visual chart Edit'!$B$7:$C$491,2,FALSE) -> DA+9 | E147: Sandy | F147: 45432 | G147: 45440 | H147: Veerteja Enterprises | I147: R T Singh
... A209: =+SUBTOTAL(3,$E$8:$E209) -> 202 | B209: 45536 | C209: 50/3 | D209: =+VLOOKUP(C209,'Visual chart Edit'!$B$7:$C$491,2,FALSE) -> DA+6 | E209: Sandy | F209: 45536 | G209: 45545 | H209: Kalpana Const. | I209: R T Singh
A210: =+SUBTOTAL(3,$E$8:$E210) -> 203 | B210: 45536 | C210: 73/0 | D210: =+VLOOKUP(C210,'Visual chart Edit'!$B$7:$C$491,2,FALSE) -> DB2+0 | E210: DRY | F210: 45544 | G210: 45545 | H210: Shree Shyam Const.
A211: =+SUBTOTAL(3,$E$8:$E211) -> 204 | B211: 45536 | C211: 73/9 | D211: =+VLOOKUP(C211,'Visual chart Edit'!$B$7:$C$491,2,FALSE) -> DA+0 | E211: DRY | F211: 45543 | G211: 45546 | H211: Shakti Construction
A212: =+SUBTOTAL(3,$E$8:$E212) -> 205 | B212: 45536 | C212: 73/2 | D212: =+VLOOKUP(C212,'Visual chart Edit'!$B$7:$C$491,2,FALSE) -> DA+0 | E212: DRY | F212: 45547 | G212: 45548 | H212: Shree Shyam Const.
A213: =+SUBTOTAL(3,$E$8:$E213) -> 206 | B213: 45536 | C213: 25/0 | D213: =+VLOOKUP(C213,'Visual chart Edit'!$B$7:$C$491,2,FALSE) -> DC1+6 | E213: DRY | F213: 45540 | G213: 45549 | H213: J.P. Infra | I213: Jeetu Sachan
A214: =+SUBTOTAL(3,$E$8:$E214) -> 207 | B214: 45536 | C214: 54/2 | D214: =+VLOOKUP(C214,'Visual chart Edit'!$B$7:$C$491,2,FALSE) -> DA+3 | E214: Sandy | F214: 45546 | G214: 45549 | H214: Bhati Const. | I214: R T Singh
A215: =+SUBTOTAL(3,$E$8:$E215) -> 208 | B215: 45536 | C215: 14A/2 | D215: =+VLOOKUP(C215,'Visual chart Edit'!$B$7:$C$491,2,FALSE) -> DA+0 | E215: DRY | F215: 45543 | G215: 45551 | H215: Sidhi Vinayak | I215: Jeetu Sachan
A216: =+SUBTOTAL(3,$E$8:$E216) -> 209 | B216: 45536 | C216: 10/4 | D216: =+VLOOKUP(C216,'Visual chart Edit'!$B$7:$C$491,2,FALSE) -> DA+3 | E216: DFR | F216: 45531 | G216: 45551 | H216: A.B. Construction | I216: Abhijit Dutta
A217: =+SUBTOTAL(3,$E$8:$E217) -> 210 | B217: 45536 | C217: 73/1 | D217: =+VLOOKUP(C217,'Visual chart Edit'!$B$7:$C$491,2,FALSE) -> DA+0 | E217: DRY | F217: 45550 | G217: 45551 | H217: Shree Shyam Const. | I217: Sk Sil
A218: =+SUBTOTAL(3,$E$8:$E218) -> 211 | B218: 45536 | C218: 14/0 | D218: =+VLOOKUP(C218,'Visual chart Edit'!$B$7:$C$491,2,FALSE) -> DC2+0 | E218: Sandy | F218: 45540 | G218: 45553 | H218: Om Enterprise | I218: Jeetu Sachan
A219: =+SUBTOTAL(3,$E$8:$E219) -> 212 | B219: 45536 | C219: 11A/3 | D219: =+VLOOKUP(C219,'Visual chart Edit'!$B$7:$C$491,2,FALSE) -> DA+3 | E219: DRY | F219: 45540 | G219: 45554 | H219: R.K. Construction | I219: Abhijit Dutta
A220: =+SUBTOTAL(3,$E$8:$E220) -> 213 | B220: 45536 | C220: 73/6 | D220: =+VLOOKUP(C220,'Visual chart Edit'!$B$7:$C$491,2,FALSE) -> DA+0 | E220: DRY | F220: 45553 | G220: 45554 | H220: Shree Shyam Const. | I220: Sk Sil
A221: =+SUBTOTAL(3,$E$8:$E221) -> 214 | B221: 45536 | C221: 42/3 | D221: =+VLOOKUP(C221,'Visual chart Edit'!$B$7:$C$491,2,FALSE) -> DA+0 | E221: Sandy | F221: 45540 | G221: 45555 | H221: Mahadev Construction | I221: Kuntal Debnath
A222: =+SUBTOTAL(3,$E$8:$E222) -> 215 | B222: 45536 | C222: 69/1 | D222: =+VLOOKUP(C222,'Visual chart Edit'!$B$7:$C$491,2,FALSE) -> DA+3 | E222: DRY | F222: 45554 | G222: 45555 | H222: Bhati Const. | I222: Sk Sil
A223: =+SUBTOTAL(3,$E$8:$E223) -> 216 | B223: 45536 | C223: 25/4 | D223: =+VLOOKUP(C223,'Visual chart Edit'!$B$7:$C$491,2,FALSE) -> DA+0 | E223: Sandy | F223: 45548 | G223: 45558 | H223: J.P. Infra | I223: Jeetu Sachan
A224: =+SUBTOTAL(3,$E$8:$E224) -> 217 | B224: 45536 | C224: 73/5 | D224: =+VLOOKUP(C224,'Visual chart Edit'!$B$7:$C$491,2,FALSE) -> DA+0 | E224: DRY | F224: 45557 | G224: 45558 | H224: Shree Shyam Const.
A225: =+SUBTOTAL(3,$E$8:$E225) -> 218 | B225: 45536 | C225: 43/4 | D225: =+VLOOKUP(C225,'Visual chart Edit'!$B$7:$C$491,2,FALSE) -> DA+3 | E225: Sandy | F225: 45545 | G225: 45560 | H225: N.R. Enterprises | I225: Kuntal Debnath
A226: =+SUBTOTAL(3,$E$8:$E226) -> 219 | B226: 45536 | C226: 13/1 | D226: =+VLOOKUP(C226,'Visual chart Edit'!$B$7:$C$491,2,FALSE) -> DA+9 | E226: DRY | F226: 45554 | G226: 45560 | H226: Punia Construction | I226: Abhijit Dutta
A227: =+SUBTOTAL(3,$E$8:$E227) -> 220 | B227: 45536 | C227: 40/2 | D227: =+VLOOKUP(C227,'Visual chart Edit'!$B$7:$C$491,2,FALSE) -> DA+3 | E227: Sandy | F227: 45554 | G227: 45560 | H227: D.R. Construction | I227: Kuntal Debnath
A228: =+SUBTOTAL(3,$E$8:$E228) -> 221 | B228: 45536 | C228: 73/8 | D228: =+VLOOKUP(C228,'Visual chart Edit'!$B$7:$C$491,2,FALSE) -> DA+3 | E228: DRY | F228: 45558 | G228: 45560 | H228: Shakti Construction
A229: =+SUBTOTAL(3,$E$8:$E229) -> 222 | B229: 45536 | C229: 59/1 | D229: =+VLOOKUP(C229,'Visual chart Edit'!$B$7:$C$491,2,FALSE) -> DA+3 | E229: DRY | F229: 45555 | G229: 45560 | H229: Bhati Const. | I229: R T Singh
A230: =+SUBTOTAL(3,$E$8:$E230) -> 223 | B230: 45536 | C230: 19/2 | D230: =+VLOOKUP(C230,'Visual chart Edit'!$B$7:$C$491,2,FALSE) -> DA+0 | E230: DRY | F230: 45555 | G230: 45561 | H230: Vibe Infra | I230: Jeetu Sachan
A231: =+SUBTOTAL(3,$E$8:$E231) -> 224 | B231: 45536 | C231: 72/2 | D231: =+VLOOKUP(C231,'Visual chart Edit'!$B$7:$C$491,2,FALSE) -> DA+0 | E231: DRY | F231: 45560 | G231: 45561 | H231: Shree Shyam Const.
A232: =+SUBTOTAL(3,$E$8:$E232) -> 225 | B232: 45536 | C232: 17/0 | D232: =+VLOOKUP(C232,'Visual chart Edit'!$B$7:$C$491,2,FALSE) -> DB2+3 | E232: DRY | F232: 45554 | G232: 45562 | H232: Om Enterprise | I232: Jeetu Sachan
A233: =+SUBTOTAL(3,$E$8:$E233) -> 226 | B233: 45536 | C233: 66/0 | D233: =+VLOOKUP(C233,'Visual chart Edit'!$B$7:$C$491,2,FALSE) -> DC2+6 | E233: DRY | F233: 45558 | G233: 45562 | H233: Bhati Const. | I233: Sk Sil
A234: =+SUBTOTAL(3,$E$8:$E234) -> 227 | B234: 45536 | C234: 59/11 | D234: =+VLOOKUP(C234,'Visual chart Edit'!$B$7:$C$491,2,FALSE) -> DA+6 | E234: DFR | F234: 45560 | G234: 45562 | H234: Mahadev Eng | I234: R T Singh
A235: =+SUBTOTAL(3,$E$8:$E235) -> 228 | B235: 45536 | C235: 19/3 | D235: =+VLOOKUP(C235,'Visual chart Edit'!$B$7:$C$491,2,FALSE) -> DA+0 | E235: DRY | F235: 45563 | G235: 45565 | H235: Vibe Infra | I235: Jeetu Sachan
A236: =+SUBTOTAL(3,$E$8:$E236) -> 229 | B236: 45536 | C236: 43/3 | D236: =+VLOOKUP(C236,'Visual chart Edit'!$B$7:$C$491,2,FALSE) -> DA+0 | E236: DRY | F236: 45550 | G236: 45565 | H236: Parsuram Sai | I236: Kuntal Debnath
A237: =+SUBTOTAL(3,$E$8:$E237) -> 230 | B237: 45536 | C237: 73/3 | D237: =+VLOOKUP(C237,'Visual chart Edit'!$B$7:$C$491,2,FALSE) -> DA+0 | E237: DRY | F237: 45560 | G237: 45565 | H237: Awadh Const.
A238: =+SUBTOTAL(3,$E$8:$E238) -> 231 | B238: 45566 | C238: 73/7 | D238: =+VLOOKUP(C238,'Visual chart Edit'!$B$7:$C$491,2,FALSE) -> DA+0 | E238: DRY | F238: 45564 | G238: 45566 | H238: Shakti Construction
A239: =+SUBTOTAL(3,$E$8:$E239) -> 232 | B239: 45566 | C239: 59/0 | D239: =+VLOOKUP(C239,'Visual chart Edit'!$B$7:$C$491,2,FALSE) -> DC2+0 | E239: DRY | F239: 45564 | G239: 45569 | H239: Bhati Const. | I239: R T Singh
A240: =+SUBTOTAL(3,$E$8:$E240) -> 233 | B240: 45566 | C240: 67/0 | D240: =+VLOOKUP(C240,'Visual chart Edit'!$B$7:$C$491,2,FALSE) -> DC1+9 | E240: DRY | F240: 45569 | G240: 45570 | H240: Bhati Const.
A241: =+SUBTOTAL(3,$E$8:$E241) -> 234 | B241: 45566 | C241: 42/5 | D241: =+VLOOKUP(C241,'Visual chart Edit'!$B$7:$C$491,2,FALSE) -> DA+9 | E241: Sandy | F241: 45558 | G241: 45572 | H241: Mahadev Construction | I241: Kuntal Debnath
A242: =+SUBTOTAL(3,$E$8:$E242) -> 235 | B242: 45566 | C242: 43/0 | D242: =+VLOOKUP(C242,'Visual chart Edit'!$B$7:$C$491,2,FALSE) -> DB1+0 | E242: Sandy | F242: 45563 | G242: 45572 | H242: N.R. Enterprises | I242: Kuntal Debnath
A243: =+SUBTOTAL(3,$E$8:$E243) -> 236 | B243: 45566 | C243: 25/3 | D243: =+VLOOKUP(C243,'Visual chart Edit'!$B$7:$C$491,2,FALSE) -> DA+0 | E243: Sandy | F243: 45550 | G243: 45573 | H243: J.P. Infra | I243: Bipin Kumar
A244: =+SUBTOTAL(3,$E$8:$E244) -> 237 | B244: 45566 | C244: 69/0 | D244: =+VLOOKUP(C244,'Visual chart Edit'!$B$7:$C$491,2,FALSE) -> DB2+0 | E244: DFR | F244: 45563 | G244: 45574 | H244: Bhati Const. | I244: Sk Sil
A245: =+SUBTOTAL(3,$E$8:$E245) -> 238 | B245: 45566 | C245: 73/4 | D245: =+VLOOKUP(C245,'Visual chart Edit'!$B$7:$C$491,2,FALSE) -> DA+0 | E245: DRY | F245: 45573 | G245: 45574 | H245: Shree Shyam Const. | I245: Sk Sil
A246: =+SUBTOTAL(3,$E$8:$E246) -> 239 | B246: 45566 | C246: 22/13 | D246: =+VLOOKUP(C246,'Visual chart Edit'!$B$7:$C$491,2,FALSE) -> DA+6 | E246: Sandy | F246: 45560 | G246: 45575 | H246: Rbm | I246: Bipin Kumar
A247: =+SUBTOTAL(3,$E$8:$E247) -> 240 | B247: 45566 | C247: 74/0 | D247: =+VLOOKUP(C247,'Visual chart Edit'!$B$7:$C$491,2,FALSE) -> DB2+0 | E247: Sandy | F247: 45572 | G247: 45575 | H247: Shakti Construction | I247: Sk Sil
A248: =+SUBTOTAL(3,$E$8:$E248) -> 241 | B248: 45566 | C248: 25/1 | D248: =+VLOOKUP(C248,'Visual chart Edit'!$B$7:$C$491,2,FALSE) -> DA+3 | E248: DRY | F248: 45563 | G248: 45577 | H248: J.P. Infra | I248: Bipin Kumar
A249: =+SUBTOTAL(3,$E$8:$E249) -> 242 | B249: 45566 | C249: 43/2 | D249: =+VLOOKUP(C249,'Visual chart Edit'!$B$7:$C$491,2,FALSE) -> DA+0 | E249: Sandy | F249: 45563 | G249: 45577 | H249: Parsuram Sai | I249: Kuntal Debnath
A250: =+SUBTOTAL(3,$E$8:$E250) -> 243 | B250: 45566 | C250: 72/3 | D250: =+VLOOKUP(C250,'Visual chart Edit'!$B$7:$C$491,2,FALSE) -> DA+3 | E250: DRY | F250: 45579 | G250: 45580 | H250: Shree Shyam Const. | I250: Sk Sil
A251: =+SUBTOTAL(3,$E$8:$E251) -> 244 | B251: 45566 | C251: 43/11 | D251: =+VLOOKUP(C251,'Visual chart Edit'!$B$7:$C$491,2,FALSE) -> DA+3 | E251: Sandy | F251: 45560 | G251: 45583 | H251: Jitendra Enterprises | I251: Kuntal Debnath
A252: =+SUBTOTAL(3,$E$8:$E252) -> 245 | B252: 45566 | C252: 13/0 | D252: =+VLOOKUP(C252,'Visual chart Edit'!$B$7:$C$491,2,FALSE) -> DD60+3 | E252: DRY | F252: 45569 | G252: 45583 | H252: R.K. Construction | I252: Jeetu Sachan
... A268: =+SUBTOTAL(3,$E$8:$E268) -> 261 | B268: 45597 | C268: 22/2 | D268: =+VLOOKUP(C268,'Visual chart Edit'!$B$7:$C$491,2,FALSE) -> DA+6 | E268: Sandy | F268: 45607 | G268: 45616 | H268: J.P. Infra | I268: Bipin Kumar
A269: =+SUBTOTAL(3,$E$8:$E269) -> 262 | B269: 45597 | C269: 54/0 | D269: =+VLOOKUP(C269,'Visual chart Edit'!$B$7:$C$491,2,FALSE) -> DB1+6 | E269: Sandy | G269: 45617 | H269: Bhati Const. | I269: R T Singh
A270: =+SUBTOTAL(3,$E$8:$E270) -> 263 | B270: 45597 | C270: 65/8 | D270: =+VLOOKUP(C270,'Visual chart Edit'!$B$7:$C$491,2,FALSE) -> DA+0 | E270: DRY | F270: 45623 | G270: 45624 | H270: Bhati Const. | I270: Sk Sil
A271: =+SUBTOTAL(3,$E$8:$E271) -> 264 | B271: 45597 | C271: 42/0 | D271: =+VLOOKUP(C271,'Visual chart Edit'!$B$7:$C$491,2,FALSE) -> DC1+0 | E271: Sandy | F271: 45616 | G271: 45626 | H271: D.R. Construction | I271: Kuntal Debnath
A272: =+SUBTOTAL(3,$E$8:$E272) -> 265 | B272: 45597 | C272: 65/7 | D272: =+VLOOKUP(C272,'Visual chart Edit'!$B$7:$C$491,2,FALSE) -> DA+0 | E272: DRY | F272: 45625 | G272: 45626 | H272: Bhati Const. | I272: Sk Sil
A273: =+SUBTOTAL(3,$E$8:$E273) -> 266 | B273: 45627 | C273: 2/3 | D273: =+VLOOKUP(C273,'Visual chart Edit'!$B$7:$C$491,2,FALSE) -> DA+3 | E273: Sandy | F273: 45625 | G273: 45629 | H273: Laxmi Enterprise | I273: Karan Singh
A274: =+SUBTOTAL(3,$E$8:$E274) -> 267 | B274: 45627 | C274: 22/4 | D274: =+VLOOKUP(C274,'Visual chart Edit'!$B$7:$C$491,2,FALSE) -> DA+9 | E274: Sandy | F274: 45627 | G274: 45631 | H274: Jp Infra | I274: Bipin Singh
A275: =+SUBTOTAL(3,$E$8:$E275) -> 268 | B275: 45627 | C275: 6/1 | D275: =+VLOOKUP(C275,'Visual chart Edit'!$B$7:$C$491,2,FALSE) -> DA+0 | E275: DFR | F275: 45627 | G275: 45636 | H275: H.S. Engineering | I275: Jitendra Yadav
A276: =+SUBTOTAL(3,$E$8:$E276) -> 269 | B276: 45627 | C276: 12/0 | D276: =+VLOOKUP(C276,'Visual chart Edit'!$B$7:$C$491,2,FALSE) -> DD60+0 | E276: DRY | F276: 45633 | G276: 45640 | H276: Vibe Infra Power | I276: Jitendra Yadav
A277: =+SUBTOTAL(3,$E$8:$E277) -> 270 | B277: 45627 | C277: 22/5 | D277: =+VLOOKUP(C277,'Visual chart Edit'!$B$7:$C$491,2,FALSE) -> DA+9 | E277: DRY | F277: 45635 | G277: 45640 | H277: S.D. Infra | I277: Bipin Singh
A278: =+SUBTOTAL(3,$E$8:$E278) -> 271 | B278: 45627 | C278: 41/2 | D278: =+VLOOKUP(C278,'Visual chart Edit'!$B$7:$C$491,2,FALSE) -> DA+0 | E278: Sandy | F278: 45591 | G278: 45641 | H278: D.R. Construction | I278: Kuntal Debnath
A279: =+SUBTOTAL(3,$E$8:$E279) -> 272 | B279: 45627 | C279: 2/5 | D279: =+VLOOKUP(C279,'Visual chart Edit'!$B$7:$C$491,2,FALSE) -> DA+3 | E279: Sandy | F279: 45636 | G279: 45641 | H279: Sri Nagana Ray Enterprise | I279: Jitendra Yadav
A280: =+SUBTOTAL(3,$E$8:$E280) -> 273 | B280: 45627 | C280: 22/9 | D280: =+VLOOKUP(C280,'Visual chart Edit'!$B$7:$C$491,2,FALSE) -> DA+6 | E280: Sandy | F280: 45639 | G280: 45642 | H280: Rbm | I280: Bipin Singh
A281: =+SUBTOTAL(3,$E$8:$E281) -> 274 | B281: 45627 | C281: 70/8 | D281: =+VLOOKUP(C281,'Visual chart Edit'!$B$7:$C$491,2,FALSE) -> DA+3 | E281: DRY | F281: 45642 | G281: 45643 | H281: Tantray Construction | I281: Sk Sil
... A284: =+SUBTOTAL(3,$E$8:$E284) -> 277 | B284: 45627 | C284: 71/8 | D284: =+VLOOKUP(C284,'Visual chart Edit'!$B$7:$C$491,2,FALSE) -> DA+3 | E284: DRY | F284: 45645 | G284: 45646 | H284: Meer Const | I284: Sk Sil
A285: =+SUBTOTAL(3,$E$8:$E285) -> 278 | B285: 45627 | C285: 52/1 | D285: =+VLOOKUP(C285,'Visual chart Edit'!$B$7:$C$491,2,FALSE) -> DA+6 | E285: Sandy | F285: 45643 | G285: 45646 | H285: Tantray Construction
A286: =+SUBTOTAL(3,$E$8:$E286) -> 279 | B286: 45627 | C286: 70/9 | D286: =+VLOOKUP(C286,'Visual chart Edit'!$B$7:$C$491,2,FALSE) -> DA+3 | E286: DRY | F286: 45646 | G286: 45647 | H286: Tantray Construction | I286: Sk Sil
A287: =+SUBTOTAL(3,$E$8:$E287) -> 280 | B287: 45627 | C287: 6/2 | D287: =+VLOOKUP(C287,'Visual chart Edit'!$B$7:$C$491,2,FALSE) -> DA+0 | E287: DFR | F287: 45644 | G287: 45649 | H287: Hs Engineering | I287: Jitendra Yadav
...

Sheet Earthing
A1: Progress Summary'!A1
A2: Name of Project : 765KV D/C Fatehgarh- Beawar Transmission Line
A3: List of Completed Earthing
A5: Earthing
A6: SL No. | B6: FDN No. | C6: Location No. | D6: Tower Type | E6: Classification | F6: Type of Earthing | G6: End Date | H6: Gang Name | I6: Earthing Completion Month
A7: =+SUBTOTAL(3,$G$7:$G7) -> 1 | B7: =Foundation!B8 -> 45200 | C7: =Foundation!C8 -> 36/1 | D7: =Foundation!D8 -> DA+3 | E7: =Foundation!E8 -> Sandy | F7: =+IF(E7=0,"",IF(E7="DFR","CP","Pipe")) -> Pipe | G7: 45290 | H7: =Foundation!H8 -> Nagana Ray and company | I7: 45261
A8: =+SUBTOTAL(3,$G$7:$G8) -> 2 | B8: =Foundation!B9 -> 45261 | C8: =Foundation!C9 -> 61/3 | D8: =Foundation!D9 -> DA+6 | E8: =Foundation!E9 -> DRY | F8: =+IF(E8=0,"",IF(E8="DFR","CP","Pipe")) -> Pipe | G8: 45278 | H8: =Foundation!H9 -> Manoj Sharma | I8: 45261
A9: =+SUBTOTAL(3,$G$7:$G9) -> 3 | B9: =Foundation!B10 -> 45261 | C9: =Foundation!C10 -> 27/12 | D9: =Foundation!D10 -> DA+3 | E9: =Foundation!E10 -> Sandy | F9: =+IF(E9=0,"",IF(E9="DFR","CP","Pipe")) -> Pipe | G9: 45348 | H9: =Foundation!H10 -> Nagana Ray And Company | I9: 45323
A10: =+SUBTOTAL(3,$G$7:$G10) -> 4 | B10: =Foundation!B11 -> 45261 | C10: =Foundation!C11 -> 62/6 | D10: =Foundation!D11 -> DA+3 | E10: =Foundation!E11 -> DRY | F10: =+IF(E10=0,"",IF(E10="DFR","CP","Pipe")) -> Pipe | G10: 45298 | H10: =Foundation!H11 -> Shakti Construction | I10: 45292
A11: =+SUBTOTAL(3,$G$7:$G11) -> 5 | B11: =Foundation!B12 -> 45261 | C11: =Foundation!C12 -> 59/14 | D11: =Foundation!D12 -> DA+6 | E11: =Foundation!E12 -> DRY | F11: =+IF(E11=0,"",IF(E11="DFR","CP","Pipe")) -> Pipe | G11: 45294 | H11: =Foundation!H12 -> Manoj Sharma | I11: 45292 | K11: 3.2 | AM11: 2nd Section WIP.
A12: =+SUBTOTAL(3,$G$7:$G12) -> 6 | B12: =Foundation!B13 -> 45261 | C12: =Foundation!C13 -> 62/7 | D12: =Foundation!D13 -> DA+3 | E12: =Foundation!E13 -> DRY | F12: =+IF(E12=0,"",IF(E12="DFR","CP","Pipe")) -> Pipe | G12: 45300 | H12: =Foundation!H13 -> Shakti Construction | I12: 45292
A13: =+SUBTOTAL(3,$G$7:$G13) -> 7 | B13: =Foundation!B14 -> 45261 | C13: =Foundation!C14 -> 59/13 | D13: =Foundation!D14 -> DA+3 | E13: =Foundation!E14 -> DRY | F13: =+IF(E13=0,"",IF(E13="DFR","CP","Pipe")) -> Pipe | G13: 45294 | H13: =Foundation!H14 -> Manoj Sharma | I13: 45292 | J13: T&P Shifting WIP
A14: =+SUBTOTAL(3,$G$7:$G14) -> 8 | B14: =Foundation!B15 -> 45261 | C14: =Foundation!C15 -> 27/10 | D14: =Foundation!D15 -> DA+3 | E14: =Foundation!E15 -> DFR | F14: =+IF(E14=0,"",IF(E14="DFR","CP","Pipe")) -> CP | G14: 45290 | H14: =Foundation!H15 -> Nagana Ray And Company | I14: 45261 | K14: 2.5
A15: =+SUBTOTAL(3,$G$7:$G15) -> 9 | B15: =Foundation!B16 -> 45261 | C15: =Foundation!C16 -> 63/8 | D15: =Foundation!D16 -> DA+3 | E15: =Foundation!E16 -> DRY | F15: =+IF(E15=0,"",IF(E15="DFR","CP","Pipe")) -> Pipe | G15: 45336 | H15: =Foundation!H16 -> Mahadev Eng | I15: 45323
A16: =+SUBTOTAL(3,$G$7:$G16) -> 10 | B16: =Foundation!B17 -> 45261 | C16: =Foundation!C17 -> 59/10 | D16: =Foundation!D17 -> DA+0 | E16: =Foundation!E17 -> DRY | F16: =+IF(E16=0,"",IF(E16="DFR","CP","Pipe")) -> Pipe | G16: 45294 | H16: =Foundation!H17 -> Manoj Sharma | I16: 45292
A17: =+SUBTOTAL(3,$G$7:$G17) -> 11 | B17: =Foundation!B18 -> 45261 | C17: =Foundation!C18 -> 62/5 | D17: =Foundation!D18 -> DA+0 | E17: =Foundation!E18 -> DRY | F17: =+IF(E17=0,"",IF(E17="DFR","CP","Pipe")) -> Pipe | G17: 45298 | H17: =Foundation!H18 -> Shakti Construction | I17: 45292
A18: =+SUBTOTAL(3,$G$7:$G18) -> 12 | B18: =Foundation!B19 -> 45261 | C18: =Foundation!C19 -> 59/9 | D18: =Foundation!D19 -> DA+3 | E18: =Foundation!E19 -> DRY | F18: =+IF(E18=0,"",IF(E18="DFR","CP","Pipe")) -> Pipe | G18: 45294 | H18: =Foundation!H19 -> Manoj Sharma | I18: 45292
A19: =+SUBTOTAL(3,$G$7:$G19) -> 13 | B19: =Foundation!B20 -> 45261 | C19: =Foundation!C20 -> 60/9 | D19: =Foundation!D20 -> DA+3 | E19: =Foundation!E20 -> DRY | F19: =+IF(E19=0,"",IF(E19="DFR","CP","Pipe")) -> Pipe | G19: 45297 | H19: =Foundation!H20 -> Imran | I19: 45292
A20: =+SUBTOTAL(3,$G$7:$G20) -> 14 | B20: =Foundation!B21 -> 45261 | C20: =Foundation!C21 -> 62/4 | D20: =Foundation!D21 -> DA+3 | E20: =Foundation!E21 -> DRY | F20: =+IF(E20=0,"",IF(E20="DFR","CP","Pipe")) -> Pipe | G20: 45291 | H20: =Foundation!H21 -> Shakti Construction | I20: 45261
A21: =+SUBTOTAL(3,$G$7:$G21) -> 15 | B21: =Foundation!B22 -> 45261 | C21: =Foundation!C22 -> 59/8 | D21: =Foundation!D22 -> DB1+3 | E21: =Foundation!E22 -> DRY | F21: =+IF(E21=0,"",IF(E21="DFR","CP","Pipe")) -> Pipe | G21: 45294 | H21: =Foundation!H22 -> Manoj Sharma | I21: 45292
A22: =+SUBTOTAL(3,$G$7:$G22) -> 16 | B22: =Foundation!B23 -> 45261 | C22: =Foundation!C23 -> 26/2 | D22: =Foundation!D23 -> DA+3 | E22: =Foundation!E23 -> DFR | F22: =+IF(E22=0,"",IF(E22="DFR","CP","Pipe")) -> CP | G22: 45831 | H22: =Foundation!H23 -> A.B. Construction | I22: 45809
A23: =+SUBTOTAL(3,$G$7:$G23) -> 17 | B23: =Foundation!B24 -> 45261 | C23: =Foundation!C24 -> 59/6 | D23: =Foundation!D24 -> DA+3 | E23: =Foundation!E24 -> DFR | F23: =+IF(E23=0,"",IF(E23="DFR","CP","Pipe")) -> CP | G23: 45296 | H23: =Foundation!H24 -> Om Const | I23: 45292
A24: =+SUBTOTAL(3,$G$7:$G24) -> 18 | B24: =Foundation!B25 -> 45261 | C24: =Foundation!C25 -> 63/6 | D24: =Foundation!D25 -> DA+3 | E24: =Foundation!E25 -> DRY | F24: =+IF(E24=0,"",IF(E24="DFR","CP","Pipe")) -> Pipe | G24: 45303 | H24: =Foundation!H25 -> Mahadev Eng | I24: 45292
A25: =+SUBTOTAL(3,$G$7:$G25) -> 19 | B25: =Foundation!B26 -> 45261 | C25: =Foundation!C26 -> 60/8 | D25: =Foundation!D26 -> DA+0 | E25: =Foundation!E26 -> DRY | F25: =+IF(E25=0,"",IF(E25="DFR","CP","Pipe")) -> Pipe | G25: 45297 | H25: =Foundation!H26 -> Imran | I25: 45292
A26: =+SUBTOTAL(3,$G$7:$G26) -> 20 | B26: =Foundation!B27 -> 45261 | C26: =Foundation!C27 -> 27/9 | D26: =Foundation!D27 -> DA+0 | E26: =Foundation!E27 -> DFR | F26: =+IF(E26=0,"",IF(E26="DFR","CP","Pipe")) -> CP | G26: 45290 | H26: =Foundation!H27 -> Nagana Ray And Company | I26: 45261
... A72: =+SUBTOTAL(3,$G$7:$G72) -> 66 | B72: =Foundation!B73 -> 45292 | C72: =Foundation!C73 -> 64/3 | D72: =Foundation!D73 -> DA+0 | E72: =Foundation!E73 -> DRY | F72: =+IF(E72=0,"",IF(E72="DFR","CP","Pipe")) -> Pipe | G72: 45336 | H72: =Foundation!H73 -> Mahadev Eng | I72: 45323
A73: =+SUBTOTAL(3,$G$7:$G73) -> 67 | B73: =Foundation!B74 -> 45292 | C73: =Foundation!C74 -> 63/3 | D73: =Foundation!D74 -> DA+3 | E73: =Foundation!E74 -> DFR | F73: Pipe | G73: 45344 | H73: =Foundation!H74 -> Shakti Construction | I73: 45323
A74: =+SUBTOTAL(3,$G$7:$G74) -> 68 | B74: =Foundation!B75 -> 45292 | C74: =Foundation!C75 -> 64/8 | D74: =Foundation!D75 -> DA+3 | E74: =Foundation!E75 -> DRY | F74: =+IF(E74=0,"",IF(E74="DFR","CP","Pipe")) -> Pipe | G74: 45323 | H74: =Foundation!H75 -> Veerteja Enterprises | I74: 45323
A75: =+SUBTOTAL(3,$G$7:$G75) -> 69 | B75: =Foundation!B76 -> 45292 | C75: =Foundation!C76 -> 61/2 | D75: =Foundation!D76 -> DA+6 | E75: =Foundation!E76 -> DFR | F75: =+IF(E75=0,"",IF(E75="DFR","CP","Pipe")) -> CP | G75: 45324 | H75: =Foundation!H76 -> Manoj Sharma | I75: 45323
A76: =+SUBTOTAL(3,$G$7:$G76) -> 70 | B76: =Foundation!B77 -> 45323 | C76: =Foundation!C77 -> 64/7 | D76: =Foundation!D77 -> DA+3 | E76: =Foundation!E77 -> DRY | F76: =+IF(E76=0,"",IF(E76="DFR","CP","Pipe")) -> Pipe | G76: 45336 | H76: =Foundation!H77 -> Mahadev Eng | I76: 45323
A77: =+SUBTOTAL(3,$G$7:$G77) -> 71 | B77: =Foundation!B78 -> 45323 | C77: =Foundation!C78 -> 52/5 | D77: =Foundation!D78 -> DA+9 | E77: =Foundation!E78 -> Sandy | F77: =+IF(E77=0,"",IF(E77="DFR","CP","Pipe")) -> Pipe | G77: 45327 | H77: =Foundation!H78 -> Imran | I77: 45323
A78: =+SUBTOTAL(3,$G$7:$G78) -> 72 | B78: =Foundation!B79 -> 45323 | C78: =Foundation!C79 -> 63/4 | D78: =Foundation!D79 -> DA+0 | E78: =Foundation!E79 -> DRY | F78: =+IF(E78=0,"",IF(E78="DFR","CP","Pipe")) -> Pipe | G78: 45336 | H78: =Foundation!H79 -> Shakti Construction | I78: 45323
A79: =+SUBTOTAL(3,$G$7:$G79) -> 73 | B79: =Foundation!B80 -> 45323 | C79: =Foundation!C80 -> 26/4 | D79: =Foundation!D80 -> DA+6 | E79: =Foundation!E80 -> Sandy | F79: =+IF(E79=0,"",IF(E79="DFR","CP","Pipe")) -> Pipe | G79: 45339 | H79: =Foundation!H80 -> Mehai Construction | I79: 45323
A80: =+SUBTOTAL(3,$G$7:$G80) -> 74 | B80: =Foundation!B81 -> 45323 | C80: =Foundation!C81 -> 67/2 | D80: =Foundation!D81 -> DA+0 | E80: =Foundation!E81 -> DRY | F80: =+IF(E80=0,"",IF(E80="DFR","CP","Pipe")) -> Pipe | G80: 45331 | H80: =Foundation!H81 -> Bhati Const. | I80: 45323
A81: =+SUBTOTAL(3,$G$7:$G81) -> 75 | B81: =Foundation!B82 -> 45323 | C81: =Foundation!C82 -> 52/6 | D81: =Foundation!D82 -> DA+6 | E81: =Foundation!E82 -> Sandy | F81: =+IF(E81=0,"",IF(E81="DFR","CP","Pipe")) -> Pipe | G81: 45330 | H81: =Foundation!H82 -> Imran | I81: 45323
A82: =+SUBTOTAL(3,$G$7:$G82) -> 76 | B82: =Foundation!B83 -> 45323 | C82: =Foundation!C83 -> 64/6 | D82: =Foundation!D83 -> DA+0 | E82: =Foundation!E83 -> DRY | F82: =+IF(E82=0,"",IF(E82="DFR","CP","Pipe")) -> Pipe | G82: 45336 | H82: =Foundation!H83 -> Mahadev Eng | I82: 45323
A83: =+SUBTOTAL(3,$G$7:$G83) -> 77 | B83: =Foundation!B84 -> 45323 | C83: =Foundation!C84 -> 63/5 | D83: =Foundation!D84 -> DA+3 | E83: =Foundation!E84 -> DFR | F83: =+IF(E83=0,"",IF(E83="DFR","CP","Pipe")) -> CP | G83: 45337 | H83: =Foundation!H84 -> Shakti Construction | I83: 45323
A84: =+SUBTOTAL(3,$G$7:$G84) -> 78 | B84: =Foundation!B85 -> 45323 | C84: =Foundation!C85 -> 59/15 | D84: =Foundation!D85 -> DA+6 | E84: =Foundation!E85 -> DRY | F84: =+IF(E84=0,"",IF(E84="DFR","CP","Pipe")) -> Pipe | G84: 45348 | H84: =Foundation!H85 -> Om Const | I84: 45323
A85: =+SUBTOTAL(3,$G$7:$G85) -> 79 | B85: =Foundation!B86 -> 45323 | C85: =Foundation!C86 -> 61/5 | D85: =Foundation!D86 -> DA+3 | E85: =Foundation!E86 -> DRY | F85: =+IF(E85=0,"",IF(E85="DFR","CP","Pipe")) -> Pipe | G85: 45344 | H85: =Foundation!H86 -> Manoj Sharma | I85: 45323
... A258: =+SUBTOTAL(3,$G$7:$G258) -> 252 | B258: =Foundation!B259 -> 45566 | C258: =Foundation!C259 -> 25/2 | D258: =Foundation!D259 -> DA+0 | E258: =Foundation!E259 -> DRY | F258: =+IF(E258=0,"",IF(E258="DFR","CP","Pipe")) -> Pipe | G258: 45643 | H258: =Foundation!H259 -> J.P. Infra | I258: 45627
A259: =+SUBTOTAL(3,$G$7:$G259) -> 252 | B259: =Foundation!B260 -> 45566 | C259: =Foundation!C260 -> 13/3 | D259: =Foundation!D260 -> DA+3 | E259: =Foundation!E260 -> Sandy | F259: =+IF(E259=0,"",IF(E259="DFR","CP","Pipe")) -> Pipe | H259: =Foundation!H260 -> Punia Construction
A260: =+SUBTOTAL(3,$G$7:$G260) -> 253 | B260: =Foundation!B261 -> 45566 | C260: =Foundation!C261 -> 22/7 | D260: =Foundation!D261 -> DA+0 | E260: =Foundation!E261 -> Sandy | F260: =+IF(E260=0,"",IF(E260="DFR","CP","Pipe")) -> Pipe | G260: 45635 | H260: =Foundation!H261 -> Rbm | I260: 45627
A261: =+SUBTOTAL(3,$G$7:$G261) -> 254 | B261: =Foundation!B262 -> 45566 | C261: =Foundation!C262 -> 22/3 | D261: =Foundation!D262 -> DA+9 | E261: =Foundation!E262 -> Sandy | F261: =+IF(E261=0,"",IF(E261="DFR","CP","Pipe")) -> Pipe | G261: 45635 | H261: =Foundation!H262 -> J.P. Infra | I261: 45627
A262: =+SUBTOTAL(3,$G$7:$G262) -> 255 | B262: =Foundation!B263 -> 45566 | C262: =Foundation!C263 -> 43/1 | D262: =Foundation!D263 -> DA+3 | E262: =Foundation!E263 -> Sandy | F262: =+IF(E262=0,"",IF(E262="DFR","CP","Pipe")) -> Pipe | G262: 45647 | H262: =Foundation!H263 -> Parsuram Sai | I262: 45627
A263: =+SUBTOTAL(3,$G$7:$G263) -> 256 | B263: =Foundation!B264 -> 45597 | C263: =Foundation!C264 -> 42/6 | D263: =Foundation!D264 -> DA+0 | E263: =Foundation!E264 -> Sandy | F263: =+IF(E263=0,"",IF(E263="DFR","CP","Pipe")) -> Pipe | G263: 45630 | H263: =Foundation!H264 -> D.R. Construction | I263: 45627
A264: =+SUBTOTAL(3,$G$7:$G264) -> 257 | B264: =Foundation!B265 -> 45597 | C264: =Foundation!C265 -> 2/4 | D264: =Foundation!D265 -> DA+3 | E264: =Foundation!E265 -> Sandy | F264: =+IF(E264=0,"",IF(E264="DFR","CP","Pipe")) -> Pipe | G264: 45613 | H264: =Foundation!H265 -> Laxmi Enterprises | I264: 45597
A265: =+SUBTOTAL(3,$G$7:$G265) -> 258 | B265: =Foundation!B266 -> 45597 | C265: =Foundation!C266 -> 42/2 | D265: =Foundation!D266 -> DA+6 | E265: =Foundation!E266 -> Sandy | F265: =+IF(E265=0,"",IF(E265="DFR","CP","Pipe")) -> Pipe | G265: 45627 | H265: =Foundation!H266 -> D.R. Construction | I265: 45627
A266: =+SUBTOTAL(3,$G$7:$G266) -> 259 | B266: =Foundation!B267 -> 45597 | C266: =Foundation!C267 -> 22/8 | D266: =Foundation!D267 -> DB1+0 | E266: =Foundation!E267 -> Sandy | F266: =+IF(E266=0,"",IF(E266="DFR","CP","Pipe")) -> Pipe | G266: 45635 | H266: =Foundation!H267 -> Rbm | I266: 45627
A267: =+SUBTOTAL(3,$G$7:$G267) -> 260 | B267: =Foundation!B268 -> 45597 | C267: =Foundation!C268 -> 22/2 | D267: =Foundation!D268 -> DA+6 | E267: =Foundation!E268 -> Sandy | F267: =+IF(E267=0,"",IF(E267="DFR","CP","Pipe")) -> Pipe | G267: 45635 | H267: =Foundation!H268 -> J.P. Infra | I267: 45627
A268: =+SUBTOTAL(3,$G$7:$G268) -> 261 | B268: =Foundation!B269 -> 45597 | C268: =Foundation!C269 -> 54/0 | D268: =Foundation!D269 -> DB1+6 | E268: =Foundation!E269 -> Sandy | F268: =+IF(E268=0,"",IF(E268="DFR","CP","Pipe")) -> Pipe | G268: 45617 | H268: =Foundation!H269 -> Bhati Const. | I268: 45597
A269: =+SUBTOTAL(3,$G$7:$G269) -> 262 | B269: =Foundation!B270 -> 45597 | C269: =Foundation!C270 -> 65/8 | D269: =Foundation!D270 -> DA+0 | E269: =Foundation!E270 -> DRY | F269: =+IF(E269=0,"",IF(E269="DFR","CP","Pipe")) -> Pipe | G269: 45632 | H269: =Foundation!H270 -> Bhati Const. | I269: 45627
A270: =+SUBTOTAL(3,$G$7:$G270) -> 263 | B270: =Foundation!B271 -> 45597 | C270: =Foundation!C271 -> 42/0 | D270: =Foundation!D271 -> DC1+0 | E270: =Foundation!E271 -> Sandy | F270: =+IF(E270=0,"",IF(E270="DFR","CP","Pipe")) -> Pipe | G270: 45630 | H270: =Foundation!H271 -> D.R. Construction | I270: 45627
A271: =+SUBTOTAL(3,$G$7:$G271) -> 264 | B271: =Foundation!B272 -> 45597 | C271: =Foundation!C272 -> 65/7 | D271: =Foundation!D272 -> DA+0 | E271: =Foundation!E272 -> DRY | F271: =+IF(E271=0,"",IF(E271="DFR","CP","Pipe")) -> Pipe | G271: 45632 | H271: =Foundation!H272 -> Bhati Const. | I271: 45627
... A443: =+SUBTOTAL(3,$G$7:$G443) -> 436 | B443: =Foundation!B444 -> 45839 | C443: =Foundation!C444 -> 21/3 | D443: =Foundation!D444 -> DA+6 | E443: =Foundation!E444 -> Sandy | F443: =+IF(E443=0,"",IF(E443="DFR","CP","Pipe")) -> Pipe | G443: 45862 | H443: =Foundation!H444 -> M.R. Choudhary | I443: 45839
A444: =+SUBTOTAL(3,$G$7:$G444) -> 436 | B444: =Foundation!B445 -> 45839 | C444: =Foundation!C445 -> 8/12 | D444: =Foundation!D445 -> DA+0 | E444: =Foundation!E445 -> DRY | F444: =+IF(E444=0,"",IF(E444="DFR","CP","Pipe")) -> Pipe | H444: =Foundation!H445 -> Jsr Infrastructure
A445: =+SUBTOTAL(3,$G$7:$G445) -> 436 | B445: =Foundation!B446 -> 45839 | C445: =Foundation!C446 -> 8/2 | D445: =Foundation!D446 -> DA+3 | E445: =Foundation!E446 -> DRY | F445: =+IF(E445=0,"",IF(E445="DFR","CP","Pipe")) -> Pipe | H445: =Foundation!H446 -> Dhakad Enterprises
A446: =+SUBTOTAL(3,$G$7:$G446) -> 437 | B446: =Foundation!B447 -> 45839 | C446: =Foundation!C447 -> 37/1 | D446: =Foundation!D447 -> DA+9 | E446: =Foundation!E447 -> Sandy | F446: =+IF(E446=0,"",IF(E446="DFR","CP","Pipe")) -> Pipe | G446: 45856 | H446: =Foundation!H447 -> Vishwakarma Construction | I446: 45839
A447: =+SUBTOTAL(3,$G$7:$G447) -> 437 | B447: =Foundation!B448 -> 45839 | C447: =Foundation!C448 -> 8/1 | D447: =Foundation!D448 -> DA+3 | E447: =Foundation!E448 -> DRY | F447: =+IF(E447=0,"",IF(E447="DFR","CP","Pipe")) -> Pipe | H447: =Foundation!H448 -> Dhakad Enterprises
A448: =+SUBTOTAL(3,$G$7:$G448) -> 438 | B448: =Foundation!B449 -> 45839 | C448: =Foundation!C449 -> 20/0 | D448: =Foundation!D449 -> DB2+0 | E448: =Foundation!E449 -> Sandy | F448: =+IF(E448=0,"",IF(E448="DFR","CP","Pipe")) -> Pipe | G448: 45862 | H448: =Foundation!H449 -> Vishwakarma Construction | I448: 45839
A449: =+SUBTOTAL(3,$G$7:$G449) -> 438 | B449: =Foundation!B450 -> 45839 | C449: =Foundation!C450 -> 27/0 | D449: =Foundation!D450 -> DC1+0 | E449: =Foundation!E450 -> DFR | F449: =+IF(E449=0,"",IF(E449="DFR","CP","Pipe")) -> CP | H449: =Foundation!H450 -> YMK
A450: =+SUBTOTAL(3,$G$7:$G450) -> 439 | B450: =Foundation!B451 -> 45839 | C450: =Foundation!C451 -> 37/2 | D450: =Foundation!D451 -> DA+3 | E450: =Foundation!E451 -> Sandy | F450: =+IF(E450=0,"",IF(E450="DFR","CP","Pipe")) -> Pipe | G450: 45856 | H450: =Foundation!H451 -> Vishwakarma Construction | I450: 45839
A451: =+SUBTOTAL(3,$G$7:$G451) -> 440 | B451: =Foundation!B452 -> 45839 | C451: =Foundation!C452 -> 9/0 | D451: =Foundation!D452 -> DD60+18 | E451: =Foundation!E452 -> DRY | F451: =+IF(E451=0,"",IF(E451="DFR","CP","Pipe")) -> Pipe | G451: 45860 | H451: =Foundation!H452 -> Jsr Infrastructure | I451: 45839
A452: =+SUBTOTAL(3,$G$7:$G452) -> 441 | B452: =Foundation!B453 -> 45839 | C452: =Foundation!C453 -> 8/5 | D452: =Foundation!D453 -> DA+3 | E452: =Foundation!E453 -> DRY | F452: =+IF(E452=0,"",IF(E452="DFR","CP","Pipe")) -> Pipe | G452: 45867 | H452: =Foundation!H453 -> Yash Infra | I452: 45839
A453: =+SUBTOTAL(3,$G$7:$G453) -> 442 | B453: =Foundation!B454 -> 45839 | C453: =Foundation!C454 -> 20/2 | D453: =Foundation!D454 -> DA+0 | E453: =Foundation!E454 -> DRY | F453: =+IF(E453=0,"",IF(E453="DFR","CP","Pipe")) -> Pipe | G453: 45862 | H453: =Foundation!H454 -> Vishwakarma Construction | I453: 45839
A454: =+SUBTOTAL(3,$G$7:$G454) -> 442 | B454: =Foundation!B455 -> 45839 | C454: =Foundation!C455 -> 21/0 | D454: =Foundation!D455 -> DB2+0 | E454: =Foundation!E455 -> DRY | F454: =+IF(E454=0,"",IF(E454="DFR","CP","Pipe")) -> Pipe | H454: =Foundation!H455 -> Vishwakarma Construction
A455: =+SUBTOTAL(3,$G$7:$G455) -> 443 | B455: =Foundation!B456 -> 45839 | C455: =Foundation!C456 -> 26/0 | D455: =Foundation!D456 -> DB1+0 | E455: =Foundation!E456 -> DFR | F455: =+IF(E455=0,"",IF(E455="DFR","CP","Pipe")) -> CP | G455: 45865 | H455: =Foundation!H456 -> YMK | I455: 45839
A456: =+SUBTOTAL(3,$G$7:$G456) -> 443 | B456: =Foundation!B457 -> 45839 | C456: =Foundation!C457 -> 20/3 | D456: =Foundation!D457 -> DA+0 | E456: =Foundation!E457 -> DRY | F456: =+IF(E456=0,"",IF(E456="DFR","CP","Pipe")) -> Pipe | H456: =Foundation!H457 -> Vishwakarma Construction
A457: =+SUBTOTAL(3,$G$7:$G457) -> 443 | B457: =Foundation!B458 -> 45839 | C457: =Foundation!C458 -> 21/2 | D457: =Foundation!D458 -> DA+0 | E457: =Foundation!E458 -> Sandy | F457: =+IF(E457=0,"",IF(E457="DFR","CP","Pipe")) -> Pipe | H457: =Foundation!H458 -> Vishwakarma Construction
A458: =+SUBTOTAL(3,$G$7:$G458) -> 444 | B458: =Foundation!B459 -> 45839 | C458: =Foundation!C459 -> 8/0 | D458: =Foundation!D459 -> DB1+0 | E458: =Foundation!E459 -> DRY | F458: =+IF(E458=0,"",IF(E458="DFR","CP","Pipe")) -> Pipe | G458: 45869 | H458: =Foundation!H459 -> Dhakad Enterprises | I458: 45839
A459: =+SUBTOTAL(3,$G$7:$G459) -> 444 | B459: =Foundation!B460 -> 45839 | C459: =Foundation!C460 -> 8/4 | D459: =Foundation!D460 -> DA+3 | E459: =Foundation!E460 -> DRY | F459: =+IF(E459=0,"",IF(E459="DFR","CP","Pipe")) -> Pipe | H459: =Foundation!H460 -> Jsr Infrastructure
A460: =+SUBTOTAL(3,$G$7:$G460) -> 445 | B460: =Foundation!B461 -> 45839 | C460: =Foundation!C461 -> 24/0 | D460: =Foundation!D461 -> DD45+3 | E460: =Foundation!E461 -> DRY | F460: =+IF(E460=0,"",IF(E460="DFR","CP","Pipe")) -> Pipe | G460: 45874 | H460: =Foundation!H461 -> YMK | I460: 45870
A461: =+SUBTOTAL(3,$G$7:$G461) -> 445 | B461: =Foundation!B462 -> 45870 | C461: =Foundation!C462 -> 14A/0 | D461: =Foundation!D462 -> DC1+0 | E461: =Foundation!E462 -> DRY | F461: =+IF(E461=0,"",IF(E461="DFR","CP","Pipe")) -> Pipe | H461: =Foundation!H462 -> BR & Sons
A462: =+SUBTOTAL(3,$G$7:$G462) -> 446 | B462: =Foundation!B463 -> 45870 | C462: =Foundation!C463 -> 23/0 | D462: =Foundation!D463 -> DD45+3 | E462: =Foundation!E463 -> DRY | F462: =+IF(E462=0,"",IF(E462="DFR","CP","Pipe")) -> Pipe | G462: 45876 | H462: =Foundation!H463 -> YMK | I462: 45870
A463: =+SUBTOTAL(3,$G$7:$G463) -> 447 | B463: =Foundation!B464 -> 45870 | C463: =Foundation!C464 -> 10/1 | D463: =Foundation!D464 -> DA+0 | E463: =Foundation!E464 -> DRY | F463: =+IF(E463=0,"",IF(E463="DFR","CP","Pipe")) -> Pipe | G463: 45893 | H463: =Foundation!H464 -> Jsr Infrastructure | I463: 45870
A464: =+SUBTOTAL(3,$G$7:$G464) -> 447 | B464: =Foundation!B465 -> 45870 | C464: =Foundation!C465 -> 11/1 | D464: =Foundation!D465 -> DA+0 | E464: =Foundation!E465 -> Sandy | F464: =+IF(E464=0,"",IF(E464="DFR","CP","Pipe")) -> Pipe | H464: =Foundation!H465 -> Om Construction_Chandrapal
A465: =+SUBTOTAL(3,$G$7:$G465) -> 448 | B465: =Foundation!B466 -> 45870 | C465: =Foundation!C466 -> 26/1 | D465: =Foundation!D466 -> DA+0 | E465: =Foundation!E466 -> DRY | F465: =+IF(E465=0,"",IF(E465="DFR","CP","Pipe")) -> Pipe | G465: 45889 | H465: =Foundation!H466 -> YMK | I465: 45870
A466: =+SUBTOTAL(3,$G$7:$G466) -> 448 | B466: =Foundation!B467 -> 45870 | C466: =Foundation!C467 -> 11/2 | D466: =Foundation!D467 -> DA+0 | E466: =Foundation!E467 -> Sandy | F466: =+IF(E466=0,"",IF(E466="DFR","CP","Pipe")) -> Pipe | H466: =Foundation!H467 -> Om Construction_Chandrapal
A467: =+SUBTOTAL(3,$G$7:$G467) -> 449 | B467: =Foundation!B468 -> 45870 | C467: =Foundation!C468 -> 28/1 | D467: =Foundation!D468 -> DA+0 | E467: =Foundation!E468 -> DRY | F467: =+IF(E467=0,"",IF(E467="DFR","CP","Pipe")) -> Pipe | G467: 45898 | H467: =Foundation!H468 -> YMK | I467: 45870
A468: =+SUBTOTAL(3,$G$7:$G468) -> 449 | B468: =Foundation!B469 -> 45870 | C468: =Foundation!C469 -> 10/7 | D468: =Foundation!D469 -> DA+3 | E468: =Foundation!E469 -> DRY | F468: =+IF(E468=0,"",IF(E468="DFR","CP","Pipe")) -> Pipe | H468: =Foundation!H469 -> Jsr Infrastructure
A469: =+SUBTOTAL(3,$G$7:$G469) -> 449 | B469: =Foundation!B470 -> 45901 | C469: =Foundation!C470 -> 20/1 | D469: =Foundation!D470 -> DA+0 | E469: =Foundation!E470 -> Sandy | F469: =+IF(E469=0,"",IF(E469="DFR","CP","Pipe")) -> Pipe | H469: =Foundation!H470 -> Vishwakarma Construction
A470: =+SUBTOTAL(3,$G$7:$G470) -> 449 | B470: =Foundation!B471 -> 45901 | C470: =Foundation!C471 -> 6/0 | D470: =Foundation!D471 -> DB2+9 | E470: =Foundation!E471 -> DRY | F470: =+IF(E470=0,"",IF(E470="DFR","CP","Pipe")) -> Pipe | H470: =Foundation!H471 -> Dhakad Enterprises
A471: =+SUBTOTAL(3,$G$7:$G471) -> 449 | B471: =Foundation!B472 -> 45901 | C471: =Foundation!C472 -> 5/0 | D471: =Foundation!D472 -> DB1+9 | E471: =Foundation!E472 -> DRY | F471: =+IF(E471=0,"",IF(E471="DFR","CP","Pipe")) -> Pipe | H471: =Foundation!H472 -> Dhakad Enterprises
A472: =+SUBTOTAL(3,$G$7:$G472) -> 450 | B472: =Foundation!B473 -> 45901 | C472: =Foundation!C473 -> 10/16 | D472: =Foundation!D473 -> DA+3 | E472: =Foundation!E473 -> DRY | F472: =+IF(E472=0,"",IF(E472="DFR","CP","Pipe")) -> Pipe | G472: 45920 | H472: =Foundation!H473 -> Jsr Infrastructure | I472: 45901
A473: =+SUBTOTAL(3,$G$7:$G473) -> 450 | B473: =Foundation!B474 -> 45901 | C473: =Foundation!C474 -> 11/0 | D473: =Foundation!D474 -> DB1+0 | E473: =Foundation!E474 -> Sandy | F473: =+IF(E473=0,"",IF(E473="DFR","CP","Pipe")) -> Pipe | H473: =Foundation!H474 -> Om Construction_Chandrapal
A474: =+SUBTOTAL(3,$G$7:$G474) -> 450 | B474: =Foundation!B475 -> 45901 | C474: =Foundation!C475 -> 22/10 | D474: =Foundation!D475 -> DA+6 | E474: =Foundation!E475 -> Sandy | F474: =+IF(E474=0,"",IF(E474="DFR","CP","Pipe")) -> Pipe | H474: =Foundation!H475 -> Vishwakarma Construction
A475: =+SUBTOTAL(3,$G$7:$G475) -> 451 | B475: =Foundation!B476 -> 45901 | C475: =Foundation!C476 -> 10/15 | D475: =Foundation!D476 -> DA+3 | E475: =Foundation!E476 -> DRY | F475: =+IF(E475=0,"",IF(E475="DFR","CP","Pipe")) -> Pipe | G475: 45920 | H475: =Foundation!H476 -> Jsr Infrastructure | I475: 45901
A476: =+SUBTOTAL(3,$G$7:$G476) -> 451 | B476: =Foundation!B477 -> 45901 | C476: =Foundation!C477 -> 11/3 | D476: =Foundation!D477 -> DA+0 | E476: =Foundation!E477 -> Sandy | F476: =+IF(E476=0,"",IF(E476="DFR","CP","Pipe")) -> Pipe | H476: =Foundation!H477 -> Om Construction_Chandrapal
A477: =+SUBTOTAL(3,$G$7:$G477) -> 451 | B477: =Foundation!B478 -> 45901 | C477: =Foundation!C478 -> 7/0 | D477: =Foundation!D478 -> DB1+0 | E477: =Foundation!E478 -> DRY | F477: =+IF(E477=0,"",IF(E477="DFR","CP","Pipe")) -> Pipe | H477: =Foundation!H478 -> Dhakad Enterprises
A478: =+SUBTOTAL(3,$G$7:$G478) -> 451 | B478: =Foundation!B479 -> 45931 | C478: =Foundation!C479 -> 10/10 | D478: =Foundation!D479 -> DA+3 | E478: =Foundation!E479 -> Sandy | F478: =+IF(E478=0,"",IF(E478="DFR","CP","Pipe")) -> Pipe | H478: =Foundation!H479 -> Jsr Infrastructure
A479: =+SUBTOTAL(3,$G$7:$G479) -> 451 | B479: =Foundation!B480 -> 45931 | C479: =Foundation!C480 -> 10/23 | D479: =Foundation!D480 -> DA+0 | E479: =Foundation!E480 -> Sandy | F479: =+IF(E479=0,"",IF(E479="DFR","CP","Pipe")) -> Pipe | H479: =Foundation!H480 -> Om Construction_Chandrapal
A480: =+SUBTOTAL(3,$G$7:$G480) -> 451 | B480: =Foundation!B481 -> 45931 | C480: =Foundation!C481 -> 21/8 | D480: =Foundation!D481 -> DA+6 | E480: =Foundation!E481 -> DRY | F480: =+IF(E480=0,"",IF(E480="DFR","CP","Pipe")) -> Pipe | H480: =Foundation!H481 -> Vishwakarma Construction
A481: =+SUBTOTAL(3,$G$7:$G481) -> 451 | B481: =Foundation!B482 -> 45931 | C481: =Foundation!C482 -> 10/22 | D481: =Foundation!D482 -> DA+0 | E481: =Foundation!E482 -> Sandy | F481: =+IF(E481=0,"",IF(E481="DFR","CP","Pipe")) -> Pipe | H481: =Foundation!H482 -> Om Construction_Chandrapal
A482: =+SUBTOTAL(3,$G$7:$G482) -> 451 | B482: =Foundation!B483 -> 45931 | C482: =Foundation!C483 -> 8/3 | D482: =Foundation!D483 -> DA+0 | E482: =Foundation!E483 -> DRY | F482: =+IF(E482=0,"",IF(E482="DFR","CP","Pipe")) -> Pipe | H482: =Foundation!H483 -> Jsr Infrastructure
A483: =+SUBTOTAL(3,$G$7:$G483) -> 451 | B483: =Foundation!B484 -> 45931 | C483: =Foundation!C484 -> 19/4 | D483: =Foundation!D484 -> DA+0 | E483: =Foundation!E484 -> DRY | F483: =+IF(E483=0,"",IF(E483="DFR","CP","Pipe")) -> Pipe | H483: =Foundation!H484 -> Vishwakarma Construction
A484: =+SUBTOTAL(3,$G$7:$G484) -> 451 | B484: =Foundation!B485 -> 45931 | C484: =Foundation!C485 -> 21/6 | D484: =Foundation!D485 -> DA+3 | E484: =Foundation!E485 -> DRY | F484: =+IF(E484=0,"",IF(E484="DFR","CP","Pipe")) -> Pipe | H484: =Foundation!H485 -> Vishwakarma Construction
A485: =+SUBTOTAL(3,$G$7:$G485) -> 451 | B485: =Foundation!B486 -> 45962 | C485: =Foundation!C486 -> 26/8 | D485: =Foundation!D486 -> DA+6 | E485: =Foundation!E486 -> DFR | F485: =+IF(E485=0,"",IF(E485="DFR","CP","Pipe")) -> CP | H485: =Foundation!H486 -> Vishwakarma Construction
A486: =+SUBTOTAL(3,$G$7:$G486) -> 451 | B486: =Foundation!B487 -> 45962 | C486: =Foundation!C487 -> 22/0 | D486: =Foundation!D487 -> DB2+3 | E486: =Foundation!E487 -> DRY | F486: =+IF(E486=0,"",IF(E486="DFR","CP","Pipe")) -> Pipe | H486: =Foundation!H487 -> Vishwakarma Construction
A487: =+SUBTOTAL(3,$G$7:$G487) -> 451 | B487: =Foundation!B488 -> 45962 | C487: =Foundation!C488 -> 13/4 | D487: =Foundation!D488 -> DA+3 | E487: =Foundation!E488 -> DRY | F487: =+IF(E487=0,"",IF(E487="DFR","CP","Pipe")) -> Pipe | H487: =Foundation!H488 -> Vishwakarma Construction
... A493: =+SUBTOTAL(3,$G$7:$G493) -> 451 | B493: =Foundation!B494 -> Sr. No. | C493: =Foundation!C494 -> Loc no | D493: =Foundation!D494 -> TOT | E493: =Foundation!E494 -> FDN Status | F493: =+IF(E493=0,"",IF(E493="DFR","CP","Pipe")) -> Pipe | H493: =Foundation!H494 -> Gang Name
A494: =+SUBTOTAL(3,$G$7:$G494) -> 451 | B494: =Foundation!B495 -> 0 | C494: =Foundation!#REF! -> #REF! | D494: =Foundation!#REF! -> #REF! | E494: =Foundation!#REF! -> #REF! | F494: =+IF(E494=0,"",IF(E494="DFR","CP","Pipe")) -> #REF! | H494: =Foundation!#REF! -> #REF!
...

Sheet Erection Productivity
A1: Sr no | B1: Item | C1: Unit | D1: Total | E1: Comp Qty | F1: Bal Qty | G1: Aug'25 | J1: Remarks
D2: Qty | E2: 31.08.25 | F2: 01.08.25 | G2: Plan | H2: WIP | I2: Actual
A3: 1 | B3: Erection | C3: Nos | D3: 485 | E3: 303 | F3: =+D3-E3 -> 182 | G3: 87 | H3: 18 | I3: 6
A4: 2 | B4: Stringing | C4: KM | D4: 191.3 | E4: 43.51 | F4: =+D4-E4 -> 147.79 | G4: 0 | H4: =SUM('Stringing Productivity'!E4:E5) -> 0 | I4: 0
AS5: =+E90/17 -> 0 | BE5: =+E106/15 -> 0
A7: Gang Wise Output
A8: Sr. No. | B8: Sub-Contractor Name | C8: WIP | F8: Start Date | G8: Comp Date | H8: Output -01.08.25 | I8: Output -02.08.25 | J8: Output -03.08.25 | K8: Output -04.08.25 | L8: Output -05.08.25 | M8: Output -06.08.25 | N8: Output -07.08.25 | O8: Output -08.08.25 | P8: Output -09.08.25 | Q8: Output -10.08.25 | R8: Output -11.08.25 | S8: Output -12.08.25 | T8: Output -13.08.25 | U8: Output -14.08.25 | V8: Output -15.08.25 | W8: Output -16.08.25 | X8: Output -17.08.25 | Y8: Output -18.08.25 | Z8: Output -19.08.25 | AA8: Output -20.08.25 | AB8: Output -21.08.25 | AC8: Output -22.08.25 | AD8: Output -23.08.25 | AE8: Output -24.08.25 | AF8: Output -25.08.25 | AG8: Output -26.08.25 | AH8: Output -27.08.25 | AI8: Output -28.08.25 | AJ8: Output -29.08.25 | AK8: Output -30.08.25 | AL8: Output -31.08.25 | AM8: Output -01.09.25 | AN8: Output -02.09.25 | AO8: Output -03.09.25 | AP8: Output -04.09.25 | AQ8: Output -05.09.25 | AR8: Output -06.09.25 | AS8: Output -07.09.25 | AT8: Output -08.09.25 | AU8: Output -09.09.25 | AV8: Output -10.09.25 | AW8: Output -11.09.25 | AX8: Output -12.09.25 | AY8: Output -13.09.25 | AZ8: Output -14.09.25 | BA8: Output -15.09.25 | BB8: Output -16.09.25 | BC8: Output -17.09.25 | BD8: Output -18.09.25 | BE8: Output -19.09.25 | BF8: Output -20.09.25 | BG8: Output -21.09.25 | BH8: Output -22.09.25 | BI8: Output -23.09.25 | BJ8: Output -24.09.25 | BK8: Output -25.09.25 | BL8: Output -26.09.25 | BM8: Output -27.09.25 | BN8: Output -28.09.25 | BO8: Output -29.09.25 | BP8: Output -30.09.25 | BQ8: Output -31.09.25 | BR8: Cumulative Till dated | BS8: Status
C9: Loc. No. | D9: Type of Tower | E9: Tower Weight
A10: 1 | B10: Arawali-2 | C10: 12/0 | D10: DD60+0 | E10: =+VLOOKUP(C10,'Erection Compiled'!$C$7:$J$333,7,FALSE) -> 0 | F10: 45863 | G10: 45871 | H10: 3.8 | I10: 4.1 | BR10: =+SUM(H10:BQ10) -> 7.9 | BS10: Completed
A11: 2 | B11: Vinay Gupta | C11: 44/7 | D11: DA+9 | E11: =+VLOOKUP(C11,'Erection Compiled'!$C$7:$J$333,7,FALSE) -> 0 | F11: 45864 | G11: 45841 | H11: 4.8 | I11: 4.3 | J11: 5.1 | BR11: =+SUM(H11:BQ11) -> 14.2 | BS11: Completed
A12: 3 | B12: Manish (Pawan) | C12: 44/0 | D12: DB1+3 | E12: =+VLOOKUP(C12,'Erection Compiled'!$C$7:$J$333,7,FALSE) -> 0 | F12: 45867 | G12: 45872 | H12: 8.4 | I12: 7.8 | J12: 8.4 | BR12: =+SUM(H12:BQ12) -> 24.6 | BS12: Completed
A13: 4 | B13: Jwala Singh | C13: 29/1 | D13: DA+3 | E13: =+VLOOKUP(C13,'Erection Compiled'!$C$7:$J$333,7,FALSE) -> 0 | F13: 45868 | G13: 45873 | H13: 7.2 | I13: 7.1 | J13: 6.8 | K13: 8.8 | BR13: =+SUM(H13:BQ13) -> 29.9 | BS13: Completed
A14: 5 | B14: Vinay Gupta | C14: 47/7 | D14: DA+3 | E14: =+VLOOKUP(C14,'Erection Compiled'!$C$7:$J$333,7,FALSE) -> 0 | F14: 45864 | G14: 45874 | H14: 3.6 | I14: 3.2 | J14: 3.7 | K14: 3.9 | L14: 4.1 | BR14: =+SUM(H14:BQ14) -> 18.5 | BS14: Completed
A15: 6 | B15: Priyanka Devi | C15: 19/5 | D15: DA+0 | E15: =+VLOOKUP(C15,'Erection Compiled'!$C$7:$J$333,7,FALSE) -> 0 | F15: 45870 | G15: 45874 | H15: 7.2 | I15: 8.2 | J15: 8.2 | K15: 6.2 | L15: 7.7 | BR15: =+SUM(H15:BQ15) -> 37.5 | BS15: Completed
A16: 7 | B16: Sintu_Pawan (Satyam Enterprises) | C16: 44/10 | D16: DB1+9 | E16: =+VLOOKUP(C16,'Erection Compiled'!$C$7:$J$333,7,FALSE) -> 0 | F16: 45866 | G16: 45875 | H16: 7.9 | I16: 8.2 | J16: 8.3 | K16: 8.1 | L16: 8.6 | BR16: =+SUM(H16:BQ16) -> 41.1 | BS16: Completed
A17: 8 | B17: Pusplata (Kailash) | C17: 30/3 | D17: DA+3 | E17: =+VLOOKUP(C17,'Erection Compiled'!$C$7:$J$333,7,FALSE) -> 0 | F17: 45870 | G17: 45875 | H17: 6.2 | I17: 6.2 | J17: 7.2 | K17: 6.9 | L17: 6.5 | M17: 5.8 | BR17: =+SUM(H17:BQ17) -> 38.8 | BS17: Completed
A18: 9 | B18: Bhairo Mahto | C18: 4/1 | D18: DA+0 | E18: =+VLOOKUP(C18,'Erection Compiled'!$C$7:$J$333,7,FALSE) -> 0 | F18: 45863 | G18: 45878 | H18: 2.9 | I18: 2.7 | J18: 3.2 | K18: 3.5 | L18: 3.8 | M18: 3.1 | N18: 2.9 | O18: 2.8 | P18: 2.7 | BR18: =+SUM(H18:BQ18) -> 27.6 | BS18: Completed
A19: 10 | B19: Pusplata (Praful) | C19: 25/3 | D19: DA+0 | E19: =+VLOOKUP(C19,'Erection Compiled'!$C$7:$J$333,7,FALSE) -> 0 | F19: 45869 | G19: 45878 | H19: 3.3 | I19: 3.8 | J19: 3.2 | K19: 3.8 | L19: 4.2 | M19: 4.5 | N19: 4.1 | O19: 3.8 | P19: 4.1 | BR19: =+SUM(H19:BQ19) -> 34.8 | BS19: Completed
A20: 11 | B20: Nitish (Pawan) | C20: 44/5 | D20: =+VLOOKUP(C20,Foundation!$C$8:$D$495,2,FALSE) -> DA+9 | E20: =+VLOOKUP(C20,'Erection Compiled'!$C$7:$J$333,7,FALSE) -> 0 | F20: 45873 | G20: 45878 | K20: 5.2 | L20: 8.2 | M20: 8.9 | N20: 9.1 | O20: 8.7 | P20: 7.1 | BR20: =+SUM(H20:BQ20) -> 47.2 | BS20: Completed
A21: 12 | B21: Jwala Singh | C21: 8/12 | D21: =+VLOOKUP(C21,Foundation!$C$8:$D$495,2,FALSE) -> DA+0 | E21: =+VLOOKUP(C21,'Erection Compiled'!$C$7:$J$333,7,FALSE) -> 0 | F21: 45873 | G21: 45878 | K21: 5.2 | L21: 6.3 | M21: 6.2 | N21: 6.8 | O21: 6.9 | P21: 6.1 | BR21: =+SUM(H21:BQ21) -> 37.5 | BS21: Completed
A22: 13 | B22: Jwala Singh | C22: 29/0 | D22: =+VLOOKUP(C22,Foundation!$C$8:$D$495,2,FALSE) -> DB1+0 | E22: =+VLOOKUP(C22,'Erection Compiled'!$C$7:$J$333,7,FALSE) -> 0 | F22: 45868 | G22: 45881 | H22: 2.8 | I22: 5.1 | J22: 5.2 | K22: 4.5 | L22: 4.6 | M22: 4.3 | N22: 5.1 | O22: 4.3 | P22: 4.8 | Q22: 5.4 | R22: 4.9 | S22: 6.6 | BR22: =+SUM(H22:BQ22) -> 57.6 | BS22: Completed
A23: 14 | B23: Priyanka Devi | C23: 2/0 | D23: DC1+0 | E23: =+VLOOKUP(C23,'Erection Compiled'!$C$7:$J$333,7,FALSE) -> 0 | F23: 45867 | G23: 45882 | H23: 3.3 | I23: 3.6 | J23: 3.8 | K23: 4.9 | L23: 5.1 | M23: 5.2 | N23: 5.3 | O23: 5.7 | P23: 5.5 | Q23: 5.9 | R23: 6.2 | S23: 5.6 | T23: 6.3 | BR23: =+SUM(H23:BQ23) -> 66.4 | BS23: Completed
A24: 15 | B24: Shobha Devi | C24: 55/8 | D24: =+VLOOKUP(C24,Foundation!$C$8:$D$495,2,FALSE) -> DA+6 | E24: =+VLOOKUP(C24,'Erection Compiled'!$C$7:$J$333,7,FALSE) -> 0 | F24: 45876 | G24: 45882 | N24: 5.7 | O24: 6.9 | P24: 6.2 | Q24: 6.8 | R24: 6.1 | S24: 7.2 | T24: 6.2 | BR24: =+SUM(H24:BQ24) -> 45.1 | BS24: Completed
A25: 16 | B25: Vinay Gupta | C25: 47/2 | D25: =+VLOOKUP(C25,Foundation!$C$8:$D$495,2,FALSE) -> DA+9 | E25: =+VLOOKUP(C25,'Erection Compiled'!$C$7:$J$333,7,FALSE) -> 0 | F25: 45873 | G25: 45885 | K25: 3.1 | L25: 3.4 | M25: 4.9 | N25: 2.1 | O25: 3.2 | P25: 3.8 | Q25: 4.1 | R25: 4.1 | S25: 4.7 | T25: 4.9 | U25: 4.1 | W25: 4.7 | BR25: =+SUM(H25:BQ25) -> 47.1 | BS25: Completed
A26: 17 | B26: Satyam Enterprises | C26: 44/6 | D26: =+VLOOKUP(C26,Foundation!$C$8:$D$495,2,FALSE) -> DB1+3 | E26: =+VLOOKUP(C26,'Erection Compiled'!$C$7:$J$333,7,FALSE) -> 0 | F26: 45878 | G26: 45885 | P26: 6.8 | Q26: 9.3 | R26: 9.7 | S26: 8.1 | T26: 8.3 | U26: 8.2 | W26: 9.7 | BR26: =+SUM(H26:BQ26) -> 60.1 | BS26: Completed
A27: 18 | B27: Sheetal Singh | C27: 2/3 | D27: =+VLOOKUP(C27,Foundation!$C$8:$D$495,2,FALSE) -> DA+3 | E27: =+VLOOKUP(C27,'Erection Compiled'!$C$7:$J$333,7,FALSE) -> 0 | F27: 45873 | G27: 45886 | K27: 2.7714286 | L27: 2.7714286 | M27: 2.7714286 | N27: 2.7714286 | O27: 2.7714286 | P27: 2.7714286 | Q27: 2.7714286 | R27: 2.7714286 | S27: 2.7714286 | T27: 2.7714286 | U27: 2.7714286 | V27: 2.7714286 | W27: 2.7714286 | X27: 2.7714286 | BR27: =+SUM(H27:BQ27) -> 38.8 | BS27: Completed
A28: 19 | B28: Sintu_Pawan (Satyam Enterprises) | C28: 45/0 | D28: =+VLOOKUP(C28,Foundation!$C$8:$D$495,2,FALSE) -> DC2+0 | E28: =+VLOOKUP(C28,'Erection Compiled'!$C$7:$J$333,7,FALSE) -> 0 | F28: 45875 | G28: 45886 | M28: 5.53175 | N28: 5.53175 | O28: 5.53175 | P28: 5.53175 | Q28: 5.53175 | R28: 5.53175 | S28: 5.53175 | T28: 5.53175 | U28: 5.53175 | V28: 5.53175 | W28: 5.53175 | X28: 5.53175 | BR28: =+SUM(H28:BQ28) -> 66.381 | BS28: Completed
A29: 20 | B29: Pusplata (Kailash) | C29: 30/5 | D29: =+VLOOKUP(C29,Foundation!$C$8:$D$495,2,FALSE) -> DA+3 | E29: =+VLOOKUP(C29,'Erection Compiled'!$C$7:$J$333,7,FALSE) -> 0 | F29: 45875 | G29: 45886 | M29: 3.2333333 | N29: 3.2333333 | O29: 3.2333333 | P29: 3.2333333 | Q29: 3.2333333 | R29: 3.2333333 | S29: 3.2333333 | T29: 3.2333333 | U29: 3.2333333 | V29: 3.2333333 | W29: 3.2333333 | X29: 3.2333333 | BR29: =+SUM(H29:BQ29) -> 38.8 | BS29: Completed
A30: 21 | B30: Pusplata (Ramchandra) | C30: 27/4 | D30: =+VLOOKUP(C30,Foundation!$C$8:$D$495,2,FALSE) -> DA+3 | E30: =+VLOOKUP(C30,'Erection Compiled'!$C$7:$J$333,7,FALSE) -> 0 | F30: 45878 | G30: 45886 | P30: 4.3111111 | Q30: 4.3111111 | R30: 4.3111111 | S30: 4.3111111 | T30: 4.3111111 | U30: 4.3111111 | V30: 4.3111111 | W30: 4.3111111 | X30: 4.3111111 | BR30: =+SUM(H30:BQ30) -> 38.8 | BS30: Completed
A31: 22 | B31: Rahul Kumar | C31: 40/3 | D31: =+VLOOKUP(C31,Foundation!$C$8:$D$495,2,FALSE) -> DA+3 | E31: =+VLOOKUP(C31,'Erection Compiled'!$C$7:$J$333,7,FALSE) -> 0 | F31: 45879 | G31: 45886 | Q31: 4.85 | R31: 4.85 | S31: 4.85 | T31: 4.85 | U31: 4.85 | V31: 4.85 | W31: 4.85 | X31: 4.85 | BR31: =+SUM(H31:BQ31) -> 38.8 | BS31: Completed
A32: 23 | B32: Sobha Devi | C32: 55/7 | D32: =+VLOOKUP(C32,Foundation!$C$8:$D$495,2,FALSE) -> DA+0 | E32: =+VLOOKUP(C32,'Erection Compiled'!$C$7:$J$333,7,FALSE) -> 0 | F32: 45882 | G32: 45886 | T32: 7.5 | U32: 7.5 | V32: 7.5 | W32: 7.5 | X32: 7.5 | BR32: =+SUM(H32:BQ32) -> 37.5 | BS32: Completed
A33: 24 | B33: Satyam-Manish | C33: 43/11 | D33: =+VLOOKUP(C33,Foundation!$C$8:$D$495,2,FALSE) -> DA+3 | E33: =+VLOOKUP(C33,'Erection Compiled'!$C$7:$J$333,7,FALSE) -> 0 | F33: 45881 | G33: 45887 | S33: 5.5428571 | T33: 5.5428571 | U33: 5.5428571 | V33: 5.5428571 | W33: 5.5428571 | X33: 5.5428571 | Y33: 5.5428571 | BR33: =+SUM(H33:BQ33) -> 38.8 | BS33: Completed
A34: 25 | B34: Pusplata_Pankaj | C34: 17/4 | D34: =+VLOOKUP(C34,Foundation!$C$8:$D$495,2,FALSE) -> DA+3 | E34: =+VLOOKUP(C34,'Erection Compiled'!$C$7:$J$333,7,FALSE) -> 0 | F34: 45882 | G34: 45887 | T34: 6.4666667 | U34: 6.4666667 | V34: 6.4666667 | W34: 6.4666667 | X34: 6.4666667 | Y34: 6.4666667 | BR34: =+SUM(H34:BQ34) -> 38.8 | BS34: Completed
A35: 26 | B35: Usha Tower | C35: 2/5 | D35: =+VLOOKUP(C35,Foundation!$C$8:$D$495,2,FALSE) -> DA+3 | E35: =+VLOOKUP(C35,'Erection Compiled'!$C$7:$J$333,7,FALSE) -> 0 | F35: 45873 | G35: 45888 | K35: 2.2 | L35: 2.5 | M35: 2.5 | N35: 2.8 | O35: 2.9 | P35: 2.1 | Q35: 2.7 | R35: 3.1 | S35: 1.9 | T35: 2.4 | U35: 2.7 | W35: 2.9 | X35: 2.1 | Y35: 2.3 | Z35: 2.7 | BR35: =+SUM(H35:BQ35) -> 37.8 | BS35: Completed
A36: 27 | B36: Jwala Singh | C36: 28/5 | D36: =+VLOOKUP(C36,Foundation!$C$8:$D$495,2,FALSE) -> DA+9 | E36: =+VLOOKUP(C36,'Erection Compiled'!$C$7:$J$333,7,FALSE) -> 0 | F36: 45881 | G36: 45888 | S36: 6.9 | T36: 6.4 | U36: 7.1 | W36: 6.9 | X36: 6.2 | Y36: 6.7 | Z36: 6.9 | BR36: =+SUM(H36:BQ36) -> 47.1 | BS36: Completed
A37: 28 | B37: Bhairo Mahto | C37: 1/0 | D37: DD60+0 | E37: =+VLOOKUP(C37,'Erection Compiled'!$C$7:$J$333,7,FALSE) -> 0 | F37: 45845 | G37: 45889 | H37: 2.9 | I37: 3.1 | J37: 2.8 | K37: 2.2 | L37: 2.5 | M37: 2.5 | N37: 2.8 | O37: 2.9 | P37: 2.1 | Q37: 2.7 | R37: 3.1 | S37: 1.9 | T37: 2.4 | U37: 2.7 | W37: 2.9 | X37: 2.1 | Y37: 2.3 | Z37: 2.7 | AA37: 2.9 | BR37: =+SUM(H37:BQ37) -> 49.5 | BS37: Completed
A38: 29 | B38: Gauri Shankar | C38: 41/1 | D38: =+VLOOKUP(C38,Foundation!$C$8:$D$495,2,FALSE) -> DB1+9 | E38: =+VLOOKUP(C38,'Erection Compiled'!$C$7:$J$333,7,FALSE) -> 0 | F38: 45879 | G38: =+VLOOKUP(C38,'Erection Compiled'!$C$189:$G$309,4,FALSE) -> 45879 | Q38: 4.5 | R38: 6.7 | S38: 7.2 | T38: 7.6 | U38: 7.9 | W38: 7.1 | X38: 6.9 | Y38: 7.5 | Z38: 7.2 | AA38: 8.1 | BR38: =+SUM(H38:BQ38) -> 70.7 | BS38: Completed
A39: 30 | B39: Bhairo Mahto | C39: 4/2 | D39: DA+0 | E39: =+VLOOKUP(C39,'Erection Compiled'!$C$7:$J$333,7,FALSE) -> 0 | F39: 45868 | G39: =+VLOOKUP(C39,'Erection Compiled'!$C$189:$G$309,4,FALSE) -> 45868 | H39: 1.5626822 | I39: 1.5626822 | J39: 1.5626822 | K39: 1.5626822 | L39: 1.5626822 | M39: 1.5626822 | N39: 1.5626822 | O39: 1.5626822 | P39: 1.5626822 | Q39: 1.5626822 | R39: 1.5626822 | S39: 1.5626822 | T39: 1.5626822 | U39: 1.5626822 | V39: 1.5626822 | W39: 1.5626822 | X39: 1.5626822 | Y39: 1.5626822 | Z39: 1.5626822 | AA39: 1.5626822 | AB39: 1.5626822 | AC39: 1.5626822 | BR39: =+SUM(H39:BQ39) -> 34.379008 | BS39: Completed
A40: 31 | B40: Vinay Gupta | C40: 47/4 | D40: =+VLOOKUP(C40,Foundation!$C$8:$D$495,2,FALSE) -> DA+3 | E40: =+VLOOKUP(C40,'Erection Compiled'!$C$7:$J$333,7,FALSE) -> 0 | F40: 45875 | G40: =+VLOOKUP(C40,'Erection Compiled'!$C$189:$G$309,4,FALSE) -> 45875 | M40: 2.2823529 | N40: 2.2823529 | O40: 2.2823529 | P40: 2.2823529 | Q40: 2.2823529 | R40: 2.2823529 | S40: 2.2823529 | T40: 2.2823529 | U40: 2.2823529 | V40: 2.2823529 | W40: 2.2823529 | X40: 2.2823529 | Y40: 2.2823529 | Z40: 2.2823529 | AA40: 2.2823529 | AB40: 2.2823529 | AC40: 2.2823529 | BR40: =+SUM(H40:BQ40) -> 38.8 | BS40: Completed
A41: 32 | B41: Satyam Enterprises | C41: 44/9 | D41: =+VLOOKUP(C41,Foundation!$C$8:$D$495,2,FALSE) -> DA+9 | E41: =+VLOOKUP(C41,'Erection Compiled'!$C$7:$J$333,7,FALSE) -> 0 | F41: =+VLOOKUP(C41,'Erection Compiled'!$C$189:$G$309,3,FALSE) -> Sandy | G41: =+VLOOKUP(C41,'Erection Compiled'!$C$189:$G$309,4,FALSE) -> 45886 | X41: 5.898 | Y41: 5.898 | Z41: 5.898 | AA41: 5.898 | AB41: 5.898 | AC41: 5.898 | AD41: 5.898 | AE41: 5.898 | BR41: =+SUM(H41:BQ41) -> 47.184 | BS41: Completed
A42: 33 | B42: Pusplata (Kailash) | C42: 30/6 | D42: =+VLOOKUP(C42,Foundation!$C$8:$D$495,2,FALSE) -> DA+0 | E42: =+VLOOKUP(C42,'Erection Compiled'!$C$7:$J$333,7,FALSE) -> 0 | F42: =+VLOOKUP(C42,'Erection Compiled'!$C$189:$G$309,3,FALSE) -> DRY | G42: =+VLOOKUP(C42,'Erection Compiled'!$C$189:$G$309,4,FALSE) -> 45886 | X42: 7.5008744 | Y42: 7.5008744 | Z42: 7.5008744 | AA42: 7.5008744 | AB42: 7.5008744 | BR42: =+SUM(H42:BQ42) -> 37.504372 | BS42: Completed
A43: 34 | B43: Jwala Singh | C43: 28/2 | D43: =+VLOOKUP(C43,Foundation!$C$8:$D$495,2,FALSE) -> DA+0 | E43: =+VLOOKUP(C43,'Erection Compiled'!$C$7:$J$333,7,FALSE) -> 0 | F43: =+VLOOKUP(C43,'Erection Compiled'!$C$189:$G$309,3,FALSE) -> DFR | G43: =+VLOOKUP(C43,'Erection Compiled'!$C$189:$G$309,4,FALSE) -> 45888 | Z43: 5.3577674 | AA43: 5.3577674 | AB43: 5.3577674 | AC43: 5.3577674 | AD43: 5.3577674 | AE43: 5.3577674 | AF43: 5.3577674 | BR43: =+SUM(H43:BQ43) -> 37.504372 | BS43: Completed
A44: 35 | B44: Vinay Construction | C44: 47/3 | D44: =+VLOOKUP(C44,Foundation!$C$8:$D$495,2,FALSE) -> DA+9 | E44: =+VLOOKUP(C44,'Erection Compiled'!$C$7:$J$333,7,FALSE) -> 0 | F44: =+VLOOKUP(C44,'Erection Compiled'!$C$189:$G$309,3,FALSE) -> Sandy | G44: =+VLOOKUP(C44,'Erection Compiled'!$C$189:$G$309,4,FALSE) -> 45886 | X44: 3.6295385 | Y44: 3.6295385 | Z44: 3.6295385 | AA44: 3.6295385 | AB44: 3.6295385 | AC44: 3.6295385 | AD44: 3.6295385 | AE44: 3.6295385 | AF44: 3.6295385 | AG44: 3.6295385 | AH44: 3.6295385 | AI44: 3.6295385 | AJ44: 3.6295385 | BR44: =+SUM(H44:BQ44) -> 47.184 | BS44: Completed
A45: 36 | B45: Rahul Kumar | C45: 40/2 | D45: =+VLOOKUP(C45,Foundation!$C$8:$D$495,2,FALSE) -> DA+3 | E45: =+VLOOKUP(C45,'Erection Compiled'!$C$7:$J$333,7,FALSE) -> 0 | F45: =+VLOOKUP(C45,'Erection Compiled'!$C$189:$G$309,3,FALSE) -> Sandy | G45: =+VLOOKUP(C45,'Erection Compiled'!$C$189:$G$309,4,FALSE) -> 45887 | Y45: 5.5428571 | Z45: 5.5428571 | AA45: 5.5428571 | AB45: 5.5428571 | AC45: 5.5428571 | AD45: 5.5428571 | AE45: 5.5428571 | BR45: =+SUM(H45:BQ45) -> 38.8 | BS45: Completed
A46: 37 | B46: Pusplata | C46: 18/0 | D46: =+VLOOKUP(C46,Foundation!$C$8:$D$495,2,FALSE) -> DC2+0 | E46: =+VLOOKUP(C46,'Erection Compiled'!$C$7:$J$333,7,FALSE) -> 0 | F46: =+VLOOKUP(C46,'Erection Compiled'!$C$189:$G$309,3,FALSE) -> DRY | G46: =+VLOOKUP(C46,'Erection Compiled'!$C$189:$G$309,4,FALSE) -> 45887 | Y46: 8.297625 | Z46: 8.297625 | AA46: 8.297625 | AB46: 8.297625 | AC46: 8.297625 | AD46: 8.297625 | AE46: 8.297625 | AF46: 8.297625 | BR46: =+SUM(H46:BQ46) -> 66.381 | BS46: Completed
A47: 38 | B47: Pusplata (Dharamveer) | C47: 27/1 | D47: =+VLOOKUP(C47,Foundation!$C$8:$D$495,2,FALSE) -> DA+3 | E47: =+VLOOKUP(C47,'Erection Compiled'!$C$7:$J$333,7,FALSE) -> 0 | F47: =+VLOOKUP(C47,'Erection Compiled'!$C$189:$G$309,3,FALSE) -> DFR | G47: =+VLOOKUP(C47,'Erection Compiled'!$C$189:$G$309,4,FALSE) -> 45885 | W47: 4.85 | X47: 4.85 | Y47: 4.85 | Z47: 4.85 | AA47: 4.85 | AB47: 4.85 | AC47: 4.85 | AD47: 4.85 | BR47: =+SUM(H47:BQ47) -> 38.8 | BS47: Completed
A48: 39 | B48: Jirwa Devi | C48: 52/3 | D48: =+VLOOKUP(C48,Foundation!$C$8:$D$495,2,FALSE) -> DA+9 | E48: =+VLOOKUP(C48,'Erection Compiled'!$C$7:$J$333,7,FALSE) -> 0 | F48: =+VLOOKUP(C48,'Erection Compiled'!$C$189:$G$309,3,FALSE) -> Sandy | G48: =+VLOOKUP(C48,'Erection Compiled'!$C$189:$G$309,4,FALSE) -> 45886 | X48: 3.3702857 | Y48: 3.3702857 | Z48: 3.3702857 | AA48: 3.3702857 | AB48: 3.3702857 | AC48: 3.3702857 | AD48: 3.3702857 | BR48: =+SUM(H48:BQ48) -> 23.592 | BS48: Completed
A49: 40 | B49: Sunny Construction | C49: 55/1 | D49: =+VLOOKUP(C49,Foundation!$C$8:$D$495,2,FALSE) -> DA+0 | E49: =+VLOOKUP(C49,'Erection Compiled'!$C$7:$J$333,7,FALSE) -> 0 | F49: =+VLOOKUP(C49,'Erection Compiled'!$C$189:$G$309,3,FALSE) -> WFR | G49: =+VLOOKUP(C49,'Erection Compiled'!$C$189:$G$309,4,FALSE) -> 45886 | X49: 4.6880465 | Y49: 4.6880465 | Z49: 4.6880465 | AA49: 4.6880465 | AB49: 4.6880465 | AC49: 4.6880465 | AD49: 4.6880465 | AE49: 4.6880465 | BR49: =+SUM(H49:BQ49) -> 37.504372 | BS49: Completed
A50: 41 | B50: Chinta Devi | C50: 44/11 | D50: =+VLOOKUP(C50,Foundation!$C$8:$D$495,2,FALSE) -> DA+0 | E50: =+VLOOKUP(C50,'Erection Compiled'!$C$7:$J$333,7,FALSE) -> 0 | F50: =+VLOOKUP(C50,'Erection Compiled'!$C$189:$G$309,3,FALSE) -> Sandy | G50: =+VLOOKUP(C50,'Erection Compiled'!$C$189:$G$309,4,FALSE) -> 45888 | Z50: 5.3577674 | AA50: 5.3577674 | AB50: 5.3577674 | AC50: 5.3577674 | AD50: 5.3577674 | AE50: 5.3577674 | AF50: 5.3577674 | BR50: =+SUM(H50:BQ50) -> 37.504372 | BS50: Completed
A51: 42 | B51: Pusplata (Ashok) | C51: 4/4 | D51: =+VLOOKUP(C51,Foundation!$C$8:$D$495,2,FALSE) -> DA+0 | E51: =+VLOOKUP(C51,'Erection Compiled'!$C$7:$J$333,7,FALSE) -> 0 | F51: =+VLOOKUP(C51,'Erection Compiled'!$C$189:$G$309,3,FALSE) -> DRY | G51: =+VLOOKUP(C51,'Erection Compiled'!$C$189:$G$309,4,FALSE) -> 45889 | AA51: 6.2507287 | AB51: 6.2507287 | AC51: 6.2507287 | AD51: 6.2507287 | AE51: 6.2507287 | AF51: 6.2507287 | BR51: =+SUM(H51:BQ51) -> 37.504372 | BS51: Completed
A52: 43 | B52: Sobha Devi | C52: 57/2 | D52: =+VLOOKUP(C52,Foundation!$C$8:$D$495,2,FALSE) -> DA+3 | E52: =+VLOOKUP(C52,'Erection Compiled'!$C$7:$J$333,7,FALSE) -> 0 | F52: =+VLOOKUP(C52,'Erection Compiled'!$C$189:$G$309,3,FALSE) -> DRY | G52: =+VLOOKUP(C52,'Erection Compiled'!$C$189:$G$309,4,FALSE) -> 45890 | AB52: 7.76 | AC52: 7.76 | AD52: 7.76 | AE52: 7.76 | AF52: 7.76 | BR52: =+SUM(H52:BQ52) -> 38.8 | BS52: Completed
A53: 44 | B53: =+VLOOKUP(C53,'Erection Compiled'!$C$186:$H$309,5,FALSE) -> 45895 | C53: 31/1 | D53: =+VLOOKUP(C53,Foundation!$C$8:$D$495,2,FALSE) -> DA+0 | E53: =+VLOOKUP(C53,'Erection Compiled'!$C$7:$J$333,7,FALSE) -> 0 | F53: =+VLOOKUP(C53,'Erection Compiled'!$C$189:$G$309,3,FALSE) -> DRY | G53: =+VLOOKUP(C53,'Erection Compiled'!$C$189:$G$309,4,FALSE) -> 45891 | AC53: 7.5008744 | AD53: 7.5008744 | AE53: 7.5008744 | AF53: 7.5008744 | AG53: 7.5008744 | BR53: =+SUM(H53:BQ53) -> 37.504372 | BS53: Completed
A54: 45 | B54: =+VLOOKUP(C54,'Erection Compiled'!$C$186:$H$309,5,FALSE) -> 45898 | C54: 57/1 | D54: =+VLOOKUP(C54,Foundation!$C$8:$D$495,2,FALSE) -> DA+0 | E54: =+VLOOKUP(C54,'Erection Compiled'!$C$7:$J$333,7,FALSE) -> 0 | F54: =+VLOOKUP(C54,'Erection Compiled'!$C$189:$G$309,3,FALSE) -> Sandy | G54: =+VLOOKUP(C54,'Erection Compiled'!$C$189:$G$309,4,FALSE) -> 45890 | AB54: 4.1671524 | AC54: 4.1671524 | AD54: 4.1671524 | AE54: 4.1671524 | AF54: 4.1671524 | AG54: 4.1671524 | AH54: 4.1671524 | AI54: 4.1671524 | AJ54: 4.1671524 | BR54: =+SUM(H54:BQ54) -> 37.504372 | BS54: Completed
A55: 46 | B55: =+VLOOKUP(C55,'Erection Compiled'!$C$186:$H$309,5,FALSE) -> 45899 | C55: 30/1 | D55: =+VLOOKUP(C55,Foundation!$C$8:$D$495,2,FALSE) -> DA+0 | E55: =+VLOOKUP(C55,'Erection Compiled'!$C$7:$J$333,7,FALSE) -> 0 | F55: =+VLOOKUP(C55,'Erection Compiled'!$C$189:$G$309,3,FALSE) -> Sandy | G55: =+VLOOKUP(C55,'Erection Compiled'!$C$189:$G$309,4,FALSE) -> 45894 | AF55: 6.2507287 | AG55: 6.2507287 | AH55: 6.2507287 | AI55: 6.2507287 | AJ55: 6.2507287 | AK55: 6.2507287 | BR55: =+SUM(H55:BQ55) -> 37.504372 | BS55: Completed
A56: 47 | B56: =+VLOOKUP(C56,'Erection Compiled'!$C$186:$H$309,5,FALSE) -> 45899 | C56: 43/10 | D56: =+VLOOKUP(C56,Foundation!$C$8:$D$495,2,FALSE) -> DA+3 | E56: =+VLOOKUP(C56,'Erection Compiled'!$C$7:$J$333,7,FALSE) -> 0 | F56: =+VLOOKUP(C56,'Erection Compiled'!$C$189:$G$309,3,FALSE) -> Sandy | G56: =+VLOOKUP(C56,'Erection Compiled'!$C$189:$G$309,4,FALSE) -> 45894 | AF56: 6.4666667 | AG56: 6.4666667 | AH56: 6.4666667 | AI56: 6.4666667 | AJ56: 6.4666667 | AK56: 6.4666667 | BR56: =+SUM(H56:BQ56) -> 38.8 | BS56: Completed
A57: 48 | B57: =+VLOOKUP(C57,'Erection Compiled'!$C$186:$H$309,5,FALSE) -> 45899 | C57: 36/2 | D57: =+VLOOKUP(C57,Foundation!$C$8:$D$495,2,FALSE) -> DA+0 | E57: =+VLOOKUP(C57,'Erection Compiled'!$C$7:$J$333,7,FALSE) -> 0 | F57: =+VLOOKUP(C57,'Erection Compiled'!$C$189:$G$309,3,FALSE) -> Sandy | G57: =+VLOOKUP(C57,'Erection Compiled'!$C$189:$G$309,4,FALSE) -> 45891 | AC57: 4.1671524 | AD57: 4.1671524 | AE57: 4.1671524 | AF57: 4.1671524 | AG57: 4.1671524 | AH57: 4.1671524 | AI57: 4.1671524 | AJ57: 4.1671524 | AK57: 4.1671524 | BR57: =+SUM(H57:BQ57) -> 37.504372 | BS57: Completed
A58: 49 | B58: =+VLOOKUP(C58,'Erection Compiled'!$C$186:$H$309,5,FALSE) -> 45900 | C58: 8/1 | D58: =+VLOOKUP(C58,Foundation!$C$8:$D$495,2,FALSE) -> DA+3 | E58: =+VLOOKUP(C58,'Erection Compiled'!$C$7:$J$333,7,FALSE) -> 0 | F58: =+VLOOKUP(C58,'Erection Compiled'!$C$189:$G$309,3,FALSE) -> DRY | G58: =+VLOOKUP(C58,'Erection Compiled'!$C$189:$G$309,4,FALSE) -> 45892 | AD58: 4.3111111 | AE58: 4.3111111 | AF58: 4.3111111 | AG58: 4.3111111 | AH58: 4.3111111 | AI58: 4.3111111 | AJ58: 4.3111111 | AK58: 4.3111111 | AL58: 4.3111111 | BR58: =+SUM(H58:BQ58) -> 38.8 | BS58: Completed
A59: 50 | B59: =+VLOOKUP(C59,'Erection Compiled'!$C$186:$H$309,5,FALSE) -> 45900 | C59: 54/5 | D59: =+VLOOKUP(C59,Foundation!$C$8:$D$495,2,FALSE) -> DA+9 | E59: =+VLOOKUP(C59,'Erection Compiled'!$C$7:$J$333,7,FALSE) -> 0 | F59: =+VLOOKUP(C59,'Erection Compiled'!$C$189:$G$309,3,FALSE) -> Sandy | G59: =+VLOOKUP(C59,'Erection Compiled'!$C$189:$G$309,4,FALSE) -> 45886 | X59: 3.1456 | Y59: 3.1456 | Z59: 3.1456 | AA59: 3.1456 | AB59: 3.1456 | AC59: 3.1456 | AD59: 3.1456 | AE59: 3.1456 | AF59: 3.1456 | AG59: 3.1456 | AH59: 3.1456 | AI59: 3.1456 | AJ59: 3.1456 | AK59: 3.1456 | AL59: 3.1456 | BR59: =+SUM(H59:BQ59) -> 47.184 | BS59: Completed
A60: 51 | B60: =+VLOOKUP(C60,'Erection Compiled'!$C$186:$H$320,5,FALSE) -> 45900 | C60: 4/3 | D60: =+VLOOKUP(C60,Foundation!$C$8:$D$495,2,FALSE) -> DA+0 | E60: =+VLOOKUP(C60,'Erection Compiled'!$C$7:$J$333,7,FALSE) -> 0 | F60: =+VLOOKUP(C60,'Erection Compiled'!$C$189:$G$309,3,FALSE) -> DRY | G60: =+VLOOKUP(C60,'Erection Compiled'!$C$189:$G$309,4,FALSE) -> 45898 | AJ60: 12.501457 | AK60: 12.501457 | AL60: 12.501457 | BR60: =+SUM(H60:BQ60) -> 37.504372 | BS60: Completed
A61: 52 | B61: =+VLOOKUP(C61,'Erection Compiled'!$C$186:$H$320,5,FALSE) -> 45900 | C61: 45/1 | D61: =+VLOOKUP(C61,Foundation!$C$8:$D$495,2,FALSE) -> DA+9 | E61: =+VLOOKUP(C61,'Erection Compiled'!$C$7:$J$333,7,FALSE) -> 0 | F61: =+VLOOKUP(C61,'Erection Compiled'!$C$189:$G$320,3,FALSE) -> Sandy | G61: =+VLOOKUP(C61,'Erection Compiled'!$C$189:$G$320,4,FALSE) -> 45894 | AF61: 6.7405714 | AG61: 6.7405714 | AH61: 6.7405714 | AI61: 6.7405714 | AJ61: 6.7405714 | AK61: 6.7405714 | AL61: 6.7405714 | BR61: =+SUM(H61:BQ61) -> 47.184 | BS61: Completed
A62: 1 | B62: =+VLOOKUP(C62,'Erection Compiled'!$C$186:$H$356,5,FALSE) -> 45903 | C62: 14A/0 | D62: =+VLOOKUP(C62,Foundation!$C$8:$D$495,2,FALSE) -> DC1+0 | E62: =+VLOOKUP(C62,'Erection Compiled'!$C$7:$J$356,7,FALSE) -> 0 | F62: =+VLOOKUP(C62,'Erection Compiled'!$C$189:$G$356,3,FALSE) -> DRY | G62: =+VLOOKUP(C62,'Erection Compiled'!$C$189:$G$356,4,FALSE) -> 45895 | AG62: 7.3756667 | AH62: 7.3756667 | AI62: 7.3756667 | AJ62: 7.3756667 | AK62: 7.3756667 | AL62: 7.3756667 | AM62: 7.3756667 | AN62: 7.3756667 | AO62: 7.3756667 | BR62: =+SUM(H62:BQ62) -> 66.381 | BS62: Completed
A63: 2 | B63: =+VLOOKUP(C63,'Erection Compiled'!$C$186:$H$356,5,FALSE) -> 45903 | C63: 20/3 | D63: =+VLOOKUP(C63,Foundation!$C$8:$D$495,2,FALSE) -> DA+0 | E63: =+VLOOKUP(C63,'Erection Compiled'!$C$7:$J$356,7,FALSE) -> 0 | F63: =+VLOOKUP(C63,'Erection Compiled'!$C$189:$G$356,3,FALSE) -> DRY | G63: =+VLOOKUP(C63,'Erection Compiled'!$C$189:$G$356,4,FALSE) -> 45895 | AG63: 4.1671524 | AH63: 4.1671524 | AI63: 4.1671524 | AJ63: 4.1671524 | AK63: 4.1671524 | AL63: 4.1671524 | AM63: 4.1671524 | AN63: 4.1671524 | AO63: 4.1671524 | BR63: =+SUM(H63:BQ63) -> 37.504372 | BS63: Completed
A64: 3 | B64: =+VLOOKUP(C64,'Erection Compiled'!$C$186:$H$356,5,FALSE) -> 45902 | C64: 31/2 | D64: =+VLOOKUP(C64,Foundation!$C$8:$D$495,2,FALSE) -> DA+0 | E64: =+VLOOKUP(C64,'Erection Compiled'!$C$7:$J$356,7,FALSE) -> 0 | F64: =+VLOOKUP(C64,'Erection Compiled'!$C$189:$G$356,3,FALSE) -> DRY | G64: =+VLOOKUP(C64,'Erection Compiled'!$C$189:$G$356,4,FALSE) -> 45895 | AG64: 4.6880465 | AH64: 4.6880465 | AI64: 4.6880465 | AJ64: 4.6880465 | AK64: 4.6880465 | AL64: 4.6880465 | AM64: 4.6880465 | AN64: 4.6880465 | BR64: =+SUM(H64:BQ64) -> 37.504372 | BS64: Completed
A65: 4 | B65: =+VLOOKUP(C65,'Erection Compiled'!$C$186:$H$356,5,FALSE) -> 45903 | C65: 27/0 | D65: =+VLOOKUP(C65,Foundation!$C$8:$D$495,2,FALSE) -> DC1+0 | E65: =+VLOOKUP(C65,'Erection Compiled'!$C$7:$J$356,7,FALSE) -> 0 | F65: =+VLOOKUP(C65,'Erection Compiled'!$C$189:$G$356,3,FALSE) -> DFR | G65: =+VLOOKUP(C65,'Erection Compiled'!$C$189:$G$356,4,FALSE) -> 45892 | AD65: 5.53175 | AE65: 5.53175 | AF65: 5.53175 | AG65: 5.53175 | AH65: 5.53175 | AI65: 5.53175 | AJ65: 5.53175 | AK65: 5.53175 | AL65: 5.53175 | AM65: 5.53175 | AN65: 5.53175 | AO65: 5.53175 | BR65: =+SUM(H65:BQ65) -> 66.381 | BS65: Completed
A66: 5 | B66: =+VLOOKUP(C66,'Erection Compiled'!$C$186:$H$356,5,FALSE) -> 45903 | C66: 43/5 | D66: =+VLOOKUP(C66,Foundation!$C$8:$D$495,2,FALSE) -> DA+3 | E66: =+VLOOKUP(C66,'Erection Compiled'!$C$7:$J$356,7,FALSE) -> 0 | F66: =+VLOOKUP(C66,'Erection Compiled'!$C$189:$G$356,3,FALSE) -> DRY | G66: =+VLOOKUP(C66,'Erection Compiled'!$C$189:$G$356,4,FALSE) -> 45898 | AJ66: 9.1 | AK66: 10.1 | AL66: 9.1 | AO66: 10.5 | BR66: =+SUM(H66:BQ66) -> 38.8 | BS66: Completed
A67: 6 | B67: =+VLOOKUP(C67,'Erection Compiled'!$C$186:$H$356,5,FALSE) -> 45904 | C67: 8/4 | D67: =+VLOOKUP(C67,Foundation!$C$8:$D$495,2,FALSE) -> DA+3 | E67: =+VLOOKUP(C67,'Erection Compiled'!$C$7:$J$356,7,FALSE) -> 0 | F67: =+VLOOKUP(C67,'Erection Compiled'!$C$189:$G$356,3,FALSE) -> DRY | G67: =+VLOOKUP(C67,'Erection Compiled'!$C$189:$G$356,4,FALSE) -> 45898 | AJ67: 5.5428571 | AK67: 5.5428571 | AL67: 5.5428571 | AM67: 5.5428571 | AN67: 5.5428571 | AO67: 5.5428571 | AP67: 5.5428571 | BR67: =+SUM(H67:BQ67) -> 38.8 | BS67: Completed
A68: 7 | B68: =+VLOOKUP(C68,'Erection Compiled'!$C$186:$H$356,5,FALSE) -> 45905 | C68: 21/0 | D68: =+VLOOKUP(C68,Foundation!$C$8:$D$495,2,FALSE) -> DB2+0 | E68: =+VLOOKUP(C68,'Erection Compiled'!$C$7:$J$356,7,FALSE) -> 0 | F68: =+VLOOKUP(C68,'Erection Compiled'!$C$189:$G$356,3,FALSE) -> DRY | G68: =+VLOOKUP(C68,'Erection Compiled'!$C$189:$G$356,4,FALSE) -> 45902 | AN68: 14.39931 | AO68: 14.39931 | AP68: 14.39931 | AQ68: 14.39931 | BR68: =+SUM(H68:BQ68) -> 57.597241 | BS68: Completed
A69: 8 | B69: =+VLOOKUP(C69,'Erection Compiled'!$C$186:$H$356,5,FALSE) -> 45906 | C69: 36/3 | D69: =+VLOOKUP(C69,Foundation!$C$8:$D$495,2,FALSE) -> DA+0 | E69: =+VLOOKUP(C69,'Erection Compiled'!$C$7:$J$356,7,FALSE) -> 0 | F69: =+VLOOKUP(C69,'Erection Compiled'!$C$189:$G$356,3,FALSE) -> Sandy | G69: =+VLOOKUP(C69,'Erection Compiled'!$C$189:$G$356,4,FALSE) -> 45899 | AM69: 4.6880465 | AN69: 4.6880465 | AO69: 4.6880465 | AP69: 4.6880465 | AQ69: 4.6880465 | AR69: 4.6880465 | AS69: 4.6880465 | AT69: 4.6880465 | BR69: =+SUM(H69:BQ69) -> 37.504372 | BS69: Completed
A70: 9 | B70: =+VLOOKUP(C70,'Erection Compiled'!$C$186:$H$356,5,FALSE) -> 45906 | C70: 47/6 | D70: =+VLOOKUP(C70,Foundation!$C$8:$D$495,2,FALSE) -> DA+3 | E70: =+VLOOKUP(C70,'Erection Compiled'!$C$7:$J$356,7,FALSE) -> 0 | F70: =+VLOOKUP(C70,'Erection Compiled'!$C$189:$G$356,3,FALSE) -> Sandy | G70: =+VLOOKUP(C70,'Erection Compiled'!$C$189:$G$356,4,FALSE) -> 45891 | AC70: 3.5 | AD70: 2.3 | AE70: 2.3 | AF70: 2.3 | AG70: 2.3 | AH70: 2.3 | AI70: 2.3 | AJ70: 2.3 | AK70: 2.3 | AL70: 2.3 | AM70: 2.3 | AN70: 2.3 | AO70: 2.3 | AP70: 2.3 | AQ70: =2.3+0.85 -> 3.15 | AR70: 2.3 | BR70: =+SUM(H70:BQ70) -> 38.85 | BS70: Completed
