Workbook
Name \D: '[1]Annex-7,Contingent'!#REF!
Name \I: '[1]Annex-7,Contingent'!#REF!
Name \R: '[1]Annex-7,Contingent'!#REF!
Name KKJ: '[1]Annex-7,Contingent'!#REF!

Sheet TB401 DPR.....
B1: Project Code | D1: TB-401 | F1: Date | H1: =TODAY() -> 46095 | I1: LOA Start Date | L1: 45041 | M1: Business Head (T&D)- India & Sri Lanka | P1: Rajinder Gupta
B2: Project Name | D2: 765KV D/C Fategarh-III Beawar Transmission Line | I2: LOA End Date | L2: 45498 | M2: PCH | P2: Sivaraman Nataraajan
B3: Client Name | D3: Strelite Power | I3: Time Extn | L3: 45498 | M3: Regional Manager | P3: Sandeep Singh Kumar
B4: LE Value | D4: Rs 312 Cr -Supply -Rs 227.5 Cr.; Service.-Rs 84.4 Cr | I4: Planning | L4: Shah Ali Khan | M4: Project Manager | P4: Virender Gupta
A5: Activity | B5: Unit | C5: LOA Qty. | D5: LE Qty | E5: Progress till Last Month | F5: Balance | G5: L2 for Dec'23 | H5: Plan for Dec.'23 | I5: Today's Progress | J5: Month Progress | K5: WIP | L5: Gangs at Present | M5: L2 Till Month-Dec.23 | N5: Progress Till Date | O5: Balance Work | P5: Remarks
A6: Route Alignment | B6: km | C6: 215 | D6: 202 | E6: 167 | F6: =D6-E6 -> 35 | G6: 0 | H6: 35 | M6: 215 | N6: =E6+J6 -> 167 | O6: =D6-N6 -> 35 | P6: 35 Km is hold due to ROW issues
A7: Detailed Survey | B7: km | C7: 215 | D7: 202 | E7: 202 | F7: =D7-E7 -> 0 | G7: 0 | M7: 215 | N7: =E7+J7 -> 202 | O7: =D7-N7 -> 0 | P7: SPTL Approved -202/202-Kms
A8: Check Survey | B8: km | C8: 215 | D8: 202 | E8: 92.704 | F8: =D8-E8 -> 109.296 | G8: 20 | H8: 50 | J8: 17.852 | M8: 160 | N8: =E8+J8 -> 110.556 | O8: =D8-N8 -> 91.444 | P8: 1. Total 7.854 Km is under review of SPTL. 2. Total check survey completed (Field work) 167 Km. 3. Total 60 Km check survey is hold due to row issues & Other issues.
A9: Foundation | B9: Nos | C9: 534 | D9: 521 | E9: 109 | F9: =D9-E9 -> 412 | G9: 75 | H9: 30 | J9: 1 | K9: 4 | L9: 3 | M9: 399 | N9: =E9+J9 -> 110 | O9: =D9-N9 -> 411 | AA9: =65/D9 -> 0.12476008 | AC9: =(D11-C9)/C9 -> -0.024344569 | AD9: =C9*AC9 -> -13 | AE9: =366-318 -> 48 | AF9: =318-12 -> 306
A10: Earthing | B10: Nos | C10: 534 | D10: 521 | E10: 106 | F10: =D10-E10 -> 415 | G10: 75 | H10: 30 | J10: 2 | M10: 399 | N10: =E10+J10 -> 108 | O10: =D10-N10 -> 413 | AA10: =65/D10 -> 0.12476008
A11: Tower Erection | B11: Nos | C11: 534 | D11: 521 | E11: 45 | F11: =D11-E11 -> 476 | G11: 75 | H11: 40 | I11: 2 | J11: 6 | K11: 5 | L11: 5 | M11: 260 | N11: =E11+J11 -> 51 | O11: =D11-N11 -> 470 | P11: 56/2 58/15 Complete | AA11: =65/D11 -> 0.12476008
A12: Tack welding | B12: Nos | C12: 534 | D12: 521 | E12: 15 | F12: =D12-E12 -> 506 | G12: 75 | H12: 40 | I12: 1 | J12: 3 | K12: 1 | L12: 1 | M12: 260 | N12: =E12+J12 -> 18 | O12: =D12-N12 -> 503 | P12: 56/7 complete | AA12: =65/D12 -> 0.12476008
A13: Stringing | B13: Km | C13: 215 | D13: 202 | E13: 0 | F13: =D13-E13 -> 202 | G13: 20 | M13: 25 | N13: =E13+J13 -> 0 | O13: =D13-N13 -> 202 | AA13: =20.635/D13 -> 0.10215347 | AD13: =103/151 -> 0.68211921
AA14: =20.635/D14 -> #DIV/0!

Sheet Eng.
A2: Tower | B2: Tower Design | D2: Test Tower | F2: Balance Structural Drawing. | H2: Tower | I2: Stub & Template Drawings | J2: Foundation
A3: Types | D3: Structural Drawing(BTB+0) | F3: (3M/6M/9M) | H3: Testing | J3: Design/Drg
B4: Target | C4: Status | D4: Target | E4: Status | F4: Target | G4: Status | J4: Target | K4: Status
A5: DA Tower | B5: 45058 | C5: Approved | D5: 45081 | E5: Approved | F5: 45101 | G5: Approved for proto | H5: Completed | I5: Approved | J5: 15-July | K5: Approved
A6: DB Tower | B6: 45076 | C6: Approved | D6: 45137 | E6: Approved | F6: 45126 | G6: Approvedin Cat-B | H6: Completed | I6: Approved for Proto | J6: DB all Fdn. By 25 -July | K6: Approved
A8: DD Tower | B8: 45098 | C8: Approved | D8: 30-Sept. | E8: Approved in Cat -B | F8: 45158 | G8: Approved in Cat -B | H8: Completed | I8: Approved in Cat -B | J8: 45138 | K8: Approved
A9: DC Tower | B9: 45123 | C9: Approved | D9: 45207 | E9: Approved in Cat -B | F9: 45188 | G9: Approved in Cat -B | H9: Completed | I9: Approved in Cat -B | J9: 45163 | K9: Approved

Sheet Fdn (Pkg -G Section -I)
A1: KEC INTERNATIONAL LIMITED | L1: Date: | M1: =TODAY() -> 46095
A2: LILO of 765 Kv DV Fatehgarh 3 Beawar TL
A3: FOUNDATION
A4: Sl. No. | B4: Month Sl. No. | C4: JMC No. | D4: Location No. | E4: Tower Type | F4: Classification | G4: Excavation Start | H4: Dt. of Start | I4: Dt. of Concrete | J4: Name of Sub-Contractor | K4: KEC representative | L4: KEC Section In-Charge | M4: Remarks
A6: 1 | B6: 1 | D6: 32/7 | E6: DA+0 | F6: SANDY | G6: 23.10.23 | H6: 25.10.23 | I6: 28.10.23 | J6: Shakti Construction | K6: Kumar Nayak | L6: Jish C Verghese | M6: Complete
A7: 2 | B7: 2 | D7: 32/5 | E7: DA+6 | F7: SANDY | G7: 29.10.23 | H7: 31.10.23 | I7: 04.11.2023 | J7: Shakti Construction | K7: Kumar Nayak | L7: Jish C Verghese | M7: Complete
A8: 3 | B8: 3 | D8: 32/1 | E8: DA+9 | F8: SANDY | G8: 03.11.23 | H8: 06.11.23 | I8: 10.11.23 | J8: Shakti Construction | K8: Kumar Nayak | L8: Jish C Verghese | M8: Complete
A9: 4 | B9: 4 | D9: 30/2 | E9: DA+0 | F9: SANDY | G9: 13.11.23 | H9: 15.11.23 | I9: 16.11.23 | J9: Shakti Construction | K9: Kumar Nayak | L9: Jish C Verghese | M9: Complete
A10: 5 | B10: 5 | D10: 32/0 | E10: DB2+6 | F10: SANDY | G10: 18.11.23 | H10: 20.11.23 | I10: 28.11.23 | J10: Shakti Construction | K10: Dipesh | L10: Jish C Verghese | M10: Complete
B11: Dec-23
A12: 1 | B12: 6 | D12: 31/3 | E12: DA+0 | F12: SANDY | G12: 28.11.23 | H12: 30.11.23 | I12: 04.12.23 | J12: Shakti Construction | K12: Dipesh | L12: Jish C Verghese | M12: Complete

Sheet TB401 DPR
A1: Project Progress for TB-401/408,Section-II
A2: 765KV D/C Fategarh-III Beawar Transmission Line | D2: TB-401 | G2: LOA Date | I2: Pkg-G -26.04.23 | L2: Completion Period | N2: 45747 | Q2: Date: | R2: =TODAY() -> 46095
D3: TB-408 | I3: Pkg-F - 11.09.23 | L3: Completion Period | N3: 45747
A4: .
A5: Activity | B5: Qty as per LOA | C5: Qty Received | D5: L2 | F5: Overall Progress | H5: Mar'25 | J5: Balance | K5: Apr'25 | O5: Plan | Q5: Remarks
D6: 45656 | E6: Till Mar-25 | F6: As on date | G6: Till Mar-25 | H6: Plan | I6: Actual | J6: As on date | K6: Plan | L6: WIP | M6: Today comp | N6: Actual | O6: 45536 | P6: 45474
A7: Details Survey | B7: 215 | C7: =C8+C9 -> 189.53 | E7: =E8+E9 -> 203 | F7: =F8+F9 -> 199.841 | G7: =G8+G9 -> 199.841
A8: Pkg-G (Section-II) | C8: 101.1 | E8: =215/2 -> 107.5 | F8: 101.1 | G8: 101.1
A9: Pkg-F (Section-II) | C9: 88.43 | E9: =(65+65+41+20)/2 -> 95.5 | F9: 98.741 | G9: 98.741
A10: Check Survey | B10: 215 | C10: =C11+C12 -> 189.53 | D10: =D11+D12 -> 0 | E10: =E11+E12 -> 203 | F10: =F11+F12 -> 189.526 | G10: =G11+G12 -> 184.552 | H10: =H11+H12 -> 14.88 | I10: =I11+I12 -> 6.08 | J10: =J11+J12 -> 0.004 | ... L10: =L11+L12 -> 0 | N10: =N11+N12 -> 4.974 | O10: =O11+O12 -> 0
A11: Pkg-G (Section-II) | C11: 101.1 | E11: =215/2 -> 107.5 | F11: =G11+N11 -> 101.096 | G11: 101.096 | H11: 6.08 | I11: 6.08 | J11: =C11-G11-N11 -> 0.004
A12: Pkg-F (Section-II) | C12: 88.43 | E12: =(65+65+41+20)/2 -> 95.5 | F12: =G12+N12 -> 88.43 | G12: =79.653+3.803 -> 83.456 | H12: 8.8 | J12: =C12-G12-N12 -> 0 | N12: 4.974
A13: Foundation | B13: 534 | C13: =C14+C15 -> 488 | D13: =D14+D15 -> 0 | E13: =E14+E15 -> 488 | F13: =F14+F15 -> 486 | G13: =G14+G15 -> 485 | H13: =H14+H15 -> 9 | I13: =I14+I15 -> 6 | J13: =J14+J15 -> 2 | ... L13: =L14+L15 -> 2 | N13: =N14+N15 -> 1 | O13: =O14+O15 -> 0 | P13: =P14+P15 -> 0
A14: Pkg-G (Section-II) | C14: 265 | E14: 265 | F14: =G14+N14 -> 265 | G14: 265 | H14: 5 | I14: 5 | J14: =C14-G14-N14 -> 0 | S14: 9649905358 | T14: D S Jangid
A15: Pkg-F (Section-II) | C15: 223 | E15: 223 | F15: =G15+N15 -> 221 | G15: 220 | H15: 4 | I15: 1 | J15: =C15-G15-N15 -> 2 | L15: 2 | M15: 1 | N15: 1 | Q15: 46/0 Complete | S15: 7014675307 | T15: jangid
A16: Gang / Worker | K16: 10/180 | L16: 02/55
A17: Erection | B17: 534 | C17: =C18+C19 -> 488 | D17: =D18+D19 -> 0 | E17: =E18+E19 -> 488 | F17: =F18+F19 -> 369 | G17: =G18+G19 -> 365 | H17: =H18+H19 -> 36 | I17: =I18+I19 -> 24 | J17: =J18+J19 -> 119 | ... P17: =P18+P19 -> 0
A18: Pkg-G (Section-II) | C18: 265 | E18: 265 | F18: =G18+N18 -> 201 | G18: 201 | H18: 20 | I18: 11 | J18: =C18-G18-N18 -> 64 | L18: 2
A19: Pkg-F (Section-II) | C19: 223 | E19: 223 | F19: =G19+N19 -> 168 | G19: 164 | H19: 16 | I19: 13 | J19: =C19-G19-N19 -> 55 | L19: 2 | M19: 1 | N19: 4 | Q19: 70/9 Complete
A20: Gang / Worker | K20: 7/240 | L20: 4/241
A21: Stringing Payout | B21: 215 | C21: =C22+C23 -> 189.53 | D21: =D22+D23 -> 0 | E21: =E22+E23 -> 189.53 | F21: =F22+F23 -> 95.792 | G21: =G22+G23 -> 94.743 | H21: =H22+H23 -> 0 | I21: =I22+I23 -> 9.18 | J21: =J22+J23 -> 93.738 | ... O21: =O22+O23 -> 0 | P21: 15
A22: Pkg-G (Section-II) | C22: 101.1 | E22: 101.1 | F22: =G22+N22 -> 52.284 | G22: 52.284 | J22: =C22-G22-N22 -> 48.816
A23: Pkg-F (Section-II) | C23: 88.43 | E23: 88.43 | F23: =G23+N23 -> 43.508 | G23: 42.459 | I23: 9.18 | J23: =C23-G23-N23 -> 44.922 | L23: 0.832 | N23: 1.049
A24: Gang / Worker | L24: 2/154
A25: Stringing Final sag | B25: 215 | C25: =C26+C27 -> 189.53 | D25: =D26+D27 -> 0 | E25: =E26+E27 -> 189.53 | F25: =F26+F27 -> 89.984 | G25: =G26+G27 -> 88.935 | H25: =H26+H27 -> 0 | I25: =I26+I27 -> 14.161 | J25: =J26+J27 -> 99.546 | ... O25: =O26+O27 -> 0 | P25: 15
A26: Pkg-G (Section-II) | C26: 101.1 | E26: 101.1 | F26: =G26+N26 -> 49.703 | G26: 49.703 | I26: 4.981 | J26: =C26-G26-N26 -> 51.397 | L26: =7.562-4.981 -> 2.581
A27: Pkg-F (Section-II) | C27: 88.43 | E27: 88.43 | F27: =G27+N27 -> 40.281 | G27: 39.232 | I27: 9.18 | J27: =C27-G27-N27 -> 48.149 | L27: 3.227 | M27: 1.049 | N27: 1.049 | Q27: 51/0 to 52/0 Complete
A28: Gang / Worker | L28: 2/154

Sheet Foundation (Pkg-F) 
A1: KEC INTERNATIONAL LIMITED | L1: Date: | M1: =TODAY() -> 46095
A2: LILO of 765 Kv DV Fatehgarh 3 Beawar TL
A3: FOUNDATION Pkg -F (Section -II)
A4: Sl. No. | B4: Month Sl. No. | C4: JMC No. | D4: Location No. | E4: Tower Type | F4: Classification | G4: Excavation Start | H4: Dt. of Start | I4: Dt. of Concrete | J4: Name of Sub-Contractor | K4: KEC representative | L4: KEC Section In-Charge | M4: Remarks
B6: 45261
A7: 1 | B7: 1 | D7: 61/3 | E7: DA+6 | F7: DRY | G7: 11.12.23 | H7: 13.12.23 | I7: 14.12.23 | J7: Manoj Sharma | K7: Dipesh | L7: RT Singh | M7: Complete
A8: 2 | B8: 2 | D8: 62/6 | E8: DA+3 | F8: DRY | G8: 08.12.23 | H8: 16.12.23 | I8: 18.12.23 | J8: Shakti Construction | K8: sanjay | L8: Rakesh Pathak | M8: Complete
A9: 3 | B9: 3 | D9: 59/14 | E9: DA+6 | F9: DRY | G9: 13.12.23 | H9: 17.12.23 | I9: 18.12.23 | J9: Manoj Sharma | K9: Dipesh | L9: RT Singh | M9: Complete
A10: 4 | B10: 4 | D10: 62/7 | E10: DA+3 | F10: DRY | G10: 08.12.23 | H10: 19.12.23 | I10: 21.12.23 | J10: Shakti Construction | K10: Umesh Kumar | L10: Rakesh Pathak | M10: Complete
A11: 5 | B11: 5 | D11: 59/13 | E11: DA+3 | F11: DRY | G11: 17.12.23 | H11: 21.12.23 | I11: 21.12.23 | J11: Manoj Sharma | K11: Dipesh | L11: RT Singh | M11: Complete
A12: 6 | B12: 6 | D12: 63/8 | E12: DA+3 | F12: DRY | G12: 08.12.23 | H12: 22.12..23 | I12: 24.12.23 | J12: Mahadev Eng | K12: Dipesh | L12: Rakesh Pathak | M12: Complete
A13: 7 | B13: 7 | D13: 59/10 | E13: DA+0 | F13: DRY | G13: 20.12.23 | H13: 23.12.23 | I13: 24.12.23 | J13: Manoj Sharma | K13: Dipesh | L13: RT Singh | M13: Complete
A14: 8 | B14: 8 | D14: 62/5 | E14: DA+0 | F14: DRY | G14: 18.12.23 | H14: 22.12..23 | I14: 25.12.23 | J14: Shakti Construction | K14: sanjay | L14: Rakesh Pathak | M14: Complete
A15: 9 | B15: 9 | D15: 59/9 | E15: DA+3 | F15: DRY | G15: 21.12.23 | H15: 25.12.23 | I15: 26.12.23 | J15: Manoj Sharma | K15: Dipesh | L15: RT Singh | M15: Complete
A16: 10 | B16: 10 | D16: 60/9 | E16: DA+3 | F16: DRY | G16: 20.12.23 | H16: 26.12.23 | I16: 27.12.23 | J16: Imran | K16: Ganesh | L16: Sumit | M16: Complete
A17: 11 | B17: 11 | D17: 62/4 | E17: DA+3 | F17: DRY | G17: 08.12.23 | H17: 26.12.23 | I17: 28.12.23 | J17: Shakti Construction | K17: sanjay | L17: Rakesh Pathak | M17: Complete | N17: Excavation & Rod binding - Amirul
A18: 12 | B18: 12 | D18: 59/8 | E18: DB+3 | F18: DRY | G18: 24.12.23 | H18: 27.12.23 | I18: 28.12.23 | J18: Manoj Sharma | K18: Kumar nayak | L18: Sumit | M18: Complete
A19: 13 | B19: 13 | D19: 59/6 | E19: DA+3 | F19: DFR | G19: 17.12.23 | H19: 27.12.23 | I19: 29.12.23 | J19: OM Const | K19: Umesh Kumar | L19: Rakesh Pathak | M19: Complete
A20: 14 | B20: 14 | D20: 63/6 | E20: DA+3 | F20: DRY | G20: 18.12.23 | H20: 27.12.23 | I20: 29.12.23 | J20: Mahadev Eng | K20: Dipesh | L20: Rakesh Pathak | M20: Complete
A21: 15 | B21: 15 | D21: 60/8 | E21: DA+0 | F21: DRY | G21: 24.12.23 | H21: 26.12.23 | I21: 29.12.23 | J21: Imran | K21: Ganesh | L21: Sumit | M21: Complete
A22: 16 | B22: 16 | D22: 59/7 | E22: DA+3 | F22: DRY | G22: 25.12.23 | H22: 29.12.23 | I22: 30.12.23 | J22: Manoj Sharma | K22: Kumar nayak | L22: RT Singh | M22: Complete
A23: 17 | B23: 17 | D23: 59/5 | E23: DA+3 | F23: DFR | G23: 15.12.23 | H23: 25.12.23 | I23: 31.12.23 | J23: OM Const | K23: Umesh Kumar | L23: RT Singh | M23: Complete
A24: 18 | B24: 18 | D24: 62/3 | E24: DA+0 | F24: DRY | G24: 25.12.23 | H24: 30.12.23 | I24: 31.12.23 | J24: Shakti Construction | K24: sanjay | L24: Rakesh Pathak | M24: Complete
B25: 45292
A26: 19 | B26: 1 | D26: 59/12 | E26: DA+6 | F26: DFR | G26: 19.12.23 | H26: 04.01.24 | I26: 05.01.24 | J26: Manoj Sharma | K26: Kumar nayak | L26: RT Singh | M26: Complete | N26: 284
A27: 20 | B27: 2 | D27: 60/7 | E27: DA+3 | F27: DRY | G27: 24.12.23 | H27: 01.01.24 | I27: 05.01.24 | J27: Imran | K27: Ganesh | L27: RT Singh | M27: Complete
A28: 21 | B28: 3 | D28: 62/2 | E28: DA+3(RC) | F28: DRY | G28: 29.12.23 | H28: 02.01.24 | I28: 05.01.24 | J28: Shakti Construction | K28: sanjay | L28: Rakesh Pathak | M28: Complete
A29: 22 | B29: 4 | D29: 59/3 | E29: DA+3(RC) | F29: DFR | G29: 30.12.23 | H29: 03.01.24 | I29: 05.01.24 | J29: OM Const | K29: Umesh Kumar | L29: RT Singh | M29: Complete
A30: 23 | B30: 5 | D30: 64/0 | E30: DB2+0 | F30: DRY | G30: 20.12.23 | H30: 04.01.24 | I30: 08.01.24 | J30: Mahadev Eng | K30: Dipesh | L30: Rakesh Pathak | M30: Complete
A31: 24 | B31: 6 | D31: 57/3 | E31: DA+0 | F31: DRY | G31: 04.01.24 | H31: 06.01.24 | I31: 08.01.24 | J31: OM Const | L31: RT Singh | M31: Complete
A32: 25 | B32: 7 | D32: 60/5 | E32: DA+3 | F32: DRY | G32: 02.01.24 | H32: 08.01.24 | I32: 09.01.24 | J32: Manoj Sharma | K32: Kumar nayak | L32: RT Singh | M32: Complete | N32: 249
A33: 26 | B33: 8 | D33: 65/2 | E33: DA+0 | F33: DRY | G33: 30.12.23 | H33: 08.01.24 | I33: 10.01.24 | J33: Veerteja Enterprises | K33: Rakesh Pathak | L33: Rakesh Pathak | M33: Complete
A34: 27 | B34: 9 | D34: 62/11 | E34: DA+3 | F34: DRY | G34: 05.01.24 | H34: 09.01.24 | I34: 10..01.24 | J34: Shakti Construction | K34: Rakesh Pathak | L34: Rakesh Pathak | M34: Complete
A35: 28 | B35: 10 | D35: 65/11 | E35: DA+0 | F35: DRY | G35: 05.01.24 | H35: 09.01.24 | I35: 10.01.24 | J35: Bhati Const. | K35: R Pandey | L35: Rakesh Pathak | M35: Complete
A36: 29 | B36: 11 | D36: 60/6 | E36: DA+0 | F36: DRY | G36: 7.0124 | H36: 10.01.24 | I36: 11.01.24 | J36: Manoj Sharma | K36: Kumar nayak | L36: RT Singh | M36: Complete
A37: 30 | B37: 12 | D37: 57/2 | E37: DA+3 | F37: DRY | G37: 07.01.24 | H37: 09.01.24 | I37: 11.01.24 | J37: OM Const | K37: RT Singh | L37: RT Singh | M37: Complete | N37: =249+74 -> 323
A38: 31 | B38: 13 | D38: 62/10 | E38: DA+0 | F38: DFR | G38: 06.01.24 | H38: 11.01.24 | I38: 13.01.24 | J38: Shakti Construction | K38: Rakesh Pathak | L38: Rakesh Pathak | M38: Complete
A39: 32 | B39: 14 | D39: 65/9 | E39: DA+0 | F39: DRY | G39: 05.01.24 | H39: 11.01.24 | I39: 13.01.24 | J39: Bhati Const. | K39: Rakesh Pathak | L39: Rakesh Pathak | M39: Complete
A40: 33 | B40: 15 | D40: 57/4 | E40: DA+0 | F40: SANDY | G40: 07.01.24 | H40: 12.01.24 | I40: 45305 | J40: OM Const | K40: RT Singh | L40: RT Singh | M40: Complete
A41: 34 | B41: 16 | D41: 64/4 | E41: DA+3 | F41: DRY | G41: 09.01.24 | H41: 45304 | I41: 45305 | J41: Mahadev Eng | L41: Rakesh Pathak | M41: Complete
A42: 35 | B42: 17 | D42: 65/3 | E42: DA+3 | F42: DRY | G42: 03.01.24 | H42: 13.01.24 | I42: 15.01.2024 | J42: Veerteja Enterprises | K42: Dipesh | L42: Rakesh Pathak | M42: Complete
A43: 36 | B43: 18 | D43: 55/3 | E43: DA+0 | F43: SANDY | G43: 06.01.24 | H43: 09.01.24 | I43: 15.01.2024 | J43: Imran | K43: RT Singh | L43: RT Singh | M43: Complete | N43: 348
A44: 37 | B44: 19 | D44: 60/10 | E44: DA+0 | F44: DFR | G44: 10.01.24 | H44: 14.01.2024 | I44: 15.01.2024 | J44: Manoj Sharma | L44: RT Singh | M44: Complete | N44: =249+3 -> 252
A45: 38 | B45: 20 | D45: 62/8 | E45: DA+0 | F45: DFR | G45: 11.01.24 | H45: 15.01.2024 | I45: 16.01.2024 | J45: Shakti Construction | L45: Rakesh Pathak | M45: Complete | N45: 270
A46: 39 | B46: 21 | D46: 55/4 | E46: DA+0(RC) | F46: SANDY | G46: 11.01.24 | H46: 12.01.24 | I46: 17.01.2024 | J46: Imran | K46: RT Singh | L46: RT Singh | M46: Complete | N46: 215
A47: 40 | B47: 22 | D47: 57/5 | E47: DA+3 RC | F47: SANDY | G47: 10.01.24 | H47: 14.01.2024 | I47: 17.01.2024 | J47: OM Const | L47: RT Singh | M47: Complete | N47: 134
A48: 41 | B48: 23 | D48: 64/1 | E48: DA+0 | F48: DRY | G48: 31.12.23 | H48: 10.01.24 | I48: 18.01.24 | J48: Mahadev Eng | K48: Mahesh | L48: Rakesh Pathak | M48: Complete | N48: 215
A49: 42 | B49: 24 | D49: 64/5 | E49: DA+3 | F49: DRY | H49: 16.01.2024 | I49: 18.01.24 | J49: Mahadev Eng | L49: Rakesh Pathak | M49: Complete | N49: 249
A50: 43 | B50: 25 | D50: 65/6 | E50: DA+0 | F50: DRY | G50: 11.01.24 | H50: 16.01.2024 | I50: 18.01.24 | J50: Bhati Const. | L50: Rakesh Pathak | M50: Complete | N50: =220+29 -> 249
A51: 44 | B51: 26 | D51: 61/0 | E51: DB2+0 | F51: DRY | G51: 14.01.24 | H51: 17.01.2024 | I51: 19.01.24 | J51: Manoj Sharma | K51: Kumar nayak | L51: RT Singh | M51: Complete | N51: =226+200 -> 426
A52: 45 | B52: 27 | D52: 62/9 | E52: DA+3 | F52: DFR | H52: 18.01.24 | I52: 19.01.24 | J52: Shakti Construction | K52: Rakesh Pathak | L52: Rakesh Pathak | M52: Complete | N52: 254
A53: 46 | B53: 28 | D53: 65/5 | E53: DA+0 | F53: DRY | G53: 17.01.24 | H53: 20.01.24 | I53: 21.01.2024 | J53: Bhati Const. | L53: Rakesh Pathak | M53: Complete | O53: 249
A54: 47 | B54: 29 | D54: 64/2 | E54: DA+3 | F54: DRY | G54: 16.01.2024 | H54: 20.01.24 | I54: 21.01.2024 | J54: Mahadev Eng | K54: Dipesh | L54: Rakesh Pathak | M54: Complete | O54: 249
A55: 48 | B55: 30 | D55: 57/6 | E55: DA+3 RC | F55: SANDY | H55: 18.01.24 | I55: 21.01.2024 | J55: OM Const | L55: RT Singh | M55: Complete | O55: 249
A56: 49 | B56: 31 | D56: 63/1 | E56: DA+3 | F56: DFR | G56: 16.01.2024 | H56: 21.01.24 | I56: 23.01.24 | J56: Shakti Construction | L56: Rakesh Pathak | M56: Complete | N56: 100 | O56: =249-100 -> 149
A57: 50 | B57: 32 | D57: 64/9 | E57: DA+3 | F57: DRY | G57: 10.01.24 | H57: 22.01.24 | I57: 24.01.24 | J57: Veerteja Enterprises | L57: Rakesh Pathak | M57: Complete | O57: 249
A58: 51 | B58: 33 | D58: 60/11 | E58: DA+3 | F58: DRY | G58: 19.01.24 | H58: 23.01.24 | I58: 24.01.24 | J58: Manoj Sharma | L58: RT Singh | M58: Complete
A59: 52 | B59: 34 | D59: 65/4 | E59: DA+0 | F59: DRY | G59: 17.01.24 | H59: 23.01.24 | I59: 24.01.24 | J59: Bhati Const. | L59: Rakesh Pathak | M59: Complete
A60: 53 | B60: 35 | D60: 63/7 | E60: DA+3 | F60: DRY | G60: 23.12.23 | H60: 24.01.24 | I60: 25.01.24 | J60: Mahadev Eng | K60: Dipesh | L60: Rakesh Pathak | M60: Complete | O60: 249
A61: 54 | B61: 36 | D61: 55/5 | E61: DA+0 RC | F61: SANDY | H61: 17.01.24 | I61: 25.01.24 | J61: Imran | K61: RT Singh | L61: RT Singh | M61: Complete | N61: 310
A62: 55 | B62: 37 | D62: 55/6 | E62: DA+0 RC | F62: SANDY | G62: 18.01.24 | H62: 20.01.24 | I62: 25.01.24 | J62: Imran | K62: RT Singh | L62: RT Singh | M62: Complete
A63: 56 | B63: 38 | D63: 63/2 | E63: DA+0 | F63: DFR | G63: 20.01.24 | H63: 24.01.24 | I63: 25.01.24 | J63: Shakti Construction | L63: Rakesh Pathak | M63: Complete
A64: 57 | B64: 39 | D64: 61/1 | E64: DA+6 | F64: DFR | G64: 16.01.2024 | H64: 27.01.24 | I64: 28.01.24 | J64: Manoj Sharma | L64: RT Singh | M64: Complete | O64: 249
A65: 58 | B65: 40 | D65: 55/7 | E65: DA+0 RC | F65: SANDY | G65: 23.01.24 | H65: 27.01.24 | I65: 29.01.24 | J65: Imran | K65: RT Singh | L65: RT Singh | M65: Complete
A66: 59 | B66: 41 | D66: 64/3 | E66: DA+0 | F66: DRY | G66: 20.01.24 | H66: 29.01.24 | I66: 30.01.24 | J66: Mahadev Eng | L66: Rakesh Pathak | M66: Complete
A67: 60 | B67: 42 | D67: 63/3 | E67: DA+3 | F67: DFR | G67: 23.01.24 | H67: 29.01.24 | I67: 30.01.24 | J67: Shakti Construction | L67: Rakesh Pathak | M67: Complete
A68: 61 | B68: 43 | D68: 64/8 | E68: DA+3 | F68: DRY | G68: 20.01.24 | H68: 29.01.24 | I68: 31.01.24 | J68: Veerteja Enterprises | L68: Rakesh Pathak | M68: Complete
A69: 62 | B69: 44 | D69: 61/2 | E69: DA+6 | F69: DFR | G69: 22.01.24 | H69: 30.01.24 | I69: 31.01.24 | J69: Manoj Sharma | L69: RT Singh | M69: Complete
B70: Feb-24
A71: 63 | B71: 1 | D71: 64/7 | E71: DA+3 | F71: DRY | G71: 23.01.24 | H71: 01.02.24 | I71: 02.02.24 | J71: Mahadev Eng | L71: Rakesh Pathak | M71: Complete
A72: 64 | B72: 2 | D72: 52/5 | E72: DA+9 RC | F72: SANDY | G72: 28.01.24 | H72: 31.01.24 | I72: 02.02.24 | J72: Imran | K72: RT Singh | L72: RT Singh | M72: Complete
A73: 65 | B73: 3 | D73: 63/4 | E73: DA+0 | F73: DRY | G73: 28.01.24 | H73: 01.02.24 | I73: 02.02.24 | J73: Shakti Construction | L73: Rakesh Pathak | M73: Complete
A74: 66 | B74: 4 | D74: 67/2 | E74: DA+0 | F74: DRY | G74: 01.02.24 | H74: 03.02.24 | I74: 04.02.24 | J74: Bhati Const. | L74: Rakesh Pathak | M74: Complete | P74: JMC not done
A75: 67 | B75: 5 | D75: 52/6 | E75: DA+6 | F75: SANDY | G75: 30.01.24 | H75: 03.02.24 | I75: 06.02.24 | J75: Imran | K75: RT Singh | L75: RT Singh | M75: Complete
A76: 68 | B76: 6 | D76: 64/6 | E76: DA+0 | F76: DRY | G76: 29.01.24 | H76: 03.02.24 | I76: 07.02.24 | J76: Mahadev Eng | L76: Rakesh Pathak | M76: Complete
A77: 69 | B77: 7 | D77: 63/5 | E77: DA+3 | F77: DFR | G77: 01.02.24 | H77: 06.02.24 | I77: 07.02.24 | J77: Shakti Construction | L77: Rakesh Pathak | M77: Complete
A78: 70 | B78: 8 | D78: 59/15 | E78: DA+6 | F78: DRY | G78: 03.02.24 | H78: 05.02.24 | I78: 07.02.24 | J78: OM Const | L78: RT Singh | M78: Complete
A79: 71 | B79: 9 | D79: 61/5 | E79: DA+3 | F79: DRY | G79: 03.02.24 | H79: 07.02.24 | I79: 09.02.24 | J79: Manoj Sharma | L79: RT Singh | M79: Complete
A80: 72 | B80: 10 | D80: 67/1 | E80: DA+0 | F80: DRY | G80: 03.01.24 | H80: 07.02.24 | I80: 09.02.24 | J80: Bhati Const. | L80: Rakesh Pathak | M80: Complete
A81: 73 | B81: 11 | D81: 64/10 | E81: DA+3 | F81: DRY | G81: 28.01.24 | H81: 08.02.24 | I81: 10.02.24 | J81: Veerteja Enterprises | L81: Rakesh Pathak | M81: Complete
A82: 74 | B82: 12 | D82: 61/6 | E82: DA+3 | F82: DRY | G82: 06.02.24 | H82: 09.02.24 | I82: 11.02.24 | J82: Manoj Sharma | L82: RT Singh | M82: Complete | N82: 100
A83: 75 | B83: 13 | D83: 52/7 | E83: DA+3 RC | F83: SANDY | H83: 07.02.24 | I83: 12.02.24 | J83: Imran | L83: RT Singh | M83: Complete
A84: 76 | B84: 14 | D84: 59/16 | E84: DA+9 | F84: Dry | G84: 08.02.24 | H84: 11.02.24 | I84: 12.02.2024 | J84: OM Const | L84: RT Singh | M84: Complete
A85: 77 | B85: 15 | D85: 63/0 | E85: DC1+0 | F85: DFR | G85: 25.01.24 | H85: 09.02.24 | I85: 13.02.24 | J85: Shakti Construction | K85: Sanjay Thakur | L85: Rakesh Pathak | M85: Complete
A86: 78 | B86: 16 | D86: 52/8 | E86: DA+6 | F86: SANDY | G86: 06.02.24 | H86: 09.02.24 | I86: 13.02.24 | J86: Imran | L86: RT Singh | M86: Complete
A87: 79 | B87: 17 | D87: 61/7 | E87: DA+9 RC | F87: Dry | G87: 09.02.24 | H87: 11.02.24 | I87: 13.02.24 | J87: Manoj Sharma | L87: RT Singh | M87: Complete
A88: 80 | B88: 18 | D88: 61/9 | E88: DA+0 | F88: Dry | G88: 12.02.24 | H88: 14.02.24 | I88: 16.02.24 | J88: Manoj Sharma | L88: RT Singh | M88: Complete
A89: 81 | B89: 19 | D89: 60/1 | E89: DA+6 | F89: DRY | H89: 14.02.24 | I89: 16.02.24 | J89: OM Const | L89: RT Singh | M89: Complete | P89: JMC not done | R89: =30/4 -> 7.5
A90: 82 | B90: 20 | D90: 52/10 | E90: DA+9 RC | F90: SANDY | H90: 14.02.24 | I90: 17.02.24 | J90: Imran | L90: RT Singh | M90: Complete
A91: 83 | B91: 21 | D91: 49/2 | E91: DA+3 | F91: SANDY | G91: 12.02.24 | H91: 14.02.24 | I91: 18.02.24 | J91: Veerteja Enterprises | K91: Manoj | L91: RT Singh | M91: Complete
A92: 84 | B92: 22 | D92: 52/9 | E92: DA+3 | F92: SANDY | G92: 13.02.24 | H92: 17.02.24 | I92: 19.02.24 | J92: Imran | L92: RT Singh | M92: Complete
A93: 85 | B93: 23 | D93: 61/8 | E93: DA+6 RC | F93: DRY | G93: 14.02.24 | H93: 17.02.24 | I93: 20.02.24 | J93: Manoj Sharma | L93: RT Singh | M93: Complete | P93: JMC not done
A94: 86 | B94: 24 | D94: 62/1 | E94: DA+3 RC | F94: SANDY | G94: 15.02.24 | H94: 17.02.24 | I94: 21.02.24 | J94: Shakti Construction | K94: Sanjay Thakur | L94: Rakesh Pathak | M94: Complete | P94: JMC not done
A95: 87 | B95: 25 | D95: 53/5 | E95: DA+3 | F95: SANDY | G95: 18.02.24 | H95: 21.02.24 | I95: 22.02.24 | J95: Imran | L95: RT Singh | M95: Complete
A96: 88 | B96: 26 | D96: 64/11 | E96: DA+3 | F96: DRY | G96: 17.02.24 | H96: 23.02.24 | I96: 24.02.24 | J96: Bhati Const. | K96: Sanjay Thakur | L96: Rakesh Pathak | M96: Complete
A97: 89 | B97: 27 | D97: 60/2 | E97: DA+3 RC | F97: DFR | G97: 16.02.24 | H97: 20.02.24 | I97: 24.02.24 | J97: OM Const | K97: RT Singh | L97: RT Singh | M97: Complete | R97: =14+17 -> 31
A98: 90 | B98: 28 | D98: 60/3 | E98: DA+3 | F98: DFR | G98: 20.02.24 | H98: 25.02.24 | I98: 28.02.24 | J98: Manoj Sharma | K98: RT Singh | L98: RT Singh | M98: Complete
A99: 91 | B99: 29 | D99: 65/0 | E99: DB1+0 | F99: DRY | G99: 19.02.24 | H99: 28.02.24 | I99: 29.02.24 | J99: Bhati Const. | K99: Sanjay Thakur | L99: Rakesh Pathak | M99: Complete
A100: 92 | B100: 30 | D100: 60/4 | E100: DA+3 | F100: DFR | G100: 18.02.24 | H100: 27.02.24 | I100: 29.02.24 | J100: Manoj Sharma | K100: RT Singh | L100: RT Singh | M100: Complete
B101: March'24
...

Sheet Earthing (PKG-F)
A1: KEC INTERNATIONAL LIMITED
A2: LILO of 765 Kv DV Fatehgarh 3 Beawar TL
A3: Earthing
A4: Sl. No. | B4: Cum S No | C4: Location No. | D4: Tower Type | E4: Classification | F4: Type of Earthing | G4: Earthing | H4: Name of Sub-Contractor | I4: Check list
B6: 45261
A7: 1 | B7: 1 | C7: 61/3 | D7: DA+6 | E7: DRY | F7: Pipe Type | G7: 18.12.23 | H7: Manoj Sharma
A8: 2 | B8: 2 | C8: 62/4 | D8: DA+3 | E8: DRY | F8: Pipe Type | G8: 31.12.23 | H8: Shakti Const.
B9: 45292
A10: 3 | B10: 1 | C10: 59/7 | D10: DA+3 | E10: DRY | F10: Pipe Type | G10: 03.01.24 | H10: Manoj Sharma
A11: 4 | B11: 2 | C11: 59/8 | D11: DB+3 | E11: DRY | F11: Pipe Type | G11: 03.01.24 | H11: Manoj Sharma
A12: 5 | B12: 3 | C12: 59/9 | D12: DA+3 | E12: DRY | F12: Pipe Type | G12: 03.01.24 | H12: Manoj Sharma
A13: 6 | B13: 4 | C13: 59/10 | D13: DA+0 | E13: DRY | F13: Pipe Type | G13: 03.01.24 | H13: Manoj Sharma
A14: 7 | B14: 5 | C14: 59/13 | D14: DA+3 | E14: DRY | F14: Pipe Type | G14: 03.01.24 | H14: Manoj Sharma
A15: 8 | B15: 6 | C15: 59/14 | D15: DA+6 | E15: DRY | F15: Pipe Type | G15: 03.01.24 | H15: Manoj Sharma
A16: 9 | B16: 7 | C16: 59/5 | D16: DA+3 | E16: DFR | F16: Counter Poise | G16: 05.01.24 | H16: om Const.
A17: 10 | B17: 8 | C17: 59/6 | D17: DA+3 | E17: DFR | F17: Counter Poise | G17: 05.01.24 | H17: om Const.
A18: 11 | B18: 9 | C18: 60/7 | D18: DA+3 | E18: DRY | F18: Pipe Type | G18: 06.01.24 | H18: Imran
A19: 12 | B19: 10 | C19: 60/8 | D19: DA+0 | E19: DRY | F19: Pipe Type | G19: 06.01.24 | H19: Imran
A20: 13 | B20: 11 | C20: 60/9 | D20: DA+3 | E20: DRY | F20: Pipe Type | G20: 06.01.24 | H20: Imran
A21: 14 | B21: 12 | C21: 62/2 | D21: DA+3(RC) | E21: DRY | F21: Pipe Type | G21: 07.01.24 | H21: Shakti Const.
... A43: 36 | B43: 34 | C43: 55/6 | D43: DA+0 RC | E43: SANDY | F43: Pipe Type | G43: 29.01.24 | H43: Imran
B44: Feb-24
A45: 37 | B45: 1 | C45: 64/8 | D45: DA+3 | E45: DRY | F45: Pipe Type | G45: 01.02.24 | H45: Veerteja
A46: 38 | B46: 2 | C46: 60/10 | D46: DA+0 | E46: DFR | F46: Counter Poise | G46: 02.02.24 | H46: Manoj Sharma
A47: 39 | B47: 3 | C47: 60/11 | D47: DA+3 | E47: DRY | F47: Pipe Type | G47: 02.02.24 | H47: Manoj Sharma
A48: 40 | B48: 4 | C48: 61/0 | D48: DB2+0 | E48: DRY | F48: Pipe Type | G48: 02.02.24 | H48: Manoj Sharma
A49: 41 | B49: 5 | C49: 61/1 | D49: DA+6 | E49: DFR | F49: Counter Poise | G49: 02.02.24 | H49: Manoj Sharma
A50: 42 | B50: 6 | C50: 61/2 | D50: DA+6 | E50: DFR | F50: Counter Poise | G50: 02.02.24 | H50: Manoj Sharma
A51: 43 | B51: 7 | C51: 55/3 | D51: DA+0 | E51: SANDY | F51: Pipe Type | G51: 02.02.24 | H51: Imran
A52: 44 | B52: 8 | C52: 55/7 | D52: DA+0 | E52: SANDY | F52: Pipe Type | G52: 02.02.24 | H52: Imran
A53: 45 | B53: 9 | C53: 52/5 | D53: DA+9 RC | E53: SANDY | F53: Pipe Type | G53: 05.02.24 | H53: Imran
A54: 46 | B54: 10 | C54: 52/6 | D54: DA+6 | E54: SANDY | F54: Pipe Type | G54: 08.02.24 | H54: Imran
A55: 47 | B55: 11 | C55: 65/6 | D55: DA+0 | E55: DRY | F55: Pipe Type | G55: 09.02.24 | H55: Bhati Const.
A56: 48 | B56: 12 | C56: 65/5 | D56: DA+0 | E56: DRY | F56: Pipe Type | G56: 09.02.24 | H56: Bhati Const.
... A87: 79 | B87: 43 | C87: 52/9 | D87: DA+3 | E87: SANDY | F87: Pipe Type | G87: 22.02.24 | H87: Imran
A88: 80 | B88: 44 | C88: 52/8 | D88: DA+6 | E88: SANDY | F88: Pipe Type | G88: 22.02.24 | H88: Imran | L88: =126+84 -> 210
A89: 81 | B89: 45 | C89: 63/3 | D89: DA+3 | E89: DFR | F89: Pipe Type | G89: 22.02.24 | H89: Shakti Const.
A90: 82 | B90: 46 | C90: 67/1 | D90: DA+0 | E90: DRY | F90: Pipe Type | G90: 13.02.24 | H90: Bhati Const.
A91: 83 | B91: 47 | C91: 60/1 | D91: DA+6 | E91: DRY | F91: Pipe Type | G91: 23.02.24 | H91: om Const.
A92: 84 | B92: 48 | C92: 53/5 | D92: DA+3 | E92: SANDY | F92: Pipe Type | G92: 25.02.24 | H92: Imran
A93: 85 | B93: 49 | C93: 60/2 | D93: DA+3 | E93: DFR | F93: Counter Poise | G93: 26.02.24 | H93: om Const.
B94: March'24
A95: 86 | B95: 1 | C95: 60/3 | D95: DA+3 | E95: DFR | F95: Counter Poise | G95: 01.03.24 | H95: Manoj Sharma
A96: 87 | B96: 2 | C96: 60/4 | D96: DA+3 | E96: DFR | F96: Counter Poise | G96: 01.03.24 | H96: Manoj Sharma
A97: 88 | B97: 3 | C97: 64/11 | D97: DA+3 | E97: DRY | F97: Pipe Type | G97: 06.03.24 | H97: Bhati Const.
A98: 89 | B98: 4 | C98: 65/0 | D98: DB1+0 | E98: DRY | F98: Pipe Type | G98: 06.03.24 | H98: Bhati Const.
A99: 90 | B99: 5 | C99: 65/1 | D99: DA+0 | E99: DRY | F99: Pipe Type | G99: 07.03.24 | H99: Bhati Const.
A100: 91 | B100: 6 | C100: 59/16 | D100: DA+9 | E100: Dry | F100: Pipe Type | G100: 26.02.24 | H100: om Const.
A101: 92 | B101: 7 | C101: 59/15 | D101: DA+6 | E101: DRY | F101: Pipe Type | G101: 26.02.24 | H101: om Const.
A102: 93 | B102: 8 | C102: 49/2 | D102: DA+3 | E102: SANDY | F102: Pipe Type | G102: 08.03.24 | H102: Veerteja Enterprises
A103: 94 | B103: 9 | C103: 61/10 | D103: DA+9 | E103: DRY | F103: Pipe Type | G103: 12.03.24 | H103: Manoj Sharma
A104: 95 | B104: 10 | C104: 62/0 | D104: DB2+0 | E104: DRY | F104: Pipe Type | G104: 12.03.24 | H104: Manoj Sharma
A105: 96 | B105: 11 | C105: 60/0 | D105: DC1+0 | E105: DRY | F105: Pipe Type | G105: 19.03.24 | H105: Manoj Sharma
A106: 97 | B106: 12 | C106: 49/3 | D106: DA+3 | E106: SANDY | F106: Pipe Type | G106: 21.03.24 | H106: Veerteja Enterprises
... A111: 102 | B111: 17 | C111: 47/8 | D111: DA+0 RC | E111: SANDY | F111: Pipe Type | G111: 29.03.24 | H111: Bhati Const.
B112: April'24
A113: 103 | B113: 1 | C113: 47/7 | D113: DA+3 | E113: SANDY | F113: Pipe Type | G113: 02.04.24 | H113: Bhati Const.
A114: 104 | B114: 2 | C114: 48/0 | D114: DC2+0 | E114: SANDY | F114: Pipe Type | G114: 07.04.24 | H114: Bhati Const.
A115: 105 | B115: 3 | C115: 48/1 | D115: DA+9 | E115: SANDY | F115: Pipe Type | G115: 16.04.24 | H115: Veerteja Enterprises
A116: 106 | B116: 4 | C116: 50/9 | D116: DA+0 RC | E116: SANDY | F116: Pipe Type | G116: 19.04.24 | H116: Shakti Const.
A117: 107 | B117: 5 | C117: 50/10 | D117: DA+0 RC | E117: SANDY | F117: Pipe Type | G117: 19.04.24 | H117: Shakti Const.
A118: 108 | B118: 6 | C118: 51/1 | D118: DA+0 RC | E118: SANDY | F118: Pipe Type | G118: 19.04.24 | H118: Shakti Const.
A119: 109 | B119: 7 | C119: 50/8 | D119: DA+9 | E119: SANDY | F119: Pipe Type | G119: 20.04.24 | H119: Shakti Const.
A120: 110 | B120: 8 | C120: 49/6 | D120: DA+0 | E120: SANDY | F120: Pipe Type | G120: 20.04.24 | H120: Shakti Const.
A121: 111 | B121: 9 | C121: 49/4 | D121: DA+3 | E121: SANDY | F121: Pipe Type | G121: 22.04.24 | H121: Veerteja
A122: 112 | B122: 10 | C122: 49/1 | D122: DA+0 | E122: SANDY | F122: Pipe Type | G122: 22.04.24 | H122: Veerteja
B123: May'24
A124: 113 | B124: 1 | C124: 49/0 | D124: DD45+0 | E124: SANDY | F124: Pipe Type | G124: 03.05.24 | H124: Veerteja Enterprises
A125: 114 | B125: 2 | C125: 52/3 | D125: DA+9 | E125: SANDY | F125: Pipe Type | G125: 23.05.24 | H125: SB MEHAR CONST.
A126: 115 | B126: 3 | C126: 47/2 | D126: DA+9 | E126: SANDY | F126: Pipe Type | G126: 28.05.24 | H126: Bhati Const.
A127: 116 | B127: 4 | C127: 50/7 | D127: DA+0 RC | E127: SANDY | F127: Pipe Type | G127: 31.05.24 | H127: Veerteja Enterprises
A128: 117 | B128: 5 | C128: 50/1 | D128: DA+6 | E128: SANDY | F128: Pipe Type | G128: 31.05.24 | H128: Veerteja Enterprises
A129: 118 | B129: 6 | C129: 51/2 | D129: DA+0 | E129: SANDY | F129: Pipe Type | G129: 31.05.24 | H129: SB MEHAR CONST. | L129: =6+5.99+29.97 -> 41.96 | M129: =L129-0.14 -> 41.82
B130: June'24
A131: 119 | B131: 1 | C131: 50/4 | D131: DA+9 RC | E131: SANDY | F131: Pipe Type | G131: 03.02.24 | H131: Veerteja Enterprises
A132: 120 | B132: 2 | C132: 50/2 | D132: DA+9 RC | E132: SANDY | F132: Pipe Type | G132: 04.02.24 | H132: Veerteja Enterprises
A133: 121 | B133: 3 | C133: 47/3 | D133: DA+9 RC | E133: SANDY | F133: Pipe Type | G133: 08.06.24 | H133: Bhati Const.
A134: 122 | B134: 4 | C134: 47/5 | D134: DA+0 RC | E134: SANDY | F134: Pipe Type | G134: 08.06.24 | H134: Bhati Const.
A135: 123 | B135: 5 | C135: 47/6 | D135: DA+3 | E135: SANDY | F135: Pipe Type | G135: 08.06.24 | H135: Bhati Const.
A136: 124 | B136: 6 | C136: 51/0 | D136: DC2+0 | E136: SANDY | F136: Pipe Type | G136: 11.06.24 | H136: SB MEHAR CONST.
B137: July'24
A138: 125 | B138: 1 | C138: 53/7 | D138: DA+3 | E138: SANDY | F138: Pipe Type | G138: 02.07.24 | H138: Bhati Const.
A139: 126 | B139: 2 | C139: 58/0 | D139: DC1+3 | E139: DFR | F139: Counter Poise | G139: 30.07.24 | H139: Bhati Const.
B140: Aug'24
A141: 127 | B141: 1 | C141: 50/0 | D141: DB2+0 RC | E141: SANDY | F141: Pipe Type | G141: 03.08.24 | H141: Veerteja Enterprises
A142: 128 | B142: 2 | C142: 57/7 | D142: DA+3 | E142: DFR | F142: Counter Poise | G142: 12.08.24 | H142: Bhati Const.
A143: 129 | B143: 3 | C143: 59/2 | D143: DA+3 | E143: DFR | F143: Counter Poise | G143: 23.08.24 | H143: Bhati Const.
B144: Sept'24
A145: 130 | B145: 1 | C145: 53/8 | D145: DA+3 | E145: Sandy | F145: Pipe Type | G145: 03.09.24 | H145: Bhati Const.
A146: 131 | B146: 2 | C146: 53/6 | D146: DA+6 RC | E146: Sandy | F146: Pipe Type | G146: 13.09.24 | H146: Bhati Const.
A147: 132 | B147: 3 | C147: 54/1 | D147: DA+3 RC | E147: Sandy | F147: Pipe Type | G147: 14.09.24 | H147: Bhati Const.
A148: 133 | B148: 4 | C148: 54/2 | D148: DA+3 | E148: Sandy | F148: Pipe Type | G148: 14.09.24 | H148: Bhati Const.
A149: 134 | B149: 5 | C149: 73/0 | D149: DB2+0 | E149: DRY | F149: Pipe Type | G149: 15.09.24 | H149: Shree Shyam Const.
A150: 135 | B150: 6 | C150: 73/2 | D150: DA+0 | E150: DRY | F150: Pipe Type | G150: 16.09.24 | H150: Shree Shyam Const.
A151: 136 | B151: 7 | C151: 73/1 | D151: DA+0 | E151: DRY | F151: Pipe Type | G151: 19.09.24 | H151: Shree Shyam Const.
A152: 137 | B152: 8 | C152: 73/9 | D152: DA+0 | E152: DRY | F152: Pipe Type | G152: 19.09.24 | H152: Shakti Const.
A153: 138 | B153: 9 | C153: 73/6 | D153: DA+0 | E153: DRY | F153: Pipe Type | G153: 22.09.24 | H153: Shree Shyam Const.
A154: 139 | B154: 10 | C154: 66/0 | D154: DC2+6 | E154: DFR | F154: Pipe Type | G154: 27.09.24 | H154: Bhati Const.
A155: 140 | B155: 11 | C155: 69/1 | D155: DA+3 | E155: DRY | F155: Pipe Type | G155: 27.09.24 | H155: Bhati Const.
A156: 141 | B156: 12 | C156: 59/11 | D156: DA+6 | E156: DFR | F156: Counter Poise | G156: 28.09.24 | H156: Mahadev Eng
...

Sheet Project Details
A1: Project Code | B1: Project Name | C1: Client Name | D1: NOA Start Date | E1: LOA End Date | F1: Planning Engineer | G1: PCH | H1: Regional Manager | I1: Project Manger | J1: Section Incharge | K1: Supervisor
A2: TB401 | B2: 765 KV Fatehgarh III to Beawer 2nd Transmission Line, PKG G | C2: Resonia Limited | D2: 26/4/2023 | E2: 46022 | F2: Mr Santosh Pandey | G2: Mr. Sanjay Kumar Gupta | H2: Mr. Sandeep Singh Kumar | I2: Mr. Virender Gupta | J2: Sumit Kumar | K2: Pradeep Kumar
J3: Rajeev Kumar | K3: Vikas Kumar
J4: Vivek Shukla | K4: Ganesh Singh
J5: Vijay Yadav | K5: Dineshwar Mahto
J6: Ram Tirath Singh | K6: Kamla Pal Prasad
J7: Jitendra Saini | K7: Bisun Saw
K8: Shakib Hussain
K9: Umesh Prasad
K10: Prince Kumar Nirala
K11: Pramod Kumar Sahoo
K12: Jainath Mahto
K13: Rajesh Pal
K14: Ramji Tanti
K15: Rakesh Pramanik
K16: Sam Mahammad
K17: Suresh Kumar Pal
K18: Hulas Kumar Mahto
K19: Akash Dadarao Thul
... K40: Jaylal Mahto

Sheet Progress
A1: Project Code | B1: TB401 | E1: LOA Start Date | F1: 26.04.23 | G1: SBU Head | H1: Mr. Rajender Gupta | I1: Head T&D-North | J1: Sanjay K. Gupta
A2: Project Name | B2: 765KV DC Fateggarh III to Beawar (2nd) TL | E2: LOA Completion Date | F2: 31.03.25 | G2: Regional Manager | H2: Mr Sandeep Kumar Singh | I2: Planning Engineer | J2: Santosh Pandey
A3: Client Name | B3: RESONIA LIMITED | E3: Expected Completion | F3: 31.12.25 | G3: Project Manager | H3: Mr Virender Gupta | I3: Date | J3: =TODAY() -> 46095
A4: Activity | B4: Final Estimated Quantity | C4: Cumulative L2 Till Last Month | D4: Cumulative Progress Till last Month | E4: L2 For Present Month | F4: Plan for the Month | G4: Today's Progress | H4: Progress till Date for the Month | I4: L2 Till Current Month | J4: Completed Till Date | K4: Balance Work | L4: Under Progress | M4: Gangs at present | N4: Remarks
A5: FOUNDATION | B5: 521 | C5: 521 | D5: 521 | E5: 0 | F5: 0 | I5: 0 | J5: =D5+H5 -> 521 | K5: =B5-J5 -> 0 | O5: =J5/B5 -> 1
A6: EARTHING | B6: 521 | C6: 521 | D6: 521 | E6: 0 | F6: 0 | I6: 0 | J6: =D6+H6 -> 521 | K6: =B6-J6 -> 0
A7: ERECTION | B7: 521 | C7: 521 | D7: 521 | E7: 0 | F7: 0 | I7: 0 | J7: =D7+H7 -> 521 | K7: =B7-J7 -> 0 | O7: =J7/B7 -> 1
A8: TACK WELDING | B8: 521 | C8: 521 | D8: 507 | E8: 0 | F8: 14 | H8: 2 | I8: 0 | J8: =D8+H8 -> 509 | K8: =B8-J8 -> 12
A9: Strg (Pay-Out) | B9: 202.13 | C9: 202 | D9: 191.539 | E9: 0 | F9: 10.59 | G9: 3.172 | H9: =2.877+3.172 -> 6.049 | I9: 0 | J9: =D9+H9 -> 197.588 | K9: =B9-J9 -> 4.542 | L9: 4.543 | M9: 3 | O9: =J9/B9 -> 0.97752931
A10: Strg (Final Sag) | B10: 202.13 | C10: 202 | D10: 189.1 | E10: 0 | F10: 13.03 | H10: 5.317 | I10: 0 | J10: =D10+H10 -> 194.417 | K10: =B10-J10 -> 7.713 | L10: 3.172 | M10: 3
A11: Stringing OPGW | B11: 202.13 | C11: 202 | D11: 191.399 | E11: 0 | F11: 10.69 | H11: =5.552+0.636 -> 6.188 | I11: 0 | J11: =D11+H11 -> 197.587 | K11: =B11-J11 -> 4.543 | L11: 4.543 | M11: 1 | O11: =SUM(O5:O10)/3 -> 0.99250977
O12: =SUM(O5:O11)/4 -> 0.99250977
H91: 11.02.26 | L91: 4th Phase WIP& Top Phase Final Sag

Sheet Foundation (Pkg-G)
A1: KEC INTERNATIONAL LIMITED | K1: Date: | L1: =TODAY() -> 46095
A2: LILO of 765 Kv DV Fatehgarh 3 Beawar TL
A3: FOUNDATION Pkg -G (Section -II)
A4: Sl. No. | B4: Month Sl. No. | C4: Location No. | D4: Tower Type | E4: Classification | F4: Excavation Start | G4: Dt. of Start | H4: Dt. of complete | I4: Name of Sub-Contractor | J4: KEC representative | K4: KEC Section In-Charge | L4: Remarks
B6: July-23
A7: 1 | B7: 1 | C7: 58/12 | D7: DA+0 | E7: DRY | G7: 14.07.2023 | H7: 15.07.2023 | I7: Mahadev engg. | J7: Mr. Mahamaya | K7: Mr. Shah Ali Khan | L7: Complete
A8: =A7+1 -> 2 | B8: 2 | C8: 59/1 | D8: DA+0 | E8: DRY | G8: 19.07.2023 | H8: 20.07.2023 | I8: Manoj Sharma | J8: Mr Manoj | K8: Mr. Shah Ali Khan | L8: Complete
A9: =A8+1 -> 3 | B9: 3 | C9: 58/14 | D9: DA+0 | E9: DRY | G9: 17.07.2023 | H9: 20.07.2023 | I9: Mahadev engg. | J9: Mr Manoj | K9: Mr. Shah Ali Khan | L9: Complete
A10: =A9+1 -> 4 | B10: 4 | C10: 59/3 | D10: DA+0 | E10: DRY | G10: 17.07.2023 | H10: 29.07.2023 | I10: Manoj Sharma | J10: Mr. Mahamaya | K10: Mr. Shah Ali Khan | L10: Complete
A11: =A10+1 -> 5 | B11: 5 | C11: 58/9 | D11: DA+0 | E11: DRY | G11: 26.07.2023 | H11: 30.07.2023 | I11: Mahadev engg. | J11: RT Singh | K11: Mr. Shah Ali Khan | L11: Complete
B12: Aug-23
A13: =A11+1 -> 6 | B13: 1 | C13: 59/2 | D13: DA+0 | E13: DRY | G13: 01.08.23 | H13: 03.08.23 | I13: Manoj Sharma | J13: Mr. Mahamaya | K13: Mr. Shah Ali Khan | L13: Complete
A14: =A13+1 -> 7 | B14: 2 | C14: 58/1 | D14: DA+0 | E14: DRY | G14: 02.08.2023 | H14: 04.08.2023 | I14: Mahadev engg. | J14: RT Singh | K14: Mr. Shah Ali Khan | L14: Complete
A15: =A14+1 -> 8 | B15: 3 | C15: 59/6 | D15: DA+0 | E15: DRY | G15: 04.08.2023 | H15: 06.08.2023 | I15: Manoj Sharma | J15: Mr. Mahamaya | K15: Mr. Shah Ali Khan | L15: Complete
A16: =A15+1 -> 9 | B16: 4 | C16: 58/3 | D16: DA+3 | E16: DRY | G16: 04.08.2023 | H16: 06.08.2023 | I16: Mahadev engg. | J16: RT Singh | K16: Mr. Rajesh Yadav | L16: Complete
A17: =A16+1 -> 10 | B17: 5 | C17: 51/7 | D17: DA+3 | E17: DFR | G17: 08.08.23 | H17: 09.08.23 | I17: Vaishali Const | J17: Dipesh Das | K17: Mr. Ujjawal Nirala | L17: Complete
A18: =A17+1 -> 11 | B18: 6 | C18: 58/10 | D18: DA+3 | E18: DRY | G18: 09.08.23 | H18: 10.08.2023 | I18: Mahadev engg. | J18: RT Singh | K18: RT Singh | L18: Complete
A19: =A18+1 -> 12 | B19: 7 | C19: 57/9 | D19: DA+0 | E19: DRY | G19: 09.08.23 | H19: 11.08.2023 | I19: Manoj Sharma | J19: Mr. Mahamaya | K19: RT Singh | L19: Complete
A20: =A19+1 -> 13 | B20: 8 | C20: 58/5 | D20: DA+3 | E20: DRY | G20: 12.08.23 | H20: 13.08.2023 | I20: Mahadev engg. | J20: RT Singh | K20: RT Singh | L20: Complete
A21: =A20+1 -> 14 | B21: 9 | C21: 57/10 | D21: DA+0 | E21: DRY | G21: 11.08.23 | H21: 13.08.2023 | I21: Manoj Sharma | J21: RT Singh | K21: RT Singh | L21: Complete
A22: =A21+1 -> 15 | B22: 10 | C22: 51/5 | D22: DA+0 | E22: DRY | G22: 13.08.23 | H22: 14.08.23 | I22: Vaishali Const | J22: Dipesh Das | K22: Mr. Ujjawal Nirala | L22: Complete
A23: =A22+1 -> 16 | B23: 11 | C23: 52/2 | D23: DA+3 | E23: DFR | G23: 13.08.23 | H23: 16.08.23 | I23: Khewanjrai Electrical | J23: Dipesh Das | K23: Mr. Ujjawal Nirala | L23: Complete
A24: =A23+1 -> 17 | B24: 12 | C24: 57/13 | D24: DA+0 | E24: DRY | G24: 14.08.23 | H24: 16.08.23 | I24: Manoj Sharma | J24: RT Singh | K24: RT Singh | L24: Complete
A25: =A24+1 -> 18 | B25: 13 | C25: 58/11 | D25: DA+3 | E25: DRY | G25: 16.08.23 | H25: 17.08.23 | I25: Mahadev engg. | J25: RT Singh | K25: RT Singh | L25: Complete
... A46: =A45+1 -> 39 | B46: 34 | C46: 59/5 | D46: DA+0 | E46: DRY | G46: 30.08.23 | H46: 31.08.23 | I46: Mahadev engg. | J46: Mahmya Pratap | K46: Mr. Shah Ali Khan | L46: Complete
B47: 45170
A48: 40 | B48: 1 | C48: 57/2 | D48: DA+0 | E48: DRY | F48: 27.08.23 | G48: 30.08.23 | H48: 01.09.23 | I48: Manoj Sharma | J48: Jitendra Saini | K48: RT Singh | L48: Complete
A49: =A48+1 -> 41 | B49: 2 | C49: 61/1 | D49: DA+0 | E49: DRY | F49: 29.08.23 | G49: 02.09.23 | H49: 03.09.23 | I49: Mahadev engg. | K49: Mr. Shah Ali Khan | L49: Complete
A50: =A49+1 -> 42 | B50: 3 | C50: 53/4 | D50: DA+3 | E50: DRY | F50: 30.08.23 | G50: 02.09.23 | H50: 05.09.23 | I50: Vaishali Const | J50: Dipesh Das | K50: Mr. Ujjawal Nirala | L50: Complete
A51: =A50+1 -> 43 | B51: 4 | C51: 61/2 | D51: DA+0 | E51: DRY | F51: 02.09.23 | G51: 04.09.23 | H51: 05.09.23 | I51: Mahadev engg. | K51: Mr. Shah Ali Khan | L51: Complete
A52: =A51+1 -> 44 | B52: 5 | C52: 48/1 | D52: DA+0 | E52: DRY | F52: 31.08.23 | G52: 04.09.23 | H52: 06.09.23 | I52: Shri Bhadariyarai Enterprises | J52: Dipesh Das | K52: Mr. Ujjawal Nirala | L52: Complete
A53: =A52+1 -> 45 | B53: 6 | C53: 55/9 | D53: DA+3 | E53: DRY | F53: 31.08.23 | G53: 03.09.23 | H53: 06.09.23 | I53: Nurul Amin | J53: Ganesh Rajput | K53: RT Singh | L53: Complete
A54: =A53+1 -> 46 | B54: 7 | C54: 58/2 | D54: DA+0 | E54: DRY | F54: 04.09.23 | G54: 08.09.23 | H54: 09.09.23 | I54: Mahadev engg. | J54: RT Singh | K54: RT Singh | L54: Complete
A55: =A54+1 -> 47 | B55: 8 | C55: 47/2 | D55: DA+0 | E55: DFR | F55: 04.09.23 | G55: 06.09.23 | H55: 09.09.23 | I55: B S Electrical | J55: Dipesh Das | K55: Mr. Ujjawal Nirala | L55: Complete
A56: =A55+1 -> 48 | B56: 9 | C56: 57/1 | D56: DA+3 | E56: DRY | F56: 01.09.23 | G56: 09.09.23 | H56: 11.09.23 | I56: Manoj Sharma | J56: Jitendra Saini | K56: RT Singh | L56: Complete
A57: =A56+1 -> 49 | B57: 10 | C57: 48/2 | D57: DA+3 | E57: DRY | F57: 05.09.23 | G57: 10.09.23 | H57: 11.09.23 | I57: Shri Bhadariyarai Enterprises | J57: Dipesh Das | K57: Mr. Ujjawal Nirala | L57: Complete
A58: =A57+1 -> 50 | B58: 11 | C58: 51/10 | D58: DA+3 | E58: DFR | F58: 08.09.23 | G58: 10.09.23 | H58: 12.09.23 | I58: Amirul Islam | J58: Ganesh Rajput | K58: RT Singh | L58: Complete
A59: =A58+1 -> 51 | B59: 12 | C59: 57/3 | D59: DA+0 | E59: DRY | F59: 04.09.23 | G59: 12.09.23 | H59: 14.09.23 | I59: Manoj Sharma | J59: RT Singh | K59: RT Singh | L59: Complete
A60: =A59+1 -> 52 | B60: 13 | C60: 72/3 | D60: DA+0 | E60: DRY | F60: 08.09.23 | G60: 13.09.23 | H60: 14.09.23 | I60: Mahadev engg. | J60: Manoj | K60: Mr. Shah Ali Khan | L60: Complete
A61: =A60+1 -> 53 | B61: 14 | C61: 43/4 | D61: DA+9 | E61: DRY | F61: 09.09.23 | G61: 12.09.23 | H61: 14.09.23 | I61: Shakti Construction | J61: Dipesh Das | K61: Rakesh Pathak | L61: Complete
A62: =A61+1 -> 54 | B62: 15 | C62: 50/4 | D62: DA+3 | E62: DRY | F62: 11.09.23 | G62: 15.09.23 | H62: 16.09.23 | I62: Shri Bhadariyarai Enterprises | J62: Dipesh Das | K62: Mr. Ujjawal Nirala | L62: Complete
A63: =A62+1 -> 55 | B63: 16 | C63: 55/2 | D63: DA+3 | E63: DFR | F63: 26.08.23 | G63: 03.09.23 | H63: 16.09.23 | I63: Amirul Islam | J63: Kumar Nayak | K63: RT Singh | L63: Complete
... A88: =A87+1 -> 80 | B88: 41 | C88: 41/11 | D88: DA+3 | E88: SANDY | F88: 23.09.23 | G88: 27.09.23 | H88: 30.09.23 | I88: Om Const | J88: Dipesh Das | K88: Rakesh Pathak | L88: Complete
B89: 45200
A90: 81 | B90: 1 | C90: 55/11 | D90: DA+3 | E90: DFR | F90: 22.09.23 | G90: 30.09.23 | H90: 04.10.23 | I90: Nurul Amin | J90: Ganesh Rajput | K90: RT Singh | L90: Complete
A91: =A90+1 -> 82 | B91: 2 | C91: 56/5 | D91: DA+0 | E91: DRY | F91: 27.09.23 | G91: 03.10.23 | H91: 04.10.23 | I91: Manoj Sharma | J91: RT Singh | K91: RT Singh | L91: Complete
A92: =A91+1 -> 83 | B92: 3 | C92: 72/1 | D92: DA+0 | E92: DRY | F92: 29.09.23 | G92: 03.10.23 | H92: 04.10.23 | I92: Mahadev engg. | J92: Manoj | K92: Sumit mishra | L92: Complete
A93: =A92+1 -> 84 | B93: 4 | C93: 56/1 | D93: DA+3 | E93: DFR | F93: 21.09.23 | G93: 03.10.23 | H93: 05.10.23 | I93: Vaishali Const | J93: RT Singh | K93: RT Singh | L93: Complete
A94: =A93+1 -> 85 | B94: 5 | C94: 71/5 | D94: DA+0 | E94: DRY | F94: 26.09.23 | G94: 04.10.23 | H94: 06.10.23 | I94: Mahadev engg. | J94: Manoj | K94: Sumit mishra | L94: Complete
A95: =A94+1 -> 86 | B95: 6 | C95: 41/7 | D95: DA+3 | E95: SANDY | F95: 29.09.23 | G95: 04.10.23 | H95: 08.10.23 | I95: Om Const | J95: Dipesh Das | K95: Rakesh Pathak | L95: Complete
A96: =A95+1 -> 87 | B96: 7 | C96: 44/3 | D96: DA+3 | E96: WFR | F96: 29.09.23 | G96: 06.10.23 | H96: 09.10.23 | I96: Shakti Construction | J96: Dipesh Das | K96: Mr. Ujjawal Nirala | L96: Complete
A97: =A96+1 -> 88 | B97: 8 | C97: 58/4 | D97: DA+0 | E97: DRY | F97: 06.10.23 | G97: 06.10.23 | H97: 10.10.23 | I97: Mahadev engg. | J97: Manoj | K97: Sumit mishra | L97: Complete
A98: =A97+1 -> 89 | B98: 9 | C98: 56/2 | D98: DA+3 | E98: DFR | F98: 05.10.23 | G98: 13.10.23 | H98: 14.10.23 | I98: Vaishali Const | J98: jintender | K98: RT Singh | L98: Complete
A99: =A98+1 -> 90 | B99: 10 | C99: 58/7 | D99: DB1+0 | E99: DRY | F99: 10.10.23 | G99: 17.10.23 | H99: 19.10.23 | I99: Mahadev engg. | J99: Manoj | K99: Sumit mishra | L99: Complete
A100: =A99+1 -> 91 | B100: 11 | C100: 43/1 | D100: DA+9 | E100: SANDY | F100: 11.10.23 | H100: 19.10.23 | I100: Om Const | J100: Dipesh Das | K100: Rakesh Pathak | L100: Complete
A101: =A100+1 -> 92 | B101: 12 | C101: 57/6 | D101: DB1+0 | E101: DRY | F101: 16.10.23 | G101: 18.10.23 | H101: 20.10.23 | I101: Manoj Sharma | K101: RT Singh | L101: Complete
A102: =A101+1 -> 93 | B102: 13 | C102: 55/6 | D102: DA+3 | E102: DRY | F102: 30.09.23 | G102: 17.10.23 | H102: 21.10.23 | I102: Amirul Islam | J102: Kumar Nayak | K102: RT Singh | L102: Complete
A103: =A102+1 -> 94 | B103: 14 | C103: 33/1 | D103: DA+0 | E103: SANDY | F103: 15.10.23 | H103: 22.10.23 | I103: Shakti Construction | J103: Dipesh Das | K103: Mr. Ujjawal Nirala | L103: Complete
A104: =A103+1 -> 95 | B104: 15 | C104: 47/0 | D104: DB1+0 | E104: SANDY | F104: 19.10.23 | G104: 23.10.23 | H104: 26.10.23 | I104: Om Const | J104: Dipesh Das | K104: RT Singh | L104: Complete
A105: =A104+1 -> 96 | B105: 16 | C105: 59/0 | D105: DB2+0 | E105: DRY | F105: 18.10.23 | G105: 23.10.23 | H105: 26.10.23 | I105: Mahadev engg. | J105: Manoj | K105: Sumit mishra | L105: Complete
A106: =A105+1 -> 97 | B106: 17 | C106: 57/0 | D106: DB2+0 | E106: DRY | F106: 21.10.23 | G106: 25.10.23 | H106: 27.10.23 | I106: Manoj Sharma | K106: Sumit mishra | L106: Complete
A107: =A106+1 -> 98 | B107: 18 | C107: 46/2 | D107: DA+0 | E107: DRY | F107: 26.09.23 | G107: 29.09.23 | H107: 29.10.23 | I107: Shri Bhadariyarai Enterprises/Om Const | J107: Ganesh | K107: RT Singh | L107: Complete
A108: =A107+1 -> 99 | B108: 19 | C108: 56/0 | D108: DB1+0 | E108: DFR | F108: 19.10.23 | G108: 28.10.23 | H108: 31.10.23 | I108: Vaishali Const | J108: jintender | K108: Sumit mishra | L108: Complete
A109: =A108+1 -> 100 | B109: 20 | C109: 51/0 | D109: DB2+0 | E109: DFR | F109: 26.10.23 | G109: 30.10.23 | H109: 31.10.23 | I109: Manoj Sharma | J109: jintender | K109: Sumit mishra | L109: Complete
A110: =A109+1 -> 101 | B110: 21 | C110: 32/7 | D110: DA+0 | E110: Sandy | G110: 45222 | H110: 45227 | I110: Shakti Construction | J110: Kumar Nayak | L110: Complete
B111: 45231
A112: 102 | B112: 1 | C112: 48/0 | D112: DB2+0 | E112: SANDY | F112: 29.10.23 | G112: 01.11.23 | H112: 06.11.23 | I112: Om Const | J112: Ganesh | K112: Sumit mishra | L112: Complete
A113: =A112+1 -> 103 | B113: 2 | C113: 52/0 | D113: DB2+0 | E113: DRY | F113: 01.11.23 | G113: 05.11.23 | H113: 06.11.23 | I113: Manoj Sharma | J113: Ganesh | K113: Sumit mishra | L113: Complete
A114: =A113+1 -> 104 | B114: 3 | C114: 51/9 | D114: DA+3 | E114: DRY | F114: 07.11.23 | G114: 09.11.23 | H114: 13.11.23 | I114: Om Const | J114: Ganesh | K114: Sumit mishra | L114: Complete
A115: =A114+1 -> 105 | B115: 4 | C115: 51/6 | D115: DA+0 RC | E115: DRY | F115: 17.11.23 | G115: 21.11.23 | H115: 30.11.23 | I115: Om Const | J115: Ganesh | K115: RT Singh | L115: Complete
A116: =A115+1 -> 106 | B116: 5 | C116: 32/5 | D116: DA+6 | E116: Sandy | G116: 45228 | H116: 45234 | I116: Shakti Construction | K116: Kumar Nayak | L116: Complete
A117: =A116+1 -> 107 | B117: 6 | C117: 32/1 | D117: DA+9 | E117: Sandy | G117: 45233 | H117: 45240 | I117: Shakti Construction | K117: Kumar Nayak | L117: Complete
A118: =A117+1 -> 108 | B118: 7 | C118: 30/2 | D118: DA+0 | E118: Sandy | G118: 45243 | H118: 45246 | I118: Shakti Construction | K118: Kumar Nayak | L118: Complete
A119: =A118+1 -> 109 | B119: 8 | C119: 32/0 | D119: DB2+6 | E119: Sandy | G119: 45248 | H119: 45258 | I119: Shakti Construction | K119: Dipesh | L119: Complete
B120: 45261
A121: 110 | B121: 1 | C121: 46/3 | D121: DA+0 | E121: SANDY | F121: 27.11.23 | G121: 05.12.23 | H121: 07.12.23 | I121: Manoj Sharma | J121: Umesh Kumar | K121: RT Singh | L121: Complete
A122: =A121+1 -> 111 | B122: 2 | C122: 51/1 | D122: DA+0 | E122: DFR | F122: 10.09.23 | G122: 15.11.23 | H122: 06.12.23 | I122: Amirul Islam/Om Const | J122: Umesh Kumar | K122: RT Singh | L122: Complete
A123: =A122+1 -> 112 | B123: 3 | C123: 51/8 | D123: DA+3 | E123: DFR | F123: 20.11.23 | G123: 06.12.23 | H123: 09.12.23 | I123: Om Const | J123: Umesh Kumar | K123: RT Singh | L123: Complete
A124: =A123+1 -> 113 | B124: 4 | C124: 41/5 | D124: DA+0 (RC) | E124: SANDY | F124: 05.12.23 | G124: 07.12.23 | H124: 13.12.23 | I124: Shakti Construction | J124: Dipesh | K124: Jish C Verghese | L124: Complete | M124: =265-108 -> 157
A125: =A124+1 -> 114 | B125: 5 | C125: 53/1 | D125: DA+0 (RC) | E125: DRY | F125: 09.12.23 | G125: 11.12.23 | H125: 14.12.23 | I125: Om Const | J125: Umesh Kumar | K125: RT Singh | L125: Complete
A126: =A125+1 -> 115 | B126: 6 | C126: 52/3 | D126: DA+0 (RC) | E126: SANDY | F126: 13.12.23 | G126: 16.12.23 | H126: 21.12.23 | I126: Om Const | J126: Umesh Kumar | K126: RT Singh | L126: Complete
A127: =A126+1 -> 116 | B127: 7 | C127: 41/6 | D127: DA+0(RC) | E127: SANDY | F127: 23.12.23 | G127: 28.12.23 | H127: 31.12.23 | I127: Riddhika Tech. | J127: Manoj | K127: Jish C Verghese | L127: Complete
A128: =A127+1 -> 117 | B128: 8 | C128: 31/3 | D128: DA+0 | E128: Sandy | G128: 45258 | H128: 45264 | I128: Shakti Construction | K128: Dipesh | L128: Complete
A129: =A128+1 -> 118 | B129: 9 | C129: 24/3 | D129: DA+0 | E129: Sandy | G129: 45279 | H129: 45286 | I129: N.R. Enterprises | K129: Ullas Mahto | L129: Complete
A130: =A129+1 -> 119 | B130: 10 | C130: 21/8 | D130: DA+0 | E130: DFR | G130: 45283 | H130: 45289 | I130: Mehai Construction | K130: Jeetu Sachan | L130: Complete
A131: =A130+1 -> 120 | B131: 11 | C131: 29/8 | D131: DA+3 | E131: Sandy | G131: 45283 | H131: 45288 | I131: Bande Bharat Group | K131: Jeetu Sachan | L131: Complete
A132: =A131+1 -> 121 | B132: 12 | C132: 29/3 | D132: DA+6 | E132: Sandy | G132: 45287 | H132: 45290 | I132: N.R. Enterprises | K132: Jeetu Sachan | L132: Complete
A133: =A132+1 -> 122 | B133: 13 | C133: 29/7 | D133: DA+3 | E133: Sandy | G133: 45288 | H133: 45290 | I133: Bande Bharat Group | K133: Jeetu Sachan | L133: Complete
A134: =A133+1 -> 123 | B134: 14 | C134: 29/5 | D134: DA+0 | E134: Sandy | G134: 45289 | H134: 45291 | I134: N.R. Enterprises | K134: Kuntal Debnath | L134: Complete
A135: =A134+1 -> 124 | B135: 15 | C135: 21/9 | D135: DA+6 | E135: DRY | G135: 45287 | H135: 45291 | I135: Mehai Construction | K135: Jeetu Sachan | L135: Complete
B136: 45292
A137: 125 | B137: 1 | C137: 41/4 | D137: DA+0(RC) | E137: SANDY | F137: 30.12.23 | G137: 03.01.24 | H137: 06.01.24 | I137: Riddhika Tech. | J137: Rajiv | K137: Jish C Verghese | L137: Complete
A138: =A137+1 -> 126 | B138: 2 | C138: 41/9 | D138: DA+0(RC) | E138: SANDY | F138: 04.01.24 | G138: 08.01.24 | H138: 12.01.24 | I138: Riddhika Tech. | J138: Rajiv | K138: Jish C Verghese | L138: Complete
A139: =A138+1 -> 127 | B139: 3 | C139: 41/8 | D139: DA+0 (RC) | E139: SANDY | F139: 08.01.24 | G139: 13.01.24 | H139: 18.01.24 | I139: Riddhika Tech. | J139: Rajiv | K139: Jish C Verghese | L139: Complete
A140: =A139+1 -> 128 | B140: 4 | C140: 41/12 | D140: DA+3 RC | E140: SANDY | F140: 19.01.24 | G140: 21.01.24 | H140: 25.01.24 | I140: Riddhika Tech. | J140: Rajiv | K140: Jish C Verghese | L140: Complete
A141: =A140+1 -> 129 | B141: 5 | C141: 46/4 | D141: DA+0 (RC) | E141: SANDY | G141: 23.01.24 | H141: 28.01.24 | I141: Om Const | K141: Jish C Verghese | L141: Complete
A142: =A141+1 -> 130 | B142: 6 | C142: 43/2 | D142: DA+9 RC | E142: SANDY | F142: 19.01.24 | G142: 24.01.24 | H142: 30.01.24 | I142: Sai Infra | J142: Manoj | K142: Jish C Verghese | L142: Complete
A143: =A142+1 -> 131 | B143: 7 | C143: 63/5 | D143: DA+3 | E143: DRY | F143: 23.01.24 | G143: 29.01.24 | H143: 30.01.24 | I143: Bhati Const. | K143: Rakesh Pathak | L143: Complete
A144: =A143+1 -> 132 | B144: 8 | C144: 63/6 | D144: DA+3 | E144: DRY | F144: 30.01.24 | G144: 30.01.24 | H144: 31.01.24 | I144: Bhati Const. | K144: Rakesh Pathak | L144: Complete
A145: =A144+1 -> 133 | B145: 9 | C145: 23/2 | D145: DA+0 | E145: DFR | G145: 45292 | H145: 45304 | I145: Nagana Rai & Company | K145: Jeetu Sachan | L145: Complete
...

Sheet Earthing (PKG-G)
B1: KEC INTERNATIONAL LIMITED
B2: LILO of 765 Kv DV Fatehgarh 3 Beawar TL
B3: Earthing
A4: Cum S No | B4: Sl. No. | C4: Location No. | D4: Tower Type | E4: Classification | F4: Type of Earthing | G4: Earthing | H4: Name of Sub-Contractor | I4: Check list
B6: 45139
A7: 1 | B7: 1 | C7: 58/1 | D7: DA+0 | E7: DRY | F7: Pipe Type | G7: 16.08.23 | H7: Mahadev engg. | I7: Check list submitted
A8: 2 | B8: 2 | C8: 58/11 | D8: DA+3 | E8: DRY | F8: Pipe Type | G8: 20.08.23 | H8: Mahadev engg. | I8: Check list submitted
A9: 3 | B9: 3 | C9: 58/3 | D9: DA+3 | E9: DRY | F9: Pipe Type | G9: 24.8.23 | H9: Mahadev engg. | I9: Check list submitted
A10: 4 | B10: 4 | C10: 58/5 | D10: DA+3 | E10: DRY | F10: Pipe Type | G10: 24.8.23 | H10: Mahadev engg. | I10: Check list submitted
A11: 5 | B11: 5 | C11: 57/10 | D11: DA+0 | E11: DRY | F11: Pipe Type | G11: 24.8.23 | H11: Manoj Sharma | I11: Check list submitted
A12: 6 | B12: 6 | C12: 57/13 | D12: DA+0 | E12: DRY | F12: Pipe Type | G12: 24.8.23 | H12: Manoj Sharma | I12: Check list submitted
A13: 7 | B13: 7 | C13: 57/11 | D13: DA+0 | E13: DRY | F13: Pipe Type | G13: 24.8.23 | H13: Manoj Sharma | I13: Check list submitted
A14: 8 | B14: 8 | C14: 57/12 | D14: DA+3 | E14: DRY | F14: Pipe Type | G14: 24.8.23 | H14: Manoj Sharma | I14: Check list submitted
A15: 9 | B15: 9 | C15: 58/6 | D15: DA+3 | E15: DRY | F15: Pipe Type | G15: 24.8.23 | H15: Mahadev engg. | I15: Check list submitted
A16: 10 | B16: 10 | C16: 57/8 | D16: DA+3 | E16: DRY | F16: Pipe Type | G16: 25.08.23 | H16: Manoj Sharma | I16: Check list submitted
A17: 11 | B17: 11 | C17: 52/2 | D17: DA+3 | E17: DFR | F17: Counter Poise | G17: 25.08.23 | H17: Khewanjrai Electrical | I17: Check list submitted
A18: 12 | B18: 12 | C18: 57/9 | D18: DA+0 | E18: DRY | F18: Pipe Type | G18: 25.08.23 | H18: Manoj Sharma | I18: Check list submitted
... A28: 22 | B28: 22 | C28: 52/4 | D28: DA+0 | E28: DFR | F28: Counter Poise | G28: 31.08.23 | H28: Khewanjrai Electrical | I28: Check list submitted
B29: 45170
A30: 23 | B30: 1 | C30: 61/1 | D30: DA+0 | E30: DRY | F30: Pipe Type | G30: 03.09.2023 | H30: Mahadev engg. | I30: Check list submitted
A31: =A30+1 -> 24 | B31: 2 | C31: 59/5 | D31: DA+0 | E31: DRY | F31: Pipe Type | G31: 05.09.23 | H31: Mahadev engg. | I31: Check list submitted
A32: =A31+1 -> 25 | B32: 3 | C32: 61/2 | D32: DA+0 | E32: DRY | F32: Pipe Type | G32: 06.09.23 | H32: Mahadev engg. | I32: Check list submitted
A33: =A32+1 -> 26 | B33: 4 | C33: 58/2 | D33: DA+0 | E33: DRY | F33: Pipe Type | G33: 10.09.23 | H33: Mahadev engg. | I33: Check list submitted
A34: =A33+1 -> 27 | B34: 5 | C34: 59/1 | D34: DA+0 | E34: DRY | F34: Pipe Type | G34: 10.09.23 | H34: Manoj Sharma | I34: Check list submitted
A35: =A34+1 -> 28 | B35: 6 | C35: 59/3 | D35: DA+0 | E35: DRY | F35: Pipe Type | G35: 10.09.23 | H35: Manoj Sharma | I35: Check list submitted
A36: =A35+1 -> 29 | B36: 7 | C36: 59/2 | D36: DA+0 | E36: DRY | F36: Pipe Type | G36: 10.09.23 | H36: Manoj Sharma | I36: Check list submitted
A37: =A36+1 -> 30 | B37: 8 | C37: 59/6 | D37: DA+0 | E37: DRY | F37: Pipe Type | G37: 10.09.23 | H37: Manoj Sharma | I37: Check list submitted
A38: =A37+1 -> 31 | B38: 9 | C38: 53/3 | D38: DA+3 | E38: DRY | F38: Pipe Type | G38: 12.09.23 | H38: Vaishali Const | I38: Check list submitted
A39: =A38+1 -> 32 | B39: 10 | C39: 53/4 | D39: DA+3 | E39: DRY | F39: Pipe Type | G39: 12.09.23 | H39: Vaishali Const | I39: Check list submitted
A40: =A39+1 -> 33 | B40: 11 | C40: 47/3 | D40: DA+0 | E40: DFR | F40: Counter Poise | G40: 18.09.23 | H40: B S Electrical | I40: received
A41: =A40+1 -> 34 | B41: 12 | C41: 47/2 | D41: DA+0 | E41: DFR | F41: Counter Poise | G41: 18.09.23 | H41: B S Electrical | I41: received
A42: =A41+1 -> 35 | B42: 13 | C42: 51/10 | D42: DA+3 | E42: DFR | F42: Counter Poise | G42: 19.09.23 | H42: Nurul Amin | I42: received
... A57: =A56+1 -> 50 | B57: 28 | C57: 55/10 | D57: DA+3 | E57: DRY | F57: Pipe Type | G57: 29.09.23 | H57: Nurul Amin | I57: Not received
A58: =A57+1 -> 51 | B58: 29 | C58: 44/4 | D58: DA+0 | E58: WFR | F58: Counter Poise | G58: 30.09.23 | H58: B S Electrical
A59: =A58+1 -> 52 | B59: 30 | C59: 44/2 | D59: DA+0 | E59: SANDY | F59: Pipe Type | G59: 30.09.23 | H59: Shakti Construction
B60: 45200
A61: 53 | B61: 1 | C61: 50/3 | D61: DA+0 | E61: DFR | F61: Counter Poise | G61: 01.10.23 | H61: Shri Bhadariyarai Enterprises
A62: =A61+1 -> 54 | B62: 2 | C62: 72/3 | D62: DA+0 | E62: DRY | F62: Pipe Type | G62: 01.10.23 | H62: Mahadev engg.
A63: =A62+1 -> 55 | B63: 3 | C63: 72/4 | D63: DA+0 | E63: DRY | F63: Pipe Type | G63: 01.10.23 | H63: Mahadev engg.
A64: =A63+1 -> 56 | B64: 4 | C64: 72/5 | D64: DA+0 | E64: DRY | F64: Pipe Type | G64: 01.10.23 | H64: Mahadev engg.
A65: =A64+1 -> 57 | B65: 5 | C65: 72/2 | D65: DA+0 | E65: DRY | F65: Pipe Type | G65: 03.10.23 | H65: Mahadev engg.
A66: =A65+1 -> 58 | B66: 6 | C66: 71/3 | D66: DA+0 | E66: DRY | F66: Pipe Type | G66: 03.10.23 | H66: Mahadev engg.
A67: =A66+1 -> 59 | B67: 7 | C67: 71/4 | D67: DA+0 | E67: DRY | F67: Pipe Type | G67: 03.10.23 | H67: Mahadev engg.
A68: =A67+1 -> 60 | B68: 8 | C68: 71/1 | D68: DA+0 | E68: DRY | F68: Pipe Type | G68: 03.10.23 | H68: Mahadev engg.
A69: =A68+1 -> 61 | B69: 9 | C69: 57/4 | D69: DA+0 | E69: DRY | F69: Pipe Type | G69: 04.10.23 | H69: Manoj Sharma
A70: =A69+1 -> 62 | B70: 10 | C70: 57/5 | D70: DA+3 | E70: DRY | F70: Pipe Type | G70: 04.10.23 | H70: Manoj Sharma
A71: =A70+1 -> 63 | B71: 11 | C71: 57/2 | D71: DA+0 | E71: DRY | F71: Pipe Type | G71: 04.10.23 | H71: Manoj Sharma
A72: =A71+1 -> 64 | B72: 12 | C72: 57/1 | D72: DA+3 | E72: DRY | F72: Pipe Type | G72: 04.10.23 | H72: Manoj Sharma
A73: =A72+1 -> 65 | B73: 13 | C73: 57/3 | D73: DA+0 | E73: DRY | F73: Pipe Type | G73: 04.10.23 | H73: Manoj Sharma
... A76: =A75+1 -> 68 | B76: 16 | C76: 56/4 | D76: DA+3 | E76: DFR | F76: Counter Poise | G76: 04.10.23 | H76: Manoj Sharma
A77: =A76+1 -> 69 | B77: 17 | C77: 57/7 | D77: DA+3 | E77: DRY | F77: Pipe Type | G77: 04.10.23 | H77: Manoj Sharma | K77: 72/1
A78: =A77+1 -> 70 | B78: 18 | C78: 56/5 | D78: DA+0 | E78: DRY | F78: Pipe Type | G78: 05.10.23 | H78: Manoj Sharma | K78: 71/5
A79: =A78+1 -> 71 | B79: 19 | C79: 55/11 | D79: DA+3 | E79: DRY | F79: Pipe Type | G79: 05.10.23 | H79: Nurul Amin
A80: =A79+1 -> 72 | B80: 20 | C80: 55/7 | D80: DA+0 | E80: DRY | F80: Pipe Type | G80: 06.10.23 | H80: Nurul Amin
A81: =A80+1 -> 73 | B81: 21 | C81: 55/8 | D81: DA+3 | E81: DRY | F81: Pipe Type | G81: 06.10.23 | H81: Nurul Amin
A82: =A81+1 -> 74 | B82: 22 | C82: 55/9 | D82: DA+3 | E82: DRY | F82: Pipe Type | G82: 06.10.23 | H82: Nurul Amin
A83: =A82+1 -> 75 | B83: 23 | C83: 55/5 | D83: DA+0 | E83: DFR | F83: Counter Poise | G83: 07.10.23 | H83: Amirul Islam
A84: =A83+1 -> 76 | B84: 24 | C84: 56/1 | D84: DA+3 | E84: DFR | F84: Counter Poise | G84: 08.10.23 | H84: Vaishali Const
A85: =A84+1 -> 77 | B85: 25 | C85: 58/14 | D85: DA+0 | E85: DRY | F85: Pipe Type | G85: 08.10.23 | H85: Mahadev engg.
A86: =A85+1 -> 78 | B86: 26 | C86: 41/7 | D86: DA+3 | E86: SANDY | F86: Pipe Type | G86: 09.10.23 | H86: Om Const
A87: =A86+1 -> 79 | B87: 27 | C87: 41/10 | D87: DA+3 | E87: SANDY | F87: Pipe Type | G87: 09.10.23 | H87: Om Const
A88: =A87+1 -> 80 | B88: 28 | C88: 44/3 | D88: DA+3 | E88: WFR | F88: Counter Poise | G88: 10.10.23 | H88: Shakti Construction
A89: =A88+1 -> 81 | B89: 29 | C89: 41/11 | D89: DA+3 | E89: SANDY | F89: Pipe Type | G89: 12.10.23 | H89: Om Const
A90: =A89+1 -> 82 | B90: 30 | C90: 58/4 | D90: DA+0 | E90: DRY | F90: Pipe Type | G90: 11.10.23 | H90: Mahadev engg.
... A99: =A98+1 -> 91 | B99: 39 | C99: 57/0 | D99: DB2+0 | E99: DRY | F99: Pipe Type | G99: 28.10.23 | H99: Manoj Sharma
B100: 45231
A101: 92 | B101: 1 | C101: 56/0 | D101: DB1+0 | E101: DFR | F101: Counter Poise | G101: 02.11.23 | H101: Vaishali Const
A102: =A101+1 -> 93 | B102: 2 | C102: 51/0 | D102: DB2+0 | E102: DFR | F102: Counter Poise | G102: 02.11.23 | H102: Manoj Sharma
A103: =A102+1 -> 94 | B103: 3 | C103: 48/0 | D103: DB2+0 | E103: SANDY | F103: Pipe Type | G103: 05.11.23 | H103: Om Const
A104: =A103+1 -> 95 | B104: 4 | C104: 55/6 | D104: DA+3 | E104: DRY | F104: Pipe Type | G104: 07.11.23 | H104: Amirul Islam
A105: =A104+1 -> 96 | B105: 5 | C105: 33/1 | D105: DA+0 | E105: SANDY | F105: Pipe Type | G105: 07.11.23 | H105: Shakti Construction
A106: =A105+1 -> 97 | B106: 6 | C106: 52/0 | D106: DB2+0 | E106: DRY | F106: Pipe Type | G106: 08.11.23 | H106: Manoj Sharma
A107: =A106+1 -> 98 | B107: 7 | C107: 43/1 | D107: DA+9 | E107: SANDY | F107: Pipe Type | G107: 08.11.23 | H107: Om Const
A108: =A107+1 -> 99 | B108: 8 | C108: 46/2 | D108: DA+0 | E108: DRY | F108: Pipe Type | G108: 09.11.23 | H108: Bhadariya
A109: =A108+1 -> 100 | B109: 9 | C109: 47/0 | D109: DB1+0 | E109: SANDY | F109: Pipe Type | G109: 09.11.23 | H109: Om Const
A110: =A109+1 -> 101 | B110: 10 | C110: 51/9 | D110: DA+0 | E110: DRY | F110: Pipe Type | G110: 14.11.23 | H110: Om Const
A111: =A110+1 -> 102 | B111: 11 | C111: 32/7 | D111: DA+0 | E111: Sandy | F111: Pipe | G111: 45237 | H111: Shakti Construction
A112: =A111+1 -> 103 | B112: 12 | C112: 32/1 | D112: DA+9 | E112: Sandy | F112: Pipe | G112: 45240 | H112: Shakti Construction
A113: =A112+1 -> 104 | B113: 13 | C113: 32/5 | D113: DA+6 | E113: Sandy | F113: Pipe | G113: 45240 | H113: Shakti Construction
A114: =A113+1 -> 105 | B114: 14 | C114: 30/2 | D114: DA+0 | E114: Sandy | F114: Pipe | G114: 45248 | H114: Shakti Construction
A115: =A114+1 -> 106 | B115: 15 | C115: 32/0 | D115: DB2+6 | E115: Sandy | F115: Pipe | G115: 45258 | H115: Shakti Construction
B116: 45261
A117: 107 | B117: 1 | C117: 51/6 | D117: DA+0 | E117: DRY | F117: Pipe Type | G117: 02.12.23 | H117: Om Const
A118: =A117+1 -> 108 | B118: 2 | C118: 46/3 | D118: DA+0 | E118: SANDY | F118: Pipe Type | G118: 09.12.23 | H118: Manoj Sharma
A119: =A118+1 -> 109 | B119: 3 | C119: 51/1 | D119: DA+0 | E119: DFR | F119: Counter Poise | G119: 09.12.23 | H119: Om Const
A120: =A119+1 -> 110 | B120: 4 | C120: 41/5 | D120: DA+0 RC | E120: SANDY | F120: Pipe Type | G120: 13.12.23 | H120: Shakti Construction
A121: =A120+1 -> 111 | B121: 5 | C121: 53/1 | D121: DA+0 RC | E121: DRY | F121: Pipe Type | G121: 17.12.23 | H121: Om Const
A122: =A121+1 -> 112 | B122: 6 | C122: 51/8 | D122: DA+3 | E122: DFR | F122: Counter Poise | G122: 17.12.23 | H122: Om Const
A123: =A122+1 -> 113 | B123: 7 | C123: 52/3 | D123: DA+0 RC | E123: SANDY | F123: Pipe Type | G123: 22.12.23 | H123: Om Const
A124: =A123+1 -> 114 | B124: 8 | C124: 31/3 | D124: DA+0 | E124: Sandy | F124: Pipe | G124: 45265 | H124: Shakti Construction
A125: =A124+1 -> 115 | B125: 9 | C125: 24/3 | D125: DA+0 | E125: Sandy | F125: Pipe | G125: 45360 | H125: N.R. Enterprises
A126: =A125+1 -> 116 | B126: 10 | C126: 21/8 | D126: DA+0 | E126: DFR | F126: CP | H126: Mehai Construction
A127: =A126+1 -> 117 | B127: 11 | C127: 29/8 | D127: DA+3 | E127: Sandy | F127: Pipe | G127: 45290 | H127: Bande Bharat Group
A128: =A127+1 -> 118 | B128: 12 | C128: 29/3 | D128: DA+6 | E128: Sandy | F128: Pipe | G128: 45290 | H128: N.R. Enterprises
A129: =A128+1 -> 119 | B129: 13 | C129: 29/7 | D129: DA+3 | E129: Sandy | F129: Pipe | G129: 45290 | H129: Bande Bharat Group
A130: =A129+1 -> 120 | B130: 14 | C130: 29/5 | D130: DA+0 | E130: Sandy | F130: Pipe | G130: 45290 | H130: N.R. Enterprises
A131: =A130+1 -> 121 | B131: 15 | C131: 21/9 | D131: DA+6 | E131: DRY | F131: Pipe | H131: Mehai Construction
B132: 45292
A133: 122 | B133: 1 | C133: 41/6 | D133: DA+0(RC) | E133: SANDY | F133: Pipe Type | G133: 17.01.24 | H133: Riddhika Tech.
A134: =A133+1 -> 123 | B134: 2 | C134: 41/4 | D134: DA+0(RC) | E134: SANDY | F134: Pipe Type | G134: 17.01.24 | H134: Riddhika Tech.
...

Sheet  Benching Status-G
A1: RC, Benching & Revetment Locations
A2: Sl No. | B2: RC | C2: Loc No. | D2: Tower Type | E2: CP Position Up/Down | F2: Raised Chimney | G2: Chimney Extension | K2: Submitted Benching Volume (Cum) | M2: Approved Benching Volume (Cum) | O2: Approval Date | P2: JMC NO | Q2: JMC Date
G4: A | H4: B | I4: C | J4: D | K4: Cutting | L4: Filling | M4: Cutting | N4: Filling
A6: =A5+1 -> 1 | C6: 1/0 | D6: DE+0 | F6: 283.2 | J6: 1 | K6: 111.651 | M6: 89.5
A7: =A6+1 -> 2 | C7: 1A/0 | D7: DD60+0 | F7: 284.927 | K7: 270.309 | M7: 265.381
A8: =A7+1 -> 3 | C8: 1A/1 | D8: DA+0 | F8: 292.179 | I8: 2 | J8: 1 | K8: 46.489 | M8: 22.529
A9: =A8+1 -> 4 | C9: 1A/3 | D9: DA+0 | F9: 281.458 | I9: 1 | K9: 45.554 | M9: 45.554
A10: =A9+1 -> 5 | C10: 1A/4 | D10: DA+3 | F10: 281.508 | G10: 1 | K10: 81.372 | M10: 64.075
A11: =A10+1 -> 6 | C11: 1A/5 | D11: DA+6 | F11: 288.539 | H11: 1 | K11: 88.77 | M11: 88.77
A12: =A11+1 -> 7 | C12: 2/0 | D12: DC1+0 | F12: 277.997 | G12: 1 | H12: 1 | J12: 2 | K12: 69.275 | M12: 35.55
A13: =A12+1 -> 8 | C13: 2/2 | D13: DA+0 | F13: 282.591 | I13: 1 | J13: 1 | M13: 140.97
A14: =A13+1 -> 9 | C14: 2/3 | D14: DA+0 | F14: 293.068 | G14: 1 | H14: 1 | M14: 22.61
A15: =A14+1 -> 10 | C15: 2/4 | D15: DA+3 | F15: 294.942 | M15: 28.01
A16: =A15+1 -> 11 | C16: 2/5 | D16: DA+3 | F16: 295.491 | H16: 1 | I16: 1 | M16: 53.49
A17: =A16+1 -> 12 | C17: 2/6 | D17: DA+6 | F17: 288.339 | H17: 2 | M17: 107.54
A18: =A17+1 -> 13 | C18: 2/7 | D18: DA+6 | F18: 283.557 | I18: 1 | M18: 209.95
A19: =A18+1 -> 14 | C19: 5/0 | D19: DB1+9 | F19: 276.283 | G19: 2 | H19: 2 | I19: 2 | J19: 2
A20: =A19+1 -> 15 | C20: 6/0 | D20: DB2+9 | F20: 278.494 | G20: 2 | H20: 2 | I20: 2 | J20: 2
A21: =A20+1 -> 16 | C21: 6/1 | D21: DA+0 | F21: 286.666 | G21: 1 | M21: 53.48
A22: =A21+1 -> 17 | C22: 8/3 | D22: DA+3 | F22: 273.914 | J22: 1 | M22: 42.94
A23: =A22+1 -> 18 | C23: 8/4 | D23: DA+0 | F23: 276.398 | G23: 1 | H23: 1 | I23: 1 | J23: 2 | M23: 14.89
A24: =A23+1 -> 19 | C24: 8/5 | D24: DA+3 | F24: 278.586 | M24: 35.69
A25: =A24+1 -> 20 | C25: 8/9 | D25: DA+3 | F25: 271.848 | M25: 42.16
A26: =A25+1 -> 21 | C26: 10/1 | D26: DA+3 | F26: 260.835 | M26: 74.8
A27: =A26+1 -> 22 | C27: 10/22 | D27: DA+0 | F27: 258.665 | G27: 1 | H27: 4 | M27: 60.5
A28: =A27+1 -> 23 | C28: 10/23 | D28: DA+9 | F28: 265.711 | G28: 2 | H28: 6 | I28: 1 | J28: 1 | M28: 30.7
A29: =A28+1 -> 24 | C29: 11/0 | D29: DB1+0 | F29: 282.363 | G29: 2 | H29: 4 | J29: 3 | K29: 415.644 | M29: 213.823
A30: =A29+1 -> 25 | C30: 11/1 | D30: DA+6 | F30: 280.588 | H30: 2 | K30: 260.613 | M30: 159.329
A31: =A30+1 -> 26 | C31: 11/2 | D31: DA+9 | E31: +2.0 | F31: 260.522 | I31: 2 | K31: 101.072
A32: =A31+1 -> 27 | C32: 11/5 | D32: DA+3 | F32: 249.129 | G32: 1 | H32: 1 | J32: 1 | K32: 58.783 | M32: 58.783033
A33: =A32+1 -> 28 | C33: 11/7 | D33: DA+3 | F33: 244.613 | K33: 87.852 | M33: 64.41
A34: =A33+1 -> 29 | C34: 11/11 | D34: DA+0 | F34: 251.55 | H34: 1 | K34: 31.471 | M34: 18.401
A35: =A34+1 -> 30 | C35: 11/12 | D35: DA+0 | F35: 261.411 | G35: 2 | H35: 3 | I35: 1 | J35: 4 | K35: 171.833 | M35: 79.75
A36: =A35+1 -> 31 | C36: 11/13 | D36: DA+0 | F36: 260.743 | H36: 2 | I36: 4 | J36: 1 | K36: 146.701 | M36: 89.319
A37: =A36+1 -> 32 | C37: 15/2 | D37: DA+9 | F37: 262.781 | J37: 1 | K37: 251.127
A38: =A37+1 -> 33 | C38: 15/4 | D38: DA+3 | E38: -0.26 | F38: 256.602 | G38: 1 | J38: 1 | K38: 216.018
A39: =A38+1 -> 34 | C39: 15/5 | D39: DA+3 | E39: -0.3 | F39: 254.329 | K39: 192.519
A40: =A39+1 -> 35 | C40: 15/6 | D40: DA+0 | F40: 254.201 | J40: 1
A41: =A40+1 -> 36 | C41: 15/9 | D41: DA+9 | E41: -0.2 | F41: 244.162 | K41: 284.108 | M41: 284.108
A42: =A41+1 -> 37 | C42: 17/0 | D42: DC1+0 | E42: -0.259 | F42: 233.247 | K42: 313.985 | M42: 313.985
A43: =A42+1 -> 38 | C43: 19/5 | D43: DA+3 | E43: -0.2 | F43: 225.461 | K43: 133.718
A44: =A43+1 -> 39 | C44: 19/9 | D44: DA+3 | F44: 230.844 | J44: 1 | K44: 79.945 | M44: 41.176
A45: =A44+1 -> 40 | C45: 19/10 | D45: DA+9 | E45: +0.40 | F45: 238.735 | H45: 2 | I45: 2 | K45: 286.553 | M45: 200.737
A46: =A45+1 -> 41 | C46: 19/11 | D46: DA+9 | F46: 229.954 | G46: 3 | H46: 3 | I46: 4 | J46: 5 | K46: 146.352 | M46: 60.478
A47: =A46+1 -> 42 | C47: 19/12 | D47: DB1+3 | E47: -0.3 | F47: 232.477 | K47: 190.49
A48: =A47+1 -> 43 | C48: 19/13 | D48: DA+0 | F48: 239.958 | G48: 1 | I48: 1 | J48: 3 | K48: 97.224
A49: =A48+1 -> 44 | C49: 19/14 | D49: DA+9 | F49: 220.157 | G49: 2 | H49: 2 | I49: 2 | J49: 2
A50: =A49+1 -> 45 | C50: 20/0 | D50: DD45+3 | F50: 219.856 | G50: 2 | H50: 2 | I50: 2 | J50: 2
A51: =A50+1 -> 46 | C51: 21/0 | D51: DD45+3 | F51: 221.061 | G51: 2 | H51: 2 | I51: 2 | J51: 2
A52: =A51+1 -> 47 | C52: 21/2 | D52: DA+3 | F52: 220.023 | I52: 1 | M52: 13.878
A53: =A52+1 -> 48 | C53: 21/5 | D53: DA+3 | F53: 230.575 | J53: 2 | M53: 175.845
A54: =A53+1 -> 49 | C54: 21/10 | D54: DA+9 | F54: 220.959 | G54: 1 | H54: 1 | M54: 127.123
A55: =A54+1 -> 50 | C55: 21/12 | D55: DA+9 | F55: 213.707 | I55: 1 | M55: 80.099
A56: =A55+1 -> 51 | C56: 22/6 | D56: DA+6 | F56: 222.31 | I56: 2 | J56: 1 | M56: 249.598
A57: =A56+1 -> 52 | C57: 22/9 | D57: DA+6 | F57: 215.194 | J57: 1 | M57: 176.873
A58: =A57+1 -> 53 | C58: 23/0 | D58: DB2+0 | F58: 216.588 | H58: 1 | M58: 344.386
A59: =A58+1 -> 54 | C59: 23/1 | D59: DA+0 | F59: 217.383 | M59: 76.44
A60: =A59+1 -> 55 | C60: 23/3 | D60: DA+0 | F60: 209.564 | M60: 33.81
A61: =A60+1 -> 56 | C61: 23/6 | D61: DA+6 | F61: 209.953 | M61: 95.149
A62: =A61+1 -> 57 | C62: 23/7 | D62: DA+9 | F62: 210.067 | G62: 1 | J62: 2 | M62: 212.812
A63: =A62+1 -> 58 | C63: 23/8 | D63: DA+9 | F63: 214.619 | G63: 1 | H63: 1 | M63: 119.029
A64: =A63+1 -> 59 | C64: 23/11 | D64: DA+6 | F64: 205.245 | I64: 1 | M64: 107.373
A65: =A64+1 -> 60 | C65: 24/6 | D65: DA+0 | F65: 199.363 | G65: 1 | M65: 20.536
A66: =A65+1 -> 61 | C66: 25/2 | D66: DA+0 | F66: 199.276 | M66: 18.102
A67: =A66+1 -> 62 | C67: 25/3 | D67: DA+0 | F67: 204.419 | H67: 2 | I67: 1 | M67: 35.283
A68: =A67+1 -> 63 | C68: 25/4 | D68: DA+0 | F68: 211.057 | H68: 4 | I68: 1 | M68: 89.487
A69: =A68+1 -> 64 | C69: 25/5 | D69: DA+3 | F69: 196.919 | G69: 1 | M69: 4.275
A70: =A69+1 -> 65 | C70: 25/7 | D70: DA+9 | F70: 197.874 | G70: 4 | H70: 3 | I70: 3 | J70: 3 | M70: 147.9
A71: =A70+1 -> 66 | C71: 25/8 | D71: DA+9 | F71: 196.169 | G71: 4 | H71: 4 | I71: 4 | J71: 4
A72: =A71+1 -> 67 | C72: 26/1 | D72: DA+3 | F72: 194.336 | H72: 1 | I72: 1 | M72: 163.295
A73: =A72+1 -> 68 | C73: 26/2 | D73: DA+3 | F73: 204.39 | H73: 2 | I73: 3 | M73: 120.131
A74: =A73+1 -> 69 | C74: 26/3 | D74: DA+0 | F74: 199.985 | M74: 96.398
A75: =A74+1 -> 70 | C75: 26/4 | D75: DA+9 | F75: 211.694 | G75: 3 | H75: 2 | M75: 144.135
A76: =A75+1 -> 71 | C76: 26/5 | D76: DA+9 | F76: 215.139 | G76: 2 | J76: 2 | M76: 55.001
A77: =A76+1 -> 72 | C77: 26/6 | D77: DA+0 | F77: 232.988 | G77: 2 | J77: 1 | M77: 19.091
A78: =A77+1 -> 73 | C78: 26/7 | D78: DA+3 | F78: 226.695 | G78: 1 | J78: 3 | M78: 125.856
A79: =A78+1 -> 74 | C79: 27/0 | D79: DC2+9 | F79: 230.165 | G79: 1 | H79: 1 | I79: 1 | J79: 1
A80: =A79+1 -> 75 | C80: 27/1 | D80: DB1+9 | F80: 193.814 | G80: 3 | H80: 3 | I80: 4 | J80: 5 | M80: 101.296
A81: =A80+1 -> 76 | C81: 27/2 | D81: DA+0 | F81: 195.143 | G81: 1 | H81: 1 | J81: 4 | M81: 14.985
A82: =A81+1 -> 77 | C82: 27/3 | D82: DA+0 | F82: 200.227 | H82: 2 | I82: 1 | M82: 6.861
A83: =A82+1 -> 78 | C83: 27/4 | D83: DA+0 | F83: 186.708 | H83: 1 | M83: 59.376
A84: =A83+1 -> 79 | C84: 28/2 | D84: DA+3 | F84: 188.585 | G84: 3 | J84: 1 | M84: 188.65
A85: =A84+1 -> 80 | C85: 28/3 | D85: DA+0 | F85: 200.905 | H85: 4 | I85: 2 | M85: 181.214
A86: =A85+1 -> 81 | C86: 28/4 | D86: DA+9 | F86: 214.608 | G86: 1 | H86: 2 | M86: 254.325
A87: =A86+1 -> 82 | C87: 28/5 | D87: DA+9 | E87: +1.50 | F87: 224.16 | G87: 2 | H87: 5 | I87: 1 | J87: 6 | M87: 47.37
A88: =A87+1 -> 83 | C88: 28/6 | D88: DA+9 | F88: 231.09 | G88: 1 | H88: 6 | I88: 1 | J88: 6 | M88: 54.06
A89: =A88+1 -> 84 | C89: 28/7 | D89: DA+0 | E89: +1.50 | F89: 227.988 | G89: 3 | I89: 1 | J89: 4 | M89: 37.941
A90: =A89+1 -> 85 | C90: 28/8 | D90: DA+3 | F90: 215.595 | H90: 1 | I90: 5 | M90: 83.417
A91: =A90+1 -> 86 | C91: 28/9 | D91: DA+0 | F91: 191.987 | G91: 1 | M91: 55.11
A92: =A91+1 -> 87 | C92: 29/1 | D92: DA+6 | F92: 188.345 | G92: 1 | J92: 1 | M92: 47.646
A93: =A92+1 -> 88 | C93: 29/2 | D93: DA+9 | F93: 185.168 | I93: 1 | M93: 62.028
A94: =A93+1 -> 89 | C94: 29/3 | D94: DA+6 | F94: 193.792 | M94: 90.346
A95: =A94+1 -> 90 | C95: 29/4 | D95: DA+3 | F95: 186.212 | M95: 21.694
A96: =A95+1 -> 91 | C96: 29/5 | D96: DA+0 | F96: 187.91 | J96: 1 | M96: 65.361
A97: =A96+1 -> 92 | C97: 29/6 | D97: DA+6 | F97: 190.634 | G97: 1 | M97: 134.118
A98: =A97+1 -> 93 | C98: 29/7 | D98: DA+3 | F98: 190.55 | M98: 52.112
A99: =A98+1 -> 94 | C99: 29/9 | D99: DA+3 | E99: -0.3 | F99: 212.98 | G99: 2 | H99: 2 | M99: 160.976
A100: =A99+1 -> 95 | C100: 29/10 | D100: DA+6 | F100: 209.64 | H100: 2 | M100: 228.019
A101: =A100+1 -> 96 | C101: 30/0 | D101: DC2+0 | F101: 198.561 | M101: 79.968
A102: =A101+1 -> 97 | C102: 30/1 | D102: DA+3 | F102: 193.604 | G102: 1 | H102: 1 | M102: 180.464
...

Sheet Revetment Pkg-G
B4: Revetment work
B5: SI. No | C5: Loc No | D5: Tower Type | E5: Dt. of Start | F5: Dt. of complete | G5: Random Rubble stone masonry including excavation (1:5 Cement concrete) | H5: Excavation Volume | I5: Back filling and levelling of volumes enclosed by revetment. | J5: M15 Conc Nominal Mix 1:2:4 for top seal cover | K5: M10 (PEDDING -PCC)
B6: 1 | C6: 35/5 | D6: DA+0 RC | E6: 20.11.24 | F6: 24.12.24 | G6: 83 | H6: 17.19 | I6: 282.1 | J6: 0.37 | K6: 2.73
B13: Total | G13: =SUM(G6:G12) -> 83 | I13: =SUM(I6:I12) -> 282.1 | J13: =SUM(J6:J12) -> 0.37 | K13: =SUM(K6:K12) -> 2.73

Sheet Erection Compiled
A1: KEC INTERNATIONAL LIMITED
A2: LILO of 765 Kv DV Fatehgarh 3 Beawar TL
A3: Erection
A4: Cum Sl. No. | B4: Month Sl. No. | C4: Location No. | D4: Tower Type | E4: Starting Date | F4: Completion Date | G4: Gang Name | H4: Status | I4: Tower Weight
B6: 45170
A7: 1 | B7: 1 | C7: 57/9 | D7: DA+0 | E7: 13.09.23 | F7: 21.09.23 | G7: Sobha Devi | H7: Complete | I7: 37.504
A8: 2 | B8: 2 | C8: 58/12 | D8: DA+0 | E8: 18.09.23 | F8: 25.09.23 | G8: Sunny Const | H8: Complete | I8: 37.504
A9: 3 | B9: 3 | C9: 57/11 | D9: DA+0 | E9: 21.09.23 | F9: 26.09.23 | G9: Sobha Devi | H9: Complete | I9: 37.504
B10: 45200 | J10: =SUM(I7:I10) -> 112.512
A11: 4 | B11: 1 | C11: 58/14 | D11: DA+0 | E11: 25.09.23 | F11: 01.10.23 | G11: Sunny Const | H11: Complete | I11: 37.504
A12: 5 | B12: 2 | C12: 57/13 | D12: DA+0 | E12: 26.09.23 | F12: 01.10.23 | G12: Sobha Devi | H12: Complete | I12: 37.504
A13: 6 | B13: 3 | C13: 57/10 | D13: DA+0 | E13: 01.10.23 | F13: 06.10.23 | G13: Sobha Devi | H13: Complete | I13: 37.504
A14: 7 | B14: 4 | C14: 58/9 | D14: DA+0 | E14: 01.10.23 | F14: 07.10.23 | G14: Sunny Const | H14: Complete | I14: 37.504
A15: 8 | B15: 5 | C15: 52/1 | D15: DA+0 | E15: 03.10.23 | F15: 10.10.23 | G15: Suraj const | H15: Complete | I15: 37.504
A16: 9 | B16: 6 | C16: 57/12 | D16: DA+3 | E16: 06.10.23 | F16: 11.10.23 | G16: Sobha Devi | H16: Complete | I16: 38.847
A17: 10 | B17: 7 | C17: 58/8 | D17: DA+0 | E17: 7.10.23 | F17: 11.10.23 | G17: Sunny Const | H17: Complete | I17: 37.504
A18: 11 | B18: 8 | C18: 58/1 | D18: DA+0 | E18: 25.09.23 | F18: 12.10.23 | G18: Ganesh Kr. Sinha | H18: Complete | I18: 37.504
A19: 12 | B19: 9 | C19: 57/2 | D19: DA+0 | E19: 10.10.23 | F19: 16.10.23 | G19: Sobha Devi | H19: Complete | I19: 37.504
A20: 13 | B20: 10 | C20: 51/2 | D20: DA+0 | E20: 10.10.23 | F20: 15.10.23 | G20: Suraj const | H20: Complete | I20: 37.504
A21: 14 | B21: 11 | C21: 58/16 | D21: DA+0 | E21: 10.10.23 | F21: 17.10.23 | G21: Sunny Const | H21: Complete | I21: 37.504
A22: 15 | B22: 12 | C22: 57/3 | D22: DA+0 | E22: 15.10.23 | F22: 20.10.23 | G22: Sobha Devi | H22: Complete | I22: 37.504
... A30: 23 | B30: 20 | C30: 58/11 | D30: DA+3 | E30: 23.10.23 | F30: 31.10.23 | G30: Sunny Const | H30: Complete | I30: 38.847
B31: 45231 | J31: =SUM(I11:I30) -> 759.481
A32: 24 | B32: 1 | C32: 57/8 | D32: DA+3 | E32: 30.10.23 | F32: 03.11.2023 | G32: Sobha Devi | H32: Complete | I32: 38.847
A33: 25 | B33: 2 | C33: 51/7 | D33: DA+3 | E33: 29.10.23 | F33: 04.11.2023 | G33: Suraj const | H33: Complete | I33: 38.847
A34: 26 | B34: 3 | C34: 59/6 | D34: DA+0 | E34: 31.10.23 | F34: 07.11.2023 | G34: Sunny Const | H34: Complete | I34: 37.504
A35: 27 | B35: 4 | C35: 57/7 | D35: DA+3 | E35: 03.11.23 | F35: 07.11.2023 | G35: Sobha Devi | H35: Complete | I35: 38.847
A36: 28 | B36: 5 | C36: 51/3 | D36: DA+0 | E36: 04.11.23 | F36: 09.11.2023 | G36: Suraj const | H36: Complete | I36: 37.504
A37: 29 | B37: 6 | C37: 58/4 | D37: DA+0 | E37: 31.10.23 | F37: 11.11.2023 | G37: Ganesh Kr. Sinha | H37: Complete | I37: 37.504
A38: 30 | B38: 7 | C38: 57/1 | D38: DA+3 | E38: 07.11.23 | F38: 13.11.2023 | G38: Sobha Devi | H38: Complete | I38: 38.847
A39: 31 | B39: 8 | C39: 59/5 | D39: DA+0 | E39: 07.11.23 | F39: 13.11.2023 | G39: Sunny Const | H39: Complete | I39: 37.504
A40: 32 | B40: 9 | C40: 51/10 | D40: DA+3 | E40: 10.11.23 | F40: 14.11.2023 | G40: Suraj const | H40: Complete | I40: 38.847
A41: 33 | B41: 10 | C41: 56/9 | D41: DA+3 | E41: 13.11.23 | F41: 16.11.2023 | G41: Sobha Devi | H41: Complete | I41: 38.847
A42: 34 | B42: 11 | C42: 59/3 | D42: DA+0 | E42: 13.11.23 | F42: 18.11.2023 | G42: Sunny Const | H42: Complete | I42: 37.504
A43: 35 | B43: 12 | C43: 52/2 | D43: DA+3 | E43: 15.11.23 | F43: 19.11.2023 | G43: Suraj const | H43: Complete | I43: 38.847
... A53: 45 | B53: 22 | C53: 59/1 | D53: DA+0 | E53: 24.11.23 | F53: 30.11.23 | G53: Sunny Const | H53: Complete | I53: 37.504
B54: 45261 | J54: =SUM(I32:I53) -> 841.204
A55: 46 | B55: 1 | C55: 50/4 | D55: DA+3 | E55: 22.11.23 | F55: 01.12.23 | G55: Ganesh Kr. Sinha | H55: Complete | I55: 38.847
A56: 47 | B56: 2 | C56: 55/4 | D56: DA+3 | E56: 27.11.23 | F56: 02.12.23 | G56: Chinta devi | H56: Complete | I56: 38.847
A57: 48 | B57: 3 | C57: 56/4 | D57: DA+3 | E57: 29.11.23 | F57: 02.12.23 | G57: Sobha Devi | H57: Complete | I57: 38.847
A58: 49 | B58: 4 | C58: 53/4 | D58: DA+3 | E58: 29.11.23 | F58: 03.12.23 | G58: Suraj const | H58: Complete | I58: 38.847
A59: 50 | B59: 5 | C59: 58/15 | D59: DA+3 | E59: 30.11.23 | F59: 06.12.23 | G59: Sunny Const | H59: Complete | I59: 38.847
A60: 51 | B60: 6 | C60: 56/2 | D60: DA+3 | E60: 02.12.23 | F60: 06.12.23 | G60: Sobha Devi | H60: Complete | I60: 38.847
A61: 52 | B61: 7 | C61: 55/6 | D61: DA+3 | E61: 02.12.23 | F61: 07.12.23 | G61: Chinta devi | H61: Complete | I61: 38.847
A62: 53 | B62: 8 | C62: 48/1 | D62: DA+0 | E62: 02.12.23 | F62: 09.12.23 | G62: Ganesh Kr. Sinha | H62: Complete | I62: 37.504
A63: 54 | B63: 9 | C63: 55/1 | D63: DA+3 | E63: 03.12.23 | F63: 09.12.23 | G63: Suraj const | H63: Complete | I63: 38.847
A64: 55 | B64: 10 | C64: 55/9 | D64: DA+3 | E64: 07.12.23 | F64: 12.12.23 | G64: Chinta devi | H64: Complete | I64: 38.847
A65: 56 | B65: 11 | C65: 57/6 | D65: DB+0 | E65: 06.12.23 | F65: 13.12.23 | G65: Sobha Devi | H65: Complete | I65: 57.597
A66: 57 | B66: 12 | C66: 61/2 | D66: DA+0 | E66: 06.12.23 | F66: 14.12.23 | G66: Sunny Const | H66: Complete | I66: 37.504
... A81: 72 | B81: 27 | C81: 51/9 | D81: DA+3 | E81: 24.12.23 | F81: 29.12.23 | G81: Suraj const | H81: Complete | I81: 38.847
B82: 45292 | J82: =SUM(I55:I81) -> 1094.375
A83: 73 | B83: 1 | C83: 56/0 | D83: DB+0 | E83: 28.12.23 | F83: 05.01.24 | G83: Sobha Devi | H83: Complete | I83: 57.597
A84: 74 | B84: 2 | C84: 44/2 | D84: DA+0 | E84: 28.12.23 | F84: 05.01.24 | G84: Chinta devi | H84: Complete | I84: 37.504
A85: 75 | B85: 3 | C85: 51/8 | D85: DA+3 | E85: 29.12.23 | F85: 06.01.24 | G85: Suraj const | H85: Complete | I85: 38.847
A86: 76 | B86: 4 | C86: 47/2 | D86: DA+0 | E86: 29.12.23 | F86: 07.01.24 | G86: Ganesh Kr. Sinha | H86: Complete | I86: 37.504
A87: 77 | B87: 5 | C87: 58/7 | D87: DB+0 | E87: 29.12.23 | F87: 09.01.24 | G87: Sunny Const | H87: Complete | I87: 57.597
A88: 78 | B88: 6 | C88: 44/4 | D88: DA+0 | E88: 05.01.24 | F88: 09.01.24 | G88: Chinta devi | H88: Complete | I88: 37.504
A89: 79 | B89: 7 | C89: 53/2 | D89: DA+3 | E89: 06.01.24 | F89: 11.01.24 | G89: Suraj const | H89: Complete | I89: 38.847
A90: 80 | B90: 8 | C90: 41/11 | D90: DA+3 | E90: 05.01.24 | F90: 12.01.24 | G90: Sobha Devi | H90: Complete | I90: 38.847
A91: 81 | B91: 9 | C91: 44/3 | D91: DA+3 | E91: 09.01.24 | F91: 15.01.24 | G91: Chinta devi | H91: Complete | I91: 38.847
A92: 82 | B92: 10 | C92: 41/10 | D92: DA+3 | E92: 12.10.23 | F92: 16.01.24 | G92: Sobha Devi | H92: Complete | I92: 38.847
A93: 83 | B93: 11 | C93: 48/0 | D93: DB+0 | E93: 07.01.24 | F93: 19.01.24 | G93: Ganesh Kr. Sinha | H93: Complete | I93: 57.597
A94: 84 | B94: 12 | C94: 46/3 | D94: DA+0 | E94: 12.01.24 | F94: 19.01.24 | G94: Sunny Const | H94: Complete | I94: 37.504
... A103: 93 | B103: 21 | C103: 41/5 | D103: DA+0 | E103: 28.01.24 | F103: 31.01.24 | G103: Sobha Devi | H103: Bottom complete | I103: 37.504
B104: Feb-24 | J104: =SUM(I83:I103) -> 935.56
A105: 94 | B105: 1 | C105: 44/1 | D105: DA+0 | E105: 28.01.24 | F105: 01.02.24 | G105: Chinta devi | H105: Complete | I105: 37.504
A106: 95 | B106: 2 | C106: 46/2 | D106: DA+0 | E106: 28.01.24 | F106: 02.02.24 | G106: Sunny Const | H106: Complete | I106: 37.504
A107: 96 | B107: 3 | C107: 51/1 | D107: DA+0 | E107: 28.01.24 | F107: 04.02.24 | G107: Ganesh Kr. Sinha | H107: Complete | I107: 37.504
A108: 97 | B108: 4 | C108: 41/4 | D108: DA+0 | E108: 01.02.24 | F108: 05.02.24 | G108: Sobha Devi | H108: Complete | I108: 37.504
A109: 98 | B109: 5 | C109: 53/1 | D109: DA+0 | E109: 04.02.24 | F109: 09.02.24 | G109: Suraj const | H109: Complete | I109: 37.504
A110: 99 | B110: 6 | C110: 41/6 | D110: DA+0 | E110: 07.02.24 | F110: 09.02.24 | G110: Sobha Devi | H110: Complete | I110: 37.504
A111: 100 | B111: 7 | C111: 41/8 | D111: DA+0 | E111: 09.02.24 | F111: 13.02.24 | G111: Sobha Devi | H111: Complete | I111: 37.504
A112: 101 | B112: 8 | C112: 41/9 | D112: DA+0 | E112: 13.02.24 | F112: 17.02.24 | G112: Sobha Devi | H112: Complete | I112: 37.504
A113: 102 | B113: 9 | C113: 29/8 | D113: DA+3 | E113: 45325 | F113: 45331 | G113: Tejal Construction | H113: Complete | I113: 38.847
A114: 103 | B114: 10 | C114: 29/7 | D114: DA+3 | E114: 45332 | F114: 45340 | G114: Tejal Construction | H114: Complete | I114: 38.847
A115: 104 | B115: 11 | C115: 29/5 | D115: DA+0 | E115: 45340 | F115: 45346 | G115: Tejal Construction | H115: Complete | I115: 37.504
B116: April'24 | J116: =SUM(I105:I115) -> 415.23
A117: =A115+1 -> 105 | B117: 1 | C117: 55/0 | D117: DC+0 | E117: 28.03.24 | F117: 04.04.24 | G117: Sobha Devi | H117: Complete | I117: 66.381
A118: =A117+1 -> 106 | B118: 2 | C118: 58/0 | D118: DC2+0 | E118: 08.04.24 | F118: 16.04.24 | G118: Sunny Const | H118: Complete | I118: 66.381
A119: =A118+1 -> 107 | B119: 3 | C119: 56/1 | D119: DA+3 | E119: 12.04.24 | F119: 16.04.24 | G119: Sobha Devi | H119: Complete | I119: 38.847
A120: =A119+1 -> 108 | B120: 4 | C120: 53/0 | D120: DC2+3 | E120: 08.04.24 | F120: 18.04.24 | G120: Ganesh Kr. Sinha | H120: Complete | I120: 69.229
B121: May'24 | J121: =SUM(I117:I120) -> 240.838
A122: =A120+1 -> 109 | B122: 1 | C122: 52/3 | D122: DA+0 | E122: 26.04.24 | F122: 05.05.24 | G122: Ganesh Kr. Sinha | H122: Complete | I122: 37.504
A123: =A122+1 -> 110 | B123: 2 | C123: 58/2 | D123: DA+0 | E123: 05.05.24 | F123: 10.05.24 | G123: Sunny Const | H123: Complete | I123: 37.504
A124: =A123+1 -> 111 | B124: 3 | C124: 65/4 | D124: DA+0 | E124: 10.05.24 | F124: 16.05.24 | G124: Sunny Const | H124: Complete | I124: 37.504
A125: =A124+1 -> 112 | B125: 4 | C125: 65/3 | D125: DA+0 | E125: 16.05.24 | F125: 21.05.24 | G125: Sunny Const | H125: Complete | I125: 37.504
A126: =A125+1 -> 113 | B126: 5 | C126: 65/5 | D126: DA+0 | E126: 16.05.24 | F126: 26.05.24 | G126: Sunny Const | H126: Complete | I126: 37.504
B127: June'24 | J127: =SUM(I122:I126) -> 187.52
A128: =A126+1 -> 114 | B128: 1 | C128: 29/6 | D128: DA+6 | E128: 45427 | F128: 45451 | G128: Departmental Gang | I128: 45.413
A129: =A128+1 -> 115 | B129: 2 | C129: 29/9 | D129: DA+3 | E129: 45453 | F129: 45467 | G129: Departmental Gang | I129: 38.847
B130: July'24 | J130: =I129+I128 -> 84.26
A131: =A129+1 -> 116 | B131: 1 | C131: 29/10 | D131: DA+6 | E131: 45468 | F131: 45479 | G131: Departmental Gang | I131: 45.413
A132: =A131+1 -> 117 | B132: 2 | C132: 31/3 | D132: DA+0 | E132: 45480 | F132: 45485 | G132: Departmental Gang | I132: 37.504
A133: =A132+1 -> 118 | B133: 3 | C133: 31/2 | D133: DA+0 | E133: 45486 | F133: 45495 | G133: Departmental Gang | I133: 37.504
B134: Aug'24 | J134: =SUM(I131:I133) -> 120.421
A135: =A133+1 -> 119 | B135: 1 | C135: 46/4 | D135: DA+0 | E135: 27.08.24 | F135: 30.08.24 | G135: Sobha devi | H135: Complete | I135: 37.504
A136: =A135+1 -> 120 | B136: 2 | C136: 32/5 | D136: DA+6 | E136: 45495 | F136: 45505 | G136: Departmental Gang | I136: 45.413
A137: =A136+1 -> 121 | B137: 3 | C137: 31/4 | D137: DA+9 | E137: 45485 | F137: 45508 | G137: Sanjay Mahto | I137: 47.184
A138: =A137+1 -> 122 | B138: 4 | C138: 32/6 | D138: DA+6 | E138: 45506 | F138: 45513 | G138: Yogendra Mahto | I138: 45.413
A139: =A138+1 -> 123 | B139: 5 | C139: 32/2 | D139: DA+0 | E139: 45514 | F139: 45524 | G139: Yogendra Mahto | I139: 37.504
...

Sheet Tack Welding - PKG-G
A1: KEC INTERNATIONAL LIMITED
A2: LILO of 765 Kv DV Fatehgarh 3 Beawar TL
A3: Tack Welding
A4: Cum Sl. No. | B4: Month Sl. No. | C4: JMC No. | D4: Location No. | E4: Tower Type | F4: Dt. of Start | G4: Dt. of Complete | H4: Tack Welding Status | I4: Name of Sub-Contractor | J4: Ramarks
B6: 45200
A7: 1 | B7: 1 | D7: 57/12 | E7: DA+3 | F7: 24.10.23 | G7: 25.10.23 | H7: Done | I7: Suraja Ram
A8: 2 | B8: 2 | D8: 57/13 | E8: DA+0 | F8: 24.10.23 | G8: 25.10.23 | H8: Done | I8: Suraja Ram
A9: 3 | B9: 3 | D9: 57/11 | E9: DA+0 | F9: 25.10.23 | G9: 26.10.23 | H9: Done | I9: Suraja Ram
A10: 4 | B10: 4 | D10: 57/10 | E10: DA+3 | F10: 26.10.23 | G10: 27.10.23 | H10: Done | I10: Suraja Ram
A11: 5 | B11: 5 | D11: 57/9 | E11: DA+0 | F11: 27.10.23 | G11: 29.10.23 | H11: Done | I11: Suraja Ram
B12: 45231
A13: 6 | B13: 1 | D13: 57/4 | E13: DA+0 | F13: 31.10.23 | G13: 01.11.23 | H13: Done | I13: Suraja Ram
A14: 7 | B14: 2 | D14: 57/3 | E14: DA+0 | F14: 01.11.23 | G14: 02.11.23 | H14: Done | I14: Suraja Ram
A15: 8 | B15: 3 | D15: 57/2 | E15: DA+0 | F15: 02.11.23 | G15: 03.11.2023 | H15: Done | I15: Suraja Ram
A16: 9 | B16: 4 | D16: 57/5 | E16: DA+3 | F16: 03.11.2023 | G16: 04.11.2023 | H16: Done | I16: Suraja Ram
A17: 10 | B17: 5 | D17: 58/8 | E17: DA+0 | F17: 05.11.2023 | G17: 06.111.23 | H17: Done | I17: Suraja Ram
A18: 11 | B18: 6 | D18: 58/9 | E18: DA+0 | F18: 06.111.23 | G18: 07.11.23 | H18: Done | I18: Suraja Ram
A19: 12 | B19: 7 | D19: 57/8 | E19: DA+3 | F19: 07.11.23 | G19: 08.11.23 | H19: Done | I19: Suraja Ram
A20: 13 | B20: 8 | D20: 58/11 | E20: DA+3 | F20: 09.11.23 | G20: 27.11.23 | H20: Done | I20: Suraja Ram
A21: 14 | B21: 9 | D21: 58/12 | E21: DA+0 | F21: 27.11.23 | G21: 28.11.23 | H21: Done | I21: Suraja Ram
A22: 15 | B22: 10 | D22: 57/1 | E22: DA+3 | F22: 28.11.23 | G22: 30.11.23 | H22: Done | I22: Suraja Ram
B23: 45261
A24: 16 | B24: 1 | D24: 56/9 | E24: DA+3 | F24: 30.11.23 | G24: 02.12.23 | H24: Done | I24: Suraja Ram
A25: 17 | B25: 2 | D25: 56/8 | E25: DA+3 | F25: 02.12.23 | G25: 03.12.23 | H25: Done | I25: Suraja Ram
A26: 18 | B26: 3 | D26: 56/7 | E26: DA+3 | F26: 06.12.23 | G26: 06.12.23 | H26: Done | I26: Suraja Ram
A27: 19 | B27: 4 | D27: 58/14 | E27: DA+0 | F27: 07.12.23 | G27: 07.12.23 | H27: Done | I27: Suraja Ram
A28: 20 | B28: 5 | D28: 58/16 | E28: DA+0 | F28: 13.12.23 | G28: 13.12.23 | H28: Done | I28: Suraja Ram
A29: 21 | B29: 6 | D29: 58/10 | E29: DA+3 | F29: 14.12.23 | G29: 15.12.23 | H29: Done | I29: Suraja Ram
A30: 22 | B30: 7 | D30: 59/1 | E30: DA+0 | F30: 18.12.23 | G30: 18.12.23 | H30: Done | I30: Suraja Ram
A31: 23 | B31: 8 | D31: 59/2 | E31: DA+0 | F31: 19.12.23 | G31: 19.12.23 | H31: Done | I31: Suraja Ram
A32: 24 | B32: 9 | D32: 59/3 | E32: DA+0 | F32: 20.12.23 | G32: 20.12.23 | H32: Done | I32: Suraja Ram
A33: 25 | B33: 10 | D33: 59/5 | E33: DA+0 | F33: 21.12.23 | G33: 21.12.23 | H33: Done | I33: Suraja Ram
A34: 26 | B34: 11 | D34: 59/6 | E34: DA+0 | F34: 22.12.23 | G34: 22.12.23 | H34: Done | I34: Suraja Ram
A35: 27 | B35: 12 | D35: 56/3 | E35: DA+0 | F35: 23.12.23 | G35: 23.12.23 | H35: Done | I35: Suraja Ram
... A49: 41 | B49: 26 | D49: 52/2 | E49: DA+3 | F49: 31.12.23 | G49: 31.12.23 | H49: Done | I49: Kailash Nath
B50: 45292
A51: 42 | B51: 1 | D51: 55/10 | E51: DA+3 | F51: 02.01.24 | G51: 02.01.24 | H51: Done | I51: Suraja Ram
A52: 43 | B52: 2 | D52: 55/11 | E52: DA+3 | F52: 02.01.24 | G52: 02.01.24 | H52: Done | I52: Suraja Ram
A53: 44 | B53: 3 | D53: 52/5 | E53: DA+3 | F53: 02.01.24 | G53: 02.01.24 | H53: Done | I53: Kailash Nath
A54: 45 | B54: 4 | D54: 57/7 | E54: DA+3 | F54: 03.01.24 | G54: 03.01.24 | H54: Done | I54: Suraja Ram
A55: 46 | B55: 5 | D55: 58/5 | E55: DA+3 | F55: 04.01.24 | G55: 05.01.24 | H55: Done | I55: Suraja Ram
A56: 47 | B56: 6 | D56: 57/6 | E56: DB1+0 | F56: 06.01.24 | G56: 06.01.24 | H56: Done | I56: Suraja Ram
A57: 48 | B57: 7 | D57: 57/0 | E57: DB2+0 | F57: 07.01.24 | G57: 07.01.24 | H57: Done | I57: Suraja Ram
A58: 49 | B58: 8 | D58: 56/6 | E58: DA+3 | F58: 08.01.24 | G58: 08.01.24 | H58: Done | I58: Suraja Ram
A59: 50 | B59: 9 | D59: 56/2 | E59: DA+3 | F59: 11.01.24 | G59: 12.01.24 | H59: Done | I59: Suraja Ram
A60: 51 | B60: 10 | D60: 56/5 | E60: DA+0 | F60: 13.01.24 | G60: 13.01.24 | H60: Done | I60: Suraja Ram
A61: 52 | B61: 11 | D61: 56/0 | E61: DB1+0 | F61: 13.01.24 | G61: 13.01.24 | H61: Done | I61: Suraja Ram
A62: 53 | B62: 12 | D62: 55/8 | E62: DA+3 | F62: 14.1.24 | G62: 14.1.24 | H62: Done | I62: Suraja Ram
... A76: 67 | B76: 26 | D76: 47/2 | E76: DA+0 | F76: 31.01.24 | G76: 31.01.24 | H76: Done | I76: Ramagora
B77: Feb-24
A78: 68 | B78: 1 | D78: 59/0 | E78: DB+0 | F78: 01.02.24 | G78: 01.02.24 | H78: Done | I78: Suraja Ram
A79: 69 | B79: 2 | D79: 46/3 | E79: DA+0 | F79: 01.02.24 | G79: 01.02.24 | H79: Done | I79: Ramagora
A80: 70 | B80: 3 | D80: 61/1 | E80: DA+0 | F80: 02.02.24 | G80: 02.02.24 | H80: Done | I80: Suraja Ram
A81: 71 | B81: 4 | D81: 48/1 | E81: DA+0 | F81: 03.02.24 | G81: 03.02.24 | H81: Done | I81: Ramagora
A82: 72 | B82: 5 | D82: 51/9 | E82: DA+3 | F82: 04.02.24 | G82: 04.02.24 | H82: Done | I82: Ramagora
A83: 73 | B83: 6 | D83: 55/1 | E83: DA+3 | F83: 04.02.24 | G83: 04.02.24 | H83: Done | I83: Suraja Ram
A84: 74 | B84: 7 | D84: 55/2 | E84: DA+3 | F84: 04.02.24 | G84: 05.02.24 | H84: Done | I84: Suraja Ram
A85: 75 | B85: 8 | D85: 52/4 | E85: DA+0 | F85: 04.02.24 | G85: 05.02.24 | H85: Done | I85: Ramagora
A86: 76 | B86: 9 | D86: 55/3 | E86: DA+0 | F86: 06.02.24 | G86: 06.02.24 | H86: Done | I86: Suraja Ram
A87: 77 | B87: 10 | D87: 53/4 | E87: DA+3 | F87: 07..02.24 | G87: 07..02.24 | H87: Done | I87: Suraja Ram
A88: 78 | B88: 11 | D88: 51/8 | E88: DA+3 | F88: 07..02.24 | G88: 07..02.24 | H88: Done | I88: Ramagora
A89: 79 | B89: 12 | D89: 53/3 | E89: DA+3 | F89: 08.02.24 | G89: 08.02.24 | H89: Done | I89: Suraja Ram
... A93: 83 | B93: 16 | D93: 41/5 | E93: DA+0 | F93: 14.02.24 | G93: 14.02.24 | H93: Done | I93: Ramagora
A94: 84 | B94: 17 | D94: 47/0 | E94: DB+0 | F94: 16.02.24 | G94: 16.02.24 | H94: Done | I94: Suraja Ram | M94: =127-104 -> 23
A95: 85 | B95: 18 | D95: 46/2 | E95: DA+0 | F95: 17.02.24 | G95: 17.02.24 | H95: Done | I95: Suraja Ram | M95: =127-111 -> 16
A96: 86 | B96: 19 | D96: 53/1 | E96: DA+0 | F96: 23.02.24 | G96: 23.02.24 | H96: Done | I96: Suraja Ram | M96: =M94-M95 -> 7
A97: 87 | B97: 20 | D97: 52/0 | E97: DB+0 | F97: 24.02.24 | G97: 24.02.24 | H97: Done | I97: Suraja Ram
A98: 88 | B98: 21 | D98: 44/3 | E98: DA+3 | F98: 27.02.24 | G98: 27.02.24 | H98: Done | I98: Ramagora
A99: 89 | B99: 22 | D99: 43/5 | E99: DA+0 | F99: 28.02.24 | G99: 28.02.24 | H99: Done | I99: Ramagora
A100: 90 | B100: 23 | D100: 41/9 | E100: DA+0 | F100: 29.02.24 | G100: 29.02.24 | H100: Done | I100: Ramagora
B101: March'24
A102: 91 | B102: 1 | D102: 41/8 | E102: DA+0 | F102: 04.03.24 | G102: 04.03.24 | H102: Done | I102: Ramagora
A103: 92 | B103: 2 | D103: 41/4 | E103: DA+0 | F103: 05.03.24 | G103: 05.03.24 | H103: Done | I103: Ramagora
A104: 93 | B104: 3 | D104: 41/6 | E104: DA+0 | F104: 07.03.24 | G104: 07.03.24 | H104: Done | I104: Ramagora
A105: 94 | B105: 4 | D105: 53/2 | E105: DA+3 | F105: 08.03.24 | G105: 08.03.24 | H105: Done | I105: Suraja Ram
A106: 95 | B106: 5 | D106: 43/4 | E106: DA+9 | F106: 09.03.24 | G106: 09.03.24 | H106: Done | I106: Ramagora
A107: 96 | B107: 6 | D107: 51/1 | E107: DA+0 | F107: 11.03.24 | G107: 11.03.24 | H107: Done | I107: Ramagora
A108: 97 | B108: 7 | D108: 51/0 | E108: DB+0 | F108: 28.03.24 | G108: 28.03.24 | H108: Done | I108: Ramagora | M108: Sanjay
B109: April'24 | M109: Manoj
A110: 98 | B110: 1 | D110: 47/3 | E110: DA+0 | F110: 20.04.24 | G110: 21.04.24 | H110: Done | I110: Ramagora
A111: 99 | B111: 2 | D111: 56/1 | E111: DA+3 | F111: 24.04.24 | G111: 24.04.24 | H111: Done | I111: Ramagora | M111: publesh
B112: May'24 | M112: Pradeep
A113: 100 | B113: 1 | D113: 58/0 | E113: DC2+0 | F113: 04.05.24 | G113: 04.05.24 | H113: Done | I113: Suraja Ram
A114: 101 | B114: 2 | D114: 61/2 | E114: DA+0 | F114: 06.05.24 | G114: 06.05.24 | H114: Done | I114: Suraja Ram
A115: 102 | B115: 3 | D115: 44/1 | E115: DA+0 | F115: 12.05.24 | G115: 12.05.24 | H115: Done | I115: Ramagora
A116: 103 | B116: 4 | D116: 55/0 | E116: DC+0 | F116: 24.05.24 | G116: 24.05.24 | H116: Done | I116: Suraja Ram
A117: 104 | B117: 5 | D117: 65/5 | E117: DA+0 | F117: 30.05.24 | G117: 30.05.24 | H117: Done | I117: Suraja Ram
A118: 105 | B118: 6 | D118: 65/4 | E118: DA+0 | F118: 31.05.24 | G118: 31.05.24 | H118: Done | I118: Suraja Ram
B119: June'24
A120: 106 | B120: 1 | D120: 58/2 | E120: DA+0 | F120: 02.06.24 | G120: 02.06.24 | H120: Done | I120: Suraja Ram
A121: 107 | B121: 2 | D121: 65/3 | E121: DA+0 | F121: 02.06.24 | G121: 02.06.24 | H121: Done | I121: Suraja Ram
A122: 108 | B122: 3 | D122: 53/0 | E122: DC2+3 | F122: 22.06.24 | G122: 22.06.24 | H122: Done | I122: Suraja Ram
A123: 109 | B123: 4 | D123: 52/3 | E123: DA+0 | F123: 24.06.24 | G123: 24.06.24 | H123: Done | I123: Suraja Ram
B124: July'24
A125: 110 | B125: 1 | D125: 48/0 | E125: DB+0 | F125: 23.07.24 | G125: 23.07.24 | H125: Done | I125: Suraja Ram
B126: Sept'24
A127: 111 | B127: 1 | D127: 46/4 | E127: DA+0 | F127: 16.09.24 | G127: 16.09.24 | H127: Done | I127: Suraja Ram
A128: 112 | B128: 2 | D128: 47/1 | E128: DA+0 | F128: 19.09.24 | G128: 19.09.24 | H128: Done | I128: Suraja Ram
A129: 113 | B129: 3 | D129: 50/2 | E129: DA+0 | F129: 20.09.24 | G129: 20.09.24 | H129: Done | I129: Suraja Ram
A130: 114 | B130: 4 | D130: 50/1 | E130: DA+0 | F130: 22.09.24 | G130: 22.09.24 | H130: Done | I130: Suraja Ram
...

Sheet Stringing - PKG-G
A1: KEC INTERNATIONAL LIMITED
A2: LILO of 765 Kv DV Fatehgarh 3 Beawar TL
A3: STRINGING- PKG-G
A4: S. No | B4: Section | E4: Paying Out | H4: Final Sag | K4: Name of Gang | L4: Remarks
B5: From | C5: To | D5: Length | E5: Start Date | F5: Finish Date | G5: Month | H5: Start Date | I5: Finish Date | J5: Month
A6: 1 | B6: 57/6 | C6: 58/0 | D6: 3.141 | E6: 06.05.2024 | F6: 10.05.24 | G6: 45436 | H6: 19.05.24 | I6: 24.05.24 | J6: 45436 | K6: GPJ Const. | L6: Final sag done | P6: =B6& " to " &C6 -> 57/6 to 58/0
A7: 2 | B7: 57/0 | C7: 57/6 | D7: 2.344 | E7: 16.05.24 | F7: 24.05.24 | G7: 45436 | H7: 07.06.24 | I7: 12.06.24 | J7: 45467 | K7: GPJ Const. | L7: Final sag done | P7: =B7& " to " &C7 -> 57/0 to 57/6
A8: 3 | B8: 56/0 | C8: 57/0 | D8: 4.127 | E8: 04.06.24 | F8: 12.06.24 | G8: 45467 | H8: 28.06.24 | I8: 04.07.24 | J8: 45497 | K8: GPJ Const. | L8: Final sag done | P8: =B8& " to " &C8 -> 56/0 to 57/0
A9: 4 | B9: 55/0 | C9: 56/0 | D9: 4.9 | E9: 25.06.24 | F9: 04.07.24 | G9: 45497 | H9: 17.07.24 | I9: 22.07.24 | J9: 45497 | K9: GPJ Const. | L9: 10.883 | P9: =B9& " to " &C9 -> 55/0 to 56/0
A10: 5 | B10: 53/0 | C10: 55/0 | D10: 2.013 | E10: 16.07.24 | F10: 22.07.24 | G10: 45497 | H10: 09.08.24 | I10: 10.08.24 | J10: 45528 | K10: GPJ Const. | L10: 11.112 | P10: =B10& " to " &C10 -> 53/0 to 55/0
A11: 6 | B11: 52/0 | C11: 53/0 | D11: 2.364 | E11: 19.08.24 | F11: 22.08.24 | G11: 45528 | H11: 04.09.24 | I11: 09.09.24 | J11: 45559 | K11: GPJ Const. | L11: Final sag done | P11: =B11& " to " &C11 -> 52/0 to 53/0
A12: 7 | B12: 51/0 | C12: 52/0 | D12: 4.403 | E12: 01.09.24 | F12: 08.09.24 | G12: 45559 | H12: 28.09.24 | I12: 05.10.24 | J12: 45589 | K12: GPJ Const. | L12: Final sag done | P12: =B12& " to " &C12 -> 51/0 to 52/0
A13: 8 | B13: 50/0 | C13: 51/0 | D13: 1.971 | E13: 26.9.24 | F13: 02.10.24 | G13: 45589 | H13: 08.10.24 | I13: 10.10.24 | J13: 45589 | K13: GPJ Const. | L13: Final sag done | P13: =B13& " to " &C13 -> 50/0 to 51/0
A14: 9 | B14: 72/7 | C14: 73/0 | D14: 0.49623 | E14: 12.11.24 | F14: 15.11.24 | G14: 45620 | H14: 27.11.24 | I14: 29.11.24 | J14: 45620 | K14: MR Power | L14: Final sag done | P14: =B14& " to " &C14 -> 72/7 to 73/0
A15: 10 | B15: 58/0 | C15: 58/7 | D15: 2.797 | E15: 20.11.24 | F15: 23.11.24 | G15: 45620 | H15: 01.12.245 | I15: 05.12.24 | J15: 45650 | K15: Kddus Ali | L15: Final sag done | P15: =B15& " to " &C15 -> 58/0 to 58/7
A16: 11 | B16: 72/0 | C16: 72/7 | D16: 2.589 | E16: 18.11.24 | F16: 23.11.24 | G16: 45620 | H16: 06.12.24 | I16: 10.12.24 | J16: 45650 | K16: MR Power | L16: Final sag done | P16: =B16& " to " &C16 -> 72/0 to 72/7
A17: 12 | B17: 67/1 | C17: 68/0 | D17: 0.42647 | E17: 22.12.24 | F17: 23.12.24 | G17: 45650 | H17: 23.12.24 | I17: 25.12.25 | J17: 45650 | K17: Nasruddin | L17: Final sag done | P17: =B17& " to " &C17 -> 67/1 to 68/0
A18: 13 | B18: 68/0 | C18: 69/0 | D18: 2.855 | E18: 11.12.24 | F18: 20.12.24 | G18: 45650 | H18: 01.01.25 | I18: 05.01.25 | J18: 45682 | K18: Nasruddin | L18: Final sag done | P18: =B18& " to " &C18 -> 68/0 to 69/0
A19: 14 | B19: 58/7 | C19: 59/0 | D19: 3.885 | E19: 27.12.24 | F19: 04.01.25 | G19: 45682 | H19: 07.01.25 | I19: 09.01.25 | J19: 45682 | K19: MR Power | L19: Final sag done | P19: =B19& " to " &C19 -> 58/7 to 59/0
A20: 15 | B20: 71/0 | C20: 72/0 | D20: 2.092 | E20: 03.12.24 | F20: 10.12.24 | G20: 45650 | H20: 16.01.25 | I20: 19.01.25 | J20: 45682 | K20: MR Power | L20: Final sag done | O20: =121-76 -> 45 | P20: =B20& " to " &C20 -> 71/0 to 72/0
A21: 16 | B21: 67/0 | C21: 67/1 | D21: 0.43755 | E21: 21.12.24 | F21: 22.12.24 | G21: 45650 | H21: 20.01.25 | I21: 21.01.25 | J21: 45682 | K21: Nasruddin | L21: Final sag done | P21: =B21& " to " &C21 -> 67/0 to 67/1
A22: 17 | B22: 69/0 | C22: 70/0 | D22: 3.881 | E22: 30.12.24 | F22: 05.01.25 | G22: 45682 | H22: 27.01.25 | I22: 28.01.25 | J22: 45682 | K22: Nasruddin | L22: Final sag done | P22: =B22& " to " &C22 -> 69/0 to 70/0
A23: 18 | B23: 41/0 | C23: 42/0 | D23: 4.981 | E23: 13.02.25 | F23: 20.02.25 | G23: 45713 | H23: 28.02.25 | I23: 02.03.25 | J23: 45741 | K23: Nasruddin | L23: Final sag done | M23: 41/0 hoisting done | P23: =B23& " to " &C23 -> 41/0 to 42/0
A24: 19 | B24: 59/0 | C24: 60/0 | D24: 2.581 | E24: 20.01.25 | F24: 25.01.25 | G24: 45682 | H24: 02.05.25 | I24: 04.05.25 | J24: 45802 | K24: MR Power | L24: Final sag done | M24: Acchelal | P24: =B24& " to " &C24 -> 59/0 to 60/0
A25: 20 | B25: 42/0 | C25: 43/0 | D25: 0.489 | E25: 04.05.25 | F25: 11.05.25 | G25: 45802 | H25: 07.05.25 | I25: 11.05.25 | J25: 45802 | K25: Indrajeet | L25: Final sag done | P25: =B25& " to " &C25 -> 42/0 to 43/0
A26: 21 | B26: 49/0 | C26: 50/0 | D26: 0.241 | E26: 15.05.25 | F26: 17.05.25 | G26: 45802 | H26: 15.05.25 | I26: 17.05.25 | J26: 45802 | K26: Indrajeet | L26: Final sag done | M26: 47/3 Half side hoisting done | P26: =B26& " to " &C26 -> 49/0 to 50/0
A27: 22 | B27: 48/0 | C27: 49/0 | D27: 1.162 | E27: 14.05.25 | F27: 17.05.25 | G27: 45802 | H27: 19.05.25 | I27: 21.05.25 | J27: 45802 | K27: Indrajeet | L27: Final sag done | P27: =B27& " to " &C27 -> 48/0 to 49/0
A28: 23 | B28: 47/0 | C28: 48/0 | D28: 1.274 | E28: 19.05.25 | F28: 21.05.25 | G28: 45802 | H28: 25.05.25 | I28: 29.05.25 | J28: 45802 | K28: Indrajeet | L28: Final sag done | P28: =B28& " to " &C28 -> 47/0 to 48/0
A29: 24 | B29: 37/2 | C29: 38/0 | D29: 2.711 | E29: 24.05.25 | F29: 30.05.25 | G29: 45802 | H29: 11.06.25 | I29: 15.06.25 | J29: 45833 | K29: Indrajeet | L29: Final sag done | P29: =B29& " to " &C29 -> 37/2 to 38/0
A30: 25 | B30: 43/0 | C30: 44/0 | D30: 2.856 | E30: 05.05.25 | F30: 10.05.25 | G30: 45802 | H30: 20.06.25 | I30: 25.06.25 | J30: 45833 | K30: Indrajeet | L30: Final sag done | M30: Jainath | P30: =B30& " to " &C30 -> 43/0 to 44/0
A31: 26 | B31: 61/0 | C31: 62/0 | D31: 1.028 | E31: 27.06.25 | F31: 29.6.25 | G31: 45833 | H31: 07.07.25 | I31: 10.07.25 | J31: Jul | K31: GPJ Const. | L31: Final sag done | M31: Clipping 61/0 to 62/0 done | O31: 62/0 jumper done | P31: =B31& " to " &C31 -> 61/0 to 62/0
A32: 27 | B32: 62/0 | C32: 63/0 | D32: 0.221 | E32: 07.07.25 | F32: 10.07.25 | G32: Jul | H32: 07.07.25 | I32: 10.07.25 | J32: Jul | K32: GPJ Const. | L32: Final sag done | M32: Clipping 62/0 to 63/0 done | P32: =B32& " to " &C32 -> 62/0 to 63/0
A33: 28 | B33: 38/0 | C33: 38/9 | D33: 3.215 | E33: 04.06.25 | F33: 10.06.25 | G33: 45833 | H33: 07.07.25 | I33: 13.7.25 | J33: Jul | K33: Indrajeet | L33: Final sag done | M33: 38/1 Clipping | P33: =B33& " to " &C33 -> 38/0 to 38/9
A34: 29 | B34: 40/10 | C34: 41/0 | D34: 1.073 | E34: 02.07.25 | F34: 05.07.25 | G34: Jul | H34: 24.07.25 | I34: 28.07.25 | J34: Jul | K34: Indrajeet/Rahim | L34: Final sag done | P34: =B34& " to " &C34 -> 40/10 to 41/0
A35: 30 | B35: 63/0 | C35: 64/0 | D35: 2.879 | E35: 24.07.25 | F35: 28.07.25 | G35: Jul | H35: 31.07.25 | I35: 02.08.25 | J35: Aug | K35: GPJ Const. | L35: Final sag done | P35: =B35& " to " &C35 -> 63/0 to 64/0
A36: 31 | B36: 39/0 | C36: 40/0 | D36: 2.744 | E36: 30.07.25 | F36: 06.08.25 | G36: Aug | H36: 09.08.25 | I36: 12.08.25 | J36: Aug | K36: Amir Sheikh | L36: Final sag done | M36: 39/1,39/2.39/4,5,6 Clipping done | N36: 39/0 Jumper | P36: =B36& " to " &C36 -> 39/0 to 40/0
A37: 32 | B37: 40/5 | C37: 40/10 | D37: 1.897 | E37: 11.07.25 | F37: 20.07.25 | G37: Jul | H37: 10.08.25 | I37: 16.08.25 | J37: Aug | K37: Indrajeet/Rahim | L37: Final sag done | M37: =48 -> 48 | P37: =B37& " to " &C37 -> 40/5 to 40/10
A38: 33 | B38: 38/9 | C38: 39/0 | D38: 0.544 | E38: 04.07.25 | F38: 11.07.25 | G38: Jul | H38: 19.08.25 | I38: 23.08.25 | J38: Aug | K38: Indrajeet/Mohan/Amir Sheikh | L38: Final sag done | M38: 50 | P38: =B38& " to " &C38 -> 38/9 to 39/0
A39: 34 | B39: 40/0 | C39: 40/2 | D39: 0.652 | E39: 28.07.25 | F39: 01.08.25 | G39: Aug | H39: 23.08.25 | I39: 31.08.25 | J39: Aug | K39: Rahim Khan | L39: Final sag done | P39: =B39& " to " &C39 -> 40/0 to 40/2
A40: 35 | B40: 40/2 | C40: 40/5 | D40: 1.219 | E40: 08.08.25 | F40: 14.08.25 | G40: Aug | H40: 23.08.25 | I40: 31.08.25 | J40: Aug | K40: Rahim Khan | L40: Final sag done | P40: =B40& " to " &C40 -> 40/2 to 40/5
A41: 36 | B41: 66/0 | C41: 67/0 | D41: 2.028 | E41: 04.09.25 | F41: 10.09.25 | G41: 45925 | H41: 13.09.25 | I41: 16.09.25 | J41: sept | K41: MC Const. | L41: Final sag done | N41: 50 | P41: =B41& " to " &C41 -> 66/0 to 67/0
A42: 37 | B42: 35/0 | C42: 36/0 | D42: 3.60257 | E42: 07.09.25 | F42: 14.09.25 | G42: 45925 | H42: 18.09.25 | I42: 23.09.25 | J42: sept | K42: Amir Sheikh | L42: Final sag done | P42: =B42& " to " &C42 -> 35/0 to 36/0
A43: 38 | B43: 46/0 | C43: 47/0 | D43: 1.728 | E43: 22.06.25 | F43: 27.06.25 | G43: 45833 | H43: 04.10.25 | I43: 09.10.25 | J43: 45955 | K43: Indrajeet | L43: Final sag done | P43: =B43& " to " &C43 -> 46/0 to 47/0
A44: 39 | B44: 31/0 | C44: 32/0 | D44: 1.678 | E44: 18.09.25 | F44: 24.09.25 | G44: 45925 | H44: 07.10.25 | I44: 14.10.25 | J44: 45955 | K44: Krishna Const. | L44: Final sag done | N44: 31/1,2 , 33/2,5,6,7 Hoisting done | P44: =B44& " to " &C44 -> 31/0 to 32/0
A45: 40 | B45: 44/0 | C45: 45/0 | D45: 2.459 | E45: 13.06.25 | F45: 18.06.25 | G45: 45833 | H45: 12.10.25 | I45: 17.10.25 | J45: 45955 | K45: Indrajeet | L45: Final sag done | P45: =B45& " to " &C45 -> 44/0 to 45/0
A46: 41 | B46: Gantry | C46: 1/0 | D46: 0.122933 | E46: 08.10.25 | F46: 17.10.25 | G46: 45955 | H46: 09.10.25 | I46: 17.10.25 | J46: 45955 | K46: Devi Power | L46: Final sag done | P46: =B46& " to " &C46 -> Gantry to 1/0
A47: 42 | B47: 65/0 | C47: 66/0 | D47: 2.966 | E47: 04.10.25 | F47: 06.10.25 | G47: 45955 | H47: 13.10.25 | I47: 18.10.25 | J47: 45955 | K47: MC Const. | L47: Final sag done | M47: 25 | P47: =B47& " to " &C47 -> 65/0 to 66/0
A48: 43 | B48: 1/0 | C48: 1A/0 | D48: 0.1 | E48: 04.10.25 | F48: 06.10.25 | G48: 45955 | H48: 12.10.25 | I48: 21.10.25 | J48: 45955 | K48: Devi Power | L48: Final sag done | P48: =B48& " to " &C48 -> 1/0 to 1A/0
A49: 44 | B49: 1A/0 | C49: 2/0 | D49: 3.187 | E49: 10.10.25 | F49: 17.10.25 | G49: 45955 | H49: 23.10.25 | I49: 25.10.25 | J49: 45955 | K49: Devi Power | L49: Final sag done | M49: 33 | P49: =B49& " to " &C49 -> 1A/0 to 2/0
A50: 45 | B50: 64/0 | C50: 65/0 | D50: 4.079 | E50: 10.10.25 | F50: 18.10.25 | G50: 45955 | H50: 23.10.25 | I50: 26.10.25 | J50: 45955 | K50: MC Const. | L50: Final sag done | M50: 55 | N50: 64/9 Done | P50: =B50& " to " &C50 -> 64/0 to 65/0
A51: 46 | B51: 32/0 | C51: 33/0 | D51: 3.747 | E51: 04.10.25 | F51: 13.10.25 | G51: 45955 | H51: 23.10.25 | I51: 29.10.25 | J51: 45955 | K51: Krishna Const. | L51: Final sag done | M51: 75 | N51: 32/3,32/5 done Clipping 33/0 & 34/0 Hoisting done | P51: =B51& " to " &C51 -> 32/0 to 33/0
A52: 47 | B52: 33/0 | C52: 34/0 | D52: 3.338 | E52: 21.10.25 | F52: 27.10.25 | G52: 45955 | H52: 23.10.25 | I52: 29.10.25 | J52: 45955 | K52: Krishna Const. | L52: Final sag done | N52: 34/2 , 34/3 34/4 Hoisting done &33/1 & 33/5 Clipping done | P52: =B52& " to " &C52 -> 33/0 to 34/0
A53: 48 | B53: 36/0 | C53: 37/0 | D53: 0.214 | E53: 30.10.25 | F53: 08.11.25 | G53: 45986 | H53: 30.10.25 | I53: 08.11.25 | J53: 45986 | K53: Telegance Power | L53: Final sag done | O53: 65 | P53: =B53& " to " &C53 -> 36/0 to 37/0
A54: 49 | B54: 60/0 | C54: 61/0 | D54: 0.206 | E54: 10.11.25 | F54: 11.11.25 | G54: 45986 | H54: 10.11.25 | I54: 11.11.25 | J54: 45986 | K54: Indrajeet | L54: Final sag done | P54: =B54& " to " &C54 -> 60/0 to 61/0
A55: 50 | B55: 34/0 | C55: 34/5 | D55: 2.056 | E55: 01.01.25 | F55: 06.11.25 | G55: 45986 | H55: 14.11.25 | I55: 18.11.25 | J55: 45986 | K55: Krishna Const. | L55: Final sag done | O55: 75 | P55: =B55& " to " &C55 -> 34/0 to 34/5
A56: 51 | B56: 34/5 | C56: 35/0 | D56: 0.705 | E56: 10.11.25 | F56: 13.11.25 | G56: 45986 | H56: 14.11.25 | I56: 19.11.25 | J56: 45986 | K56: Krishna Const. | L56: Final sag done | N56: 34/6 Clipping done | P56: =B56& " to " &C56 -> 34/5 to 35/0
A57: 52 | B57: 45/0 | C57: 46/0 | D57: 0.233 | E57: 14.11.25 | F57: 26.11.25 | G57: 45986 | H57: 14.11.25 | I57: 26.11.25 | J57: 45986 | K57: Gopal Ji | L57: Final sag done | P57: =B57& " to " &C57 -> 45/0 to 46/0
A58: 53 | B58: 37/0 | C58: 37/1 | D58: 0.317 | E58: 29.11.25 | F58: 30.11.25 | G58: 45986 | H58: 29.11.25 | I58: 30.11.25 | J58: 45986 | K58: Indrajeet | L58: Final sag done | M58: Complete | O58: 15 | P58: =B58& " to " &C58 -> 37/0 to 37/1
A59: 54 | B59: 37/1 | C59: 37/2 | D59: 0.468 | E59: 29.11.25 | F59: 30.11.25 | G59: 45986 | H59: 29.11.25 | I59: 30.11.25 | J59: 45986 | K59: Indrajeet | L59: Final sag done | M59: Complete | O59: 30 | P59: =B59& " to " &C59 -> 37/1 to 37/2
A60: 55 | B60: 25/0 | C60: 26/0 | D60: 4.965 | E60: 13.11.25 | F60: 24.11.25 | G60: 45986 | H60: 29.11.25 | I60: 30.11.25 | J60: 45986 | K60: Krishna Const. -2 | L60: Final sag done | M60: FS done 12.8.25 | N60: Dhananjay | O60: 50 | P60: =B60& " to " &C60 -> 25/0 to 26/0
A61: 56 | B61: 2/0 | C61: 3/0 | D61: 3.818 | E61: 30.10.25 | F61: 05.11.25 | G61: 45986 | H61: 30.11.25 | I61: 30.11.25 | J61: 45986 | K61: Devi Power | L61: Final sag done | M61: FS done 25.12.25 | N61: 2/9 Clipping done | P61: =B61& " to " &C61 -> 2/0 to 3/0
A62: 57 | B62: 30/0 | C62: 31/0 | D62: 1.325 | E62: 19.11.25 | F62: 24.11.25 | G62: 45986 | H62: 30.11.25 | I62: 30.11.25 | J62: 45986 | K62: Krishna Const. | L62: Final sag done | M62: FS done 12.8.25 | O62: =75+8 -> 83 | P62: =B62& " to " &C62 -> 30/0 to 31/0
A63: 58 | B63: 5/0 | C63: 6/0 | D63: 0.237 | E63: 05.12.25 | F63: 11.12.25 | G63: 46016 | H63: 05.12.25 | I63: 11.12.25 | J63: 46016 | K63: Kunal Kumar | L63: Final sag done | P63: =B63& " to " &C63 -> 5/0 to 6/0
A64: 59 | B64: 4/0 | C64: 5/0 | D64: 1.867 | E64: 05.12.25 | F64: 08.12.25 | G64: 46016 | H64: 09.12.25 | I64: 12.12.25 | J64: 46016 | K64: Devi Power | L64: Final sag done | P64: =B64& " to " &C64 -> 4/0 to 5/0
A65: 60 | B65: 15/0 | C65: 16/0 | D65: 4.141 | E65: 03.12.25 | F65: 10.12.25 | G65: 46016 | H65: 11.12.25 | I65: 13.12.25 | J65: 46016 | K65: Nasir | L65: Final sag done | M65: 20 | O65: 20 | P65: =B65& " to " &C65 -> 15/0 to 16/0
A66: 61 | B66: 29/0 | C66: 30/0 | D66: 4.45 | E66: 01.12.25 | F66: 08.12.25 | G66: 46016 | H66: 11.12.25 | I66: 15.12.25 | J66: 46016 | K66: Krishna Const. | L66: Final sag done | M66: Clipping done | P66: =B66& " to " &C66 -> 29/0 to 30/0
A67: 62 | B67: 16/0 | C67: 17/0 | D67: 2.818 | E67: 14.12.25 | F67: 17.12.25 | G67: 46016 | H67: 20.12.25 | I67: 21.12.25 | J67: 46016 | K67: Nasir | L67: Final sag done | M67: 16/5 Clipping done | P67: =B67& " to " &C67 -> 16/0 to 17/0
A68: 63 | B68: 24/0 | C68: 25/0 | D68: 2.69 | E68: 01.12.25 | F68: 08.12.25 | G68: 46016 | H68: 13.12.25 | I68: 23.12.25 | J68: 46016 | K68: Krishna Const. -2 | L68: Final sag done | P68: =B68& " to " &C68 -> 24/0 to 25/0 | Q68: 24/0 hoisting done
A69: 64 | B69: 28/0 | C69: 29/0 | D69: 3.914 | E69: 15.12.25 | F69: 21.12.25 | G69: 46016 | H69: 23.12.25 | I69: 28.12.25 | J69: 46016 | K69: Krishna Const. | L69: Final sag done | O69: 80 | P69: =B69& " to " &C69 -> 28/0 to 29/0
A70: 65 | B70: 23/0 | C70: 24/0 | D70: 4.809 | E70: 12.12.25 | F70: 22.12.25 | G70: 46016 | H70: 25.12.25 | I70: 28.12.25 | J70: 46016 | K70: Krishna Const. -2 | L70: Final sag done | O70: 95 | P70: =B70& " to " &C70 -> 23/0 to 24/0
A71: 66 | B71: 3/0 | C71: 4/0 | D71: 0.227 | E71: 23.12.25 | F71: 27.12.25 | G71: 46016 | H71: 23.12.25 | I71: 27.12.25 | J71: 46016 | K71: Gopal Ji | L71: Final sag done | O71: 23 | P71: =B71& " to " &C71 -> 3/0 to 4/0
A72: 67 | B72: 6/0 | C72: 7/0 | D72: 1.175 | E72: 17.12.25 | F72: 18.12.25 | G72: 46016 | H72: 28.12.25 | I72: 31.12.25 | J72: 46016 | K72: Devi Power | L72: Final sag done | O72: 56 | P72: =B72& " to " &C72 -> 6/0 to 7/0
A73: 68 | B73: 27/1 | C73: 28/0 | D73: 1.752 | E73: 24.12.25 | F73: 28.12.25 | G73: 46016 | H73: 31.12.25 | I73: 31.12.25 | J73: 46016 | K73: Krishna Const. | L73: Final sag done | P73: =B73& " to " &C73 -> 27/1 to 28/0
A74: 69 | B74: 14/0 | C74: 15/0 | D74: 2.624 | E74: 27.12.25 | F74: 31.12.25 | G74: 46016 | H74: 04.01.26 | I74: 06.01.26 | J74: 46048 | K74: Nasir | L74: Final sag done | O74: 46 | P74: =B74& " to " &C74 -> 14/0 to 15/0
A75: 70 | B75: 10/12 | C75: 10/20 | D75: 3.208 | E75: 29.12.25 | F75: 31.12.25 | G75: 46016 | H75: 25.01.26 | I75: 29.01.26 | J75: 46048 | K75: Deepak | L75: Final sag done | M75: 10/23/ hoistin done | O75: 40 | P75: =B75& " to " &C75 -> 10/12 to 10/20
A76: 71 | B76: 9/0 | C76: 10/0 | D76: 0.234 | E76: 03.01.26 | F76: 06.01.26 | G76: 46048 | H76: 03.01.26 | I76: 06.01.26 | J76: 46048 | K76: Gopal Ji | L76: Final sag done
A77: 72 | B77: 27/0 | C77: 27/1 | D77: 0.372 | E77: 31.12.25 | F77: 05.01.26 | G77: 46048 | H77: 05.01.26 | I77: 09.01.26 | J77: 46048 | K77: Krishna Const. | L77: Final sag done
A78: 73 | B78: 13/0 | C78: 14/0 | D78: 1.92851 | E78: 02.01.26 | F78: 05.01.25 | G78: 46048 | H78: 07.01.26 | I78: 09.01.26 | J78: 46048 | K78: Nasir | L78: Final sag done | P78: =B78& " to " &C78 -> 13/0 to 14/0
A79: 74 | B79: 26/0 | C79: 27/0 | D79: 3.145123 | E79: 02.01.26 | F79: 09.01.26 | G79: 46048 | H79: 11.01.26 | I79: 16.01.26 | J79: 46048 | K79: Krishna Const. | L79: Final sag done
A80: 75 | B80: 17/0 | C80: 18/0 | D80: 2.5075 | E80: 11.01.26 | F80: 14.01.26 | G80: 46048 | H80: 13.01.26 | I80: 15.01.26 | J80: 46048 | K80: Nasir | L80: Final sag done | P80: =B80& " to " &C80 -> 17/0 to 18/0
A81: 76 | B81: 22/0 | C81: 23/0 | D81: 4.035 | E81: 06.01.26 | F81: 16.01.26 | G81: 46048 | H81: 11.01.26 | I81: 17.01.26 | J81: 46048 | K81: Krishna Const. -2 | L81: Final sag done
A82: 77 | B82: 12/0 | C82: 13/0 | D82: 0.217 | E82: 19.01.26 | F82: 28.01.26 | G82: 46048 | H82: 19.01.26 | I82: 28.01.26 | J82: 46048 | K82: Gopal Ji | L82: Final sag done
A83: 78 | B83: 10/20 | C83: 11/0 | D83: 1.653044 | E83: 24.01.26 | F83: 31.01.26 | G83: 46048 | H83: 25.01.26 | I83: 31.01.26 | J83: 46048 | K83: Deepak/Devi Power | L83: Final sag done
A84: 79 | B84: 19/12 | C84: 20/0 | D84: 1.2 | E84: 29.01.26 | F84: 31.01.26 | G84: 46048 | H84: 03.01.26 | I84: 07.02.26 | J84: 46079 | K84: Nasir | L84: Final sag done
A85: 80 | B85: 70/0 | C85: 71/0 | D85: 0.258 | E85: 02.02.26 | F85: 07.02.26 | G85: 46079 | H85: 02.02.26 | I85: 07.02.26 | J85: 46079 | K85: MC Const./Indrajeet | L85: Final sag done | P85: =B85& " to " &C85 -> 70/0 to 71/0
A86: 81 | B86: 20/0 | C86: 21/0 | D86: 0.273 | E86: 29.01.26 | F86: 07.02.26 | G86: 46079 | H86: 29.01.26 | I86: 07.02.26 | J86: 46079 | K86: Gopal Ji | L86: Final sag done
A87: 82 | B87: 7/0 | C87: 8/0 | D87: 0.261 | E87: 11.02.26 | F87: 16.02.26 | G87: 46079 | H87: 11.02.26 | I87: 16.02.26 | J87: 46079 | K87: Gopal ji | L87: Final sag done
A88: 83 | B88: 11/10 | C88: 12/0 | D88: 2.27976 | E88: 18.01.26 | F88: 21.01.26 | G88: 46048 | H88: 09.02.26 | I88: 17.02.26 | J88: 46079 | K88: Devi Power | L88: Final sag done
A89: 84 | B89: 11/0 | C89: 11/10 | D89: 4.11 | E89: 09.02.26 | F89: 17.02.26 | G89: 46079 | H89: 11.02.26 | I89: 17.02.26 | J89: 46079 | K89: Devi Power | L89: Final sag done
A90: 85 | B90: 21/0 | C90: 21/7 | D90: 2.873 | E90: 31.01.26 | F90: 07.02.26 | G90: 46079 | H90: 11.02.26 | I90: 18.02.26 | J90: 46079 | K90: Krishna Const. -2 | L90: Final sag done
A91: 86 | B91: 19/8 | C91: 19/12 | D91: 1.67847 | E91: 29.01.26 | F91: 31.01.26 | G91: 46048 | H91: 19.02.26 | I91: 22.02.26 | J91: 46079 | K91: Nasir | L91: Final sag done
A92: 87 | B92: 19/0 | C92: 19/8 | D92: 3.338 | E92: 13.02.26 | F92: 22.02.26 | G92: 46079 | H92: 22.02.26 | I92: 24.02.26 | J92: 46079 | K92: Nasir | L92: Final sag done
A93: 88 | B93: 10/0 | C93: 10/12 | D93: 4.995 | E93: 19.02.26 | F93: 23.02.26 | G93: 46079 | H93: 20.02.26 | I93: 24.02.26 | J93: 46079 | K93: Deepak | L93: Final sag done
A94: 89 | B94: 8/7 | C94: 9/0 | D94: 2.441 | E94: 21.02.26 | F94: 24.02.26 | G94: 46079 | H94: 26.02.26 | I94: 02.03.26 | J94: 46107 | K94: Devi Power | L94: Final sag done
A95: 90 | B95: 8/0 | C95: 8/7 | D95: 2.87653 | E95: 25.02.26 | F95: 02.03.26 | G95: 46107 | H95: 26.02.26 | I95: 02.03.26 | J95: 46107 | K95: Devi Power | L95: Final sag done
A96: 91 | B96: 21/7 | C96: 22/0 | D96: 3.172 | E96: 09.03.26 | F96: 14.03.26 | G96: 46107 | H96: 12.03.26 | J96: 46107 | K96: Krishna Const. -2 | L96: Middle Phase Final Sag WIP | M96: 10.02.26-08.03.26 Row
A97: 92 | B97: 18/0 | C97: 19/0 | D97: 4.543 | E97: 14.03.26 | G97: 46107 | J97: 46107 | K97: Nasir | L97: 1st Phase

Sheet OPGW PKG-G
A1: EXECUTING AGENCY : M/s. KEC INTERNATIONAL LIMITED
A2: LILO of 765 Kv DV Fatehgarh 3 Beawar TL
A3: OPGW Progress details(Pkg-G)
A4: Sr. No | B4: Section | D4: Section length in Kms | E4: OPGW Drum Length (In KMs) | F4: Start date | G4: End date | H4: Splicing | I4: Jointing Details | J4: Agency | K4: OTDR reading status | L4: Splicing done by | M4: Remarks
A5: 1 | B5: 51/0 | C5: 52/0 | D5: 4.403 | E5: 4.653 | F5: 11.01.25 | G5: 12.01.25 | H5: Done | J5: Congent tech | M5: Final sag completed | N5: =B5& " to " &C5 -> 51/0 to 52/0
A6: 2 | B6: 52/0 | C6: 55/0 | D6: 4.377 | E6: 4.627 | F6: 17.01.25 | G6: 18.01.25 | H6: Done | J6: Congent tech | M6: Final sag completed | N6: =B6& " to " &C6 -> 52/0 to 55/0
A7: 3 | B7: 55/0 | C7: 56/0 | D7: 4.9 | E7: 5.16 | F7: 20.01.25 | G7: 21.01.25 | H7: Done | J7: Congent tech | L7: Rakesh | M7: Final sag completed | N7: =B7& " to " &C7 -> 55/0 to 56/0
A8: 4 | B8: 56/0 | C8: 57/0 | D8: 4.127 | E8: 4.372 | F8: 23.01.25 | G8: 24.01.25 | H8: Done | J8: Congent tech | L8: Rakesh | M8: Final sag completed | N8: =B8& " to " &C8 -> 56/0 to 57/0
A9: 5 | B9: 57/0 | C9: 57/6 | D9: 2.344 | E9: 2.553 | F9: 27.01.25 | G9: 28.01.25 | H9: Done | J9: Congent tech | L9: Rakesh | M9: Final sag completed | N9: =B9& " to " &C9 -> 57/0 to 57/6
A10: 6 | B10: 57/6 | C10: 58/0 | D10: 3.141 | E10: 3.365 | F10: 29.01.25 | G10: 30.01.25 | H10: Done | J10: Congent tech | L10: Rakesh | M10: Final sag completed | N10: =B10& " to " &C10 -> 57/6 to 58/0
A11: 7 | B11: 58/0 | C11: 58/7 | D11: 2.797 | E11: 3.015 | F11: 01.02.25 | G11: 02.02.25 | H11: Done | J11: Congent tech | L11: Rakesh | M11: Final sag completed | N11: =B11& " to " &C11 -> 58/0 to 58/7
A12: 8 | B12: 58/7 | C12: 59/0 | D12: 3.885 | E12: 4.124 | F12: 04.02.25 | G12: 05.02.25 | H12: Done | J12: Congent tech | L12: Rakesh | M12: Final sag completed | N12: =B12& " to " &C12 -> 58/7 to 59/0
A13: 9 | B13: 41/0 | C13: 42/0 | D13: 4.98 | E13: 5.242 | F13: 27.07.25 | G13: 29.07.25 | H13: Done | J13: Congent tech | L13: Rakesh | M13: Final sag completed | N13: =B13& " to " &C13 -> 41/0 to 42/0
A14: 10 | B14: 42/0 | C14: 44/0 | D14: 3.345 | E14: 3.574 | F14: 06.08.25 | G14: 06.08.25 | H14: Done | J14: Congent tech | L14: Rakesh | M14: Final sag completed | N14: =B14& " to " &C14 -> 42/0 to 44/0
A15: 11 | B15: 48/0 | C15: 51/0 | D15: 3.374 | E15: 3.603 | F15: 10.08.25 | G15: 10.08.25 | H15: Done | J15: Congent tech | L15: Rakesh | M15: Final sag completed | N15: =B15& " to " &C15 -> 48/0 to 51/0
A16: 12 | B16: 39/0 | C16: 40/2 | D16: 3.395 | E16: 3.603 | F16: 12.08.25 | G16: 13.08.25 | H16: Done | J16: Congent tech | L16: Rakesh | M16: Final sag completed | N16: =B16& " to " &C16 -> 39/0 to 40/2
A17: 13 | B17: 38/0 | C17: 39/0 | D17: 3.759 | E17: 4.006 | F17: 18.08.25 | G17: 18.08.25 | H17: Done | J17: Congent tech | L17: Rakesh | M17: Final sag completed | N17: =B17& " to " &C17 -> 38/0 to 39/0
A18: 14 | B18: 63/0 | C18: 64/0 | D18: 2.879 | E18: 2.879 | F18: 27.11.25 | G18: 30.11.25 | H18: Done | J18: Congent tech | L18: Umesh | M18: Final sag completed | N18: =B18& " to " &C18 -> 63/0 to 64/0
... A28: 24 | B28: 28/0 | C28: 29/0 | D28: 3.914 | E28: 4.156 | F28: 05.01.26 | G28: 06.01.26 | H28: Done | J28: Congent tech | L28: Kamla Prasad | M28: Final sag completed | N28: =B28& " to " &C28 -> 28/0 to 29/0
A29: 25 | B29: 27/0 | C29: 28/0 | D29: 2.124 | E29: 2.339 | F29: 07.01.26 | G29: 08.01.26 | H29: Done | J29: Congent tech | L29: Balwan | M29: Final sag completed | N29: 27/0 to 28/0
A30: 26 | B30: 44/0 | C30: 46/0 | D30: 2.692 | E30: 2.941 | F30: 08.01.26 | G30: 09.01.26 | H30: Done | J30: Congent tech | L30: Umesh | M30: Final sag completed | N30: 44/0 to 46/0
A31: 27 | B31: 26/0 | C31: 27/0 | D31: 3.145123 | E31: 3.38 | F31: 09.01.26 | G31: 11.01.26 | H31: Done | J31: Congent tech | L31: Balwan | M31: Final sag completed | N31: 26/0 to 27/0
A32: 28 | B32: 46/0 | C32: 48/0 | D32: 3.002 | F32: 10.01.26 | G32: 11.01.26 | H32: Done | J32: Congent tech | L32: Umesh | M32: Final sag completed
A33: 29 | B33: 25/0 | C33: 26/0 | D33: 4.965 | F33: 12.01.26 | G33: 15.01.26 | H33: Done | J33: Congent tech | L33: Balwan | M33: Final sag completed
A34: 30 | B34: 40/2 | C34: 41/0 | D34: 4.188 | F34: 12.01.26 | G34: 14.01.26 | H34: Done | J34: Congent tech | L34: Umesh | M34: Final sag completed
A35: 31 | B35: 33/0 | C35: 34/0 | D35: 3.338 | F35: 15.01.26 | G35: 18.01.26 | H35: Done | J35: Congent tech | L35: Umesh | M35: Final sag completed
A36: 32 | B36: 37/0 | C36: 38/0 | D36: 3.497 | F36: 15.01.26 | G36: 16.01.26 | H36: Done | J36: Congent tech | L36: Umesh | M36: Final sag completed
A37: 33 | B37: 34/0 | C37: 35/0 | D37: 2.761 | F37: 19.01.26 | G37: 21.01.26 | H37: Done | J37: Congent tech | L37: Umesh | M37: Final sag completed
A38: 34 | B38: 35/0 | C38: 37/0 | D38: 3.816 | F38: 17.01.26 | G38: 20.01.26 | H38: Done | J38: Congent tech | L38: Umesh | M38: Final sag completed
A39: 35 | B39: 17/0 | C39: 18/0 | D39: 2.507 | F39: 19.01.26 | G39: 24.01.26 | H39: Done | J39: Congent tech | M39: Final sag completed
A40: 36 | B40: 24/0 | C40: 25/0 | D40: 2.69 | F40: 21.01.26 | G40: 24.01.26 | H40: Done | J40: Congent tech | M40: Final sag completed
A41: 37 | B41: 16/0 | C41: 17/0 | D41: 2.818 | F41: 25.01.26 | G41: 28.01.26 | H41: Done | J41: Congent tech | M41: Final sag completed
A42: 38 | B42: 23/0 | C42: 24/0 | D42: 4.809 | F42: 25.01.26 | G42: 29.01.26 | H42: Done | J42: Congent tech | M42: Final sag completed
A43: 39 | B43: Gantry | C43: 2/0 | D43: 3.41 | F43: 22.01.26 | G43: 29.01.26 | J43: Jai Bajrang Bali | M43: Final sag completed
A44: 40 | B44: 22/0 | C44: 23/0 | D44: 4.035 | F44: 29.01.26 | G44: 31.01.26 | H44: Done | J44: Congent tech | M44: Final sag completed
A45: 41 | B45: 19/9 | C45: 21/0 | D45: 2.744 | F45: 30.01.26 | G45: 02.02.26 | H45: Done | J45: Congent tech | M45: Final sag completed
A46: 42 | B46: 2/0 | C46: 2/9 | D46: 3.408 | F46: 29.01.26 | G46: 09.02.26 | J46: Jai Bajrang Bali | M46: Final sag completed
A47: 43 | B47: 10/12 | C47: 11/0 | D47: 4.861 | F47: 03.02.26 | G47: 05.02.26 | H47: Done | J47: Congent tech | M47: Final sag completed
A48: 44 | B48: 70/0 | C48: 72/0 | D48: 2.35 | F48: 09.02.26 | G48: 10.02.26 | H48: Done | J48: Congent tech | M48: Final sag completed
A49: 45 | B49: 14/0 | C49: 15/0 | D49: 2.624 | F49: 11.02.26 | G49: 13.02.26 | H49: Done | J49: Congent tech | M49: Final sag completed
A50: 46 | B50: 21/0 | C50: 21/7 | D50: 2.873 | F50: 11.02.26 | G50: 13.02.26 | H50: Done | J50: Congent tech | M50: Final sag completed
A51: 47 | B51: 21/7 | C51: 22/0 | D51: 3.172 | F51: 13.02.26 | G51: 15.02.26 | H51: Done | J51: Congent tech | M51: Final sag completed
A52: 48 | B52: 4/0 | C52: 8/0 | D52: 3.54 | F52: 09.02.26 | G52: 17.02.26 | J52: Jai Bajrang Bali | M52: Final sag completed
A53: 49 | B53: 11/0 | C53: 11/10 | D53: 4.11 | F53: 17.02.26 | G53: 19.02.26 | H53: Done | J53: Congent tech | M53: Final sag completed
A54: 50 | B54: 11/10 | C54: 13/4 | D54: 4.075 | F54: 18.02.26 | G54: 20.02.26 | H54: Done | J54: Congent tech | M54: Final sag completed
A55: 51 | B55: 13/4 | C55: 14/0 | D55: 0.35 | F55: 18.02.26 | G55: 20.02.26 | H55: Done | J55: Congent tech | M55: Final sag completed
A56: 52 | B56: 19/0 | C56: 19/9 | D56: 3.747 | F56: 21.02.26 | G56: 24.02.26 | J56: Congent tech | M56: Final sag completed
A57: 53 | B57: 10/0 | C57: 10/12 | D57: 4.995 | F57: 25.02.26 | G57: 26.02.26 | H57: Done | J57: Congent tech | M57: Final sag completed
A58: 54 | B58: 15/0 | C58: 16/0 | D58: 4.141 | F58: 26.02.26 | G58: 28.02.26 | H58: Done | J58: Congent tech | M58: Final sag completed
A59: 55 | B59: 8/0 | C59: 8/7 | D59: 2.87653 | F59: 02.03.26 | G59: 06.03.26 | J59: Congent tech | M59: Final sag completed
A60: 56 | B60: 8/7 | C60: 10/0 | D60: 2.675 | F60: 02.03.26 | G60: 06.03.26 | H60: Done | J60: Congent tech | M60: Final sag completed
A61: 57 | B61: 2/9 | C61: 4/0 | D61: 0.636 | F61: 07.03.26 | G61: 08.03.26 | J61: Congent tech | M61: Final sag completed
A62: 58 | B62: 18/0 | C62: 19/0 | F62: 12.03.26 | H62: 4.543 | J62: Congent tech | M62: Roller Hoisting WIP
A64: Total Length in Kms | D64: =SUM(D5:D63) -> 197.58765 | E64: =SUM(E5:E63) -> 104.803
A65: Total Length in Km | D65: =D64 -> 197.58765 | E65: =E64 -> 104.803
D67: =202.13-D65 -> 4.542347

Sheet Tower Accessories
A1: Name of Line:- 765 KV Fatehgarh-3 Beawer Transmission Line, Package G
A2: Placement of Accessories & aviation items
A3: Sl No | B3: Twr No. | C3: Tower Type | D3: Danger Plate nos | E3: Number Plate nos | F3: Circuit Plate Set of 2 | G3: Phase Plate Set of 6 | H3: Anti Climbing Device Set | I3: Complete Date | J3: Contractor | L3: Sl No | M3: Twr No. | N3: Tower Type | O3: Bird Guard Set of 6 | P3: Complete Date | Q3: Contractor
A5: 1 | B5: 51/8 | C5: DA+3 | D5: 1 | E5: 1 | F5: 1 | G5: 1 | H5: 1 | I5: 17.02.26 | J5: Divisha Const. | L5: 1 | M5: 51/8 | N5: DA+3 | O5: 1 | P5: 19.02.26 | Q5: Company Gang
A6: 2 | B6: 51/9 | C6: DA+3 | D6: 1 | E6: 1 | F6: 1 | G6: 1 | H6: 1 | I6: 18.02.26 | J6: Divisha Const. | L6: 2 | M6: 51/9 | N6: DA+3 | O6: 1 | P6: 19.02.26 | Q6: Company Gang
A7: 3 | B7: 51/10 | C7: DA+3 | D7: 1 | E7: 1 | F7: 1 | G7: 1 | H7: 1 | I7: 18.02.26 | J7: Divisha Const. | L7: 3 | M7: 51/10 | N7: DA+3 | O7: 1 | P7: 19.02.26 | Q7: Company Gang
A8: 4 | B8: 51/6 | C8: DA+0 | D8: 1 | E8: 1 | F8: 1 | G8: 1 | H8: 1 | I8: 19.02.26 | J8: Divisha Const. | L8: 4 | M8: 51/6 | N8: DA+0 | O8: 1 | P8: 19.02.26 | Q8: Company Gang
A9: 5 | B9: 51/7 | C9: DA+3 | D9: 1 | E9: 1 | F9: 1 | G9: 1 | H9: 1 | I9: 19.02.26 | J9: Divisha Const. | L9: 5 | M9: 51/7 | N9: DA+3 | O9: 1 | P9: 19.02.26 | Q9: Company Gang
A10: 6 | B10: 51/5 | C10: DA+0 | D10: 1 | E10: 1 | F10: 1 | G10: 1 | H10: 1 | I10: 20.02.26 | J10: Divisha Const. | L10: 6 | M10: 51/5 | N10: DA+0 | O10: 1 | P10: 19.02.26 | Q10: Company Gang
A11: 7 | B11: 51/1 | C11: DA+0 | D11: 1 | E11: 1 | F11: 1 | G11: 1 | H11: 1 | I11: 20.02.26 | J11: Divisha Const. | L11: 7 | M11: 51/1 | N11: DA+0 | O11: 1 | P11: 19.02.26 | Q11: Company Gang
A12: 8 | B12: 51/2 | C12: DA+0 | D12: 1 | E12: 1 | F12: 1 | G12: 1 | H12: 1 | I12: 20.02.26 | J12: Divisha Const. | L12: 8 | M12: 51/2 | N12: DA+0 | O12: 1 | P12: 19.02.26 | Q12: Company Gang
A13: 9 | B13: 51/3 | C13: DA+0 | D13: 1 | E13: 1 | F13: 1 | G13: 1 | H13: 1 | I13: 20.02.26 | J13: Divisha Const. | L13: 9 | M13: 51/3 | N13: DA+0 | O13: 1 | P13: 19.02.26 | Q13: Company Gang
A14: 10 | B14: 51/4 | C14: DA+3 | D14: 1 | E14: 1 | F14: 1 | G14: 1 | H14: 1 | I14: 21.02.26 | J14: Divisha Const. | L14: 10 | M14: 51/4 | N14: DA+3 | O14: 1 | P14: 19.02.26 | Q14: Company Gang
A15: 11 | B15: 51/0 | C15: DB+0 | D15: 1 | E15: 1 | F15: 1 | G15: 1 | H15: 1 | I15: 21.02.26 | J15: Divisha Const. | L15: 11 | M15: 50/4 | N15: DA+3 | O15: 1 | P15: 19.02.26 | Q15: Company Gang
A16: 12 | B16: 50/4 | C16: DA+3 | D16: 1 | E16: 1 | F16: 1 | G16: 1 | H16: 1 | I16: 21.02.26 | J16: Divisha Const. | L16: 12 | M16: 34/1 | N16: DA+3 | O16: 1 | P16: 20.02.26 | Q16: Company Gang
... A38: 34 | B38: 43/5 | C38: DA+0 | D38: 1 | E38: 1 | F38: 1 | G38: 1 | H38: 1 | I38: 28.02.26 | J38: Divisha Const. | L38: 34 | M38: 34/4 | N38: DA+6 | O38: 1 | P38: 21.02.26 | Q38: Company Gang
A39: 35 | B39: 43/6 | C39: DA+6 | D39: 1 | E39: 1 | F39: 1 | G39: 1 | H39: 1 | I39: 28.02.26 | J39: Divisha Const. | L39: 35 | M39: 13/1 | N39: DA+3 | O39: 1 | P39: 21.02.26
A40: 36 | B40: 44/0 | C40: DB+0 | D40: 1 | E40: 1 | F40: 1 | G40: 1 | H40: 1 | I40: 28.02.26 | J40: Divisha Const. | L40: 36 | M40: 13/2 | N40: DA+3 | O40: 1 | P40: 21.02.26
A41: 37 | B41: 43/3 | C41: DA+3 | D41: 1 | E41: 1 | F41: 1 | G41: 1 | H41: 1 | I41: 01.03.26 | J41: Divisha Const. | L41: 37 | M41: 13/3 | N41: DA+0 | O41: 1 | P41: 21.02.26
A42: 38 | B42: 43/2 | C42: DA+9 | D42: 1 | E42: 1 | F42: 1 | G42: 1 | H42: 1 | I42: 13.03.26 | J42: Divisha Const. | L42: 38 | M42: 13/4 | N42: DA+0 | O42: 1 | P42: 21.02.26
A43: 39 | B43: 43/1 | C43: DA+9 | D43: 1 | E43: 1 | F43: 1 | G43: 1 | H43: 1 | I43: 13.03.26 | J43: Divisha Const. | L43: 39 | M43: 14/1 | N43: DA+3 | O43: 1 | P43: 21.02.26
A44: 40 | B44: 43/0 | C44: DB+9 | D44: 1 | E44: 1 | F44: 1 | G44: 1 | H44: 1 | I44: 13.03.26 | J44: Divisha Const. | L44: 40 | M44: 14/2 | N44: DA+3 | O44: 1 | P44: 21.02.26 | R44: 14/3 Row
A45: 41 | B45: 42/0 | C45: DC+9 | D45: 1 | E45: 1 | F45: 1 | G45: 1 | H45: 1 | I45: 14.03.26 | J45: Divisha Const. | L45: 41 | M45: 14/4 | N45: DA+0 | O45: 1 | P45: 21.02.26
A46: 42 | B46: 41/12 | C46: DA+3 | D46: 1 | E46: 1 | F46: 1 | G46: 1 | H46: 1 | I46: 14.03.26 | J46: Divisha Const. | L46: 42 | M46: 37/6 | N46: DA+6 | O46: 1 | P46: 22.02.26
A47: 43 | B47: 41/11 | C47: DA+3 | D47: 1 | E47: 1 | F47: 1 | G47: 1 | H47: 1 | I47: 14.03.26 | J47: Divisha Const. | L47: 43 | M47: 37/7 | N47: DA+3 | O47: 1 | P47: 22.02.26
L48: 44 | M48: 37/8 | N48: DA+0 | O48: 1 | P48: 22.02.26
L49: 45 | M49: 38/3 | N49: DA+9 | O49: 1 | P49: 22.02.26
L50: 46 | M50: 38/4 | N50: DA+0 | O50: 1 | P50: 22.02.26
L51: 47 | M51: 38/5 | N51: DA+0 | O51: 1 | P51: 22.02.26
L52: 48 | M52: 38/6 | N52: DA+0 | O52: 1 | P52: 22.02.26
L53: 49 | M53: 38/7 | N53: DA+0 | O53: 1 | P53: 22.02.26
L54: 50 | M54: 38/8 | N54: DA+0 | O54: 1 | P54: 22.02.26
L55: 51 | M55: 39/1 | N55: DA+6 | O55: 1 | P55: 23.02.26
L56: 52 | M56: 39/2 | N56: DA+0 | O56: 1 | P56: 23.02.26
L57: 53 | M57: 39/3 | N57: DA+3 | O57: 1 | P57: 23.02.26 | R57: 39/4 Balance
L58: 54 | M58: 39/5 | N58: DA+3 | O58: 1 | P58: 23.02.26
L59: 55 | M59: 39/6 | N59: DA+0 | O59: 1 | P59: 23.02.26
L60: 56 | M60: 39/7 | N60: DA+0 | O60: 1 | P60: 23.02.26
L61: 57 | M61: 40/3 | N61: DA+3 | O61: 1 | P61: 24.02.26
L62: 58 | M62: 40/4 | N62: DA+9 | O62: 1 | P62: 24.02.26
L63: 59 | M63: 40/6 | N63: DA+3 | O63: 1 | P63: 24.02.26
L64: 60 | M64: 40/7 | N64: DA+3 | O64: 1 | P64: 24.02.26
L65: 61 | M65: 40/8 | N65: DA+0 | O65: 1 | P65: 24.02.26
L66: 62 | M66: 40/9 | N66: DA+0 | O66: 1 | P66: 24.02.26
L67: 63 | M67: 40/11 | N67: DA+9 | O67: 1 | P67: 24.02.26
L68: 64 | M68: 44/1 | N68: DA+0 | O68: 1 | P68: 24.02.26
L69: 65 | M69: 44/2 | N69: DA+0 | O69: 1 | P69: 24.02.26
... L240: 236 | M240: 68/1 | N240: DA+3 | O240: 1 | P240: 08.03.26
L241: 237 | M241: 68/2 | N241: DA+3 | O241: 1 | P241: 08.03.26 | Q241: 68/3
L242: 238 | M242: 66/1 | N242: DA+3 | O242: 1 | P242: 08.03.26
L243: 239 | M243: 66/2 | N243: DA+0 | O243: 1 | P243: 08.03.26
L244: 240 | M244: 66/3 | N244: DA+3 | O244: 1 | P244: 08.03.26
L245: 241 | M245: 66/4 | N245: DA+3 | O245: 1 | P245: 08.03.26
L246: 242 | M246: 11/8 | N246: DA+0 | O246: 1 | P246: 08.03.26
L247: 243 | M247: 11/9 | N247: DA+3 | O247: 1 | P247: 08.03.26
L248: 244 | M248: 52/1 | N248: DA+0 | O248: 1 | P248: 09.03.26
L249: 245 | M249: 52/2 | N249: DA+3 | O249: 1 | P249: 09.03.26
L250: 246 | M250: 52/3 | N250: DA+0 | O250: 1 | P250: 09.03.26
L251: 247 | M251: 52/4 | N251: DA+0 | O251: 1 | P251: 09.03.26
L252: 248 | M252: 52/5 | N252: DA+3 | O252: 1 | P252: 09.03.26
L253: 249 | M253: 56/5 | N253: DA+0 | O253: 1 | P253: 09.03.26
... L295: 291 | M295: 16/3 | N295: DA+0 | O295: 1 | P295: 14.03.26
B299: Total Complete(Nos) | D299: =SUM(D5:D298) -> 43 | E299: =SUM(E5:E298) -> 43 | F299: =SUM(F5:F298) -> 43 | G299: =SUM(G5:G298) -> 43 | H299: =SUM(H5:H298) -> 43 | M299: Total Complete(Nos) | O299: =SUM(O5:O298) -> 291
D301: =521-D299 -> 478 | O301: =429-O299 -> 138 | Q301: 259 | R301: =429-Q301 -> 170
Q302: 214 | R302: 77
Q303: =Q301-Q302 -> 45 | R303: =R301-R302 -> 93

Sheet Span Marker& Divertor
A1: Name of Line:- 765 KV Fatehgarh-3 Beawer Transmission Line, Package G
A2: Placement of Span Marker & Bird Diverters
A3: Sl No | B3: Span | D3: Span Markers Installed | E3: Complete Date | F3: Contractor | H3: Sl No | I3: Span | K3: No of Bird Flight Divertors nos | L3: Complete Date | M3: Contractor
B4: From | C4: To | I4: From | J4: To
A5: 1 | B5: 51/7 | C5: 51/8 | D5: 1 | E5: 19.02.26 | F5: OM Const | H5: 1 | I5: 27/4 | J5: 27/5 | K5: 31 | L5: 18.02.26 | M5: OM Const.
A6: 2 | B6: 51/8 | C6: 51/9 | D6: 1 | E6: 19.02.26 | F6: OM Const | H6: 2 | I6: 27/5 | J6: 28/0 | K6: 25 | L6: 18.02.26 | M6: OM Const.
A7: 3 | B7: 51/9 | C7: 51/10 | D7: 1 | E7: 19.02.26 | F7: OM Const | H7: 3 | I7: 23/11 | J7: 24/0 | K7: 39 | L7: 18.02.26 | M7: OM Const.
A8: 4 | B8: 51/10 | C8: 52/0 | D8: 1 | E8: 19.02.26 | F8: OM Const | H8: 4 | I8: 24/0 | J8: 24/1 | K8: 38 | L8: 18.02.26 | M8: OM Const.
A9: 5 | B9: 52/0 | C9: 52/1 | D9: 1 | E9: 19.02.26 | F9: OM Const | H9: 5 | I9: 24/1 | J9: 24/2 | K9: 39 | L9: 18.02.26 | M9: OM Const.
A10: 6 | B10: 52/1 | C10: 52/2 | D10: 1 | E10: 19.02.26 | F10: OM Const | H10: 6 | I10: 24/2 | J10: 24/3 | K10: 36 | L10: 18.02.26 | M10: OM Const.
A11: 7 | B11: 52/2 | C11: 52/3 | D11: 1 | E11: 19.02.26 | F11: OM Const | H11: 7 | I11: 24/3 | J11: 24/4 | K11: 37 | L11: 18.02.26 | M11: OM Const.
A12: 8 | B12: 52/4 | C12: 52/5 | D12: 1 | E12: 19.02.26 | F12: OM Const | H12: 8 | I12: 24/4 | J12: 24/5 | K12: 37 | L12: 18.02.26 | M12: OM Const.
A13: 9 | B13: 52/5 | C13: 53/0 | D13: 1 | E13: 19.02.26 | F13: OM Const | H13: 9 | I13: 24/5 | J13: 24/6 | K13: 39 | L13: 18.02.26 | M13: OM Const.
A14: 10 | B14: 53/0 | C14: 53/1 | D14: 1 | E14: 19.02.26 | F14: OM Const | H14: 10 | I14: 24/6 | J14: 25/0 | K14: 36 | L14: 18.02.26 | M14: OM Const.
A15: 11 | B15: 53/1 | C15: 53/2 | D15: 1 | E15: 19.02.26 | F15: OM Const | H15: 11 | I15: 12/0 | J15: 13/0 | K15: 21 | L15: 19.02.26 | M15: Shiv Raj
A16: 12 | B16: 53/2 | C16: 53/3 | D16: 1 | E16: 19.02.26 | F16: OM Const | H16: 12 | I16: 13/0 | J16: 13/1 | K16: 39 | L16: 19.02.26 | M16: Shiv Raj
... A109: 105 | B109: 62/0 | C109: 63/0 | D109: 1 | E109: 24.02.26 | F109: OM Const | H109: 105 | I109: 10/14 | J109: 10/15 | K109: 40 | L109: 27.02.26 | M109: Shiv Raj
A110: 106 | B110: 63/0 | C110: 63/1 | D110: 1 | E110: 24.02.26 | F110: OM Const | G110: 63/1,2 | H110: 106 | I110: 1/0 | J110: 1A/0 | K110: 9 | L110: 22.02.26 | M110: Bajrang Bali
A111: 107 | B111: 63/2 | C111: 63/3 | D111: 1 | E111: 25.02.26 | F111: OM Const | H111: 107 | I111: 1A/0 | J111: 1A/1 | K111: 27 | L111: 22.02.26 | M111: Bajrang Bali
A112: 108 | B112: 63/3 | C112: 63/4 | D112: 1 | E112: 25.02.26 | F112: OM Const | H112: 108 | I112: 1A/1 | J112: 1A/2 | K112: 41 | L112: 22.02.26 | M112: Bajrang Bali
A113: 109 | B113: 63/4 | C113: 63/5 | D113: 1 | E113: 25.02.26 | F113: OM Const | H113: 109 | I113: 1A/2 | J113: 1A/3 | K113: 40 | L113: 22.02.26 | M113: Bajrang Bali
A114: 110 | B114: 63/5 | C114: 63/6 | D114: 1 | E114: 25.02.26 | F114: OM Const | H114: 110 | I114: 1A/3 | J114: 1A/4 | K114: 40 | L114: 22.02.26 | M114: Bajrang Bali
A115: 111 | B115: 63/6 | C115: 64/0 | D115: 1 | E115: 25.02.26 | F115: OM Const | H115: 111 | I115: 1A/4 | J115: 1A/5 | K115: 41 | L115: 23.02.26 | M115: Bajrang Bali
A116: 112 | B116: 64/0 | C116: 64/1 | D116: 1 | E116: 25.02.26 | F116: OM Const | H116: 112 | I116: 1A/5 | J116: 1A/6 | K116: 41 | L116: 23.02.26 | M116: Bajrang Bali
A117: 113 | B117: 64/1 | C117: 64/2 | D117: 1 | E117: 25.02.26 | F117: OM Const | H117: 113 | I117: 1A/6 | J117: 1A/7 | K117: 41 | L117: 23.02.26 | M117: Bajrang Bali
A118: 114 | B118: 64/2 | C118: 64/3 | D118: 1 | E118: 25.02.26 | F118: OM Const | H118: 114 | I118: 1A/7 | J118: 2/0 | K118: 39 | L118: 23.02.26 | M118: Bajrang Bali
A119: 115 | B119: 64/3 | C119: 64/4 | D119: 1 | E119: 25.02.26 | F119: OM Const | H119: 115 | I119: 2/0 | J119: 2/1 | K119: 38 | L119: 23.02.26 | M119: Bajrang Bali
A120: 116 | B120: 64/4 | C120: 64/5 | D120: 1 | E120: 25.02.26 | F120: OM Const | H120: 116 | I120: 2/1 | J120: 2/2 | K120: 36 | L120: 23.02.26 | M120: Bajrang Bali
A121: 117 | B121: 64/5 | C121: 64/6 | D121: 1 | E121: 25.02.26 | F121: OM Const | H121: 117 | I121: 2/2 | J121: 2/3 | K121: 36 | L121: 23.02.26 | M121: Bajrang Bali
A122: 118 | B122: 64/6 | C122: 64/7 | D122: 1 | E122: 25.02.26 | F122: OM Const | H122: 118 | I122: 2/3 | J122: 2/4 | K122: 43 | L122: 24.02.26 | M122: Bajrang Bali
... A181: 177 | B181: 9/0 | C181: 10/0 | D181: 1 | E181: 12.03.26 | F181: OM Const | H181: 177 | I181: 28/7 | J181: 28/8 | K181: 32 | L181: 01.03.26 | M181: OM Const.
H182: 178 | I182: 28/8 | J182: 28/9 | K182: 44 | L182: 01.03.26 | M182: OM Const.
H183: 179 | I183: 32/2 | J183: 32/3 | K183: 40 | L183: 12.03.26 | M183: OM Const.
H184: 180 | I184: 32/3 | J184: 32/4 | K184: 42 | L184: 12.03.26 | M184: OM Const.
H185: 181 | I185: 32/4 | J185: 32/5 | K185: 40 | L185: 12.03.26 | M185: OM Const.
H186: 182 | I186: 32/5 | J186: 32/6 | K186: 42 | L186: 12.03.26 | M186: OM Const.
H187: 183 | I187: 32/6 | J187: 32/7 | K187: 39 | L187: 12.03.26 | M187: OM Const.
H188: 184 | I188: 30/0 | J188: 30/1 | K188: 25 | L188: 13.03.26 | M188: OM Const.
H189: 185 | I189: 30/1 | J189: 30/2 | K189: 33 | L189: 13.03.26 | M189: OM Const.
H190: 186 | I190: 30/2 | J190: 30/3 | K190: 36 | L190: 13.03.26 | M190: OM Const.
H191: 187 | I191: 30/3 | J191: 31/0 | K191: 36 | L191: 13.03.26 | M191: OM Const.
H192: 188 | I192: 31/0 | J192: 31/1 | K192: 30 | L192: 13.03.26 | M192: OM Const.
H193: 189 | I193: 31/1 | J193: 31/2 | K193: 38 | L193: 13.03.26 | M193: OM Const.
... H205: 201 | I205: 29/10 | J205: 30/0 | K205: 38 | L205: 14.03.26 | M205: OM Const.
B209: Total Complete | D209: =SUM(D5:D208) -> 177 | I209: Total Complete | K209: =SUM(K5:K208) -> 7665
D211: =177-D209 -> 0 | K211: =9840-K209 -> 2175

Sheet Avaition Light & Painting
A1: Name of Line:- 765 KV Fatehgarh-3 Beawer Transmission Line, Package G
A2: Name of Line:- 765 KV Fatehgarh-3 Beawer Transmission Line, Package G
A3: Aviation Lights & Painting of towers
A4: Sl No | B4: Twr No. | C4: Tower Type | D4: Painting height from Top of Tower in mtrs | E4: Complete Date | F4: Contractor | H4: Sl No | I4: Twr No. | J4: Tower Type | K4: Obstruction Light | L4: Obstruction Light | M4: Completion Date | N4: Contractor
K5: 1 medium intensity+ 2 low intensity | L5: 1 medium intensity+ 4 low intensity
A6: 1 | B6: 36/0 | C6: DD25+60 | D6: 50.9 | E6: 19.02.26 | F6: Om Const | H6: 1 | I6: 45/0 | J6: DD25+60 | L6: 1 | M6: 25.02.26 | N6: Om Const
A7: 2 | B7: 37/0 | C7: DD25+60 | D7: 50.9 | E7: 19.02.26 | F7: Om Const | H7: 2 | I7: 46/0 | J7: DD25+60 | L7: 1 | M7: 25.02.26 | N7: Om Const
A8: 3 | B8: 45/0 | C8: DD25+60 | D8: 50.9 | E8: 20.02.26 | F8: Om Const | H8: 3 | I8: 36/0 | J8: DD25+60 | K8: 1 | M8: 26.02.26 | N8: Om Const
A9: 4 | B9: 46/0 | C9: DD25+60 | D9: 50.9 | E9: 21.02.26 | F9: Om Const | H9: 4 | I9: 37/0 | J9: DD25+60 | K9: 1 | M9: 26.02.26 | N9: Om Const
A10: 5 | B10: 63/4 | C10: DA+0 | D10: 26.86 | E10: 25.02.26 | F10: Om Const | H10: 5 | I10: 57/3 | J10: DA+0 | K10: 1 | M10: 27.02.26 | N10: Om Const
A11: 6 | B11: 59/4 | C11: DA+0 | D11: 26.86 | E11: 26.02.26 | F11: Om Const | H11: 6 | I11: 57/4 | J11: DA+0 | K11: 1 | M11: 27.02.26 | N11: Om Const
A12: 7 | B12: 59/5 | C12: DA+0 | D12: 26.86 | E12: 26.02.26 | F12: Om Const | H12: 7 | I12: 57/5 | J12: DA+3 | K12: 1 | M12: 27.02.26 | N12: Om Const
A13: 8 | B13: 59/6 | C13: DA+0 | D13: 26.86 | E13: 27.02.26 | F13: Om Const | H13: 8 | I13: 57/6 | J13: DB+0 | K13: 1 | M13: 27.02.26 | N13: Om Const
A14: 9 | B14: 60/0 | C14: DC+3 | D14: 28.7 | E14: 27.02.26 | F14: Om Const | H14: 9 | I14: 57/0 | J14: DB+0 | K14: 1 | M14: 28.02.26 | N14: Om Const
A15: 10 | B15: 72/1 | C15: DA+0 | D15: 26.86 | E15: 27.02.26 | F15: Om Const | H15: 10 | I15: 57/1 | J15: DA+0 | K15: 1 | M15: 28.02.26 | N15: Om Const
A16: 11 | B16: 72/2 | C16: DA+0 | D16: 26.86 | E16: 27.02.26 | F16: Om Const | H16: 11 | I16: 57/2 | J16: DA+3 | K16: 1 | M16: 28.02.26 | N16: Om Const
A17: 12 | B17: 72/3 | C17: DA+0 | D17: 26.86 | E17: 27.02.26 | F17: Om Const | H17: 12 | I17: 56/8 | J17: DA+3 | K17: 1 | M17: 28.02.26 | N17: Om Const
A18: 13 | B18: 72/4 | C18: DA+0 | D18: 26.86 | E18: 27.02.26 | F18: Om Const | H18: 13 | I18: 56/9 | J18: DA+3 | K18: 1 | M18: 28.02.26 | N18: Om Const
A19: 14 | B19: 72/5 | C19: DA+0 | D19: 26.86 | E19: 27.02.26 | F19: Om Const | H19: 14 | I19: 57/9 | J19: DA+0 | K19: 1 | M19: 01.03.26 | N19: Om Const
... A60: 55 | B60: 10/0 | C60: DD+18 | D60: 43.9 | E60: 14.03.26 | F60: Om Const | H60: 55 | I60: 59/6 | J60: DA+0 | K60: 1 | M60: 05.03.26 | N60: Om Const
H61: 56 | I61: 60/0 | J61: DC+3 | K61: 1 | M61: 05.03.26 | N61: Om Const
H62: 57 | I62: 64/4 | J62: DA+3 | K62: 1 | M62: 06.03.26 | N62: Om Const
H63: 58 | I63: 64/5 | J63: DA+3 | K63: 1 | M63: 06.03.26 | N63: Om Const
H64: 59 | I64: 64/6 | J64: DA+3 | K64: 1 | M64: 06.03.26 | N64: Om Const | O64: 64/7,64/9
H65: 60 | I65: 64/8 | J65: DA+0 | K65: 1 | M65: 06.03.26 | N65: Om Const
H66: 61 | I66: 65/0 | J66: DB+3 | K66: 1 | M66: 06.03.26 | N66: Om Const
H67: 62 | I67: 65/1 | J67: DA+3 | K67: 1 | M67: 06.03.26 | N67: Om Const
H68: 63 | I68: 65/2 | J68: DA+0 | K68: 1 | M68: 06.03.26 | N68: Om Const
H69: 64 | I69: 65/3 | J69: DA+0 | K69: 1 | M69: 06.03.26 | N69: Om Const
H70: 65 | I70: 65/5 | J70: DA+0 | K70: 1 | M70: 06.03.26 | N70: Om Const | O70: 65/4
H71: 66 | I71: 65/6 | J71: DA+0 | K71: 1 | M71: 06.03.26 | N71: Om Const
H72: 67 | I72: 65/7 | J72: DA+0 | K72: 1 | M72: 06.03.26 | N72: Om Const
H73: 68 | I73: 56/5 | J73: DA+0 | K73: 1 | M73: 06.03.26 | N73: Om Const
H74: 69 | I74: 56/6 | J74: DA+3 | K74: 1 | M74: 06.03.26 | N74: Om Const
H75: 70 | I75: 56/7 | J75: DA+3 | K75: 1 | M75: 06.03.26 | N75: Om Const
H76: 71 | I76: 71/0 | J76: DD+0 | K76: 1 | M76: 07.03.26 | N76: Om Const
H77: 72 | I77: 71/1 | J77: DA+0 | K77: 1 | M77: 07.03.26 | N77: Om Const
H78: 73 | I78: 71/2 | J78: DA+0 | K78: 1 | M78: 07.03.26 | N78: Om Const
H79: 74 | I79: 71/3 | J79: DA+0 | K79: 1 | M79: 07.03.26 | N79: Om Const
H80: 75 | I80: 71/4 | J80: DA+0 | K80: 1 | M80: 07.03.26 | N80: Om Const
H81: 76 | I81: 71/5 | J81: DA+0 | K81: 1 | M81: 07.03.26 | N81: Om Const
H82: 77 | I82: 66/1 | J82: DA+3 | K82: 1 | M82: 07.03.26 | N82: Om Const
... H86: 81 | I86: 67/0 | J86: DD+0 | K86: 1 | M86: 07.03.26 | N86: Om Const
H87: 82 | I87: 67/1 | J87: DB+9 | K87: 1 | M87: 07.03.26 | N87: Om Const | O87: 68/0
H88: 83 | I88: 68/1 | J88: DA+3 | K88: 1 | M88: 07.03.26 | N88: Om Const
H89: 84 | I89: 68/2 | J89: DA+0 | K89: 1 | M89: 07.03.26 | N89: Om Const
H90: 85 | I90: 68/3 | J90: DA+3 | K90: 1 | M90: 07.03.26 | N90: Om Const
H91: 86 | I91: 68/4 | J91: DA+3 | K91: 1 | M91: 07.03.26 | N91: Om Const
H92: 87 | I92: 72/0 | J92: DB+0 | K92: 1 | M92: 08.03.26 | N92: Om Const
H93: 88 | I93: 72/1 | J93: DA+0 | K93: 1 | M93: 08.03.26 | N93: Om Const
H94: 89 | I94: 72/2 | J94: DA+0 | K94: 1 | M94: 08.03.26 | N94: Om Const
H95: 90 | I95: 72/3 | J95: DA+0 | K95: 1 | M95: 08.03.26 | N95: Om Const
H96: 91 | I96: 72/4 | J96: DA+0 | K96: 1 | M96: 08.03.26 | N96: Om Const
H97: 92 | I97: 72/5 | J97: DA+0 | K97: 1 | M97: 09.03.26 | N97: Om Const
H98: 93 | I98: 72/6 | J98: DA+0 | K98: 1 | M98: 09.03.26 | N98: Om Const
H99: 94 | I99: 72/7 | J99: DB+9 | K99: 1 | M99: 09.03.26 | N99: Om Const
... H120: 115 | I120: 9/0 | J120: DD+18 | K120: 1 | M120: 12.03.26 | N120: Om Const
B126: Total Complete | D126: =COUNTA(D6:D125) -> 55 | I126: Total Complete | K126: =SUM(K6:K125) -> 113 | L126: =COUNTA(L6:L125) -> 2
D128: =79-D126 -> 24 | K128: =119-K126-L126 -> 4

Sheet Visual Chart PKG-G
A1: PKG-G, Section-II
A2: Executing Agency | C2: International Limited
A3: Project | C3: Fatehgarh-3-Beawar 765kV D/C (2nd) Transmission Line Section 1 & 2 (Hexa AL59 Zebra Conductor)
A4: LEGEND: | R4: Summary | Z4: =TODAY() -> 46095
N5: Tree Felling Done. Front Clear For Stringing | R5: SR. NO. | T5: ACTIVITY | W5: UNIT | X5: As per Tower Schedule | Z5: TOTAL COMPLETED | AB5: BALANCE | AE5: Earthng | AF5: Foundation | AI5: Erection
E6: Stringing WIP | H6: STRINGING COMPLETED
G7: Loc No | H7: P: Prvate Loc
M9: EREC. U/P | AF9: Total | AG9: Fdn Complete | AH9: Balance | AI9: Total | AJ9: Complete | AK9: Balance
D10: EREC. COMP. | H10: SPAN | J10: SPAN | R10: 1 | T10: Foundation | W10: Nos. | X10: =AF367 -> 521 | Z10: =AG367 -> 521 | AB10: =X10-Z10 -> 0
D11: FDN. COMP.
C12: Tack Welding | R12: 2 | T12: Earthing | W12: Nos. | X12: 521 | Z12: =AE367 -> 521 | AB12: =X12-Z12 -> 0
D13: LE | E13: Leg Extension(A,B,C,D) | H13: Earthing Comp. | J13: PIT EXCAV. COMP. | M13: FTR done | R13: 3 | T13: Erection | W13: Nos. | X13: 521 | Z13: =AJ367 -> 521 | AB13: =X13-Z13 -> 0
D14: RC | E14: Raise Chimney (A,B,C,D)
H15: FTR WIP | R15: 4 | T15: Tackwelding | W15: Nos. | X15: 521 | Z15: =COUNTA('Tack Welding - PKG-G'!H7:H616) -> 509 | AB15: =X15-Z15 -> 12
R16: 5 | T16: Stringing (PayingOut) | W16: Km. | X16: 202.13 | Z16: =SUM('Stringing - PKG-G'!D6:D96) -> 197.59169 | AB16: =X16-Z16 -> 4.53831
R17: 6 | T17: Stringing (Final Sag) | W17: Km. | X17: =X16 -> 202.13 | Z17: =SUM('Stringing - PKG-G'!D6:D95) -> 194.41969 | AB17: =X17-Z17 -> 7.71031
C19: NH/SH Xing | E19: RAILWAY | G19: Powerline Xing | I19: 11/33 KV X-ING | L19: RIVER X-ING | O19: METAL ROADS | R19: 7 | T19: OPGW | W19: Km. | X19: =X17 -> 202.13 | Z19: ='OPGW PKG-G'!D64 -> 197.58765 | AB19: =X19-Z19 -> 4.542347
V21: 28.7.25 | X21: 14.7.25 | Z21: 45725 | AB21: 0 | AJ21: =COUNTA(A21:AC21) -> 4
T22: Gty | V22: 1/0 | X22: 1A/0 | Z22: 1A/1 | AB22: 1A/2
S24: F3BTL | T24: Start
T25: WELD | U25: 122.933 | V25: 26.2.25 | W25: 100.001 | X25: 24.1.25 | Y25: 276.803 | Z25: 14.2.25 | AA25: 424.392 | AB25: 16.2.25 | AD25: =SUM(A25:AC25)/1000 -> 0.924129 | AE25: =COUNTA(A27:AB27) -> 4 | AF25: =COUNTA(B28:AC28) -> 4 | AG25: =COUNTA(C26:AD26) -> 4
V26: DRY | X26: DFR | Z26: DRY | AB26: DRY
V27: Done | X27: Done | Z27: Done | AB27: Done
V28: DE+0 | X28: DD60+0 | Z28: DA+0 | AB28: DA+6
V29: 0,0,0,0 | Z29: 0,0,2,1
B30: 15.6.25 | D30: 5.6.25 | F30: 27.05.25 | H30: 20.6.25 | J30: 7.7.25 | L30: 27.08.25 | N30: 31.08.25 | P30: 8.9.25 | R30: 24.08.25 | T30: 30.08.25 | V30: 31.7.25 | X30: 29.08.25 | Z30: 22.08.25 | AB30: 10.7.25 | AJ30: =COUNTA(A30:AC30) -> 14
B31: 1A/3 | D31: 1A/4 | F31: 1A/5 | H31: 1A/6 | J31: 1A/7 | L31: 2/0 | N31: 2/1 | P31: 2/2 | R31: 2/3 | T31: 2/4 | V31: 2/5 | X31: 2/6 | Z31: 2/7 | AB31: 2/8
A34: 413.011 | B34: 30.1.25 | C34: 414.527 | D34: 23.2.25 | E34: 421.193 | F34: 12.2.25 | G34: 418.77 | H34: 27.2.25 | I34: 418.233 | J34: 08.5.25 | K34: 400.185 | L34: 5.2.25 | M34: 385.552 | N34: 1.1.25 | O34: 367.841 | P34: 19.12.24 | Q34: 369.636 | R34: 10.12.25 | S34: 436.76 | T34: 20.11.24 | U34: 378.497 | V34: 8.12.24 | W34: 363.579 | X34: 2.1.24 | Y34: 298.788 | Z34: 31.3.24 | AA34: 436.305 | AB34: 03.6.25 | AD34: =SUM(A34:AC34)/1000 -> 5.522877
B35: Sandy | D35: DRY | F35: Sandy | H35: Sandy | J35: Sandy | L35: DRY | N35: Sandy | P35: Sandy | R35: Sandy | T35: Sandy | V35: Sandy | X35: Sandy | Z35: Sandy | AB35: Sandy | AG35: =COUNTA(A35:AC35) -> 14
B36: Done | D36: Done | F36: Done | H36: Done | J36: Done | L36: Done | N36: Done | P36: Done | R36: Done | T36: Done | V36: Done | X36: Done | Z36: Done | AB36: Done | AE36: =COUNTA(A36:AB36) -> 14
A37: RC | B37: DA+0 | D37: DA+3 | F37: DA+6 | H37: DA+0 | J37: DA+3 | L37: DC1+0 | N37: DA+0 | P37: DA+0 | R37: DA+0 | T37: DA+3 | V37: DA+3 | X37: DA+6 | Z37: DA+6 | AB37: DA+0 | AF37: =COUNTA(B37:AC37) -> 14
B38: 0,0,1,0 | D38: 1,0,0,0 | F38: 0,1,0,0 | L38: 1,1,0,2 | P38: 0,0,1,1 | R38: 1,1,0,0 | V38: 0,1,1,0 | X38: 0,2,0,0 | Z38: 0,0,1,0
B39: 3.7.25 | D39: 22.11.25 | F39: 12.8.25 | H39: 16.8.25 | J39: 21.10.25 | L39: 28.08.25 | N39: 19.08.25 | P39: 28.10.25 | R39: 13.9.25 | T39: 23.9.25 | V39: 5.9.25 | X39: 21.10.25 | Z39: 13.10.25 | AB39: 28.10.25 | AJ39: =COUNTA(A39:AC39) -> 14
B40: 2/9 | D40: 3/0 | F40: 4/0 | H40: 4/1 | J40: 4/2 | L40: 4/3 | N40: 4/4 | P40: 5/0 | R40: 6/0 | T40: 6/1 | V40: 6/2 | X40: 7/0 | Z40: 8/0 | AB40: 8/1
A43: 371.552 | B43: 12.3.25 | C43: 409.585 | D43: 25.5.25 | E43: 226.687 | F43: 12.4.25 | G43: 348.463 | H43: 28.4.25 | I43: 359.096 | J43: 27.09.25 | K43: 373.733 | L43: 21.5.25 | M43: 355.774 | N43: 27.6.25 | O43: 429.586 | P43: 12.6.25 | Q43: 237.146 | R43: 31.7.25 | S43: 438.821 | T43: 10.12.14 | U43: 398.456 | V43: 13.3.24 | W43: 337.532 | X43: 21.09.25 | Y43: 261.049 | Z43: 23.7.25 | AA43: 397.286 | AB43: 25.4.24 | AD43: =SUM(A43:AC43)/1000 -> 4.944766
B44: DRY | D44: DRY | F44: DRY | H44: DRY | J44: DRY | L44: DRY | N44: DRY | P44: DRY | R44: DRY | T44: DFR | V44: DFR | X44: DRY | Z44: DRY | AB44: DRY | AG44: =COUNTA(A44:AC44) -> 14
B45: Done | D45: Done | F45: Done | H45: Done | J45: Done | L45: Done | N45: Done | P45: Done | R45: Done | T45: Done | V45: Done | X45: Done | Z45: Done | AB45: Done | AE45: =COUNTA(A45:AB45) -> 14
B46: DA+0 | D46: DD60+3 | F46: DD60+6 | H46: DA+0 | J46: DA+0 | L46: DA+0 | N46: DA+0 | P46: DB1+9 | R46: DB2+9 | T46: DA+0 | V46: DA+3 | X46: DB1+0 | Z46: DB1+0 | AB46: DA+3 | AF46: =COUNTA(A46:AC46) -> 14
A47: RC | P47: 2,2,2,2 | R47: 2,2,2,2 | T47: 1,0,0,0
B48: 10.9.25 | D48: 12.11.25 | F48: 28.08.25 | H48: 11.9.25 | J48: 45663 | L48: 13.02.26 | N48: 17.02.26 | P48: 27.5.25 | R48: 6.7.25 | T48: 15.7.25 | V48: 5.8.25 | X48: 25.10.25 | Z48: 30.7.25 | AB48: 03.10.25 | AJ48: =COUNTA(A48:AC48) -> 14
B49: 8/2 | D49: 8/3 | F49: 8/4 | H49: 8/5 | J49: 8/6 | L49: 8/7 | N49: 8/8 | P49: 8/9 | R49: 8/10 | T49: 8/11 | V49: 8/12 | X49: 9/0 | Z49: 10/0 | AB49: 10/1
A52: 422.812 | B52: 5.7.25 | C52: 407.941 | D52: 13.10.25 | E52: 425.955 | F52: 31.7.25 | G52: 413.13 | H52: 28.7.25 | I52: 391.786 | J52: 12.4.24 | K52: 411.744 | L52: 5.5.24 | M52: 428.276 | N52: 6.4.24 | O52: 373.975 | P52: 4.1.25 | Q52: 405.011 | R52: 12.3.24 | S52: 427.02 | T52: 14.3.24 | U52: 366.257 | V52: 17.7.25 | W52: 440.154 | X52: 17.7.25 | Y52: 233.899 | Z52: 10.6.25 | AA52: 418.696 | AB52: 31.7.25 | AD52: =SUM(A52:AC52)/1000 -> 5.566656
B53: DRY | D53: DRY | F53: DRY | H53: DRY | J53: DRY | L53: DRY | N53: DFR | P53: DFR | R53: DFR | T53: DFR | V53: DRY | X53: DRY | Z53: DRY | AB53: DRY | AG53: =COUNTA(A53:AC53) -> 14
B54: Done | D54: Done | F54: Done | H54: Done | J54: Done | L54: Done | N54: Done | P54: Done | R54: Done | T54: Done | V54: Done | X54: Done | Z54: Done | AB54: Done | AE54: =COUNTA(A54:AB54) -> 14
B55: DA+3 | D55: DA+3 | F55: DA+0 | H55: DA+3 | J55: DA+3 | L55: DB1+0 | N55: DA+6 | P55: DA+3 | R55: DA+3 | T55: DA+3 | V55: DA+0 | X55: DD60+18 | Z55: DD60+18 | AB55: DA+3 | AF55: =COUNTA(A55:AC55) -> 14
A56: RC | D56: 0,0,0,1 | F56: 1,1,1,2
B57: 15.02.26 | D57: 45546 | F57: 45551 | H57: 45555 | J57: 45560 | L57: 45569 | N57: 45597 | P57: 45576 | R57: 11.17.24 | T57: 29.11.24 | V57: 10.11.24 | X57: 21.11.24 | Z57: 45561 | AB57: 11.10.25 | AJ57: =COUNTA(A57:AC57) -> 14
B58: 10/2 | D58: 10/3 | F58: 10/4 | H58: 10/5 | J58: 10/6 | L58: 10/7 | N58: 10/8 | P58: 10/9 | R58: 10/10 | T58: 10/11 | V58: 10/12 | X58: 10/13 | Z58: 10/14 | AB58: 10/15
A61: 418.839 | B61: 7.2.2026 | C61: 419.918 | D61: 5.5.2024 | E61: 418.259 | F61: 7.31.2024 | G61: 419.165 | H61: 5.10.2024 | I61: 419.958 | J61: 4.24.2024 | K61: 419.411 | L61: 3.30.2024 | M61: 419.735 | N61: 8.26.2024 | O61: 406.152 | P61: 5.2.2024 | Q61: 427.15 | R61: 4.14.2024 | S61: 407.717 | T61: 8.31.2024 | U61: 400.025 | V61: 3.6.2024 | W61: 420.511 | X61: 4.28.2024 | Y61: 416.601 | Z61: 4.10.2024 | AA61: 414.659 | AB61: 14.09.25 | AD61: =SUM(A61:AC61)/1000 -> 5.8281
B62: DFR | D62: DFR | F62: DFR | H62: DFR | J62: DFR | L62: DRY | N62: DRY | P62: DRY | R62: DRY | T62: DRY | V62: DRY | X62: DRY | Z62: DRY | AB62: DRY | AG62: =COUNTA(A62:AC62) -> 14
B63: Done | D63: Done | F63: Done | H63: Done | J63: Done | L63: Done | N63: Done | P63: Done | R63: Done | T63: Done | V63: Done | X63: Done | Z63: Done | AB63: Done | AE63: =COUNTA(A63:AB63) -> 14
B64: DA+0 | D64: DA+3 | F64: DA+3 | H64: DA+3 | J64: DA+3 | L64: DA+6 | N64: DA+0 | P64: DA+3 | R64: DA+3 | T64: DA+0 | V64: DB1+3 | X64: DA+3 | Z64: DA+3 | AB64: DA+3 | AF64: =COUNTA(A64:AC64) -> 14
B66: 29.09.25 | D66: 20.9.25 | F66: 45584 | H66: 45554 | J66: 45650 | L66: 45569 | N66: 02.12.25 | P66: 24.11.25 | R66: 26.11.25 | T66: 5.12.25 | V66: 17.11.25 | X66: 18.10.25 | Z66: 24.7.25 | AB66: 10.6.24 | AJ66: =COUNTA(A66:AC66) -> 14
B67: 10/16 | D67: 10/17 | F67: 10/18 | H67: 10/19 | J67: 10/20 | L67: 10/21 | N67: 10/22 | P67: 10/23 | R67: 11/0 | T67: 11/1 | V67: 11/2 | X67: 11/3 | Z67: 11/4 | AB67: 11/5
A70: 399.433 | B70: 02.09.25 | C70: 371.529 | D70: 7.16.2024 | E70: 398.234 | F70: 7.16.2024 | G70: 307.655 | H70: 6.20.2024 | I70: 479.821 | J70: 6.29.2024 | K70: 413.628 | L70: 7.4.2024 | M70: 399.619 | N70: 9.22.2024 | O70: 378.191 | P70: 04.10.25 | Q70: 461.606 | R70: 5.9.25 | S70: 434.185 | T70: 18.8.25 | U70: 387.892 | V70: 27.6.25 | W70: 446.374 | X70: 10.6.25 | Y70: 393.392 | Z70: 7.26.2024 | AA70: 440.993 | AB70: 8.11.2024 | AD70: =SUM(A70:AC70)/1000 -> 5.712552
B71: DRY | D71: DRY | F71: DFR | H71: DRY | J71: DFR | L71: DFR | N71: Sandy | P71: Sandy | R71: Sandy | T71: Sandy | V71: Sandy | X71: Sandy | Z71: DFR | AB71: DRY | AG71: =COUNTA(A71:AC71) -> 14
B72: Done | D72: Done | F72: Done | H72: Done | J72: Done | L72: Done | N72: Done | P72: Done | R72: Done | T72: Done | V72: Done | X72: Done | Z72: Done | AB72: Done | AE72: =COUNTA(A72:AB72) -> 14
B73: DA+3 | D73: DA+3 | F73: DA+0 | H73: DA+9 | J73: DB1+6 | L73: DA+0 | N73: DA+0 | P73: DA+9 | R73: DB1+0 | T73: DA+6 | V73: DA+9 | X73: DA+9 | Z73: DA+6 | AB73: DA+3 | AF73: =COUNTA(A73:AC73) -> 14
N74: 1,4,0,0 | P74: 2,6,1,1 | R74: 2,4,0,3 | T74: 0,2,0,0 | V74: 0,0,2,0 | AB74: 1,1,0,1
B75: 45606 | D75: 45580 | F75: 45582 | H75: 45593 | J75: 04.12.25 | L75: 45650 | N75: 45648 | P75: 45656 | R75: 45613 | T75: 45619 | V75: 6.7.25 | X75: 45650 | Z75: 45621 | AB75: 10.12.25 | AJ75: =COUNTA(A75:AC75) -> 14
B76: 11/6 | D76: 11/7 | F76: 11/8 | H76: 11/9 | J76: 11/10 | L76: 11/11 | N76: 11/12 | P76: 11/13 | R76: 11/14 | T76: 11/15 | V76: 12/0 | X76: 13/0 | Z76: 13/1 | AB76: 13/2
A79: 398.805 | B79: 9.20.2024 | C79: 431.127 | D79: 8.11.2024 | E79: 404.624 | F79: 8.31.2024 | G79: 401.472 | H79: 9.6.2024 | I79: 373.463 | J79: 8.4.2024 | K79: 420.378 | L79: 7.27.2024 | M79: 405.125 | N79: 8.31.2024 | O79: 334.987 | P79: 10.7.2024 | Q79: 401.645 | R79: 7.3.2024 | S79: 349.723 | T79: 8.28.2024 | U79: 367.902 | V79: 24.11.24 | W79: 216.75 | X79: 15.10.24 | Y79: 398.236 | Z79: 9.21.2024 | AA79: 377.076 | AB79: 9.15.2024 | AD79: =SUM(A79:AC79)/1000 -> 5.281313
B80: DRY | D80: DRY | F80: DRY | H80: DRY | J80: DRY | L80: Sandy | N80: Sandy | P80: Sandy | R80: DRY | T80: DRY | V80: DRY | X80: DRY | Z80: DRY | AB80: Sandy | AG80: =COUNTA(A80:AC80) -> 14
B81: Done | D81: Done | F81: Done | H81: Done | J81: Done | L81: Done | N81: Done | P81: Done | R81: Done | T81: Done | V81: Done | X81: Done | Z81: Done | AB81: Done | AE81: =COUNTA(A81:AB81) -> 14
B82: DA+3 | D82: DA+3 | F82: DA+0 | H82: DA+3 | J82: DB1+0 | L82: DA+0 | N82: DA+0 | P82: DA+0 | R82: DA+0 | T82: DA+0 | V82: DD60+0 | X82: DD60+0 | Z82: DA+3 | AB82: DA+3 | AF82: =COUNTA(A82:AC82) -> 14
L83: 0,1,0,0 | N83: 2,3,1,4 | P83: 0,2,4,1
B84: 15.12.25 | D84: 5.12.25 | F84: 24.7.25 | H84: 17.7.25 | J84: 45600 | L84: 10.9.25 | N84: 45543 | P84: 45555 | R84: 29.11.25 | T84: 45581 | V84: 45598 | X84: 45556 | Z84: 45540 | AB84: 45562 | AJ84: =COUNTA(A84:AC84) -> 14
B85: 13/3 | D85: 13/4 | F85: 14/0 | H85: 14/1 | J85: 14/2 | L85: 14/3 | N85: 14/4 | P85: 14/5 | R85: 14/6 | T85: 15/0 | V85: 15/1 | X85: 15/2 | Z85: 15/3 | AB85: 15/4
A88: 424.121 | B88: 11.5.2024 | C88: 378.671 | D88: 5.24.2024 | E88: 350.406 | F88: 9.11.2024 | G88: 399.236 | H88: 5.28.2024 | I88: 392.209 | J88: 6.1.2024 | K88: 384.269 | L88: 6.4.2024 | M88: 374.119 | N88: 6.13.2024 | O88: 374.485 | P88: 6.22.2024 | Q88: 390.158 | R88: 25.11.24 | S88: 309.712 | T88: 6.24.2024 | U88: 461.976 | V88: 6.30.2024 | W88: 344.29 | X88: 8.12.2024 | Y88: 427.216 | Z88: 7.30.2024 | AA88: 410.785 | AB88: 8.28.2024 | AD88: =SUM(A88:AC88)/1000 -> 5.421653
B89: sandy | D89: DRY | F89: Sandy | H89: DRY | J89: DRY | L89: DRY | N89: DRY | P89: DRY | R89: DRY | T89: DRY | V89: DRY | X89: DRY | Z89: DRY | AB89: DRY | AG89: =COUNTA(A89:AC89) -> 14
B90: Done | D90: Done | F90: Done | H90: Done | J90: Done | L90: Done | N90: Done | P90: Done | R90: Done | T90: Done | V90: Done | X90: Done | Z90: Done | AB90: Done | AE90: =COUNTA(A90:AB90) -> 14
B91: DA+0 | D91: DA+0 | F91: DC2+0 | H91: DA+3 | J91: DA+3 | L91: DA+0 | N91: DA+0 | P91: DA+0 | R91: DA+0 | T91: DC2+0 | V91: DA+6 | X91: DA+9 | Z91: DA+3 | AB91: DA+0 | AF91: =COUNTA(A91:AC91) -> 14
X92: 0,0,0,1 | AB92: 1,0,0,1
B93: 11.7.25 | D93: 45605 | F93: 4.7.25 | H93: 19.07.25 | J93: 45599 | L93: 21.11.24 | N93: 18.9.25 | P93: 45541 | R93: 45547 | T93: 45551 | V93: 45568 | X93: 9.8.25 | Z93: 45583 | AB93: 25.11.25 | AJ93: =COUNTA(A93:AC93) -> 14
B94: 15/5 | D94: 15/6 | F94: 15/7 | H94: 15/8 | J94: 15/9 | L94: 16/0 | N94: 16/1 | P94: 16/2 | R94: 16/3 | T94: 16/4 | V94: 16/5 | X94: 16/6 | Z94: 17/0 | AB94: 17/1
A97: 403.558 | B97: 30.5.2025 | C97: 423.982 | D97: 9.30.2024 | E97: 416.641 | F97: 12.7.2024 | G97: 423.501 | H97: 5.27.2024 | I97: 416.615 | J97: 6.10.2024 | K97: 412.709 | L97: 8.24.2024 | M97: 394.321 | N97: 7.21.2024 | O97: 426.527 | P97: 7.8.2024 | Q97: 408.116 | R97: 6.13.2024 | S97: 393.32 | T97: 6.15.2024 | U97: 413.356 | V97: 6.25.2024 | W97: 409.517 | X97: 6.30.2024 | Y97: 372.985 | Z97: 7.30.2024 | AA97: 405.05 | AB97: 9.30.2024 | AD97: =SUM(A97:AC97)/1000 -> 5.720198
B98: DRY | D98: DRY | F98: DRY | H98: DRY | J98: DRY | L98: DRY | N98: DRY | P98: DRY | R98: DRY | T98: DRY | V98: DRY | X98: DRY | Z98: DRY | AB98: DRY | AG98: =COUNTA(A98:AC98) -> 14
B99: Done | D99: Done | F99: Done | H99: Done | J99: Done | L99: Done | N99: Done | P99: Done | R99: Done | T99: Done | V99: Done | X99: Done | Z99: Done | AB99: Done | AE99: =COUNTA(A99:AB99) -> 14
B100: DA+3 | D100: DA+0 | F100: DA+6 | H100: DA+0 | J100: DA+9 | L100: DB2+0 | N100: DA+3 | P100: DA+3 | R100: DA+0 | T100: DA+3 | V100: DA+3 | X100: DA+0 | Z100: DC1+0 | AB100: DA+3 | AF100: =COUNTA(A100:AC100) -> 14
D101: 0,0,0,1
B102: 16.11.25 | D102: 18.10.25 | F102: 30.7.25 | H102: 13.08.25 | J102: 22.08.25 | L102: 28.7.25 | N102: 31.7.25 | P102: 20.01.26 | R102: 10.10.25 | T102: 21.02.26 | V102: 21.11.25 | X102: 23.10.25 | Z102: 19.08.25 | AB102: 25.08.25 | AJ102: =COUNTA(A102:AC102) -> 14
B103: 17/2 | D103: 17/3 | F103: 17/4 | H103: 17/5 | J103: 18/0 | L103: 18/1 | N103: 18/2 | P103: 18/3 | R103: 18/4 | T103: 18/5 | V103: 18/6 | X103: 18/7 | Z103: 18/8 | AB103: 18/9
A106: 431.24 | B106: 16.10.25 | C106: 409.335 | D106: 10.8.2024 | E106: 421.423 | F106: 30.5.25 | G106: 419.17 | H106: 02.6.25 | I106: 421.282 | J106: 14.7.25 | K106: 406.063 | L106: 7.7.25 | M106: 417.634 | N106: 17.7.25 | O106: 419.948 | P106: 20.7.25 | Q106: 399.204 | R106: 24.8.25 | S106: 404.168 | T106: 30.8.25 | U106: 418.913 | V106: 27.8.25 | W106: 418.471 | X106: 21.9.25 | Y106: 421.342 | Z106: 25.7.25 | AA106: 413.923 | AB106: 25.7.25 | AD106: =SUM(A106:AC106)/1000 -> 5.822116
B107: DRY | D107: DRY | F107: DFR | H107: DRY | J107: DRY | L107: DRY | N107: DRY | P107: DRY | R107: Sandy | T107: DRY | V107: DRY | X107: DRY | Z107: DRY | AB107: DRY | AG107: =COUNTA(A107:AC107) -> 14
B108: Done | D108: Done | F108: Done | H108: Done | J108: Done | L108: Done | N108: Done | P108: Done | R108: Done | T108: Done | V108: Done | X108: Done | Z108: Done | AB108: Done | AE108: =COUNTA(A108:AB108) -> 14
B109: DA+3 | D109: DA+3 | F109: DA+3 | H109: DA+3 | J109: DB2+0 | L109: DA+0 | N109: DA+3 | P109: DA+3 | R109: DA+3 | T109: DA+3 | V109: DA+3 | X109: DA+6 | Z109: DA+3 | AB109: DA+0 | AF109: =COUNTA(A109:AC109) -> 14
B111: 5.11.25 | D111: 30.08.25 | F111: 7.12.25 | H111: 4.10.25 | J111: 16.11.25 | L111: 7.12.25 | N111: 30.11.25 | P111: 13.12.25 | R111: 28.11.24 | T111: 10.11.25 | V111: 28.10.25 | X111: 31.10.25 | Z111: 19.11.25 | AB111: 27.12.25 | AJ111: =COUNTA(A111:AC111) -> 14
B112: 18/10 | D112: 19/0 | F112: 19/1 | H112: 19/2 | J112: 19/3 | L112: 19/4 | N112: 19/5 | P112: 19/6 | R112: 19/7 | T112: 19/8 | V112: 19/9 | X112: 19/10 | Z112: 19/11 | AB112: 19/12
Y113: v
A115: 418.649 | B115: 02.9.25 | C115: 404.993 | D115: 02.8.25 | E115: 420.001 | F115: 15.9.25 | G115: 420 | H115: 11.10.24 | I115: 420 | J115: 9.25.2024 | K115: 419.999 | L115: 9.19.2024 | M115: 401.894 | N115: 9.8.2024 | O115: 426.061 | P115: 9.12.2024 | Q115: 350.46 | R115: 9.28.2024 | S115: 479.627 | T115: 07.10.25 | U115: 409.428 | V115: 20.10.24 | W115: 430.387 | X115: 10.10.25 | Y115: 388.63 | Z115: 15.10.25 | AA115: 450.026 | AB115: 13.12.25 | AD115: =SUM(A115:AC115)/1000 -> 5.840155
B116: DRY | D116: DRY | F116: DRY | H116: DRY | J116: DRY | L116: DRY | N116: DRY | P116: DRY | R116: DRY | T116: DRY | V116: Sandy | X116: Sandy | Z116: Sandy | AB116: Sandy | AG116: =COUNTA(A116:AC116) -> 14
B117: Done | D117: Done | F117: Done | H117: Done | J117: Done | L117: Done | N117: Done | P117: Done | R117: Done | T117: Done | V117: Done | X117: Done | Z117: Done | AB117: Done | AE117: =COUNTA(A117:AB117) -> 14
B118: DA+3 | D118: DC1+0 | F118: DA+6 | H118: DA+3 | J118: DA+6 | L118: DA+0 | N118: DA+3 | P118: DA+3 | R118: DA+9 | T118: DB1+6 | V118: DA+3 | X118: DA+9 | Z118: DA+9 | AB118: DB1+3 | AF118: =COUNTA(A118:AC118) -> 14
V119: 0,0,0,1 | X119: 0,2,2,0 | Z119: 3,3,4,5
B120: 22.12.25 | D120: 45576 | F120: 25.08.25 | H120: 25.08.25 | J120: 12.12.25 | L120: 4.7.25 | N120: 11.7.25 | P120: 20.7.25 | R120: 27.7.25 | T120: 11.7.25 | V120: 16.7.25 | X120: 21.7.25 | Z120: 30.11.25 | AB120: 28.12.25 | AJ120: =COUNTA(A120:AC120) -> 14
B121: 19/13 | D121: 19/14 | F121: 20/0 | H121: 21/0 | J121: 21/1 | L121: 21/2 | N121: 21/3 | P121: 21/4 | R121: 21/5 | T121: 21/6 | V121: 21/7 | X121: 21/8 | Z121: 21/9 | AB121: 21/10
A124: 458.749 | B124: 8.9.2024 | C124: 315.064 | D124: 8.14.2024 | E124: 426.284 | F124: 13.7.25 | G124: 272.619 | H124: 8.7.25 | I124: 423 | J124: 8.25.2024 | K124: 417 | L124: 8.21.2024 | M124: 405.941 | N124: 8.28.2024 | O124: 434.059 | P124: 9.1.2024 | Q124: 401.287 | R124: 9.10.2024 | S124: 402.125 | T124: 9.16.2024 | U124: 389.76 | V124: 9.23.2024 | W124: 395.819 | X124: 12.29.2023 | Y124: 399.538 | Z124: 12.31.2023 | AA124: 433.987 | AB124: 1.25.2024 | AD124: =SUM(A124:AC124)/1000 -> 5.575232
B125: Sandy | D125: DRY | F125: DRY | H125: DRY | J125: DRY | L125: DRY | N125: DRY | P125: DRY | R125: Sandy | T125: DRY | V125: DRY | X125: DFR | Z125: DRY | AB125: Sandy | AG125: =COUNTA(A125:AC125) -> 14
B126: Done | D126: Done | F126: Done | H126: Done | J126: Done | L126: Done | N126: Done | P126: Done | R126: Done | T126: Done | V126: Done | X126: Done | Z126: Done | AB126: Done | AE126: =COUNTA(A126:AB126) -> 14
B127: DA+0 | D127: DA+9 | F127: DD45+3 | H127: DD45+3 | J127: DA+3 | L127: DA+3 | N127: DA+0 | P127: DA+9 | R127: DA+3 | T127: DA+0 | V127: DB1+0 | X127: DA+0 | Z127: DA+6 | AB127: DA+9 | AF127: =COUNTA(A127:AC127) -> 14
...

Sheet Hindrance
A1: HINDRANCE REGISTER
A2: 1 | B2: Name of the Substation/TL/Project | C2: 765 KV Fatehgarh-3 Beawer Transmission Line Part-G | G2: Name of Work | I2: Transmission & Power Distribution
A3: 3 | B3: Name of the Executing Agency | C3: KEC International Limited | G3: LOA No. & Date | I3: LOI/EPC/FBTL/KEC/01 Dated 25.04.2023
A5: Sr. No. | B5: Activity | C5: Total | D5: Open | E5: Close
A6: 1 | B6: Survey | C6: =+COUNTIF($D$125:$D$951,B6) -> 18 | D6: =+COUNTIFS($D$125:$D$951,B6,$J$125:$J$951,"ROW") -> 0 | E6: =+COUNTIFS($D$125:$D$951,B6,$J$125:$J$951,"Clear") -> 18
A7: 2 | B7: Foundation | C7: =+COUNTIF($D$125:$D$951,B7) -> 207 | D7: =+COUNTIFS($D$125:$D$951,B7,$J$125:$J$951,"ROW") -> 32 | E7: =+COUNTIFS($D$125:$D$951,B7,$J$125:$J$951,"Clear") -> 175
A8: 3 | B8: Erection | C8: =+COUNTIF($D$125:$D$951,B8) -> 72 | D8: =+COUNTIFS($D$125:$D$951,B8,$J$125:$J$951,"ROW") -> 40 | E8: =+COUNTIFS($D$125:$D$951,B8,$J$125:$J$951,"Clear") -> 32
A9: 4 | B9: Stringing | C9: =+COUNTIF($D$125:$D$951,B9) -> 0 | D9: =+COUNTIFS($D$125:$D$951,B9,$J$125:$J$951,"ROW") -> 0 | E9: =+COUNTIFS($D$125:$D$951,B9,$J$125:$J$951,"Clear") -> 0
A10: 5 | B10: Others | C10: =+COUNTIF($D$125:$D$951,B10) -> 2 | D10: =+COUNTIFS($D$125:$D$951,B10,$J$125:$J$951,"ROW") -> 0 | E10: =+COUNTIFS($D$125:$D$951,B10,$J$125:$J$951,"Clear") -> 2
A11: Total | C11: =SUM(C6:C10) -> 299 | D11: =+SUM(D6:D10) -> 72 | E11: =+SUM(E6:E10) -> 227
A13: S.No | B13: Nature of Hindrance | C13: Loc/Sec. | D13: Affected Activity | E13: Affected Gang Name | F13: Date of occurrence | G13: Date of removal | H13: Period of hindrance | I13: Remarks
A14: 1 | B14: 2 | C14: 3 | D14: 4 | E14: 5 | F14: 6 | G14: 7 | H14: 8 | I14: 9
B15: Check Survey in Bhandu area Hold due court case | C15: 62/0 | D15: Check Survey | F15: 45092 | G15: 45190 | H15: 98
B16: Check Survey in Bhandu area Hold due court case | C16: 63/0 | D16: Check Survey | F16: 45092 | G16: 45190 | H16: 98
B17: Check Survey in Bhandu area Hold due court case | C17: 63/1 | D17: Check Survey | F17: 45092 | G17: 45190 | H17: 98
B18: Check Survey in Bhandu area Hold due court case | C18: 63/2 | D18: Check Survey | F18: 45092 | G18: 45190 | H18: 98
B19: Check Survey in Bhandu area Hold due court case | C19: 63/3 | D19: Check Survey | F19: 45092 | G19: 45190 | H19: 98
B20: Check Survey in Bhandu area Hold due court case | C20: 63/4 | D20: Check Survey | F20: 45092 | G20: 45190 | H20: 98
B21: Check Survey in Bhandu area Hold due court case | C21: 63/5 | D21: Check Survey | F21: 45092 | G21: 45190 | H21: 98
B22: Check Survey in Bhandu area Hold due court case | C22: 63/6 | D22: Check Survey | F22: 45092 | G22: 45190 | H22: 98
B23: Check Survey in Bhandu area Hold due court case | C23: 64/0 | D23: Check Survey | F23: 45092 | G23: 45190 | H23: 98
B24: Bhandu area hold due to court case | C24: 64/1 | D24: Pit Marking | F24: 45092 | G24: 45575 | H24: 483
B25: Bhandu area hold due to court case | C25: 64/2 | D25: Pit Marking | F25: 45092 | G25: 45630 | H25: 538
B26: Bhandu area hold due to court case | C26: 64/3 | D26: Pit Marking | F26: 45092 | G26: 45630 | H26: 538
... B124: Hold due to ROW | C124: 63/4 | D124: Pit Marking | F124: 45525 | G124: 45641 | H124: 116
A125: 1 | B125: Hold due to non-finalization of S/S from Gantry to AP 2. | C125: Gty-2 | D125: Survey | F125: 45041 | G125: 45488 | H125: =+(IF(G125=0,TODAY(),G125)-F125)+1 -> 448 | I125: Refer KEC letter dated 02-01-24. | J125: =IF(G125>=1,"Clear","ROW") -> Clear
A126: 2 | B126: Delay in approval of check survey from AP 29 to AP 29/7. | C126: 29-29/7 | D126: Survey | F126: 45216 | G126: 45229 | H126: =+(IF(G126=0,TODAY(),G126)-F126)+1 -> 14 | J126: =IF(G126>=1,"Clear","ROW") -> Clear
A127: 3 | B127: Delay in approval of check survey from AP 29/7 to AP 33/0. | C127: 29/7-33 | D127: Survey | F127: 45216 | G127: 45227 | H127: =+(IF(G127=0,TODAY(),G127)-F127)+1 -> 12 | J127: =IF(G127>=1,"Clear","ROW") -> Clear
A128: 4 | B128: Check survey could not be done due to ROW From AP 11 to AP 12. | C128: 11-12 | D128: Survey | F128: 45221 | G128: 45401 | H128: =+(IF(G128=0,TODAY(),G128)-F128)+1 -> 181 | I128: Refer KEC letter dated 02-01-24. | J128: =IF(G128>=1,"Clear","ROW") -> Clear
A129: 5 | B129: Check survey could not be done due to ROW From AP 12 to AP 13. | C129: 12-13 | D129: Survey | F129: 45221 | G129: 45297 | H129: =+(IF(G129=0,TODAY(),G129)-F129)+1 -> 77 | I129: Refer KEC letter dated 02-01-24. | J129: =IF(G129>=1,"Clear","ROW") -> Clear
A130: 6 | B130: Check survey could not be done due to ROW From AP 13 to AP 14. | C130: 13-14 | D130: Survey | F130: 45221 | G130: 45303 | H130: =+(IF(G130=0,TODAY(),G130)-F130)+1 -> 83 | I130: Refer KEC letter dated 02-01-24. | J130: =IF(G130>=1,"Clear","ROW") -> Clear
A131: 7 | B131: Check survey could not be done due to ROW From AP 14 to AP 15. | C131: 14-15 | D131: Survey | F131: 45221 | G131: 45303 | H131: =+(IF(G131=0,TODAY(),G131)-F131)+1 -> 83 | I131: Refer KEC letter dated 02-01-24. | J131: =IF(G131>=1,"Clear","ROW") -> Clear
A132: 8 | B132: Check survey could not be done due to ROW From AP 15 to AP 16. | C132: 15-16 | D132: Survey | F132: 45221 | G132: 45304 | H132: =+(IF(G132=0,TODAY(),G132)-F132)+1 -> 84 | I132: Refer KEC letter dated 02-01-24. | J132: =IF(G132>=1,"Clear","ROW") -> Clear
A133: 9 | B133: Check survey could not be done due to ROW From AP 16 to AP 17. | C133: 16-17 | D133: Survey | F133: 45221 | G133: 45297 | H133: =+(IF(G133=0,TODAY(),G133)-F133)+1 -> 77 | I133: Refer KEC letter dated 02-01-24. | J133: =IF(G133>=1,"Clear","ROW") -> Clear
A134: 10 | B134: Check survey could not be done due to ROW From AP 17 to AP 18. | C134: 17-18 | D134: Survey | F134: 45221 | G134: 45297 | H134: =+(IF(G134=0,TODAY(),G134)-F134)+1 -> 77 | I134: Refer KEC letter dated 02-01-24. | J134: =IF(G134>=1,"Clear","ROW") -> Clear
A135: 11 | B135: Check survey could not be done due to ROW From AP 18 to AP 19. | C135: 18-19 | D135: Survey | F135: 45221 | G135: 45297 | H135: =+(IF(G135=0,TODAY(),G135)-F135)+1 -> 77 | I135: Refer KEC letter dated 02-01-24. | J135: =IF(G135>=1,"Clear","ROW") -> Clear
A136: 12 | B136: Check survey could not be done due to ROW From AP 19 to AP 20. | C136: 19-20 | D136: Survey | F136: 45221 | G136: 45297 | H136: =+(IF(G136=0,TODAY(),G136)-F136)+1 -> 77 | I136: Refer KEC letter dated 02-01-24. | J136: =IF(G136>=1,"Clear","ROW") -> Clear
A137: 13 | B137: Delay in approval of check survey from AP 25 to AP 29. | C137: 25-29 | D137: Survey | F137: 45225 | G137: 45316 | H137: =+(IF(G137=0,TODAY(),G137)-F137)+1 -> 92 | I137: SPTL D&E team visited the site for removed the higher side RC, we are awaiting the response from SPTL. On dated 14.01.23 Same are Pending from KEC Engg. Refer KEC Letter Dated. 02.01.24. | J137: =IF(G137>=1,"Clear","ROW") -> Clear
A138: 14 | B138: Delay in approval of check survey from AP 2 to AP 8. | C138: 2-8 | D138: Survey | F138: 45238 | G138: 45254 | H138: =+(IF(G138=0,TODAY(),G138)-F138)+1 -> 17 | J138: =IF(G138>=1,"Clear","ROW") -> Clear
A139: 15 | B139: Location no 8/6,8/10,10/0 and 10/5 was spotted under Mines Area in approved Detail Survey, Decision pending at SPTL end From AP 8 to AP 11. | C139: 8-11 | D139: Survey | F139: 45238 | G139: 45302 | H139: =+(IF(G139=0,TODAY(),G139)-F139)+1 -> 65 | I139: Refer KEC letter dated 02-01-24. | J139: =IF(G139>=1,"Clear","ROW") -> Clear
A140: 16 | B140: Delay in approval of check survey from AP 20 to AP 25. | C140: 20-25 | D140: Survey | F140: 45253 | G140: 45261 | H140: =+(IF(G140=0,TODAY(),G140)-F140)+1 -> 9 | J140: =IF(G140>=1,"Clear","ROW") -> Clear
A141: 17 | B141: ROW at location no 21/8 in PKG G. | C141: 21/8 | D141: Foundation | E141: A.B. Construction | F141: 45276 | G141: 45277 | H141: =+(IF(G141=0,TODAY(),G141)-F141)+1 -> 2 | I141: Reference Email dated 16/12/2023. | J141: =IF(G141>=1,"Clear","ROW") -> Clear
A142: 18 | B142: Gang Idle for Full day, as Post completion of location no 24/3 in PKG G by M/S NR Enterprises, Gang shifted at location no 24/4 & 24/5 for Excavation and are found under ROW. Then Shifted at 29/4 of PKG F which is also in Severe ROW. Then Gang with Machinary are shifted at 40 Kms distance at 29/3 PKG G from current location i.e. 29/4 (PKG F). | D142: Foundation | E142: N.R. Enterprises | F142: 45286 | G142: 45289 | H142: =+(IF(G142=0,TODAY(),G142)-F142)+1 -> 4 | I142: Idled Resources (Highly Skilled manpower-1, Skilled:- 2, Semi Skilled:- 3, Unskilled:- 8, JCB with operator:- 1, Azax flori with operator:- 1, Tracktor with operator:- 1, Tanker with Operator:- 1, Bolero/Camper with Diesel:- 1) | J142: =IF(G142>=1,"Clear","ROW") -> Clear
A143: 19 | B143: ROW in Foundation work in sawan Moolraj village at Loc No 23/6 | C143: 23/6 | D143: Foundation | F143: 45286 | G143: 45723 | H143: =+(IF(G143=0,TODAY(),G143)-F143)+1 -> 438 | I143: Email reference dated 09-01-2023 | J143: =IF(G143>=1,"Clear","ROW") -> Clear
A144: 20 | B144: ROW in Foundation work in sawan Moolraj village at Loc No 23/7 | C144: 23/7 | D144: Foundation | F144: 45286 | G144: 45658 | H144: =+(IF(G144=0,TODAY(),G144)-F144)+1 -> 373 | I144: Email reference dated 09-01-2023 | J144: =IF(G144>=1,"Clear","ROW") -> Clear
A145: 21 | B145: ROW in Foundation work in sawan Moolraj village at Loc No 23/8 | C145: 23/8 | D145: Foundation | F145: 45286 | G145: 45641 | H145: =+(IF(G145=0,TODAY(),G145)-F145)+1 -> 356 | I145: Email reference dated 09-01-2023 | J145: =IF(G145>=1,"Clear","ROW") -> Clear
A146: 22 | B146: ROW in Foundation work in sawan Moolraj village at Loc No 23/9 | C146: 23/9 | D146: Foundation | F146: 45286 | H146: =+(IF(G146=0,TODAY(),G146)-F146)+1 -> 810 | I146: Email reference dated 09-01-2023 | J146: =IF(G146>=1,"Clear","ROW") -> ROW
A147: 23 | B147: ROW in Foundation work in sawan Moolraj village at Loc No 23/10 | C147: 23/10 | D147: Foundation | F147: 45286 | G147: 45641 | H147: =+(IF(G147=0,TODAY(),G147)-F147)+1 -> 356 | I147: Email reference dated 09-01-2023 | J147: =IF(G147>=1,"Clear","ROW") -> Clear
A148: 24 | B148: ROW in Foundation work in sawan Moolraj village at Loc No 23/11 | C148: 23/11 | D148: Foundation | F148: 45286 | G148: 45641 | H148: =+(IF(G148=0,TODAY(),G148)-F148)+1 -> 356 | I148: Email reference dated 09-01-2023 | J148: =IF(G148>=1,"Clear","ROW") -> Clear
A149: 25 | B149: ROW in Foundation work in sawan Moolraj village at Loc No 24/0 | C149: 24/0 | D149: Foundation | F149: 45286 | G149: 45636 | H149: =+(IF(G149=0,TODAY(),G149)-F149)+1 -> 351 | I149: Email reference dated 09-01-2023 | J149: =IF(G149>=1,"Clear","ROW") -> Clear
A150: 26 | B150: ROW in Foundation work in sawan Moolraj village at Loc No 24/1 | C150: 24/1 | D150: Foundation | F150: 45286 | G150: 45627 | H150: =+(IF(G150=0,TODAY(),G150)-F150)+1 -> 342 | I150: Email reference dated 09-01-2023 | J150: =IF(G150>=1,"Clear","ROW") -> Clear
A151: 27 | B151: ROW in Foundation work in sawan Moolraj village at Loc No 24/2 | C151: 24/2 | D151: Foundation | F151: 45286 | G151: 45604 | H151: =+(IF(G151=0,TODAY(),G151)-F151)+1 -> 319 | I151: Email reference dated 09-01-2023 | J151: =IF(G151>=1,"Clear","ROW") -> Clear
A152: 28 | B152: ROW in Foundation work in sawan Moolraj village at Loc No 24/4 | C152: 24/4 | D152: Foundation | E152: N.R. Enterprises | F152: 45286 | G152: 45627 | H152: =+(IF(G152=0,TODAY(),G152)-F152)+1 -> 342 | I152: Reference Email dated 26/12/2023. Excavation not started due to Frequent obstruction by land owner. | J152: =IF(G152>=1,"Clear","ROW") -> Clear
A153: 29 | B153: ROW in Foundation work in sawan Moolraj village at Loc No 24/5 | C153: 24/5 | D153: Foundation | E153: N.R. Enterprises | F153: 45286 | G153: 45627 | H153: =+(IF(G153=0,TODAY(),G153)-F153)+1 -> 342 | I153: Reference Email dated 26/12/2023. Excavation not started due to Frequent obstruction by land owner. | J153: =IF(G153>=1,"Clear","ROW") -> Clear
A154: 30 | B154: ROW in Foundation work in sawan Moolraj village at Loc No 24/6 | C154: 24/6 | D154: Foundation | F154: 45286 | G154: 45627 | H154: =+(IF(G154=0,TODAY(),G154)-F154)+1 -> 342 | I154: Email reference dated 09-01-2023 | J154: =IF(G154>=1,"Clear","ROW") -> Clear
A155: 31 | B155: ROW in Foundation work in sawan Moolraj village at Loc No 25/0 | C155: 25/0 | D155: Foundation | F155: 45286 | G155: 45658 | H155: =+(IF(G155=0,TODAY(),G155)-F155)+1 -> 373 | I155: Email reference dated 09-01-2023 | J155: =IF(G155>=1,"Clear","ROW") -> Clear
A156: 32 | B156: ROW in Foundation work in sawan Moolraj village at Loc No 25/1 | C156: 25/1 | D156: Foundation | F156: 45286 | G156: 45659 | H156: =+(IF(G156=0,TODAY(),G156)-F156)+1 -> 374 | I156: Email reference dated 09-01-2023 | J156: =IF(G156>=1,"Clear","ROW") -> Clear
A157: 33 | B157: ROW in Foundation work in sawan Moolraj village at Loc No 25/2 | C157: 25/2 | D157: Foundation | F157: 45286 | H157: =+(IF(G157=0,TODAY(),G157)-F157)+1 -> 810 | I157: Email reference dated 09-01-2023 | J157: =IF(G157>=1,"Clear","ROW") -> ROW
A158: 34 | B158: ROW in Foundation work in sawan Moolraj village at Loc No 25/3 | C158: 25/3 | D158: Foundation | F158: 45286 | G158: 45659 | H158: =+(IF(G158=0,TODAY(),G158)-F158)+1 -> 374 | I158: Email reference dated 09-01-2023 | J158: =IF(G158>=1,"Clear","ROW") -> Clear
A159: 35 | B159: ROW in Foundation work in sawan Moolraj village at Loc No 25/4 | C159: 25/4 | D159: Foundation | F159: 45286 | G159: 45327 | H159: =+(IF(G159=0,TODAY(),G159)-F159)+1 -> 42 | I159: Email reference dated 09-01-2023 | J159: =IF(G159>=1,"Clear","ROW") -> Clear
A160: 36 | B160: ROW in Foundation work in sawan Moolraj village at Loc No 25/5 | C160: 25/5 | D160: Foundation | F160: 45286 | G160: 45627 | H160: =+(IF(G160=0,TODAY(),G160)-F160)+1 -> 342 | I160: Email reference dated 09-01-2023 | J160: =IF(G160>=1,"Clear","ROW") -> Clear
A161: 37 | B161: ROW in Foundation work in sawan Moolraj village at Loc No 25/6 | C161: 25/6 | D161: Foundation | F161: 45286 | G161: 45627 | H161: =+(IF(G161=0,TODAY(),G161)-F161)+1 -> 342 | I161: Email reference dated 09-01-2023 | J161: =IF(G161>=1,"Clear","ROW") -> Clear
A162: 38 | B162: ROW in Foundation work in sawan Moolraj village at Loc No 25/7 | C162: 25/7 | D162: Foundation | F162: 45286 | G162: 45327 | H162: =+(IF(G162=0,TODAY(),G162)-F162)+1 -> 42 | I162: Email reference dated 09-01-2023 | J162: =IF(G162>=1,"Clear","ROW") -> Clear
A163: 39 | B163: ROW in Foundation work in sawan Moolraj village at Loc No 25/8 | C163: 25/8 | D163: Foundation | F163: 45286 | G163: 45440 | H163: =+(IF(G163=0,TODAY(),G163)-F163)+1 -> 155 | I163: Email reference dated 09-01-2023 | J163: =IF(G163>=1,"Clear","ROW") -> Clear
A164: 40 | B164: ROW in Foundation work in sawan Moolraj village at Loc No 25/9 | C164: 25/9 | D164: Foundation | F164: 45286 | G164: 45440 | H164: =+(IF(G164=0,TODAY(),G164)-F164)+1 -> 155 | I164: Email reference dated 09-01-2023 | J164: =IF(G164>=1,"Clear","ROW") -> Clear
A165: 41 | B165: ROW in Foundation work in sawan Moolraj village at Loc No 25/10 | C165: 25/10 | D165: Foundation | F165: 45286 | G165: 45440 | H165: =+(IF(G165=0,TODAY(),G165)-F165)+1 -> 155 | I165: Email reference dated 09-01-2023 | J165: =IF(G165>=1,"Clear","ROW") -> Clear
A166: 42 | B166: ROW in Foundation work in sawan Moolraj village at Loc No 25/11 | C166: 25/11 | D166: Foundation | F166: 45286 | G166: 45627 | H166: =+(IF(G166=0,TODAY(),G166)-F166)+1 -> 342 | I166: Email reference dated 09-01-2023 | J166: =IF(G166>=1,"Clear","ROW") -> Clear
A167: 43 | B167: ROW in Foundation work in sawan Moolraj village at Loc No 26/0 | C167: 26/0 | D167: Foundation | F167: 45286 | G167: 45627 | H167: =+(IF(G167=0,TODAY(),G167)-F167)+1 -> 342 | I167: Email reference dated 09-01-2023 | J167: =IF(G167>=1,"Clear","ROW") -> Clear
A168: 44 | B168: ROW in Foundation work in Dhanpura village at Loc No 28/6 | C168: 28/6 | D168: Foundation | F168: 45297 | G168: 45328 | H168: =+(IF(G168=0,TODAY(),G168)-F168)+1 -> 32 | J168: =IF(G168>=1,"Clear","ROW") -> Clear
A169: 45 | B169: ROW in Foundation work in Dhanpura village at Loc No 28/7 | C169: 28/7 | D169: Foundation | F169: 45297 | G169: 45334 | H169: =+(IF(G169=0,TODAY(),G169)-F169)+1 -> 38 | I169: Your email dated 12.02.24 regarding workfront | J169: =IF(G169>=1,"Clear","ROW") -> Clear
A170: 46 | B170: ROW in Foundation work in Dhanpura village at Loc No 28/8 | C170: 28/8 | D170: Foundation | F170: 45297 | G170: 45334 | H170: =+(IF(G170=0,TODAY(),G170)-F170)+1 -> 38 | I170: Your email dated 12.02.24 regarding workfront | J170: =IF(G170>=1,"Clear","ROW") -> Clear
A171: 47 | B171: ROW in Foundation work in Dhanpura village at Loc No 28/9 | C171: 28/9 | D171: Foundation | F171: 45297 | G171: 45731 | H171: =+(IF(G171=0,TODAY(),G171)-F171)+1 -> 435 | I171: Your email dated 12.02.24 regarding workfront. Reattempted the same on 09.03.23 but the same was still is ROW. Reattempt at this location location on 09.03.2024 communicated on dated 10.03.2024 regarding Gang movement and challenges in PKG G & PKG F apart from DPR. | J171: =IF(G171>=1,"Clear","ROW") -> Clear
A172: 48 | B172: ROW in Foundation work in Dhanpura village at Loc No 29/0 | C172: 29/0 | D172: Foundation | F172: 45297 | H172: =+(IF(G172=0,TODAY(),G172)-F172)+1 -> 799 | J172: =IF(G172>=1,"Clear","ROW") -> ROW
A173: 49 | B173: ROW in Foundation work in Dhanpura village at Loc No 29/1 | C173: 29/1 | D173: Foundation | F173: 45297 | G173: 45762 | H173: =+(IF(G173=0,TODAY(),G173)-F173)+1 -> 466 | J173: =IF(G173>=1,"Clear","ROW") -> Clear
A174: 50 | B174: ROW in Foundation work in Dhanpura village at Loc No 29/2 | C174: 29/2 | D174: Foundation | F174: 45297 | G174: 45746 | H174: =+(IF(G174=0,TODAY(),G174)-F174)+1 -> 450 | I174: Reattempt at this location location on 09.03.2024 communicated on dated 10.03.2024 regarding Gang movement and challenges in PKG G & PKG F apart from DPR. | J174: =IF(G174>=1,"Clear","ROW") -> Clear
A175: 51 | B175: ROW in Foundation work in Dhanpura village at Loc No 29/6 | C175: 29/6 | D175: Foundation | F175: 45297 | G175: 45311 | H175: =+(IF(G175=0,TODAY(),G175)-F175)+1 -> 15 | J175: =IF(G175>=1,"Clear","ROW") -> Clear
A176: 52 | B176: ROW in Foundation work in Dhanpura village at Loc No 29/9 | C176: 29/9 | D176: Foundation | F176: 45297 | G176: 45325 | H176: =+(IF(G176=0,TODAY(),G176)-F176)+1 -> 29 | J176: =IF(G176>=1,"Clear","ROW") -> Clear
A177: 53 | B177: ROW in Foundation work in Dhanpura village at Loc No 29/10 | C177: 29/10 | D177: Foundation | F177: 45297 | G177: 45334 | H177: =+(IF(G177=0,TODAY(),G177)-F177)+1 -> 38 | I177: Your email dated 12.02.24 regarding workfront | J177: =IF(G177>=1,"Clear","ROW") -> Clear
A178: 54 | B178: ROW in Foundation work in Dhanpura village at Loc No 30/0 | C178: 30/0 | D178: Foundation | F178: 45297 | G178: 45334 | H178: =+(IF(G178=0,TODAY(),G178)-F178)+1 -> 38 | I178: Your email dated 12.02.24 regarding workfront | J178: =IF(G178>=1,"Clear","ROW") -> Clear
A179: 55 | B179: ROW due to objection by land owner in Excavation Works. | C179: 29/4 | D179: Foundation | E179: N.R. Enterprises | F179: 45301 | G179: 45750 | H179: =+(IF(G179=0,TODAY(),G179)-F179)+1 -> 450 | J179: =IF(G179>=1,"Clear","ROW") -> Clear
A180: 56 | B180: ROW due to objection by land owner in Excavation Works. | C180: 30/3 | D180: Foundation | E180: Bande Bharat | F180: 45301 | G180: 45561 | H180: =+(IF(G180=0,TODAY(),G180)-F180)+1 -> 261 | I180: excavation done but afterthat it is in ROW. | J180: =IF(G180>=1,"Clear","ROW") -> Clear
A181: 57 | B181: Gang idled since 11th Jan as clear work Front not available. | D181: Foundation | E181: N.R. Enterprises | F181: 45302 | G181: 45310 | H181: =+(IF(G181=0,TODAY(),G181)-F181)+1 -> 9 | I181: Idled Resources (Highly Skilled manpower-1, Skilled:- 2, Semi Skilled:- 4, Unskilled:- 9, JCB with operator:- 1, Azax flori with operator:- 1, Tracktor with operator:- 1, Tanker with Operator:- 1, Bolero/Camper with Diesel:- 2) | J181: =IF(G181>=1,"Clear","ROW") -> Clear
A182: 58 | B182: Check Survey Team (along with DGPS) is idle for three days as clear workfront not available. Re-attemped at AP 38-AP39 | D182: Survey | E182: Contour ventures private Ltd. | F182: 45300 | G182: 45302 | H182: =+(IF(G182=0,TODAY(),G182)-F182)+1 -> 3 | I182: Idled resouces DGPS With 2 Surveyor alongwith 4 Others Members and 1 Vehicle. Email communication dated 16-01-2023. | J182: =IF(G182>=1,"Clear","ROW") -> Clear
A183: 59 | B183: Centre Peg not done due to ROW at Loc no 18/2, 18/3, 18/6 & 18/7. | D183: Survey | F183: 45306 | G183: 45432 | H183: =+(IF(G183=0,TODAY(),G183)-F183)+1 -> 127 | I183: Email dated 16.01.2024 | J183: =IF(G183>=1,"Clear","ROW") -> Clear
A184: 60 | B184: Gang idle for Full day, during starting of excavation work ROW found at loc no 22/7. Gang was shifted at next location 22/8. | C184: 22/7 | D184: Foundation | E184: A.B. Construction | F184: 45313 | G184: 45313 | H184: =+(IF(G184=0,TODAY(),G184)-F184)+1 -> 1 | I184: Email dated 22.01.2024, Idled Resources (Manpower-14,JCB with operator:- 1, Azax flori with operator:- 1, Tracktor with operator:- 1, Tanker with Operator:- 1, Bolero/Camper with Diesel:- 2) | J184: =IF(G184>=1,"Clear","ROW") -> Clear
A185: 61 | B185: Gang idle for Full day, during starting of excavation work ROW found at loc no 22/8. Gang was shifted at next location 23/5. | C185: 22/8 | D185: Foundation | E185: A.B. Construction | F185: 45314 | G185: 45315 | H185: =+(IF(G185=0,TODAY(),G185)-F185)+1 -> 2 | I185: Email dated 23.01.2024, Idled Resources (Manpower-14,JCB with operator:- 1, Azax flori with operator:- 1, Tracktor with operator:- 1, Tanker with Operator:- 1, Bolero/Camper with Diesel:- 2) on dated 29.01.2024. | J185: =IF(G185>=1,"Clear","ROW") -> Clear
A186: 62 | B186: Row in foundation work due to Obstruction by land owner in Nimba ki Dhani Village. | C186: 26/1 | D186: Foundation | F186: 45323 | G186: 45706 | H186: =+(IF(G186=0,TODAY(),G186)-F186)+1 -> 384 | J186: =IF(G186>=1,"Clear","ROW") -> Clear
A187: 63 | B187: Row in foundation work due to Obstruction by land owner in Nimba ki Dhani Village. | C187: 26/2 | D187: Foundation | F187: 45323 | G187: 45651 | H187: =+(IF(G187=0,TODAY(),G187)-F187)+1 -> 329 | J187: =IF(G187>=1,"Clear","ROW") -> Clear
A188: 64 | B188: Row in foundation work due to Obstruction by land owner in Nimba ki Dhani Village. | C188: 26/3 | D188: Foundation | F188: 45323 | G188: 45658 | H188: =+(IF(G188=0,TODAY(),G188)-F188)+1 -> 336 | J188: =IF(G188>=1,"Clear","ROW") -> Clear
A189: 65 | B189: Row in foundation work due to Obstruction by land owner in Nimba ki Dhani Village. | C189: 26/4 | D189: Foundation | F189: 45323 | G189: 45334 | H189: =+(IF(G189=0,TODAY(),G189)-F189)+1 -> 12 | I189: Your email dated 12.02.24 regarding workfront | J189: =IF(G189>=1,"Clear","ROW") -> Clear
A190: 66 | B190: Row in foundation work due to Obstruction by land owner in Nimba ki Dhani Village. | C190: 26/5 | D190: Foundation | F190: 45323 | G190: 45334 | H190: =+(IF(G190=0,TODAY(),G190)-F190)+1 -> 12 | I190: Your email dated 12.02.24 regarding workfront | J190: =IF(G190>=1,"Clear","ROW") -> Clear
A191: 67 | B191: Row in foundation work due to Obstruction by land owner in Nimba ki Dhani Village. | C191: 26/6 | D191: Foundation | F191: 45323 | G191: 45334 | H191: =+(IF(G191=0,TODAY(),G191)-F191)+1 -> 12 | I191: Your email dated 12.02.24 regarding workfront | J191: =IF(G191>=1,"Clear","ROW") -> Clear
A192: 68 | B192: Row in foundation work due to Obstruction by land owner in Nimba ki Dhani Village. | C192: 26/7 | D192: Foundation | F192: 45323 | G192: 45334 | H192: =+(IF(G192=0,TODAY(),G192)-F192)+1 -> 12 | I192: Your email dated 12.02.24 regarding workfront | J192: =IF(G192>=1,"Clear","ROW") -> Clear
A193: 69 | B193: Row in foundation work due to Obstruction by land owner in Nimba ki Dhani Village. | C193: 27/0 | D193: Foundation | F193: 45323 | G193: 45334 | H193: =+(IF(G193=0,TODAY(),G193)-F193)+1 -> 12 | I193: Your email dated 12.02.24 regarding workfront | J193: =IF(G193>=1,"Clear","ROW") -> Clear
A194: 70 | B194: Row in foundation work due to Obstruction by land owner in Nimba ki Dhani Village. | C194: 27/1 | D194: Foundation | F194: 45323 | G194: 45334 | H194: =+(IF(G194=0,TODAY(),G194)-F194)+1 -> 12 | I194: Your email dated 12.02.24 regarding workfront | J194: =IF(G194>=1,"Clear","ROW") -> Clear
A195: 71 | B195: Row in foundation work due to Obstruction by land owner in Nimba ki Dhani Village. | C195: 27/2 | D195: Foundation | F195: 45323 | G195: 45334 | H195: =+(IF(G195=0,TODAY(),G195)-F195)+1 -> 12 | I195: Your email dated 12.02.24 regarding workfront | J195: =IF(G195>=1,"Clear","ROW") -> Clear
A196: 72 | B196: Row in foundation work due to Obstruction by land owner in Nimba ki Dhani Village. | C196: 27/3 | D196: Foundation | F196: 45323 | G196: 45334 | H196: =+(IF(G196=0,TODAY(),G196)-F196)+1 -> 12 | I196: Your email dated 12.02.24 regarding workfront | J196: =IF(G196>=1,"Clear","ROW") -> Clear
A197: 73 | B197: Row in foundation work due to Obstruction by land owner in Nimba ki Dhani Village. | C197: 27/4 | D197: Foundation | F197: 45323 | G197: 45334 | H197: =+(IF(G197=0,TODAY(),G197)-F197)+1 -> 12 | I197: Your email dated 12.02.24 regarding workfront | J197: =IF(G197>=1,"Clear","ROW") -> Clear
A198: 74 | B198: Row in foundation work due to Obstruction by land owner in Nimba ki Dhani Village. | C198: 27/5 | D198: Foundation | F198: 45323 | G198: 45334 | H198: =+(IF(G198=0,TODAY(),G198)-F198)+1 -> 12 | I198: Your email dated 12.02.24 regarding workfront | J198: =IF(G198>=1,"Clear","ROW") -> Clear
A199: 75 | B199: Row in foundation work due to Obstruction by land owner in Nimba ki Dhani Village. | C199: 28/0 | D199: Foundation | F199: 45323 | G199: 45352 | H199: =+(IF(G199=0,TODAY(),G199)-F199)+1 -> 30 | I199: Your email dated 12.02.24 regarding workfront but during pit marking at 13.02.24 location is still in ROW. Same was informed to you on site as well as in weekly meetings on 13th. And email dated 22.02.24 Sterlite's Part G & F 765KV Fategarh -III Beawar TL | J199: =IF(G199>=1,"Clear","ROW") -> Clear
...

Sheet  Benching Status-F
A1: RC, Benching & Revetment Locations
A2: Sl No. | B2: RC | C2: Loc No. | D2: Tower Type | E2: CP Position Up/Down | F2: Raised Chimney | G2: Chimney Extension | K2: Submitted Benching Volume (Cum) | M2: Approved Benching Volume (Cum) | O2: Approval Date | P2: JMC NO | Q2: JMC Date
G4: A | H4: B | I4: C | J4: D | K4: Cutting | L4: Filling | M4: Cutting | N4: Filling
C5: 47 | K5: =SUM(K6:K143) -> 26947.807 | M5: =SUM(M6:M143) -> 10818.857 | P5: 10
A6: 1 | C6: 40/0 | D6: DC2+0 | G6: 1 | H6: 1 | I6: 0 | J6: 0 | K6: 91.75
A7: 2 | B7: Y | C7: 40/1 | D7: DA+6 | G7: 1 | H7: 2 | I7: 0 | J7: 0 | K7: 153.267
A8: 3 | C8: 40/2 | D8: DA+3 | G8: 0 | H8: 0 | I8: 0 | J8: 0 | K8: 48.633
A9: 4 | B9: Y | C9: 40/3 | D9: DA+6 | G9: 1 | H9: 2 | I9: 0 | J9: 0 | K9: 238.433
A10: 5 | B10: Y | C10: 41/0 | D10: DC1+6 | G10: 3 | H10: 1 | I10: 0 | J10: 1 | K10: 249.883
A11: 6 | B11: Y | C11: 41/1 | D11: DB1+9 | E11: 4 | F11: 4 | G11: 4 | H11: 1 | I11: 6 | J11: 6 | K11: 120.747
A12: 7 | B12: Y | C12: 41/2 | D12: DA+0 | G12: 0 | H12: 0 | I12: 1 | J12: 1 | K12: 1170.806
A13: 8 | B13: Y | C13: 42/0 | D13: DC1+0 | G13: 1 | H13: 0 | I13: 0 | J13: 2 | K13: 339.457
A14: 9 | B14: Y | C14: 42/1 | D14: DA+6 | G14: 1 | H14: 0 | I14: 0 | J14: 0 | K14: 127.8
A15: 10 | B15: Y | C15: 42/2 | D15: DA+6 | G15: 0 | H15: 0 | I15: 1 | J15: 3 | K15: 91.933
A16: 11 | C16: 42/3 | D16: DA+0 | G16: 0 | H16: 0 | I16: 0 | J16: 0 | K16: 9.463
A17: 12 | C17: 42/4 | D17: DA+0 | G17: 0 | H17: 0 | I17: 0 | J17: 0 | K17: 136.417
A18: 13 | B18: Y | C18: 42/5 | D18: DA+9 | G18: 0 | H18: 0 | I18: 0 | J18: 1 | K18: 106.4
A19: 14 | B19: Y | C19: 42/6 | D19: DA+0 | G19: 2 | H19: 1 | I19: 0 | J19: 2 | K19: 144.417
A20: 15 | C20: 43/0 | D20: DB1+0 | G20: 0 | H20: 0 | I20: 0 | J20: 0 | K20: 68.726
A21: 16 | B21: Y | C21: 43/1 | D21: DA+6 | G21: 0 | H21: 0 | I21: 3 | J21: 3 | K21: 199.917
A22: 17 | B22: Y | C22: 43/2 | D22: DA+3 | G22: 1 | H22: 0 | I22: 0 | J22: 1 | K22: 189.737
A23: 18 | B23: Y | C23: 43/3 | D23: DA+0 | G23: 0 | H23: 1 | I23: 0 | J23: 0 | K23: 275.117
A24: 19 | B24: Y | C24: 43/4 | D24: DA+3 | G24: 1 | H24: 1 | I24: 0 | J24: 0 | K24: 108.9
A25: 20 | C25: 43/5 | D25: DA+3 | G25: 0 | H25: 0 | I25: 0 | J25: 0 | K25: 35.95
A26: 21 | B26: Y | C26: 43/6 | D26: DA+3 | G26: 0 | H26: 0 | I26: 0 | J26: 0 | K26: 17.8
A27: 22 | C27: 43/7 | D27: DA+3 | E27: 0.2 | G27: 0 | H27: 0 | I27: 0 | J27: 0 | K27: 46.75
A28: 23 | B28: Y | C28: 43/8 | D28: DA+9 | G28: 1 | H28: 0 | I28: 0 | J28: 0 | K28: 120.65
A29: 24 | C29: 43/9 | D29: DA+9 | G29: 0 | H29: 0 | I29: 0 | J29: 0 | K29: 61.583
A30: 25 | B30: Y | C30: 43/10 | D30: DA+3 | G30: 3 | H30: 3 | I30: 0 | J30: 0 | K30: 70.8
A31: 26 | B31: Y | C31: 43/11 | D31: DA+3 | E31: 1 | G31: 2 | H31: 3 | I31: 0 | J31: 1 | K31: 125.717
A32: 27 | B32: Y | C32: 44/0 | D32: DB1+3 | G32: 0 | H32: 1 | I32: 1 | J32: 0 | K32: 227.366
A33: 28 | C33: 44/1 | D33: DA+0 | G33: 0 | H33: 0 | I33: 1 | J33: 0 | K33: 516.62
A34: 29 | C34: 44/2 | D34: DA+0 | G34: 0 | H34: 0 | I34: 0 | J34: 0 | K34: 145.7
A35: 30 | B35: Y | C35: 44/3 | D35: DA+0 | G35: 2 | H35: 0 | I35: 0 | J35: 1 | K35: 35.453
A36: 31 | B36: Y | C36: 44/4 | D36: DA+9 | E36: 3.3 | F36: 3 | G36: 4 | H36: 3 | I36: 3 | J36: 3 | K36: 62.367
A37: 32 | B37: Y | C37: 44/5 | D37: DA+9 | G37: 1 | H37: 3 | I37: 0 | J37: 0 | K37: 476.6
A38: 33 | B38: Y | C38: 44/6 | D38: DB1+3 | G38: 1 | H38: 0 | I38: 0 | J38: 1 | K38: 263.667
A39: 34 | C39: 44/7 | D39: DA+9 | G39: 0 | H39: 0 | I39: 0 | J39: 0 | K39: 107.267
A40: 35 | B40: Y | C40: 44/8 | D40: DC1+0 | G40: 1 | H40: 2 | I40: 0 | J40: 1 | K40: 114.075
A41: 36 | B41: Y | C41: 44/9 | D41: DA+9 | E41: 3 | G41: 4 | H41: 0 | I41: 2 | J41: 6 | K41: 218.923
A42: 37 | B42: Y | C42: 44/10 | D42: DA+9 | G42: 0 | H42: 1 | I42: 0 | J42: 0 | K42: 68.233
A43: 38 | B43: Y | C43: 44/11 | D43: DA+0 | G43: 0 | H43: 1 | I43: 0 | J43: 0 | K43: 148.233
A44: 39 | B44: Y | C44: 45/0 | D44: DC2+0 | G44: 0 | H44: 1 | I44: 0 | J44: 0 | K44: 104.47
A45: 40 | B45: Y | C45: 45/1 | D45: DA+0 | G45: 0 | H45: 0 | I45: 1 | J45: 2 | K45: 329.483
A46: 41 | B46: Y | C46: 46/0 | D46: DD60+18 | E46: 3 | G46: 0 | H46: 4 | I46: 4 | J46: 0 | K46: 773.08
A47: 42 | B47: Y | C47: 47/0 | D47: DD60+18 | F47: 2 | G47: 3 | H47: 2 | I47: 2 | J47: 2 | K47: 333.585
A48: 43 | B48: Y | C48: 47/1 | D48: DA+6 | F48: 1 | G48: 1 | H48: 1 | I48: 2 | J48: 2 | K48: 334.445 | M48: 183.244
A49: 44 | C49: 47/2 | D49: DA+9 | G49: 0 | H49: 0 | I49: 0 | J49: 0 | K49: 35.008 | M49: 14.894 | P49: JMC-72
A50: 45 | B50: Y | C50: 47/3 | D50: DA+9 | G50: 1 | H50: 2 | I50: 0 | J50: 0 | K50: 351.248 | M50: 198.462 | P50: JMC-73
A51: 46 | C51: 47/4 | D51: DA+3
A52: 47 | B52: Y | C52: 47/5 | D52: DA+0 | G52: 0 | H52: 1 | I52: 0 | J52: 0 | K52: 151.406 | M52: 50.19 | P52: JMC-74
A53: 48 | C53: 47/6 | D53: DA+3 | G53: 0 | H53: 0 | I53: 0 | J53: 0 | K53: 214.683 | M53: 105.461 | P53: JMC-68
A54: 49 | C54: 47/7 | D54: DA+3 | G54: 0 | H54: 0 | I54: 0 | J54: 0 | K54: 146.833 | M54: 85.356 | P54: JMC-55 | Q54: 31-07-24
A55: 50 | B55: Y | C55: 47/8 | D55: DA+0 | G55: 1 | H55: 0 | I55: 0 | J55: 0 | K55: 186.171 | M55: 58.541 | P55: JMC-56 | Q55: 31-07-24
A56: 51 | C56: 47/9 | D56: DA+3 | G56: 0 | H56: 0 | I56: 0 | J56: 0 | K56: 36.917 | M56: 21.243 | P56: JMC-57 | Q56: 31-07-24
A57: 52 | C57: 47/10 | D57: DA+6 | G57: 0 | H57: 0 | I57: 0 | J57: 0 | K57: 105.1 | M57: 44.208 | P57: JMC-58 | Q57: 31-07-24
A58: 53 | C58: 48/0 | D58: DC2+0 | G58: 0 | H58: 0 | I58: 0 | J58: 0 | K58: 271.371 | M58: 121.376
A59: 54 | C59: 48/1 | D59: DA+9 | G59: 0 | H59: 0 | I59: 0 | J59: 0 | K59: 83.933 | M59: 43.92 | P59: JMC-64 | Q59: 31-07-24
A60: 55 | C60: 49/1 | D60: DA+0 | G60: 0 | H60: 0 | I60: 0 | J60: 0 | K60: 28.5 | M60: 20.37 | P60: JMC-65 | Q60: 31-07-24
A61: 56 | C61: 49/2 | D61: DA+3 | G61: 0 | H61: 0 | I61: 0 | J61: 0 | K61: 237.2 | M61: 152.093 | P61: JMC-43 | Q61: 31-07-24
A62: 57 | C62: 49/3 | D62: DA+3 | G62: 0 | H62: 0 | I62: 0 | J62: 0 | K62: 130.95 | M62: 59.392 | P62: JMC-44 | Q62: 31-07-24
A63: 58 | C63: 49/4 | D63: DA+3 | G63: 0 | H63: 0 | I63: 0 | J63: 0 | K63: 52.95 | M63: 27.468 | P63: JMC-45 | Q63: 31-07-24
A64: 59 | C64: 49/5 | D64: DA+3 | E64: 0.1 | G64: 0 | H64: 0 | I64: 0 | J64: 0 | K64: 68.133 | M64: 33.446 | P64: JMC-46 | Q64: 31-07-24
A65: 60 | C65: 49/6 | D65: DA+0 | E65: 0.1 | G65: 0 | H65: 0 | I65: 0 | J65: 0 | K65: 29.783 | M65: 10.948 | P65: JMC-47 | Q65: 31-07-24
A66: 61 | B66: Y | C66: 49/7 | D66: DA+3 | G66: 0 | H66: 3 | I66: 2 | J66: 2 | K66: 190.733 | M66: 89.935
A67: 62 | B67: Y | C67: 50/0 | D67: DB2+0 | G67: 0 | H67: 0 | I67: 0 | J67: 1 | K67: 29.469 | M67: 6.775
A68: 63 | B68: Y | C68: 50/1 | D68: DA+6 | G68: 1 | H68: 0 | I68: 0 | J68: 0 | K68: 258.417 | M68: 126.731 | P68: JMC-66 | Q68: 31-07-24
A69: 64 | B69: Y | C69: 50/2 | D69: DA+9 | F69: 2 | G69: 2 | H69: 2 | I69: 2 | J69: 2 | K69: 109.183 | M69: 50.596 | P69: JMC-75
A70: 65 | B70: Y | C70: 50/3 | D70: DA+6 | G70: 0 | H70: 0 | I70: 1 | J70: 0 | K70: 82.817 | M70: 40.792
A71: 66 | B71: Y | C71: 50/4 | D71: DA+9 | F71: 3 | G71: 3 | H71: 3 | I71: 4 | J71: 3 | K71: 90.133 | M71: 31.88 | P71: JMC-76
A72: 67 | B72: Y | C72: 50/5 | D72: DA+9 | F72: 3 | G72: 4 | H72: 3 | I72: 4 | J72: 3 | K72: 82.717 | M72: 13.972
A73: 68 | B73: Y | C73: 50/6 | D73: DA+9 | F73: 3 | G73: 3 | H73: 4 | I73: 3 | J73: 3 | K73: 266.417 | M73: 133.278
A74: 69 | B74: Y | C74: 50/7 | D74: DA+0 | G74: 0 | H74: 0 | I74: 0 | J74: 1 | K74: 58.15 | M74: 20.044 | P74: JMC-67 | Q74: 31-07-24
A75: 70 | C75: 50/8 | D75: DA+9 | G75: 0 | H75: 0 | I75: 0 | J75: 0 | K75: 379.65 | M75: 287.607 | P75: JMC-69
A76: 71 | B76: Y | C76: 50/9 | D76: DA+0 | G76: 0 | H76: 0 | I76: 1 | J76: 0 | K76: 551.811 | M76: 283.026
A77: 72 | B77: Y | C77: 50/10 | D77: DA+0 | G77: 0 | H77: 0 | I77: 1 | J77: 0 | K77: 304.834 | M77: 114.598
A78: 73 | C78: 51/0 | D78: DC2+0 | G78: 0 | H78: 0 | I78: 0 | J78: 0 | K78: 119.229 | M78: 103.624
A79: 74 | B79: Y | C79: 51/1 | D79: DA+0 | G79: 0 | H79: 0 | I79: 1 | J79: 0 | K79: 74.897 | M79: 10.113 | P79: JMC-70
A80: 75 | C80: 51/2 | D80: DA+0 | E80: -1 | G80: 0 | H80: 0 | I80: 0 | J80: 0 | K80: 73.95 | M80: 12.784
A81: 76 | B81: Y | C81: 52/0 | D81: DC2+0 | G81: 0 | H81: 0 | I81: 3 | J81: 3 | K81: 474.917 | M81: 226.626 | O81: 45300
A82: 77 | B82: Y | C82: 52/1 | D82: DA+6 | G82: 0 | H82: 4 | I82: 0 | J82: 0 | K82: 95.517 | M82: 20.215 | O82: 45300
A83: 78 | B83: Y | C83: 52/2 | D83: DA+6 | G83: 0 | H83: 0 | I83: 0 | J83: 3 | K83: 74.467 | M83: 56.535 | O83: 45300
A84: 79 | B84: Y | C84: 52/3 | D84: DA+9 | F84: 3 | G84: 4 | H84: 3 | I84: 3 | J84: 3 | K84: 54.25 | M84: 21.459 | O84: 45300 | P84: JMC-71
A85: 80 | B85: Y | C85: 52/4 | D85: DA+9 | G85: 2 | H85: 2 | I85: 0 | J85: 0 | K85: 35.517 | M85: 14.371 | O85: 45300
A86: 81 | B86: Y | C86: 52/5 | D86: DA+9 | G86: 0 | H86: 0 | I86: 0 | J86: 1 | K86: 269.167 | M86: 177.797 | O86: 45300 | P86: JMC-9 | Q86: 22.03.24
A87: 82 | C87: 52/6 | D87: DA+6 | G87: 0 | H87: 0 | I87: 0 | J87: 0 | K87: 343.483 | M87: 239.936 | O87: 45300 | P87: JMC-10 | Q87: 22.03.24
A88: 83 | B88: Y | C88: 52/7 | D88: DA+3 | G88: 0 | H88: 3 | I88: 1 | J88: 0 | K88: 464.317 | M88: 306.372 | O88: 45300 | P88: JMC-11 | Q88: 22.03.24
A89: 84 | C89: 52/8 | D89: DA+6 | G89: 0 | H89: 0 | I89: 0 | J89: 0 | K89: 644.717 | M89: 582.599 | O89: 45300 | P89: JMC-12 | Q89: 22.03.24
A90: 85 | C90: 52/9 | D90: DA+3 | G90: 0 | H90: 0 | I90: 0 | J90: 0 | K90: 192.433 | M90: 139.028 | O90: 45300 | P90: JMC-13 | Q90: 22.03.24
