Workbook
Name \0: #REF!
Name \0: #REF!
Name \A: #REF!
Name \A: #REF!
Name \B: #REF!
Name \B: #REF!
Name \C: #REF!
Name \c1: #REF!
Name \D: #REF!
Name \g: #REF!
Name \H: #REF!
Name \i: #REF!
Name \M: #REF!
Name \N: #REF!
Name \P: #REF!
Name \R: #REF!
Name \S: #REF!
Name \U: #REF!
Name \V: #REF!
Name \z: #REF!
Name _: "tcap"
Name _____________A65537: #REF!
Name _____________A65537: #REF!
Name ____________A655600: #REF!
Name ____________A655600: #REF!
Name ____________drg1: #REF!
Name ____________drg1: #REF!
Name ___________A65537: #REF!
Name ___________A65537: #REF!
Name ___________A655600: #REF!
Name ___________A655600: #REF!
Name ___________a655601: #REF!
Name ___________a655601: #REF!
Name __________A65537: #REF!
Name __________A65537: #REF!
Name __________A655600: #REF!
Name __________A655600: #REF!
Name __________a655601: #REF!
Name __________a655601: #REF!
Name __________a999999: #REF!
Name __________drg1: #REF!
Name __________drg1: #REF!
Name _________A65537: #REF!
Name _________A65537: #REF!
Name _________A655600: #REF!
Name _________A655600: #REF!
Name _________a655601: #REF!
Name _________a655601: #REF!
Name _________a999999: #REF!
Name ________A65537: #REF!
Name ________A65537: #REF!
Name ________A655600: #REF!
Name ________A655600: #REF!
Name ________A655600: #REF!
Name ________A655600: #REF!
Name ________A655600: #REF!
Name ________a655601: #REF!
Name ________a655601: #REF!
Name ________a655601: #REF!
Name ________a655601: #REF!

Sheet Detail Survey-220kV
A2: 220kV - Detailed Survey Progress
A3: Sl. No. | B3: LOC NO | C3: TowerType | D3: Deviation of Angle | E3: CP | F3: Leg Extension | J3: RC | K3: Chimney Extension | O3: Span Length (m) | P3: Section Length | Q3: Detail Survey completion status | T3: Detail Survey Report Submision | W3: Detail Survey Approval | Z3: Remarks
D4: DMS | E4: m | F4: A | G4: B | H4: C | I4: D | J4: m | K4: A | L4: B | M4: C | N4: D | O4: m | P4: m | Q4: Surveyed | R4: DOC | S4: Re-survey | T4: Submitted | U4: Date | V4: Re-submitted | W4: Approved | X4: Date | Y4: Re-apprpved
B5: GANTRY | C5: GANTRY | K5: 0 | L5: 0 | M5: 0 | N5: 0 | Q5: Completed
O6: 126.19 | Q6: Completed
A7: 1 | B7: 0/0 | C7: DD+0 | D7: 16° 50' 9"RT | K7: 0 | L7: 0 | M7: 0 | N7: 0 | P7: 126.19 | Q7: Completed
O8: 292 | Q8: Completed
A9: =IF(B9>0,A7+1," ") -> 2 | B9: 0/1 | C9: DA+3 | K9: 0 | L9: 0 | M9: 0 | N9: 0 | Q9: Completed
A10: =IF(B10>0,A8+1," ") | O10: 360.47 | Q10: Completed
A11: =IF(B11>0,A9+1," ") -> 3 | B11: 1/0 | C11: DC+0 | D11: 15° 52' 12"RT | K11: 0 | L11: 0 | M11: 0 | N11: 0 | P11: 652.47 | Q11: Completed
A12: =IF(B12>0,A10+1," ") | O12: 293 | Q12: Completed
A13: =IF(B13>0,A11+1," ") -> 4 | B13: 1/1 | C13: DA+0 | K13: 0 | L13: 0 | M13: 0 | N13: 0 | Q13: Completed
A14: =IF(B14>0,A12+1," ") | O14: 390.88 | Q14: Completed
A15: =IF(B15>0,A13+1," ") -> 5 | B15: 1/2 | C15: DA+3 | D15: 19° 5' 19"LT | K15: 0 | L15: 0 | M15: 0 | N15: 0 | P15: 683.88 | Q15: Completed | T15: Submitted | V15: 45533 | W15: Approved | X15: 45545
A16: =IF(B16>0,A14+1," ") | O16: 351 | Q16: Completed | T16: Submitted | V16: 45533 | W16: Approved | X16: 45545
A17: =IF(B17>0,A15+1," ") -> 6 | B17: 1A/0 | C17: DC+3 | K17: 0 | L17: 0 | M17: 0 | N17: 0 | Q17: Completed | T17: Submitted | V17: 45533 | W17: Approved | X17: 45545
A18: =IF(B18>0,A16+1," ") | O18: 258 | Q18: Completed | T18: Submitted | V18: 45533 | W18: Approved | X18: 45545
A19: =IF(B19>0,A17+1," ") -> 7 | B19: 1A/1 | C19: DA+3 | K19: 0 | L19: 0 | M19: 0 | N19: 0 | Q19: Completed | T19: Submitted | V19: 45533 | W19: Approved | X19: 45545
A20: =IF(B20>0,A18+1," ") | O20: 322.492 | Q20: Completed | T20: Submitted | V20: 45533 | W20: Approved | X20: 45545
A21: =IF(B21>0,A19+1," ") -> 8 | B21: 1A/2 | C21: DC+0 | D21: 57° 12' 54"LT | K21: 0 | L21: 0 | M21: 0 | N21: 0 | P21: 930.56 | Q21: Completed | T21: Submitted | V21: 45533 | W21: Approved | X21: 45545
A22: =IF(B22>0,A20+1," ") | O22: 248 | Q22: Completed | T22: Submitted | V22: 45533 | W22: Approved | X22: 45545
A23: =IF(B23>0,A21+1," ") -> 9 | B23: 1B/0 | C23: DD+3 | D23: 44° 32' 20"RT | K23: 0 | L23: 0 | M23: 0 | N23: 0 | P23: 249.73 | Q23: Completed | T23: Submitted | V23: 45533 | W23: Approved | X23: 45545
A24: =IF(B24>0,A22+1," ") | O24: 294 | Q24: Completed | T24: Submitted | V24: 45533 | W24: Approved | X24: 45545
A25: =IF(B25>0,A23+1," ") -> 10 | B25: 1C/0 | C25: DD+9 | K25: 0 | L25: 0 | M25: 0 | N25: 0 | Q25: Completed | T25: Submitted | V25: 45533 | W25: Approved | X25: 45545
A26: =IF(B26>0,A24+1," ") | O26: 294.431 | Q26: Completed | T26: Submitted | V26: 45533 | W26: Approved | X26: 45545
A27: =IF(B27>0,A25+1," ") -> 11 | B27: 1C/1 | C27: DA+6 | D27: 28° 26' 27"RT | K27: 0 | L27: 0 | M27: 0 | N27: 0 | P27: 588.43 | Q27: Completed | T27: Submitted | V27: 45533 | W27: Approved | X27: 45545
A28: =IF(B28>0,A26+1," ") | O28: 306 | Q28: Completed | T28: Submitted | V28: 45533 | W28: Approved | X28: 45545
A29: =IF(B29>0,A27+1," ") -> 12 | B29: 1D/0 | C29: DC+0 | K29: 0 | L29: 0 | M29: 0 | N29: 0 | Q29: Completed | T29: Submitted | V29: 45533 | W29: Approved | X29: 45545
A30: =IF(B30>0,A28+1," ") | O30: 393.921 | Q30: Completed | T30: Submitted | V30: 45533 | W30: Approved | X30: 45545
A31: =IF(B31>0,A29+1," ") -> 13 | B31: 1D/1 | C31: DA+0 | D31: 42° 49' 3"RT | K31: 0 | L31: 0 | M31: 0 | N31: 0 | P31: 699.92 | Q31: Completed | T31: Submitted | V31: 45533 | W31: Approved | X31: 45545
A32: =IF(B32>0,A30+1," ") | O32: 356.664 | Q32: Completed | T32: Submitted | V32: 45533 | W32: Approved | X32: 45545
A33: =IF(B33>0,A31+1," ") -> 14 | B33: 1E/0 | C33: DD+6 | D33: 27° 13' 43"RT | K33: 0 | L33: 0 | M33: 0 | N33: 0 | P33: 356.66 | Q33: Completed | T33: Submitted | V33: 45533 | W33: Approved | X33: 45545
A34: =IF(B34>0,A32+1," ") | O34: 174.205 | Q34: Completed | T34: Submitted | V34: 45533 | W34: Approved | X34: 45545
A35: =IF(B35>0,A33+1," ") -> 15 | B35: 2/0 | C35: DC+6 | D35: 49° 56' 13"RT | K35: 0 | L35: 0 | M35: 0 | N35: 0 | P35: 174.21 | Q35: Completed | T35: Submitted | V35: 45533 | W35: Approved | X35: 45545
A36: =IF(B36>0,A34+1," ") | O36: 229.73 | Q36: Completed | T36: Submitted | V36: 45533 | W36: Approved | X36: 45545
A37: =IF(B37>0,A35+1," ") -> 16 | B37: 3/0 | C37: DD+3 | D37: 7° 56' 47"LT | K37: 0 | L37: 0 | M37: 0 | N37: 0 | P37: 229.73 | Q37: Completed | T37: Submitted | V37: 45533 | W37: Approved | X37: 45545
A38: =IF(B38>0,A36+1," ") | O38: 391 | Q38: Completed | T38: Submitted | V38: 45533 | W38: Approved | X38: 45545
A39: =IF(B39>0,A37+1," ") -> 17 | B39: 4/0 | C39: DB+9 | K39: 0 | L39: 0 | M39: 0 | N39: 0 | Q39: Completed | T39: Submitted | V39: 45533 | W39: Approved | X39: 45545
A40: =IF(B40>0,A38+1," ") | O40: 328 | Q40: Completed | T40: Submitted | V40: 45533 | W40: Approved | X40: 45545
A41: =IF(B41>0,A39+1," ") -> 18 | B41: 4/1 | C41: DA+6 | K41: 0 | L41: 0 | M41: 0 | N41: 0 | Q41: Completed | T41: Submitted | V41: 45533 | W41: Approved | X41: 45545
A42: =IF(B42>0,A40+1," ") | O42: 333 | Q42: Completed | T42: Submitted | V42: 45533 | W42: Approved | X42: 45545
A43: =IF(B43>0,A41+1," ") -> 19 | B43: 4/2 | C43: DA+3 | K43: 0 | L43: 0 | M43: 0 | N43: 0 | Q43: Completed | T43: Submitted | V43: 45533 | W43: Approved | X43: 45545
A44: =IF(B44>0,A42+1," ") | O44: 350 | Q44: Completed | T44: Submitted | V44: 45533 | W44: Approved | X44: 45545
A45: =IF(B45>0,A43+1," ") -> 20 | B45: 4/3 | C45: DA+6 | K45: 0 | L45: 0 | M45: 0 | N45: 0 | Q45: Completed | T45: Submitted | V45: 45533 | W45: Approved | X45: 45545
A46: =IF(B46>0,A44+1," ") | O46: 331 | Q46: Completed | T46: Submitted | V46: 45533 | W46: Approved | X46: 45545
A47: =IF(B47>0,A45+1," ") -> 21 | B47: 4/4 | C47: DA+3 | K47: 0 | L47: 0 | M47: 0 | N47: 0 | P47: 1732.41 | Q47: Completed | T47: Submitted | V47: 45533 | W47: Approved | X47: 45545
A48: =IF(B48>0,A46+1," ") | O48: 349 | Q48: Completed | T48: Submitted | V48: 45533 | W48: Approved | X48: 45545
A49: =IF(B49>0,A47+1," ") -> 22 | B49: 4/5 | C49: DB+0 | K49: 0 | L49: 0 | M49: 0 | N49: 0 | P49: 349.2 | Q49: Completed | T49: Submitted | V49: 45533 | W49: Approved | X49: 45545
A50: =IF(B50>0,A48+1," ") | O50: 360 | Q50: Completed | T50: Submitted | V50: 45533 | W50: Approved | X50: 45545
A51: =IF(B51>0,A49+1," ") -> 23 | B51: 4/6 | C51: DB+9 | J51: 1 | K51: 0 | L51: 0 | M51: 0 | N51: 0 | P51: 360.27 | Q51: Completed | T51: Submitted | V51: 45533 | W51: Approved | X51: 45545
A52: =IF(B52>0,A50+1," ") | O52: 460 | Q52: Completed | T52: Submitted | V52: 45533 | W52: Approved | X52: 45545
A53: =IF(B53>0,A51+1," ") -> 24 | B53: 4/7 | C53: DB+9 | K53: 0 | L53: 0 | M53: 0 | N53: 0 | P53: 460.04 | Q53: Completed | T53: Submitted | V53: 45533 | W53: Approved | X53: 45545
A54: =IF(B54>0,A52+1," ") | O54: 230 | Q54: Completed | T54: Submitted | V54: 45533 | W54: Approved | X54: 45545
A55: =IF(B55>0,A53+1," ") -> 25 | B55: 4/8 | C55: DB+9 | K55: 0 | L55: 0 | M55: 0 | N55: 0 | P55: 229.26 | Q55: Completed | T55: Submitted | V55: 45533 | W55: Approved | X55: 45545
A56: =IF(B56>0,A54+1," ") | O56: 371.51 | Q56: Completed | T56: Submitted | V56: 45533 | W56: Approved | X56: 45545
A57: =IF(B57>0,A55+1," ") -> 26 | B57: 4/9 | C57: DB+6 | K57: 1 | L57: 1 | M57: 1 | N57: 1 | P57: 351.41 | Q57: Completed | T57: Submitted | V57: 45533 | W57: Approved | X57: 45545
A58: =IF(B58>0,A56+1," ") | O58: 332.47 | Q58: Completed | T58: Submitted | V58: 45533 | W58: Approved | X58: 45545
A59: =IF(B59>0,A57+1," ") -> 27 | B59: 4/10 | C59: DB+6 | K59: 0 | L59: 0 | M59: 0 | N59: 0 | P59: 338.77 | Q59: Completed | T59: Submitted | V59: 45533 | W59: Approved | X59: 45545
A60: =IF(B60>0,A58+1," ") | O60: 424.431 | Q60: Completed | T60: Submitted | V60: 45533 | W60: Approved | X60: 45545
A61: =IF(B61>0,A59+1," ") -> 28 | B61: 4/11 | C61: DB+0 | J61: 3 | K61: 0 | L61: 0 | M61: 0 | N61: 0 | Q61: Completed | T61: Submitted | V61: 45533 | W61: Approved | X61: 45545
A62: =IF(B62>0,A60+1," ") | O62: 326.731 | Q62: Completed | T62: Submitted | V62: 45533 | W62: Approved | X62: 45545
A63: =IF(B63>0,A61+1," ") -> 29 | B63: 4/12 | C63: DA+9 | K63: 0 | L63: 0 | M63: 0 | N63: 0 | Q63: Completed | T63: Submitted | V63: 45533 | W63: Approved | X63: 45545
A64: =IF(B64>0,A62+1," ") | O64: 291.858 | Q64: Completed | T64: Submitted | V64: 45533 | W64: Approved | X64: 45545
A65: =IF(B65>0,A63+1," ") -> 30 | B65: 4/13 | C65: DA+6 | K65: 0 | L65: 0 | M65: 0 | N65: 0 | Q65: Completed | T65: Submitted | V65: 45533 | W65: Approved | X65: 45545
A66: =IF(B66>0,A64+1," ") | O66: 292 | Q66: Completed | T66: Submitted | V66: 45533 | W66: Approved | X66: 45545
A67: =IF(B67>0,A65+1," ") -> 31 | B67: 4/14 | C67: DA+0 | K67: 0 | L67: 0 | M67: 0 | N67: 0 | P67: 1349.09 | Q67: Completed | T67: Submitted | V67: 45533 | W67: Approved | X67: 45545
A68: =IF(B68>0,A66+1," ") | O68: 415 | Q68: Completed | T68: Submitted | V68: 45533 | W68: Approved | X68: 45545
A69: =IF(B69>0,A67+1," ") -> 32 | B69: 4/15 | C69: DB+3 | K69: 0 | L69: 0 | M69: 0 | N69: 0 | P69: 414.59 | Q69: Completed | T69: Submitted | V69: 45533 | W69: Approved | X69: 45545
A70: =IF(B70>0,A68+1," ") | O70: 253 | Q70: Completed | T70: Submitted | V70: 45533 | W70: Approved | X70: 45545
A71: =IF(B71>0,A69+1," ") -> 33 | B71: 4/16 | C71: DB+0 | K71: 0 | L71: 0 | M71: 0 | N71: 0 | P71: 253.29 | Q71: Completed | T71: Submitted | V71: 45533 | W71: Approved | X71: 45545
A72: =IF(B72>0,A70+1," ") | O72: 172.454 | Q72: Completed | T72: Submitted | V72: 45533 | W72: Approved | X72: 45545
A73: =IF(B73>0,A71+1," ") -> 34 | B73: 4/17 | C73: DB+0 | D73: 11° 50' 16"RT | K73: 0 | L73: 0 | M73: 0 | N73: 0 | Q73: Completed | T73: Submitted | V73: 45533 | W73: Approved | X73: 45545
O74: 323 | Q74: Completed | T74: Submitted | W74: Approved
A75: =IF(B75>0,A73+1," ") -> 35 | B75: 5/0 | C75: DB+6 | K75: 0 | L75: 0 | M75: 0 | N75: 0 | P75: 323 | Q75: Completed | T75: Submitted | W75: Approved
O76: 371 | Q76: Completed | T76: Submitted | W76: Approved
A77: =IF(B77>0,A75+1," ") -> 36 | B77: 5/1 | C77: DB+3 | K77: 0 | L77: 0 | M77: 0 | N77: 0 | Q77: Completed | T77: Submitted | W77: Approved
O78: 350 | Q78: Completed | T78: Submitted | W78: Approved
A79: =IF(B79>0,A77+1," ") -> 37 | B79: 5/2 | C79: DA+6 | K79: 0 | L79: 0 | M79: 0 | N79: 0 | Q79: Completed | T79: Submitted | W79: Approved
O80: 291 | Q80: Completed | T80: Submitted | W80: Approved
A81: =IF(B81>0,A79+1," ") -> 38 | B81: 5/3 | C81: DA+3 | D81: 24° 44' 29"LT | K81: 0 | L81: 0 | M81: 0 | N81: 0 | P81: 1012 | Q81: Completed | T81: Submitted | W81: Approved
O82: 322 | Q82: Completed | T82: Submitted | W82: Approved
A83: =IF(B83>0,A81+1," ") -> 39 | B83: 5A/0 | C83: DC+0 | K83: 0 | L83: 0 | M83: 0 | N83: 0 | P83: 322 | Q83: Completed | T83: Submitted | W83: Approved
O84: 284 | Q84: Completed | T84: Submitted | W84: Approved
A85: =IF(B85>0,A83+1," ") -> 40 | B85: 5A/1 | C85: DB+0 | K85: 0 | L85: 0 | M85: 0 | N85: 0 | P85: 284 | Q85: Completed | T85: Submitted | W85: Approved
O86: 282.743 | Q86: Completed | T86: Submitted | W86: Approved
A87: =IF(B87>0,A85+1," ") -> 41 | B87: 5A/2 | C87: DB+0 | D87: 7° 28' 45"RT | K87: 0 | L87: 0 | M87: 0 | N87: 0 | P87: 282.74 | Q87: Completed | T87: Submitted | W87: Approved
O88: 462.058 | Q88: Completed | T88: Submitted | W88: Approved
A89: =IF(B89>0,A87+1," ") -> 42 | B89: 5B/0 | C89: DB+3 | D89: 15° 37' 24"RT | K89: 0 | L89: 0 | M89: 0 | N89: 0 | P89: 462.06 | Q89: Completed | T89: Submitted | W89: Approved
O90: 328.624 | Q90: Completed | T90: Submitted | W90: Approved
A91: =IF(B91>0,A89+1," ") -> 43 | B91: 6/0 | C91: DC+0 | D91: 23° 4' 48"RT | K91: 0 | L91: 0 | M91: 0 | N91: 0 | P91: 328.62 | Q91: Completed | T91: Submitted | W91: Approved
O92: 364.056 | Q92: Completed | T92: Submitted | W92: Approved
A93: =IF(B93>0,A91+1," ") -> 44 | B93: 7/0 | C93: DB+9 | K93: 0 | L93: 0 | M93: 0 | N93: 0 | Q93: Completed | T93: Submitted | W93: Approved
O94: 278.883 | Q94: Completed | T94: Submitted | W94: Approved
A95: =IF(B95>0,A93+1," ") -> 45 | B95: 7/1 | C95: DA+0 | K95: 0 | L95: 0 | M95: 0 | N95: 0 | Q95: Completed | T95: Submitted | W95: Approved
O96: 252.06 | Q96: Completed | T96: Submitted | W96: Approved
A97: =IF(B97>0,A95+1," ") -> 46 | B97: 7/2 | C97: DA+0 | K97: 0 | L97: 0 | M97: 0 | N97: 0 | Q97: Completed | T97: Submitted | W97: Approved
O98: 279.246 | Q98: Completed | T98: Submitted | W98: Approved
A99: =IF(B99>0,A97+1," ") -> 47 | B99: 7/3 | C99: DA+0 | D99: 54° 40' 18"LT | K99: 0 | L99: 0 | M99: 0 | N99: 0 | P99: 1174.25 | Q99: Completed | T99: Submitted | W99: Approved
O100: 134.216 | Q100: Completed | T100: Submitted | W100: Approved
A101: =IF(B101>0,A99+1," ") -> 48 | B101: 8/0 | C101: DD+0 | D101: 38° 34' 26"RT | K101: 0 | L101: 0 | M101: 0 | N101: 0 | P101: 134.22 | Q101: Completed | T101: Submitted | W101: Approved
...

Sheet Check Survey-220kV
A1: =+Summary!A2 -> Name of the Line: 220KV DC AL59 line from Neemuch - Chanderiya + 132KV DC ACSS Line from Chanderiya to Hindustan Zinc
A2: 220kV - Check Survey Progress
A3: Sl. No. | B3: LOC NO | C3: TowerType | D3: Deviation of Angle | E3: CP | F3: Leg Extension | J3: RC | K3: Chimney Extension | O3: Span Length (m) | P3: Section Length | Q3: Detail Survey completion status | T3: Detail Survey Report Submision | W3: Detail Survey Approval | Z3: Remarks
D4: DMS | E4: m | F4: A | G4: B | H4: C | I4: D | J4: m | K4: A | L4: B | M4: C | N4: D | O4: m | P4: m | Q4: Surveyed | R4: DOC | S4: Re-survey | T4: Submitted | U4: Date | V4: Re-submitted | W4: Approved | X4: Date | Y4: Re-apprpved
B5: GANTRY | C5: GANTRY | K5: 0 | L5: 0 | M5: 0 | N5: 0
O6: 47
A7: 1 | B7: 0/0 | C7: DD+0 | D7: 16° 50' 9"RT | K7: 0 | L7: 0 | M7: 0 | N7: 0 | P7: 126.19
O8: 196
A9: =IF(B9>0,A7+1," ") -> 2 | B9: 0/1 | C9: DA+3 | K9: 0 | L9: 0 | M9: 0 | N9: 0
A10: =IF(B10>0,A8+1," ") | O10: 196.743
A11: =IF(B11>0,A9+1," ") -> 3 | B11: 1/0 | C11: DC+0 | D11: 15° 52' 12"RT | K11: 0 | L11: 0 | M11: 0 | N11: 0 | P11: 652.47 | W11: Approved
A12: =IF(B12>0,A10+1," ") | O12: 334 | W12: Approved
A13: =IF(B13>0,A11+1," ") -> 4 | B13: 1/1 | C13: DA+0 | K13: 0 | L13: 0 | M13: 0 | N13: 0 | W13: Approved
A14: =IF(B14>0,A12+1," ") | O14: 319 | W14: Approved
B15: 1/2 | C15: DA+3
O16: 384.318
A17: =IF(B17>0,A13+1," ") -> 5 | B17: 1A/0 | C17: DC+3 | D17: 18° 59' 57"LT | K17: 0 | L17: 0 | M17: 0 | N17: 0 | P17: 683.88 | W17: Approved
A18: =IF(B18>0,A14+1," ") | O18: 329 | W18: Approved
A19: =IF(B19>0,A17+1," ") -> 6 | B19: 1A/1 | C19: DA+3 | K19: 0 | L19: 0 | M19: 0 | N19: 0 | W19: Approved
A20: =IF(B20>0,A18+1," ") | O20: 280 | W20: Approved
A21: =IF(B21>0,A19+1," ") -> 7 | B21: 1A/2 | C21: DC+0 | K21: 0 | L21: 0 | M21: 0 | N21: 0 | W21: Approved
A22: =IF(B22>0,A20+1," ") | O22: 232.098 | W22: Approved
A23: =IF(B23>0,A21+1," ") -> 8 | B23: 1B/0 | C23: DD+3 | D23: 57° 18' 17"LT | K23: 0 | L23: 0 | M23: 0 | N23: 0 | P23: 930.56 | W23: Approved
A24: =IF(B24>0,A22+1," ") | O24: 237.783 | W24: Approved
A25: =IF(B25>0,A23+1," ") -> 9 | B25: 1C/0 | C25: DD+9 | D25: 44° 32' 20"RT | K25: 0 | L25: 0 | M25: 0 | N25: 0 | P25: 249.73 | W25: Approved
A26: =IF(B26>0,A24+1," ") | O26: 334 | W26: Approved
A27: =IF(B27>0,A25+1," ") -> 10 | B27: 1C/1 | C27: DA+6 | K27: 0 | L27: 0 | M27: 0 | N27: 0 | W27: Approved
A28: =IF(B28>0,A26+1," ") | O28: 341.209 | W28: Approved
A29: =IF(B29>0,A27+1," ") -> 11 | B29: 1D/0 | C29: DC+0 | D29: 28° 26' 27"RT | K29: 0 | L29: 0 | M29: 0 | N29: 0 | P29: 588.43 | W29: Approved
A30: =IF(B30>0,A28+1," ") | O30: 306.001 | W30: Approved
A31: =IF(B31>0,A29+1," ") -> 12 | B31: 1D/1 | C31: DA+0 | K31: 0 | L31: 0 | M31: 0 | N31: 0 | W31: Approved
A32: =IF(B32>0,A30+1," ") | O32: 393.92 | W32: Approved
A33: =IF(B33>0,A31+1," ") -> 13 | B33: 1E/0 | C33: DD+6 | D33: 42° 49' 3"RT | K33: 0 | L33: 0 | M33: 0 | N33: 0 | P33: 699.92 | W33: Approved
A34: =IF(B34>0,A32+1," ") | O34: 356.664 | W34: Approved
A35: =IF(B35>0,A33+1," ") -> 14 | B35: 2/0 | C35: DC+6 | D35: 27° 13' 43"RT | K35: 0 | L35: 0 | M35: 0 | N35: 0 | P35: 356.66 | W35: Approved
A36: =IF(B36>0,A34+1," ") | O36: 174.205 | W36: Approved
A37: =IF(B37>0,A35+1," ") -> 15 | B37: 3/0 | C37: DD+3 | D37: 49° 56' 13"RT | K37: 0 | L37: 0 | M37: 0 | N37: 0 | P37: 174.21 | W37: Approved
A38: =IF(B38>0,A36+1," ") | O38: 229.73 | W38: Approved
A39: =IF(B39>0,A37+1," ") -> 16 | B39: 4/0 | C39: DB+9 | D39: 7° 56' 47"LT | K39: 0 | L39: 0 | M39: 0 | N39: 0 | P39: 229.73 | W39: Approved
A40: =IF(B40>0,A38+1," ") | O40: 391 | W40: Approved
A41: =IF(B41>0,A39+1," ") -> 17 | B41: 4/1 | C41: DA+6 | K41: 0 | L41: 0 | M41: 0 | N41: 0 | W41: Approved
A42: =IF(B42>0,A40+1," ") | O42: 328 | W42: Approved
A43: =IF(B43>0,A41+1," ") -> 18 | B43: 4/2 | C43: DA+3 | K43: 0 | L43: 0 | M43: 0 | N43: 0 | W43: Approved
A44: =IF(B44>0,A42+1," ") | O44: 333 | W44: Approved
A45: =IF(B45>0,A43+1," ") -> 19 | B45: 4/3 | C45: DA+6 | K45: 0 | L45: 0 | M45: 0 | N45: 0 | W45: Approved
A46: =IF(B46>0,A44+1," ") | O46: 349.999 | W46: Approved
A47: =IF(B47>0,A45+1," ") -> 20 | B47: 4/4 | C47: DA+3 | K47: 0 | L47: 0 | M47: 0 | N47: 0 | W47: Approved
A48: =IF(B48>0,A46+1," ") | O48: 331.001 | W48: Approved
A49: =IF(B49>0,A47+1," ") -> 21 | B49: 4/5 | C49: DB+0 | K49: 0 | L49: 0 | M49: 0 | N49: 0 | P49: 1732.41 | W49: Approved
A50: =IF(B50>0,A48+1," ") | O50: 349 | W50: Approved
A51: =IF(B51>0,A49+1," ") -> 22 | B51: 4/6 | C51: DB+9 | K51: 0 | L51: 0 | M51: 0 | N51: 0 | P51: 349.2 | W51: Approved
A52: =IF(B52>0,A50+1," ") | O52: 360 | W52: Approved
A53: =IF(B53>0,A51+1," ") -> 23 | B53: 4/7 | C53: DB+9 | K53: 0 | L53: 0 | M53: 0 | N53: 0 | P53: 360.27 | W53: Approved
A54: =IF(B54>0,A52+1," ") | O54: 460 | W54: Approved
A55: =IF(B55>0,A53+1," ") -> 24 | B55: 4/8 | C55: DB+9 | K55: 0 | L55: 0 | M55: 0 | N55: 0 | P55: 460.04 | W55: Approved
A56: =IF(B56>0,A54+1," ") | O56: 230 | W56: Approved
A57: =IF(B57>0,A55+1," ") -> 25 | B57: 4/9 | C57: DB+6 | K57: 0 | L57: 0 | M57: 0 | N57: 0 | P57: 229.26 | W57: Approved
A58: =IF(B58>0,A56+1," ") | O58: 371.51 | W58: Approved
A59: =IF(B59>0,A57+1," ") -> 26 | B59: 4/10 | C59: DB+6 | J59: 1 | K59: 1 | L59: 1 | M59: 1 | N59: 1 | P59: 351.41 | W59: Approved
A60: =IF(B60>0,A58+1," ") | O60: 332.471 | W60: Approved
A61: =IF(B61>0,A59+1," ") -> 27 | B61: 4/11 | C61: DB+0 | K61: 0 | L61: 0 | M61: 0 | N61: 0 | P61: 338.77 | W61: Approved
A62: =IF(B62>0,A60+1," ") | O62: 424.43 | W62: Approved
A63: =IF(B63>0,A61+1," ") -> 28 | B63: 4/12 | C63: DA+9 | K63: 0 | L63: 0 | M63: 0 | N63: 0 | W63: Approved
A64: =IF(B64>0,A62+1," ") | O64: 326.731 | W64: Approved
A65: =IF(B65>0,A63+1," ") -> 29 | B65: 4/13 | C65: DA+6 | K65: 0 | L65: 0 | M65: 0 | N65: 0 | W65: Approved
A66: =IF(B66>0,A64+1," ") | O66: 291.857 | W66: Approved
A67: =IF(B67>0,A65+1," ") -> 30 | B67: 4/14 | C67: DA+0 | K67: 0 | L67: 0 | M67: 0 | N67: 0 | W67: Approved
A68: =IF(B68>0,A66+1," ") | O68: 292.001 | W68: Approved
A69: =IF(B69>0,A67+1," ") -> 31 | B69: 4/15 | C69: DB+3 | K69: 0 | L69: 0 | M69: 0 | N69: 0 | P69: 1349.09 | W69: Approved
A70: =IF(B70>0,A68+1," ") | O70: 415 | W70: Approved
A71: =IF(B71>0,A69+1," ") -> 32 | B71: 4/16 | C71: DB+0 | K71: 0 | L71: 0 | M71: 0 | N71: 0 | P71: 414.59 | W71: Approved
A72: =IF(B72>0,A70+1," ") | O72: 237 | W72: Approved
A73: =IF(B73>0,A71+1," ") -> 33 | B73: 4/17 | C73: DB+0 | K73: 0 | L73: 0 | M73: 0 | N73: 0 | P73: 253.29 | W73: Approved
A74: =IF(B74>0,A72+1," ") | O74: 188.454 | W74: Approved
A75: =IF(B75>0,A73+1," ") -> 34 | B75: 5/0 | C75: DB+6 | D75: 11° 47' 59"RT | K75: 0 | L75: 0 | M75: 0 | N75: 0 | Q75: Completed | R75: 45532 | W75: Approved
O76: 383 | Q76: Completed | R76: 45532 | W76: Approved
A77: =IF(B77>0,A75+1," ") -> 35 | B77: 5/1 | C77: DB+3 | K77: 0 | L77: 0 | M77: 0 | N77: 0 | P77: 383 | Q77: Completed | R77: 45532 | W77: Approved
O78: 311 | Q78: Completed | R78: 45532 | W78: Approved
A79: =IF(B79>0,A77+1," ") -> 36 | B79: 5/2 | C79: DA+6 | K79: 0 | L79: 0 | M79: 0 | N79: 0 | Q79: Completed | R79: 45532 | W79: Approved
O80: 350 | Q80: Completed | R80: 45532 | W80: Approved
A81: =IF(B81>0,A79+1," ") -> 37 | B81: 5/3 | C81: DA+3 | K81: 0 | L81: 0 | M81: 0 | N81: 0 | Q81: Completed | R81: 45532 | W81: Approved
O82: 291 | Q82: Completed | R82: 45532 | W82: Approved
A83: =IF(B83>0,A81+1," ") -> 38 | B83: 5A/0 | C83: DC+0 | D83: 24° 44' 29"LT | K83: 0 | L83: 0 | M83: 0 | N83: 0 | P83: 952 | Q83: Completed | R83: 45532 | W83: Approved
O84: 322 | W84: Approved
A85: =IF(B85>0,A83+1," ") -> 39 | B85: 5A/1 | C85: DB+0 | K85: 0 | L85: 0 | M85: 0 | N85: 0 | P85: 322 | W85: Approved
O86: 284 | W86: Approved
A87: =IF(B87>0,A85+1," ") -> 40 | B87: 5A/2 | C87: DB+0 | K87: 0 | L87: 0 | M87: 0 | N87: 0 | P87: 284 | W87: Approved
O88: 282.743 | W88: Approved
A89: =IF(B89>0,A87+1," ") -> 41 | B89: 5B/0 | C89: DB+3 | D89: 7° 28' 45"RT | K89: 0 | L89: 0 | M89: 0 | N89: 0 | P89: 282.743 | W89: Approved
O90: 462.058 | W90: Approved
A91: =IF(B91>0,A89+1," ") -> 42 | B91: 6/0 | C91: DC+0 | D91: 15° 37' 24"RT | K91: 0 | L91: 0 | M91: 0 | N91: 0 | P91: 462.058 | W91: Approved
O92: 328.624 | W92: Approved
A93: =IF(B93>0,A91+1," ") -> 43 | B93: 7/0 | C93: DB+9 | D93: 23° 4' 48"RT | K93: 0 | L93: 0 | M93: 0 | N93: 0 | P93: 328.624 | W93: Approved
O94: 364.001 | W94: Approved
A95: =IF(B95>0,A93+1," ") -> 44 | B95: 7/1 | C95: DA+0 | K95: 0 | L95: 0 | M95: 0 | N95: 0 | W95: Approved
O96: 279 | W96: Approved
A97: =IF(B97>0,A95+1," ") -> 45 | B97: 7/2 | C97: DA+0 | K97: 0 | L97: 0 | M97: 0 | N97: 0 | W97: Approved
O98: 251.999 | W98: Approved
A99: =IF(B99>0,A97+1," ") -> 46 | B99: 7/3 | C99: DA+0 | K99: 0 | L99: 0 | M99: 0 | N99: 0 | W99: Approved
O100: 279.246 | W100: Approved
...

Sheet Detail Survey-132kV
A1: =+Summary!A2 -> Name of the Line: 220KV DC AL59 line from Neemuch - Chanderiya + 132KV DC ACSS Line from Chanderiya to Hindustan Zinc
A2: 132kV - Detailed Survey Progress
A3: Sl. No. | B3: LOC NO | C3: TowerType | D3: Deviation of Angle | E3: CP | F3: Leg Extension | J3: RC | K3: Chimney Extension | O3: Span Length (m) | P3: Section Length | Q3: Detail Survey completion status | T3: Detail Survey Report Submision | W3: Detail Survey Approval | Z3: Remarks
D4: DMS | E4: m | F4: A | G4: B | H4: C | I4: D | J4: m | K4: A | L4: B | M4: C | N4: D | O4: m | P4: m | Q4: Surveyed | R4: DOC | S4: Re-survey | T4: Submitted | U4: Date | V4: Re-submitted | W4: Approved | X4: Date | Y4: Re-apprpved
B5: Tapping Tower | C5: DD+0 | D5: 2° 10' 33"LT | F5: 0 | G5: 0 | H5: 0 | I5: 0 | K5: 0 | L5: 0 | M5: 0 | N5: 0 | Q5: Completed
O6: 25.917 | Q6: Completed
A7: 1 | B7: DE | C7: DD+0 | D7: 44° 51' 5"RT | F7: 0 | G7: 0 | H7: 0 | I7: 0 | K7: 0 | L7: 0 | M7: 0 | N7: 0 | P7: 25.92 | Q7: Completed
O8: 261.985 | Q8: Completed
A9: =IF(B9>0,A7+1," ") -> 2 | B9: 1/0 | C9: DB+0 | D9: 6° 49' 55"RT | F9: 0 | G9: 0 | H9: 0 | I9: 0 | K9: 0 | L9: 0 | M9: 0 | N9: 0 | P9: 261.99 | Q9: Completed
A10: =IF(B10>0,A8+1," ") | O10: 339.331 | Q10: Completed
A11: =IF(B11>0,A9+1," ") -> 3 | B11: 2/0 | C11: DC+6 | D11: 26° 16' 38"LT | F11: 0 | G11: 0 | H11: 0 | I11: 0 | K11: 0 | L11: 0 | M11: 0 | N11: 0 | P11: 339.33 | Q11: Completed
A12: =IF(B12>0,A10+1," ") | O12: 379.175 | Q12: Completed
A13: =IF(B13>0,A11+1," ") -> 4 | B13: 3/0 | C13: DB+6 | D13: 13° 55' 42"RT | F13: 0 | G13: 0 | H13: 0 | I13: 0 | K13: 0 | L13: 0 | M13: 0 | N13: 0 | P13: 379.18 | Q13: Completed
A14: =IF(B14>0,A12+1," ") | O14: 238 | Q14: Completed
A15: =IF(B15>0,A13+1," ") -> 5 | B15: 3/1 | C15: DA+6 | F15: 0 | G15: 0 | H15: 0 | I15: 0 | K15: 0 | L15: 0 | M15: 0 | N15: 0 | Q15: Completed | T15: Submitted | V15: 45533 | W15: Approved | X15: 45545
A16: =IF(B16>0,A14+1," ") | O16: 260 | Q16: Completed | T16: Submitted | V16: 45533 | W16: Approved | X16: 45545
A17: =IF(B17>0,A15+1," ") -> 6 | B17: 3/2 | C17: DA+3 | F17: 0 | G17: 0 | H17: 0 | I17: 0 | K17: 0 | L17: 0 | M17: 0 | N17: 0 | Q17: Completed | T17: Submitted | V17: 45533 | W17: Approved | X17: 45545
A18: =IF(B18>0,A16+1," ") | O18: 256.018 | Q18: Completed | T18: Submitted | V18: 45533 | W18: Approved | X18: 45545
A19: =IF(B19>0,A17+1," ") -> 7 | B19: 4/0 | C19: DB+0 | D19: 2° 10' 59"RT | F19: 0 | G19: 0 | H19: 0 | I19: 0 | K19: 0 | L19: 0 | M19: 0 | N19: 0 | P19: 754.02 | Q19: Completed | T19: Submitted | V19: 45533 | W19: Approved | X19: 45545
A20: =IF(B20>0,A18+1," ") | O20: 321.753 | Q20: Completed | T20: Submitted | V20: 45533 | W20: Approved | X20: 45545
A21: =IF(B21>0,A19+1," ") -> 8 | B21: 4/1 | C21: DB+0 | F21: 0 | G21: 0 | H21: 0 | I21: 0 | K21: 0 | L21: 0 | M21: 0 | N21: 0 | P21: 321.75 | Q21: Completed | T21: Submitted | V21: 45533 | W21: Approved | X21: 45545
A22: =IF(B22>0,A20+1," ") | O22: 161.247 | Q22: Completed | T22: Submitted | V22: 45533 | W22: Approved | X22: 45545
A23: =IF(B23>0,A21+1," ") -> 9 | B23: 4/2 | C23: DA+3 | F23: 0 | G23: 0 | H23: 0 | I23: 0 | K23: 0 | L23: 0 | M23: 0 | N23: 0 | Q23: Completed | T23: Submitted | V23: 45533 | W23: Approved | X23: 45545
A24: =IF(B24>0,A22+1," ") | O24: 327.381 | Q24: Completed | T24: Submitted | V24: 45533 | W24: Approved | X24: 45545
A25: =IF(B25>0,A23+1," ") -> 10 | B25: 5/0 | C25: DD+3 | D25: 23° 16' 52"RT | F25: 0 | G25: 0 | H25: 0 | I25: 0 | K25: 0 | L25: 0 | M25: 0 | N25: 0 | P25: 488.63 | Q25: Completed | T25: Submitted | V25: 45533 | W25: Approved | X25: 45545
A26: =IF(B26>0,A24+1," ") | O26: 36.276 | Q26: Completed | T26: Submitted | V26: 45533 | W26: Approved | X26: 45545
A27: =IF(B27>0,A25+1," ") -> 11 | B27: 5/1 | C27: GANTRY UC (+2M) | F27: 0 | G27: 0 | H27: 0 | I27: 0 | K27: 0 | L27: 0 | M27: 0 | N27: 0 | P27: 29 | Q27: Completed | T27: Submitted | V27: 45533 | W27: Approved | X27: 45545
A28: =IF(B28>0,A26+1," ") | O28: 61.139 | Q28: Completed | T28: Submitted | V28: 45533 | W28: Approved | X28: 45545
A29: =IF(B29>0,A27+1," ") -> 12 | B29: 5/2 | C29: GANTRY UC (+2M) | F29: 0 | G29: 0 | H29: 0 | I29: 0 | K29: 0 | L29: 0 | M29: 0 | N29: 0 | P29: 81 | Q29: Completed | T29: Submitted | V29: 45533 | W29: Approved | X29: 45545
A30: =IF(B30>0,A28+1," ") | O30: 38.566 | Q30: Completed | T30: Submitted | V30: 45533 | W30: Approved | X30: 45545
A31: =IF(B31>0,A29+1," ") -> 13 | B31: 6/0 | C31: DD+0 | D31: 25° 0' 0"LT | F31: 0 | G31: 0 | H31: 0 | I31: 0 | K31: 0 | L31: 0 | M31: 0 | N31: 0 | P31: 25.98 | Q31: Completed | T31: Submitted | V31: 45533 | W31: Approved | X31: 45545
A32: =IF(B32>0,A30+1," ") | O32: 182.043 | Q32: Completed | T32: Submitted | V32: 45533 | W32: Approved | X32: 45545
A33: =IF(B33>0,A31+1," ") -> 14 | B33: 6A/0 | C33: DD+0 | D33: 53° 55' 29"LT | F33: 0 | G33: 0 | H33: 0 | I33: 0 | K33: 0 | L33: 0 | M33: 0 | N33: 0 | P33: 182.04 | Q33: Completed | T33: Submitted | V33: 45533 | W33: Approved | X33: 45545
A34: =IF(B34>0,A32+1," ") | O34: 204.148 | Q34: Completed | T34: Submitted | V34: 45533 | W34: Approved | X34: 45545
A35: =IF(B35>0,A33+1," ") -> 15 | B35: 7/0 | C35: DB+0 | D35: 12° 53' 30"LT | F35: 0 | G35: 0 | H35: 0 | I35: 0 | K35: 0 | L35: 0 | M35: 0 | N35: 0 | P35: 204.15 | Q35: Completed | T35: Submitted | V35: 45533 | W35: Approved | X35: 45545
A36: =IF(B36>0,A34+1," ") | O36: 254 | Q36: Completed | T36: Submitted | V36: 45533 | W36: Approved | X36: 45545
A37: =IF(B37>0,A35+1," ") -> 16 | B37: 7/1 | C37: DA+3 | F37: 0 | G37: 0 | H37: 0 | I37: 0 | K37: 0 | L37: 0 | M37: 0 | N37: 0 | Q37: Completed | T37: Submitted | V37: 45533 | W37: Approved | X37: 45545
A38: =IF(B38>0,A36+1," ") | O38: 294 | Q38: Completed | T38: Submitted | V38: 45533 | W38: Approved | X38: 45545
A39: =IF(B39>0,A37+1," ") -> 17 | B39: 7/2 | C39: DA+3 | F39: 0 | G39: 0 | H39: 0 | I39: 0 | K39: 0 | L39: 0 | M39: 0 | N39: 0 | Q39: Completed | T39: Submitted | V39: 45533 | W39: Approved | X39: 45545
A40: =IF(B40>0,A38+1," ") | O40: 249.824 | Q40: Completed | T40: Submitted | V40: 45533 | W40: Approved | X40: 45545
A41: =IF(B41>0,A39+1," ") -> 18 | B41: 8/0 | C41: DD+3 | D41: 49° 20' 19"RT | F41: 0 | G41: 0 | H41: 0 | I41: 0 | K41: 0 | L41: 0 | M41: 0 | N41: 0 | P41: 797.82 | Q41: Completed | T41: Submitted | V41: 45533 | W41: Approved | X41: 45545
A42: =IF(B42>0,A40+1," ") | O42: 329.657 | Q42: Completed | T42: Submitted | V42: 45533 | W42: Approved | X42: 45545
A43: =IF(B43>0,A41+1," ") -> 19 | B43: 9/0 | C43: DD+3 | D43: 33° 26' 28"RT | F43: 0 | G43: 0 | H43: 0 | I43: 0 | K43: 0 | L43: 0 | M43: 0 | N43: 0 | P43: 329.66 | Q43: Completed | T43: Submitted | V43: 45533 | W43: Approved | X43: 45545
A44: =IF(B44>0,A42+1," ") | O44: 170 | Q44: Completed | T44: Submitted | V44: 45533 | W44: Approved | X44: 45545
A45: =IF(B45>0,A43+1," ") -> 20 | B45: 9/1 | C45: DA+6 | F45: 0 | G45: 0 | H45: 0 | I45: 0 | K45: 0 | L45: 0 | M45: 0 | N45: 0 | Q45: Completed | T45: Submitted | V45: 45533 | W45: Approved | X45: 45545
A46: =IF(B46>0,A44+1," ") | O46: 312 | Q46: Completed | T46: Submitted | V46: 45533 | W46: Approved | X46: 45545
A47: =IF(B47>0,A45+1," ") -> 21 | B47: 9/2 | C47: DA+6 | F47: 0 | G47: 0 | H47: 0 | I47: 0 | J47: 3 | K47: 3 | L47: 3 | M47: 3 | N47: 3 | Q47: Completed | T47: Submitted | V47: 45533 | W47: Approved | X47: 45545
A48: =IF(B48>0,A46+1," ") | O48: 259.919 | Q48: Completed | T48: Submitted | V48: 45533 | W48: Approved | X48: 45545
A49: =IF(B49>0,A47+1," ") -> 22 | B49: 10/0 | C49: DD+6 | D49: 16° 17' 32"RT | F49: 0 | G49: 0 | H49: 0 | I49: 0 | J49: 3 | K49: 3 | L49: 3 | M49: 3 | N49: 3 | P49: 741.92 | Q49: Completed | T49: Submitted | V49: 45533 | W49: Approved | X49: 45545
A50: =IF(B50>0,A48+1," ") | O50: 215.125 | Q50: Completed | T50: Submitted | V50: 45533 | W50: Approved | X50: 45545
A51: =IF(B51>0,A49+1," ") -> 23 | B51: 11/0 | C51: DD+6 | D51: 21° 26' 57"RT | F51: 0 | G51: 0 | H51: 0 | I51: 0 | J51: 3 | K51: 3 | L51: 3 | M51: 3 | N51: 3 | P51: 215.13 | Q51: Completed | T51: Submitted | V51: 45533 | W51: Approved | X51: 45545
A52: =IF(B52>0,A50+1," ") | O52: 316.145 | Q52: Completed | T52: Submitted | V52: 45533 | W52: Approved | X52: 45545
A53: =IF(B53>0,A51+1," ") -> 24 | B53: 12/0 | C53: DB+0 | D53: 2° 8' 42"LT | F53: 0 | G53: 0 | H53: 0 | I53: 0 | K53: 0 | L53: 0 | M53: 0 | N53: 0 | P53: 316.15 | Q53: Completed | T53: Submitted | V53: 45533 | W53: Approved | X53: 45545
A54: =IF(B54>0,A52+1," ") | O54: 267 | Q54: Completed | T54: Submitted | V54: 45533 | W54: Approved | X54: 45545
A55: =IF(B55>0,A53+1," ") -> 25 | B55: 12/1 | C55: DA+3 | F55: 0 | G55: 0 | H55: 0 | I55: 0 | K55: 0 | L55: 0 | M55: 0 | N55: 0 | Q55: Completed | T55: Submitted | V55: 45533 | W55: Approved | X55: 45545
A56: =IF(B56>0,A54+1," ") | O56: 267.185 | Q56: Completed | T56: Submitted | V56: 45533 | W56: Approved | X56: 45545
A57: =IF(B57>0,A55+1," ") -> 26 | B57: 13/0 | C57: DD+0 | D57: 23° 12' 4"LT | F57: 0 | G57: 0 | H57: 0 | I57: 0 | K57: 1 | L57: 1 | M57: 1 | N57: 1 | P57: 534.19 | Q57: Completed | T57: Submitted | V57: 45533 | W57: Approved | X57: 45545
A58: =IF(B58>0,A56+1," ") | O58: 87.412 | Q58: Completed | T58: Submitted | V58: 45533 | W58: Approved | X58: 45545
A59: =IF(B59>0,A57+1," ") -> 27 | B59: 13/1 | C59: GANTRY UC (+2M) | F59: 0 | G59: 0 | H59: 0 | I59: 0 | K59: 0 | L59: 0 | M59: 0 | N59: 0 | P59: 85 | Q59: Completed | T59: Submitted | V59: 45533 | W59: Approved | X59: 45545
A60: =IF(B60>0,A58+1," ") | O60: 66.461 | Q60: Completed | T60: Submitted | V60: 45533 | W60: Approved | X60: 45545
A61: =IF(B61>0,A59+1," ") -> 28 | B61: 13/2 | C61: GANTRY UC (+2M) | F61: 0 | G61: 0 | H61: 0 | I61: 0 | K61: 0 | L61: 0 | M61: 0 | N61: 0 | P61: 70 | Q61: Completed | T61: Submitted | V61: 45533 | W61: Approved | X61: 45545
A62: =IF(B62>0,A60+1," ") | O62: 56.382 | Q62: Completed | T62: Submitted | V62: 45533 | W62: Approved | X62: 45545
A63: =IF(B63>0,A61+1," ") -> 29 | B63: 14/0 | C63: DD+6 | D63: 29° 21' 6"RT | F63: 0 | G63: 0 | H63: 0 | I63: 0 | K63: 0 | L63: 0 | M63: 0 | N63: 0 | P63: 55.25 | Q63: Completed | T63: Submitted | V63: 45533 | W63: Approved | X63: 45545
A64: =IF(B64>0,A62+1," ") | O64: 224.231 | Q64: Completed | T64: Submitted | V64: 45533 | W64: Approved | X64: 45545
A65: =IF(B65>0,A63+1," ") -> 30 | B65: 15/0 | C65: DD+3 | D65: 33° 34' 25"LT | F65: 0 | G65: 0 | H65: 0 | I65: 0 | K65: 0 | L65: 0 | M65: 0 | N65: 0 | P65: 224.23 | Q65: Completed | T65: Submitted | V65: 45533 | W65: Approved | X65: 45545
A66: =IF(B66>0,A64+1," ") | O66: 276 | Q66: Completed | T66: Submitted | V66: 45533 | W66: Approved | X66: 45545
A67: =IF(B67>0,A65+1," ") -> 31 | B67: 15/1 | C67: DA+0 | F67: 0 | G67: 0 | H67: 0 | I67: 0 | K67: 0 | L67: 0 | M67: 0 | N67: 0 | Q67: Completed | T67: Submitted | V67: 45533 | W67: Approved | X67: 45545
A68: =IF(B68>0,A66+1," ") | O68: 244 | Q68: Completed | T68: Submitted | V68: 45533 | W68: Approved | X68: 45545
A69: =IF(B69>0,A67+1," ") -> 32 | B69: 15/2 | C69: DA+0 | F69: 0 | G69: 0 | H69: 0 | I69: 0 | K69: 0 | L69: 0 | M69: 0 | N69: 0 | Q69: Completed | T69: Submitted | V69: 45533 | W69: Approved | X69: 45545
A70: =IF(B70>0,A68+1," ") | O70: 241 | Q70: Completed | T70: Submitted | V70: 45533 | W70: Approved | X70: 45545
A71: =IF(B71>0,A69+1," ") -> 33 | B71: 15/3 | C71: DA+0 | F71: 0 | G71: 0 | H71: 0 | I71: 0 | K71: 0 | L71: 0 | M71: 0 | N71: 0 | Q71: Completed | T71: Submitted | V71: 45533 | W71: Approved | X71: 45545
A72: =IF(B72>0,A70+1," ") | O72: 240.727 | Q72: Completed | T72: Submitted | V72: 45533 | W72: Approved | X72: 45545
A73: =IF(B73>0,A71+1," ") -> 34 | B73: 16/0 | C73: DD+0 | D73: 5° 27' 59"RT | F73: 0 | G73: 0 | H73: 0 | I73: 0 | K73: 0 | L73: 0 | M73: 0 | N73: 0 | P73: 1001.73 | Q73: Completed | T73: Submitted | V73: 45533 | W73: Approved | X73: 45545
O74: 48 | Q74: Completed | T74: Submitted | W74: Approved
A75: =IF(B75>0,A73+1," ") -> 35 | B75: 16/1 | C75: GANTRY UC (+2M) | F75: 0 | G75: 0 | H75: 0 | I75: 0 | K75: 0 | L75: 0 | M75: 0 | N75: 0 | P75: 48 | Q75: Completed | T75: Submitted | W75: Approved
O76: 49 | Q76: Completed | T76: Submitted | W76: Approved
A77: =IF(B77>0,A75+1," ") -> 36 | B77: 16/2 | C77: GANTRY UC (+2M) | F77: 0 | G77: 0 | H77: 0 | I77: 0 | K77: 0 | L77: 0 | M77: 0 | N77: 0 | P77: 49 | Q77: Completed | T77: Submitted | W77: Approved
O78: 48.938 | Q78: Completed | T78: Submitted | W78: Approved
A79: =IF(B79>0,A77+1," ") -> 37 | B79: 17/0 | C79: DD+0 | D79: 29° 14' 60"LT | F79: 0 | G79: 0 | H79: 0 | I79: 0 | K79: 0 | L79: 0 | M79: 0 | N79: 0 | P79: 48.94 | Q79: Completed | T79: Submitted | W79: Approved
O80: 165.147 | Q80: Completed | T80: Submitted | W80: Approved
A81: =IF(B81>0,#REF!+1," ") -> #REF! | B81: 18/0 | C81: DE+0 (AUX) | D81: 89° 59' 59"RT | F81: 0 | G81: 0 | H81: 0 | I81: 0 | P81: 165.15
A82: =IF(B82>0,#REF!+1," ") | O82: 39.999
A83: =IF(B83>0,A81+1," ") -> #REF! | B83: GANTRY | C83: GANTRY | F83: 0 | G83: 0 | H83: 0 | I83: 0 | P83: 40
A84: =IF(B84>0,A82+1," ")
A85: =IF(B85>0,A83+1," ")
A86: =IF(B86>0,A84+1," ")
A87: =IF(B87>0,A85+1," ")
A88: =IF(B88>0,A86+1," ")
A89: =IF(B89>0,A87+1," ")
A90: =IF(B90>0,A88+1," ")
A91: =IF(B91>0,A89+1," ")
A92: =IF(B92>0,A90+1," ")
A93: =IF(B93>0,A91+1," ")
A94: =IF(B94>0,A92+1," ")
A95: =IF(B95>0,A93+1," ")
... A165: =IF(B165>0,A163+1," ")
O331: =SUM(O6:O330)/1000 -> 7.815131 | Q331: =SUMIF(Q5:Q330,"Completed",$O$5:$O$330)/1000 -> 7.775132 | T331: =SUMIF(T5:T330,"Submitted",$O$5:$O$330)/1000 -> 6.530724 | W331: =SUMIF(W5:W330,"Approved",$O$5:$O$330)/1000 -> 6.530724

Sheet Check Survey-132kV
A1: =+Summary!A2 -> Name of the Line: 220KV DC AL59 line from Neemuch - Chanderiya + 132KV DC ACSS Line from Chanderiya to Hindustan Zinc
A2: 220kV - Check Survey Progress
A3: Sl. No. | B3: LOC NO | C3: TowerType | D3: Deviation of Angle | E3: CP | F3: Leg Extension | J3: RC | K3: Chimney Extension | O3: Span Length (m) | P3: Section Length | Q3: Detail Survey completion status | T3: Detail Survey Report Submision | W3: Detail Survey Approval | Z3: Remarks
D4: DMS | E4: m | F4: A | G4: B | H4: C | I4: D | J4: m | K4: A | L4: B | M4: C | N4: D | O4: m | P4: m | Q4: Surveyed | R4: DOC | S4: Re-survey | T4: Submitted | U4: Date | V4: Re-submitted | W4: Approved | X4: Date | Y4: Re-apprpved
B5: GANTRY | C5: GANTRY | K5: 0 | L5: 0 | M5: 0 | N5: 0
A6: =IF(B6>0,#REF!+1," ") -> #REF! | B6: 1/0 | C6: DE+0 | D6: 42° 49' 3"RT | K6: 0 | L6: 0 | M6: 0 | N6: 0 | P6: 699.92
A7: =IF(B7>0,#REF!+1," ") | O7: 230.15
A8: =IF(B8>0,A6+1," ") -> #REF! | B8: 2/0 | C8: DB+0 | D8: 27° 13' 43"RT | K8: 0 | L8: 0 | M8: 0 | N8: 0 | P8: 356.66
A9: =IF(B9>0,A7+1," ") | O9: 234.56
A10: =IF(B10>0,A8+1," ") -> #REF! | B10: 2/1 | C10: DB+6 | D10: 49° 56' 13"RT | K10: 0 | L10: 0 | M10: 0 | N10: 0 | P10: 174.21
A11: =IF(B11>0,A9+1," ") | O11: 251.12
A12: =IF(B12>0,A10+1," ") -> #REF! | B12: 3/0 | C12: DD+0 | D12: 7° 56' 47"LT | K12: 0 | L12: 0 | M12: 0 | N12: 0
A13: =IF(B13>0,A11+1," ") | O13: 183
A14: =IF(B14>0,A12+1," ") -> #REF! | B14: 3/1 | C14: DA+3 | K14: 0 | L14: 0 | M14: 0 | N14: 0 | P14: 321.75
A15: =IF(B15>0,A13+1," ") | O15: 182.07
A16: =IF(B16>0,A14+1," ") -> #REF! | B16: 4/0 | C16: DC+0 | K16: 0 | L16: 0 | M16: 0 | N16: 0
A17: =IF(B17>0,A15+1," ") | O17: 328.09
A18: =IF(B18>0,A16+1," ") -> #REF! | B18: 5/0 | C18: DD+3 | K18: 0 | L18: 0 | M18: 0 | N18: 0 | P18: 488.63 | Q18: Completed | W18: Approved
A19: =IF(B19>0,A17+1," ") | O19: 40 | Q19: Completed | W19: Approved
A20: =IF(B20>0,A18+1," ") -> #REF! | B20: 5/1 | C20: GANTRY UC (+2M) | K20: 0 | L20: 0 | M20: 0 | N20: 0 | P20: 40 | Q20: Completed | W20: Approved
A21: =IF(B21>0,A19+1," ") | O21: 57.415 | Q21: Completed | W21: Approved
A22: =IF(B22>0,A20+1," ") -> #REF! | B22: 5/2 | C22: GANTRY UC (+2M) | K22: 0 | L22: 0 | M22: 0 | N22: 0 | P22: 57.42 | Q22: Completed | W22: Approved
A23: =IF(B23>0,A21+1," ") | O23: 38.566 | Q23: Completed | W23: Approved
A24: =IF(B24>0,A22+1," ") -> #REF! | B24: 6/0 | C24: DD+0 | K24: 0 | L24: 0 | M24: 0 | N24: 0 | P24: 38.57 | Q24: Completed | W24: Approved
A25: =IF(B25>0,A23+1," ") | O25: 182.043 | Q25: Completed | W25: Approved
A26: =IF(B26>0,A24+1," ") -> #REF! | B26: 6A/0 | C26: DD+0 | K26: 0 | L26: 0 | M26: 0 | N26: 0 | P26: 182.04 | Q26: Completed | W26: Approved
A27: =IF(B27>0,A25+1," ") | O27: 204.148 | Q27: Completed | W27: Approved
A28: =IF(B28>0,A26+1," ") -> #REF! | B28: 7/0 | C28: DB+0 | K28: 0 | L28: 0 | M28: 0 | N28: 0 | P28: 204.15 | Q28: Completed | W28: Approved
A29: =IF(B29>0,A27+1," ") | O29: 230 | Q29: Completed | W29: Approved
A30: =IF(B30>0,A28+1," ") -> #REF! | B30: 7/1 | C30: DA+3 | K30: 0 | L30: 0 | M30: 0 | N30: 0 | Q30: Completed | W30: Approved
A31: =IF(B31>0,A29+1," ") | O31: 294 | Q31: Completed | W31: Approved
A32: =IF(B32>0,A30+1," ") -> #REF! | B32: 7/2 | C32: DA+3 | J32: 1 | K32: 1 | L32: 1 | M32: 1 | N32: 1 | Q32: Completed | W32: Approved
A33: =IF(B33>0,A31+1," ") | O33: 249.82 | Q33: Completed | W33: Approved
A34: =IF(B34>0,A32+1," ") -> #REF! | B34: 8/0 | C34: DD+3 | K34: 0 | L34: 0 | M34: 0 | N34: 0 | Q34: Completed | W34: Approved
A35: =IF(B35>0,A33+1," ") | O35: 329.66 | Q35: Completed | W35: Approved
A36: =IF(B36>0,A34+1," ") -> #REF! | B36: 9/0 | C36: DD+3 | K36: 0 | L36: 0 | M36: 0 | N36: 0 | Q36: Completed | W36: Approved
A37: =IF(B37>0,A35+1," ") | O37: 170 | Q37: Completed | W37: Approved
A38: =IF(B38>0,A36+1," ") -> #REF! | B38: 9/1 | C38: DA+6 | K38: 0 | L38: 0 | M38: 0 | N38: 0 | Q38: Completed | W38: Approved
A39: =IF(B39>0,A37+1," ") | O39: 312 | Q39: Completed | W39: Approved
A40: =IF(B40>0,A38+1," ") -> #REF! | B40: 9/2 | C40: DA+6 | K40: 0 | L40: 0 | M40: 0 | N40: 0 | Q40: Completed | W40: Approved
A41: =IF(B41>0,A39+1," ") | O41: 259.92 | Q41: Completed | W41: Approved
A42: =IF(B42>0,A40+1," ") -> #REF! | B42: 10/0 | C42: DD+6 | K42: 0 | L42: 0 | M42: 0 | N42: 0 | Q42: Completed | W42: Approved
A43: =IF(B43>0,A41+1," ") | O43: 215.13 | Q43: Completed | W43: Approved
A44: =IF(B44>0,A42+1," ") -> #REF! | B44: 11/0 | C44: DD+6 | K44: 0 | L44: 0 | M44: 0 | N44: 0 | Q44: Completed | W44: Approved
A45: =IF(B45>0,A43+1," ") | O45: 316.15 | Q45: Completed | W45: Approved
A46: =IF(B46>0,A44+1," ") -> #REF! | B46: 12/0 | C46: DB+0 | K46: 0 | L46: 0 | M46: 0 | N46: 0 | Q46: Completed | W46: Approved
A47: =IF(B47>0,A45+1," ") | O47: 267 | P47: 267 | Q47: Completed | W47: Approved
A48: =IF(B48>0,A46+1," ") -> #REF! | B48: 12/1 | C48: DA+3 | D48: 11° 47' 59"RT | K48: 0 | L48: 0 | M48: 0 | N48: 0 | Q48: Completed | W48: Approved
O49: 267.185 | P49: 267.185 | Q49: Completed | W49: Approved
A50: =IF(B50>0,A48+1," ") -> #REF! | B50: 13/0 | C50: DD+0 | K50: 0 | L50: 0 | M50: 0 | N50: 0 | Q50: Completed | W50: Approved
O51: 87.412 | P51: 87.412 | Q51: Completed | W51: Approved
A52: =IF(B52>0,A50+1," ") -> #REF! | B52: 13/1 | C52: GANTRY UC (+2M) | K52: 0 | L52: 0 | M52: 0 | N52: 0 | Q52: Completed | W52: Approved
O53: 66.461 | P53: 66.461 | Q53: Completed | W53: Approved
A54: =IF(B54>0,A52+1," ") -> #REF! | B54: 13/2 | C54: GANTRY UC (+2M) | K54: 0 | L54: 0 | M54: 0 | N54: 0 | Q54: Completed | W54: Approved
O55: 56.381 | P55: 56.381 | Q55: Completed | W55: Approved
A56: =IF(B56>0,A54+1," ") -> #REF! | B56: 14/0 | C56: DD+6 | D56: 24° 44' 29"LT | K56: 0 | L56: 0 | M56: 0 | N56: 0 | Q56: Completed | W56: Approved
O57: 224.231 | P57: 224.231 | Q57: Completed | W57: Approved
B58: 15/0 | C58: DD+3 | Q58: Completed | W58: Approved
O59: 276 | P59: 276 | Q59: Completed | W59: Approved
B60: 15/1 | C60: DA+0 | Q60: Completed | W60: Approved
O61: 244 | P61: 244 | Q61: Completed | W61: Approved
B62: 15/2 | C62: DA+0 | Q62: Completed | W62: Approved
O63: 241 | P63: 241 | Q63: Completed | W63: Approved
B64: 15/3 | C64: DA+0 | Q64: Completed | W64: Approved
O65: 240.727 | P65: 240.727 | Q65: Completed | W65: Approved
B66: 16/0 | C66: DD+0 | Q66: Completed | W66: Approved
O67: 48 | P67: 48 | Q67: Completed | W67: Approved
B68: 16/1 | C68: GANTRY UC (+2M) | Q68: Completed | W68: Approved
O69: 49 | P69: 49 | Q69: Completed | W69: Approved
B70: 16/2 | C70: GANTRY UC (+2M) | Q70: Completed | W70: Approved
O71: 48.938 | P71: 48.938 | Q71: Completed | W71: Approved
B72: 17/0 | C72: DD+0 | Q72: Completed | W72: Approved
O73: 165.147 | P73: 165.147 | Q73: Completed | W73: Approved
B74: 18/0 | C74: DE+0 (AUX) | Q74: Completed | W74: Approved
O75: 39.999 | P75: 39.999 | Q75: Completed | W75: Approved
B76: GANTRY | C76: GANTRY | W76: Approved
W77: Approved
W78: Approved
W79: Approved
W80: Approved
W81: Approved
W82: Approved
W83: Approved
W84: Approved
W85: Approved
W86: Approved
W87: Approved
W88: Approved
... W121: Approved
O122: =SUM(O6:O121)/1000 -> 6.629323 | Q122: =SUMIF(Q5:Q121,"Completed",$O$5:$O$121)/1000 -> 5.220333 | T122: =SUMIF(T5:T121,"Submitted",$O$5:$O$121)/1000 -> 0

Sheet Summary
A1: Client: M/S STERLITE POWER TRANSMISSION LIMITED
A2: Name of the Line: 220KV DC AL59 line from Neemuch - Chanderiya + 132KV DC ACSS Line from Chanderiya to Hindustan Zinc | O2: Contractual Start Date : | R2: 45449
A3: Name of Document : Daily Progress Report (DPR) | O3: Contractual Completion Date: | R3: 45802
A4: Office: Neemuch | O4: Revised Completion Date : | R4: 46112
A5: Progress of 220kV Line | Q5: Date: | R5: 46092
A6: Sr. No. | B6: Activity | C6: UoM | D6: Total Quantity | E6: As per L2 | G6: Cumm. Progress up to last Month | I6: Progress of Current Month (March'26) | L6: Cumulative till current month | O6: Resources Status | R6: Critical Issues, if any & Remark
E7: Start Date | F7: End Date | G7: L2 | H7: Actual | I7: Plan | J7: Today | K7: Progress in Month | L7: Target (L2) | M7: Completed | N7: Balance | O7: Targeted Gang | P7: Available Gang | Q7: Shortfall Gang
A8: 1 | B8: Detailed Survey | C8: Kms | D8: 64 | E8: 45461 | F8: 45535 | G8: 64 | H8: 64.178 | I8: 0 | J8: 0 | K8: =M8-H8 -> 0 | L8: 64 | M8: 64.178 | N8: =D8-M8 -> -0.178 | O8: 0 | P8: 0 | Q8: =+O8-P8 -> 0
A9: 2 | B9: Check Survey | C9: Kms | D9: 64 | E9: 45474 | F9: 45565 | G9: 64 | H9: =H8 -> 64.178 | I9: 0 | J9: 0 | K9: =M9-H9 -> 0 | L9: 64 | M9: =M8 -> 64.178 | N9: =D9-M9 -> -0.178 | Q9: =+O9-P9 -> 0
A10: 3 | B10: Foundation | C10: Nos. | D10: 199 | E10: 45505 | F10: 45688 | G10: 199 | H10: 195 | I10: 4 | J10: 1 | K10: =M10-H10 -> 0 | L10: 199 | M10: ='Progress-220kV'!AM407-2 -> 195 | N10: =D10-M10 -> 4 | O10: 0 | P10: 0 | Q10: =+O10-P10 -> 0
A11: 4 | B11: Earthing | C11: Nos. | D11: 199 | E11: 45505 | F11: 45688 | G11: 199 | H11: 195 | I11: 4 | J11: 0 | K11: =M11-H11 -> 0 | L11: 199 | M11: ='Progress-220kV'!AV407-2 -> 195 | N11: =D11-M11 -> 4
A12: 5 | B12: Tower Erection | C12: Nos. | D12: 199 | E12: 45555 | F12: 45716 | G12: 199 | H12: 194 | I12: 5 | J12: 0 | K12: =M12-H12 -> 0 | L12: 199 | M12: ='Progress-220kV'!BB407-2 -> 194 | N12: =D12-M12 -> 5 | O12: 0 | P12: 0 | Q12: =+O12-P12 -> 0 | AQ12: 12500
A13: 6 | B13: Tack Welding | C13: Nos. | D13: 199 | E13: 45555 | F13: 45716 | G13: 199 | H13: 182 | I13: 27 | J13: 0 | K13: =M13-H13 -> 0 | L13: 199 | M13: ='Progress-220kV'!BI5 -> 182 | N13: =D13-M13 -> 17 | O13: 1 | P13: 0 | Q13: =+O13-P13 -> 1
A14: 7 | B14: Stringing | C14: Kms | K14: =M14-H14 -> 0 | R14: Conductor Paying out insection AP8D/0 to 8C/0 (33KV Shutdown) | AQ14: =9 -> 9
A15: i | B15: Paying Out | C15: Kms | D15: 64 | E15: 45607 | F15: 45777 | G15: 64 | H15: 58.5 | I15: =G15-H15 -> 5.5 | J15: 0 | K15: =M15-H15 -> 1.063575 | L15: 64 | M15: ='Stringing-220kV'!I3 -> 59.563575 | N15: =D15-M15 -> 4.436425 | O15: 2 | P15: 1 | Q15: =+O15-P15 -> 1 | AQ15: 15
A16: ii | B16: Final Sag | C16: Kms | D16: 64 | E16: 45607 | F16: 45777 | G16: 64 | H16: 57.4 | I16: 7 | J16: 0 | K16: =M16-H16 -> 1.060325 | L16: 64 | M16: ='Stringing-220kV'!L3 -> 58.460325 | N16: =D16-M16 -> 5.539675
A17: iii | B17: OPGW | C17: Kms | D17: 64 | E17: 45627 | F17: 45777 | G17: 64 | H17: 39.3 | I17: 25 | J17: 0 | K17: =M17-H17 -> 0.001041 | L17: 64 | M17: ='Stringing-220kV'!Y3 -> 39.301041 | N17: =D17-M17 -> 24.698959 | O17: 1 | P17: 0 | Q17: =+O17-P17 -> 1
A19: Progress of 132kV Line | Q19: Date: | R19: =+R5 -> 46092
A20: Sr. No. | B20: Activity | C20: UoM | D20: Total Quantity | E20: As per L2 | G20: Cumm. Progress up to last Month | I20: =+I6 -> Progress of Current Month (March'26) | L20: Cumulative till current month | O20: Resources Status | R20: Critical Issues, if any & Remark
E21: Start Date | F21: End Date | G21: L2 | H21: Actual | I21: Plan | J21: Today | K21: Progress in Month | L21: Target (L2) | M21: Completed | N21: Balance | O21: Targeted Gang | P21: Available Gang | Q21: Shortfall Gang
A22: 1 | B22: Detailed Survey | C22: Kms | D22: 9 | E22: 45461 | F22: 45535 | G22: 9 | H22: 9 | J22: 0 | K22: =M22-H22 -> 0 | L22: 9 | M22: 9 | N22: =D22-M22 -> 0 | Q22: =+O22-P22 -> 0
A23: 2 | B23: Check Survey | C23: Kms | D23: 9 | E23: 45474 | F23: 45565 | G23: 9 | H23: 9 | J23: 0 | K23: =M23-H23 -> 0 | L23: 9 | M23: 9 | N23: =D23-M23 -> 0 | Q23: =+O23-P23 -> 0
A24: 3 | B24: Foundation | C24: Nos. | D24: 39 | E24: 45505 | F24: 45688 | G24: 39 | H24: 27 | I24: 12 | J24: 0 | K24: =M24-H24 -> 1 | L24: 39 | M24: ='Progress-132kV'!AF87 -> 28 | N24: =D24-M24 -> 11 | O24: 2 | P24: 2 | Q24: =O24-P24 -> 0 | R24: 1/0 Excavation U/P 4/1 RCC U/P 4/2 RCC U/P 6/4 Excavation Completed
A25: 4 | B25: Earthing | C25: Nos. | D25: 39 | E25: 45505 | F25: 45688 | G25: 39 | H25: 25 | I25: 12 | J25: 0 | K25: =M25-H25 -> 0 | L25: 39 | M25: ='Progress-132kV'!AL87 -> 25 | N25: =D25-M25 -> 14 | O25: 2 | P25: 2 | Q25: 0
A26: 5 | B26: Tower Erection | C26: Nos. | D26: 39 | E26: 45555 | F26: 45716 | G26: 39 | H26: 23 | I26: 12 | J26: 0 | K26: =M26-H26 -> 0 | L26: 39 | M26: ='Progress-132kV'!AQ87 -> 23 | N26: =D26-M26 -> 16 | O26: 1 | P26: 0 | Q26: =+O26-P26 -> 1
A27: 6 | B27: Tack Welding | C27: Nos. | D27: 39 | E27: 45555 | F27: 45716 | G27: 39 | H27: 9 | I27: 16 | J27: 0 | K27: 0 | L27: 39 | M27: ='Progress-132kV'!AV87 -> 11 | N27: =D27-M27 -> 28 | O27: 1 | P27: 0 | Q27: =+O27-P27 -> 1
A28: 7 | B28: Stringing | J28: 0 | K28: =M28-H28 -> 0
A29: i | B29: Paying Out | C29: Kms | D29: 9 | E29: 45607 | F29: 45777 | G29: 9 | H29: 0 | I29: 9 | J29: 0 | K29: =M29-H29 -> 1.398406 | L29: 9 | M29: ='Stringing-132KV'!I3 -> 1.398406 | N29: =D29-M29 -> 7.601594 | O29: 1 | P29: 1 | Q29: =+O29-P29 -> 0 | R29: 13/1 to 13/0 and 13/0 to 12/0 Paying out arrangement
A30: ii | B30: Final Sag | C30: Kms | D30: 9 | E30: 45607 | F30: 45777 | G30: 9 | H30: 0 | I30: 9 | J30: 0 | K30: =M30-H30 -> 1.398406 | L30: 9 | M30: ='Stringing-132KV'!L3 -> 1.398406 | N30: =D30-M30 -> 7.601594 | O30: 1 | P30: 1
A31: iii | B31: OPGW | C31: Kms | D31: 9 | E31: 45627 | F31: 45777 | G31: 9 | H31: 0 | I31: 9 | J31: 0 | K31: =M31-H31 -> 0 | L31: 9 | N31: =D31-M31 -> 9 | Q31: =+O31-P31 -> 0

Sheet Statutory
A1: =+Summary!A2 -> Name of the Line: 220KV DC AL59 line from Neemuch - Chanderiya + 132KV DC ACSS Line from Chanderiya to Hindustan Zinc
A2: SI No | B2: Name of Existing Line/Croccing | C2: Name of the owner of existing line | D2: Crossing Type | E2: Existing Crossing Span (M) | F2: Existing Tower/K MP No | G2: AP | H2: Tower Type | I2: RC if any | J2: Crossing Angle | K2: Crossing Span Length | L2: Electrical Clearance | M2: Proposal Preparation | N2: Proposal Submission to Sterlite on | O2: Submission to concerned office | P2: Joint site inspection | Q2: Submission of charges (if any) | R2: NOC Received on | S2: Remarks
A3: Statutory/Crossing Tracker - 220KV D/C Line
A4: 1 | B4: NH-27 | C4: NHAI | D4: NH | G4: 1B/0-1C/0 | H4: 1B/0(DD+3)-1C/0(DD+3) | I4: - | K4: 248
A5: 2 | B5: NH-27 | C5: NHAI | D5: NH | G5: 3/0-4/0 | H5: 3/0(DD+3)-4/0(DB+9) | I5: - | K5: 229.73
A6: 3 | B6: 220KV S/C LINE | C6: PGCIL | D6: PLC | E6: 179-180 | G6: 24/0-25/0 | H6: 24/0(DD+9)-25/0(DD+18) | I6: 3M & 2M | K6: 190.52
A7: 4 | B7: 220KV D/C RPB-CGH LINE | C7: PGCIL | D7: PLC | E7: 179-180 | G7: 26/0-27/0 | H7: 26/0(DD+18)-27/0(DD+18) | I7: 3M & 0M | K7: 142.38
A8: 5 | B8: 400KV T/L | D8: PLC | G8: 28/1-28/2 | H8: 28/1(Gantry)-28/2(Gantry) | I8: - | K8: 44
A9: 6 | B9: WATER RESERVOIR BOUNDARY | G9: 31/0-31/1 | H9: 31/0(DB+0)-31/1(DA+6) | I9: 0M & 4M | K9: 361
A11: Statutory/Crossing Tracker - 132KV D/C Line
A12: 1 | B12: Gas Pipeline | D12: Pipeline | G12: Tapping Tower -DE | H12: Tapping Tower(DD+0 ) - DE (DD+0) | I12: - | K12: 25.92
A13: 2 | B13: Pipeline, Cable | D13: Pipeline | G13: 3/1-3/2 | H13: 3/1(DA+6)-3/2(DA+3) | I13: - | K13: 260
A14: 3 | B14: River | D14: River | G14: 4/0-4/1 | H14: 4/0(DB-3)-4/1(DB-3) | I14: - | K14: 302
A15: 4 | B15: 220KV D/C LINE | D15: PLC | G15: 5/1-5/2 | H15: 5/1(Gantry)-5/2(Gantry) | I15: - | K15: 50
A16: 5 | B16: RAILWAY TRACK | D16: Railway | G16: 10/0-11/0 | H16: 10/0(DD+6)-11/0(DD+6) | I16: - | K16: 215.13
A17: 6 | B17: 220KV S/C LINE | D17: PLC | G17: 13/1-13/2 | H17: 13/1(Gantry)-13/2(Gantry) | I17: - | K17: 53
A18: 7 | B18: NH-27 | C18: NHAI | D18: NH | G18: 14/0-15/0 | H18: 14/0(DD+6)-15/0(DD-3) | I18: - | K18: 250
A22: Name of Existing Line/Croccing | B22: Name of the owner of existing line | C22: Crossing Type | D22: Section | E22: Submission | F22: JVR | G22: Remarks
A23: NH-27 | B23: NHAI | C23: NH | D23: 1B/0-1C/0 | F23: 45654 | G23: Approval Recieved
A24: NH-27 | B24: NHAI | C24: NH | D24: 3/0-4/0 | F24: 45586 | G24: Approval Recieved
A25: 220KV S/C LINE | B25: PGCIL | C25: PLC | D25: 24/0-25/0 | E25: 06-01-2025 (2nd Submission) | G25: Approval Recieved
A26: 220KV D/C RPB-CGH LINE | B26: PGCIL | C26: PLC | D26: 26/0-27/0 | E26: 06-01-2025 (2nd Submission) | G26: Approval Recieved
A27: 400KV T/L | B27: PGCIL | C27: PLC | D27: 28/1-28/2 | E27: 06-01-2025 (2nd Submission) | G27: Approval Recieved
A28: 220KV S/C RUMS Line | B28: PGCIL | C28: PLC | D28: 33/1-34/0 | G28: Proposal Submitted Awaiting for approval
A29: 132KV S/C RUMS Line | B29: PGCIL | C29: PLC | D29: 34/0-35/0 | G29: Proposal Submitted Awaiting for approval
A31: 132KV
A33: Name of Existing Line/Croccing | B33: Name of the owner of existing line | C33: Crossing Type | D33: Section | E33: Submission | F33: JVR | G33: Remarks
A34: 220KV D/C LINE | B34: PLC | D34: 4/1-4/2 | E34: 45667 | F34: 45667 | G34: Proposal will be submitted in Chittorgarh.
A35: RAILWAY TRACK | B35: Railway | D35: 10/0-11/0 | E35: 45659 | F35: 45666 | G35: Approval Recieved
A36: 220KV S/C LINE | B36: PLC | D36: 13/1-13/2 | F36: 45648 | G36: Approval Recieved
A37: 765KV S/C LINE | B37: PLC | D37: 16/1-16/2 | E37: 45637 | G37: Approval Recieved
A38: NH-27 | B38: NHAI | C38: NH | D38: 14/0-15/0 | G38: Approval Recieved

Sheet Progress-132kV
A1: =+Summary!A2 -> Name of the Line: 220KV DC AL59 line from Neemuch - Chanderiya + 132KV DC ACSS Line from Chanderiya to Hindustan Zinc
A2: =+Summary!A5 -> Progress of 220kV Line
A3: 220 KV D/C Neemuch - TS | T3: Foundation | AL3: Earthing | AQ3: Erection | AU3: Tower Checking-1 | AV3: Tack-Welding | BA3: Tower Checking-2
A4: Sl. No. | B4: LOC NO | C4: Tower Type | G4: Tower Weight | K4: Stub Weight | O4: Chimney Extension | S4: Span Length(m) | T4: Classification | U4: Excavation Volume (m3) | V4: Concreting Volume | Y4: 8mm Steel | Z4: 10mm Steel | AA4: 12mm Steel | AB4: 16mm Steel | AC4: 20mm Steel | AD4: 25mmSteel | AE4: Total Steel (MT) | AF4: Status (C/WIP) | AG4: Excavation | AI4: Concreting | AK4: Sub-Contractor Name | AL4: Status C/WIP | AM4: Type | AN4: DOS | AO4: DOC | AP4: Sub-Contractor Name | AQ4: Status C/WIP | AR4: DOS | AS4: DOC | AT4: Sub-Contractor Name | AV4: Status C/WIP | AW4: DOS | AX4: DOC | AY4: Painting | AZ4: Sub-Contractor Name
G5: HT | H5: MS | I5: BnA | J5: Total | K5: HT | L5: MS | M5: BnA | N5: Total | O5: A | P5: B | Q5: C | R5: D | S5: m | V5: M10 (1:3:6) (m3) | W5: M20 (1:1.5:3) (m3) | X5: Total | AG5: DOS | AH5: DOC | AI5: DOS | AJ5: DOC
B6: Existing Tower
A8: 1 | B8: SC-4 | C8: DD+9(220KV) | D8: 11.987 | E8: =D8*4 -> 47.948 | F8: =E8*8 -> 383.584 | G8: 6.058 | H8: 5.874 | I8: 0.0077 | J8: 0.563 | K8: =SUM(G8:J8) -> 12.5027 | L8: 0.557 | M8: 0.01 | N8: =SUM(L8:M8) -> 0.567 | T8: DFR | U8: 119.36 | V8: 2.05 | W8: 18.37 | X8: 20.42 | Y8: 157.1642 | Z8: 7858.21 | AA8: 89.9 | AC8: 1115.34 | AD8: 198.68
A10: =A8+1 -> 2 | B10: Sc-3 | C10: DD+9 (220KV) | D10: 11.987 | E10: =D10*4 -> 47.948 | F10: =E10*8 -> 383.584 | G10: 6.058 | H10: 5.874 | I10: 0.0077 | J10: 0.563 | K10: =SUM(G10:J10) -> 12.5027 | L10: 0.557 | M10: 0.01 | N10: =SUM(L10:M10) -> 0.567 | T10: DFR | U10: 119.36 | V10: 2.05 | W10: 18.37 | X10: 20.42 | Y10: 157.1642 | Z10: 7858.21 | AA10: 89.9 | AC10: 1115.34 | AD10: 198.68
A12: =A10+1 -> 3 | B12: SC-2 | C12: DD+9 (220KV) | D12: 11.987 | E12: =D12*4 -> 47.948 | F12: =E12*8 -> 383.584 | G12: 6.058 | H12: 5.874 | I12: 0.0077 | J12: 0.563 | K12: =SUM(G12:J12) -> 12.5027 | L12: 0.557 | M12: 0.01 | N12: =SUM(L12:M12) -> 0.567 | T12: DFR | U12: 119.36 | V12: 2.05 | W12: 18.37 | X12: 20.42 | Y12: 157.1642 | Z12: 7858.21 | AA12: 89.9 | AC12: 1115.34 | AD12: 198.68
A14: =A12+1 -> 4 | B14: SC-1 | C14: DD+6 | D14: 11.987 | E14: =D14*4 -> 47.948 | F14: =E14*8 -> 383.584 | G14: =4.906+4.424+0.596 -> 9.926 | H14: =0.066+1.053+0.272 -> 1.391 | I14: =0.274+0.181+0.043 -> 0.498 | J14: =SUM(G14:I14) -> 11.815 | K14: 0.532 | M14: 0.011 | N14: =K14+M14 -> 0.543 | T14: DFR | U14: 75.36 | V14: 1.35 | W14: 13.06 | X14: =V14+W14 -> 14.41 | Y14: 89.9 | AA14: 1287.27 | AB14: 193.64 | AE14: 1.571
B16: Tapping Tower
S17: 25.92
A18: =A14+1 -> 5 | B18: 1/0 | C18: DD+0 | D18: 9.654 | E18: =D18*4 -> 38.616 | F18: =E18*8 -> 308.928 | G18: =4.906+1.456+0.596 -> 6.958 | H18: =0.066+0.717+0.272 -> 1.055 | I18: =0.274+0.083+0.043 -> 0.4 | J18: =SUM(G18:I18) -> 8.413 | K18: 0.532 | M18: 0.011 | N18: =K18+M18 -> 0.543 | T18: DFR | U18: 75.36 | V18: 1.35 | W18: 13.06 | X18: =V18+W18 -> 14.41 | Y18: 89.9 | AA18: 1287.27 | AB18: 193.64 | AE18: 1.571
S19: 230.15
A20: =A18+1 -> 6 | B20: 2/0 | C20: DD+0 | D20: 9.654 | E20: =D20*4 -> 38.616 | F20: =E20*8 -> 308.928 | G20: =4.906+1.456+0.596 -> 6.958 | H20: =0.066+0.717+0.272 -> 1.055 | I20: =0.274+0.083+0.043 -> 0.4 | J20: =SUM(G20:I20) -> 8.413 | K20: 0.532 | M20: 0.011 | N20: =K20+M20 -> 0.543 | T20: DFR | U20: 75.36 | V20: 1.35 | W20: 13.06 | X20: =V20+W20 -> 14.41 | Y20: 89.9 | AA20: 1287.27 | AB20: 193.64 | AE20: 1.571 | AF20: C | AK20: New Tech Engineer
S21: 234.56
A22: =A20+1 -> 7 | B22: 2/1 | C22: DD+6 | D22: 11.987 | E22: =D22*4 -> 47.948 | F22: =E22*8 -> 383.584 | G22: =4.906+4.424+0.596 -> 9.926 | H22: =0.066+1.053+0.272 -> 1.391 | I22: =0.274+0.181+0.043 -> 0.498 | J22: =SUM(G22:I22) -> 11.815 | K22: 0.532 | M22: 0.011 | N22: =K22+M22 -> 0.543 | T22: DFR | U22: 75.36 | V22: 1.35 | W22: 13.06 | X22: =V22+W22 -> 14.41 | Y22: 89.9 | AA22: 1287.27 | AB22: 193.64 | AE22: 1.571 | AF22: C | AK22: New Tech Engineer
S23: 251.12
A24: =A22+1 -> 8 | B24: 3/0 | C24: DD+0 | D24: 9.654 | E24: =D24*4 -> 38.616 | F24: =E24*8 -> 308.928 | G24: =4.906+1.456+0.596 -> 6.958 | H24: =0.066+0.717+0.272 -> 1.055 | I24: =0.274+0.083+0.043 -> 0.4 | J24: =SUM(G24:I24) -> 8.413 | K24: 0.532 | M24: 0.011 | N24: =K24+M24 -> 0.543 | T24: DFR | U24: 75.36 | V24: 1.35 | W24: 13.06 | X24: =V24+W24 -> 14.41 | Y24: 89.9 | AA24: 1287.27 | AB24: 193.64 | AE24: 1.571
S25: 183
A26: =A24+1 -> 9 | B26: 3/1 | C26: DA+3 | D26: 6.992 | E26: =D26*4 -> 27.968 | F26: =E26*8 -> 223.744 | G26: =1.267+0.234+1.276 -> 2.777 | H26: =1.137+0.487+0.273 -> 1.897 | I26: =0.182+0.074+0.032 -> 0.288 | J26: =SUM(G26:I26) -> 4.962 | K26: 0.271 | M26: 0.007 | N26: =M26+K26 -> 0.278 | T26: DFR | U26: 41.44 | V26: 0.8 | W26: 7.73 | X26: =W26+V26 -> 8.53 | Y26: 73.75 | Z26: 235.38 | AB26: 201.4 | AE26: 0.51
S27: 182.07
A28: =A26+1 -> 10 | B28: 4/0 | C28: DD+0 | D28: 9.654 | E28: =D28*4 -> 38.616 | F28: =E28*8 -> 308.928 | G28: =4.906+1.456+0.596 -> 6.958 | H28: =0.066+0.717+0.272 -> 1.055 | I28: =0.274+0.083+0.043 -> 0.4 | J28: =SUM(G28:I28) -> 8.413 | K28: 0.532 | M28: 0.011 | N28: =K28+M28 -> 0.543 | T28: DFR | U28: 75.36 | V28: 1.35 | W28: 13.06 | X28: =V28+W28 -> 14.41 | Y28: 89.9 | AA28: 1287.27 | AB28: 193.64 | AE28: 1.571 | AF28: C | AG28: 46082 | AH28: 46083 | AI28: 46087 | AJ28: 46089 | AK28: Yash Infra
S29: 328.09
A30: =A28+1 -> 11 | B30: 4/1 | C30: GANTRY UC(+2) | D30: 10.82 | E30: =D30*4 -> 43.28 | F30: =E30*8 -> 346.24 | G30: =4.906+2.484+0.596 -> 7.986 | H30: =0.066+1.044+0.272 -> 1.382 | I30: =0.274+0.132+0.043 -> 0.449 | J30: =SUM(G30:I30) -> 9.817 | K30: 0.532 | M30: 0.011 | N30: =K30+M30 -> 0.543 | T30: DFR | U30: 75.36 | V30: 1.35 | W30: 13.06 | X30: =V30+W30 -> 14.41 | Y30: 89.9 | AA30: 1287.27 | AB30: 193.64 | AE30: 1.571 | AF30: U/P | AI30: 46084 | AK30: Yash Infra
S31: 40
A32: =A30+1 -> 12 | B32: 4/2 | C32: GANTRY UC(+2) | F32: 54 | H32: 4.106 | I32: 0.23 | J32: =SUM(G32:I32) -> 4.336 | L32: =0.12+0.219 -> 0.339 | M32: =0.003+0.003 -> 0.006 | N32: =SUM(K32:M32) -> 0.345 | T32: DFR | U32: 315 | V32: 4.1 | W32: 42 | X32: =W32+V32 -> 46.1 | AE32: 3.95 | AF32: U/P | AI32: 19/2/2026 | AK32: Shree Shyam Construction/Yash
S33: 57.415
A34: =A32+1 -> 13 | B34: 5/0 | C34: DD+0 | F34: 54 | H34: 4.106 | I34: 0.23 | J34: =SUM(G34:I34) -> 4.336 | L34: =0.12+0.219 -> 0.339 | M34: =0.003+0.003 -> 0.006 | N34: =SUM(K34:M34) -> 0.345 | T34: DFR | U34: 315 | V34: 4.1 | W34: 42 | X34: =W34+V34 -> 46.1 | AE34: 3.95 | AF34: C | AG34: 46050 | AH34: 46051 | AI34: 46056 | AJ34: 46058 | AK34: Yash Infra | AL34: C | AM34: CP
S35: 38.566
A36: =A34+1 -> 14 | B36: 6/0 | C36: DD+3 | D36: 9.654 | E36: =D36*4 -> 38.616 | F36: =E36*8 -> 308.928 | G36: =4.906+1.456+0.596 -> 6.958 | H36: =0.066+0.717+0.272 -> 1.055 | I36: =0.274+0.083+0.043 -> 0.4 | J36: =SUM(G36:I36) -> 8.413 | K36: 0.532 | M36: 0.011 | N36: =K36+M36 -> 0.543 | T36: DFR | U36: 75.36 | V36: 1.35 | W36: 13.06 | X36: =V36+W36 -> 14.41 | Y36: 89.9 | AA36: 1287.27 | AB36: 193.64 | AE36: 1.571 | AF36: C | AG36: 46052 | AH36: 2/2/22026 | AI36: 46058 | AJ36: 2/8/206 | AK36: Shree Shyam Construction | AL36: C | AM36: CP | AQ36: C | AR36: 46070 | AS36: 46072 | AT36: Suman
S37: 182.043
A38: =A36+1 -> 15 | B38: 6/1 | C38: DA+6 | D38: 9.654 | E38: =D38*4 -> 38.616 | F38: =E38*8 -> 308.928 | G38: =4.906+1.456+0.596 -> 6.958 | H38: =0.066+0.717+0.272 -> 1.055 | I38: =0.274+0.083+0.043 -> 0.4 | J38: =SUM(G38:I38) -> 8.413 | K38: 0.532 | M38: 0.011 | N38: =K38+M38 -> 0.543 | T38: DFR | U38: 75.36 | V38: 1.35 | W38: 13.06 | X38: =V38+W38 -> 14.41 | Y38: 89.9 | AA38: 1287.27 | AB38: 193.64 | AE38: 1.571 | AF38: C | AG38: 46045 | AH38: 45681 | AI38: 46050 | AJ38: 46052 | AK38: Yash Infra | AL38: C | AM38: CP | AQ38: C | AR38: 46062 | AS38: 46064 | AT38: Suman
S39: 204.148
A40: =A38+1 -> 16 | B40: 6/2 | C40: DA+6 | D40: 9.654 | E40: =D40*4 -> 38.616 | F40: =E40*8 -> 308.928 | G40: =4.906+1.456+0.596 -> 6.958 | H40: =0.066+0.717+0.272 -> 1.055 | I40: =0.274+0.083+0.043 -> 0.4 | J40: =SUM(G40:I40) -> 8.413 | K40: 0.532 | M40: 0.011 | N40: =K40+M40 -> 0.543 | T40: DFR | U40: 75.36 | V40: 1.35 | W40: 13.06 | X40: =V40+W40 -> 14.41 | Y40: 89.9 | AA40: 1287.27 | AB40: 193.64 | AE40: 1.571 | AF40: C | AG40: 46043 | AH40: 46045 | AI40: 46047 | AJ40: 46049 | AK40: Shree Shyam Construction | AL40: C | AM40: CP
S41: 254
A42: =A40+1 -> 17 | B42: 6/3 | C42: DA+0 | D42: 6.992 | E42: =D42*4 -> 27.968 | F42: =E42*8 -> 223.744 | G42: =1.267+0.234+1.276 -> 2.777 | H42: =1.137+0.487+0.273 -> 1.897 | I42: =0.182+0.074+0.032 -> 0.288 | J42: =SUM(G42:I42) -> 4.962 | K42: 0.271 | M42: 0.007 | N42: =M42+K42 -> 0.278 | T42: WFR | U42: 41.44 | V42: 0.8 | W42: 7.73 | X42: =W42+V42 -> 8.53 | Y42: 73.75 | Z42: 235.38 | AB42: 201.4 | AE42: 0.51 | AF42: C | AG42: 46032 | AH42: 46038 | AI42: 1/16/206 | AJ42: 46053 | AK42: Shree Shyam Construction | AL42: C | AM42: CP | AQ42: C | AR42: 46067 | AS42: 46069 | AT42: Suman
S43: 294
A44: =A42+1 -> 18 | B44: 6/4 | C44: DA+3 | D44: 6.992 | E44: =D44*4 -> 27.968 | F44: =E44*8 -> 223.744 | G44: =1.267+0.234+1.276 -> 2.777 | H44: =1.137+0.487+0.273 -> 1.897 | I44: =0.182+0.074+0.032 -> 0.288 | J44: =SUM(G44:I44) -> 4.962 | K44: 0.271 | M44: 0.007 | N44: =M44+K44 -> 0.278 | T44: DFR | U44: 41.44 | V44: 0.8 | W44: 7.73 | X44: =W44+V44 -> 8.53 | Y44: 73.75 | Z44: 235.38 | AB44: 201.4 | AE44: 0.51 | AF44: U/P | AG44: 46089 | AK44: Yash Infra
S45: 249.82
A46: =A44+1 -> 19 | B46: 7/0 | C46: DD+0 | D46: 10.82 | E46: =D46*4 -> 43.28 | F46: =E46*8 -> 346.24 | G46: =4.906+2.484+0.596 -> 7.986 | H46: =0.066+1.044+0.272 -> 1.382 | I46: =0.274+0.132+0.043 -> 0.449 | J46: =SUM(G46:I46) -> 9.817 | K46: 0.532 | M46: 0.011 | N46: =K46+M46 -> 0.543 | T46: DFR | U46: 75.36 | V46: 1.35 | W46: 13.06 | X46: =V46+W46 -> 14.41 | Y46: 89.9 | AA46: 1287.27 | AB46: 193.64 | AE46: 1.571 | AF46: C | AG46: 46041 | AH46: 46042 | AI46: 46045 | AJ46: 46047 | AK46: Yash Infra | AL46: C | AM46: CP | AQ46: C | AR46: 46059 | AS46: 46061 | AT46: Suman
S47: 329.66
A48: =A46+1 -> 20 | B48: 8/0 | C48: DD+3 | D48: 10.82 | E48: =D48*4 -> 43.28 | F48: =E48*8 -> 346.24 | G48: =4.906+2.484+0.596 -> 7.986 | H48: =0.066+1.044+0.272 -> 1.382 | I48: =0.274+0.132+0.043 -> 0.449 | J48: =SUM(G48:I48) -> 9.817 | K48: 0.532 | M48: 0.011 | N48: =K48+M48 -> 0.543 | T48: DFR | U48: 75.36 | V48: 1.35 | W48: 13.06 | X48: =V48+W48 -> 14.41 | Y48: 89.9 | AA48: 1287.27 | AB48: 193.64 | AE48: 1.571 | AF48: C | AG48: 46033 | AH48: 46035 | AI48: 46036 | AJ48: 46043 | AK48: Yash Infra | AL48: C | AM48: CP | AQ48: C | AR48: 46054 | AS48: 46056 | AT48: Suman
S49: 170
A50: =A48+1 -> 21 | B50: 9/0 | C50: DD+3 | D50: 7.622 | E50: =D50*4 -> 30.488 | F50: =E50*8 -> 243.904 | G50: =1.267+1.845+0.234 -> 3.346 | H50: =1.137+0.646+0.273 -> 2.056 | I50: =0.182+0.091+0.032 -> 0.305 | J50: =SUM(G50:I50) -> 5.707 | K50: 0.271 | M50: 0.007 | N50: =M50+K50 -> 0.278 | T50: WFR | U50: 41.44 | V50: 0.8 | W50: 7.73 | X50: =W50+V50 -> 8.53 | Y50: 73.75 | Z50: 235.38 | AB50: 201.4 | AE50: 0.51 | AF50: C | AG50: 46036 | AH50: 46038 | AI50: 46040 | AJ50: 46043 | AK50: Yash Infra | AL50: C | AM50: CP | AQ50: C | AR50: 46057 | AS50: 46059 | AT50: Suman
S51: 312
A52: =A50+1 -> 22 | B52: 10/0 | C52: DD+6 | D52: 11.987 | E52: =D52*4 -> 47.948 | F52: =E52*8 -> 383.584 | G52: =4.906+4.424+0.596 -> 9.926 | H52: =0.066+1.053+0.272 -> 1.391 | I52: =0.274+0.181+0.043 -> 0.498 | J52: =SUM(G52:I52) -> 11.815 | K52: 0.532 | M52: 0.011 | N52: =K52+M52 -> 0.543 | O52: 3 | P52: 3 | Q52: 3 | R52: 3 | T52: SFR | U52: 230.76 | V52: 3.77 | W52: 38.65 | X52: =W52+V52 -> 42.42 | Y52: 184.2 | Z52: 1264.59 | AC52: 832.39 | AE52: 2.281 | AF52: C | AG52: 45988 | AH52: 45992 | AI52: 45996 | AJ52: 46004 | AK52: Krishna Construction | AL52: C | AM52: CP | AQ52: C | AR52: 28/12/25 | AS52: 30/12/25 | AT52: Suman | AV52: C
S53: 215.13
A54: =A52+1 -> 23 | B54: 11/0 | C54: DD+6 | D54: 11.987 | E54: =D54*4 -> 47.948 | F54: =E54*8 -> 383.584 | G54: =4.906+4.424+0.596 -> 9.926 | H54: =0.066+1.053+0.272 -> 1.391 | I54: =0.274+0.181+0.043 -> 0.498 | J54: =SUM(G54:I54) -> 11.815 | K54: 0.532 | M54: 0.011 | N54: =K54+M54 -> 0.543 | O54: 3 | P54: 3 | Q54: 3 | R54: 3 | T54: WFR | U54: 230.76 | V54: 3.77 | W54: 38.65 | X54: =W54+V54 -> 42.42 | Y54: 184.2 | Z54: 1264.59 | AC54: 832.39 | AE54: 2.281 | AF54: C | AG54: 45998 | AH54: 46001 | AI54: 46003 | AJ54: 46007 | AK54: Krishna Construction | AL54: C | AM54: CP | AQ54: C | AR54: 46033 | AS54: 46039 | AT54: Suman | AV54: C
S55: 316.15
A56: =A54+1 -> 24 | B56: 12/0 | C56: DD+0 | D56: 9.654 | E56: =D56*4 -> 38.616 | F56: =E56*8 -> 308.928 | G56: =4.906+1.456+0.596 -> 6.958 | H56: =0.066+0.717+0.272 -> 1.055 | I56: =0.274+0.083+0.043 -> 0.4 | J56: =SUM(G56:I56) -> 8.413 | K56: 0.532 | M56: 0.011 | N56: =K56+M56 -> 0.543 | T56: WFR | U56: 75.36 | V56: 1.35 | W56: 13.06 | X56: =V56+W56 -> 14.41 | Y56: 70.93 | Z56: 900.95 | AB56: 96.82 | AC56: 151.27 | AE56: 1.22 | AF56: C | AG56: 45992 | AH56: 46001 | AI56: 46007 | AJ56: 46008 | AK56: Krishna Construction | AL56: C | AM56: CP | AQ56: C | AR56: 46028 | AS56: 46029 | AT56: Suman | AV56: C
S57: 267
A58: =A56+1 -> 25 | B58: 12/1 | C58: DA+3 | D58: 6.992 | E58: =D58*4 -> 27.968 | F58: =E58*8 -> 223.744 | G58: =1.267+0.234+1.276 -> 2.777 | H58: =1.137+0.487+0.273 -> 1.897 | I58: =0.182+0.074+0.032 -> 0.288 | J58: =SUM(G58:I58) -> 4.962 | K58: 0.271 | M58: 0.007 | N58: =M58+K58 -> 0.278 | T58: WFR | U58: 41.44 | V58: 0.8 | W58: 7.73 | X58: =W58+V58 -> 8.53 | Y58: 73.75 | Z58: 564.37 | AB58: 201.4 | AE58: 0.84 | AF58: C | AG58: 46028 | AH58: 46029 | AI58: 46031 | AJ58: 46032 | AK58: Yash Infra | AL58: C | AM58: CP | AQ58: C | AR58: 46052 | AS58: 46053 | AT58: Suman
S59: 267.185
A60: =A58+1 -> 26 | B60: 13/0 | C60: DD+0 | D60: 9.654 | E60: =D60*4 -> 38.616 | F60: =E60*8 -> 308.928 | G60: =4.906+1.456+0.596 -> 6.958 | H60: =0.066+0.717+0.272 -> 1.055 | I60: =0.274+0.083+0.043 -> 0.4 | J60: =SUM(G60:I60) -> 8.413 | K60: 0.532 | M60: 0.011 | N60: =K60+M60 -> 0.543 | T60: DFR | U60: 75.36 | V60: 1.35 | W60: 13.06 | X60: =V60+W60 -> 14.41 | Y60: 70.93 | Z60: 900.95 | AB60: 96.82 | AC60: 151.27 | AE60: 1.22 | AF60: C | AG60: 46010 | AH60: 46013 | AI60: 46015 | AJ60: 46016 | AK60: Krishna Construction | AL60: C | AM60: CP | AQ60: C | AR60: 46025 | AS60: 46027 | AT60: Suman | AV60: C
S61: 87.412
A62: =A60+1 -> 27 | B62: 13/1 | C62: GANTRY UC(+2) | F62: 54 | H62: 4.106 | I62: 0.23 | J62: =SUM(G62:I62) -> 4.336 | L62: =0.12+0.219 -> 0.339 | M62: =0.003+0.003 -> 0.006 | N62: =SUM(K62:M62) -> 0.345 | T62: WFR | U62: 315 | V62: 4.1 | W62: 42 | X62: =W62+V62 -> 46.1 | AE62: 3.95 | AF62: C | AG62: 46016 | AH62: 46020 | AI62: 46032 | AJ62: 46036 | AK62: Krishna Construction | AL62: C | AM62: CP | AQ62: C | AR62: 46050 | AS62: 46051 | AT62: Suman
S63: 66.461
A64: =A62+1 -> 28 | B64: 13/2 | C64: GANTRY UC(+2) | F64: 54 | H64: 4.106 | I64: 0.23 | J64: =SUM(G64:I64) -> 4.336 | L64: =0.12+0.219 -> 0.339 | M64: =0.003+0.003 -> 0.006 | N64: =SUM(K64:M64) -> 0.345 | T64: WFR | U64: 315 | V64: 4.1 | W64: 42 | X64: =W64+V64 -> 46.1 | AE64: 3.95 | AF64: C | AG64: 46020 | AH64: 46024 | AI64: 46025 | AJ64: 46032 | AK64: Shree Shyam Construction | AL64: C | AM64: CP | AQ64: C | AR64: 46046 | AS64: 46049 | AT64: Suman
S65: 56.381
A66: =A64+1 -> 29 | B66: 14/0 | C66: DD+6 | D66: 11.987 | E66: =D66*4 -> 47.948 | F66: =E66*8 -> 383.584 | G66: =4.906+4.424+0.596 -> 9.926 | H66: =0.066+1.053+0.272 -> 1.391 | I66: =0.274+0.181+0.043 -> 0.498 | J66: =SUM(G66:I66) -> 11.815 | K66: 0.532 | M66: 0.011 | N66: =K66+M66 -> 0.543 | T66: DFR | U66: 75.36 | V66: 1.35 | W66: 13.06 | X66: =V66+W66 -> 14.41 | Y66: 70.93 | Z66: 900.95 | AB66: 96.82 | AC66: 151.27 | AE66: 1.22 | AF66: C | AG66: 46013 | AH66: 46015 | AI66: 46018 | AJ66: 46019 | AK66: Shree Shyam Construction | AL66: C | AM66: CP | AQ66: C | AR66: 46030 | AS66: 46032 | AT66: Suman | AV66: C
S67: 224.231
A68: =A66+1 -> 30 | B68: 15/0 | C68: DD+3 | D68: 10.82 | E68: =D68*4 -> 43.28 | F68: =E68*8 -> 346.24 | G68: =4.906+2.484+0.596 -> 7.986 | H68: =0.066+1.044+0.272 -> 1.382 | I68: =0.274+0.132+0.043 -> 0.449 | J68: =SUM(G68:I68) -> 9.817 | K68: 0.532 | M68: 0.011 | N68: =K68+M68 -> 0.543 | T68: DFR | U68: 75.36 | V68: 1.35 | W68: 13.06 | X68: =V68+W68 -> 14.41 | Y68: 70.93 | Z68: 900.95 | AB68: 96.82 | AC68: 151.27 | AE68: 1.22 | AF68: C | AG68: 46054 | AH68: 46056 | AI68: 46061 | AJ68: 46063 | AK68: Yash Infra | AL68: C | AQ68: C | AR68: 46073 | AS68: 46077 | AT68: Suman
S69: 276
A70: =A68+1 -> 31 | B70: 15/1 | C70: DA+0 | D70: 6.362 | E70: =D70*4 -> 25.448 | F70: =E70*8 -> 203.584 | G70: =1.267+0.929+0.234 -> 2.43 | H70: =1.137+0.231+0.273 -> 1.641 | I70: =0.182+0.054+0.032 -> 0.268 | J70: =SUM(G70:I70) -> 4.339 | K70: 0.271 | M70: 0.007 | N70: =M70+K70 -> 0.278 | T70: WFR | U70: 41.44 | V70: 0.8 | W70: 7.73 | X70: =W70+V70 -> 8.53 | Y70: 73.75 | Z70: 564.37 | AB70: 201.4 | AE70: 0.84 | AF70: C | AG70: 46000 | AH70: 46004 | AI70: 46005 | AJ70: 46007 | AK70: Yash Infra | AL70: C | AM70: CP | AQ70: C | AR70: 31/12/25 | AS70: 46024 | AT70: Suman | AV70: C
S71: 244
A72: =A70+1 -> 32 | B72: 15/2 | C72: DA+0 | D72: 6.362 | E72: =D72*4 -> 25.448 | F72: =E72*8 -> 203.584 | G72: =1.267+0.929+0.234 -> 2.43 | H72: =1.137+0.231+0.273 -> 1.641 | I72: =0.182+0.054+0.032 -> 0.268 | J72: =SUM(G72:I72) -> 4.339 | K72: 0.271 | M72: 0.007 | N72: =M72+K72 -> 0.278 | T72: DFR | U72: 41.44 | V72: 0.8 | W72: 7.73 | X72: =W72+V72 -> 8.53 | Y72: 73.75 | Z72: 564.37 | AB72: 201.4 | AE72: 0.84 | AF72: C | AG72: 46004 | AH72: 14/12/25 | AI72: 46005 | AJ72: 46006 | AK72: Krishna Construction | AL72: C | AM72: CP | AQ72: C | AR72: 46018 | AS72: 46018 | AT72: Suman | AV72: C
S73: 241
A74: =A72+1 -> 33 | B74: 15/3 | C74: DA+0 | D74: 6.362 | E74: =D74*4 -> 25.448 | F74: =E74*8 -> 203.584 | G74: =1.267+0.929+0.234 -> 2.43 | H74: =1.137+0.231+0.273 -> 1.641 | I74: =0.182+0.054+0.032 -> 0.268 | J74: =SUM(G74:I74) -> 4.339 | K74: 0.271 | M74: 0.007 | N74: =M74+K74 -> 0.278 | T74: WFR | U74: 41.44 | V74: 0.8 | W74: 7.73 | X74: =W74+V74 -> 8.53 | Y74: 73.75 | Z74: 564.37 | AB74: 201.4 | AE74: 0.84 | AF74: C | AG74: 45987 | AI74: 17/12/25 | AJ74: 19/12/25 | AK74: Yash Infra | AL74: C | AM74: CP | AQ74: C | AR74: 46016 | AS74: 46017 | AT74: Suman | AV74: C
S75: 240.727
A76: =A74+1 -> 34 | B76: 16/0 | C76: DD+0 | D76: 9.654 | E76: =D76*4 -> 38.616 | F76: =E76*8 -> 308.928 | G76: =4.906+1.456+0.596 -> 6.958 | H76: =0.066+0.717+0.272 -> 1.055 | I76: =0.274+0.083+0.043 -> 0.4 | J76: =SUM(G76:I76) -> 8.413 | K76: 0.532 | M76: 0.011 | N76: =K76+M76 -> 0.543 | T76: DFR | U76: 75.36 | V76: 1.35 | W76: 13.06 | X76: =V76+W76 -> 14.41 | Y76: 70.93 | Z76: 900.95 | AB76: 96.82 | AC76: 151.27 | AE76: 1.22 | AF76: C | AG76: =AH76-3 -> 45946 | AH76: =AI76-2 -> 45949 | AI76: =AJ76-2 -> 45951 | AJ76: 45953 | AK76: Krishna Construction | AL76: C | AM76: CP | AQ76: C | AR76: 45973 | AS76: 13/12/25 | AT76: Suman | AV76: C
S77: 48
A78: =A76+1 -> 35 | B78: 16/1 | C78: GANTRY UC(+2) | F78: 54 | H78: 4.106 | I78: 0.23 | J78: =SUM(G78:I78) -> 4.336 | L78: =0.12+0.219 -> 0.339 | M78: =0.003+0.003 -> 0.006 | N78: =SUM(K78:M78) -> 0.345 | T78: WFR | U78: 315 | V78: 4.1 | W78: 42 | X78: =W78+V78 -> 46.1 | AE78: 3.95 | AF78: C | AG78: =AH78-3 -> 45950 | AH78: =AI78-2 -> 45953 | AI78: =AJ78-2 -> 45955 | AJ78: 45957 | AK78: Krishna Construction | AL78: C | AM78: CP | AQ78: C | AR78: =AS78-3 -> 45975 | AS78: 45978 | AT78: Harsh vivek | AV78: C
A80: =A78+1 -> 36 | B80: 16/2 | C80: GANTRY UC(+2) | F80: 54 | H80: 4.106 | I80: 0.23 | J80: =SUM(G80:I80) -> 4.336 | L80: =0.12+0.219 -> 0.339 | M80: =0.003+0.003 -> 0.006 | N80: =SUM(K80:M80) -> 0.345 | T80: WFR | U80: 315 | V80: 4.1 | W80: 42 | X80: =W80+V80 -> 46.1 | AE80: 3.95 | AF80: C | AG80: =AH80-2 -> 45969 | AH80: =AI80-3 -> 45971 | AI80: =AJ80-2 -> 45974 | AJ80: 45976 | AK80: Krishna Construction | AL80: C | AM80: CP | AQ80: C | AR80: =AS80-3 -> 45978 | AS80: 45981 | AT80: Harsh vivek | AV80: C
S81: 48.938
A82: =A80+1 -> 37 | B82: 17/0 | C82: DD+0 | D82: 9.654 | E82: =D82*4 -> 38.616 | F82: =E82*8 -> 308.928 | G82: =4.906+1.456+0.596 -> 6.958 | H82: =0.066+0.717+0.272 -> 1.055 | I82: =0.274+0.083+0.043 -> 0.4 | J82: =SUM(G82:I82) -> 8.413 | K82: 0.532 | M82: 0.011 | N82: =K82+M82 -> 0.543 | T82: DFR | U82: 75.36 | V82: 1.35 | W82: 13.06 | X82: =V82+W82 -> 14.41 | Y82: 70.93 | Z82: 900.95 | AB82: 96.82 | AC82: 151.27 | AE82: 1.22 | AF82: C | AG82: =AH82-2 -> 45842 | AH82: =AI82-2 -> 45844 | AI82: =AJ82-2 -> 45846 | AJ82: 45848 | AK82: Viki Entp | AL82: C | AM82: CP | AN82: =AO82 -> 45853 | AO82: 45853 | AP82: Viki Entp | AQ82: C | AR82: =AS82-3 -> 45897 | AS82: 45900 | AT82: Suman
S83: 165.147
A84: =A82+1 -> 38 | B84: 18/0 | C84: DD AUX | D84: 9.654 | E84: =D84*4 -> 38.616 | F84: =E84*8 -> 308.928 | G84: 9.913 | H84: 0.874 | I84: 0.73 | J84: =SUM(G84:I84) -> 11.517 | K84: 0.845 | M84: 0.009 | N84: =SUM(K84:M84) -> 0.854 | T84: WFR | U84: 315 | V84: 4.1 | W84: 42 | X84: =W84+V84 -> 46.1 | AE84: 3.95 | AF84: C | AG84: =AH84-3 -> 45961 | AH84: =AI84-2 -> 45964 | AI84: =AJ84-2 -> 45966 | AJ84: 45968 | AK84: Krishna Construction | AL84: C | AM84: CP | AQ84: C | AR84: 15/12/25 | AS84: 17/12/2025 | AT84: Suman
S85: 39.999
F87: 8944 | S87: =SUM(S16:S86)/1000 -> 6.370323 | T87: Completed | AF87: =+COUNTIF($AF$16:$AF$86,"C") -> 28 | AL87: =+COUNTIF($AL$16:$AL$86,"C") -> 25 | AQ87: =+COUNTIF($AQ$16:$AQ$86,"C") -> 23 | AV87: =+COUNTIF(AV16:AV86,"C") -> 11
L90: 15 | Y90: =SUM(Y16:Y87)/1000 -> 2.37288 | Z90: =SUM(Z16:Z87)/1000 -> 11.13388 | AA90: =SUM(AA16:AA87)/1000 -> 14.15997 | AB90: =SUM(AB16:AB87)/1000 -> 4.32216 | AC90: =SUM(AC16:AC87)/1000 -> 2.5724 | AD90: =SUM(AD16:AD87)/1000 -> 0 | AE90: =SUM(AE16:AE87) -> 62.213
I91: =10.738*4 -> 42.952

Sheet Progress-220kV
Y1: =SUBTOTAL(109,Y9:Y410) -> 280.916 | Z1: =SUBTOTAL(109,Z9:Z410) -> 2556.335 | AA1: =SUBTOTAL(109,AA9:AA410) -> 2837.251 | AB1: =SUBTOTAL(109,AB9:AB410) -> 19254.081 | AC1: =SUBTOTAL(109,AC9:AC410) -> 850780.47 | AD1: =SUBTOTAL(109,AD9:AD410) -> 16158.37 | AE1: =SUBTOTAL(109,AE9:AE410) -> 75630.58 | AF1: =SUBTOTAL(109,AF9:AF410) -> 33623.1 | ... AK1: =SUBTOTAL(109,AK9:AK410) -> 177.82743
A2: =+Summary!A2 -> Name of the Line: 220KV DC AL59 line from Neemuch - Chanderiya + 132KV DC ACSS Line from Chanderiya to Hindustan Zinc
A3: =+Summary!A5 -> Progress of 220kV Line
A4: 220 KV D/C Neemuch - TS | H4: RC Portion | L4: Tower Weight | Q4: Stub Weight | W4: Foundation | AV4: Earthing | BB4: Erection | BI4: Tack-Welding | BN4: Remarks | BO4: Remarks
P5: =SUBTOTAL(109,P8:P410) -> 1367.3216 | S5: =SUBTOTAL(109,S8:S410) -> 72.173 | V5: =SUBTOTAL(109,V8:V410) -> 64047.149 | X5: =SUBTOTAL(109,X8:X410) -> 17952.97 | Y5: =SUBTOTAL(109,Y8:Y410) -> 280.916 | Z5: =SUBTOTAL(109,Z8:Z410) -> 2556.335 | AA5: =SUBTOTAL(109,AA8:AA410) -> 2837.251 | AB5: =SUBTOTAL(109,AB8:AB410) -> 19254.081 | AK5: =SUBTOTAL(109,AK8:AK410) -> 179.18974 | AM5: =SUBTOTAL(109,AM8:AM410) -> 197 | AV5: =SUBTOTAL(109,AV8:AV410) -> 197 | BB5: =SUBTOTAL(109,BB8:BB410) -> 196 | BI5: =SUBTOTAL(109,BI8:BI410) -> 182
A6: Sl. No. | B6: LOC NO | C6: Tower Type | H6: A | I6: B | J6: C | K6: D | L6: HT | M6: MS | N6: pack Washar | O6: BnA | P6: Total Tower Weight | Q6: HT | R6: BnA | S6: Total Stub Weight | T6: Deviation of Angle | U6: State | V6: Span Length(m) | W6: Classification | X6: Excavation Volume (m3) | Y6: Concreting Volume | AB6: Cement Required | AD6: Total Steel (Kgs) per Tower | AM6: Fnd Status (C/WIP) | AN6: Manual Checklist | AO6: JMC | AP6: Excavation | AR6: Concreting | AT6: Sub-Contractor Name | AV6: Earthing Status C/WIP | AW6: Earthing Type | AX6: DOS | AY6: DOC | AZ6: S/C | BB6: Erection Status C/WIP | BC6: Manual Checklist | BD6: JMC | BE6: DOS | BF6: DOC | BG6: S/C | BI6: Status C/WIP | BJ6: DOS | BK6: DOC | BL6: NB qty | BM6: Sub-Contractor Name
D7: B2B | E7: B2B x 4 | F7: Barbed Wire | G7: RC Portion | L7: MT | M7: MT | N7: MT | O7: MT | P7: MT | Q7: MT | R7: MT | S7: MT | T7: DMS | V7: m | Y7: M10 (1:3:6) (m3) | Z7: M20 (1:1.5:3) (m3) | AA7: Total | AB7: nos of bags | AC7: in kg | AD7: 8mm | AE7: 10mm | AF7: 12mm | AG7: 16mm | AH7: 20mm | AI7: 25mm | AJ7: Total Steel (Kgs) | AK7: Total Steel (MT) | AP7: DOS | AQ7: DOC | AR7: DOS | AS7: 9
A8: 0 | B8: GANTRY | C8: GANTRY | P8: 13 | AD8: 70.93 | AE8: 1040.06 | AG8: 98.08 | AH8: 153.24 | AJ8: 1362.31 | AK8: 1.36231
V9: 47
A10: 1 | B10: 0/0 | C10: DD+0 | D10: 9.654 | E10: =D10*4 -> 38.616 | F10: =E10*8 -> 308.928 | L10: 4.807 | M10: 4.016 | N10: 0.007 | O10: 0.431 | P10: =SUM(L10:O10) -> 9.261 | Q10: 0.557 | R10: 0.01 | S10: =SUM(Q10:R10) -> 0.567 | T10: 16° 50' 9"RT | U10: RJ | X10: 220.64 | Y10: 3.61 | Z10: 27.92 | AA10: =Y10+Z10 -> 31.53 | AB10: 241.0636 | AC10: 12053.18 | AD10: 77.93 | AF10: 1601.75 | AG10: 96.72 | AH10: 151.11 | AJ10: 1927.51 | AK10: 1.92751 | AM10: C | AN10: =AO10 -> D | AO10: D | AP10: =AQ10-1 -> 45703 | AQ10: =AR10-2 -> 45704 | AR10: =AS10-2 -> 45706 | AS10: 45708 | AT10: Ram Singh | AV10: C | AW10: CP | AX10: 45737 | AY10: =AX10 -> 45737 | AZ10: Ram Singh-1 | BB10: C | BC10: EE | BD10: D | BE10: =BF10-2 -> 45754 | BF10: 45756 | BG10: Ramesh Kumar | BI10: C | BJ10: 45824 | BK10: 45824 | BL10: 1202 | BM10: Asit Baran Pal
V11: 196 | W11: WFR
A12: =A10+1 -> 2 | B12: 0/1 | C12: DA+3 | D12: 6.992 | E12: =D12*4 -> 27.968 | F12: =E12*8 -> 223.744 | L12: 2.607 | M12: 2.657 | N12: 0.002 | O12: 0.213 | P12: =SUM(L12:O12) -> 5.479 | Q12: 0.244 | R12: 0.005 | S12: =SUM(Q12:R12) -> 0.249 | U12: RJ | X12: 121.84 | Y12: 0.8 | Z12: 7.8 | AA12: =Y12+Z12 -> 8.6 | AB12: 66.42 | AC12: 3321 | AD12: 73.73 | AE12: 301.5 | AG12: 206.46 | AJ12: 581.69 | AK12: 0.803 | AM12: C | AN12: =AO12 -> D | AO12: D | AP12: =AQ12-2 -> 45693 | AQ12: =AR12-1 -> 45695 | AR12: =AS12-1 -> 45696 | AS12: 45697 | AT12: Ram Singh | AV12: C | AW12: CP | AX12: 45709 | AY12: =AX12 -> 45709 | AZ12: Ram Singh-1 | BB12: C | BC12: EE | BD12: D | BE12: =BF12-2 -> 45749 | BF12: 45751 | BG12: Ramesh Kumar | BI12: C | BJ12: 45824 | BK12: 45824 | BL12: 1330 | BM12: Asit Baran Pal
V13: 196.743 | W13: DFR
A14: =A12+1 -> 3 | B14: 1/0 | C14: DC+0 | D14: 7.708 | E14: =D14*4 -> 30.832 | F14: =E14*8 -> 246.656 | L14: 4.057 | M14: 2.48 | N14: 0.006 | O14: 0.365 | P14: =SUM(L14:O14) -> 6.908 | Q14: 0.436 | R14: 0.01 | S14: =SUM(Q14:R14) -> 0.446 | T14: 15° 52' 12"RT | U14: RJ | X14: 75.36 | Y14: 1.35 | Z14: 12.85 | AA14: =Y14+Z14 -> 14.2 | AB14: 109.565 | AC14: 5478.25 | AD14: 81.82 | AE14: 599.6 | AG14: 201.4 | AJ14: 882.82 | AK14: 0.88282 | AM14: C | AN14: =AO14 -> D | AO14: D | AP14: =AQ14-3 -> 45736 | AQ14: =AR14-2 -> 45739 | AR14: =AS14-2 -> 45741 | AS14: 45743 | AT14: Ram Singh | AV14: C | AW14: CP | AX14: 45709 | AY14: =AX14 -> 45709 | AZ14: Ram Singh-1 | BB14: C | BC14: EE SUB | BD14: D | BE14: =BF14-2 -> 45758 | BF14: 45760 | BG14: Ramesh Kumar | BI14: C | BJ14: 45824 | BK14: 45824 | BL14: 1001 | BM14: Asit Baran Pal
V15: 334 | W15: DFR
A16: =A14+1 -> 4 | B16: 1/1 | C16: DA+0 | D16: 6.362 | E16: =D16*4 -> 25.448 | F16: =E16*8 -> 203.584 | L16: 2.25 | M16: 2.188 | N16: 0.002 | O16: 0.183 | P16: =SUM(L16:O16) -> 4.623 | Q16: 0.244 | R16: 0.005 | S16: =SUM(Q16:R16) -> 0.249 | U16: RJ | X16: 121.84 | Y16: 0.88 | Z16: 8.12 | AA16: =Y16+Z16 -> 9 | AB16: 66.42 | AC16: 3321 | AD16: 73.73 | AE16: 301.5 | AG16: 206.46 | AJ16: 581.69 | AK16: 0.803 | AM16: C | AN16: =AO16 -> D | AO16: D | AP16: =AQ16-2 -> 45706 | AQ16: =AR16-1 -> 45708 | AR16: =AS16-2 -> 45709 | AS16: 45711 | AT16: Ram Singh | AV16: C | AW16: Pipe | AX16: 45709 | AY16: =AX16 -> 45709 | AZ16: Ram Singh-1 | BB16: C | BC16: EE | BD16: D | BE16: =BF16-2 -> 45747 | BF16: 45749 | BG16: Ramesh Kumar | BI16: C | BJ16: 45825 | BK16: 45825 | BL16: 980 | BM16: Asit Baran Pal
V17: 319 | W17: Sandy Dry
A18: =A16+1 -> 5 | B18: 1/2 | C18: DA+3 | D18: 6.992 | E18: =D18*4 -> 27.968 | F18: =E18*8 -> 223.744 | L18: 2.607 | M18: 2.657 | N18: 0.002 | O18: 0.213 | P18: =SUM(L18:O18) -> 5.479 | Q18: 0.244 | R18: 0.005 | S18: =SUM(Q18:R18) -> 0.249 | U18: RJ | X18: 41.44 | Y18: 0.8 | Z18: 7.8 | AA18: =Y18+Z18 -> 8.6 | AB18: 66.42 | AC18: 3321 | AD18: 73.73 | AE18: 301.5 | AG18: 206.46 | AJ18: 581.69 | AK18: 0.58169 | AM18: C | AN18: =AO18 -> D | AO18: D | AP18: =AQ18-1 -> 45691 | AQ18: =AR18-1 -> 45692 | AR18: =AS18-1 -> 45693 | AS18: 45694 | AT18: Ram Singh | AV18: C | AW18: CP | AX18: 45709 | AY18: =AX18 -> 45709 | AZ18: Ram Singh-1 | BB18: C | BC18: EE SUB | BD18: D | BE18: =BF18-2 -> 45745 | BF18: 45747 | BG18: Ramesh Kumar | BI18: C | BJ18: 45825 | BK18: 45825 | BL18: 1330 | BM18: Asit Baran Pal
V19: 384.318 | W19: DFR
A20: =A18+1 -> 6 | B20: 1A/0 | C20: DC+3 | D20: 8.626 | E20: =D20*4 -> 34.504 | F20: =E20*8 -> 276.032 | L20: 4.538 | M20: 3.229 | N20: 0.0064 | O20: 0.429 | P20: =SUM(L20:O20) -> 8.2024 | Q20: 0.436 | R20: 0.01 | S20: =SUM(Q20:R20) -> 0.446 | T20: 18° 59' 57"LT | U20: RJ | X20: 75.36 | Y20: 1.35 | Z20: 12.85 | AA20: =Y20+Z20 -> 14.2 | AB20: 109.565 | AC20: 5478.25 | AD20: 81.82 | AE20: 599.6 | AG20: 201.4 | AJ20: 882.82 | AK20: 0.88282 | AM20: C | AN20: =AO20 -> D | AO20: D | AP20: =AQ20-3 -> 45698 | AQ20: =AR20-2 -> 45701 | AR20: =AS20-2 -> 45703 | AS20: 45705 | AT20: Ram Singh | AV20: C | AW20: CP | AX20: 45733 | AY20: =AX20 -> 45733 | AZ20: Ram Singh-1 | BB20: C | BC20: EE SUB | BD20: D | BE20: =BF20-2 -> 45768 | BF20: 45770 | BG20: Ramesh Kumar | BI20: C | BJ20: 45827 | BK20: 45827 | BL20: 1433 | BM20: Asit Baran Pal
V21: 329 | W21: DFR
A22: =A20+1 -> 7 | B22: 1A/1 | C22: DA+3 | D22: 6.992 | E22: =D22*4 -> 27.968 | F22: =E22*8 -> 223.744 | L22: 2.607 | M22: 2.657 | N22: 0.002 | O22: 0.213 | P22: =SUM(L22:O22) -> 5.479 | Q22: 0.244 | R22: 0.005 | S22: =SUM(Q22:R22) -> 0.249 | U22: RJ | X22: 41.44 | Y22: 0.8 | Z22: 7.8 | AA22: =Y22+Z22 -> 8.6 | AB22: 66.42 | AC22: 3321 | AD22: 73.73 | AE22: 301.5 | AG22: 206.46 | AJ22: 581.69 | AK22: 0.58169 | AM22: C | AN22: =AO22 -> D | AO22: D | AP22: 45688 | AQ22: =AP22+2 -> 45690 | AR22: =AS22-2 -> 45691 | AS22: 45693 | AT22: Ram Singh-1 | AV22: C | AW22: CP | AX22: 45709 | AY22: =AX22 -> 45709 | AZ22: Ram Singh-1 | BB22: C | BC22: EE | BD22: D | BE22: =BF22-2 -> 45751 | BF22: 45753 | BG22: Ramesh Kumar | BI22: C | BJ22: 45827 | BK22: 45827 | BL22: 1330 | BM22: Asit Baran Pal
V23: 280 | W23: DFR
A24: =A22+1 -> 8 | B24: 1A/2 | C24: DC+0 | D24: 7.708 | E24: =D24*4 -> 30.832 | F24: =E24*8 -> 246.656 | L24: 4.057 | M24: 2.48 | N24: 0.006 | O24: 0.365 | P24: =SUM(L24:O24) -> 6.908 | Q24: 0.436 | R24: 0.01 | S24: =SUM(Q24:R24) -> 0.446 | U24: RJ | X24: 148.8 | Y24: 2.51 | Z24: 19.47 | AA24: =Y24+Z24 -> 21.98 | AB24: 168.0726 | AC24: 8403.63 | AD24: 70.93 | AE24: 914.33 | AG24: 98.08 | AH24: 153.24 | AJ24: 1236.58 | AK24: 1.23658 | AM24: C | AN24: =AO24 -> D | AO24: D | AP24: 45681 | AQ24: =AP24+2 -> 45683 | AR24: =AS24-2 -> 45688 | AS24: 45690 | AT24: Ram Singh-1 | AV24: C | AW24: CP | AX24: 45733 | AY24: =AX24 -> 45733 | AZ24: Ram Singh-1 | BB24: C | BC24: EE SUB | BD24: D | BE24: =BF24-2 -> 45761 | BF24: 45763 | BG24: Ramesh Kumar | BI24: C | BJ24: 45830 | BK24: 45830 | BL24: 1001 | BM24: Asit Baran Pal
V25: 232.098 | W25: WFR
A26: =A24+1 -> 9 | B26: 1B/0 | C26: DD+3 | D26: 10.82 | E26: =D26*4 -> 43.28 | F26: =E26*8 -> 346.24 | L26: 5.492 | M26: 5.097 | N26: 0.0074 | O26: 0.502 | P26: =SUM(L26:O26) -> 11.0984 | Q26: 0.557 | R26: 0.01 | S26: =SUM(Q26:R26) -> 0.567 | T26: 57° 18' 17"LT | U26: RJ | X26: 220.64 | Y26: 3.61 | Z26: 27.92 | AA26: =Y26+Z26 -> 31.53 | AB26: 241.0636 | AC26: 12053.18 | AD26: 77.93 | AF26: 1601.75 | AG26: 96.72 | AH26: 151.11 | AJ26: 1927.51 | AK26: 1.92751 | AM26: C | AN26: =AO26 -> D | AO26: D | AP26: =AQ26-2 -> 45717 | AQ26: =AR26-1 -> 45719 | AR26: =AS26-1 -> 45720 | AS26: 45721 | AT26: Ram Singh-1 | AV26: C | AW26: CP | AX26: 45733 | AY26: =AX26 -> 45733 | AZ26: Ram Singh-1 | BB26: C | BC26: EE | BD26: D | BE26: =BF26-2 -> 45772 | BF26: 45774 | BG26: Ramesh Kumar | BI26: C | BJ26: 45830 | BK26: 45830 | BL26: 1552 | BM26: Asit Baran Pal
V27: 237.783 | W27: WFR
A28: =A26+1 -> 10 | B28: 1C/0 | C28: DD+9 | D28: 13.258 | E28: =D28*4 -> 53.032 | F28: =E28*8 -> 424.256 | L28: 6.059 | M28: 5.874 | N28: 0.0077 | O28: 0.563 | P28: =SUM(L28:O28) -> 12.5037 | Q28: 0.557 | R28: 0.01 | S28: =SUM(Q28:R28) -> 0.567 | T28: 44° 32' 20"RT | U28: RJ | X28: 119.36 | Y28: 2.05 | Z28: 18.37 | AA28: =Y28+Z28 -> 20.42 | AB28: 157.1642 | AC28: 7858.21 | AD28: 89.9 | AF28: 1115.34 | AG28: 198.68 | AJ28: 1403.92 | AK28: 1.40392 | AM28: C | AP28: 46057 | AQ28: 46074 | AS28: 46077 | AT28: Yash Infra | AV28: C | AW28: CP | BL28: 2008
V29: 334 | W29: WFR
A30: =A28+1 -> 11 | B30: 1C/1 | C30: DA+6 | D30: 7.622 | E30: =D30*4 -> 30.488 | F30: =E30*8 -> 243.904 | L30: 2.679 | M30: 3.133 | N30: 0.0025 | O30: 0.233 | P30: =SUM(L30:O30) -> 6.0475 | Q30: 0.244 | R30: 0.005 | S30: =SUM(Q30:R30) -> 0.249 | U30: RJ | X30: 143.36 | Y30: 1.68 | Z30: 11.97 | AA30: =Y30+Z30 -> 13.65 | AB30: =+Y30*4.44+Z30*8.06 -> 103.9374 | AC30: =+AB30*50 -> 5196.87 | AD30: 63.93 | AE30: 535.23 | AG30: 100.6 | AH30: 157.18 | AJ30: 856.94 | AK30: 0.85694 | AM30: C | AN30: =AO30 -> D | AO30: D | AP30: =AQ30-2 -> 45707 | AQ30: =AR30-2 -> 45709 | AR30: =AS30-2 -> 45711 | AS30: 45713 | AT30: Shree Shyam | AV30: C | AW30: Pipe | AX30: =AY30 -> 45720 | AY30: 45720 | AZ30: Ram Singh-1 | BB30: C | BC30: EE | BD30: D | BE30: =BF30-2 -> 45794 | BF30: 45796 | BG30: Shree Karni Entp | BI30: C | BJ30: 45830 | BK30: 45830 | BL30: 1545 | BM30: Asit Baran Pal
V31: 341.209 | W31: Sandy Wet
A32: =A30+1 -> 12 | B32: 1D/0 | C32: DC+0 | D32: 7.708 | E32: =D32*4 -> 30.832 | F32: =E32*8 -> 246.656 | L32: 4.057 | M32: 2.48 | N32: 0.006 | O32: 0.365 | P32: =SUM(L32:O32) -> 6.908 | Q32: 0.436 | R32: 0.01 | S32: =SUM(Q32:R32) -> 0.446 | T32: 28° 26' 27"RT | U32: RJ | X32: 229.64 | Y32: 2.81 | Z32: 21.11 | AA32: =Y32+Z32 -> 23.92 | AB32: 182.623 | AC32: 9131.15 | AD32: 70.93 | AE32: 1040.06 | AG32: 98.08 | AH32: 153.24 | AJ32: 1362.31 | AK32: 1.36231 | AM32: C | AN32: EG | AO32: D | AP32: 45679 | AQ32: =AR32-2 -> 45684 | AR32: =AS32-2 -> 45686 | AS32: 45688 | AT32: Ram Singh-1 | AV32: C | AW32: Pipe | AX32: 45703 | AY32: 45703 | AZ32: Ram Singh-1 | BB32: C | BC32: EE | BD32: D | BE32: =BF32-1 -> 45745 | BF32: 45746 | BG32: Ramesh Kumar | BI32: C | BJ32: 45831 | BK32: 45831 | BL32: 1001 | BM32: Asit Baran Pal
V33: 306.001 | W33: Sandy Wet
A34: =A32+1 -> 13 | B34: 1D/1 | C34: DA+0 | D34: 6.362 | E34: =D34*4 -> 25.448 | F34: =E34*8 -> 203.584 | L34: 2.25 | M34: 2.188 | N34: 0.002 | O34: 0.183 | P34: =SUM(L34:O34) -> 4.623 | Q34: 0.244 | R34: 0.005 | S34: =SUM(Q34:R34) -> 0.249 | U34: RJ | X34: 143.36 | Y34: 1.68 | Z34: 11.97 | AA34: =Y34+Z34 -> 13.65 | AB34: =+Y34*4.44+Z34*8.06 -> 103.9374 | AC34: =+AB34*50 -> 5196.87 | AD34: 63.93 | AE34: 535.23 | AG34: 100.6 | AH34: 157.18 | AJ34: 856.94 | AK34: 0.85694 | AM34: C | AN34: =AO34 -> D | AO34: D | AP34: =AQ34-2 -> 45704 | AQ34: =AR34-2 -> 45706 | AR34: =AS34-2 -> 45708 | AS34: 45710 | AT34: Shree Shyam | AV34: C | AW34: Pipe | AX34: 45703 | AY34: 45703 | AZ34: Ram Singh-1 | BB34: C | BC34: EE | BD34: D | BE34: =BF34-1 -> 45743 | BF34: 45744 | BG34: Ramesh Kumar | BI34: C | BJ34: 45831 | BK34: 45831 | BL34: 980 | BM34: Asit Baran Pal
V35: 393.92 | W35: Sandy Wet
A36: =A34+1 -> 14 | B36: 1E/0 | C36: DD+6 | D36: 11.987 | E36: =D36*4 -> 47.948 | F36: =E36*8 -> 383.584 | L36: 5.904 | M36: 5.541 | N36: 0.0079 | O36: 0.535 | P36: =SUM(L36:O36) -> 11.9879 | Q36: 0.557 | R36: 0.01 | S36: =SUM(Q36:R36) -> 0.567 | T36: 42° 49' 3"RT | U36: RJ | X36: 220.64 | Y36: 3.61 | Z36: 27.92 | AA36: =Y36+Z36 -> 31.53 | AB36: 241.0636 | AC36: 12053.18 | AD36: 77.93 | AF36: 1601.75 | AG36: 96.72 | AH36: 151.11 | AJ36: 1927.51 | AK36: 1.92751 | AM36: C | AN36: D | AO36: D | AP36: =AQ36-2 -> 45731 | AQ36: =AR36-2 -> 45733 | AR36: =AS36-3 -> 45735 | AS36: 45738 | AT36: Shree Shyam | AV36: C | AW36: CP | AX36: =AY36 -> 45661 | AY36: 45661 | AZ36: Ram Singh-1 | BB36: C | BC36: EE | BD36: D | BE36: =BF36-2 -> 45802 | BF36: 45804 | BG36: Dudhnath Kumar | BI36: C | BJ36: 45837 | BK36: 45837 | BL36: 1750 | BM36: Asit Baran Pal
V37: 356.664 | W37: WFR
A38: =A36+1 -> 15 | B38: 2/0 | C38: DC+6 | D38: 9.544 | E38: =D38*4 -> 38.176 | F38: =E38*8 -> 305.408 | L38: 4.938 | M38: 3.609 | N38: 0.0063 | O38: 0.424 | P38: =SUM(L38:O38) -> 8.9773 | Q38: 0.436 | R38: 0.01 | S38: =SUM(Q38:R38) -> 0.446 | T38: 27° 13' 43"RT | U38: RJ | X38: 184.48 | Y38: 2.22 | Z38: 17.65 | AA38: =Y38+Z38 -> 19.87 | AD38: 70.93 | AE38: 848.79 | AG38: 98.08 | AH38: 153.24 | AJ38: =SUM(AD38:AH38) -> 1171.04 | AK38: 0.88282 | AM38: C | AN38: =AO38 -> D | AO38: D | AP38: 45679 | AQ38: =AP38+2 -> 45681 | AR38: =AS38-2 -> 45688 | AS38: 45690 | AT38: Shree Shyam | AV38: C | AW38: Pipe | AX38: 45703 | AY38: 45703 | AZ38: Ram Singh-1 | BB38: C | BC38: EE SUB | BD38: D | BE38: =BF38-2 -> 45766 | BF38: 45768 | BG38: Ramesh Kumar | BI38: C | BJ38: 45831 | BK38: 45831 | BL38: 1657 | BM38: Asit Baran Pal
V39: 174.205 | W39: WET
A40: =A38+1 -> 16 | B40: 3/0 | C40: DD+3 | D40: 10.82 | E40: =D40*4 -> 43.28 | F40: =E40*8 -> 346.24 | L40: 5.492 | M40: 5.097 | N40: 0.0078 | O40: 0.502 | P40: =SUM(L40:O40) -> 11.0988 | Q40: 0.557 | R40: 0.01 | S40: =SUM(Q40:R40) -> 0.567 | T40: 49° 56' 13"RT | U40: RJ | X40: 268.58 | Y40: 3.33 | Z40: 26.1 | AA40: =Y40+Z40 -> 29.43 | AB40: 225.1512 | AC40: 11257.56 | AD40: 77.93 | AF40: 1484.97 | AG40: 96.72 | AH40: 151.11 | AJ40: 1810.73 | AK40: 1.81073 | AM40: C | AN40: =AO40 -> D | AO40: D | AP40: =AQ40-2 -> 45700 | AQ40: =AR40-2 -> 45702 | AR40: =AS40-2 -> 45704 | AS40: 45706 | AT40: Shree Shyam | AV40: C | AW40: Pipe | AX40: 45703 | AY40: 45703 | AZ40: Ram Singh-1 | BB40: C | BC40: EE SUB | BD40: D | BE40: =BF40-2 -> 45778 | BF40: 45780 | BG40: Ramesh Kumar | BI40: C | BJ40: 45802 | BK40: 45802 | BL40: 1552 | BM40: Asit Baran Pal
V41: 229.73 | W41: WET
A42: =A40+1 -> 17 | B42: 4/0 | C42: DB+9 | D42: 10.468 | E42: =D42*4 -> 41.872 | F42: =E42*8 -> 334.976 | L42: 4.351 | M42: 4.222 | N42: 0.005 | O42: 0.321 | P42: =SUM(L42:O42) -> 8.899 | Q42: 0.363 | R42: 0.006 | S42: =SUM(Q42:R42) -> 0.369 | T42: 7° 56' 47"LT | U42: RJ | X42: 103.6 | Y42: 1.8 | Z42: 13.84 | AA42: =Y42+Z42 -> 15.64 | AD42: 70.93 | AE42: 613.55 | AG42: 99.34 | AH42: 155.21 | AJ42: =SUM(AD42:AH42) -> 939.03 | AK42: 0.69466 | AM42: C | AN42: =AO42 -> D | AO42: D | AP42: =AQ42-1 -> 45689 | AQ42: =AR42-1 -> 45690 | AR42: =AS42-2 -> 45691 | AS42: 45693 | AT42: Shree Shyam | AV42: C | AW42: CP | AX42: =AY42 -> 45661 | AY42: 45661 | AZ42: Ram Singh-1 | BB42: C | BC42: EE SUB | BD42: D | BE42: =BF42-2 -> 45805 | BF42: 45807 | BG42: Ramesh Kumar | BI42: C | BJ42: 45802 | BK42: 45802 | BL42: 2144 | BM42: Asit Baran Pal
V43: 391 | W43: WFR
A44: =A42+1 -> 18 | B44: 4/1 | C44: DA+6 | D44: 7.622 | E44: =D44*4 -> 30.488 | F44: =E44*8 -> 243.904 | L44: 2.679 | M44: 3.133 | N44: 0.0025 | O44: 0.233 | P44: =SUM(L44:O44) -> 6.0475 | Q44: 0.244 | R44: 0.005 | S44: =SUM(Q44:R44) -> 0.249 | U44: RJ | X44: 121.84 | Y44: 1.4 | Z44: 10.63 | AA44: =Y44+Z44 -> 12.03 | AB44: 91.8938 | AC44: 4594.69 | AD44: 63.93 | AE44: 481.99 | AG44: 100.6 | AH44: 157.18 | AJ44: 803.7 | AK44: 0.8037 | AM44: C | AN44: =AO44 -> D | AO44: D | AP44: =AQ44-1 -> 45677 | AQ44: =AR44-1 -> 45678 | AR44: =AS44-2 -> 45679 | AS44: 45681 | AT44: Shree Shyam | AV44: C | AW44: Pipe | AX44: 45703 | AY44: 45703 | AZ44: Ram Singh-1 | BB44: C | BC44: EE | BD44: D | BE44: =BF44 -> 45742 | BF44: 45742 | BG44: Ramesh Kumar | BI44: C | BJ44: 45818 | BK44: =BJ44 -> 45818 | BL44: 1545 | BM44: Asit Baran Pal
V45: 328 | W45: WET
A46: =A44+1 -> 19 | B46: 4/2 | C46: DA+3 | D46: 6.992 | E46: =D46*4 -> 27.968 | F46: =E46*8 -> 223.744 | L46: 2.607 | M46: 2.657 | N46: 0.002 | O46: 0.213 | P46: =SUM(L46:O46) -> 5.479 | Q46: 0.244 | R46: 0.005 | S46: =SUM(Q46:R46) -> 0.249 | U46: RJ | X46: 121.84 | Y46: 1.4 | Z46: 10.63 | AA46: =Y46+Z46 -> 12.03 | AB46: 91.8938 | AC46: 4594.69 | AD46: 63.93 | AE46: 481.99 | AG46: 100.6 | AH46: 157.18 | AJ46: 803.7 | AK46: 0.8037 | AM46: C | AN46: =AO46 -> D | AO46: D | AP46: 45666 | AQ46: =AP46+3 -> 45669 | AR46: =AS46-2 -> 45673 | AS46: 45675 | AT46: Shree Shyam | AV46: C | AW46: Pipe | AX46: 45703 | AY46: 45703 | AZ46: Ram Singh-1 | BB46: C | BC46: EE | BD46: D | BE46: =BF46-2 -> 45737 | BF46: 45739 | BG46: Ramesh Kumar | BI46: C | BJ46: =BJ44 -> 45818 | BK46: =BJ46 -> 45818 | BL46: 1330 | BM46: Asit Baran Pal
V47: 333 | W47: WET
A48: =A46+1 -> 20 | B48: 4/3 | C48: DA+6 | D48: 7.622 | E48: =D48*4 -> 30.488 | F48: =E48*8 -> 243.904 | L48: 2.679 | M48: 3.133 | N48: 0.0025 | O48: 0.233 | P48: =SUM(L48:O48) -> 6.0475 | Q48: 0.244 | R48: 0.005 | S48: =SUM(Q48:R48) -> 0.249 | U48: RJ | X48: 121.84 | Y48: 1.4 | Z48: 10.63 | AA48: =Y48+Z48 -> 12.03 | AB48: 91.8938 | AC48: 4594.69 | AD48: 63.93 | AE48: 481.99 | AG48: 100.6 | AH48: 157.18 | AJ48: 803.7 | AK48: 0.8037 | AM48: C | AN48: =AO48 -> D | AO48: D | AP48: 45666 | AQ48: =AR48-2 -> 45667 | AR48: =AS48-2 -> 45669 | AS48: 45671 | AT48: Shree Shyam | AV48: C | AW48: Pipe | AX48: 45703 | AY48: 45703 | AZ48: Ram Singh-1 | BB48: C | BC48: EE | BD48: D | BE48: =BF48-2 -> 45734 | BF48: 45736 | BG48: Ramesh Kumar | BI48: C | BJ48: 45821 | BK48: =BJ48 -> 45821 | BL48: 1545 | BM48: Asit Baran Pal
V49: 349.999 | W49: WET
A50: =A48+1 -> 21 | B50: 4/4 | C50: DA+3 | D50: 6.992 | E50: =D50*4 -> 27.968 | F50: =E50*8 -> 223.744 | L50: 2.607 | M50: 2.657 | N50: 0.002 | O50: 0.213 | P50: =SUM(L50:O50) -> 5.479 | Q50: 0.244 | R50: 0.005 | S50: =SUM(Q50:R50) -> 0.249 | U50: RJ | X50: 143.36 | Y50: 0.88 | Z50: 8.12 | AA50: =Y50+Z50 -> 9 | AB50: =+Y50*4.44+Z50*8.06 -> 69.3544 | AC50: =+AB50*50 -> 3467.72 | AD50: 63.93 | AE50: 535.23 | AG50: 100.6 | AH50: 157.18 | AJ50: 856.94 | AK50: 0.85694 | AM50: C | AN50: =AO50 -> D | AO50: D | AP50: =AQ50-1 -> 45660 | AQ50: =AR50-2 -> 45661 | AR50: =AS50-2 -> 45663 | AS50: 45665 | AT50: Ram Singh-1 | AV50: C | AW50: Pipe | AX50: 45703 | AY50: 45703 | AZ50: Ram Singh-1 | BB50: C | BC50: EE | BD50: D | BE50: =BF50-2 -> 45736 | BF50: 45738 | BG50: Ramesh Kumar | BI50: C | BJ50: 45824 | BK50: =BJ50 -> 45824 | BL50: 1330 | BM50: Asit Baran Pal
V51: 331.001 | W51: Sandy Dry
A52: =A50+1 -> 22 | B52: 4/5 | C52: DB+0 | D52: 7.71 | E52: =D52*4 -> 30.84 | F52: =E52*8 -> 246.72 | L52: 3.452 | M52: 2.633 | N52: 0.004 | O52: 0.241 | P52: =SUM(L52:O52) -> 6.33 | Q52: 0.363 | R52: 0.006 | S52: =SUM(Q52:R52) -> 0.369 | U52: RJ | X52: 51.64 | Y52: 0.97 | Z52: 9.82 | AA52: =Y52+Z52 -> 10.79 | AB52: 83.456 | AC52: 4172.8 | AD52: 81.82 | AE52: 408.9 | AG52: 203.94 | AJ52: 694.66 | AK52: 0.69466 | AM52: C | AN52: =AO52 -> D | AO52: D | AP52: 45672 | AQ52: =AR52-2 -> 45673 | AR52: =AS52-1 -> 45675 | AS52: 45676 | AT52: Ram Singh-1 | AV52: C | AW52: CP | AX52: 45698 | AY52: 45698 | AZ52: Shree shyam | BB52: C | BC52: EE SUB (Rejected due to step bolt missing) | BD52: D | BE52: =BF52-2 -> 45739 | BF52: 45741 | BG52: Ramesh Kumar | BI52: C | BJ52: 45828 | BK52: =BJ52 -> 45828 | BL52: 1252 | BM52: Asit Baran Pal
V53: 349 | W53: DFR
A54: =A52+1 -> 23 | B54: 4/6 | C54: DB+9 | D54: 10.468 | E54: =D54*4 -> 41.872 | F54: =E54*8 -> 334.976 | L54: 4.351 | M54: 4.222 | N54: 0.005 | O54: 0.321 | P54: =SUM(L54:O54) -> 8.899 | Q54: 0.363 | R54: 0.006 | S54: =SUM(Q54:R54) -> 0.369 | U54: RJ | X54: 51.64 | Y54: 0.97 | Z54: 9.82 | AA54: =Y54+Z54 -> 10.79 | AB54: 83.456 | AC54: 4172.8 | AD54: 81.82 | AE54: 408.9 | AG54: 203.94 | AJ54: 694.66 | AK54: 0.69466 | AM54: C | AN54: =AO54 -> D | AO54: D | AP54: 45667 | AQ54: =AP54+1 -> 45668 | AR54: =AS54-1 -> 45670 | AS54: 45671 | AT54: Ram Singh-1 | AV54: C | AW54: CP | AX54: 45698 | AY54: 45698 | AZ54: Shree shyam | BB54: C | BC54: EE SUB (Rejected due to nut bolt missing) | BD54: D | BE54: =BF54-1 -> 45725 | BF54: 45726 | BG54: Ramesh Kumar | BI54: C | BJ54: 45840 | BK54: =BJ54 -> 45840 | BL54: 2144 | BM54: Asit Baran Pal | BN54: Tower Strengthening check is required
V55: 360 | W55: DFR
A56: =A54+1 -> 24 | B56: 4/7 | C56: DB+9 | D56: 10.468 | E56: =D56*4 -> 41.872 | F56: =E56*8 -> 334.976 | G56: 1 | H56: 2 | I56: 2 | J56: 2 | K56: 2 | L56: 4.351 | M56: 4.222 | N56: 0.005 | O56: 0.321 | P56: =SUM(L56:O56) -> 8.899 | Q56: 0.428 | R56: 0.011 | S56: =SUM(Q56:R56) -> 0.439 | U56: RJ | X56: 103.6 | Y56: 0.97 | Z56: 14.75 | AA56: =Y56+Z56 -> 15.72 | AD56: 130.54 | AE56: 602.37 | AH56: 725.9 | AJ56: =SUM(AD56:AI56) -> 1458.81 | AK56: =AJ56/1000 -> 1.45881 | AM56: C | AP56: =AQ56-4 -> 45915 | AQ56: =AR56-3 -> 45919 | AR56: =AS56-4 -> 45922 | AS56: 45926 | AT56: Vinod | AV56: C | AW56: CP | BB56: C | BE56: 46041 | BF56: 46045 | BG56: Ramesh Kumar | BL56: 2144 | BN56: Tower Strengthening check is required | BP56: got
V57: 460 | W57: DFR
A58: =A56+1 -> 25 | B58: 4/8 | C58: DB+9 | D58: 10.468 | E58: =D58*4 -> 41.872 | F58: =E58*8 -> 334.976 | L58: 4.351 | M58: 4.222 | N58: 0.005 | O58: 0.321 | P58: =SUM(L58:O58) -> 8.899 | Q58: 0.363 | R58: 0.006 | S58: =SUM(Q58:R58) -> 0.369 | U58: RJ | X58: 51.64 | Y58: 0.97 | Z58: 9.82 | AA58: =Y58+Z58 -> 10.79 | AB58: 83.456 | AC58: 4172.8 | AD58: 81.82 | AE58: 408.9 | AG58: 203.94 | AJ58: 694.66 | AK58: 0.69466 | AM58: C | AP58: =AQ58-2 -> 45897 | AQ58: =AR58-2 -> 45899 | AR58: =AS58-2 -> 45901 | AS58: 45903 | AT58: Shree shyam | AV58: C | AW58: CP | AX58: =AY58 -> 45905 | AY58: 45905 | AZ58: Shree shyam | BB58: C | BE58: 46013 | BF58: 46015 | BG58: Ramesh Kumar | BL58: 2144
V59: 230 | W59: DFR
A60: =A58+1 -> 26 | B60: 4/9 | C60: DB+6 | D60: 9.549 | E60: =D60*4 -> 38.196 | F60: =E60*8 -> 305.568 | L60: 4.144 | M60: 3.695 | N60: 0.0047 | O60: 0.298 | P60: =SUM(L60:O60) -> 8.1417 | Q60: 0.363 | R60: 0.006 | S60: =SUM(Q60:R60) -> 0.369 | U60: RJ | X60: 51.64 | Y60: 0.97 | Z60: 9.82 | AA60: =Y60+Z60 -> 10.79 | AB60: 83.456 | AC60: 4172.8 | AD60: 81.82 | AE60: 408.9 | AG60: 203.94 | AJ60: 694.66 | AK60: 0.69466 | AM60: C | AN60: EE | AO60: D | AP60: 45685 | AQ60: 45686 | AR60: =AQ60 -> 45686 | AS60: 45687 | AT60: Shree shyam | AV60: C | AW60: CP | AX60: 45698 | AY60: 45698 | AZ60: Shree shyam | BB60: C | BC60: EE | BD60: D | BE60: =BF60-2 -> 45731 | BF60: 45733 | BG60: Ramesh Kumar | BI60: C | BJ60: =BK60 -> 45846 | BK60: 45846 | BL60: 1812 | BM60: Asit Baran Pal | BN60: Tower Strengthening check is required | BP60: got
V61: 371.51 | W61: DFR
A62: =A60+1 -> 27 | B62: 4/10 | C62: DB+6 | D62: 9.549 | E62: =D62*4 -> 38.196 | F62: =E62*8 -> 305.568 | L62: 4.144 | M62: 3.695 | N62: 0.0047 | O62: 0.298 | P62: =SUM(L62:O62) -> 8.1417 | Q62: 0.363 | R62: 0.006 | S62: =SUM(Q62:R62) -> 0.369 | U62: RJ | X62: 51.64 | Y62: 0.97 | Z62: 9.82 | AA62: =Y62+Z62 -> 10.79 | AB62: 83.456 | AC62: 4172.8 | AD62: 81.82 | AE62: 408.9 | AG62: 203.94 | AJ62: 694.66 | AK62: 0.69466 | AM62: C | AP62: 45688 | AQ62: =AR62-2 -> 45692 | AR62: =AS62-2 -> 45694 | AS62: 45696 | AT62: Shree shyam | AV62: C | AW62: CP | AX62: =AY62 -> 45721 | AY62: 45721 | AZ62: Shree shyam | BB62: C | BC62: EE | BD62: D | BE62: =BF62-2 -> 45727 | BF62: 45729 | BG62: Ramesh Kumar | BI62: C | BJ62: =BJ60+1 -> 45847 | BK62: =BJ62 -> 45847 | BL62: 1812 | BM62: Asit Baran Pal
V63: 332.471 | W63: DFR
A64: =A62+1 -> 28 | B64: 4/11 | C64: DB+0 | D64: 7.71 | E64: =D64*4 -> 30.84 | F64: =E64*8 -> 246.72 | L64: 3.452 | M64: 2.633 | N64: 0.004 | O64: 0.241 | P64: =SUM(L64:O64) -> 6.33 | Q64: 0.363 | R64: 0.006 | S64: =SUM(Q64:R64) -> 0.369 | U64: RJ | X64: 51.64 | Y64: 0.97 | Z64: 9.82 | AA64: =Y64+Z64 -> 10.79 | AB64: 83.456 | AC64: 4172.8 | AD64: 81.82 | AE64: 408.9 | AG64: 203.94 | AJ64: 694.66 | AK64: 0.69466 | AM64: C | AN64: =AO64 -> D | AO64: D | AP64: 45656 | AQ64: =AR64-4 -> 45663 | AR64: =AS64-2 -> 45667 | AS64: 45669 | AT64: Shree shyam | AV64: C | AW64: CP | AX64: =AY64 -> 45721 | AY64: 45721 | AZ64: Shree shyam | BB64: C | BC64: EE SUB | BD64: D | BE64: =BF64-1 -> 45727 | BF64: 45728 | BG64: Dudhnath Kumar | BI64: C | BJ64: =BJ62+1 -> 45848 | BK64: =BJ64 -> 45848 | BL64: 1252 | BM64: Asit Baran Pal
V65: 424.43 | W65: DFR
A66: =A64+1 -> 29 | B66: 4/12 | C66: DA+9 | D66: 8.252 | E66: =D66*4 -> 33.008 | F66: =E66*8 -> 264.064 | G66: 1 | H66: 3 | I66: 3 | J66: 3 | K66: 3 | L66: 3.078 | M66: 3.659 | N66: 0.0027 | O66: 0.266 | P66: =SUM(L66:O66) -> 7.0057 | Q66: 0.428 | R66: 0.011 | S66: =SUM(Q66:R66) -> 0.439 | U66: RJ | X66: 41.44 | Y66: 0.8 | Z66: 15.93 | AA66: =Y66+Z66 -> 16.73 | AB66: 66.42 | AC66: 3321 | AD66: 73.73 | AE66: 301.5 | AG66: 206.46 | AJ66: 581.69 | AK66: 0.58169 | AM66: C | AN66: D | AO66: D | AP66: =AQ66-2 -> 45784 | AQ66: =AR66-2 -> 45786 | AR66: =AS66-2 -> 45788 | AS66: 45790 | AT66: Shree shyam | AV66: C | AW66: CP | AX66: =AY66 -> 45797 | AY66: 45797 | AZ66: Shree shyam | BB66: C | BC66: EE SUB (Backfilling not proper as per TC) | BD66: D | BE66: =BF66 -> 45812 | BF66: 45812 | BG66: Dudhnath Kumar | BI66: C | BJ66: =BJ64+1 -> 45849 | BK66: =BJ66 -> 45849 | BL66: 1588 | BM66: Asit Baran Pal
V67: 326.731 | W67: DFR
A68: =A66+1 -> 30 | B68: 4/13 | C68: DA+6 | D68: 7.622 | E68: =D68*4 -> 30.488 | F68: =E68*8 -> 243.904 | L68: 2.679 | M68: 3.133 | N68: 0.0025 | O68: 0.233 | P68: =SUM(L68:O68) -> 6.0475 | Q68: 0.244 | R68: 0.005 | S68: =SUM(Q68:R68) -> 0.249 | U68: RJ | X68: 41.44 | Y68: 0.8 | Z68: 7.8 | AA68: =Y68+Z68 -> 8.6 | AB68: 66.42 | AC68: 3321 | AD68: 73.73 | AE68: 301.5 | AG68: 206.46 | AJ68: 581.69 | AK68: 0.58169 | AM68: C | AN68: =AO68 -> D | AO68: D | AP68: =AQ68-3 -> 45639 | AQ68: =AR68-2 -> 45642 | AR68: =AS68-2 -> 45644 | AS68: 45646 | AT68: Shree shyam | AV68: C | AW68: CP | AX68: =AY68 -> 45708 | AY68: 45708 | AZ68: Shree shyam | BB68: C | BC68: EE SUB (Backfilling Observation must be cleared in TC) | BD68: D | BE68: =BF68-3 -> 45729 | BF68: 45732 | BG68: Dudhnath Kumar | BI68: C | BJ68: =BJ66+1 -> 45850 | BK68: =BJ68 -> 45850 | BL68: 1545 | BM68: Asit Baran Pal
V69: 291.857 | W69: DFR
A70: =A68+1 -> 31 | B70: 4/14 | C70: DA+0 | D70: 6.362 | E70: =D70*4 -> 25.448 | F70: =E70*8 -> 203.584 | L70: 2.25 | M70: 2.188 | N70: 0.002 | O70: 0.183 | P70: =SUM(L70:O70) -> 4.623 | Q70: 0.244 | R70: 0.005 | S70: =SUM(Q70:R70) -> 0.249 | U70: RJ | X70: 41.44 | Y70: 0.8 | Z70: 7.8 | AA70: =Y70+Z70 -> 8.6 | AB70: 66.42 | AC70: 3321 | AD70: 73.73 | AE70: 301.5 | AG70: 206.46 | AJ70: 581.69 | AK70: 0.58169 | AM70: C | AN70: =AO70 -> D | AO70: D | AP70: =AQ70-3 -> 45638 | AQ70: =AR70-2 -> 45641 | AR70: =AS70-2 -> 45643 | AS70: 45645 | AT70: Shree shyam | AV70: C | AW70: CP | AX70: =AY70 -> 45677 | AY70: 45677 | AZ70: Shree shyam | BB70: C | BC70: EE SUB | BD70: D | BE70: =BF70-2 -> 45732 | BF70: 45734 | BG70: Dudhnath Kumar | BI70: C | BJ70: =BJ68+1 -> 45851 | BK70: =BJ70 -> 45851 | BL70: 980 | BM70: Asit Baran Pal
V71: 292.001 | W71: DFR
A72: =A70+1 -> 32 | B72: 4/15 | C72: DB+3 | D72: 8.63 | E72: =D72*4 -> 34.52 | F72: =E72*8 -> 276.16 | L72: 3.867 | M72: 3.306 | N72: 0.005 | O72: 0.276 | P72: =SUM(L72:O72) -> 7.454 | Q72: 0.363 | R72: 0.006 | S72: =SUM(Q72:R72) -> 0.369 | U72: RJ | X72: 51.64 | Y72: 0.97 | Z72: 9.82 | AA72: =Y72+Z72 -> 10.79 | AB72: 83.456 | AC72: 4172.8 | AD72: 81.82 | AE72: 408.9 | AG72: 203.94 | AJ72: 694.66 | AK72: 0.69466 | AM72: C | AN72: =AO72 -> D | AO72: D | AP72: =AQ72-3 -> 45644 | AQ72: =AR72-2 -> 45647 | AR72: =AS72-2 -> 45649 | AS72: 45651 | AT72: Shree shyam | AV72: C | AW72: CP | AX72: =AY72 -> 45677 | AY72: 45677 | AZ72: Shree shyam | BB72: C | BC72: EE SUB | BD72: D | BE72: =BF72-2 -> 45739 | BF72: 45741 | BG72: Dudhnath Kumar | BI72: C | BJ72: =BJ70+1 -> 45852 | BK72: =BJ72 -> 45852 | BL72: 1560 | BM72: Asit Baran Pal
V73: 415 | W73: DFR
A74: =A72+1 -> 33 | B74: 4/16 | C74: DB+0 | D74: 7.71 | E74: =D74*4 -> 30.84 | F74: =E74*8 -> 246.72 | L74: 3.452 | M74: 2.633 | N74: 0.004 | O74: 0.241 | P74: =SUM(L74:O74) -> 6.33 | Q74: 0.363 | R74: 0.006 | S74: =SUM(Q74:R74) -> 0.369 | U74: RJ | X74: 51.64 | Y74: 0.97 | Z74: 9.82 | AA74: =Y74+Z74 -> 10.79 | AB74: 83.456 | AC74: 4172.8 | AD74: 81.82 | AE74: 408.9 | AG74: 203.94 | AJ74: 694.66 | AK74: 0.69466 | AM74: C | AN74: =AO74 -> D | AO74: D | AP74: 45677 | AQ74: =AR74-2 -> 45696 | AR74: =AS74-2 -> 45698 | AS74: 45700 | AT74: Ram Singh | AV74: C | AW74: CP | AX74: =AY74 -> 45708 | AY74: 45708 | AZ74: Shree shyam | BB74: C | BC74: Form need to be fill up | BD74: D | BE74: =BF74-2 -> 45737 | BF74: 45739 | BG74: Dudhnath Kumar | BI74: C | BJ74: =BJ72+1 -> 45853 | BK74: =BJ74 -> 45853 | BL74: 1252 | BM74: Asit Baran Pal | BN74: Tower Strengthening check is required | BP74: got
V75: 237 | W75: DFR
A76: =A74+1 -> 34 | B76: 4/17 | C76: DB+0 | D76: 7.71 | E76: =D76*4 -> 30.84 | F76: =E76*8 -> 246.72 | L76: 3.452 | M76: 2.633 | N76: 0.004 | O76: 0.241 | P76: =SUM(L76:O76) -> 6.33 | Q76: 0.363 | R76: 0.006 | S76: =SUM(Q76:R76) -> 0.369 | U76: RJ | X76: 51.64 | Y76: 0.97 | Z76: 9.82 | AA76: =Y76+Z76 -> 10.79 | AB76: 83.456 | AC76: 4172.8 | AD76: 81.82 | AE76: 408.9 | AG76: 203.94 | AJ76: 694.66 | AK76: 0.69466 | AM76: C | AN76: =AO76 -> D | AO76: D | AP76: =AQ76-3 -> 45697 | AQ76: =AR76-2 -> 45700 | AR76: =AS76-1 -> 45702 | AS76: 45703 | AT76: Ram Singh | AV76: C | AW76: CP | AX76: =AY76 -> 45708 | AY76: 45708 | AZ76: Shree shyam | BB76: C | BC76: EE SUB | BD76: D | BE76: =BF76-1 -> 45735 | BF76: 45736 | BG76: Dudhnath Kumar | BI76: C | BJ76: =BJ74+1 -> 45854 | BK76: =BJ76 -> 45854 | BL76: 1252 | BM76: Asit Baran Pal | BN76: Tower Strengthening check is required | BP76: got
V77: 188.454 | W77: DFR
A78: =A76+1 -> 35 | B78: 5/0 | C78: DB+6 | D78: 9.549 | E78: =D78*4 -> 38.196 | F78: =E78*8 -> 305.568 | G78: 1 | J78: 4 | K78: 2 | L78: 4.144 | M78: 3.695 | N78: 0.0047 | O78: 0.298 | P78: =SUM(L78:O78) -> 8.1417 | Q78: 0.363 | R78: 0.006 | S78: =SUM(Q78:R78) -> 0.369 | T78: 11° 47' 59"RT | U78: RJ | X78: 55.22 | Y78: 1.028 | Z78: 14.568 | AA78: =Y78+Z78 -> 15.596 | AD78: 126.88 | AE78: 414.8 | AG78: 332.12 | AH78: 139.71 | AJ78: =SUM(AD78:AI78) -> 1013.51 | AK78: =AJ78/1000 -> 1.01351 | AM78: C | AN78: EE | AO78: D | AP78: =AQ78-2 -> 45738 | AQ78: =AR78-2 -> 45740 | AR78: =AS78-2 -> 45742 | AS78: 45744 | AT78: Shree shyam | AV78: C | AW78: CP | AX78: =AY78 -> 45661 | AY78: 45661 | AZ78: Ram Singh-1 | BB78: C | BC78: EE SUB (All CTQ forms not submitted yet. Also updated TC required which is not given) | BD78: Fab | BE78: 45852 | BF78: 45854 | BG78: Dudhnath Kumar | BI78: C | BJ78: 45895 | BK78: 45895 | BL78: 1812 | BM78: Asit Baran Pal | BN78: Tower Strengthening check is required | BP78: got
V79: 383 | W79: DFR
A80: =A78+1 -> 36 | B80: 5/1 | C80: DB+3 | D80: 8.63 | E80: =D80*4 -> 34.52 | F80: =E80*8 -> 276.16 | L80: 3.867 | M80: 3.306 | N80: 0.005 | O80: 0.276 | P80: =SUM(L80:O80) -> 7.454 | Q80: 0.363 | R80: 0.006 | S80: =SUM(Q80:R80) -> 0.369 | U80: RJ | X80: 51.64 | Y80: 0.97 | Z80: 9.82 | AA80: =Y80+Z80 -> 10.79 | AB80: 83.456 | AC80: 4172.8 | AD80: 81.82 | AE80: 408.9 | AG80: 203.94 | AJ80: 694.66 | AK80: 0.69466 | AM80: C | AN80: EE | AO80: D | AP80: 46022 | AQ80: =AR80-1 -> 45658 | AR80: =AS80-3 -> 45659 | AS80: 45662 | AT80: Shree shyam | AV80: C | AW80: CP | AX80: 45644 | AY80: 45644 | AZ80: Viki Enterprises | BB80: C | BC80: EE | BD80: D | BE80: =BF80-1 -> 45759 | BF80: 45760 | BG80: Dudhnath Kumar | BI80: C | BJ80: 45895 | BK80: 45895 | BL80: 1560 | BM80: Asit Baran Pal
V81: 311 | W81: DFR
A82: =A80+1 -> 37 | B82: 5/2 | C82: DA+6 | D82: 7.622 | E82: =D82*4 -> 30.488 | F82: =E82*8 -> 243.904 | L82: 2.679 | M82: 3.133 | N82: 0.0025 | O82: 0.233 | P82: =SUM(L82:O82) -> 6.0475 | Q82: 0.244 | R82: 0.005 | S82: =SUM(Q82:R82) -> 0.249 | U82: RJ | X82: 41.44 | Y82: 0.8 | Z82: 7.8 | AA82: =Y82+Z82 -> 8.6 | AB82: 66.42 | AC82: 3321 | AD82: 73.73 | AE82: 301.5 | AG82: 206.46 | AJ82: 581.69 | AK82: 0.58169 | AM82: C | AN82: =AO82 -> D | AO82: D | AP82: =AQ82-2 -> 45626 | AQ82: =AR82-2 -> 45628 | AR82: =AS82-2 -> 45630 | AS82: 45632 | AT82: Shree shyam | AV82: C | AW82: CP | AX82: 45644 | AY82: 45644 | AZ82: Viki Enterprises | BB82: C | BC82: EE SUB (Updated TC clearing backfilling point not given yet) | BD82: D | BE82: =BF82-2 -> 45742 | BF82: 45744 | BG82: Dudhnath Kumar | BI82: C | BJ82: 45895 | BK82: 45895 | BL82: 1545 | BM82: Asit Baran Pal
V83: 350 | W83: DFR
A84: =A82+1 -> 38 | B84: 5/3 | C84: DA+3 | D84: 6.992 | E84: =D84*4 -> 27.968 | F84: =E84*8 -> 223.744 | L84: 2.607 | M84: 2.657 | N84: 0.002 | O84: 0.213 | P84: =SUM(L84:O84) -> 5.479 | Q84: 0.244 | R84: 0.005 | S84: =SUM(Q84:R84) -> 0.249 | U84: RJ | X84: 41.44 | Y84: 0.8 | Z84: 7.8 | AA84: =Y84+Z84 -> 8.6 | AB84: 66.42 | AC84: 3321 | AD84: 73.73 | AE84: 301.5 | AG84: 206.46 | AJ84: 581.69 | AK84: 0.58169 | AM84: C | AN84: =AO84 -> D | AO84: D | AP84: =AQ84-2 -> 45627 | AQ84: =AR84-2 -> 45629 | AR84: =AS84-2 -> 45631 | AS84: 45633 | AT84: Shree shyam | AV84: C | AW84: CP | AX84: 45645 | AY84: 45645 | AZ84: Viki Enterprises | BB84: C | BC84: Form need to be fill up | BD84: D | BE84: =BF84-2 -> 45745 | BF84: 45747 | BG84: Dudhnath Kumar | BI84: C | BJ84: 45897 | BK84: 45897 | BL84: 1330 | BM84: Asit Baran Pal
V85: 291 | W85: DFR
A86: =A84+1 -> 39 | B86: 5A/0 | C86: DC+0 | D86: 7.708 | E86: =D86*4 -> 30.832 | F86: =E86*8 -> 246.656 | L86: 4.057 | M86: 2.48 | N86: 0.006 | O86: 0.365 | P86: =SUM(L86:O86) -> 6.908 | Q86: 0.436 | R86: 0.01 | S86: =SUM(Q86:R86) -> 0.446 | T86: 24° 44' 29"LT | U86: RJ | X86: 75.36 | Y86: 1.35 | Z86: 12.85 | AA86: =Y86+Z86 -> 14.2 | AB86: 109.565 | AC86: 5478.25 | AD86: 81.82 | AE86: 599.6 | AG86: 201.4 | AJ86: 882.82 | AK86: 0.88282 | AM86: C | AN86: =AO86 -> D | AO86: D | AP86: =AQ86-2 -> 45648 | AQ86: =AR86-3 -> 45650 | AR86: =AS86-2 -> 45653 | AS86: 45655 | AT86: Shree shyam | AV86: C | AW86: CP | AX86: =AY86 -> 45695 | AY86: 45695 | AZ86: Ram Singh-1 | BB86: C | BC86: Form need to be fill up | BD86: D | BE86: =BF86 -> 45746 | BF86: 45746 | BG86: Dudhnath Kumar | BI86: C | BJ86: 45897 | BK86: 45897 | BL86: 1001 | BM86: Asit Baran Pal | BN86: Tower Strengthening check is required
V87: 322 | W87: DFR
A88: =A86+1 -> 40 | B88: 5A/1 | C88: DB+0 | D88: 7.71 | E88: =D88*4 -> 30.84 | F88: =E88*8 -> 246.72 | L88: 3.452 | M88: 2.633 | N88: 0.004 | O88: 0.241 | P88: =SUM(L88:O88) -> 6.33 | Q88: 0.363 | R88: 0.006 | S88: =SUM(Q88:R88) -> 0.369 | U88: RJ | X88: 51.64 | Y88: 0.97 | Z88: 9.82 | AA88: =Y88+Z88 -> 10.79 | AB88: 83.456 | AC88: 4172.8 | AD88: 81.82 | AE88: 408.9 | AG88: 203.94 | AJ88: 694.66 | AK88: 0.69466 | AM88: C | AP88: =AQ88-3 -> 45929 | AQ88: =AR88-3 -> 45932 | AR88: =AS88-3 -> 45935 | AS88: 45938 | AT88: Vinod | AV88: C | AW88: CP | BB88: C | BE88: =BF90 -> 45984 | BF88: =BE88+1 -> 45985 | BI88: C | BJ88: 46031 | BK88: 46031 | BL88: 1252 | BM88: Jai Swami | BN88: Tower Strengthening check is required | BP88: got
V89: 284 | W89: DFR
A90: =A88+1 -> 41 | B90: 5A/2 | C90: DB+0 | D90: 7.71 | E90: =D90*4 -> 30.84 | F90: =E90*8 -> 246.72 | L90: 3.452 | M90: 2.633 | N90: 0.004 | O90: 0.241 | P90: =SUM(L90:O90) -> 6.33 | Q90: 0.363 | R90: 0.006 | S90: =SUM(Q90:R90) -> 0.369 | U90: RJ | X90: 51.64 | Y90: 0.97 | Z90: 9.82 | AA90: =Y90+Z90 -> 10.79 | AB90: 83.456 | AC90: 4172.8 | AD90: 81.82 | AE90: 408.9 | AG90: 203.94 | AJ90: 694.66 | AK90: 0.69466 | AM90: C | AP90: =AQ90-3 -> 45935 | AQ90: =AR90-2 -> 45938 | AR90: =AS90-2 -> 45940 | AS90: 45942 | AT90: Vinod | AV90: C | AW90: CP | BB90: C | BE90: =BF92 -> 45983 | BF90: =BE90+1 -> 45984 | BI90: C | BJ90: 46032 | BK90: 46032 | BL90: 1252 | BM90: Jai Swami
V91: 282.74 | W91: DFR
A92: =A90+1 -> 42 | B92: 5B/0 | C92: DB+3 | D92: 8.63 | E92: =D92*4 -> 34.52 | F92: =E92*8 -> 276.16 | L92: 3.867 | M92: 3.306 | N92: 0.005 | O92: 0.276 | P92: =SUM(L92:O92) -> 7.454 | Q92: 0.363 | R92: 0.006 | S92: =SUM(Q92:R92) -> 0.369 | T92: 7° 28' 45"RT | U92: RJ | X92: 51.64 | Y92: 0.97 | Z92: 9.82 | AA92: =Y92+Z92 -> 10.79 | AB92: 83.456 | AC92: 4172.8 | AD92: 81.82 | AE92: 408.9 | AG92: 203.94 | AJ92: 694.66 | AK92: 0.69466 | AM92: C | AP92: =AQ92-1 -> 45942 | AQ92: =AR92-2 -> 45943 | AR92: =AS92-2 -> 45945 | AS92: 45947 | AT92: Vinod | AV92: C | AW92: CP | BB92: C | BE92: 45982 | BF92: =BE92+1 -> 45983 | BI92: C | BJ92: 46033 | BK92: 46033 | BL92: 1560 | BM92: Jai Swami | BN92: Tower Strengthening check is required
V93: 462.06 | W93: DFR
A94: =A92+1 -> 43 | B94: 6/0 | C94: DC+0 | D94: 7.708 | E94: =D94*4 -> 30.832 | F94: =E94*8 -> 246.656 | G94: 1 | I94: 5 | J94: 2 | L94: 4.057 | M94: 2.48 | N94: 0.006 | O94: 0.365 | P94: =SUM(L94:O94) -> 6.908 | Q94: 0.566 | R94: 0.01 | S94: =SUM(Q94:R94) -> 0.576 | T94: 15° 37' 24"RT | U94: RJ | X94: 78.75 | Y94: 1.503 | Z94: 20.967 | AA94: =Y94+Z94 -> 22.47 | AD94: 118.51 | AE94: 500.21 | AF94: 114.33 | AG94: 151.02 | AH94: 318.71 | AJ94: =SUM(AD94:AI94) -> 1202.78 | AK94: =AJ94/1000 -> 1.20278 | AM94: C | AP94: =AQ94-1 -> 45982 | AQ94: =AR94-2 -> 45983 | AR94: =AS94-2 -> 45985 | AS94: 45987 | AT94: Vinod | AV94: C | AW94: CP | BB94: C | BE94: 46009 | BF94: 46011 | BI94: C | BJ94: 46034 | BK94: 46034 | BL94: 1001 | BM94: Jai Swami
V95: 318.04 | W95: DFR
A96: =A94+1 -> 44 | B96: 7/0 | C96: DB+9 | D96: 10.468 | E96: =D96*4 -> 41.872 | F96: =E96*8 -> 334.976 | L96: 4.351 | M96: 4.222 | N96: 0.005 | O96: 0.321 | P96: =SUM(L96:O96) -> 8.899 | Q96: 0.363 | R96: 0.006 | S96: =SUM(Q96:R96) -> 0.369 | T96: 23° 4' 48"RT | U96: RJ | X96: 51.64 | Y96: 0.97 | Z96: 9.82 | AA96: =Y96+Z96 -> 10.79 | AB96: 83.456 | AC96: 4172.8 | AD96: 81.82 | AE96: 408.9 | AG96: 203.94 | AJ96: 694.66 | AK96: 0.69466 | AM96: C | AN96: =AO96 -> D | AO96: D | AP96: =AQ96-2 -> 45725 | AQ96: =AR96-3 -> 45727 | AR96: =AS96-2 -> 45730 | AS96: 45732 | AT96: Ram Singh | AV96: C | AW96: CP | AX96: =AY96-0 -> 45736 | AY96: 45736 | AZ96: Ram Singh-1 | BB96: C | BC96: EE SUB | BD96: D | BE96: =BF96-2 -> 45755 | BF96: 45757 | BG96: Dudhnath Kumar | BI96: C | BJ96: 45878 | BK96: =BJ96 -> 45878 | BL96: 2144 | BM96: Asit Baran Pal
V97: 364 | W97: DFR
A98: =A96+1 -> 45 | B98: 7/1 | C98: DA+0 | D98: 6.362 | E98: =D98*4 -> 25.448 | F98: =E98*8 -> 203.584 | L98: 2.25 | M98: 2.188 | N98: 0.002 | O98: 0.183 | P98: =SUM(L98:O98) -> 4.623 | Q98: 0.244 | R98: 0.005 | S98: =SUM(Q98:R98) -> 0.249 | U98: RJ | X98: 41.44 | Y98: 0.8 | Z98: 7.8 | AA98: =Y98+Z98 -> 8.6 | AB98: 66.42 | AC98: 3321 | AD98: 73.73 | AE98: 301.5 | AG98: 206.46 | AJ98: 581.69 | AK98: 0.58169 | AM98: C | AN98: D | AO98: D | AP98: =AQ98-2 -> 45720 | AQ98: =AR98-1 -> 45722 | AR98: =AS98-2 -> 45723 | AS98: 45725 | AT98: Shree shyam | AV98: C | AW98: CP | AX98: =AY98-0 -> 45736 | AY98: 45736 | AZ98: Ram Singh-1 | BB98: C | BC98: EE SUB | BD98: D | BE98: =BF98-1 -> 45752 | BF98: 45753 | BG98: Dudhnath Kumar | BI98: C | BJ98: 45878 | BK98: =BJ98 -> 45878 | BL98: 980 | BM98: Asit Baran Pal
V99: 279 | W99: DFR
A100: =A98+1 -> 46 | B100: 7/2 | C100: DA+0 | D100: 6.362 | E100: =D100*4 -> 25.448 | F100: =E100*8 -> 203.584 | L100: 2.25 | M100: 2.188 | N100: 0.002 | O100: 0.183 | P100: =SUM(L100:O100) -> 4.623 | Q100: 0.244 | R100: 0.005 | S100: =SUM(Q100:R100) -> 0.249 | U100: RJ | X100: 41.44 | Y100: 0.8 | Z100: 7.8 | AA100: =Y100+Z100 -> 8.6 | AB100: 66.42 | AC100: 3321 | AD100: 73.73 | AE100: 301.5 | AG100: 206.46 | AJ100: 581.69 | AK100: 0.58169 | AM100: C | AN100: =AO100 -> D | AO100: D | AP100: =AQ100-2 -> 45725 | AQ100: =AR100-2 -> 45727 | AR100: =AS100-3 -> 45729 | AS100: 45732 | AT100: Ram Singh | AV100: C | AW100: CP | AX100: =AY100-0 -> 45736 | AY100: 45736 | AZ100: Ram Singh-1 | BB100: C | BC100: Form need to be fill up | BD100: D | BE100: =BF100-2 -> 45752 | BF100: 45754 | BG100: Dudhnath Kumar | BI100: C | BJ100: 45878 | BK100: =BJ100 -> 45878 | BL100: 980 | BM100: Asit Baran Pal
...

Sheet Stringing-220kV
A1: =+Summary!A2 -> Name of the Line: 220KV DC AL59 line from Neemuch - Chanderiya + 132KV DC ACSS Line from Chanderiya to Hindustan Zinc
A2: =+Summary!A5 -> Progress of 220kV Line | F2: Stringing Progress (Conductor & Earthwire) | T2: OPGW Progress
A3: Stringing Section | D3: =Summary!R5 -> 46092 | E3: =SUMIF(E6:E213,"C",$D$6:$D$213)/1000 -> 59.563575 | H3: =SUMIF(G7:G213,"WIP",$D$7:$D$213)/1000 -> 0 | I3: =SUMIF(G6:G213,"C",$D$6:$D$213)/1000 -> 59.563575 | K3: =SUMIF(J7:J213,"WIP",$D$7:$D$213)/1000 -> 0 | L3: =SUMIF(J6:J213,"C",$D$6:$D$213)/1000 -> 58.460325 | U3: =SUMIF(T7:T213,"WIP",$D$7:$D$213)/1000 -> 0 | V3: =SUMIF(T7:T213,"C",$D$7:$D$213)/1000 -> 39.301041 | X3: =SUMIF(W7:W213,"WIP",$D$7:$D$213)/1000 -> 0 | Y3: =SUMIF(W7:W213,"C",$D$7:$D$213)/1000 -> 39.301041
A4: Sl. No. | B4: Section | D4: Section Length (m) | E4: Stretch Readiness | F4: Insulator Hoisting | G4: Conductor Paying Out | J4: Final Sag | M4: Clipping | N4: Spacer | O4: Jumper | P4: Sub-Contractor Name | Q4: MP | R4: Remarks | T4: OPGW Paying Out | W4: OPGW Final Sag | Z4: Sub-Contractor Name
B5: From | C5: To | G5: Status | H5: DOS | I5: DOC | J5: Status | K5: DOS | L5: DOC | M5: Status | N5: Status | O5: Status | T5: Status | U5: DOS | V5: DOC | W5: Status | X5: DOS | Y5: DOC
A6: 1 | B6: Gnty | C6: 0/0 | D6: 0.047 | E6: C | F6: C | G6: C | H6: 46053 | I6: 46055 | J6: C | K6: 46053 | L6: 46055 | P6: Harshvivek
A7: =A6+1 -> 2 | B7: 0/0 | C7: 1/0 | D7: 439.47 | E7: C | F7: C | G7: C | H7: 45796 | I7: 45801 | J7: C | K7: 45803 | L7: =K7+2 -> 45805 | M7: C | N7: C | O7: C | P7: National
A8: =A7+1 -> 3 | B8: =C7 -> 1/0 | C8: 1A/0 | D8: 1037.32 | E8: C | F8: C | G8: C | H8: 45796 | I8: 45801 | J8: C | K8: 45803 | L8: =K8+2 -> 45805 | M8: C | N8: C | O8: C | P8: National
A9: =A8+1 -> 4 | B9: =C8 -> 1A/0 | C9: 1A/2 | D9: 609 | E9: C | F9: C | G9: C | H9: =I9 -> 45837 | I9: 45837 | J9: C | K9: 45838 | L9: =K9 -> 45838 | M9: C | N9: C | O9: C | P9: National
A10: =A9+1 -> 5 | B10: =C9 -> 1A/2 | C10: 1B/0 | D10: 232.098 | E10: C | F10: C | G10: C | H10: =I10 -> 45837 | I10: 45837 | J10: C | K10: 45837 | L10: =K10 -> 45837 | M10: C | N10: C | P10: National
A11: =A10+1 -> 6 | B11: =C10 -> 1B/0 | C11: 1C/0 | D11: 237.783
A12: =A11+1 -> 7 | B12: =C11 -> 1C/0 | C12: 1D/0 | D12: 675.21
A13: =A12+1 -> 8 | B13: =C12 -> 1D/0 | C13: 1E/0 | D13: 699.92 | E13: C | F13: C | G13: C | H13: =I13-1 -> 45870 | I13: =K13-2 -> 45871 | J13: C | K13: =L13-3 -> 45873 | L13: 45876 | M13: C | N13: C | O13: C | P13: Dilruba Bibi
A14: =A13+1 -> 9 | B14: =C13 -> 1E/0 | C14: 2/0 | D14: 356.664 | E14: C | F14: C | G14: C | H14: =I14-3 -> 45864 | I14: =K14-2 -> 45867 | J14: C | K14: =L14-3 -> 45869 | L14: 45872 | M14: C | N14: C | P14: Dilruba Bibi
A15: =A14+1 -> 10 | B15: =C14 -> 2/0 | C15: 3/0 | D15: 174.205
A16: =A15+1 -> 11 | B16: =C15 -> 3/0 | C16: 4/0 | D16: 229.73
A17: =A16+1 -> 12 | B17: =C16 -> 4/0 | C17: 4/5 | D17: 1733 | E17: C | F17: C | G17: C | H17: =I17-3 -> 45849 | I17: =K17-2 -> 45852 | J17: C | K17: =L17-2 -> 45854 | L17: 45856 | M17: C | N17: C | O17: C | P17: Dilruba Bibi
A18: =A17+1 -> 13 | B18: =C17 -> 4/5 | C18: 4/6 | D18: 349 | E18: C | F18: C | G18: C | H18: =I18-3 -> 45849 | I18: =K18-2 -> 45852 | J18: C | K18: =L18-2 -> 45854 | L18: 45856 | M18: C | N18: C | P18: Dilruba Bibi
A19: =A18+1 -> 14 | B19: =C18 -> 4/6 | C19: 4/7 | D19: 360
A20: =A19+1 -> 15 | B20: =C19 -> 4/7 | C20: 4/8 | D20: 460
A21: =A20+1 -> 16 | B21: =C20 -> 4/8 | C21: 4/9 | D21: 230
A22: =A21+1 -> 17 | B22: =C21 -> 4/9 | C22: 4/10 | D22: 371.51 | E22: C | F22: C | G22: C | H22: =I22-3 -> 45891 | I22: 45894 | J22: C | K22: =L22-2 -> 45919 | L22: 45921 | M22: C | N22: C | O22: C | P22: National
A23: =A22+1 -> 18 | B23: =C22 -> 4/10 | C23: 4/11 | D23: 332.471 | E23: C | F23: C | G23: C | H23: =I23-3 -> 45891 | I23: 45894 | J23: C | K23: =K22 -> 45919 | L23: 45921 | M23: C | N23: C | O23: C | P23: National
A24: =A23+1 -> 19 | B24: =C23 -> 4/11 | C24: 4/15 | D24: 1335.05 | E24: C | F24: C | G24: C | H24: =I24-3 -> 45891 | I24: 45894 | J24: C | K24: =L24-3 -> 45910 | L24: 45913 | M24: C | N24: C | O24: C | P24: National
A25: =A24+1 -> 20 | B25: =C24 -> 4/15 | C25: 4/16 | D25: 415 | E25: C | F25: C | G25: C | H25: =I25-3 -> 45891 | I25: 45894 | J25: C | K25: =L25-3 -> 45900 | L25: 45903 | M25: C | N25: C | O25: C | P25: National
A26: =A25+1 -> 21 | B26: =C25 -> 4/16 | C26: 4/17 | D26: 237 | E26: C | F26: C | G26: C | H26: =I26-3 -> 45891 | I26: 45894 | J26: C | K26: =L26-1 -> 45916 | L26: 45917 | M26: C | N26: C | O26: C | P26: National
A27: =A26+1 -> 22 | B27: =C26 -> 4/17 | C27: 5/0 | D27: 188.454 | E27: C | F27: C | G27: C | H27: 45897 | I27: 45900 | J27: C | K27: =L27-3 -> 45907 | L27: 45910 | M27: C | N27: C | O27: C | P27: National
A28: =A27+1 -> 23 | B28: =C27 -> 5/0 | C28: 5/1 | D28: 383 | E28: C | F28: C | G28: C | H28: 45897 | I28: 45900 | J28: C | K28: =L28-3 -> 45908 | L28: =L27+1 -> 45911 | M28: C | N28: C | O28: C | P28: National
A29: =A28+1 -> 24 | B29: =C28 -> 5/1 | C29: 5A/0 | D29: 952 | E29: C | F29: C | G29: C | H29: =I29 -> 45946 | I29: =K29-1 -> 45946 | J29: C | K29: =L29-2 -> 45947 | L29: 45949 | M29: C | N29: C | P29: National
A30: =A29+1 -> 25 | B30: =C29 -> 5A/0 | C30: 5A/1 | D30: 322 | E30: C | F30: C | G30: C | H30: 46063 | I30: 46065 | J30: C | K30: 46066 | L30: 46067 | M30: C | N30: C | P30: National
A31: =A30+1 -> 26 | B31: =C30 -> 5A/1 | C31: 5A/2 | D31: 284 | E31: C | F31: C | G31: C | H31: 46062 | I31: 46063 | J31: C | K31: 46067 | L31: 46068 | M31: C | N31: C | O31: C | P31: National
A32: =A31+1 -> 27 | B32: =C31 -> 5A/2 | C32: 5B/0 | D32: 282.74 | E32: C | F32: C | G32: C | H32: 46059 | I32: 46062 | J32: C | K32: 46062 | L32: 46063 | M32: C | N32: C | O32: C | P32: National
A33: =A32+1 -> 28 | B33: =C32 -> 5B/0 | C33: 6/0 | D33: 462.06 | E33: C | F33: C | G33: C | H33: 46050 | I33: 46057 | J33: C | K33: 46060 | L33: 46062 | M33: C | N33: C | P33: National
A34: =A33+1 -> 29 | B34: =C33 -> 6/0 | C34: 7/0 | D34: 318.04 | E34: C | F34: C | G34: C | H34: 46050 | I34: 46057 | J34: C | K34: 46057 | L34: 46059 | M34: C | N34: C | P34: National
A35: =A34+1 -> 30 | B35: =C34 -> 7/0 | C35: 8/0 | D35: 1147.05 | E35: C | F35: C | G35: C | H35: =I35-2 -> 45922 | I35: 45924 | J35: C | K35: =L35-2 -> 45925 | L35: 45927 | M35: C | N35: C | O35: C | P35: National
A36: =A35+1 -> 31 | B36: =C35 -> 8/0 | C36: 8A/0 | D36: 173.57 | E36: C | F36: C | G36: C | H36: =I36 -> 45931 | I36: 45931 | J36: C | K36: =L36-1 -> 45934 | L36: 45935 | M36: C | N36: C | O36: C | P36: National
A37: =A36+1 -> 32 | B37: =C36 -> 8A/0 | C37: 8B/0 | D37: 336.5 | E37: C | F37: C | G37: C | H37: =H36+2 -> 45933 | I37: =I36+2 -> 45933 | J37: C | K37: =L37-1 -> 45938 | L37: 45939 | M37: C | N37: C | O37: C | P37: National
A38: =A37+1 -> 33 | B38: =C37 -> 8B/0 | C38: 8C/0 | D38: 900.14 | E38: C | F38: C | G38: C | H38: =H37+1 -> 45934 | I38: =I37+1 -> 45934 | J38: C | K38: =L38-1 -> 45938 | L38: 45939 | M38: C | N38: C | O38: C | P38: National
A39: =A38+1 -> 34 | B39: =C38 -> 8C/0 | C39: 8D/0 | D39: 318.76
A40: =A39+1 -> 35 | B40: =C39 -> 8D/0 | C40: 8D/1 | D40: 436.1 | E40: C | F40: C | G40: C | H40: 46086 | I40: 46087 | J40: C | K40: 46088 | L40: 46089 | M40: C | N40: C | O40: C | P40: National
A41: =A40+1 -> 36 | B41: =C40 -> 8D/1 | C41: 8D/3 | D41: 657.08 | E41: C | F41: C | G41: C | H41: 46083 | I41: 46086 | J41: C | K41: 46089 | L41: 46090 | M41: C | N41: C | O41: C | P41: National
A42: =A41+1 -> 37 | B42: =C41 -> 8D/3 | C42: 8D/4 | D42: 459 | E42: C | F42: C | G42: C | H42: 46068 | I42: 46072 | J42: C | K42: 27/2/2026 | L42: 27/2/2026 | M42: C | N42: C | P42: National
A43: =A42+1 -> 38 | B43: =C42 -> 8D/4 | C43: 8D/5 | D43: 195 | E43: C | F43: C | G43: C | H43: 46068 | I43: 46072 | J43: C | K43: 28/2/2026 | L43: 28/2/2026 | M43: C | N43: C | P43: National
A44: =A43+1 -> 39 | B44: =C43 -> 8D/5 | C44: 8D/6 | D44: 295 | E44: C | F44: C | G44: C | H44: 46068 | I44: 46072
A45: =A44+1 -> 40 | B45: =C44 -> 8D/6 | C45: 8E/0 | D45: 380.25 | E45: C | G45: C | H45: 46068 | I45: 46072
A46: =A45+1 -> 41 | B46: =C45 -> 8E/0 | C46: 8E/1 | D46: 428 | E46: C | G46: C | H46: 46068 | I46: 46072
A47: =A46+1 -> 42 | B47: =C46 -> 8E/1 | C47: 8E/2 | D47: 419 | E47: C | F47: C | G47: C | H47: =I47-3 -> 45972 | I47: =K47-1 -> 45975 | J47: C | K47: =L47-3 -> 45976 | L47: 45979 | M47: C | N47: C | O47: C | P47: National
A48: =A47+1 -> 43 | B48: =C47 -> 8E/2 | C48: 8E/5 | D48: 900 | E48: C | F48: C | G48: C | H48: =I48-3 -> 45972 | I48: =K48-1 -> 45975 | J48: C | K48: =L48-3 -> 45976 | L48: 45979 | M48: C | N48: C | O48: C | P48: National
A49: =A48+1 -> 44 | B49: =C48 -> 8E/5 | C49: 8E/6 | D49: 343.87 | E49: C | F49: C | G49: C | H49: =I49-3 -> 45972 | I49: =K49-1 -> 45975 | J49: C | K49: =L49-3 -> 45976 | L49: 45979 | M49: C | N49: C | O49: C | P49: National
A50: =A49+1 -> 45 | B50: =C49 -> 8E/6 | C50: 8E/7 | D50: 499.13 | E50: C | F50: C | G50: C | H50: 46073 | I50: 46075 | J50: C | K50: 46077 | L50: 46077 | M50: C | N50: C | O50: C
A51: =A50+1 -> 46 | B51: =C50 -> 8E/7 | C51: 8E/8 | D51: 434 | E51: C | F51: C | G51: C | H51: 46073 | I51: 46076 | J51: C | K51: 46078 | L51: 46078 | M51: C | N51: C | O51: C
A52: =A51+1 -> 47 | B52: =C51 -> 8E/8 | C52: 8E/11 | D52: 919 | E52: C | F52: C | G52: C | H52: =I52-2 -> 45978 | I52: 45980 | J52: C | K52: =L52-1 -> 45983 | L52: 45984 | M52: C | N52: C | O52: C | P52: National
A53: =A52+1 -> 48 | B53: =C52 -> 8E/11 | C53: 8E/12 | D53: 489 | E53: C | F53: C | G53: C | H53: =I53-4 -> 45966 | I53: 45970 | J53: C | K53: =L53-2 -> 45972 | L53: 45974 | M53: C | N53: C | O53: C | P53: National | T53: C | U53: 46008 | V53: 46011 | W53: C | X53: 46012 | Y53: 46012
A54: =A53+1 -> 49 | B54: =C53 -> 8E/12 | C54: AP-9 | D54: 382.48 | E54: C | F54: C | G54: C | H54: =I54-4 -> 45966 | I54: 45970 | J54: C | K54: =L54-2 -> 45970 | L54: 45972 | M54: C | N54: C | O54: C | P54: National | T54: C | U54: 46008 | V54: 46011 | W54: C | X54: 46012 | Y54: 46012
A55: =A54+1 -> 50 | B55: =C54 -> AP-9 | C55: 9/4 | D55: 1250.32 | E55: C | F55: C | G55: C | H55: =I55-4 -> 45966 | I55: 45970 | J55: C | K55: =L55-2 -> 45970 | L55: 45972 | M55: C | N55: C | O55: C | P55: National | T55: C | U55: 46008 | V55: 46011 | W55: C | X55: 46012 | Y55: 46012
A56: =A55+1 -> 51 | B56: =C55 -> 9/4 | C56: 9/5 | D56: 246.76 | E56: C | F56: C | G56: C | H56: 45956 | I56: =H56+1 -> 45957 | J56: C | K56: =I56+1 -> 45958 | L56: =K56+1 -> 45959 | M56: C | N56: C | O56: C | P56: National | T56: C | U56: 46008 | V56: 46011 | W56: C | X56: 46012 | Y56: 46012
A57: =A56+1 -> 52 | B57: =C56 -> 9/5 | C57: AP-10 | D57: 1697.24 | E57: C | F57: C | G57: C | H57: =I57-4 -> 45926 | I57: 45930 | J57: C | K57: 45956 | L57: =K57+1 -> 45957 | M57: C | N57: C | O57: C | P57: National | T57: C | U57: 46008 | V57: 46011 | W57: C | X57: 46012 | Y57: 46012
A58: =A57+1 -> 53 | B58: =C57 -> AP-10 | C58: AP-11 | D58: 1600.078 | E58: C | F58: C | G58: C | H58: =I58-2 -> 45940 | I58: 45942 | J58: C | K58: =L58-2 -> 45942 | L58: 45944 | M58: C | N58: C | O58: C | P58: National | T58: C | U58: 46017 | V58: 46018 | W58: C | X58: 46019 | Y58: 46019
A59: =A58+1 -> 54 | B59: =C58 -> AP-11 | C59: AP-12 | D59: 525.89 | E59: C | F59: C | G59: C | H59: =I59-2 -> 45940 | I59: 45942 | J59: C | K59: =L59-2 -> 45942 | L59: 45944 | M59: C | N59: C | O59: C | P59: National | T59: C | U59: 46017 | V59: 46018 | W59: C | X59: 46019 | Y59: 46019
A60: =A59+1 -> 55 | B60: =C59 -> AP-12 | C60: AP-13 | D60: 356.279 | E60: C | F60: C | G60: C | H60: =I60 -> 45931 | I60: 45931 | J60: C | K60: =L60-2 -> 45938 | L60: 45940 | M60: C | N60: C | O60: C | P60: National | T60: C | U60: 46017 | V60: 46018 | W60: C | X60: 46019 | Y60: 46019
A61: =A60+1 -> 56 | B61: =C60 -> AP-13 | C61: AP-14 | D61: 667.59 | E61: C | F61: C | G61: C | H61: 46009 | I61: 46011 | J61: C | K61: 46015 | L61: 46018 | M61: C | N61: C | O61: C | P61: National | T61: C | U61: 46017 | V61: 46018 | W61: C | X61: 46019 | Y61: 46019
A62: =A61+1 -> 57 | B62: =C61 -> AP-14 | C62: 14/1 | D62: 362 | E62: C | F62: C | G62: C | H62: 46009 | I62: 46011 | J62: C | K62: 46015 | L62: 46018 | M62: C | N62: C | O62: C | P62: National | T62: C | U62: 46017 | V62: 46018 | W62: C | X62: 46019 | Y62: 46019
A63: =A62+1 -> 58 | B63: =C62 -> 14/1 | C63: 14/3 | D63: 752 | E63: C | F63: C | G63: C | H63: 46009 | I63: 46011 | J63: C | K63: 46012 | L63: 46018 | M63: C | N63: C | O63: C | P63: National | T63: C | U63: 46017 | V63: 46018 | W63: C | X63: 46019 | Y63: 46019
A64: =A63+1 -> 59 | B64: =C63 -> 14/3 | C64: AP-15 | D64: 2536.18 | E64: C | F64: C | G64: C | H64: 46004 | I64: 46006 | J64: C | K64: 46013 | L64: 46014 | M64: C | N64: C | P64: National | T64: C | U64: 46013 | V64: 46015 | W64: C | X64: 46016 | Y64: 46016
A65: =A64+1 -> 60 | B65: =C64 -> AP-15 | C65: AP-16 | D65: 3422.45 | E65: C | F65: C | G65: C | H65: 45825 | I65: 45833 | J65: C | K65: 45828 | L65: 45837 | M65: C | N65: C | O65: C | P65: Nemchand | T65: C | U65: =V65-2 -> 45928 | V65: =X65-1 -> 45930 | W65: C | X65: =Y65-1 -> 45931 | Y65: =X66-1 -> 45932
A66: =A65+1 -> 61 | B66: =C65 -> AP-16 | C66: AP-17 | D66: 1307.65 | E66: C | F66: C | G66: C | H66: 45838 | I66: 45844 | J66: C | K66: 45846 | L66: 45849 | M66: C | N66: C | O66: C | P66: National | T66: C | U66: =V66-2 -> 45930 | V66: =X66-1 -> 45932 | W66: C | X66: =Y66-1 -> 45933 | Y66: =X67-1 -> 45934
A67: =A66+1 -> 62 | B67: =C66 -> AP-17 | C67: AP-18 | D67: 1435.97 | E67: C | F67: C | G67: C | H67: 45838 | I67: 45844 | J67: C | K67: 45846 | L67: 45849 | M67: C | N67: C | O67: C | P67: National | T67: C | U67: =V67-2 -> 45932 | V67: =X67-1 -> 45934 | W67: C | X67: =Y67-2 -> 45935 | Y67: 45937
A68: =A67+1 -> 63 | B68: =C67 -> AP-18 | C68: AP-19 | D68: 4210.131 | E68: C | F68: C | G68: C | H68: 45852 | I68: 45853 | J68: C | K68: 45854 | L68: 45856 | M68: C | N68: C | O68: C | P68: National | T68: C | U68: 45938 | V68: =U68+1 -> 45939 | W68: C | X68: =V68+1 -> 45940 | Y68: =X68+1 -> 45941
A69: =A68+1 -> 64 | B69: =C68 -> AP-19 | C69: AP-20 | D69: 1946.55 | E69: C | F69: C | G69: C | H69: 45858 | I69: 45859 | J69: C | K69: 45859 | L69: 45860 | M69: C | N69: C | O69: C | P69: National | T69: C | U69: 45998 | V69: =U69+1 -> 45999 | W69: C | X69: 45999 | Y69: =X69+1 -> 46000
A70: =A69+1 -> 65 | B70: =C69 -> AP-20 | C70: AP-21 | D70: 2994.77 | E70: C | F70: C | G70: C | H70: =I70-2 -> 45860 | I70: 45862 | J70: C | M70: C | N70: C | O70: C | P70: National | T70: C | U70: 45998 | V70: =U70+1 -> 45999 | W70: C | X70: 45999 | Y70: =X70+1 -> 46000
A71: =A70+1 -> 66 | B71: =C70 -> AP-21 | C71: AP-22 | D71: 4974.78 | E71: C | F71: C | G71: C | H71: 45873 | I71: 45881 | J71: C | K71: 45887 | L71: =K71+4 -> 45891 | M71: C | N71: C | O71: C | P71: National | T71: C | U71: 45987 | V71: 45988 | W71: C | X71: 45988 | Y71: 45988
A72: =A71+1 -> 67 | B72: =C71 -> AP-22 | C72: AP-23 | D72: 947.23 | E72: C | F72: C | G72: C | H72: =I72-4 -> 45877 | I72: 45881 | J72: C | K72: 45907 | L72: 45908 | M72: C | N72: C | O72: C | P72: National | T72: C | U72: 46001 | V72: 46004 | W72: C | X72: 46005 | Y72: 46006
A73: =A72+1 -> 68 | B73: =C72 -> AP-23 | C73: AP-24 | D73: 1926.75 | E73: C | F73: C | G73: C | H73: 45904 | I73: 45906 | J73: C | K73: =K72 -> 45907 | L73: 45908 | M73: C | N73: C | O73: C | P73: National | T73: C | U73: 46001 | V73: 46004 | W73: C | X73: 46005 | Y73: 46006
A74: =A73+1 -> 69 | B74: =C73 -> AP-24 | C74: AP-25 | D74: 190.524 | E74: C | F74: C | G74: C | H74: =I74 -> 45934 | I74: 45934 | J74: C | K74: =L74 -> 45934 | L74: 45934 | M74: C | N74: C | O74: C | P74: National | R74: PLC | T74: C | U74: 46001 | V74: 46004 | W74: C | X74: 46005 | Y74: 46006
A75: =A74+1 -> 70 | B75: =C74 -> AP-25 | C75: AP-26 | D75: 173.541 | E75: C | F75: C | G75: C | H75: =I75-2 -> 45913 | I75: 45915 | J75: C | K75: =L75-1 -> 45915 | L75: 45916 | M75: C | N75: C | O75: C | P75: National | T75: C | U75: 46001 | V75: 46004 | W75: C | X75: 46005 | Y75: 46006
A76: =A75+1 -> 71 | B76: =C75 -> AP-26 | C76: AP-27 | D76: 142.384 | E76: C | F76: C | G76: C | H76: =I76 -> 45936 | I76: 45936 | J76: C | K76: =L76 -> 45936 | L76: 45936 | M76: C | N76: C | O76: C | P76: National | R76: PLC | T76: C | U76: 46001 | V76: 46004 | W76: C | X76: 46005 | Y76: 46006
A77: =A76+1 -> 72 | B77: =C76 -> AP-27 | C77: AP-28 | D77: 77.015 | E77: C | F77: C | G77: C | H77: 45963 | I77: 45963 | J77: C | K77: 45994 | L77: 45996 | M77: C | N77: C | O77: C | P77: National | R77: PLC | T77: C | U77: 46001 | V77: 46004 | W77: C | X77: 46005 | Y77: 46006
A78: =A77+1 -> 73 | B78: =C77 -> AP-28 | C78: 28/1 | D78: 42.266 | E78: C | F78: C | G78: C | H78: 45963 | I78: 45963 | J78: C | K78: 45994 | L78: 45996 | M78: C | N78: C | O78: C | P78: National | T78: C | U78: 46001 | V78: 46004 | W78: C | X78: 46005 | Y78: 46006
A79: =A78+1 -> 74 | B79: =C78 -> 28/1 | C79: 28/2 | D79: 54.573 | E79: C | F79: C | G79: C | H79: 45963 | I79: 45963 | J79: C | K79: 45994 | L79: 45996 | M79: C | N79: C | O79: C | P79: National | T79: C | U79: 46001 | V79: 46004 | W79: C | X79: 46005 | Y79: 46006
A80: =A79+1 -> 75 | B80: =C79 -> 28/2 | C80: AP-29 | D80: 41.886 | E80: C | F80: C | G80: C | H80: =I80 -> 45916 | I80: 45916 | J80: C | K80: =L80 -> 45917 | L80: 45917 | M80: C | N80: C | O80: C | P80: National | T80: C | U80: 46001 | V80: 46004 | W80: C | X80: 46005 | Y80: 46006
A81: =A80+1 -> 76 | B81: =C80 -> AP-29 | C81: 29A/0 | D81: 353.284 | E81: C | F81: C | G81: C | H81: =I81 -> 45915 | I81: =K81-1 -> 45915 | J81: C | K81: =L81 -> 45916 | L81: 45916 | M81: C | N81: C | O81: C | P81: National | T81: C | U81: 46001 | V81: 46004 | W81: C | X81: 46005 | Y81: 46006
A82: =A81+1 -> 77 | B82: =C81 -> 29A/0 | C82: AP-30 | D82: 1860.55 | E82: C | F82: C | G82: C | H82: 45854 | I82: =H82+4 -> 45858 | J82: C | K82: =L82-3 -> 45897 | L82: 45900 | M82: C | N82: C | O82: C | P82: National | T82: C | U82: 45989 | V82: 45992 | W82: C | X82: 45989 | Y82: 45992
A83: =A82+1 -> 78 | B83: =C82 -> AP-30 | C83: AP-31 | D83: 2332.92 | E83: C | F83: C | G83: C | H83: 45846 | I83: =H83+5 -> 45851 | J83: C | K83: 45854 | L83: 45860 | M83: C | N83: C | P83: Kohinoor | T83: C | U83: 45989 | V83: 45992 | W83: C | X83: 45989 | Y83: 45992
A84: =A83+1 -> 79 | B84: =C83 -> AP-31 | C84: AP-32 | D84: 743.35
A85: =A84+1 -> 80 | B85: =C84 -> AP-32 | C85: 33/0 | D85: 909.22
A86: =A85+1 -> 81 | B86: =C85 -> 33/0 | C86: 34/0 | D86: 209
A87: =A86+1 -> 82
A88: =A87+1 -> 83
A89: =A88+1 -> 84
A90: =A89+1 -> 85
A91: =A90+1 -> 86
A92: =A91+1 -> 87
A93: =A92+1 -> 88
A94: =A93+1 -> 89
A95: =A94+1 -> 90
A96: =A95+1 -> 91
A97: =A96+1 -> 92
A98: =A97+1 -> 93
... A171: =A170+1 -> 166
A172: 178
...

Sheet Stringing-132KV
A1: =+Summary!A2 -> Name of the Line: 220KV DC AL59 line from Neemuch - Chanderiya + 132KV DC ACSS Line from Chanderiya to Hindustan Zinc
A2: =+Summary!A5 -> Progress of 220kV Line | F2: Stringing Progress (Conductor & Earthwire) | T2: OPGW Progress
A3: Stringing Section | D3: =Summary!R5 -> 46092 | E3: =SUMIF(E6:E52,"C",$D$6:$D$52)/1000 -> 1.398406 | H3: =SUMIF(G7:G45,"WIP",$D$7:$D$45)/1000 -> 0 | I3: =SUMIF(G6:G52,"C",$D$6:$D$52)/1000 -> 1.398406 | K3: =SUMIF(J7:J45,"WIP",$D$7:$D$45)/1000 -> 0 | L3: =SUMIF(J6:J52,"C",$D$6:$D$52)/1000 -> 1.398406 | U3: =SUMIF(T7:T45,"WIP",$D$7:$D$45)/1000 -> 0 | V3: =SUMIF(T7:T45,"C",$D$7:$D$45)/1000 -> 0 | X3: =SUMIF(W7:W45,"WIP",$D$7:$D$45)/1000 -> 0 | Y3: =SUMIF(W7:W45,"C",$D$7:$D$45)/1000 -> 0
A4: Sl. No. | B4: Section | D4: Section Length (m) | E4: Stretch Readiness | F4: Insulator Hoisting | G4: Conductor Paying Out | J4: Final Sag | M4: Clipping | N4: Spacer | O4: Jumper | P4: Sub-Contractor Name | Q4: MP | R4: Remarks | T4: OPGW Paying Out | W4: OPGW Final Sag | Z4: Sub-Contractor Name
B5: From | C5: To | G5: Status | H5: DOS | I5: DOC | J5: Status | K5: DOS | L5: DOC | M5: Status | N5: Status | O5: Status | T5: Status | U5: DOS | V5: DOC | W5: Status | X5: DOS | Y5: DOC
A6: 1 | B6: Hydro GTY | C6: Existing Tower-1 | D6: 58.79
A7: =A6+1 -> 2 | B7: Existing Tower-1 | C7: Exting Tower-2 | D7: 149.12
A8: =A7+1 -> 3 | B8: Exting Tower-2 | C8: Exting Tower-3 | D8: 128.1
A9: =A8+1 -> 4 | B9: Exting Tower-3 | C9: Exting Tower-4 | D9: 252.72
A10: =A9+1 -> 5 | B10: Exting Tower-4 | C10: Exting Tower-5 | D10: 146.74
A11: =A10+1 -> 6 | B11: Exting Tower-5 | C11: Exting Tapping Tower-6 | D11: 190.05
A12: =A11+1 -> 7 | B12: Exting Tapping Tower-6 | C12: Exting Tower-7 | D12: 83.39
A13: =A12+1 -> 8 | B13: Exting Tower-7 | C13: SC-5 | D13: 120.53
A14: =A13+1 -> 9 | B14: SC-5 | C14: SC-4 | D14: 259.51
A15: =A14+1 -> 10 | B15: SC-4 | C15: Sc-3 | D15: 256.61
A16: =A15+1 -> 11 | B16: Sc-3 | C16: SC-2 | D16: 277.95
A17: =A16+1 -> 12 | B17: SC-2 | C17: SC-1 | D17: 202.25
A18: =A17+1 -> 13 | B18: SC-1 | C18: 1/0 | D18: 62.76
... A43: =A42+1 -> 38 | B43: 14/0 | C43: 15/0 | D43: 220.7
A44: =A43+1 -> 39 | B44: 15/0 | C44: 15/1 | D44: 262.95 | E44: C | F44: C | G44: C | H44: 46088 | I44: 46090 | J44: C | K44: 46089 | L44: 46090 | M44: C | N44: C
A45: =A44+1 -> 40 | B45: 15/1 | C45: 15/2 | D45: 251.57 | E45: C | F45: C | G45: C | H45: 46088 | I45: 46090 | J45: C | K45: 46089 | L45: 46090 | M45: C | N45: C
A46: =A45+1 -> 41 | B46: 15/2 | C46: 15/3 | D46: 271.76 | E46: C | F46: C | G46: C | H46: 46088 | I46: 46090 | J46: C | K46: 46089 | L46: 46090 | M46: C | N46: C
A47: =A46+1 -> 42 | B47: 15/3 | C47: 16/0 | D47: 261.04 | E47: C | F47: C | G47: C | H47: 46088 | I47: 46090 | J47: C | K47: 46089 | L47: 46090 | M47: C | N47: C
A48: =A47+1 -> 43 | B48: 16/0 | C48: 16/1 | D48: 37.42 | E48: C | F48: C | G48: C | H48: 46086 | I48: 46087 | J48: C | K48: 46086 | L48: 46087
A49: =A48+1 -> 44 | B49: 16/1 | C49: 16/2 | D49: 71 | E49: C | F49: C | G49: C | H49: 46084 | I49: 46084 | J49: C | K49: 46084 | L49: 46084
A50: =A49+1 -> 45 | B50: 16/2 | C50: 17/0 | D50: 37.52 | E50: C | F50: C | G50: C | H50: 46076 | I50: 46076 | J50: C | K50: 46076 | L50: 46076 | P50: SK Basirul
A51: =A50+1 -> 46 | B51: 17/0 | C51: 18/0 | D51: 165.147 | E51: C | F51: C | G51: C | H51: 46083 | I51: 46084 | J51: C | K51: 46083 | L51: 46084
A52: =A51+1 -> 47 | B52: 18/0 | C52: Gantry | D52: 39.999 | E52: C | F52: C | G52: C | H52: 46073 | I52: 46074 | J52: C | K52: 46073 | L52: 46074 | P52: SK Basirul

Sheet VC-220kV
A1: =+[1]Summary!A2 -> Name of the Line: 220KV DC AL59 line from Neemuch - Chanderiya + 132KV DC ACSS Line from Chanderiya to Hindustan Zinc | AW1: =Summary!R5 -> 46092
T2: Visual Chart of 220kV Line | AK2: Date | AN2: =AW1 -> 46092 | AW2: Fnd | AX2: Ear | AY2: Ere | AZ2: T/W | BA2: Strng | BC2: OPGW
BA3: P/O | BB3: FS
AW6: 14 | AX6: 14 | AY6: 13 | AZ6: 13 | BA6: =((SUM(D9:Y9)+(SUM(AK9:AQ9)))/1000) -> 3.3277 | BB6: =BA6 -> 3.3277
B7: 0/0 | E7: 0/1 | H7: 1/0 | K7: 1/1 | N7: 1/2 | Q7: 1A/0 | T7: 1A/1 | W7: 1A/2 | Z7: 1B/0 | AC7: 1C/0 | AF7: 1C/1 | AI7: 1D/0 | AL7: 1D/1 | AO7: 1E/0
B8: DD+0 | E8: DA+3 | H8: DC+0 | K8: DA+0 | N8: DA+3 | Q8: DC+3 | T8: DA+3 | W8: DC+0 | Z8: DD+3 | AC8: DD+9 | AF8: DA+6 | AI8: DC+0 | AL8: DA+0 | AO8: DD+6
D9: 196 | G9: 196.7 | J9: 334 | M9: 319 | P9: 384.3 | S9: 329 | V9: 280 | Y9: 232.1 | AB9: 237.8 | AE9: 334 | AH9: 341.2 | AK9: 306 | AN9: 393.9 | AQ9: 356.7 | AU9: =SUM(A9:AR9) -> 4240.7
E10: RJ | H10: RJ | K10: RJ | N10: RJ | Q10: RJ | T10: RJ | W10: RJ | Z10: RJ | AC10: RJ | AF10: RJ | AI10: RJ | AL10: RJ | AO10: RJ
AW15: 14 | AX15: 14 | AY15: 14 | AZ15: 12 | BA15: =((SUM(H18:Y18)+(SUM(AK18:AQ18)))/1000) -> 3.2104 | BB15: =BA15 -> 3.2104
B16: 2/0 | E16: 3/0 | H16: 4/0 | K16: 4/1 | N16: 4/2 | Q16: 4/3 | T16: 4/4 | W16: 4/5 | Z16: 4/6 | AC16: 4/7 | AF16: 4/8 | AI16: 4/9 | AL16: 4/10 | AO16: 4/11
B17: DC+6 | E17: DD+3 | H17: DB+9 | K17: DA+6 | N17: DA+3 | Q17: DA+6 | T17: DA+3 | W17: DB+0 | Z17: DB+9 | AC17: DB+9 | AF17: DB+9 | AI17: DB+6 | AL17: DB+6 | AO17: DB+0
D18: 174.2 | G18: 229.7 | J18: 391 | M18: 328 | P18: 333 | S18: 350 | V18: 331 | Y18: 349 | AB18: 360 | AE18: 460 | AH18: 230 | AK18: 371.5 | AN18: 332.5 | AQ18: 424.4 | AU18: =SUM(D18:AQ18) -> 4664.3
B19: RJ | E19: RJ | H19: RJ | K19: RJ | N19: RJ | Q19: RJ | T19: RJ | W19: RJ | Z19: RJ | AC19: RJ | AF19: RJ | AI19: RJ | AL19: RJ | AO19: RJ
AW24: 14 | AX24: 14 | AY24: 14 | AZ24: 14 | BA24: =(SUM(D27:AQ27)/1000) -> 4.4369 | BB24: =BA24 -> 4.4369
B25: 4/12 | E25: 4/13 | H25: 4/14 | K25: 4/15 | N25: 4/16 | Q25: 4/17 | T25: 5/0 | W25: 5/1 | Z25: 5/2 | AC25: 5/3 | AF25: 5A/0 | AI25: 5A/1 | AL25: 5A/2 | AO25: 5B/0
B26: DA+9 | E26: DA+6 | H26: DA+0 | K26: DB+3 | N26: DB+0 | Q26: DB+0 | T26: DB+6 | W26: DB+3 | Z26: DA+6 | AC26: DA+3 | AF26: DC+0 | AI26: DB+0 | AL26: DB+0 | AO26: DB+3
D27: 326.7 | G27: 291.9 | J27: 292 | M27: 415 | P27: 237 | S27: 188.5 | V27: 383 | Y27: 311 | AB27: 350 | AE27: 291 | AH27: 342 | AK27: 264 | AN27: 282.7 | AQ27: 462.1 | AU27: =SUM(D27:AQ27) -> 4436.9
B28: RJ | E28: RJ | H28: RJ | K28: RJ | N28: RJ | Q28: RJ | T28: RJ | W28: RJ | Z28: RJ | AC28: RJ | AF28: RJ | AI28: RJ | AL28: RJ | AO28: RJ
AW33: 15 | AX33: 15 | AY33: 15 | AZ33: 15 | BA33: =(SUM(D36:AR36)-AH36)/1000 -> 3.5783 | BB33: =BA33 -> 3.5783
B34: 6/0 | E34: 7/0 | H34: 7/1 | K34: 7/2 | N34: 7/3 | Q34: 8/0 | T34: 8A/0 | W34: 8B/0 | Z34: 8B/1 | AC34: 8B/2 | AF34: 8C/0 | AI34: 8D/0 | AL34: 8D/0A | AO34: 8D/1 | AR34: 8D/2
B35: DC+0 | E35: DB+9 | H35: DA+0 | K35: DA+0 | N35: DA+0 | Q35: DD+0 | T35: DD+0 | W35: DC+9 | Z35: DA+0 | AC35: DA+0 | AF35: DD+0 | AI35: DD+0 | AL35: DA+3 | AO35: DD+6 | AR35: DA+6
D36: 318 | G36: 364 | J36: 279 | M36: 252 | P36: 257.1 | S36: 170.7 | V36: 336.5 | Y36: 365 | AB36: 280 | AE36: 255.1 | AH36: 318.8 | AK36: 311.6 | AN36: 124.5 | AQ36: 264.8 | AT36: 393 | AU36: =SUM(D36:AT36) -> 4290.1 | AV36: 393393
B37: RJ | E37: RJ | H37: RJ | K37: RJ | N37: RJ | Q37: RJ | T37: RJ | W37: RJ | Z37: RJ | AC37: RJ | AF37: RJ | AI37: RJ | AL37: RJ | AO37: RJ | AR37: RJ
AW42: 14 | AX42: 14 | AY42: 14 | AZ42: 13 | BA42: =SUM(D45:AQ45)/1000 -> 4.9742 | BB42: =(SUM(D45:J45)+SUM(S45:AQ45))/1000 -> 4.166
B43: 8D/3 | E43: 8D/4 | H43: 8D/5 | K43: 8D/6 | N43: 8E/0 | Q43: 8E/1 | T43: 8E/2 | W43: 8E/3 | Z43: 8E/4 | AC43: 8E/5 | AF43: 8E/6 | AI43: 8E/7 | AL43: 8E/8 | AO43: 8E/9
B44: DB+0 | E44: DB+3 | H44: DB+0 | K44: DB+0 | N44: DC+0 | Q44: DB+3 | T44: DB+9 | W44: DA+3 | Z44: DA+0 | AC44: DB+9 | AF44: DB+9 | AI44: DB+3 | AL44: DB+9 | AO44: DA+0
D45: 459 | G45: 195 | J45: 295 | M45: 380.2 | P45: 428 | S45: 419 | V45: 345 | Y45: 296 | AB45: 259 | AE45: 343.9 | AH45: 499.1 | AK45: 434 | AN45: 295 | AQ45: 326
B46: RJ | E46: RJ | H46: RJ | K46: RJ | N46: RJ | Q46: MP | T46: MP | W46: MP | Z46: MP | AC46: MP | AF46: MP | AI46: MP | AL46: MP | AO46: MP
AU47: =SUM(D45:AQ45) -> 4974.2
AW51: 14 | AX51: 14 | AY51: 14 | AZ51: 14 | BA51: =SUM(D54:AQ54)/1000 -> 4.5814 | BB51: =BA51 -> 4.5814
B52: 8E/10 | E52: 8E/11 | H52: 8E/12 | K52: AP-9 | N52: 9/1 | Q52: 9/2 | T52: 9/3 | W52: 9/4 | Z52: 9/5 | AC52: 9/6 | AF52: 9/7 | AI52: 9/8 | AL52: 9/9 | AO52: AP-10
B53: DA+6 | E53: DB+3 | H53: DB+0 | K53: DC+9 | N53: DA+0 | Q53: DA+3 | T53: DA+0 | W53: DB+0 | Z53: DB+6 | AC53: DA+9 | AF53: DA+0 | AI53: DA+0 | AL53: DA+3 | AO53: DD+0
D54: 298 | G54: 489 | J54: 382.5 | M54: 372.4 | P54: 350 | S54: 303.6 | V54: 224.3 | Y54: 246.8 | AB54: 418.2 | AE54: 298.7 | AH54: 358.7 | AK54: 366.1 | AN54: 255.6 | AQ54: 217.5 | AU54: =SUM(D54:AQ54) -> 4581.4
B55: MP | E55: MP | H55: MP | K55: MP | N55: MP | Q55: MP | T55: MP | W55: MP | Z55: MP | AC55: MP | AF55: MP | AI55: MP | AL55: MP | AO55: MP
AW60: 14 | AX60: 14 | AY60: 14 | AZ60: 12 | BA60: =SUM(D63:AQ63)/1000 -> 4.7964 | BB60: =BA60 -> 4.7964
B61: 10/1 | E61: 10/2 | H61: 10/3 | K61: 10/4 | N61: AP-11 | Q61: 11/1 | T61: AP-12 | W61: AP-13 | Z61: 13/1 | AC61: AP-14 | AF61: 14/1 | AI61: 14/2 | AL61: 14/3 | AO61: 14/4
B62: DA+3 | E62: DA+9 | H62: DA+0 | K62: DA+3 | N62: DC+0 | Q62: DA+0 | T62: DD+0 | W62: DC+3 | Z62: DA+3 | AC62: DC+3 | AF62: DB+0 | AI62: DA+6 | AL62: DB+0 | AO62: DA+6
D63: 371.6 | G63: 365.9 | J63: 345.8 | M63: 299.3 | P63: 296 | S63: 229.9 | V63: 356.3 | Y63: 314 | AB63: 353.6 | AE63: 362 | AH63: 387 | AK63: 365 | AN63: 419 | AQ63: 331 | AU63: =SUM(D63:AQ63) -> 4796.4
B64: MP | E64: MP | H64: MP | K64: MP | N64: MP | Q64: RJ | T64: RJ | W64: RJ | Z64: RJ | AC64: RJ | AF64: RJ | AI64: RJ | AL64: RJ | AO64: RJ
AW69: 14 | AX69: 14 | AY69: 14 | AZ69: 11 | BA69: =SUM(D72:AQ72)/1000 -> 4.9182 | BB69: =BA69 -> 4.9182
B70: 14/5 | E70: 14/6 | H70: 14/7 | K70: 14/8 | N70: 14/9 | Q70: AP-15 | T70: 15/1 | W70: 15/2 | Z70: 15/3 | AC70: 15/4 | AF70: 15/5 | AI70: 15/6 | AL70: 15/7 | AO70: 15/8
B71: DA+0 | E71: DA+3 | H71: DA+0 | K71: DA+3 | N71: DA+0 | Q71: DD+0 | T71: DA+3 | W71: DA+0 | Z71: DA+0 | AC71: DA+6 | AF71: DA+3 | AI71: DA+0 | AL71: DA+3 | AO71: DA+0
D72: 390 | G72: 349 | J72: 324 | M72: 413 | P72: 310.2 | S72: 379 | V72: 304 | Y72: 333 | AB72: 363 | AE72: 384 | AH72: 361 | AK72: 311 | AN72: 381 | AQ72: 316 | AU72: =SUM(D72:AQ72) -> 4918.2
B73: RJ | E73: RJ | H73: RJ | K73: RJ | N73: RJ | Q73: RJ | T73: RJ | W73: RJ | Z73: RJ | AC73: RJ | AF73: RJ | AI73: RJ | AL73: RJ | AO73: RJ
AW78: 14 | AX78: 14 | AY78: 14 | AZ78: 14 | BA78: =SUM(D81:AQ81)/1000 -> 4.8325 | BB78: 4.8325
B79: 15/9 | E79: AP-16 | H79: 16/1 | K79: 16/2 | N79: 16/3 | Q79: AP-17 | T79: 17/1 | W79: 17/2 | Z79: 17/3 | AC79: AP-18 | AF79: 18/1 | AI79: 18/2 | AL79: 18/3 | AO79: 18/4
B80: DA+0 | E80: DC+0 | H80: DA+3 | K80: DA+3 | N80: DA+3 | Q80: DC+3 | T80: DA+6 | W80: DA+3 | Z80: DA+6 | AC80: DC+0 | AF80: DA+0 | AI80: DA+3 | AL80: DA+0 | AO80: DA+0
D81: 290.5 | G81: 306 | J81: 336 | M81: 337 | P81: 328.6 | S81: 362 | V81: 364 | Y81: 388 | AB81: 322 | AE81: 365.5 | AH81: 374 | AK81: 356.1 | AN81: 349.7 | AQ81: 353.1 | AU81: =SUM(D81:AQ81) -> 4832.5
B82: RJ | E82: RJ | H82: RJ | K82: RJ | N82: RJ | Q82: RJ | T82: RJ | W82: RJ | Z82: RJ | AC82: RJ | AF82: RJ | AI82: RJ | AL82: RJ | AO82: RJ
AW87: 14 | AX87: 14 | AY87: 14 | AZ87: 14 | BA87: =SUM(D90:AQ90)/1000 -> 4.6802 | BB87: 4.6802
B88: 18/5 | E88: 18/6 | H88: 18/7 | K88: 18/8 | N88: 18/9 | Q88: 18/10 | T88: 18/11 | W88: AP-19 | Z88: 19/1 | AC88: 19/2 | AF88: 19/3 | AI88: 19/4 | AL88: 19/5 | AO88: AP-20
B89: DA+3 | E89: DA+3 | H89: DA+6 | K89: DA+3 | N89: DA+3 | Q89: DA+3 | T89: DA+3 | W89: DB+3 | Z89: DA+0 | AC89: DA+3 | AF89: DA+3 | AI89: DA+0 | AL89: DA+0 | AO89: DB+0
D90: 374.2 | G90: 341.3 | J90: 348 | M90: 384 | P90: 269.7 | S90: 394 | V90: 300.6 | Y90: 315.4 | AB90: 329.6 | AE90: 383 | AH90: 323.7 | AK90: 328.8 | AN90: 266 | AQ90: 321.9 | AU90: =SUM(D90:AQ90) -> 4680.2
B91: RJ | E91: RJ | H91: RJ | K91: RJ | N91: RJ | Q91: RJ | T91: RJ | W91: RJ | Z91: RJ | AC91: RJ | AF91: RJ | AI91: RJ | AL91: RJ | AO91: RJ
AW96: 14 | AX96: 14 | AY96: 14 | AZ96: 13 | BA96: =SUM(D99:AQ99)/1000 -> 4.7541 | BB96: 4.7541
B97: 20/1 | E97: 20/2 | H97: 20/3 | K97: 20/4 | N97: 20/5 | Q97: 20/6 | T97: 20/7 | W97: 20/8 | Z97: AP-21 | AC97: 21/1 | AF97: 21/2 | AI97: 21/3 | AL97: 21/4 | AO97: 21/5
B98: DA+0 | E98: DA+3 | H98: DA+0 | K98: DA+0 | N98: DA+0 | Q98: DA+3 | T98: DA+3 | W98: DA+3 | Z98: DB+0 | AC98: DA+3 | AF98: DA+3 | AI98: DA+3 | AL98: DA+0 | AO98: DA+3
D99: 352.1 | G99: 347.3 | J99: 339.4 | M99: 330.9 | P99: 280 | S99: 369.5 | V99: 360.6 | Y99: 293 | AB99: 345.9 | AE99: 310.9 | AH99: 380 | AK99: 358.2 | AN99: 311.1 | AQ99: 375.2 | AU99: =SUM(D99:AQ99) -> 4754.1
B100: RJ | E100: RJ | H100: RJ | K100: RJ | N100: RJ | Q100: RJ | T100: RJ | W100: RJ | Z100: RJ | AC100: RJ | AF100: RJ | AI100: RJ | AL100: RJ | AO100: RJ
AW105: 14 | AX105: 14 | AY105: 14 | AZ105: 14 | BA105: =SUM(D108:AQ108)/1000 -> 4.7088 | BB105: =BA105 -> 4.7088
B106: 21/6 | E106: 21/7 | H106: 21/8 | K106: 21/9 | N106: 21/10 | Q106: 21/11 | T106: 21/12 | W106: 21/13 | Z106: AP-22 | AC106: 22/1 | AF106: 22/2 | AI106: AP-23 | AL106: 23/1 | AO106: 23/2
B107: DA+3 | E107: DA+3 | H107: DA+3 | K107: DA+0 | N107: DA+3 | Q107: DA+0 | T107: DA+3 | W107: DA+3 | Z107: DC+3 | AC107: DA+3 | AF107: DA+3 | AI107: DC+0 | AL107: DA+0 | AO107: DA+0
D108: 369.1 | G108: 371 | J108: 356.5 | M108: 363.3 | P108: 370.3 | S108: 330 | V108: 390.1 | Y108: 343.4 | AB108: 326.5 | AE108: 302.5 | AH108: 318.2 | AK108: 315.5 | AN108: 249.3 | AQ108: 303.1 | AU108: =SUM(B108:AQ108) -> 4708.8
B109: RJ | E109: RJ | H109: RJ | K109: RJ | N109: RJ | Q109: RJ | T109: RJ | W109: RJ | Z109: RJ | AC109: RJ | AF109: RJ | AI109: RJ | AL109: RJ | AO109: RJ
AW114: 14 | AX114: 14 | AY114: 14 | AZ114: 13 | BA114: =SUM(D117:AQ117)/1000 -> 3.2597 | BB114: =BA114 -> 3.2597
B115: 23/3 | E115: 23/4 | H115: 23/5 | K115: AP-24 | N115: AP-25 | Q115: AP-26 | T115: AP-27 | W115: AP-28 | Z115: 28/1 | AC115: 28/2 | AF115: AP-29 | AI115: 29A/0 | AL115: 29A/1 | AO115: 29A/2
B116: DA+0 | E116: DA+3 | H116: DA+0 | K116: DD+9 | N116: DD+18 | Q116: DD+18 | T116: DD+18 | W116: DD+0 | Z116: Gantry | AC116: Gantry | AF116: DD+3 | AI116: DC+6 | AL116: DA+0 | AO116: DA+6
D117: 354.9 | G117: 320.2 | J117: 383.9 | M117: 190.5 | P117: 178.3 | S117: 148.4 | V117: 61.2 | Y117: 42.3 | AB117: 54.6 | AE117: 41.9 | AH117: 344.5 | AK117: 393 | AN117: 359 | AQ117: 387 | AU117: =SUM(B117:AQ117) -> 3259.7
B118: RJ | E118: MP | H118: MP | K118: MP | N118: MP | Q118: MP | T118: MP | W118: MP | Z118: MP | AC118: MP | AF118: MP | AI118: MP | AL118: MP | AO118: MP
AW123: 12 | AX123: 12 | AY123: 12 | AZ123: 10 | BA123: =SUM(D126:AB126)/1000 -> 3.0545 | BB123: =BA123 -> 3.0545
B124: 29A/3 | E124: 29A/4 | H124: AP-30 | K124: 30/1 | N124: 30/2 | Q124: 30/3 | T124: 30/4 | W124: 30/5 | Z124: 30/6 | AC124: 31/0 | AF124: 31/1 | AI124: AP-32 | AL124: 32/1 | AO124: 32/2
B125: DA+6 | E125: DA+3 | H125: DB+0 | K125: DA+0 | N125: DA+0 | Q125: DA+0 | T125: DA+0 | W125: DA+0 | Z125: DA+0 | AC125: DB+0 | AF125: DA+6 | AI125: DC+0 | AL125: DA+0 | AO125: DA+0
D126: 346 | G126: 375.6 | J126: 341.7 | M126: 321.5 | P126: 312.4 | S126: 358.4 | V126: 319.2 | Y126: 342.4 | AB126: 337.3 | AE126: 371.8 | AH126: 371.5 | AK126: 280 | AU126: =SUM(B126:AK126) -> 4077.8
B127: MP | E127: MP | H127: MP | K127: MP | N127: MP | Q127: MP | T127: MP | W127: MP | Z127: MP | AC127: MP | AF127: MP | AI127: MP | AL127: MP | AO127: MP
B133: 33/0 | E133: 33/1 | H133: 34/0 | K133: 35/0
B134: DB+6 | E134: DD+18 | H134: DD+18 | K134: DD+18
D135: 373.16 | F135: 159.04 | H135: 236.01 | J135: 49.95 | AU135: =SUM(B135:L135) -> 818.16
B136: MP | E136: MP | H136: MP | K136: MP | AU136: =SUM(AU3:AU135)/1000 -> 64.03346
B137: Legend | N137: Crossing | W137: Progress at a Glance (220kV Line) | AW137: =SUM(AW4:AW132) -> 195 | AX137: =SUM(AX4:AX132) -> 195 | AY137: =SUM(AY4:AY132) -> 194 | AZ137: =SUM(AZ4:AZ132) -> 182 | BA137: =SUM(BA4:BA132) -> 59.1133 | BB137: =SUM(BB4:BB132) -> 58.3051 | BC137: 39
B139: Tack-Welding | F139: final sag | I139: rough sag | N139: LT Line | R139: NH/SH | W139: Sl. No. | Y139: Activity | AC139: Unit | AE139: Total Qty | AH139: Completed | AK139: Balance | AN139: Remarks
W140: 1 | Y140: Detailed Survey | AC140: Kms | AE140: =AU136 -> 64.03346 | AH140: =AU136 -> 64.03346 | AK140: =AE140-AH140 -> 0
B141: Erection | N141: 11kV Line | W141: 2 | Y141: Check Survey | AC141: Kms | AE141: =AU136 -> 64.03346 | AH141: =AU136 -> 64.03346 | AK141: =AE141-AH141 -> 0
W142: 3 | Y142: Foundation | AC142: Nos | AE142: 199 | AH142: =+AW137 -> 195 | AK142: =AE142-AH142 -> 4
N143: 33kV Line | R143: Railway | W143: 4 | Y143: Earthing | AC143: Nos | AE143: 199 | AH143: =AX137 -> 195 | AK143: =AE143-AH143 -> 4
W144: 5 | Y144: Erection | AC144: Nos | AE144: 199 | AH144: =AY137 -> 194 | AK144: =AE144-AH144 -> 5
B145: Foundation | N145: 220kV Line | W145: 6 | Y145: Tack-welding | AC145: Nos | AE145: 199 | AH145: =AZ137 -> 182 | AK145: =AE145-AH145 -> 17
B146: Location No | E146: 1/0 | G146: 293 | H146: 1/1 | J146: 391 | K146: 1A/0 | W146: 7 | Y146: Stringing (P/O) | AC146: Kms | AE146: =AU136 -> 64.03346 | AH146: =BA137 -> 59.1133 | AK146: =AE146-AH146 -> 4.92016
B147: Tower Type | E147: DC+0 | H147: DA+3 | K147: DC+3 | N147: 400kV Line | R147: Water Reservior | W147: 8 | Y147: Stringing (F/O) | AC147: Kms | AE147: =AU136 -> 64.03346 | AH147: =BB137 -> 58.3051 | AK147: =AE147-AH147 -> 5.72836
F148: Earthing | J148: Forest | W148: 9 | Y148: OPGW | AC148: Kms | AE148: =AU136 -> 64.03346 | AH148: =BC137 -> 39 | AK148: =AE148-AH148 -> 25.03346

Sheet VC-132kV
A1: =+[1]Summary!A2 -> Name of the Line: 220KV DC AL59 line from Neemuch - Chanderiya + 132KV DC ACSS Line from Chanderiya to Hindustan Zinc | AS1: =Summary!R5 -> 46092
Q2: Visual Chart of 132kV Line | AK2: Date | AN2: =AS1 -> 46092 | AS2: Fnd | AT2: Ear | AU2: Ere | AV2: T/W | AW2: Strng | AX2: Strng
B5: 4 Tower After Tapping toward CPP
E6: Tapping Tower
AS7: 7 | AT7: 4 | AU7: 2
E8: TT | G8: 26 | H8: 1/0 | J8: 230.15 | K8: 2/0 | M8: 234.56 | N8: 2/1 | P8: 249.04 | Q8: 3/0 | S8: 256 | T8: 3/1 | V8: 226.52 | W8: 4/0 | Y8: 43.62 | Z8: 4/1 | AB8: 52 | AC8: 4/2 | AE8: 47.06 | AF8: 5/0 | AH8: 286.44 | AI8: 6/0 | AK8: 317 | AL8: 6/1 | AN8: 328 | AO8: 6/2 | AQ8: 297
E9: DD+0 | H9: DD+0 | K9: DD+0 | N9: DD+6 | Q9: DD+0 | T9: DA+3 | W9: DD+0 | Z9: Gantry | AC9: Gantry | AF9: DD+0 | AI9: DD+3 | AL9: DA+6 | AO9: DA+6
AS14: 13 | AT14: 13 | AU14: 13 | AV14: 5 | AW14: =AQ15/1000 -> 0.26295 | AX14: =AQ15/1000 -> 0.26295
B15: 6/3 | D15: 251 | E15: 6/4 | G15: 308.23 | H15: 7/0 | J15: 278.12 | K15: 8/0 | M15: 385.96 | N15: 9/0 | P15: 259.92 | Q15: 10/0 | S15: 215.13 | T15: 11/0 | V15: 316.15 | W15: 12/0 | Y15: 274 | Z15: 12/1 | AB15: 293.28 | AC15: 13/0 | AE15: 48.42 | AF15: 13/1 | AH15: 58.24 | AI15: 13/2 | AK15: 70.13 | AL15: 14/0 | AN15: 220.7 | AO15: 15/0 | AQ15: 262.95
B16: DA+3 | E16: DA+0 | H16: DD+0 | K16: DD+3 | N16: DD+3 | Q16: DD+6 | T16: DD+6 | W16: DD+0 | Z16: DA+3 | AC16: DD+0 | AF16: Gantry | AI16: Gantry | AL16: DD+6 | AO16: DD+3
X17: rc | Z17: rc
Z20: Gantry
AS21: 8 | AT21: 8 | AU21: 8 | AV21: 6 | AW21: =(D22+G22+J22+M22+P22+S22+V22+Y22)/1000 -> 1.135456 | AX21: =(D22+G22+J22+M22+P22+S22+V22+Y22)/1000 -> 1.135456
B22: 15/1 | D22: 251.57 | E22: 15/2 | G22: 271.76 | H22: 15/3 | J22: 261.04 | K22: 16/0 | M22: 37.42 | N22: 16/1 | P22: 71 | Q22: 16/2 | S22: 37.52 | T22: 17/0 | V22: 165.147 | W22: 18/0 | Y22: 39.999
B23: DA+0 | E23: DA+0 | H23: DA+0 | K23: DD+0 | N23: Gantry | Q23: Gantry | T23: DD+0 | W23: DD (Aux)
AS25: =+AS7+AS14+AS21 -> 28 | AT25: =+AT7+AT14+AT21 -> 25 | AU25: =+AU7+AU14+AU21 -> 23 | AV25: =+AV7+AV14+AV21 -> 11 | AW25: =+AW7+AW14+AW21 -> 1.398406 | AX25: =+AX7+AX14+AX21 -> 1.398406
B26: Legend | N26: Crossing | W26: Progress at a Glance (132kV Line) | AN26: Date:
AN27: =AS1 -> 46092
B28: Tack-Welding | F28: final sag | I28: rough sag | N28: LT Line | R28: NH/SH | W28: Sl. No. | Y28: Activity | AC28: Unit | AE28: Total Qty | AH28: Completed | AK28: Balance | AN28: Remarks
W29: 1 | Y29: Detailed Survey | AC29: Kms | AE29: 9.23 | AH29: 9.23 | AK29: =AE29-AH29 -> 0
B30: Erection | N30: 11kV Line | W30: 2 | Y30: Check Survey | AC30: Kms | AE30: 9.23 | AH30: 9.23 | AK30: =AE30-AH30 -> 0
W31: 3 | Y31: Foundation | AC31: Nos | AE31: 39 | AH31: =+AS25 -> 28 | AK31: =AE31-AH31 -> 11
N32: 33kV Line | R32: Railway | W32: 4 | Y32: Earthing | AC32: Nos | AE32: 39 | AH32: =+AT25 -> 25 | AK32: =AE32-AH32 -> 14
W33: 5 | Y33: Erection | AC33: Nos | AE33: 39 | AH33: =+AU25 -> 23 | AK33: =AE33-AH33 -> 16
B34: Foundation | N34: 220kV Line | W34: 6 | Y34: Tack-welding | AC34: Nos | AE34: 39 | AH34: =+AV25 -> 11 | AK34: =AE34-AH34 -> 28
B35: Location No | E35: 1/0 | G35: 293 | H35: 1/1 | J35: 391 | K35: 1A/0 | W35: 7 | Y35: Stringing (P/O) | AC35: Kms | AE35: 9.23 | AH35: =+AX25 -> 1.398406 | AK35: =AE35-AH35 -> 7.831594
B36: Tower Type | E36: DC+0 | H36: DA+3 | K36: DC+3 | N36: 765kV Line | R36: Gas Pipeline | W36: 8 | Y36: Stringing (F/S) | AC36: Kms | AE36: 9.23 | AH36: =+[1]Summary!M30 -> 0 | AK36: =AE36-AH36 -> 9.23
F37: Earthing | J37: Forest | W37: 9 | Y37: OPGW | AC37: Kms | AE37: 9.23 | AH37: =+[1]Summary!M31 -> 0 | AK37: =AE37-AH37 -> 9.23

Sheet Supply
A1: =+Summary!A2 -> Name of the Line: 220KV DC AL59 line from Neemuch - Chanderiya + 132KV DC ACSS Line from Chanderiya to Hindustan Zinc
A2: Supply Progress of 220kV Line | H2: =+Summary!R5 -> 46092
A3: Sl. No. | B3: Item | C3: UoM | D3: Scope | E3: MFC Given | F3: Received | G3: Balance | H3: Remarks
A4: 1 | B4: Stub | C4: Nos. | D4: 199 | E4: 201 | F4: 201 | G4: =E4-F4 -> 0
B5: DA | C5: Nos. | E5: 117 | F5: 117 | G5: =E5-F5 -> 0
B6: DB | C6: Nos. | E6: 39 | F6: 39 | G6: =E6-F6 -> 0
B7: DC | C7: Nos. | E7: 20 | F7: 20 | G7: =E7-F7 -> 0
B8: DD | C8: Nos. | E8: 17 | F8: 17 | G8: =E8-F8 -> 0
B9: DD+18 | C9: Nos. | E9: 6 | F9: 6 | G9: =E9-F9 -> 0
B10: Gantry UC | C10: Nos. | E10: 2 | F10: 2 | G10: =E10-F10 -> 0
A11: 2 | B11: Tower | C11: Nos. | D11: 201 | E11: 201 | F11: 197 | G11: =E11-F11 -> 4
B12: DA | C12: Nos. | E12: 117 | F12: 117 | G12: =E12-F12 -> 0
B13: DB | C13: Nos. | E13: 39 | F13: 38 | G13: =E13-F13 -> 1
B14: DC | C14: Nos. | E14: 20 | F14: 20 | G14: =E14-F14 -> 0
B15: DD | C15: Nos. | E15: 17 | F15: 17 | G15: =E15-F15 -> 0
B16: DD+18 | C16: Nos. | E16: 6 | F16: 3 | G16: =E16-F16 -> 3
B17: Gantry UC | C17: Nos. | E17: 2 | F17: 2 | G17: =E17-F17 -> 0
A18: 3 | B18: Insulator | C18: % | D18: 1 | F18: 1 | G18: =+D18-F18 -> 0
A19: 4 | B19: Hardware Fittings | C19: % | D19: 1 | F19: 1 | G19: =+D19-F19 -> 0
A20: 5 | B20: OPGW | C20: % | D20: 1 | F20: 1 | G20: =+D20-F20 -> 0
A22: Supply Progress of 132kV Line | H22: =+Summary!R5 -> 46092
A23: Sl. No. | B23: Item | C23: UoM | D23: Scope | E23: MFC Given | F23: Received | G23: Balance | H23: Remarks
A24: 1 | B24: Stub | C24: Nos. | D24: 38 | E24: 38 | F24: 38 | G24: =+D24-F24 -> 0
B25: A | C25: Nos. | D25: 9 | E25: 9 | F25: 9 | G25: =+D25-F25 -> 0
B26: D | C26: Nos. | D26: 20 | E26: 20 | F26: 20 | G26: 0
B27: Gantry | C27: Nos. | D27: 6 | E27: 6 | F27: 6 | G27: =+D27-F27 -> 0
B28: DD Aux | C28: Nos. | D28: 1 | E28: 1 | F28: 1 | G28: =+D28-F28 -> 0
B29: DD220KV | C29: Nos. | D29: 3 | E29: 3 | F29: 3 | G29: =+D29-F29 -> 0
A30: 2 | B30: Tower | C30: Nos. | D30: 38 | E30: 38 | F30: 38 | G30: =+D30-F30 -> 0
B31: A | C31: Nos. | D31: 9 | E31: 9 | F31: 9 | G31: =+D31-F31 -> 0
B32: D | C32: Nos. | D32: 20 | E32: 20 | F32: 19 | G32: =+D32-F32 -> 1
B33: Gantry | C33: Nos. | D33: 6 | E33: 6 | F33: 6 | G33: =+D33-F33 -> 0
B34: DD Aux | C34: Nos. | D34: 1 | E34: 1 | F34: 1 | G34: =+D34-F34 -> 0
B35: DD220KV | C35: Nos. | D35: 3 | E35: 3 | F35: 2 | G35: =+D35-F35 -> 1
A36: 3 | B36: Insulator | C36: % | D36: 1 | F36: 1 | G36: =+D36-F36 -> 0
A37: 4 | B37: Hardware Fittings | C37: % | D37: 1 | F37: 1 | G37: =+D37-F37 -> 0
A38: 5 | B38: OPGW | C38: % | D38: 1 | F38: 1 | G38: =+D38-F38 -> 0

Sheet Mail Body
A1: =+Summary!A5 -> Progress of 220kV Line | O1: Date : | P1: =+Summary!R5 -> 46092
A2: Sr. No. | B2: Description | C2: UoM | D2: Total Qty. | E2: Previous month | G2: =+Summary!I6 -> Progress of Current Month (March'26) | J2: Cumulative till current month | M2: =+Summary!O6 -> Resources Status | P2: Remarks
E3: Cum. Target as per L2 | F3: Cum. Progress | G3: Target as per L2 | H3: Today's Progress | I3: Progress | J3: Target as per L2 | K3: Completed | L3: Balance | M3: =+Summary!O7 -> Targeted Gang | N3: =+Summary!P7 -> Available Gang | O3: =+Summary!Q7 -> Shortfall Gang
A4: 1 | B4: Detailed Survey | C4: KM | D4: =+Summary!D8 -> 64 | E4: =+Summary!G8 -> 64 | F4: 64.178 | G4: =+Summary!I8 -> 0 | H4: =+Summary!J8 -> 0 | I4: - | J4: =+Summary!L8 -> 64 | K4: 64.178 | L4: =+Summary!N8 -> -0.178 | M4: - | N4: - | O4: =+Summary!Q8 -> 0
A5: 2 | B5: Check Survey | C5: KM | D5: =+Summary!D9 -> 64 | E5: =+Summary!G9 -> 64 | F5: 62.39 | G5: =+Summary!I9 -> 0 | H5: =+Summary!J9 -> 0 | I5: 0 | J5: =+Summary!L9 -> 64 | K5: =+F5+I5 -> 62.39 | L5: =+Summary!N9 -> -0.178 | M5: =+Summary!O9 -> 0 | N5: =+Summary!P9 -> 0 | O5: =+Summary!Q9 -> 0
A6: 3 | B6: Foundation | C6: Nos | D6: =+Summary!D10 -> 199 | E6: =+Summary!G10 -> 199 | F6: =+Summary!H10 -> 195 | G6: =+Summary!I10 -> 4 | H6: =+Summary!J10 -> 1 | I6: =+Summary!K10 -> 0 | J6: =+Summary!L10 -> 199 | K6: =+F6+I6 -> 195 | L6: =+Summary!N10 -> 4 | M6: =Summary!O10 -> 0 | N6: =Summary!P10 -> 0 | O6: =Summary!Q10 -> 0 | P6: =+Summary!R10 -> 0
A7: 4 | B7: Earthing | C7: Nos | D7: =+Summary!D11 -> 199 | E7: =+Summary!G11 -> 199 | F7: =+Summary!H11 -> 195 | G7: =+Summary!I11 -> 4 | H7: =+Summary!J11 -> 0 | I7: =+Summary!K11 -> 0 | J7: =+Summary!L11 -> 199 | K7: =+F7+I7 -> 195 | L7: =+Summary!N11 -> 4
A8: 5 | B8: Tower Erection | C8: Nos | D8: =+Summary!D12 -> 199 | E8: =Summary!G12 -> 199 | F8: =Summary!H12 -> 194 | G8: =Summary!I12 -> 5 | H8: =+Summary!J12 -> 0 | I8: =Summary!K12 -> 0 | J8: =+Summary!L12 -> 199 | K8: =+Summary!M12 -> 194 | L8: =+Summary!N12 -> 5 | M8: =+Summary!O12 -> 0 | N8: =+Summary!P12 -> 0 | O8: =+Summary!Q12 -> 0 | P8: =+Summary!R12 -> 0
A9: 6 | B9: Tack-Welding | C9: Nos | D9: =Summary!D13 -> 199 | E9: =Summary!G13 -> 199 | F9: =Summary!H13 -> 182 | G9: =Summary!I13 -> 27 | H9: =+Summary!J13 -> 0 | I9: =+Summary!K13 -> 0 | J9: =+Summary!L13 -> 199 | K9: =+Summary!M13 -> 182 | L9: =+Summary!N13 -> 17 | M9: =+Summary!O13 -> 1 | N9: =+Summary!P13 -> 0 | O9: =+Summary!Q13 -> 1 | P9: =+Summary!R13 -> 0
A10: 7 | B10: Stringing | P10: =Summary!R14 -> Conductor Paying out insection AP8D/0 to 8C/0 (33KV Shutdown)
A11: i | B11: Paying Out | C11: KMs | D11: =+Summary!D14 -> 0 | E11: =+Summary!G15 -> 64 | F11: =+Summary!H15 -> 58.5 | G11: =+Summary!I15 -> 5.5 | H11: =+Summary!J15 -> 0 | I11: =+Summary!K15 -> 1.063575 | J11: =J10 -> 0 | K11: =+Summary!M15 -> 59.563575 | L11: =+Summary!N15 -> 4.436425 | M11: =+Summary!O15 -> 2 | N11: =+Summary!P15 -> 1 | O11: =+Summary!Q15 -> 1
A12: ii | B12: Final Sag | C12: KMs | D12: =+Summary!D16 -> 64 | E12: =+Summary!G16 -> 64 | F12: =+Summary!H16 -> 57.4 | G12: =+Summary!I16 -> 7 | H12: =+Summary!J16 -> 0 | I12: =+Summary!K16 -> 1.060325 | J12: =J11 -> 0 | K12: =+Summary!M16 -> 58.460325 | L12: =+Summary!N16 -> 5.539675 | M12: =+Summary!O16 -> 0 | N12: =+Summary!P16 -> 0 | O12: =+Summary!Q16 -> 0
A13: iii | B13: OPGW | C13: KMs | D13: =Summary!D17 -> 64 | E13: =+Summary!G17 -> 64 | F13: =+Summary!H17 -> 39.3 | G13: =+Summary!I17 -> 25 | H13: =+Summary!J17 -> 0 | I13: =+Summary!K17 -> 0.001041 | J13: =+Summary!L17 -> 64 | K13: =+Summary!M17 -> 39.301041 | L13: =+Summary!N17 -> 24.698959 | ... P13: =+Summary!R17 -> 0
A15: =+Summary!A19 -> Progress of 132kV Line | O15: Date : | P15: =+Summary!R19 -> 46092
A16: Sr. No. | B16: Description | C16: UoM | D16: Total Qty. | E16: Previous month | G16: =+Summary!I20 -> Progress of Current Month (March'26) | J16: Cumulative till current month | M16: =+Summary!O20 -> Resources Status | P16: Remarks
E17: Cum. Target as per L2 | F17: Cum. Progress | G17: Target as per L2 | H17: Today's Progress | I17: Progress | J17: Target as per L2 | K17: Completed | L17: Balance | M17: =+Summary!O21 -> Targeted Gang | N17: =+Summary!P21 -> Available Gang | O17: =+Summary!Q21 -> Shortfall Gang
A18: 1 | B18: Detailed Survey | C18: KM | D18: =+Summary!D22 -> 9 | E18: =+Summary!G22 -> 9 | F18: =+Summary!H22 -> 9 | G18: =+Summary!I22 -> 0 | H18: =+Summary!J22 -> 0 | I18: =+Summary!K22 -> 0 | J18: =+Summary!L22 -> 9 | K18: =+Summary!M22 -> 9 | L18: =+Summary!N22 -> 0 | ... P18: =+Summary!R22 -> 0
A19: 2 | B19: Check Survey | C19: KM | D19: =+Summary!D23 -> 9 | E19: =+Summary!G23 -> 9 | F19: =+Summary!H23 -> 9 | G19: =+Summary!I23 -> 0 | H19: =+Summary!J23 -> 0 | I19: =+Summary!K23 -> 0 | J19: =+Summary!L23 -> 9 | K19: =+F19+I19 -> 9 | L19: =+Summary!N23 -> 0 | M19: =+Summary!O23 -> 0 | N19: =+Summary!P23 -> 0 | O19: =+Summary!Q23 -> 0 | P19: =+Summary!R23 -> 0
A20: 3 | B20: Foundation | C20: Nos | D20: =+Summary!D24 -> 39 | E20: =+Summary!G24 -> 39 | F20: =+Summary!H24 -> 27 | G20: =+Summary!I24 -> 12 | H20: =+Summary!J24 -> 0 | I20: =+Summary!K24 -> 1 | J20: =+Summary!L24 -> 39 | K20: =+F20+I20 -> 28 | L20: =+Summary!N24 -> 11 | M20: =Summary!O24 -> 2 | N20: =Summary!P24 -> 2 | O20: =Summary!Q24 -> 0 | P20: =+Summary!R24 -> 1/0 Excavation U/P 4/1 RCC U/P 4/2 RCC U/P 6/4 Excavation Completed
A21: 4 | B21: Earthing | C21: Nos | D21: =+Summary!D25 -> 39 | E21: =+Summary!G25 -> 39 | F21: =+Summary!H25 -> 25 | G21: =+Summary!I25 -> 12 | H21: =+Summary!J25 -> 0 | I21: =+Summary!K25 -> 0 | J21: =+Summary!L25 -> 39 | K21: =+F21+I21 -> 25 | L21: =+Summary!N25 -> 14
A22: 5 | B22: Tower Erection | C22: Nos | D22: =+Summary!D26 -> 39 | E22: =Summary!G26 -> 39 | F22: =Summary!H26 -> 23 | G22: =Summary!I26 -> 12 | H22: =Summary!J26 -> 0 | I22: =Summary!K26 -> 0 | J22: =+Summary!L26 -> 39 | K22: =+Summary!M26 -> 23 | L22: =+Summary!N26 -> 16 | M22: =+Summary!O26 -> 1 | N22: =+Summary!P26 -> 0 | O22: =+Summary!Q26 -> 1 | P22: =Summary!R26 -> 0
A23: 6 | B23: Tack-Welding | C23: Nos | D23: =Summary!D27 -> 39 | E23: =Summary!G27 -> 39 | F23: =Summary!H27 -> 9 | G23: =Summary!I27 -> 16 | H23: =+Summary!J27 -> 0 | I23: =+Summary!K27 -> 0 | J23: =+Summary!L27 -> 39 | K23: =+Summary!M27 -> 11 | L23: =+Summary!N27 -> 28 | M23: =+Summary!O27 -> 1 | N23: =+Summary!P27 -> 0 | O23: =+Summary!Q27 -> 1 | P23: =+Summary!R27 -> 0
A24: 7 | B24: Stringing | P24: =+Summary!R28 -> 0
A25: i | B25: Paying Out | C25: KMs | D25: 9 | E25: =+Summary!G29 -> 9 | F25: =+Summary!H29 -> 0 | G25: =+Summary!I29 -> 9 | H25: =+Summary!J29 -> 0 | I25: =+Summary!K29 -> 1.398406 | J25: =E25 -> 9 | K25: =+Summary!M29 -> 1.398406 | L25: =+Summary!N29 -> 7.601594 | M25: =+Summary!O29 -> 1 | N25: =+Summary!P29 -> 1 | O25: =+Summary!Q29 -> 0 | P25: =+Summary!R29 -> 13/1 to 13/0 and 13/0 to 12/0 Paying out arrangement
A26: ii | B26: Final Sag | C26: KMs | D26: =+Summary!D30 -> 9 | E26: =+Summary!G30 -> 9 | F26: =+Summary!H30 -> 0 | G26: =+Summary!I30 -> 9 | H26: =+Summary!J30 -> 0 | I26: =+Summary!K30 -> 1.398406 | J26: =E26 -> 9 | K26: =+Summary!M30 -> 1.398406 | L26: =+Summary!N30 -> 7.601594 | M26: =+Summary!O30 -> 1 | N26: =+Summary!P30 -> 1 | O26: =+Summary!Q30 -> 0
A27: iii | B27: OPGW | C27: KMs | D27: =Summary!D31 -> 9 | E27: =+Summary!G31 -> 9 | F27: =+Summary!H31 -> 0 | G27: =+Summary!I31 -> 9 | H27: =+Summary!J31 -> 0 | I27: =+Summary!K31 -> 0 | J27: =+Summary!L31 -> 9 | K27: =+Summary!M31 -> 0 | L27: =+Summary!N31 -> 9 | ... P27: =+Summary!R31 -> 0
