Workbook
Name A_D: INDEX(#REF!,MATCH(#REF!,#REF!,0))
Name AA: INDEX(#REF!,MATCH(#REF!,#REF!,0))
Name AB: INDEX(#REF!,MATCH(#REF!,#REF!,0))
Name AC: INDEX(#REF!,MATCH(#REF!,#REF!,0))
Name AE: INDEX(#REF!,MATCH(#REF!,#REF!,0))
Name AF: INDEX(#REF!,MATCH(#REF!,#REF!,0))
Name AG: INDEX(#REF!,MATCH(#REF!,#REF!,0))
Name AH: INDEX(#REF!,MATCH(#REF!,#REF!,0))
Name AI: INDEX(#REF!,MATCH(#REF!,#REF!,0))
Name AJ: INDEX(#REF!,MATCH(#REF!,#REF!,0))
Name AK: INDEX(#REF!,MATCH(#REF!,#REF!,0))
Name AL: INDEX(#REF!,MATCH(#REF!,#REF!,0))
Name AM: INDEX(#REF!,MATCH(#REF!,#REF!,0))
Name BA: INDEX(#REF!,MATCH(#REF!,#REF!,0))
Name BB: INDEX(#REF!,MATCH(#REF!,#REF!,0))
Name BC: INDEX(#REF!,MATCH(#REF!,#REF!,0))
Name BD: INDEX(#REF!,MATCH(#REF!,#REF!,0))
Name BE: INDEX(#REF!,MATCH(#REF!,#REF!,0))
Name BF: INDEX(#REF!,MATCH(#REF!,#REF!,0))
Name BG: INDEX(#REF!,MATCH(#REF!,#REF!,0))
Name BH: INDEX(#REF!,MATCH(#REF!,#REF!,0))
Name BI: INDEX(#REF!,MATCH(#REF!,#REF!,0))
Name BJ: INDEX(#REF!,MATCH(#REF!,#REF!,0))
Name BK: INDEX(#REF!,MATCH(#REF!,#REF!,0))
Name BL: INDEX(#REF!,MATCH(#REF!,#REF!,0))
Name BM: INDEX(#REF!,MATCH(#REF!,#REF!,0))
Name CA: INDEX(#REF!,MATCH(#REF!,#REF!,0))
Name CB: INDEX(#REF!,MATCH(#REF!,#REF!,0))
Name CC: INDEX(#REF!,MATCH(#REF!,#REF!,0))
Name CD: INDEX(#REF!,MATCH(#REF!,#REF!,0))
Name CE: INDEX(#REF!,MATCH(#REF!,#REF!,0))
Name CF: INDEX(#REF!,MATCH(#REF!,#REF!,0))
Name CG: INDEX(#REF!,MATCH(#REF!,#REF!,0))
Name CH: INDEX(#REF!,MATCH(#REF!,#REF!,0))
Name CI: INDEX(#REF!,MATCH(#REF!,#REF!,0))
Name CJ: INDEX(#REF!,MATCH(#REF!,#REF!,0))
Name CK: INDEX(#REF!,MATCH(#REF!,#REF!,0))
Name CL: INDEX(#REF!,MATCH(#REF!,#REF!,0))
Name CM: INDEX(#REF!,MATCH(#REF!,#REF!,0))
Name D_D: INDEX(#REF!,MATCH(#REF!,#REF!,0))
Name DA: INDEX(#REF!,MATCH(#REF!,#REF!,0))
Name DB: INDEX(#REF!,MATCH(#REF!,#REF!,0))
Name DC: INDEX(#REF!,MATCH(#REF!,#REF!,0))
Name DE: INDEX(#REF!,MATCH(#REF!,#REF!,0))
Name DF: INDEX(#REF!,MATCH(#REF!,#REF!,0))
Name DG: INDEX(#REF!,MATCH(#REF!,#REF!,0))
Name DH: INDEX(#REF!,MATCH(#REF!,#REF!,0))
Name DI: INDEX(#REF!,MATCH(#REF!,#REF!,0))
Name DJ: INDEX(#REF!,MATCH(#REF!,#REF!,0))
Name DK: INDEX(#REF!,MATCH(#REF!,#REF!,0))
Name DL: INDEX(#REF!,MATCH(#REF!,#REF!,0))
Name DM: INDEX(#REF!,MATCH(#REF!,#REF!,0))
Name DPR: #REF!&#REF!&#REF!&#REF!&#REF!&#REF!&#REF!&#REF!&#REF!&#REF!
Name EA: INDEX(#REF!,MATCH(#REF!,#REF!,0))
Name EB: INDEX(#REF!,MATCH(#REF!,#REF!,0))
Name EC: INDEX(#REF!,MATCH(#REF!,#REF!,0))
Name ED: INDEX(#REF!,MATCH(#REF!,#REF!,0))
Name EE: INDEX(#REF!,MATCH(#REF!,#REF!,0))
Name EF: INDEX(#REF!,MATCH(#REF!,#REF!,0))
Name EG: INDEX(#REF!,MATCH(#REF!,#REF!,0))

Sheet 765kV Summery
C3: TB-507 | D3: DAILY PROGRESS REPORT | M3: =NOW()-1 -> 46132.404
A4: CONTRACTUAL START DATE: | C4: 45632 | D4: FATEGARH III-BEAWAR 765KV D/C TRANSMISSION LILO LINE
A5: CONTRACTUAL FINISH DATE: | C5: 46178
A6: REPORTING DATE | D6: Client Name : RAJASTHAN IV A POWER TRANSMISSION LTD
A7: TOTAL DAYS | D7: NOA Ref No(Supply): RIVA/LOA-KEC(SUP)/AUG 24/405
A8: COMP. DAYS | D8: NOA Ref No(Service): RIVA/LOA-KEC(SER)/AUG 24/406
A9: Progress Summary | M9: =M3 -> 46132.404
A10: Sl No. | B10: Activity | C10: LOA Quantity | D10: Estimated Line Quantity | E10: Cumm. Progress till Last Month | F10: Plan For APR'25 | G10: Progress in APR'25 | H10: WIP | I10: Today's Progress | J10: Cumulative progress till date | K10: Balance | L10: ="Gangs working "&CHAR(10)&TEXT(M3,"mmm-yy") -> Gangs working Apr-26 | M10: Remarks
A11: A.i | B11: Route Alignment (Kms) | C11: 15.478 | D11: 15.478 | E11: 15.478 | F11: 0 | G11: 0 | H11: 0 | I11: 0 | J11: 15.478 | K11: =D11-J11 -> 0
A12: ii | B12: Detailed Survey (Kms) | C12: 15.478 | D12: 15.478 | E12: 15.478 | F12: 0 | G12: 0 | H12: 0 | I12: 0 | J12: 15.478 | K12: =D12-J12 -> 0
A13: iii | B13: Check Survey (Kms) | C13: 15.478 | D13: 15.478 | E13: 15.478 | F13: 0 | G13: 0 | H13: 0 | I13: 0 | J13: 15.478 | K13: =D13-J13 -> 0
A14: B. | B14: Soil Investigation (Nos) | C14: 26 | D14: 26 | E14: 26 | F14: 0 | G14: 0 | H14: 0 | I14: 0 | J14: 26 | K14: 0
A15: C. | B15: Foundation (Nos) | C15: 43 | D15: 43 | E15: 15 | F15: 10 | G15: 5 | H15: 4 | I15: 0 | J15: =SUM(E15+G15) -> 20 | K15: =D15-J15 -> 23 | L15: 2 | M15: Today Complete-NIL WIP- 4/4 (LI) & 3/2, 3/4, 3/5 & 7/0(ROW) (LO)
A16: D. | B16: Earthing (Nos) | C16: 43 | D16: 43 | E16: 3 | F16: 0 | G16: 0 | I16: 0 | J16: =SUM(E16+G16) -> 3 | K16: =D16-J16 -> 40
A17: E. | B17: Tower Erection (Nos) | C17: 43 | D17: 43 | E17: 0 | F17: 7 | G17: 2 | H17: 1 | I17: 0 | J17: =SUM(E17+G17) -> 2 | K17: =D17-J17 -> 41 | L17: 1 | M17: Today Complete-Nil WIP -2/1 (LO)
A18: F. | B18: Tack Welding (Nos) | C18: 43 | D18: 43 | J18: =E18+G18 -> 0 | K18: =D18-J18 -> 43
A19: G. | B19: Stringing (Kms) | K19: =D19-J19 -> 0
A20: i | B20: Paying Out (Kms) | C20: 15.478 | D20: 15.478 | E20: 0 | J20: =E20+G20 -> 0 | K20: =D20-J20 -> 15.478
A21: ii | B21: Final Sag (Kms) | C21: 15.478 | D21: 15.478 | E21: 0 | J21: =E21+G21 -> 0 | K21: =D21-J21 -> 15.478
A22: I. | B22: OPGW Stringing (Kms) | C22: 15.478 | D22: 15.478 | E22: 0 | J22: =E22+G22 -> 0 | K22: =D22-J22 -> 15.478
K23: =D23-J23 -> 0

Sheet Check Survey Status
A1: NAME OF PROJECT : FARHEGARH IV-BHINMAL 400KV D/C TRANSMISSION LINE
A2: Client : RAJASTHAN IV A POWER TRANSMISSION LTD.
A3: CONTRACTOR : KEC INTERNATIONAL LIMITED
A4: 400 KV CHECK SURVEY
A5: SL No | B5: Section | C5: Section Length | D5: Submission Date | E5: Approval Date | F5: Remarks
A6: 1 | B6: AP 51- AP 54 | C6: 2.653 | D6: 45684 | E6: 45691 | F6: Approved
A7: =A6+1 -> 2 | B7: AP 54- AP 60 | C7: 5.31 | F7: Approved
A8: =A7+1 -> 3 | B8: AP 60- AP 75 | C8: 19.672 | D8: 15.02.2025 , 24-02-2025 25-02-2025 | E8: 45713 | F8: Approved | G8: Required Change
A9: =A8+1 -> 4 | B9: AP 75- AP 92 | C9: 20.273 | D9: 45657 | E9: 45691 | F9: Approved
A10: =A9+1 -> 5 | B10: AP 92- AP 96 | C10: 3.084 | D10: 15-02-25 & 21-02-2025 | E10: 45712 | F10: Approved
A11: =A10+1 -> 6 | B11: AP 96- AP 97 | C11: 1.063 | D11: 45713 | E11: 45715 | F11: Approved
A12: =A11+1 -> 7 | B12: AP 97- AP 98B | C12: 2.09 | D12: 45713 | F12: Approved
A13: =A12+1 -> 8 | B13: AP 98B- 99A/0 | C13: 3.893 | D13: 45713 | F13: Approved
A14: =A13+1 -> 9 | B14: AP99A/0-AP 107 | C14: 6.971 | D14: 45713 | F14: Approved
A15: =A14+1 -> 10 | B15: AP 107- AP 121 | C15: 9.495 | D15: 45721 | E15: 45722 | F15: Approved
A16: =A15+1 -> 11 | B16: AP 121- AP 131 | C16: 8.697 | D16: 12-03-2025 & ReSubmission 4-04-2025 | F16: Submitted | G16: Resubmitted
A17: =A16+1 -> 12 | B17: AP 131- AP 133 | C17: 3.084 | F17: Submitted
A18: =A17+1 -> 13 | B18: AP 133- AP 134 | C18: 3.963 | F18: Submitted
A19: =A18+1 -> 14 | B19: AP 134- AP 135 | C19: 1.656 | F19: Submitted
A20: =A19+1 -> 15 | B20: AP 135- AP 136 | C20: 1.635 | F20: Submitted
A21: =A20+1 -> 16 | B21: AP 136 - AP 139 | C21: 2.221 | F21: Submitted
A22: =A21+1 -> 17 | B22: AP 139 - AP 147 | C22: 10.724 | D22: 26-03-2025 Resubmission 4-04-2025 &28-04-25 | F22: Submitted | G22: Resubmitted
A23: =A22+1 -> 18 | B23: AP 147/0 - AP 148 | C23: 3.666 | D23: 26-03-2025 Resubmission 4-04-2025 & 28-04-25 | F23: Submitted | G23: Resubmitted
A24: =A23+1 -> 19 | B24: AP148/0 - AP 149B | C24: 4.88 | F24: Submitted
A25: =A24+1 -> 20 | B25: AP 150 to Bhinmal GTY | C25: 2.474 | D25: 45765 | F25: Submitted
A26: =A25+1 -> 21 | B26: AP 50- AP 51 | C26: 0.275 | D26: 45752 | F26: Submitted
A27: =A26+1 -> 22 | B27: AP 47- AP 50 | C27: 2.008 | D27: 45752 | F27: Submitted
A28: =A27+1 -> 23 | B28: AP 46- AP 47 | C28: 0.223 | D28: 45752 | F28: Submitted
A29: =A28+1 -> 24 | B29: AP 42- AP 43 | C29: 2.731 | D29: 45752 | F29: Submitted
A30: =A29+1 -> 25 | B30: AP 45- AP 46 | C30: 1.717 | D30: 45752 | F30: Submitted
A31: =A30+1 -> 26 | B31: AP 43- AP 45 | C31: 1.068 | D31: 45752 | F31: Submitted
A32: =A31+1 -> 27 | B32: AP 40- AP 42 | C32: 2.873 | D32: 45752 | F32: Submitted
A34: =A32+1 -> 28 | B34: AP 10- AP 21 | C34: 19.57 | D34: 16-04-2025 & 16.05.2025 | F34: Re Submitted
A35: =A34+1 -> 29 | B35: 21/0-24/0 | C35: 2.618 | D35: 45781 | F35: Complete
A36: =A35+1 -> 30 | B36: 24/0-40/0 | C36: 18.193 | D36: 45805 | F36: Complete
B39: AS on date | C39: =SUM(C6:C36) -> 168.78
B43: Submission of Check Survey
A44: SL. No. | B44: Section | C44: Date of submission | D44: Section Length in kms | E44: Letter Reference Number | F44: Date of Approval | G44: Section Length in kms
A45: 1 | B45: AP75 To AP92 | C45: 45657 | D45: 20.273 | E45: KEC/FBTL/RPTL/TB507/008A | F45: 45691 | G45: 20.273
A46: =A45+1 -> 2 | B46: AP51 To AP60 | C46: 45684 | D46: 7.962 | E46: KEC/FBTL/RPTL/TB507/0014 | F46: 45691 | G46: 7.962
A47: =A46+1 -> 3 | B47: AP92 To AP96 | C47: 45709 | D47: 3.084 | E47: KEC/FBTL/RPTL/TB507/0025 & 0029 | F47: 45712 | G47: 3.084
A48: =A47+1 -> 4 | B48: AP60 To AP75 | C48: 45703 | D48: 19.672 | E48: KEC/FBTL/RPTL/TB507/0025 , 0030 & 0033 | F48: 45713 | G48: 19.672
A49: =A48+1 -> 5 | B49: AP96 To AP107 | C49: 45713 | D49: 14.017 | E49: KEC/FBTL/RPTL/TB507/0032 | F49: 45715 | G49: 14.017
A50: =A49+1 -> 6 | B50: AP107 To AP121 | C50: 45721 | D50: 9.495 | E50: KEC/FBTL/RPTL/TB507/0036 | F50: 45722 | G50: 9.495
A51: =A50+1 -> 7 | B51: AP121 To AP131 | C51: 45751 | D51: 8.697 | E51: KEC/FBTL/RPTL/TB507/0043 ,0050,0061 | F51: 45732 | G51: 8.697
A52: =A51+1 -> 8 | B52: AP139 To AP148 | C52: 45742 | D52: 14.39 | E52: KEC/FBTL/RPTL/TB507/0049 | F52: 45732 | G52: 14.39
A53: =A52+1 -> 9 | B53: AP40 To AP51 | C53: 45752 | D53: 10.894 | E53: KEC/FBTL/RPTL/TB507/0064
A54: =A53+1 -> 10 | B54: AP10 To AP21 | C54: 06-04-2025 & 16.05.2025 | D54: 19.57 | E54: KEC/FBTL/RPTL/TB507/79
A55: =A54+1 -> 11 | B55: AP150 To Bhinmal GTY | C55: 45765 | D55: 2.474 | E55: KEC/FBTL/RPTL/TB507/0068
A56: =A55+1 -> 12 | B56: AP131-AP 133 | C56: 45787 | D56: 3.084 | E56: KEC/FBTL/RPTL/TB507/0077
A57: =A56+1 -> 13 | B57: AP136-AP 139 | C57: 45787 | D57: 2.22 | E57: KEC/FBTL/RPTL/TB507/0077
A58: =A57+1 -> 14 | B58: AP 133-AP 135 | C58: 45802 | D58: 5.619 | E58: Resubmitted on dated 25/05/2025
A59: =A58+1 -> 15 | B59: AP 99-AP 100 | C59: 45794 | D59: 3.95 | E59: KEC/FBTL/RPTL/TB507/82 | F59: 45810
A60: =A59+1 -> 16 | B60: AP 135-AP 136 | C60: 45802 | D60: 1.635 | E60: KEC/FBTL/RPTL/TB507/0077 on 10/05/25
A61: =A60+1 -> 17 | B61: AP 148-AP 149B | C61: 45802 | D61: 4.88
A63: Total | D63: =SUM(D45:D61) -> 151.916 | G63: =SUM(G45:G62) -> 97.59
C66: Check Survey
A67: Sr. no | B67: Action by | C67: Section AP To AP | D67: Section length | E67: Approved by Client | F67: Pending by Client | G67: Remarks
A68: 1 | B68: KEC | C68: S/S Gantry To AP-7/0 | D68: 10.373 | G68: Details Survey Completed. Profile Preperation in process with KEC Engg.
A69: =A68+1 -> 2 | B69: KEC | C69: AP-7/0 To AP-10/0 | D69: 8.719 | G69: Submitted on 3.07.2025,
A70: =A69+1 -> 3 | C70: AP-10/0 To AP-21/0 | D70: 19.57 | E70: YES | G70: Approved
A71: =A70+1 -> 4 | B71: Apraava | C71: AP-21/0 To AP-24/0 | D71: 2.618 | F71: YES | G71: Hard Copy Submitted on 24-06-2025
A72: =A71+1 -> 5 | B72: KEC | C72: AP-24/0 To AP-40/0 | D72: 18.193 | G72: Submited on 30.06.2025
A73: =A72+1 -> 6 | C73: AP-40/0 To AP-45/0 | D73: 6.659 | E73: Yes | G73: Approved on 18-06-2025
A74: =A73+1 -> 7 | B74: KEC | C74: AP-45/0 To AP-48/0 | D74: 3.17 | G74: Profile Preperation in process with KEC Engg.
A75: =A74+1 -> 8 | C75: AP 48/0 to AP 51/0, | D75: 1.05 | E75: Yes | G75: Approved on 18-06-2025
A76: =A75+1 -> 9 | C76: AP-51/0 To AP-60/0 | D76: 7.962 | E76: Yes | G76: Approved
A77: =A76+1 -> 10 | C77: AP-60/0 To AP-75/0 | D77: 19.567 | E77: Yes | G77: Approved
A78: =A77+1 -> 11 | C78: AP-75/0 To AP-92/0 | D78: 20.273 | E78: Yes | G78: Approved
A79: =A78+1 -> 12 | C79: AP-92/0 To AP-96/0 | D79: 3.084 | E79: Yes | G79: Approved
A80: =A79+1 -> 13 | C80: AP-96/0 To AP-107/0 | D80: 14.119 | E80: Yes | G80: Approved
A81: =A80+1 -> 14 | C81: AP-107/0 To AP-121/0 | D81: 9.495 | E81: Yes | G81: Approved
A82: =A81+1 -> 15 | C82: AP-121/0 To AP-131/0 | D82: 8.694 | E82: Yes | G82: Approved
A83: =A82+1 -> 16 | B83: KEC | C83: AP-131/0 To AP-139/0 | D83: 12.559 | E83: Yes | G83: Approved
A84: =A83+1 -> 17 | B84: KEC | C84: AP-139/0 To AP-148/0 | D84: 14.391 | E84: Yes | G84: Approved
A85: =A84+1 -> 18 | B85: KEC | C85: AP-148/0 To AP-153/0 | D85: 6.321 | E85: Yes | G85: Approved
A86: 19 | B86: Apraava | C86: AP-153/0 To AP-154/0 | D86: 0.389 | F86: Yes
A87: 20 | B87: KEC | C87: AP-154/0 To AP-155/0 | D87: 0.22 | G87: Underneath crossing proposal under process with KEC Engg.
A88: 21 | B88: Apraava | C88: AP-155/0 To S/S Gantry | D88: 0.57 | F88: Yes | G88: Submitted on 16.04.2025,
C89: TOTAL | D89: =SUM(D68:D88) -> 187.996
E91: 2.618 | F91: AP 21 to AP 24
A92: TOTAL | E92: =D89 -> 187.996
A93: Check Survey Submitted | E93: =E92-E96 -> 156.04
A94: Check Survey Approved | E94: =E93-E95 -> 152.463
A95: Balance for Approval by Client | E95: 3.577
A96: Check Survey report to be Submitted | E96: 31.956
B98: Check Survey
B99: Sr.no | C99: Section AP To AP | D99: Section length | E99: Approved | F99: Resposnibility | G99: Remarks
B100: 1 | C100: AP-1/0 To AP-10/0 | D100: 18.116 | F100: M/s Kec | G100: Rerouting confirmation given on 12.06.2025 to carry out detail survey, When will be the survey started
B101: 2 | C101: AP-10/0 To AP-21/0 | D101: 19.57 | F101: M/s Apraava | G101: Will be approved by 17.06.2025
B102: 3 | C102: AP-21/0 To AP-40/0 | D102: 20.811 | F102: M/s Kec | G102: From AP 21 to AP 24 and AP 27 to AP 40 has to be submitted. From AP 24 to AP 27 Underneath data has also to be submitted. When it will be submitted
B103: 4 | C103: AP-40/0 To AP 45 and AP 48 to AP 51/0 | D103: 10.894 | F103: M/s Apraava | G103: From AP 40 to AP 45, AP 48 to AP 51 will be approved by 17.06.2025
C104: AP 45 to AP 48 | F104: M/s Kec | G104: Railway crossing detail survey profile, Tower Schedule yet not provided, When will we get this.
B105: 5 | C105: AP-51/0 To AP-60/0 | D105: 7.962 | E105: 45691
B106: 6 | C106: AP-60/0 To AP-75/0 | D106: 19.567 | E106: 45713
B107: 7 | C107: AP-75/0 To AP-92/0 | D107: 20.273 | E107: 45691
B108: 8 | C108: AP-92/0 To AP-96/0 | D108: 3.084 | E108: 45712
B109: 9 | C109: AP-96/0 To AP-107/0 | D109: 14.017 | E109: 45715
B110: 10 | C110: AP-107/0 To AP-121/0 | D110: 9.495 | E110: 45722
B111: 11 | C111: AP-121/0 To AP-131/0 | D111: 8.694 | E111: 45763
...

Sheet Check Survey
A1: NAME OF PROJECT : FARHEGARH IV-BHINMAL 400KV D/C TRANSMISSION LINE
A2: Client : RAJASTHAN IV A POWER TRANSMISSION LTD.
A3: CONTRACTOR : KEC INTERNATIONAL LIMITED
A4: 400 KV CHECK SURVEY
A5: SL No | B5: Section | C5: Section Length | D5: Submission Date | E5: Approval Date | F5: Remarks
A6: 1 | B6: AP 51- AP 54 | C6: 2.653 | D6: 45684 | E6: 45691 | F6: Approved
A7: =A6+1 -> 2 | B7: AP 54- AP 60 | C7: 5.31 | F7: Approved
A8: =A7+1 -> 3 | B8: AP 60- AP 75 | C8: 19.672 | D8: 15.02.2025 , 24-02-2025 25-02-2025 | E8: 45713 | F8: Approved | G8: Required Change | H8: Approved | I8: =G63 -> 97.59
A9: =A8+1 -> 4 | B9: AP 75- AP 92 | C9: 20.273 | D9: 45657 | E9: 45691 | F9: Approved
A10: =A9+1 -> 5 | B10: AP 92- AP 96 | C10: 3.084 | D10: 15-02-25 & 21-02-2025 | E10: 45712 | F10: Approved | H10: Submitted | I10: =D63 -> 151.916
A11: =A10+1 -> 6 | B11: AP 96- AP 97 | C11: 1.063 | D11: 45713 | E11: 45715 | F11: Approved
A12: =A11+1 -> 7 | B12: AP 97- AP 98B | C12: 2.09 | D12: 45713 | F12: Approved
A13: =A12+1 -> 8 | B13: AP 98B- 99A/0 | C13: 3.893 | D13: 45713 | F13: Approved
A14: =A13+1 -> 9 | B14: AP99A/0-AP 107 | C14: 6.971 | D14: 45713 | F14: Approved
A15: =A14+1 -> 10 | B15: AP 107- AP 121 | C15: 9.495 | D15: 45721 | E15: 45722 | F15: Approved
A16: =A15+1 -> 11 | B16: AP 121- AP 131 | C16: 8.697 | D16: 12-03-2025 & ReSubmission 4-04-2025 | F16: Submitted | G16: Resubmitted
A17: =A16+1 -> 12 | B17: AP 131- AP 133 | C17: 3.084 | F17: Submitted
A18: =A17+1 -> 13 | B18: AP 133- AP 134 | C18: 3.963 | F18: Submitted
A19: =A18+1 -> 14 | B19: AP 134- AP 135 | C19: 1.656 | F19: Submitted
A20: =A19+1 -> 15 | B20: AP 135- AP 136 | C20: 1.635 | F20: Submitted
A21: =A20+1 -> 16 | B21: AP 136 - AP 139 | C21: 2.221 | F21: Submitted
A22: =A21+1 -> 17 | B22: AP 139 - AP 147 | C22: 10.724 | D22: 26-03-2025 Resubmission 4-04-2025 &28-04-25 | F22: Submitted | G22: Resubmitted
A23: =A22+1 -> 18 | B23: AP 147/0 - AP 148 | C23: 3.666 | D23: 26-03-2025 Resubmission 4-04-2025 & 28-04-25 | F23: Submitted | G23: Resubmitted | M23: Blance | N23: =187.176-M11 -> 187.176
A24: =A23+1 -> 19 | B24: AP148/0 - AP 149B | C24: 4.88 | F24: Submitted
A25: =A24+1 -> 20 | B25: AP 150 to Bhinmal GTY | C25: 2.474 | D25: 45765 | F25: Submitted
A26: =A25+1 -> 21 | B26: AP 50- AP 51 | C26: 0.275 | D26: 45752 | F26: Submitted
A27: =A26+1 -> 22 | B27: AP 47- AP 50 | C27: 2.008 | D27: 45752 | F27: Submitted
A28: =A27+1 -> 23 | B28: AP 46- AP 47 | C28: 0.223 | D28: 45752 | F28: Submitted
A29: =A28+1 -> 24 | B29: AP 42- AP 43 | C29: 2.731 | D29: 45752 | F29: Submitted
A30: =A29+1 -> 25 | B30: AP 45- AP 46 | C30: 1.717 | D30: 45752 | F30: Submitted
A31: =A30+1 -> 26 | B31: AP 43- AP 45 | C31: 1.068 | D31: 45752 | F31: Submitted
A32: =A31+1 -> 27 | B32: AP 40- AP 42 | C32: 2.873 | D32: 45752 | F32: Submitted
A34: =A32+1 -> 28 | B34: AP 10- AP 21 | C34: 19.57 | D34: 16-04-2025 & 16.05.2025 | F34: Re Submitted
A35: =A34+1 -> 29 | B35: 21/0-24/0 | C35: 2.618 | D35: 45781 | F35: Complete
A36: =A35+1 -> 30 | B36: 24/0-40/0 | C36: 18.193 | D36: 45805 | F36: Complete | I36: =155.849-130.528 -> 25.321
B39: AS on date | C39: =SUM(C6:C36) -> 168.78
B43: Submission of Check Survey
A44: SL. No. | B44: Section | C44: Date of submission | D44: Section Length in kms | E44: Letter Reference Number | F44: Date of Approval | G44: Section Length in kms | H44: Approved By | I44: Remarks
A45: 1 | B45: AP75 To AP92 | C45: 45657 | D45: 20.273 | E45: KEC/FBTL/RPTL/TB507/008A | F45: 45691 | G45: 20.273 | H45: Gundewadi Mallappa
A46: =A45+1 -> 2 | B46: AP51 To AP60 | C46: 45684 | D46: 7.962 | E46: KEC/FBTL/RPTL/TB507/0014 | F46: 45691 | G46: 7.962 | H46: Gundewadi Mallappa
A47: =A46+1 -> 3 | B47: AP92 To AP96 | C47: 45709 | D47: 3.084 | E47: KEC/FBTL/RPTL/TB507/0025 & 0029 | F47: 45712 | G47: 3.084 | H47: Gundewadi Mallappa | I47: Resubmission on dated 21/02/2025
A48: =A47+1 -> 4 | B48: AP60 To AP75 | C48: 45703 | D48: 19.672 | E48: KEC/FBTL/RPTL/TB507/0025 , 0030 & 0033 | F48: 45713 | G48: 19.672 | H48: Gundewadi Mallappa | I48: Resubmission on dated 24/02/2025 & 25/02/2025
A49: =A48+1 -> 5 | B49: AP96 To AP107 | C49: 45713 | D49: 14.017 | E49: KEC/FBTL/RPTL/TB507/0032 | F49: 45715 | G49: 14.017 | H49: Gundewadi Mallappa
A50: =A49+1 -> 6 | B50: AP107 To AP121 | C50: 45721 | D50: 9.495 | E50: KEC/FBTL/RPTL/TB507/0036 | F50: 45722 | G50: 9.495 | H50: Gundewadi Mallappa
A51: =A50+1 -> 7 | B51: AP121 To AP131 | C51: 45751 | D51: 8.697 | E51: KEC/FBTL/RPTL/TB507/0043 ,0050,0061 | F51: 45732 | G51: 8.697 | H51: Gundewadi Mallappa | I51: Resubmission on dated 04/04/2025
A52: =A51+1 -> 8 | B52: AP139 To AP148 | C52: 45742 | D52: 14.39 | E52: KEC/FBTL/RPTL/TB507/0049 | F52: 45732 | G52: 14.39 | H52: Gundewadi Mallappa | I52: Resubmission on dated 04/04/2025
A53: =A52+1 -> 9 | B53: AP40 To AP51 | C53: 45752 | D53: 10.894 | E53: KEC/FBTL/RPTL/TB507/0064
A54: =A53+1 -> 10 | B54: AP10 To AP21 | C54: 06-04-2025 & 16.05.2025 | D54: 19.57 | E54: KEC/FBTL/RPTL/TB507/79 | I54: Resubmission on dated 16/05/2025
A55: =A54+1 -> 11 | B55: AP150 To Bhinmal GTY | C55: 45765 | D55: 2.474 | E55: KEC/FBTL/RPTL/TB507/0068
A56: =A55+1 -> 12 | B56: AP131-AP 133 | C56: 45787 | D56: 3.084 | E56: KEC/FBTL/RPTL/TB507/0077 | I56: Resubmission on dated 10/05/2025
A57: =A56+1 -> 13 | B57: AP136-AP 139 | C57: 45787 | D57: 2.22 | E57: KEC/FBTL/RPTL/TB507/0077 | I57: Resubmission on dated 10/05/2025
A58: =A57+1 -> 14 | B58: AP 133-AP 135 | C58: 45802 | D58: 5.619 | E58: Resubmitted on dated 25/05/2025 | I58: Resubmission on dated 25/05/2025
A59: =A58+1 -> 15 | B59: AP 99-AP 100 | C59: 45794 | D59: 3.95 | E59: KEC/FBTL/RPTL/TB507/82 | F59: 45810 | I59: Resubmission on dated 16/05/2025
A60: =A59+1 -> 16 | B60: AP 135-AP 136 | C60: 45802 | D60: 1.635 | E60: KEC/FBTL/RPTL/TB507/0077 on 10/05/25 | I60: Resubmission on dated 25/05/2025
A61: =A60+1 -> 17 | B61: AP 148-AP 149B | C61: 45802 | D61: 4.88 | I61: Resubmission on dated 25/05/2025
I62: Resubmission on dated 25/05/2025
A63: Total | D63: =SUM(D45:D61) -> 151.916 | G63: =SUM(G45:G62) -> 97.59
C66: Check Survey
A67: Action by | B67: Sr.no | C67: Section AP To AP | D67: Section length | E67: Approved by Client | F67: Pending by Client | G67: Remarks | H67: Apraava Comments
A68: Apraava | B68: 1 | C68: AP-1/0 To AP-7/0 | D68: 9.4 | G68: Details Survey Completed | H68: Discussion and coordination with Statcraft are ongoing. Awaiting their response
B69: =B68+1 -> 2 | C69: AP-7/0 To AP-10/0 | D69: 9.096 | G69: Check Survry Completed
A70: KEC | B70: =B69+1 -> 3 | C70: AP-10/0 To AP-21/0 | D70: 19.57 | F70: YES | G70: Approved | H70: KEC was to submit a proposal avoiding the shifting of the 11 kV line; their response is still awaited. The rest of the profile is acceptable—awaiting a hard-signed copy along with revised tower schdule from the KEC team for official release
B71: =B70+1 -> 4 | C71: AP-21/0 To AP-24/0 | D71: 2.618 | G71: Hard Copy Submitted on 24-06-2025
A72: KEC | B72: =B71+1 -> 5 | C72: AP-24/0 To AP-40/0 | D72: 18.193 | F72: 45784 | G72: AP 27 to AP 40(16.753Km) CS completed and Profile Under Process in KEC Engg, GTY position finalization at AP 24 to AP 27(1.440 KM) | H72: Check Survey for two oil/gas pipeline crossings is awaited, and the re-survey for the 400kV line crossing between AP25 to AP26 (underneath crossing) is pending from KEC.
A73: KEC | B73: =B72+1 -> 6 | C73: AP-40/0 To AP-45/0 | D73: 6.659 | G73: Approved on 18-06-2025
A74: KEC | B74: =B73+1 -> 7 | C74: AP-45/0 To AP-48/0 | D74: 3.17 | G74: Hold due to Railway crossing angle 870 to 900 | H74: Re-survey for the railway crossing between AP46 and AP47, due to alignment change from 86° to 90°, is pending from KEC.
A75: KEC | B75: =B74+1 -> 8 | C75: AP 48/0 to AP 51/0, | D75: 1.05 | F75: 45752 | G75: Approved on 18-06-2025
A76: KEC | B76: =B75+1 -> 9 | C76: AP-51/0 To AP-60/0 | D76: 7.962 | E76: 45691 | G76: Approved | H76: Tower schedule has been approved; however, the profile as per the approved check survey is still awaited from KEC
B77: =B76+1 -> 10 | C77: AP-60/0 To AP-75/0 | D77: 19.567 | E77: 45713 | G77: Approved
B78: =B77+1 -> 11 | C78: AP-75/0 To AP-92/0 | D78: 20.273 | E78: 45691 | G78: Approved
B79: =B78+1 -> 12 | C79: AP-92/0 To AP-96/0 | D79: 3.084 | E79: 45712 | G79: Approved
B80: =B79+1 -> 13 | C80: AP-96/0 To AP-107/0 | D80: 14.119 | E80: 45715 | G80: Approved
B81: =B80+1 -> 14 | C81: AP-107/0 To AP-121/0 | D81: 9.495 | E81: 45722 | G81: Approved
B82: =B81+1 -> 15 | C82: AP-121/0 To AP-131/0 | D82: 8.694 | E82: 45763 | G82: Approved
A83: KEC | B83: =B82+1 -> 16 | C83: AP-131/0 To AP-139/0 | D83: 12.559 | F83: YES | G83: Approved | H83: Location of AP132 has been changed due to the presence of a house within the corridor; revised check survey and profile are awaited from KEC."
A84: KEC | B84: =B83+1 -> 17 | C84: AP-139/0 To AP-148/0 | D84: 14.391 | E84: 45763 | G84: Approved | H84: Tower schedule has been approved; however, the profile as per the approved check survey is still awaited from KEC
A85: KEC | B85: =B84+1 -> 18 | C85: AP-148/0 To AP-150/0 | D85: 5.268 | F85: 45800 | G85: Approved | H85: Hard signed profile & Tower schudle copies are awaited from KEC to offical realse.
A86: KEC | B86: =B85+1 -> 19 | C86: AP-150/0 To AP-157/0 | D86: 2.474 | E86: 45765 | G86: Approval pending from Engg Team | H86: Re-survey for the 400kV line crossing between AP154 to AP155 (underneath crossing) is pending from KEC.
D87: =SUM(D68:D86) -> 187.642
D89: CS Submitted | E89: =187.176-(18.496+2.618) -> 166.062
E90: 2.618 | F90: AP 21 to AP 24
D91: TOTAL | E91: =D87 -> 187.642
D92: Approved | E92: =D70+D73+SUM(D75:D86) -> 145.165
D93: Balance | E93: =E91-E92 -> 42.477
B95: Check Survey
B96: Sr.no | C96: Section AP To AP | D96: Section length | E96: Approved | F96: Resposnibility | G96: Remarks
B97: 1 | C97: AP-1/0 To AP-10/0 | D97: 18.116 | F97: M/s Kec | G97: Rerouting confirmation given on 12.06.2025 to carry out detail survey, When will be the survey started
B98: 2 | C98: AP-10/0 To AP-21/0 | D98: 19.57 | F98: M/s Apraava | G98: Will be approved by 17.06.2025
B99: 3 | C99: AP-21/0 To AP-40/0 | D99: 20.811 | F99: M/s Kec | G99: From AP 21 to AP 24 and AP 27 to AP 40 has to be submitted. From AP 24 to AP 27 Underneath data has also to be submitted. When it will be submitted
B100: 4 | C100: AP-40/0 To AP 45 and AP 48 to AP 51/0 | D100: 10.894 | F100: M/s Apraava | G100: From AP 40 to AP 45, AP 48 to AP 51 will be approved by 17.06.2025
C101: AP 45 to AP 48 | F101: M/s Kec | G101: Railway crossing detail survey profile, Tower Schedule yet not provided, When will we get this.
B102: 5 | C102: AP-51/0 To AP-60/0 | D102: 7.962 | E102: 45691
B103: 6 | C103: AP-60/0 To AP-75/0 | D103: 19.567 | E103: 45713
B104: 7 | C104: AP-75/0 To AP-92/0 | D104: 20.273 | E104: 45691
B105: 8 | C105: AP-92/0 To AP-96/0 | D105: 3.084 | E105: 45712
B106: 9 | C106: AP-96/0 To AP-107/0 | D106: 14.017 | E106: 45715
B107: 10 | C107: AP-107/0 To AP-121/0 | D107: 9.495 | E107: 45722
B108: 11 | C108: AP-121/0 To AP-131/0 | D108: 8.694 | E108: 45763
B109: 12 | C109: AP-131/0 To AP-133/0 | D109: 3.084 | F109: M/s Kec | G109: Yet not submitted
B110: 13 | C110: AP-133/0 To AP-135/0 | D110: 5.619 | F110: M/s Kec | G110: Yet not submitted
...

Sheet Sheet8
A1: S No. | B1: MOM as on 11/6/25 | C1: Timeline | D1: Responsibility | E1: Status as on 19/6/25
A2: 1 | B2: 400kv Detail Survey from AP 01 to AP 10
A3: a | B3: Apraava will give clearance for further proceeding of Detail Survey | C3: 45821 | D3: M/S Apraava | E3: Clearance provided for Detail Survey
A4: b | B4: Completion of Detail Survey | C4: 45833 | D4: M/S KEC | E4: Detail Survey work under progress
A5: c | B5: Detail Survey of 765 kV is submitted by KEC, observation raised by Apraava, KEC has to re-submitted according to observation | C5: 45824 | D5: M/S KEC | E5: Reobservation mail by Engg. Team on dt. 19.06.25
A6: 2 | B6: Check Survey
A7: a | B7: 50 km will be approved | C7: 45820 | D7: M/S Apraava & KEC | E7: 33 km Approved & 15 km submitted by KEC
A8: b | B8: Pending Section of 21 km will be approved | C8: 45828 | D8: M/S Apraava & KEC | E8: Under Progress
A9: c | B9: Check Survey of 765kV is to be submitted by KEC | C9: 46198 | D9: M/S KEC | E9: Detail Survey work under progress
A10: 3 | B10: Statutory Approvals
A11: a | B11: 02 No NH Proposal Submission | C11: 45838 | D11: M/S KEC | E11: Under Progress
A12: b | B12: 02 No Railway Proposal Submission | C12: 45838 | D12: M/S KEC | E12: Under Progress
A13: c | B13: 02 Nos PLC Proposal of 400 kV Underneath has to Submit | C13: ASAP | D13: M/S KEC | E13: Under Progress
A14: d | B14: Statutory Approvals tracker to be maintain for monitoring current status of NOC | C14: N/A | D14: M/S Apraava & KEC | E14: Under Progress
A15: e | B15: 04 Submission of SH Proposal to SH Authority | C15: 45828 | D15: M/S Apraava | E15: Under Progress
A16: f | B16: 03 Submission of Oil Proposal to Oil Authority | C16: 45828 | D16: M/s Apraava | E16: Under Progress
A17: 4 | B17: Deployment of surveyor, supervisors, engineers & section in charge to be expedite in Bhinmal Section | C17: 45820 | D17: M/S KEC | E17: Under Progress
A18: 5 | B18: KEC committed 43 nos. foundation for this month & accordingly Apraava will provide ROW clearance | C18: 45838 | D18: M/S Apraava & KEC | E18: Till date 13 foundations completed, 10 are in WIP and 30 work fronts are available
A19: 6 | B19: Manpower in each foundation gang need to be strengthen with at least 8-10 manpower/gang | C19: ASAP | D19: M/S KEC | E19: Under Progress
A20: 7 | B20: Apraava asked to increase 4 more foundation gangs to expedite foundation work (currently 7 gangs are available with insufficient manpower | C20: ASAP | D20: M/S KEC | E20: 9 Gangs are available (insufficient manpower in 4 gangs)
A21: 8 | B21: 40 Nos Departmental Manpower availability at site | C21: 45838 | D21: M/S KEC | E21: -
A22: 9 | B22: Quality Constraints
A23: a | B23: Information regarding supply of cement with prior & proper documentation | C23: N/A | D23: M/S KEC | E23: -
A24: b | B24: Material availability at site from approved source | C24: - | D24: M/S KEC | E24: -
A25: c | B25: Approval of use of Curing compound in foundation work need to be expedite after jointly discussion of both team | C25: ASAP | D25: M/S Apraava & KEC | E25: Cubes taken after applying curing compound & further process is u/p
A26: d | B26: CTM Machine at store need be installed on priority for cube testing | C26: 45821 | D26: M/S KEC | E26: Under Progress
A27: 10 | B27: Erection team to be deployed and erection to be start | C27: 45826 | D27: M/S KEC | E27: Erection to be start by Monday, 23/6/25
A28: 11 | B28: July month foundation & erection plan to be shared by KEC | C28: 45824 | D28: M/S KEC | E28: July month plan to be shared within 2-3 days by KEC
A29: 12 | B29: Supply of conductor to be start in September month | C29: 45930 | D29: M/S Apraava | E29: Planned for September month
A30: 13 | B30: Total 121 nos. of DA type of tower supplied to store & 2nd lot of 74 nos. towers (approx. 1500 MT) supply, consisting of DC & DD type towers are scheduled for next month | C30: 45848 | D30: M/S KEC | E30: DA type towers are supplied

Sheet Sheet2
C2: 400kV D/C Fatehgarh IV (Section-2)PS - Bhinmal (PG) Transmission Line
C4: Sl No | D4: Section AP To AP | E4: Section length | F4: Remarks
C5: 1 | D5: AP-21/0 To AP-24/0 | E5: 2.618
C6: =C5+1 -> 2 | D6: AP-24/0 To AP-27/0 | E6: 1.428
C7: =C6+1 -> 3 | D7: AP-27/0 To AP-40/0 | E7: 16.76
C8: =C7+1 -> 4 | D8: AP-45/0 To AP-48/0 | E8: 3.187
C9: =C8+1 -> 5 | D9: AP-153/0 To AP-154/0 | E9: 0.732
C10: =C9+1 -> 6 | D10: AP-154/0 To AP-155/0 | E10: 0.218
C11: =C10+1 -> 7 | D11: AP-155/0 To S/S Gantry | E11: 0.571
D12: TOTAL | E12: =SUM(E5:E11) -> 25.514
C14: 765kV D/C Fatehgarh IV (Section-2)PS - Bhinmal (PG) Transmission Line
C16: Sl No | D16: Section AP To AP | E16: Section length | F16: Route Allignment,Detail Survey,Check survey
D17: LI | E17: =7584/1000 -> 7.584
D18: LO | E18: =6951/1000 -> 6.951
D19: TOTAL | E19: =SUM(E17:E18) -> 14.535

Sheet Sheet1
B1: FOUNDATION STATUS | J1: =SUBTOTAL(3,J5:J24) -> 18
B2: SL. No. | C2: Location Number | D2: Span | E2: Tower Type | F2: RC | G2: Foundation type
H3: Starting date | I3: Completion Date | J3: Agency | K3: Remark | L3: Remarks
B4: 1 | C4: 83/1 | D4: 83/1 | E4: DA+3 | G4: Sandy | H4: 45665 | I4: 45674 | J4: Mahadeep Company | K4: 45674 | L4: Complete
B5: =B4+1 -> 2 | C5: 81/4 | D5: 81/4 | E5: DA+0 | G5: Sandy | H5: 45675 | I5: ROW | J5: Mahadeep Company | K5: ROW LOC HOLD | L5: Row Since 20-01-2025, Gang Domobilized
B6: =B5+1 -> 3 | C6: 75/7 | D6: 75/7 | E6: DA+0 | G6: Sandy | H6: 45675 | I6: 45684 | J6: AR PATEL | L6: RCC Complete
B7: =B6+1 -> 4 | C7: 75/6 | E7: DA+0 | G7: Sandy | H7: 45685 | I7: 45690 | J7: AR PATEL | L7: RCC Complete, Backfilling Done
B8: =B7+1 -> 5 | C8: 75/5 | E8: DA+0 | G8: Sandy | H8: 45685 | I8: 45693 | J8: AR PATEL | L8: RCC Complete.
B9: =B8+1 -> 6 | C9: 75/4 | E9: DA+0 | G9: Sandy | H9: 45686 | I9: 45693 | J9: Om Constraction | L9: RCC Complete, Backfilling Done
B10: =B9+1 -> 7 | C10: 75/3 | E10: DA+3 | G10: Sandy | H10: 45691 | I10: 45698 | J10: Om Constraction | L10: RCC Complete.
B11: =B10+1 -> 8 | C11: 75/1 | E11: DA+0 | G11: Sandy | H11: 45697 | I11: 45705 | J11: Om Constraction | L11: RCC Complete.
B12: =B11+1 -> 9 | C12: 75/2 | E12: DA+0 | G12: Sandy | H12: 45700 | I12: 45706 | J12: Om Constraction | L12: RCC Complete.
B13: =B12+1 -> 10 | C13: 77/1 | E13: DA+0 | G13: Sandy | H13: 45691 | I13: 45699 | J13: Anjaana Construction | L13: RCC Complete.
B14: =B13+1 -> 11 | C14: 77/2 | E14: DA+3 | G14: Sandy | H14: 45691 | I14: 45697 | J14: AR PATEL | L14: RCC Complete, Backfilling Done
B15: =B14+1 -> 12 | C15: 77/3 | E15: DA+0 | G15: Sandy | H15: 45696 | I15: 45702 | J15: AR PATEL | L15: RCC Complete.
B16: =B15+1 -> 13 | C16: 77/4 | E16: DA+3 | G16: Sandy | H16: 42046 | I16: 45705 | J16: Anjaana Construction | L16: RCC Complete.
B17: =B16+1 -> 14 | C17: 77/5 | E17: DA+6 | G17: Sandy | H17: 45701 | J17: AR PATEL | L17: Pit B,C RCC Done & Pit A,D Frustrum RCC done.
B18: =B17+1 -> 15 | C18: 86/2 | E18: DA+0 | G18: Sandy | H18: 45698 | J18: Kalpana Enterprises | L18: Pit A , Pit B RCC Done , Pit C -Stub setting.
B19: =B18+1 -> 16 | C19: 66/1 | E19: DA+9 | G19: Sandy | H19: 45705 | J19: Siyag Construction | L19: Excavation WIP, ROW,Material Shifting WIP
B20: =B19+1 -> 17 | C20: 73/3 | E20: DA+9 | G20: Sandy | H20: 45705 | J20: Om Constraction | L20: Excavation WIP, ROW, Material Shifting WIP
B21: =B20+1 -> 18 | C21: 79/1 | E21: DA+9 | G21: Sandy | H21: 45705 | J21: Anjana Construction | L21: Excavation WIP, ROW, Material Shifting WIP
B22: =B21+1 -> 19 | C22: 95A/1 | E22: DA+0 | G22: Sandy | J22: Gurukripa Enterprises | L22: Pit Marking Done
B23: =B22+1 -> 20 | C23: 80/1
B24: =B23+1 -> 21 | C24: 85/1
B25: =B24+1 -> 22 | C25: 73/2
B26: =B25+1 -> 23 | C26: 66/2
B27: =B26+1 -> 24 | C27: 66/3
B28: =B27+1 -> 25 | C28: 86/1
B29: =B28+1 -> 26 | C29: 76/1

Sheet VC 51-96
B1: TB-507 400 KV (Twin) D/C Fatehgarh IV - Bhinmal Transmission Line
A2: DPR and VISUAL CHART
A4: DPR- | D4: District | F4: No.Of Towers | G4: Length | H4: Foundation | K4: Earthing | L4: Tower Erection | O4: Stringing
H5: Com | I5: WIP | J5: Bal | K5: Com | L5: Com | M5: WIP | N5: Bal | O5: Com | P5: WIP | Q5: Bal
F6: 163 | G6: 50.886 | H6: 16 | I6: 5 | J6: =F6-H6-I6 -> 142 | K6: 10 | N6: =F6-L6 -> 163 | Q6: =G6-O6 -> 50.886
C8: =A8+1 -> 1 | E8: =C8+1 -> 2 | G8: =E8+1 -> 3 | I8: =G8+1 -> 4 | K8: =I8+1 -> 5 | M8: =K8+1 -> 6 | O8: =M8+1 -> 7 | Q8: =O8+1 -> 8 | S8: =Q8+1 -> 9
D10: 465.03 | F10: 375.98 | H10: 414.86 | J10: 381.02 | L10: 353.63 | N10: 351.4 | P10: 433.26 | R10: 396.56 | T10: 408.11 | U10: =B10+F10+H10+J10+L10+D10+N10+P10+R10+T10 -> 3579.85
C13: AP51 | E13: 51/1 | G13: 51/2 | I13: 51/3 | K13: AP52 | M13: 52/1 | O13: AP53 | Q13: AP54 | S13: 54/1
C14: DD+18 | E14: DA+03 | G14: DA+00 | I14: DA+03 | K14: DB+0 | M14: DA+06 | O14: DD+0 | Q14: DC+00 | S14: DA+03
K15: RC | M15: RC
B17: =S8+1 -> 10 | D17: =B17+1 -> 11 | F17: =D17+1 -> 12 | H17: =F17+1 -> 13 | J17: =H17+1 -> 14 | L17: =J17+1 -> 15 | N17: =L17+1 -> 16 | P17: =N17+1 -> 17 | R17: =P17+1 -> 18 | T17: =R17+1 -> 19
C19: 425.22 | E19: 420.54 | G19: 340.56 | I19: 336.52 | K19: 375.99 | M19: 303.41 | O19: 448.76 | Q19: 393.09 | S19: 407.8 | U19: 206.06 | V19: =C19+G19+I19+K19+M19+E19+O19+Q19+S19+U19 -> 3657.95
B22: 54/2 | D22: 54/3 | F22: AP55 | H22: AP56 | J22: 56/1 | L22: 56/2 | N22: 56/3 | P22: 56/4 | R22: 56/5 | T22: AP57
B23: DA+06 | D23: DA+03 | F23: DD+18 | H23: DB+09 | J23: DB+9 | L23: DA+0 | N23: DB+9 | P23: DA+6 | R23: DA+6 | T23: DB+09
B24: Benching &RC | D24: RC | F24: RC | H24: Benching &RC | L24: Benching Required | R24: Benching &RC | T24: Benching &RC
B26: =T17+1 -> 20 | D26: =B26+1 -> 21 | F26: =D26+1 -> 22 | H26: =F26+1 -> 23 | J26: =H26+1 -> 24 | L26: =J26+1 -> 25 | N26: =L26+1 -> 26 | P26: =N26+1 -> 27 | R26: =P26+1 -> 28 | T26: =R26+1 -> 29
C28: 417.38 | E28: 304.56 | G28: 408.66 | I28: 434.89 | K28: 408.17 | M28: 398.59 | O28: 446.37 | Q28: 297.58 | S28: 240.47 | U28: 312.69 | V28: =C28+G28+I28+K28+M28+E28+O28+Q28+S28+U28 -> 3669.36
B31: AP58 | D31: AP59 | F31: 59/1 | H31: AP60 | J31: 60/1 | L31: 60/2 | N31: 60/3 | P31: AP61 | R31: 61/1 | T31: AP62
B32: DB+09 | D32: DC+09 | F32: DA+0 | H32: DD+00 | J32: DA+9 | L32: DA+0 | N32: DA+9 | P32: DC+00 | R32: DA+9 | T32: DB+00
F33: Benching | N33: RC
B35: =T26+1 -> 30 | D35: =B35+1 -> 31 | F35: =D35+1 -> 32 | H35: =F35+1 -> 33 | J35: =H35+1 -> 34 | L35: =J35+1 -> 35 | N35: =L35+1 -> 36 | P35: =N35+1 -> 37 | R35: =P35+1 -> 38 | T35: =R35+1 -> 39
C37: 347.88 | E37: 379.25 | G37: 398.7 | I37: 439.06 | K37: 381.53 | M37: 379.71 | O37: 426.3 | Q37: 387.14 | U37: 423.77 | V37: =C37+G37+I37+K37+M37+E37+#REF!+O37+Q37+#REF! -> #REF!
B40: 62/1 | D40: 62/2 | F40: 62/3 | H40: 62/4 | J40: 62/5 | L40: AP63 | N40: 63/1 | P40: AP64 | R40: 64/1 | T40: 64/2
B41: DA+0 | D41: DA+0 | F41: DA+09 | H41: DA+06 | J41: DA+06 | L41: DC+00 | N41: DA+0 | P41: DC+09 | R41: DA+9 | T41: DA+9
B42: RC | F42: RC | P42: Benching &RC | T42: RC
B43: =T35+1 -> 40 | D43: =B43+1 -> 41 | F43: =D43+1 -> 42 | H43: =F43+1 -> 43 | J43: =H43+1 -> 44 | L43: =J43+1 -> 45 | N43: =L43+1 -> 46 | P43: =N43+1 -> 47 | R43: =P43+1 -> 48 | T43: =R43+1 -> 49
C45: 407.9 | E45: 426.63 | G45: 392.27 | I45: 431.96 | K45: 426.02 | M45: 405.36 | O45: 411.93 | Q45: 423.77 | S45: 407.9 | U45: 426.63
B46: F | D46: WIP | R46: F | T46: F
B48: 64/3 | D48: 64/4 | F48: 64/5 | H48: 64/6 | J48: 64/7 | L48: 65/0 | N48: 65/1 | P48: 66/0 | R48: 66/1 | T48: 66/2
B49: DA+9 | D49: DA+9 | F49: DA+9 | H49: DA+3 | J49: DA+3 | L49: DD+0 | N49: DB+09 | P49: DD+0 | R49: DA+9 | T49: DA+0 | V49: =#REF!+I77+K77+M77+O77+G77+Q77+S77+#REF!+#REF! -> #REF!
P50: RC
B51: =T43+1 -> 50 | D51: =B51+1 -> 51 | F51: =D51+1 -> 52 | H51: =F51+1 -> 53 | J51: =H51+1 -> 54 | L51: =J51+1 -> 55 | N51: =L51+1 -> 56 | P51: =N51+1 -> 57 | R51: =P51+1 -> 58 | T51: =R51+1 -> 59
C53: 392.27 | E53: 431.96 | G53: 426.02 | I53: 405.36 | K53: 411.93 | M53: 350.33 | O53: 378.3 | Q53: 416.82 | S53: 371.85
B54: WIP
B56: 66/3 | D56: 66/4 | F56: 67/0 | H56: 67/1 | J56: 67/2 | L56: AP68 | N56: AP69 | P56: 69/1 | R56: 69/2 | T56: 69/3
B57: DA+3 | D57: DA+9 | F57: DC+6 | H57: DA+6 | J57: DB+0 | L57: DB+09 | N57: DD+3 | P57: DA+6 | R57: DA+0 | T57: DA+00
F58: RC | R58: Benching | T58: RC | V58: =A85+I77+K77+M77+O77+G77+Q77+S77+#REF!+C77 -> #REF!
B59: =T51+1 -> 60 | D59: =B59+1 -> 61 | F59: =D59+1 -> 62 | H59: =F59+1 -> 63 | J59: =H59+1 -> 64 | L59: =J59+1 -> 65 | N59: =L59+1 -> 66 | P59: =N59+1 -> 67 | R59: =P59+1 -> 68 | T59: =R59+1 -> 69
C61: 392.27 | E61: 431.96 | G61: 426.02 | I61: 405.36 | K61: 411.93 | M61: 350.33 | O61: 378.3 | Q61: 416.82 | S61: 371.85
T62: F
B64: AP71 | D64: 71/1 | F64: 71/2 | H64: 71/3 | J64: AP72 | L64: 72/1 | N64: 72/2 | P64: AP73 | R64: 73/1 | T64: 73/2
B65: DB+00 | D65: DA+09 | F65: DA+00 | H65: DA+00 | J65: DD+00 | L65: DA+03 | N65: DA+03 | P65: DB+00 | R65: DA+00 | T65: DA+09
H66: RC | J66: Benching &RC | L66: RC | R66: Benching & RC | T66: CLEAR | V66: =A93+I85+K85+M85+O85+G85+Q85+S85+U85+C85 -> 3994.99
B67: =T59+1 -> 70 | D67: =B67+1 -> 71 | F67: =D67+1 -> 72 | H67: =F67+1 -> 73 | J67: =H67+1 -> 74 | L67: =J67+1 -> 75 | N67: =L67+1 -> 76 | P67: =N67+1 -> 77 | R67: =P67+1 -> 78 | T67: =R67+1 -> 79
C69: 385.17 | E69: 345.19 | G69: 332.38 | I69: 393.62 | K69: 387.95 | M69: 340.35 | O69: 393.12 | Q69: 328.54 | S69: 398.52
B70: F | F70: F | J70: F | L70: F | N70: F | P70: F | R70: F | T70: F
B71: Er | J71: Er | L71: Er | N71: Er | T71: Er
B72: 73/3 | D72: AP74 | F72: 74/1 | H72: AP75 | J72: 75/1 | L72: 75/2 | N72: 75/3 | P72: 75/4 | R72: 75/5 | T72: 75/6
B73: DA+09 | D73: DB+09 | F73: DA+0 | H73: DC+0 | J73: DA+00 | L73: DA+0 | N73: DA+3 | P73: DA+0 | R73: DA+0 | T73: DA+0
B74: CLEAR | H74: Benching | J74: Benching | L74: Benching &RC
B75: =T67+1 -> 80 | D75: =B75+1 -> 81 | F75: =D75+1 -> 82 | H75: =F75+1 -> 83 | J75: =H75+1 -> 84 | L75: =J75+1 -> 85 | N75: =L75+1 -> 86 | P75: =N75+1 -> 87 | R75: =P75+1 -> 88 | T75: =R75+1 -> 89
G77: 388.46 | I77: 380.96 | K77: 374.03 | M77: 351.96 | O77: 395.64 | Q77: 414.76 | S77: 401.93
B78: F | F78: F | J78: F | L78: F | N78: F | P78: F | R78: F
B79: Er | J79: Er | P79: Er | R79: Er
B80: 75/7 | D80: AP76 | F80: 76/1 | H80: 77/0 | J80: 77/1 | L80: 77/2 | N80: 77/3 | P80: 77/4 | R80: 77/5 | T80: AP78
B81: DA+0 | D81: DC+00 | F81: DA+06 | H81: DB+00 | J81: DA+00 | L81: DA+03 | N81: DA+00 | P81: DA+03 | R81: DA+06 | T81: DC+00
F82: Clear | L82: Benching
B83: =T75+1 -> 90 | D83: =B83+1 -> 91 | F83: =D83+1 -> 92 | H83: =F83+1 -> 93 | J83: =H83+1 -> 94 | L83: =J83+1 -> 95 | N83: =L83+1 -> 96 | P83: =N83+1 -> 97 | R83: =P83+1 -> 98 | T83: =R83+1 -> 99
C85: 385.54 | G85: 351.18 | I85: 441.06 | K85: 387.5 | M85: 372.63 | O85: 415.3 | Q85: 424.58 | S85: 391.7 | U85: 410.47
F86: F | L86: F
F87: Er
B88: 78/1 | D88: AP79 | F88: 79/1 | H88: 79/2 | J88: AP80 | L88: 80/1 | N88: AP81 | P88: 81/1 | R88: 81/2 | T88: 81/3
B89: DA+03 | D89: DD+00 | F89: DA+09 | H89: DA+00 | J89: DB+03 | L89: DA+9 | N89: DB+09 | P89: DA+00 | R89: DA+03 | T89: DA+00
F90: Clear | H90: RC,Benching | L90: Benching | P90: Benching &RC
B91: =T83+1 -> 100 | D91: =B91+1 -> 101 | F91: =D91+1 -> 102 | H91: =F91+1 -> 103 | J91: =H91+1 -> 104 | L91: =J91+1 -> 105 | N91: =L91+1 -> 106 | P91: =N91+1 -> 107 | R91: =P91+1 -> 108 | T91: =R91+1 -> 109
V92: =G110+K110+M110+O110+Q110+I110+S110+#REF!+C110+#REF! -> #REF!
A93: 415.03 | C93: 416.87 | G93: 426.47 | I93: 396.98 | K93: 429.38 | M93: 403.83 | O93: 384.63 | Q93: 380.68 | S93: 354.53
B94: ROW | N94: F
B95: U/P
B96: 81/4 | D96: 81/5 | F96: AP82 | H96: 82/1 | J96: 82/2 | L96: AP83 | N96: 83/1 | P96: AP84 | R96: AP85 | T96: 85/1
B97: DA+00 | D97: DA+06 | F97: DB+03 | H97: DA+00 | J97: DA+03 | L97: DC+00 | N97: DA+03 | P97: DC+06 | R97: DC+00 | T97: DA+00
H98: RC | T98: CLEAR
B99: =T91+1 -> 110 | D99: =B99+1 -> 111 | F99: =D99+1 -> 112 | H99: =F99+1 -> 113 | J99: =H99+1 -> 114 | L99: =J99+1 -> 115 | N99: =L99+1 -> 116 | P99: =N99+1 -> 117 | R99: =P99+1 -> 118 | T99: =R99+1 -> 119
V100: =G117+K117+O117+Q117+S117+I117+U117+Q125+C117+U100 -> 3121.94
C101: 395.01 | D101: =#REF!+I93+K93+M93+O93+G93+Q93+S93+#REF!+C93 -> #REF! | G101: 380.77 | I101: 411.81 | K101: 432.08 | M101: 256.87 | O101: 412.4 | Q101: 382.17 | S101: 452.74
F102: F
B104: AP86 | D104: 86/1 | F104: 86/2 | H104: AP87 | J104: 87/1 | L104: 87/2 | N104: AP88 | P104: AP89 | R104: 89/1 | T104: AP90
B105: DD+00 | D105: DA+06 | F105: DA+00 | H105: DC+00 | J105: DA+03 | L105: DA+09 | N105: DC+00 | P105: DC+00 | R105: DA+09 | T105: DC+00
B106: CLEAR | D106: CLEAR | F106: CLEAR
B108: =T99+1 -> 120 | D108: =B108+1 -> 121 | F108: =D108+1 -> 122 | H108: =F108+1 -> 123 | J108: =H108+1 -> 124 | L108: =J108+1 -> 125 | N108: =L108+1 -> 126 | P108: =N108+1 -> 127 | R108: =P108+1 -> 128 | T108: =R108+1 -> 129
V109: =G101+K101+M101+O101+Q101+I101+S101+#REF!+C101+U109 -> #REF!
C110: 430.39 | G110: 378.62 | I110: 350.22 | K110: 357.91 | M110: 237.48 | O110: 440.03 | Q110: 504 | S110: 430.57
B113: 90/1 | D113: AP91 | F113: 91/1 | H113: 91/2 | J113: 91/3 | L113: AP92 | N113: AP93 | P113: AP94 | R113: AP95 | T113: 95/1
B114: DA+09 | D114: DD+00 | F114: DA+00 | H114: DA+00 | J114: DA+00 | L114: DC+00 | N114: DC+00 | P114: DB+06 | R114: DB+06 | T114: DB+00
B115: =T108+1 -> 130 | D115: =B115+1 -> 131 | F115: =D115+1 -> 132 | H115: =F115+1 -> 133 | J115: =H115+1 -> 134 | L115: =J115+1 -> 135 | N115: =L115+1 -> 136 | P115: =N115+1 -> 137 | R115: =P115+1 -> 138 | T115: =R115+1 -> 139 | V115: 130
C117: 354.92 | G117: 419.38 | I117: 406.18 | K117: 427.47 | O117: 416.77 | Q117: 378.13 | S117: 358.57 | U117: 360.52
F118: F | J118: F
B120: 95/2 | D120: 95A/0 | F120: 95A/1 | H120: AP96 | J120: 96/1 | L120: 96/2 | N120: AP97 | P120: 97/1 | R120: AP98 | T120: AP98/1 | V120: 98A/0
B121: DA+09 | D121: DB+0 | F121: DA+00 | H121: DC+00 | J121: DA+00 | L121: DA+00 | N121: DC+00 | P121: DA+03 | R121: DC+00 | T121: DA+00 | V121: DC+00
P122: RC
B123: =V115+1 -> 131 | D123: =B123+1 -> 132 | F123: =D123+1 -> 133 | H123: =F123+1 -> 134 | J123: =H123+1 -> 135 | L123: =J123+1 -> 136 | N123: =L123+1 -> 137 | P123: =N123+1 -> 138 | R123: =P123+1 -> 139 | T123: =R123+1 -> 140 | V123: =T123+1 -> 141
B128: 98A/1 | D128: 98B/0 | F128: 98B/1 | H128: 98B/2 | J128: 99/0 | L128: 99/1 | N128: 99/2 | P128: 99/3 | R128: 99/4 | T128: 99/5 | V128: 99/6
B129: DA+00 | D129: DD+00 | F129: DA+00 | H129: DCT+00 | J129: DC+0 | L129: DA+06 | N129: DA+00 | P129: DA+00 | R129: DA+06 | T129: DA+03 | V129: DA+03
F130: RC | P130: RC
B132: =V123+1 -> 142 | D132: =B132+1 -> 143 | F132: =D132+1 -> 144 | H132: =F132+1 -> 145 | J132: =H132+1 -> 146 | L132: =J132+1 -> 147 | N132: =L132+1 -> 148 | P132: =N132+1 -> 149 | R132: =P132+1 -> 150 | T132: =R132+1 -> 151 | V132: =T132+1 -> 152
B137: AP99A | D137: 99A/1 | F137: 99A/2 | H137: AP100 | J137: 100/1 | L137: AP101 | N137: AP102 | P137: 102/1 | R137: 102/2 | T137: AP103 | V137: 103/1
B138: DB+00 | D138: DA+00 | F138: DA+00 | H138: DC+00 | J138: DA+6 | L138: DD+06 | N138: DD+3 | P138: DA+00 | R138: DA+00 | T138: DC+0 | V138: DA+6
B141: =V132+1 -> 153 | D141: =B141+1 -> 154 | F141: =D141+1 -> 155 | H141: =F141+1 -> 156 | J141: =H141+1 -> 157 | L141: =J141+1 -> 158 | N141: =L141+1 -> 159 | P141: =N141+1 -> 160 | R141: =P141+1 -> 161 | T141: =R141+1 -> 162 | V141: =T141+1 -> 163
B146: AP104 | D146: AP104A | F146: AP104B | H146: 104B/1 | J146: 104B/2 | L146: AP105 | N146: 105/1 | P146: AP106 | R146: AP107
B147: DB+9 | D147: DC+9 | F147: DB+9 | H147: DA+0 | J147: DA+0 | L147: DD+0 | N147: DA+3 | P147: DC+6 | R147: DD+3
...

Sheet VC
C2: TB-507 400 KV (Twin) D/C Fatehgarh IV - Bhinmal Transmission Line
C3: DPR and VISUAL CHART
C5: DPR- | F5: District | H5: No.Of Towers | I5: Length | J5: Foundation | M5: Earthing | N5: Tower Erection | Q5: Stringing
J6: Com | K6: WIP | L6: Bal | M6: Com | N6: Com | O6: WIP | P6: Bal | Q6: Com | R6: WIP | S6: Bal
H7: 495 | I7: 187.175 | J7: 9 | K7: 5 | L7: =H7-J7-K7 -> 481 | M7: 3 | P7: =H7-N7 -> 495 | S7: =I7-Q7 -> 187.175
I8: r
C9: 1 | E9: =C9+1 -> 2 | G9: =E9+1 -> 3 | I9: =G9+1 -> 4 | K9: =I9+1 -> 5 | M9: =K9+1 -> 6 | O9: =M9+1 -> 7 | Q9: =O9+1 -> 8 | S9: =Q9+1 -> 9 | U9: =S9+1 -> 10
D11: 97.4 | F11: 139.42 | H11: 484.04 | J11: 398 | L11: 443.16 | N11: 399.53 | P11: 402.87 | R11: 437.15 | T11: 381.84 | V11: 416.91 | W11: =D11+H11+J11+L11+N11+F11+P11+R11+T11+V11 -> 3600.32 | X11: FDN | Y11: TE | Z11: Earthing | AA11: Stringing | AC11: Tack Welding | AE11: =SUM(D11:V11) -> 3600.32
A12: 1 | X12: =COUNTIF(C12:U12,"F") -> 0 | Y12: =COUNTIF(C11:U11,"E") -> 0 | Z12: =COUNTIF(C13:V13,"Er") -> 0 | AB12: COM
X13: =COUNTIF(C13:U13,"U/P") -> 0 | Y13: 0 | Z13: 0 | AB13: WIP
C14: GE | E14: AP1 | G14: AP2 | I14: AP3 | K14: 03/1 | M14: 3/2 | O14: 3/3 | Q14: 3/4 | S14: 3/5 | U14: 3/6 | X14: =COUNTIF(C12:U12,"ROW") -> 0 | Y14: 0 | Z14: 0 | AB14: ROW
E15: DD+03 | G15: DD+9 | I15: DC+9 | K15: DA+9 | M15: DA+0 | O15: DA+3 | Q15: DA+6 | S15: DA+3 | U15: DA+00
C17: =U9+1 -> 11 | E17: =C17+1 -> 12 | G17: =E17+1 -> 13 | I17: =G17+1 -> 14 | K17: =I17+1 -> 15 | M17: =K17+1 -> 16 | O17: =M17+1 -> 17 | Q17: =O17+1 -> 18 | S17: =Q17+1 -> 19 | U17: =S17+1 -> 20
D19: 428.12 | F19: 249.58 | H19: 454.54 | J19: 377.83 | L19: 447.64 | N19: 396.44 | P19: 445.93 | R19: 156.98 | T19: 409.67 | V19: 382.38 | W19: =D19+H19+J19+L19+N19+F19+P19+R19+T19+V19 -> 3749.11 | AE19: =SUM(D19:V19) -> 3749.11
A20: =A12+1 -> 2 | X20: =COUNTIF(C20:U20,"F") -> 0 | Y20: =COUNTIF(C19:U19,"E") -> 0 | Z20: =COUNTIF(C21:V21,"Er") -> 0 | AB20: COM
X21: =COUNTIF(C21:U21,"U/P") -> 0 | Y21: 0 | Z21: 0 | AB21: WIP
C22: 3/7 | E22: 3/8 | G22: AP4 | I22: 4/1 | K22: AP5 | M22: 5/1 | O22: 5/2 | Q22: AP6 | S22: AP7 | U22: 7/1 | X22: =COUNTIF(C20:U20,"ROW") -> 0 | Y22: 0 | Z22: 0 | AB22: ROW
C23: DA+03 | E23: DD+03 RC | G23: DD+03 | I23: DA+09 | K23: DC+3 | M23: DA+06 | O23: DA+03 | Q23: DD+09 | S23: DD+09 | U23: DA+00
C25: =U17+1 -> 21 | E25: =C25+1 -> 22 | G25: =E25+1 -> 23 | I25: =G25+1 -> 24 | K25: =I25+1 -> 25 | M25: =K25+1 -> 26 | O25: =M25+1 -> 27 | Q25: =O25+1 -> 28 | S25: =Q25+1 -> 29 | U25: =S25+1 -> 30
D27: 353.89 | F27: 385.21 | H27: 367.67 | J27: 378.32 | L27: 392.49 | N27: 399.24 | P27: 390.93 | R27: 412.07 | T27: 421.95 | V27: 391.87 | W27: =D27+H27+J27+L27+N27+F27+P27+R27+T27+V27 -> 3893.64 | AE27: =SUM(D27:V27) -> 3893.64
A28: =A20+1 -> 3 | X28: =COUNTIF(C28:U28,"F") -> 0 | Y28: =COUNTIF(C27:U27,"E") -> 0 | Z28: =COUNTIF(C29:V29,"Er") -> 0 | AB28: COM
X29: =COUNTIF(C29:U29,"U/P") -> 0 | Y29: 0 | Z29: 0 | AB29: WIP
C30: 7/2 | E30: 7/3 | G30: 7/4 | I30: 7/5 | K30: 7/6 | M30: '7/7 | O30: AP8 | Q30: 08/01 | S30: 08/2 | U30: 08/3 | X30: =COUNTIF(C28:U28,"ROW") -> 0 | Y30: 0 | Z30: 0 | AB30: ROW
C31: DA+00 | E31: DA+00 | G31: DA+00 | I31: DA+00 | K31: DA+00 | M31: DA+00 | O31: DB+00 | Q31: DA+06 | S31: DA+00 | U31: DA+00
C33: =U25+1 -> 31 | E33: =C33+1 -> 32 | G33: =E33+1 -> 33 | I33: =G33+1 -> 34 | K33: =I33+1 -> 35 | M33: =K33+1 -> 36 | O33: =M33+1 -> 37 | Q33: =O33+1 -> 38 | S33: =Q33+1 -> 39 | U33: =S33+1 -> 40
D35: 406.65 | F35: 383.31 | H35: 402.96 | J35: 433.9 | L35: 328.55 | N35: 331.44 | P35: 358.83 | R35: 358.55 | T35: 429.37 | V35: 354.9 | W35: =D35+H35+J35+L35+N35+F35+P35+R35+T35+V35 -> 3788.46 | AE35: =SUM(D35:V35) -> 3788.46
A36: =A28+1 -> 4 | X36: =COUNTIF(C36:U36,"F") -> 0 | Y36: =COUNTIF(C35:U35,"E") -> 0 | Z36: =COUNTIF(C37:V37,"Er") -> 0 | AB36: COM
X37: =COUNTIF(C37:U37,"U/P") -> 0 | Y37: 0 | Z37: 0 | AB37: WIP
C38: 08/4 | E38: 08/5 | G38: 08/6 | I38: 08/7 | K38: AP9 | M38: 09/01 | O38: 09/02 | Q38: 09/03 | S38: 09/04 | U38: 09/05 | X38: =COUNTIF(C36:U36,"ROW") -> 0 | Y38: 0 | Z38: 0 | AB38: ROW
C39: DA+03 | E39: DA+00 | G39: DA+06 | I39: DA+06 | K39: DB+00 | M39: DA+00 | O39: DA+00 | Q39: DA+00 | S39: DA+00 | U39: DA+00
C41: =U33+1 -> 41 | E41: =C41+1 -> 42 | G41: =E41+1 -> 43 | I41: =G41+1 -> 44 | K41: =I41+1 -> 45 | M41: =K41+1 -> 46 | O41: =M41+1 -> 47 | Q41: =O41+1 -> 48 | S41: =Q41+1 -> 49 | U41: =S41+1 -> 50
D43: 340.94 | F43: 405.66 | H43: 409.41 | J43: 378.36 | L43: 322.47 | N43: 386.39 | P43: 386.19 | R43: 406.2 | T43: 351.15 | V43: 380.59 | W43: =D43+H43+J43+L43+N43+F43+P43+R43+T43+V43 -> 3767.36 | AE43: =SUM(D43:V43) -> 3767.36
A44: =A36+1 -> 5 | X44: =COUNTIF(C44:U44,"F") -> 0 | Y44: =COUNTIF(C43:U43,"E") -> 0 | Z44: =COUNTIF(C45:V45,"Er") -> 0 | AB44: COM
X45: =COUNTIF(C45:U45,"U/P") -> 0 | Y45: 0 | Z45: 0 | AB45: WIP
C46: 09/06 | E46: AP10 | G46: 10/01 | I46: 10/02 | K46: 10/03 | M46: 10/04 | O46: 10/05 | Q46: 10/06 | S46: 10/07 | U46: 10/08 | X46: =COUNTIF(C44:U44,"ROW") -> 0 | Y46: 0 | Z46: 0 | AB46: ROW
C47: DA+00 | E47: DC+9 | G47: DA+09 | I47: DA+00 | K47: DA+00 | M47: DA+00 | O47: DA+00 | Q47: DA+00 | S47: DA+00 | U47: DA+00
C49: =U41+1 -> 51 | E49: =C49+1 -> 52 | G49: =E49+1 -> 53 | I49: =G49+1 -> 54 | K49: =I49+1 -> 55 | M49: =K49+1 -> 56 | O49: =M49+1 -> 57 | Q49: =O49+1 -> 58 | S49: =Q49+1 -> 59 | U49: =S49+1 -> 60
D51: 380.02 | F51: 393.7 | H51: 390.68 | J51: 349.16 | L51: 416.01 | N51: 400.75 | P51: 406.84 | R51: 404.76 | T51: 311.74 | V51: 389.98 | W51: =D51+H51+J51+L51+N51+F51+P51+R51+T51+V51 -> 3843.64 | AE51: =SUM(D51:V51) -> 3843.64
A52: =A44+1 -> 6 | X52: =COUNTIF(C52:U52,"F") -> 0 | Y52: =COUNTIF(C51:U51,"E") -> 0 | Z52: =COUNTIF(C53:V53,"Er") -> 0 | AB52: COM
X53: =COUNTIF(C53:U53,"U/P") -> 0 | Y53: 0 | Z53: 0 | AB53: WIP
C54: 10/09 | E54: AP11 | G54: 11/01 | I54: AP12 | K54: 12/01 | M54: 12/02 | O54: 12/03 | Q54: 12/04 | S54: 12/05 | U54: 12/06 | X54: =COUNTIF(C52:U52,"ROW") -> 0 | Y54: 0 | Z54: 0 | AB54: ROW
C55: DA+00 | E55: DC+00 | G55: DA+03 | I55: DD+00 | K55: DA+03 | M55: DA+03 | O55: DA+00 | Q55: DA+03 | S55: DA+00 | U55: DA+00
C57: =U49+1 -> 61 | E57: =C57+1 -> 62 | G57: =E57+1 -> 63 | I57: =G57+1 -> 64 | K57: =I57+1 -> 65 | M57: =K57+1 -> 66 | O57: =M57+1 -> 67 | Q57: =O57+1 -> 68 | S57: =Q57+1 -> 69 | U57: =S57+1 -> 70
D59: 384.15 | F59: 350.96 | H59: 437.11 | J59: 406.67 | L59: 421.42 | N59: 421.75 | P59: 380.8 | R59: 438.78 | T59: 426.5 | V59: 375.59 | W59: =N59+R59+T59+V59+D68+P59+F68+H68+J68+L68 -> 4066.13 | AE59: =SUM(D59:V59) -> 4043.73
A60: =A52+1 -> 7 | X60: =COUNTIF(C60:U60,"F") -> 0 | Y60: =COUNTIF(C59:U59,"E") -> 0 | Z60: =COUNTIF(C61:V61,"Er") -> 0 | AB60: COM
X61: =COUNTIF(C61:U61,"U/P") -> 0 | Y61: 0 | Z61: 0 | AB61: WIP
C62: 12/07 | E62: 12/08 | G62: AP13 | I62: 13/01 | K62: 13/02 | M62: 13/03 | O62: 13/04 | Q62: AP14 | S62: AP15 | U62: 15/01 | X62: =COUNTIF(C60:U60,"ROW") -> 0 | Y62: 0 | Z62: 0 | AB62: ROW
C63: DA+00 | E63: DA+00 | G63: DC+00 | I63: DA+09 | K63: DA+00 | M63: DA+06 | O63: DA+03 | Q63: DB+09 | S63: DC+06 | U63: DA+03
O65: Paddy
C66: =U57+1 -> 71 | E66: =C66+1 -> 72 | G66: =E66+1 -> 73 | I66: =G66+1 -> 74 | K66: =I66+1 -> 75 | M66: =K66+1 -> 76 | O66: =M66+1 -> 77 | Q66: =O66+1 -> 78 | S66: =Q66+1 -> 79 | U66: =S66+1 -> 80
D68: 413.56 | F68: 407.62 | H68: 397.38 | J68: 408.9 | L68: 395.25 | N68: 384.81 | P68: 388.05 | R68: 362.31 | T68: 359.92 | V68: 386.31 | W68: =#REF!+R68+T68+V68+N68+P68+#REF!+#REF!+#REF!+#REF! -> #REF! | AE68: =SUM(D68:V68) -> 3904.11
A69: =A60+1 -> 8 | X69: =COUNTIF(C69:U69,"F") -> 0 | Y69: =COUNTIF(C68:U68,"E") -> 0 | Z69: =COUNTIF(C70:V70,"Er") -> 0 | AB69: COM
X70: =COUNTIF(C70:U70,"U/P") -> 0 | Y70: 0 | Z70: 0 | AB70: WIP
C71: 15/02 | E71: 15/03 | G71: AP16 | I71: 16/01 | K71: 16/02 | M71: 16/03 | O71: 16/04 | Q71: 16/05 | S71: 16/06 | U71: 16/07 | X71: =COUNTIF(C69:U69,"ROW") -> 0 | Y71: 0 | Z71: 0 | AB71: ROW
C72: DA+03 | E72: DA+06 | G72: DC+00 | I72: DA+03 | K72: DA+09 | M72: DA+00 | O72: DA+00 | Q72: DA+00 | S72: DA+00 | U72: DA+00
M74: Paddy
C75: =U66+1 -> 81 | E75: =C75+1 -> 82 | G75: =E75+1 -> 83 | I75: =G75+1 -> 84 | K75: =I75+1 -> 85 | M75: =K75+1 -> 86 | O75: =M75+1 -> 87 | Q75: =O75+1 -> 88 | S75: =Q75+1 -> 89 | U75: =S75+1 -> 90
D77: 319.93 | F77: 342.16 | H77: 384.83 | J77: 365.71 | L77: 394.61 | N77: 315.81 | P77: 419.79 | R77: 418.97 | T77: 420.65 | V77: 422.09 | W77: =D77+H77+J77+L77+N77+F77+P77+R77+T77+V77 -> 3804.55 | AE77: =SUM(D77:V77) -> 3804.55
A78: =A69+1 -> 9 | X78: =COUNTIF(C78:U78,"F") -> 0 | Y78: =COUNTIF(C77:U77,"E") -> 0 | Z78: =COUNTIF(C79:V79,"Er") -> 0 | AB78: COM
X79: =COUNTIF(C79:U79,"U/P") -> 0 | Y79: 0 | Z79: 0 | AB79: WIP
C80: 16/08 | E80: AP17 | G80: 17/01 | I80: 17/02 | K80: 17/03 | M80: AP18 | O80: AP19 | Q80: AP20 | S80: 20/01 | U80: 20/02 | X80: =COUNTIF(C78:U78,"ROW") -> 0 | Y80: 0 | Z80: 0 | AB80: ROW
C81: DA+00 | E81: DB+0 | G81: DA+00 | I81: DA+00 | K81: DA+03 | M81: DB+00 | O81: DB+06 | Q81: DB+09 | S81: DA+03 | U81: DA+00
M83: Paddy | S83: Paddy
C84: =U75+1 -> 91 | E84: =C84+1 -> 92 | G84: =E84+1 -> 93 | I84: =G84+1 -> 94 | K84: =I84+1 -> 95 | M84: =K84+1 -> 96 | O84: =M84+1 -> 97 | Q84: =O84+1 -> 98 | S84: =Q84+1 -> 99 | U84: =S84+1 -> 100
D86: 420.49 | F86: 459.09 | H86: 386.28 | J86: 273.16 | L86: 313.62 | N86: 361.38 | P86: 308.79 | R86: 332.52 | T86: 269.07 | V86: 357.59 | W86: =D86+H86+J86+L86+N86+F86+P86+R86+T86+V86 -> 3481.99 | AE86: =SUM(D86:V86) -> 3481.99
A87: =A78+1 -> 10 | X87: =COUNTIF(C87:U87,"F") -> 0 | Y87: =COUNTIF(C86:U86,"E") -> 0 | Z87: =COUNTIF(C88:V88,"Er") -> 0 | AB87: COM
X88: =COUNTIF(C88:U88,"U/P") -> 0 | Y88: 0 | Z88: 0 | AB88: WIP
C89: 20/03 | E89: 20/04 | G89: 20/05 | I89: AP21 | K89: 21/01 | M89: 21/02 | O89: 21/03 | Q89: AP22 | S89: 22/01 | U89: 22/02 | X89: =COUNTIF(C87:U87,"ROW") -> 0 | Y89: 0 | Z89: 0 | AB89: ROW
C90: DA+06 | E90: DB+00 | G90: DA+09 | I90: DC+09 | K90: DA+03 | M90: DA+06 | O90: DA+00 | Q90: DC+09 | S90: DA+03 | U90: DA+06
O92: Paddy | U92: Paddy
C93: =U84+1 -> 101 | E93: =C93+1 -> 102 | G93: =E93+1 -> 103 | I93: =G93+1 -> 104 | K93: =I93+1 -> 105 | M93: =K93+1 -> 106 | O93: =M93+1 -> 107 | Q93: =O93+1 -> 108 | S93: =Q93+1 -> 109 | U93: =S93+1 -> 110
D95: 201.38 | F95: 218.35 | H95: 439.11 | J95: 365.6 | L95: 424.47 | N95: 412.73 | P95: 401.93 | R95: 379.06 | T95: 404.19 | V95: 441.06 | W95: =D95+H95+J95+L95+N95+F95+P95+R95+T95+V95 -> 3687.88 | AE95: =SUM(D95:V95) -> 3687.88
A96: =A87+1 -> 11 | X96: =COUNTIF(C96:U96,"F") -> 0 | Y96: =COUNTIF(C95:U95,"E") -> 0 | Z96: =COUNTIF(C97:V97,"Er") -> 0 | AB96: COM
X97: =COUNTIF(C97:U97,"U/P") -> 0 | Y97: 0 | Z97: 0 | AB97: WIP
C98: AP23 | E98: AP24 | G98: AP25 | I98: 25/01 | K98: AP26 | M98: 26/01 | O98: 26/02 | Q98: 26/03 | S98: 26/04 | U98: 26/05 | X98: =COUNTIF(C96:U96,"ROW") -> 0 | Y98: 0 | Z98: 0 | AB98: ROW
C99: DD+18 | E99: DD+25 | G99: DD+06 | I99: DA+09 | K99: DC+09 | M99: DA+09 | O99: DA+06 | Q99: DA+03 | S99: DA+06 | U99: DA+03
E101: Paddy
C102: =U93+1 -> 111 | E102: =C102+1 -> 112 | G102: =E102+1 -> 113 | I102: =G102+1 -> 114 | K102: =I102+1 -> 115 | M102: =K102+1 -> 116 | O102: =M102+1 -> 117 | Q102: =O102+1 -> 118 | S102: =Q102+1 -> 119 | U102: =S102+1 -> 120
D104: 404.77 | F104: 386.79 | H104: 382.59 | J104: 460.27 | L104: 369.05 | N104: 447.91 | P104: 371.72 | R104: 373.16 | T104: 423.96 | V104: 381.03 | W104: =D104+H104+J104+L104+N104+F104+P104+R104+T104+V104 -> 4001.25 | AE104: =SUM(D104:V104) -> 4001.25
A105: =A96+1 -> 12 | X105: =COUNTIF(C105:U105,"F") -> 0 | Y105: =COUNTIF(C104:U104,"E") -> 0 | Z105: =COUNTIF(C106:V106,"Er") -> 0 | AB105: COM
X106: =COUNTIF(C106:U106,"U/P") -> 0 | Y106: 0 | Z106: 0 | AB106: WIP
C107: 26/06 | E107: AP27 | G107: 27/1 | I107: 27/2 | K107: AP28 | M107: 28/1 | O107: 28/2 | Q107: 28/3 | S107: 28/4 | U107: AP29 | X107: =COUNTIF(C105:U105,"ROW") -> 0 | Y107: 0 | Z107: 0 | AB107: ROW
C108: DA+06 | E108: DC+3 | G108: DA+09 | I108: DA+09 | K108: DB+0 | M108: DA+00 | O108: DA+09 | Q108: DA+00 | S108: DB+9 | U108: DC+3
Q110: Paddy
C111: =U102+1 -> 121 | E111: =C111+1 -> 122 | G111: =E111+1 -> 123 | I111: =G111+1 -> 124 | K111: =I111+1 -> 125 | M111: =K111+1 -> 126 | O111: =M111+1 -> 127 | Q111: =O111+1 -> 128 | S111: =Q111+1 -> 129 | U111: =S111+1 -> 130
D113: 419.6 | F113: 425.18 | H113: 287.54 | J113: 336.51 | L113: 325.3 | N113: 214.25 | P113: 455.95 | R113: 421.16 | T113: 423.79 | V113: 403.85 | W113: =D113+H113+J113+L113+D122+F113+F122+H122+J122+L122 -> 3725.44 | AE113: =SUM(D113:V113) -> 3713.13
A114: =A105+1 -> 13 | E114: ROW | K114: ROW | M114: ROW | X114: =COUNTIF(C114:U114,"F") -> 0 | Y114: =COUNTIF(C113:U113,"E") -> 0 | Z114: =COUNTIF(C115:V115,"Er") -> 0 | AB114: COM
X115: =COUNTIF(C115:U115,"U/P") -> 0 | Y115: 0 | Z115: 0 | AB115: WIP
C116: 29/1 | E116: 29/2 | G116: AP30 | I116: 30/1 | K116: 30/2 | M116: 30/3 | O116: AP31 | Q116: AP32 | S116: 32/1 | U116: 32/2 | X116: =COUNTIF(C114:U114,"ROW") -> 3 | Y116: 0 | Z116: 0 | AB116: ROW
C117: DA+06 | E117: DA+09 | G117: DC+0 | I117: DA+00 | K117: DA+00 | M117: DA+00 | O117: DC+9 | Q117: DC+9 | S117: DA+03 | U117: DA+03
U119: Paddy
C120: =U111+1 -> 131 | E120: =C120+1 -> 132 | G120: =E120+1 -> 133 | I120: =G120+1 -> 134 | K120: =I120+1 -> 135 | M120: =K120+1 -> 136 | O120: =M120+1 -> 137 | Q120: =O120+1 -> 138 | S120: =Q120+1 -> 139 | U120: =S120+1 -> 140
D122: 408.95 | F122: 324.03 | H122: 366.7 | J122: 473.31 | L122: 358.32 | N122: 477.82 | P122: 411.46 | R122: 406.23 | T122: 437.43 | V122: 455.92 | W122: =#REF!+#REF!+#REF!+#REF!+N122+#REF!+P122+R122+T122+V122 -> #REF! | AE122: =SUM(D122:V122) -> 4120.17
A123: =A114+1 -> 14 | X123: =COUNTIF(C123:U123,"F") -> 0 | Y123: =COUNTIF(C122:U122,"E") -> 0 | Z123: =COUNTIF(C124:V124,"Er") -> 0 | AB123: COM
X124: =COUNTIF(C124:U124,"U/P") -> 0 | Y124: 0 | Z124: 0 | AB124: WIP
C125: 32/3 | E125: AP33 | G125: AP34 | I125: 34/1 | K125: AP35 | M125: 35/1 | O125: AP36 | Q125: 36/1 | S125: 36/2 | U125: AP37 | X125: =COUNTIF(C123:U123,"ROW") -> 0 | Y125: 0 | Z125: 0 | AB125: ROW
C126: DA+09 | E126: DB+0 | G126: DC+6 | I126: DA+09 | K126: DC+9 | M126: DA+09 | O126: DC+9 | Q126: DA+09 | S126: DA+09 | U126: DD+3
C129: =U120+1 -> 141 | E129: =C129+1 -> 142 | G129: =E129+1 -> 143 | I129: =G129+1 -> 144 | K129: =I129+1 -> 145 | M129: =K129+1 -> 146 | O129: =M129+1 -> 147 | Q129: =O129+1 -> 148 | S129: =Q129+1 -> 149 | U129: =S129+1 -> 150
D131: 368.5 | F131: 419.77 | H131: 418.92 | J131: 386.49 | L131: 376.53 | N131: 404.74 | P131: 366.73 | R131: 274.59 | T131: 341.67 | V131: 425.86 | W131: =D131+H131+J131+L131+N131+F131+P131+R131+T131+V131 -> 3783.8 | AE131: =SUM(D131:V131) -> 3783.8
A132: =A123+1 -> 15 | X132: =COUNTIF(C132:U132,"F") -> 0 | Y132: =COUNTIF(C131:U131,"E") -> 0 | Z132: =COUNTIF(C133:V133,"Er") -> 0 | AB132: COM
...

Sheet ROW
A1: NAME OF PROJECT : FARHEGARH IV-BHINMAL 400KV D/C TRANSMISSION LINE
A2: Client : RAJASTHAN IV A POWER TRANSMISSION LTD.
A3: CONTRACTOR : KEC INTERNATIONAL LIMITED
A6: FOUNDATION STATUS
A7: SL. No. | B7: Location Number | C7: Span | D7: Tower Type | E7: AS PER RAPTL ROW CLEARED ON | F7: WORK COMMENCED KEC | G7: STATUS
A9: 1 | B9: 80/0
A10: =A9+1 -> 2 | B10: 66/4 | F10: ROW
A11: =A10+1 -> 3 | B11: 89/1 | F11: ROW
A12: =A11+1 -> 4 | B12: 102/1
A13: =A12+1 -> 5 | B13: 102/2 | F13: Anjana Const | H13: Previous Loc Done 99/2 on 25/4/2025
A14: =A13+1 -> 6 | B14: 107/1
A15: =A14+1 -> 7 | B15: 90/1 | F15: ROW
A16: =A15+1 -> 8 | B16: 81/1
A17: =A16+1 -> 9 | B17: 51/1
A18: =A17+1 -> 10 | B18: 99A/2
A19: =A18+1 -> 11 | B19: 61/1
A20: =A19+1 -> 12 | B20: 72/2
A21: =A20+1 -> 13 | B21: 73/1
A22: =A21+1 -> 14 | B22: 99/5
A23: =A22+1 -> 15 | B23: 56/2
A24: =A23+1 -> 16 | B24: 63/1
A25: =A24+1 -> 17 | B25: 114/1
A26: =A25+1 -> 18 | B26: 116/1
A27: =A26+1 -> 19 | B27: 56/1
... A40: =A39+1 -> 32 | B40: 147/7

Sheet June
B1: Sl No | C1: Loc No | D1: TOT | F1: Classification | G1: Starting Date | H1: Completion
B2: 1 | C2: 81/3 | D2: DA+0 | F2: Sandy | G2: 45799 | H2: 45812
B3: =B2+1 -> 2 | C3: 120/1 | D3: DA+6 | F3: Sandy | G3: 45807 | H3: 45813
B4: =B3+1 -> 3 | C4: 96/0 | D4: DC+0 | F4: DFR | G4: 45805 | H4: 45814
B5: =B4+1 -> 4 | C5: 75/0 | D5: DC+0 | F5: Sandy | G5: 45809 | H5: 45815
B6: =B5+1 -> 5 | C6: 147/2 | D6: DA+0 | F6: Sandy | G6: 45810 | H6: 45816
B7: =B6+1 -> 6 | C7: 82/2 | D7: DA+0 | F7: Sandy | G7: 45810 | H7: 45818
B8: =B7+1 -> 7 | C8: 79/0 | D8: DD+0 | F8: Sandy | G8: 45877 | H8: 45820
B9: =B8+1 -> 8 | C9: 147/5 | D9: DA+0 | F9: Sandy | G9: 45812 | H9: 45820
B10: =B9+1 -> 9 | C10: 119/0 | D10: DD+3 | F10: Sandy | G10: 45813 | H10: 45823
B11: =B10+1 -> 10 | C11: 82/1 | D11: DA+6 | F11: Sandy | G11: 45818 | H11: 45823
B12: =B11+1 -> 11 | C12: 147/0 | D12: DC+0 | F12: Sandy | G12: 45816 | H12: 45823
B13: =B12+1 -> 12 | C13: 78/0 | D13: DC+0 | F13: Sandy | G13: 45821 | H13: 45824
B14: =B13+1 -> 13 | C14: 147/4 | D14: DA+0 | F14: Sandy | G14: 45821 | H14: 45824
... B26: =B25+1 -> 25 | C26: 147/8 | D26: DA+0 | F26: Sandy | G26: 45833 | H26: 45838

Sheet Check survey Loop out
A2: CLIENT :- RAJASTHAN IV A POWER TRANSMISSION LTD.
A3: NAME OF PROJECT :- Lilo of 765 kv D/C Fathegarh III -Beawar at Fathegarh-IV Transmission Line
A4: CONTRACTOR : KEC INTERNATIONAL LTD
A5: Detail Survey Tower Schedule : GANTRY TO Existing 10/6 (Loop Out) (Rev-06)
A6: AS PER DETAILED SURVEY | G6: AS PER DETAIL SURVEY
A7: Sl. No | B7: Twr No. | C7: Tower Type | D7: Deviation Angle | E7: Span (mtr) | F7: Section Length (mtr) | G7: Sl.No | H7: Tower No. | I7: TYPE OF TOWER | J7: HT of Tower (Mtr) | K7: SPAN (Mtr) | L7: Section | M7: CUMULATIVE SPAN | N7: R.L (Mtr) | O7: DEVIATION ANGLE (Deg) | P7: Sum of Adjacent Spans | Q7: WIND SPAN (Mtr) | R7: WEIGHT SPAN IN Mtr (Cold) | U7: WEIGHT SPAN IN Mtr (Hot) | X7: UTM Coordinates | Z7: CROSSING DETAILS
R8: Left | S8: Right | T8: Total | U8: Left | V8: Right | W8: Total | X8: Easting (m) | Y8: Y Northing (m)
A9: 1 | B9: Gantry | C9: Gantry | F9: =E10 -> 174.263 | G9: 1 | H9: Gantry 1 | I9: Gantry | J9: 46.3 | L9: =K10 -> 143.312 | M9: 0 | N9: 253.455 | P9: =K10 -> 143.312 | Q9: 73 | R9: 0 | S9: 75 | T9: 75 | U9: 0 | V9: 75 | W9: 75 | X9: 723713 | Y9: 2905256 | Z9: Existing Fathegarh-IV S/S
E10: 174.263 | K10: 143.312 | M10: (Maximum Tension @ 32deg+156KG/SQM wind condition is limited to 7.62/6=1.27T for the Slack Span between Gantry to AP01 section) | Z10: GSS BOUNDARY, 33 Kv Line
A11: 2 | B11: AP-01 | C11: DE+3 | D11: 47° 48' 2"LT | F11: =SUM(E12:E28) -> 2912.04 | G11: 2 | H11: AP-01 | I11: DE+3 | J11: 73.75 | L11: =SUM(K12:K28) -> 3083.343 | M11: =K10+M9 -> 143.312 | N11: 256.062 | O11: 66° 56' 18"LT | P11: =K12+K10 -> 527.002 | Q11: 265 | R11: 134 | S11: 252 | T11: 386 | U11: 129 | V11: 230 | W11: 358 | X11: 723824.35 | Y11: 2905166.3 | Z11: WITH AUX- ARM
E12: 325 | K12: 383.69 | Z12: OFC AND Cart Track
A13: 3 | B13: 01/1 | C13: DA-1.5 | G13: 3 | H13: 01/1 | I13: DA-3 | J13: 68.95 | M13: =K12+M11 -> 527.002 | N13: 252.393 | P13: =K12+K14 -> 701.026 | Q13: 351 | R13: 132 | S13: 155 | T13: 287 | U13: 155 | V13: 157 | W13: 312 | X13: 724163.45 | Y13: 2905345.9
E14: 315 | K14: 317.336 | Z14: MOHRUM ROAD
A15: 4 | B15: 01/2 | C15: DA-3 | G15: 4 | H15: 01/2 | I15: DA-3 | J15: 68.95 | M15: =K14+M13 -> 844.338 | N15: 252.922 | P15: 613.925 | Q15: 306.9625 | R15: 163 | S15: 121 | T15: 284 | U15: 161 | V15: 132 | W15: 293 | X15: 724443.9 | Y15: 2905494.4
E16: 296.194 | K16: 296.59
A17: 5 | B17: 01/3 | C17: DA-3 | D17: 0° 39' 6"RT | G17: 5 | H17: 2/0 | I17: DC1+0 | J17: 70.75 | M17: =K16+M15 -> 1140.928 | N17: 252.912 | O17: 20° 46' 08"LT | P17: 663.829 | Q17: 331.9145 | R17: 176 | S17: 195 | T17: 371 | U17: 165 | V17: 191 | W17: 356 | X17: 724706.01 | Y17: 2905633.2
E18: 335 | K18: 367.239
A19: 6 | B19: 01/4 | C19: DA+0 | G19: 6 | H19: 2/1 | I19: DA+0 | J19: 71.95 | M19: =K18+M17 -> 1508.167 | N19: 251.735 | P19: 710.508 | Q19: 355.254 | R19: 173 | S19: 188 | T19: 361 | U19: 177 | V19: 183 | W19: 360 | X19: 724948.54 | Y19: 2905908.9
E20: 320 | K20: 343.268 | Z20: Cart Track
A21: 7 | B21: 01/5 | C21: DA-3 | G21: 7 | H21: 2/2 | I21: DA-3 | J21: 68.95 | M21: =K20+M19 -> 1851.435 | N21: 252.173 | P21: 641.98 | Q21: 320.99 | R21: 155 | S21: 132 | T21: 287 | U21: 162 | V21: 139 | W21: 301 | X21: 725175.23 | Y21: 2906166.7
E22: 349.269 | K22: 298.712 | Z22: Lt Line, Cart Track
A23: 8 | B23: 01/6 | C23: DA-1.5 | D23: 0° 38' 40"RT | G23: 8 | H23: 2/3 | I23: DA+0 | J23: 71.95 | M23: =K22+M21 -> 2150.147 | N23: 251.524 | P23: 683.011 | Q23: 341.5055 | R23: 167 | S23: 185 | T23: 352 | U23: 161 | V23: 188 | W23: 349 | X23: 725372.5 | Y23: 2906391
E24: 310 | K24: 384.299 | Z24: 11 KV LINE
A25: 9 | B25: 01/7 | C25: DA-3 | G25: 9 | H25: 2/4 | I25: DA+3 | J25: 74.95 | M25: =K24+M23 -> 2534.446 | N25: 249.746 | P25: 740.398 | Q25: 370.199 | R25: 199 | S25: 231 | T25: 431 | U25: 197 | V25: 212 | W25: 410 | X25: 725626.29 | Y25: 2906679.6
E26: 400 | K26: 356.099 | Z26: Cart Track
A27: 10 | B27: 01/8 | C27: DA-1.5 | G27: 10 | H27: 2/5 | I27: DA-3 | J27: 68.95 | M27: =K26+M25 -> 2890.545 | N27: 247.223 | P27: 692.209 | Q27: 346.1045 | R27: 125 | S27: 155 | T27: 280 | U27: 145 | V27: 160 | W27: 305 | X27: 725861.46 | Y27: 2906947
E28: 261.577 | K28: 336.11 | Z28: Cart Track
A29: 11 | B29: AP-02 | C29: DD60+0 | D29: 48° 13' 40"LT | F29: =SUM(E30:E32) -> 572.317 | G29: 11 | H29: AP-03 | I29: DC1+0 | J29: 70.75 | L29: =SUM(K30:K32) -> 833.541 | M29: =K28+M27 -> 3226.655 | N29: 245.676 | O29: 11° 36' 6"RT | P29: 752.234 | Q29: 376.117 | R29: 182 | S29: 200 | T29: 382 | U29: 177 | V29: 203 | W29: 380 | X29: 726083.43 | Y29: 2907199.4
E30: 285 | K30: 416.124
A31: 12 | B31: 02/1 | C31: DA-3 | G31: 12 | H31: 03/1 | I31: DA+3 | J31: 74.95 | M31: =K30+M29 -> 3642.779 | N31: 244.995 | P31: 833.541 | Q31: 416.7705 | R31: 217 | S31: 204 | T31: 421 | U31: 215 | V31: 206 | W31: 421 | X31: 726415.46 | Y31: 2907450.2
E32: 287.317 | K32: 417.417 | Z32: Mohrum Road, 11 kv line, ct
A33: 13 | B33: AP-03 | C33: DC1+0 | D33: 16° 49' 30"LT | F33: =SUM(E34:E40) -> 1510.095 | G33: 13 | H33: 03/2 | I33: DA+0 | J33: 71.95 | L33: =SUM(K34:K40) -> 1536.038 | M33: =K32+M31 -> 4060.196 | N33: 248.945 | P33: 815.155 | Q33: 407.5775 | R33: 214 | S33: 173 | T33: 387 | U33: 213 | V33: 182 | W33: 394 | X33: 726748.53 | Y33: 2907701.8
E34: 375 | K34: 397.738
A35: 14 | B35: 03/1 | C35: DA+0 | G35: 14 | H35: 03/3 | I35: DA+3 | J35: 74.95 | M35: =K34+M33 -> 4457.934 | N35: 250.871 | P35: 814.228 | Q35: 407.114 | R35: 225 | S35: 228 | T35: 453 | U35: 218 | V35: 223 | W35: 441 | X35: 727065.9 | Y35: 2907941.5
E36: 375 | K36: 416.49 | Z36: Cart Track, lt Line
A37: 15 | B37: 03/2 | C37: DA+0 | G37: 15 | H37: 3/4 | I37: DA+0 | J37: 71.95 | M37: =K36+M35 -> 4874.424 | N37: 249.994 | P37: 771.147 | Q37: 385.5735 | R37: 189 | S37: 199 | T37: 388 | U37: 195 | V37: 193 | W37: 388 | X37: 727398.22 | Y37: 2908192.6
E38: 360 | K38: 354.657 | Z38: 2 Nos. Cart Tracks
A39: 16 | B39: 03/3 | C39: DA+3 | G39: 16 | H39: 3/5 | I39: DA-3 | J39: 68.95 | M39: =K38+M37 -> 5229.081 | N39: 249.311 | P39: 721.81 | Q39: 360.905 | R39: 156 | S39: 181 | T39: 337 | U39: 163 | V39: 182 | W39: 345 | X39: 727681.21 | Y39: 2908406.4
E40: 400.095 | K40: 367.153
A41: 17 | B41: AP-04 | C41: DD45+0 | D41: 32° 38' 24"RT | F41: =SUM(E42:E48) -> 1528.052 | G41: 17 | H41: AP-04 | I41: DD60+0 | J41: 70.75 | L41: =SUM(K42:K48) -> 1407.307 | M41: =K40+M39 -> 5596.234 | N41: 246.196 | O41: 57° 53' 9"LT | P41: 729.011 | Q41: 364.5055 | R41: 187 | S41: 180 | T41: 367 | U41: 186 | V41: 181 | W41: 367 | X41: 727974.17 | Y41: 2908627.7
E42: 395 | K42: 361.858
A43: 18 | B43: 04/1 | C43: DA+3 | G43: 18 | H43: 04/1 | I43: DA+0 | J43: 71.95 | M43: =K42+M41 -> 5958.092 | N43: 247.017 | P43: 723.587 | Q43: 361.7935 | R43: 182 | S43: 177 | T43: 359 | U43: 182 | V43: 179 | W43: 361 | X43: 727942.92 | Y43: 2908988.2
E44: 375.27 | K44: 361.729
A45: 19 | B45: 04/2 | C45: DA+0 | D45: 0° 0' 14"RT | G45: 19 | H45: 04/2 | I45: DA+0 | J45: 71.95 | M45: =K44+M43 -> 6319.821 | N45: 247.669 | P45: 726.696 | Q45: 363.348 | R45: 185 | S45: 185 | T45: 370 | U45: 184 | V45: 185 | W45: 368 | X45: 727911.69 | Y45: 2909348.5
E46: 386 | K46: 364.967
A47: 20 | B47: 04/3 | C47: DA+0 | G47: 20 | H47: 04/3 | I47: DA+0 | J47: 71.95 | M47: =K46+M45 -> 6684.788 | N47: 247.279 | P47: 683.72 | Q47: 341.86 | R47: 180 | S47: 145 | T47: 325 | U47: 181 | V47: 150 | W47: 332 | X47: 727880.18 | Y47: 2909712.1
E48: 371.782 | K48: 318.753
A49: 21 | B49: AP-05 | C49: DB2+0 | D49: 11° 9' 24"LT | F49: =SUM(E50:E52) -> 558.381 | G49: 21 | H49: AP-05 | I49: DD45+0 | J49: 70.75 | L49: =SUM(K50:K52) -> 589.171 | M49: =K48+M47 -> 7003.541 | N49: 248.732 | O49: 44° 48' 3"LT | P49: 686.272 | Q49: 343.136 | R49: 174 | S49: 178 | T49: 352 | U49: 169 | V49: 180 | W49: 349 | X49: 727852.65 | Y49: 2910029.7
E50: 277 | K50: 367.519
A51: 22 | B51: 05/1 | C51: DA-3 | G51: 22 | H51: 5A/0 | I51: DC2+0 | J51: 70.75 | M51: =K50+M49 -> 7371.06 | N51: 249.744 | O51: 27° 4' 24"RT | P51: 589.171 | Q51: 294.5855 | R51: 190 | S51: 107 | T51: 297 | U51: 188 | V51: 110 | W51: 298 | X51: 727572.13 | Y51: 2910267.1
E52: 281.381 | K52: 221.652 | Z52: well
A53: 23 | B53: AP-06 | C53: DD60+0 | D53: 46° 56' 21"RT | F53: =E54 -> 137.769 | G53: 23 | H53: AP-06 | I53: DD60+0 | J53: 70.75 | L53: =K54 -> 137.769 | M53: =K52+M51 -> 7592.712 | N53: 250.066 | O53: 88° 46' 30"RT | P53: 359.421 | Q53: 179.7105 | R53: 115 | S53: 60 | T53: 175 | U53: 113 | V53: 67 | W53: 179 | X53: 727486.66 | Y53: 2910471.7 | Z53: ONE SIDE BOX X-ARM & ONE SIDE POINTED
E54: 137.769 | K54: 137.769
A55: 24 | B55: AP-07 | C55: DD60+0 | D55: 28° 1' 21"RT | F55: =E56 -> 191.705 | G55: 24 | H55: AP-07 | I55: DD60+0 | J55: 70.75 | L55: =K56 -> 191.705 | M55: =K54+M53 -> 7730.481 | N55: 250.466 | O55: 28° 1' 21"RT | P55: 329.474 | Q55: 164.737 | R55: 78 | S55: 104 | T55: 181 | U55: 72 | V55: 99 | W55: 171 | X55: 727612.61 | Y55: 2910527.5
E56: 191.705 | K56: 191.705
A57: 25 | B57: Existing 10/6 | C57: DA+0 | G57: 25 | H57: Existing 10/6 | I57: DA+0 | J57: 71.86 | M57: =K56+M55 -> 7922.186 | N57: 250.22 | P57: 191.705 | Q57: 95.8525 | R57: 0 | S57: 88 | T57: 88 | U57: 0 | V57: 93 | W57: 93 | X57: 727803.82 | Y57: 2910513.7 | Z57: Existing Tapping Tower
J58: TOTAL KM | K58: =SUM(K9:K57) -> 7922.186
G60: REV 06- REVISED AS PER NEW ROUTE
A61: FOR KEC INTERNATIONAL LTD | S61: FOR RAJASTHAN IV A POWER TRANSMISSION LTD.
A62: SURVEYED BY: | E62: CHECKED BY: | G62: SURVEY & CHACKED BY: | J62: SUBMITTED BY: | N62: CHECKED BY: | S62: CHECKED BY: | Y62: APPROVED BY:
K72: Tower Summary of Loop Out
K73: Tower Type | M73: Nos of Towers
K74: DA+0 | L74: = | M74: =COUNTIF($I$12:$I$56,K74) -> 7
K75: DA+3 | L75: = | M75: =COUNTIF($I$12:$I$57,K75) -> 3
K76: DA+6 | L76: = | M76: =COUNTIF($I$12:$I$57,K76) -> 0
K77: DA-1.5 | L77: = | M77: =COUNTIF($I$12:$I$57,K77) -> 0
K78: DA-3 | L78: = | M78: =COUNTIF($I$12:$I$57,K78) -> 5
K79: DB1+0 | L79: = | M79: =COUNTIF($I$12:$I$57,K79) -> 0
K80: DB1+6 | L80: = | M80: =COUNTIF($I$12:$I$57,K80) -> 0
K81: DB2+0 | L81: = | M81: =COUNTIF($I$12:$I$57,K81) -> 0
K82: DC1+0 | L82: = | M82: =COUNTIF($I$12:$I$57,K82) -> 2
K83: DC2+0 | L83: = | M83: =COUNTIF($I$12:$I$57,K83) -> 1
K84: DC2+3 | L84: = | M84: =COUNTIF($I$12:$I$57,K84) -> 0
K85: DD45+0 | L85: = | M85: =COUNTIF($I$12:$I$57,K85) -> 1
K86: DD45+3 | L86: = | M86: =COUNTIF($I$12:$I$57,K86) -> 0
K87: DD60+0 | L87: = | M87: =COUNTIF($I$12:$I$57,K87)+2 -> 3
K88: DE+3 | L88: = | M88: =COUNTIF($I$12:$I$57,K88) -> 0
K89: Total Nos of towers | M89: =SUM(M74:M88) -> 22

Sheet Check survey Loop In
A1: CLIENT :- RAJASTHAN IV A POWER TRANSMISSION LTD.
A2: NAME OF PROJECT :- Lilo of 765 kv D/C Fathegarh III -Beawar at Fathegarh-IV Transmission Line
A3: CONTRACTOR : KEC INTERNATIONAL LIMITED
A4: CHECK SURVEY REPORT
A5: Detail Survey Tower Schedule : Existing 10/4 TO GANTRY (Loop in) (Rev-06)
A6: Check Survey Tower Schedule : GANTRY TO Existing 10/6 (Loop Out) (Rev-0) | G6: AS PER DETAIL SURVEY
A7: Sl. No | B7: Twr No. | C7: Tower Type | D7: Deviation Angle | E7: Span (mtr) | F7: Section Length (mtr) | G7: Sl.No | H7: Tower No. | I7: TYPE OF TOWER | J7: HT of Tower (Mtr) | K7: SPAN (Mtr) | L7: Section | M7: CUMULATIVE SPAN | N7: R.L (Mtr) | O7: DEVIATION ANGLE (Deg) | P7: Sum of Adjacent Spans | Q7: WIND SPAN (Mtr) | R7: WEIGHT SPAN IN Mtr (Cold) | U7: WEIGHT SPAN IN Mtr (Hot) | X7: UTM Coordinates | Z7: CROSSING DETAILS
R8: Left | S8: Right | T8: Total | U8: Left | V8: Right | W8: Total | X8: Easting (m) | Y8: Y Northing (m)
A9: 1 | B9: Existing 10/4 | C9: DA+3 | F9: =E10 -> 200.23 | G9: 1 | H9: Existing 10/4 | I9: DA+3 | J9: 74.86 | L9: =K10 -> 200.23 | M9: 0 | N9: 249.33 | P9: 200.23 | Q9: 100.115 | R9: 0 | S9: 137 | T9: 137 | U9: 0 | V9: 115 | W9: 115 | X9: 726986.39 | Y9: 2910572.5 | Z9: Existing Tapping Tower
E10: 200.23 | K10: 200.23
A11: 2 | B11: AP-01 | C11: DD60+0 | D11: 25° 14' 5"RT | F11: =E12 -> 131.759 | G11: 2 | H11: AP-01 | I11: DD60+0 | J11: 70.75 | L11: =K12 -> 131.759 | M11: =M9+K10 -> 200.23 | N11: 249.33 | O11: 25° 14' 5"RT | P11: 331.989 | Q11: 165.9945 | R11: 63 | S11: 68 | T11: 132 | U11: 85 | V11: 67 | W11: 152 | X11: 727186.1 | Y11: 2910558.1 | Z11: ONE SIDE BOX X-ARM & ONE SIDE POINTED
E12: 131.759 | K12: 131.759
A13: 3 | B13: AP-02 | C13: DD60+0 (Aux. X-arm) | D13: 72° 53' 17"RT | F13: =E14 -> 163.285 | G13: 3 | H13: AP-02 | I13: DD60+0 | J13: 70.75 | L13: =K14 -> 357.494 | M13: =M11+K12 -> 331.989 | N13: 249.22 | O13: 25° 6' 5"RT | P13: 489.253 | Q13: 244.6265 | R13: 63 | S13: 183 | T13: 246 | U13: 65 | V13: 182 | W13: 247 | X13: 727300.93 | Y13: 2910493.5
E14: 163.285 | K14: 357.494
A15: 4 | B15: AP-03 | C15: DD45+0 | D15: 31° 57' 20"RT | F15: =SUM(E16:E18) -> 653.104 | G15: 4 | H15: 2A/0 | I15: DD45+0 | J15: 70.75 | L15: =SUM(K16:K18) -> 741.191 | M15: =M13+K14 -> 689.483 | N15: 248.585 | O15: 14° 6' 42"LT | P15: 701.156 | Q15: 350.578 | R15: 175 | S15: 179 | T15: 354 | U15: 177 | V15: 177 | W15: 354 | X15: 727508.7 | Y15: 2910202.6
E16: 325.001 | K16: 343.662
A17: 5 | B17: 03/1 | C17: DA-3 | G17: 5 | H17: 3/0 | I17: DD60+0 | J17: 70.75 | M17: =M15+K16 -> 1033.145 | N17: 247.512 | O17: 51° 38' 29"RT | P17: 741.191 | Q17: 370.5955 | R17: 165 | S17: 192 | T17: 357 | U17: 168 | V17: 194 | W17: 362 | X17: 727770.59 | Y17: 2909980
E18: 328.103 | K18: 397.529
A19: 6 | B19: AP-04 | C19: DB1+0 | D19: 5° 57' 6"LT | F19: =SUM(E20:E26) -> 1417.038 | G19: 6 | H19: 3A/0 | I19: DD45+3 | J19: 73.75 | L19: =SUM(K20:K26) -> 1665.271 | M19: =M17+K18 -> 1430.674 | N19: 246.022 | O19: 43° 42' 10"RT | P19: 817.394 | Q19: 408.697 | R19: 207 | S19: 189 | T19: 396 | U19: 205 | V19: 195 | W19: 400 | X19: 727756.74 | Y19: 2909582.8
E20: 350 | K20: 419.865
A21: 7 | B21: 04/1 | C21: DA-3 | G21: 7 | H21: 3A/1 | I21: DB1+6 | J21: 76.75 | M21: =M19+K20 -> 1850.539 | N21: 247.6 | P21: 840.538 | Q21: 420.269 | R21: 231 | S21: 227 | T21: 458 | U21: 226 | V21: 223 | W21: 449 | X21: 727456.26 | Y21: 2909289.5
E22: 355 | K22: 420.673 | Z22: POND
A23: 8 | B23: 04/2 | C23: DA-1.5 | G23: 8 | H23: 3B/0 | I23: DC2+3 | J23: 73.75 | M23: =M21+K22 -> 2271.212 | N23: 247.042 | O23: 27° 51' 4"LT | P23: 838.539 | Q23: 419.2695 | R23: 195 | S23: 227 | T23: 422 | U23: 199 | V23: 223 | W23: 422 | X23: 727155.19 | Y23: 2908995.7
E24: 355 | K24: 417.866 | Z24: CART TRACK
A25: 9 | B25: 04/3 | C25: DA-1.5 | G25: 9 | H25: 4/0 | I25: DD45+0 | J25: 70.75 | M25: =M23+K24 -> 2689.078 | N25: 246.108 | O25: 29° 34' 51"RT | P25: 824.733 | Q25: 412.3665 | R25: 191 | S25: 192 | T25: 383 | U25: 196 | V25: 196 | W25: 392 | X25: 727027.12 | Y25: 2908597.9
E26: 357.038 | K26: 406.867
A27: 10 | B27: AP-05 | C27: DC1+0 | D27: 17° 4' 3"LT | F27: =SUM(E28:E42) -> 3013.026 | G27: 10 | H27: 4/1 | I27: DA+3 | J27: 74.95 | L27: =SUM(K28:K42) -> 3126.267 | M27: =M25+K26 -> 3095.945 | N27: 246.161 | P27: 821.358 | Q27: 410.679 | R27: 216 | S27: 194 | T27: 410 | U27: 213 | V27: 199 | W27: 412 | X27: 726727.49 | Y27: 2908322.7
E28: 400 | K28: 414.491
A29: 11 | B29: 05/1 | C29: DA+3 | G29: 11 | H29: 4/2 | I29: DA+3 | J29: 74.95 | M29: =M27+K28 -> 3510.436 | N29: 248.85 | P29: 824.711 | Q29: 412.3555 | R29: 221 | S29: 208 | T29: 429 | U29: 217 | V29: 208 | W29: 425 | X29: 726422.24 | Y29: 2908042.3
E30: 400 | K30: 410.22 | Z30: 11 kV Line, track, Cart Track,
A31: 12 | B31: 05/2 | C31: DA+0 | G31: 12 | H31: 4/3 | I31: DA+3 | J31: 74.95 | M31: =M29+K30 -> 3920.656 | N31: 248.245 | P31: 807.302 | Q31: 403.651 | R31: 202 | S31: 221 | T31: 423 | U31: 204 | V31: 214 | W31: 418 | X31: 726120.15 | Y31: 2907764.8
E32: 350 | K32: 397.082 | Z32: CART TRACK
A33: 13 | B33: 05/3 | C33: DA+0 | G33: 13 | H33: 4/4 | I33: DA+0 | J33: 71.95 | M33: =M31+K32 -> 4317.738 | N33: 247.061 | P33: 784.74 | Q33: 392.37 | R33: 177 | S33: 188 | T33: 365 | U33: 184 | V33: 190 | W33: 374 | X33: 725827.72 | Y33: 2907496.1
E34: 375 | K34: 387.658
A35: 14 | B35: 05/4 | C35: DA-1.5 | G35: 14 | H35: 4/5 | I35: DA+0 | J35: 71.95 | M35: =M33+K34 -> 4705.396 | N35: 248.274 | P35: 787.54 | Q35: 393.77 | R35: 201 | S35: 183 | T35: 384 | U35: 199 | V35: 188 | W35: 387 | X35: 725542.23 | Y35: 2907233.9
E36: 385 | K36: 399.882
A37: 15 | B37: 05/5 | C37: DA+0 | G37: 15 | H37: 5/0 | I37: DC2+0 | J37: 70.75 | M37: =M35+K36 -> 5105.278 | N37: 250.992 | O37: 26° 30' 29"LT | P37: 765.029 | Q37: 382.5145 | R37: 217 | S37: 172 | T37: 389 | U37: 213 | V37: 176 | W37: 389 | X37: 725247.75 | Y37: 2906963.4
E38: 365 | K38: 365.147 | Z38: Cart Track
A39: 16 | B39: 05/6 | C39: DA+0 | G39: 16 | H39: 5/1 | I39: DA+0 | J39: 71.95 | M39: =M37+K38 -> 5470.425 | N39: 253.37 | P39: 752.233 | Q39: 376.1165 | R39: 193 | S39: 197 | T39: 390 | U39: 190 | V39: 196 | W39: 386 | X39: 725117.36 | Y39: 2906622.3
E40: 380 | K40: 387.086 | Z40: lt Line
A41: 17 | B41: 05/7 | C41: DA-1.5 | G41: 17 | H41: 5/2 | I41: DA+0 | J41: 71.95 | M41: =M39+K40 -> 5857.511 | N41: 252.872 | P41: 751.787 | Q41: 375.8935 | R41: 191 | S41: 189 | T41: 380 | U41: 192 | V41: 187 | W41: 380 | X41: 724979.15 | Y41: 2906260.7
E42: 358.026 | K42: 364.701 | Z42: Cart Track
A43: 18 | B43: AP-06 | C43: DD45+0 | D43: 34° 34' 20"RT | F43: =SUM(E44:E48) -> 1171.257 | G43: 18 | H43: AP-06 | I43: DD45+0 | J43: 70.75 | L43: =SUM(K44:K48) -> 1120.436 | M43: =M41+K42 -> 6222.212 | N43: 251.085 | O43: 35° 47' 41"RT | P43: 738.281 | Q43: 369.1405 | R43: 176 | S43: 188 | T43: 364 | U43: 178 | V43: 188 | W43: 366 | X43: 724848.92 | Y43: 2905920.1
E44: 390 | K44: 373.58 | Z44: Cart Track
A45: 19 | B45: 06/1 | C45: DA+0 | G45: 19 | H45: 06/1 | I45: DA+0 | J45: 71.95 | M45: =M43+K44 -> 6595.792 | N45: 251.566 | P45: 754.586 | Q45: 377.293 | R45: 186 | S45: 188 | T45: 374 | U45: 187 | V45: 189 | W45: 376 | X45: 724536.63 | Y45: 2905715
E46: 390 | K46: 381.006 | Z46: Cart Track
A47: 20 | B47: 06/2 | C47: DA+0 | G47: 20 | H47: 06/2 | I47: DA+0 | J47: 71.95 | M47: =M45+K46 -> 6976.798 | N47: 252.108 | P47: =K46+K48 -> 746.856 | Q47: =P47/2 -> 373.428 | R47: 194 | S47: 125 | T47: 318 | U47: 193 | V47: 145 | W47: 338 | X47: 724218.13 | Y47: 2905505.9
E48: 391.257 | K48: 365.85 | Z48: Cart Track
A49: 21 | B49: AP-07 | C49: DE+9 (Aux. X-arm) | D49: 83° 41' 13"RT | F49: =E50 -> 201.71 | G49: 21 | H49: AP-07 | I49: DE+9 | J49: 79.75 | L49: =K50 -> 214 | M49: =M47+K48 -> 7342.648 | N49: 252.39 | O49: 71° 44' 12"RT | P49: =K50+K48 -> 579.85 | Q49: 291 | R49: 242 | S49: 151 | T49: 393 | U49: 222 | V49: 150 | W49: 373 | X49: 723912.29 | Y49: 2905305.2 | Z49: Auxiliary Cross Arm, DESIGN STRENGTH CHECK IS REQUIRED AT M/s. APRAAVA END
E50: 201.71 | K50: 214 | M50: (Maximum Tension @ 32deg+156KG/SQM wind condition is limited to 7.62/6=1.27T for the Slack Span between AP07 to Gantry section)
A51: 22 | B51: Gantry | C51: Gantry | G51: 22 | H51: Gantry | I51: Gantry | J51: 46.3 | M51: =M49+K50 -> 7556.648 | N51: 254.05 | P51: 214 | Q51: 108 | R51: 0 | S51: 109 | T51: 109 | U51: 0 | V51: 109 | W51: 109 | X51: 723745 | Y51: 2905438 | Z51: Existing Fathegarh-IV S/S
J52: TOTAL KM | K52: =SUM(K9:K51) -> 7556.648
A53: REV 06- REVISED AS PER NEW ROUTE
A54: FOR KEC INTERNATIONAL LTD | S54: FOR RAJASTHAN IV A POWER TRANSMISSION LTD.
A55: SURVEYED BY: | E55: CHECKED BY: | G55: SURVEY & CHACKED BY: | J55: SUBMITTED BY: | N55: CHECKED BY: | S55: CHECKED BY: | Y55: APPROVED BY:
K64: Tower Summary of Loop IN
K65: Tower Type | M65: Nos. of Towers
K66: DA+0 | L66: = | M66: =COUNTIF($I$12:$I$57,K66) -> 6
K67: DA+3 | L67: = | M67: =COUNTIF($I$12:$I$57,K67) -> 3
K68: DA+6 | L68: = | M68: =COUNTIF($I$12:$I$57,K68) -> 0
K69: DA-1.5 | L69: = | M69: =COUNTIF($I$12:$I$57,K69) -> 0
K70: DA-3 | L70: = | M70: =COUNTIF($I$12:$I$57,K70) -> 0
K71: DB1+0 | L71: = | M71: =COUNTIF($I$12:$I$57,K71) -> 0
K72: DB1+6 | L72: = | M72: =COUNTIF($I$12:$I$57,K72) -> 1
K73: DB2+0 | L73: = | M73: =COUNTIF($I$12:$I$57,K73) -> 0
K74: DC1+0 | L74: = | M74: =COUNTIF($I$12:$I$57,K74) -> 0
K75: DC2+0 | L75: = | M75: =COUNTIF($I$12:$I$57,K75) -> 1
K76: DC2+3 | L76: = | M76: =COUNTIF($I$12:$I$57,K76) -> 1
K77: DD45+0 | L77: = | M77: =COUNTIF($I$12:$I$57,K77) -> 3
K78: DD45+3 | L78: = | M78: =COUNTIF($I$12:$I$57,K78) -> 1
K79: =I11 -> DD60+0 | L79: = | M79: =COUNTIF($I$12:$I$57,K79)+1 -> 3
K80: DE+9 | L80: = | M80: =COUNTIF($I$12:$I$57,K80) -> 1
K81: Total Nos of towers | M81: =SUM(M66:M80) -> 20

Sheet Foundation
A1: NAME OF PROJECT : FARHEGARH IV-BHINMAL 400KV D/C TRANSMISSION LINE
A2: Client : RAJASTHAN IV A POWER TRANSMISSION LTD.
A3: CONTRACTOR : KEC INTERNATIONAL LIMITED
A5: FOUNDATION STATUS
A6: SL. No. | B6: Location Number | C6: Span | E6: Tower Type | F6: M10 | G6: M20 | H6: Excavation | I6: Reinforcement | J6: Stub | K6: RC | L6: Foundation type
D7: LI / LO | M7: Starting date | N7: Completion Date | O7: Agency | P7: Remark | Q7: Remarks
A8: 1 | B8: 7/0 | D8: LI | E8: DE+9 (Aux. X-arm) | L8: DFR | M8: 46059 | N8: 46064 | O8: Karni Mata Construction Company | Q8: RCC Complete, Backfilling Done
A9: =A8+1 -> 2 | B9: 1/1 | D9: LO | E9: DA-3 | L9: DFR | M9: 46064 | N9: 46067 | O9: Karni Mata Construction Company | Q9: RCC Complete, Backfilling Done
A10: =A9+1 -> 3 | B10: 6/2 | D10: LI | E10: DA+0 | L10: DFR | M10: 46065 | N10: 46069 | O10: Karni Mata Construction Company | Q10: RCC Complete, Backfilling Done
A11: =A10+1 -> 4 | B11: 1/2 | D11: LO | E11: DA-3 | L11: DFR | M11: 46068 | N11: 46071 | O11: Karni Mata Construction Company | Q11: RCC Complete, Backfilling Done
A12: =A11+1 -> 5 | B12: 6/1 | D12: LI | E12: DA+0 | L12: DFR | M12: 46070 | N12: 46073 | O12: Karni Mata Construction Company | Q12: RCC Complete, Backfilling Done
A13: =A12+1 -> 6 | B13: 1/0 | D13: LO | E13: DE+3 | L13: DFR | M13: 46064 | N13: 46081 | O13: Karni Mata Construction Company | Q13: RCC Complete, Backfilling Done
A14: =A13+1 -> 7 | B14: 6/0 | D14: Li | E14: DD45+0 | L14: DFR | M14: 46072 | N14: 46081 | O14: Karni Mata Construction Company | Q14: RCC Complete, Backfilling Done | AD14: 185
A15: =A14+1 -> 8 | B15: 2/1 | D15: LO | E15: DA+0 | L15: DFR | M15: 08-03-226 | N15: 46092 | O15: Karni Mata Construction Company | Q15: RCC Complete, Backfilling Done
A16: =A15+1 -> 9 | B16: 2/0 | D16: LO | E16: DC1+0 | L16: DFR | M16: 46081 | N16: 46094 | O16: Karni Mata Construction Company | Q16: RCC Complete, Backfilling Done | AD16: 5
A17: =A16+1 -> 10 | B17: 2/2 | D17: LO | E17: DA-3 | L17: DFR | M17: 46093 | N17: 46096 | O17: Karni Mata Construction Company | Q17: RCC Complete, Backfilling Done
A18: =A17+1 -> 11 | B18: 2/3 | D18: LO | E18: DA+0 | L18: DFR | M18: 46094 | N18: 46097 | O18: Karni Mata Construction Company | Q18: RCC Complete, Backfilling Done
A19: =A18+1 -> 12 | B19: 2/4 | D19: LO | E19: DA+3 | L19: DFR | M19: 46096 | N19: 46098 | O19: Karni Mata Construction Company | Q19: RCC Complete, Backfilling Done
A20: =A19+1 -> 13 | B20: 1/0 | D20: LI | E20: DD60+0 | L20: DFR | M20: 46091 | N20: 46103 | O20: Karni Mata Construction Company | Q20: RCC Complete, Backfilling Done
A21: =A20+1 -> 14 | B21: 2/5 | D21: LO | E21: DA-3 | L21: DFR | M21: 46105 | N21: 46108 | O21: Karni Mata Construction Company | Q21: RCC Complete, Backfilling Done
A22: =A21+1 -> 15 | B22: 5/2 | D22: LI | E22: DA+0 | L22: DFR | M22: 46101 | N22: 46112 | O22: Karni Mata Construction Company | Q22: RCC Complete, Backfilling Done
A23: =A22+1 -> 16 | B23: 5/1 | D23: LI | E23: DA+0 | L23: DFR | M23: 46112 | N23: 46114 | O23: Karni Mata Construction Company | Q23: RCC Complete, Backfilling Done
A24: =A23+1 -> 17 | B24: 3/1 | D24: LO | E24: DA+3 | L24: DFR | M24: 46108 | N24: 46116 | O24: Karni Mata Construction Company | Q24: RCC Complete, Backfilling Done
A25: =A24+1 -> 18 | B25: 5/0 | D25: LI | E25: DC2+0 | L25: DFR | M25: 46115 | N25: 46124 | O25: Karni Mata Construction Company | Q25: RCC Complete, Backfilling Done
A26: =A25+1 -> 19 | B26: 4/5 | D26: LI | E26: DA+0 | L26: DFR | M26: 46118 | N26: 46128 | O26: Karni Mata Construction Company | Q26: RCC Complete, Backfilling Done
A27: =A26+1 -> 20 | B27: 3/3 | D27: LO | E27: DA+3 | L27: DFR | M27: 46122 | N27: 46130 | O27: Karni Mata Construction Company | Q27: RCC Complete, Backfilling Done
A28: =A27+1 -> 21 | B28: 7/0 | D28: LO | E28: DD60+0 | L28: DFR | M28: 46101 | O28: Karni Mata Construction Company | Q28: one Leg (ROW) Pending
A29: =A28+1 -> 22 | B29: 3/2 | D29: LO | E29: DA+0 | L29: DFR | M29: 46117 | O29: Karni Mata Construction Company | Q29: Frustum Next: Chimney
A30: =A29+1 -> 23 | B30: 4/4 | D30: LI | E30: DA+0 | L30: DFR | M30: 46122 | O30: Karni Mata Construction Company | Q30: Excavetion Done
A31: =A30+1 -> 24 | B31: 3/4 | D31: LO | E31: DA+0 | L31: DFR | M31: 46125 | O31: Karni Mata Construction Company | Q31: Prop set Tomorrow's Plan: PCC, Steel binding
A32: =A31+1 -> 25 | B32: 3/5 | D32: LO | E32: DA-3 | L32: DFR | M32: 46129 | O32: Karni Mata Construction Company | Q32: Excavation Done

Sheet Royalty
O3: OM Construction
C4: Loc No | D4: TOT | E4: M-10 | F4: M-20
C5: 120/1 | D5: DA+6 | E5: 1.86 | F5: 12.47 | O5: 75/0 | P5: DC+0 | Q5: 1.6 | R5: 13.13
C6: 119/0 | D6: DD+3 | E6: 2.93 | F6: 20.34 | O6: 79/0 | P6: DD+0 | Q6: 2.93 | R6: 20.34
D7: CUM | E7: =SUM(E5:E6) -> 4.79 | F7: =SUM(F5:F6) -> 32.81 | J7: ROYALTY ISSUED | O7: 78/0 | P7: DC+0 | Q7: 1.6 | R7: 13.13
C8: CUM | D8: 20MM | E8: =E7*1.54*6/10 -> 4.42596 | F8: =F7*1.54*3/5.5 -> 27.5604 | G8: =SUM(E8:F8) -> 31.98636 | J8: 20MM | O8: 74/0 | P8: DB+9 | Q8: 1.68 | R8: 12.41
C9: CUM | D9: SAND | E9: =E8*1.54*3/10 -> 2.0447935 | F9: =F8*1.54*1.5/5.5 -> 11.575368 | G9: =SUM(E9:F9) -> 13.620162 | J9: 18.48 | O9: 73/0 | P9: DB+0 | Q9: 1.68 | R9: 12.41
C10: MT | D10: 20MM | G10: =G8*1600/1000 -> 51.178176 | H10: Required | J10: 14.67 | O10: 72/2 | P10: DA+3 | Q10: 1.86 | R10: 12.47
C11: MT | D11: SAND | G11: =G9*1600/1000 -> 21.792258 | H11: Required | J11: =SUM(J9:J10) -> 33.15 | Q11: =SUM(Q5:Q10) -> 11.35 | R11: =SUM(R5:R10) -> 83.89
O12: CUM | P12: 20MM | Q12: =Q11*1.54*6/10 -> 10.4874 | R12: =R11*1.54*3/5.5 -> 70.4676 | S12: =SUM(Q12:R12) -> 80.955
O13: CUM | P13: SAND | Q13: =Q12*1.54*3/10 -> 4.8451788 | R13: =R12*1.54*1.5/5.5 -> 29.596392 | S13: =SUM(Q13:R13) -> 34.441571
C14: 77/1 | D14: DA+0 | E14: 1.57 | F14: 11.05 | O14: MT | P14: 20MM | S14: =S12*1600/1000 -> 129.528
C15: 77/4 | D15: DA+3 | E15: 1.86 | F15: 12.47 | O15: MT | P15: SAND | S15: =S13*1600/1000 -> 55.106513
C16: 79/1 | D16: DA+9 | E16: 1.86 | F16: 12.47
C17: 76/1 | D17: DA+6 | E17: 1.86 | F17: 12.47
C18: 85/1 | D18: DA+0 | E18: 1.57 | F18: 11.05 | O18: JP Enterprises
C19: 87/1 | D19: DA+3 | E19: 1.86 | F19: 12.47 | P19: 147/2 | Q19: DA+0 | R19: 1.57 | S19: 11.05
C20: 87/2 | D20: DA+9 | E20: 1.86 | F20: 12.47 | P20: 147/0 | Q20: DC+0 | R20: 1.6 | S20: 13.13
C21: 91/1 | D21: DA+0 | E21: 1.57 | F21: 11.05 | P21: 147/1 | Q21: DA+0 | R21: 1.57 | S21: 11.05
C22: 91/2 | D22: DA+0 | E22: 1.57 | F22: 11.05 | P22: 146/2 | Q22: DA+0 | R22: 1.57 | S22: 11.05
C23: 99/2 | D23: DA+0 | E23: 1.08 | F23: 8.68 | P23: 146/1 | Q23: DA+3 | R23: 1.86 | S23: 12.47
C24: 97/0 | D24: DC+0 | E24: 1.6 | F24: 13.13 | R24: =SUM(R19:R23) -> 8.17 | S24: =SUM(S19:S23) -> 58.75
C25: 82/2 | D25: DA+0 | E25: 1.57 | F25: 11.05 | P25: CUM | Q25: 20MM | R25: =R24*1.54*6/10 -> 7.54908 | S25: =S24*1.54*3/5.5 -> 49.35 | T25: =SUM(R25:S25) -> 56.89908
C26: 82/1 | D26: DA+6 | E26: 1.86 | F26: 12.47 | P26: CUM | Q26: SAND | R26: =R25*1.54*3/10 -> 3.487675 | S26: =S25*1.54*1.5/5.5 -> 20.727 | T26: =SUM(R26:S26) -> 24.214675
C27: 86/0 | D27: DD+0 | E27: 2.93 | F27: 20.34 | P27: MT | Q27: 20MM | T27: =T25*1600/1000 -> 91.038528
C28: 85/0 | D28: DC+0 | E28: 1.6 | F28: 13.13 | P28: MT | Q28: SAND | T28: =T26*1600/1000 -> 38.74348
E29: =SUM(E14:E28) -> 26.22 | F29: =SUM(F14:F28) -> 185.35 | U29: Balance
C30: CUM | D30: 20MM | E30: =E29*1.54*6/10 -> 24.22728 | F30: =F29*1.54*3/5.5 -> 155.694 | G30: =SUM(E30:F30) -> 179.92128 | O30: Submitted | P30: MT | Q30: 20MM | T30: =16.74+14.83+18.51+18.5 -> 68.58 | U30: =T27-T30 -> 22.458528
C31: CUM | D31: SAND | E31: =E30*1.54*3/10 -> 11.193003 | F31: =F30*1.54*1.5/5.5 -> 65.39148 | G31: =SUM(E31:F31) -> 76.584483
C32: MT | D32: 20MM | G32: =G30*1600/1000 -> 287.87405
C33: MT | D33: SAND | G33: =G31*1600/1000 -> 122.53517

Sheet Sheet14
A2: 1 | B2: 95/1 | C2: DB+0 | E2: DFR | F2: 45831 | G2: 45842 | H2: Baba Ramdev Construction | I2: RCC Complete, Backfilling Done
A3: =A2+1 -> 2 | B3: 148/3 | C3: DA+0 | E3: Sandy | F3: 45835 | G3: 45843 | H3: AR Patel | I3: RCC Complete, Backfilling Done
A4: =A3+1 -> 3 | B4: 106/0 | C4: DC+6 | E4: Sandy | F4: 45833 | G4: 45844 | H4: Mundhan Trading Company | I4: RCC Complete, Backfilling Done
A5: =A4+1 -> 4 | B5: 148/1 | C5: DA+0 | E5: Sandy | F5: 45842 | G5: 45846 | H5: AR Patel | I5: RCC Complete, Backfilling Done
A6: =A5+1 -> 5 | B6: 146/0 | C6: DC+0 | E6: Sandy | F6: 45841 | G6: 45846 | H6: JP Enterprises | I6: RCC Complete, Backfilling Done
A7: =A6+1 -> 6 | B7: 80/0 | C7: DB+3 | D7: 1MRC | E7: Sandy | F7: 45836 | G7: 45848 | H7: Mahadev Enterprises | I7: RCC Complete, Backfilling Done
A8: =A7+1 -> 7 | B8: 114/1 | C8: DA+9 | E8: Sandy | F8: 45842 | G8: 45848 | H8: Goswami and Company | I8: RCC Complete, Backfilling Done
A9: =A8+1 -> 8 | B9: 148/2 | C9: DA+0 | E9: Sandy | F9: 45845 | G9: 45848 | H9: AR Patel | I9: RCC Complete, Backfilling Done
A10: =A9+1 -> 9 | B10: 95/0 | C10: DB+6 | E10: Sandy | F10: 45835 | G10: 45849 | H10: Baba Ramdev Construction | I10: RCC Complete, Backfilling Done
A11: =A10+1 -> 10 | B11: 141/1 | C11: DA+0 | E11: Sandy | F11: 45845 | G11: 45849 | H11: Mahadev Construction | I11: RCC Complete, Backfilling Done
A12: =A11+1 -> 11 | B12: 148/4 | C12: DA+0 | E12: Sandy | F12: 45848 | G12: 45850 | H12: AR Patel | I12: RCC Complete, Backfilling Done
A13: =A12+1 -> 12 | B13: 141/2 | C13: DA+6 | E13: Sandy | F13: 45847 | G13: 45851 | H13: Mahadev Construction | I13: RCC Complete, Backfilling Done
A14: =A13+1 -> 13 | B14: 145/4 | C14: DA+3 | E14: Sandy | F14: 45847 | G14: 45851 | H14: JP Enterprises | I14: RCC Complete, Backfilling Done
A15: =A14+1 -> 14 | B15: 133/6 | C15: DA+3 | E15: Sandy | F15: 45848 | G15: 45852 | H15: OM Construction | I15: RCC Complete, Backfilling Done
A16: =A15+1 -> 15 | B16: 125/1 | C16: DA+0 | E16: Sandy | F16: 45842 | G16: 45852 | H16: Instance Wave Pvt Ltd | I16: RCC Complete, Backfilling Done
A17: =A16+1 -> 16 | B17: 148/5 | C17: DA+0 | E17: Sandy | F17: 45851 | G17: 45853 | H17: AR Patel | I17: RCC Complete, Backfilling Done
A18: =A17+1 -> 17 | B18: 109A/0 | C18: DB+6 | E18: Sandy | F18: 45847 | G18: 45854 | H18: Mundhan Construction | I18: RCC Complete, Backfilling Done
A19: =A18+1 -> 18 | B19: 113A/0 | C19: DC+0 | E19: Sandy | F19: 45846 | G19: 45854 | H19: Goswami and Company-1 | I19: RCC Complete, Backfilling Done
... A51: =A50+1 -> 50 | B51: 116/0 | C51: DD+0 | E51: Sandy | F51: 45861 | G51: 45869 | H51: Goswami and Company-2 | I51: RCC Complete, Backfilling Done

Sheet Sheet7
D4: SL | E4: Loc | F4: TOT | G4: Gang | H4: Starting Date | I4: Completion
D5: 1 | E5: 148/3 | F5: DA+0 | G5: Gokul Sarkar | H5: 45898 | I5: 45904 | J5: Completed
D6: =D5+1 -> 2 | E6: 81/2 | F6: DA+3 | G6: Dipak | H6: 45901 | I6: 45905 | J6: Completed
D7: =D6+1 -> 3 | E7: 145/1 | F7: DA+3 | G7: Ayansh Const | H7: 45896 | I7: 45909 | J7: Completed
D8: =D7+1 -> 4 | E8: 81/4 | F8: DA+0 | G8: Dipak | H8: 45905 | I8: 45909 | J8: Completed
D9: =D8+1 -> 5 | E9: 148/2 | F9: DA+0 | G9: Gokul Sarkar | H9: 45905 | I9: 45910 | J9: Completed
D10: =D9+1 -> 6 | E10: 83/1 | F10: DA+3 | G10: Ahmed Construction | H10: 45898 | I10: 45911 | J10: Completed
D11: =D10+1 -> 7 | E11: 97/0 | F11: DC+0 | G11: Ajay Kumar1 | H11: 45901 | I11: 45911 | J11: Completed
D12: =D11+1 -> 8 | E12: 148/5 | F12: DA+0 | G12: Gokul Sarkar | H12: 45911 | I12: 45914 | J12: Completed
D13: =D12+1 -> 9 | E13: 145/2 | F13: DA+0 | G13: Ayansh Const | H13: 45909 | I13: 45914 | J13: Completed
D14: =D13+1 -> 10 | E14: 82/1 | F14: DA+6 | G14: Dipak | H14: 45909 | I14: 45914 | J14: Completed
D15: =D14+1 -> 11 | E15: 96/1 | F15: DA+0 | G15: Ajay Kumar1 | H15: 45901 | I15: 45915 | J15: Completed
D16: =D15+1 -> 12 | E16: 79/2 | F16: DA+0 | G16: Ahmed Construction | H16: 45911 | I16: 45915 | J16: Completed
D17: =D16+1 -> 13 | E17: 133/2 | F17: DA+0 | G17: Windbridge Energy | H17: 45897 | I17: 45916 | J17: Completed
... D34: =D33+1 -> 30 | E34: 149B/1 | F34: DA+3 | G34: Gokul Sarkar | H34: 45924 | I34: 45927 | J34: Completed

Sheet Project Details
A1: Project Code | B1: Project Name | C1: Client Name | D1: LOA Start Date | E1: LOA End Date | F1: Planning Engineer | G1: PCH | H1: Regional Manager | I1: Project Manger | J1: Section Incharge | K1: Supervisor/Engineer
A2: TB 507 | B2: 400kV D/C Fatehgarh IV (Section-2)PS - Bhinmal (PG) Transmission Line | C2: RAJASTHAN IV A POWER TRANSMISSION LTD | D2: 45632 | E2: 46178 | F2: Mr.Amartya sarkar | G2: Mr. N K Gupta | I2: Mr.ALOK SINHA | J2: Mr.ALOK JANA Mr.VARUN TYAGI

Sheet Erection 
A1: NAME OF PROJECT : FARHEGARH IV-BHINMAL 400KV D/C TRANSMISSION LINE
A2: Client : RAJASTHAN IV A POWER TRANSMISSION LTD.
A3: CONTRACTOR : KEC INTERNATIONAL LIMITED
A5: SL. No. | B5: Location No. | C5: Tower Type | D5: Tower Weight | E5: Gang Name | F5: Starting Date | G5: Completion Date | H5: Remarks
A6: 1 | B6: 77/2 | C6: DA+3 | D6: 11.145 | E6: Dipak | F6: 45831 | G6: 45836 | H6: Completed
A7: =A6+1 -> 2 | B7: 77/4 | C7: DA+3 | D7: 11.997 | E7: Dipak | F7: 45836 | G7: 45840 | H7: Completed
A8: =A7+1 -> 3 | B8: 75/7 | C8: DA+0 | D8: 11.145 | E8: Srikarni | F8: 45837 | G8: 45843 | H8: Completed
A9: =A8+1 -> 4 | B9: 77/5 | C9: DA+6 | D9: 13.072 | E9: Dipak | F9: 45841 | G9: 45843 | H9: Completed
A10: =A9+1 -> 5 | B10: 77/3 | C10: DA+0 | D10: 11.145 | E10: Dipak | F10: 45845 | G10: 45848 | H10: Completed
A11: =A10+1 -> 6 | B11: 77/1 | C11: DA+0 | D11: 11.145 | E11: Dipak | F11: 45849 | G11: 45852 | H11: Completed | M11: 185
A12: =A11+1 -> 7 | B12: 75/6 | C12: DA+0 | D12: 11.145 | E12: Dipak | F12: 45853 | G12: 45856 | H12: Completed
A13: =A12+1 -> 8 | B13: 75/5 | C13: DA+0 | D13: 11.145 | E13: Dipak | F13: 45857 | G13: 45860 | H13: Completed | K13: 90 | M13: 24
A14: =A13+1 -> 9 | B14: 75/4 | C14: DA+0 | D14: 11.145 | E14: Dipak | F14: 45860 | G14: 45863 | H14: Completed
A15: =A14+1 -> 10 | B15: 75/3 | C15: DA+3 | D15: 11.997 | E15: Dipak | F15: 45863 | G15: 45866 | H15: Completed
A16: =A15+1 -> 11 | B16: 75/2 | C16: DA+0 | D16: 11.145 | E16: Dipak | F16: 45867 | G16: 45869 | H16: Completed
A17: =A16+1 -> 12 | B17: 74/1 | C17: DA+0 | D17: 11.145 | E17: Ahmed Construction | F17: 45862 | G17: 45869 | H17: Completed
A18: =A17+1 -> 13 | B18: 75/1 | C18: DA+0 | D18: 11.145 | E18: Dipak | F18: 45870 | G18: 45873 | H18: Completed | J18: 41
A19: =A18+1 -> 14 | B19: 73/3 | C19: DA+9 | D19: 13.958 | E19: Ahmed Construction | F19: 45870 | G19: 45877 | H19: Completed
A20: =A19+1 -> 15 | B20: 75/0 | C20: DC+0 | D20: 18.727009 | E20: Dipak | F20: 45873 | G20: 45878 | H20: Completed
A21: =A20+1 -> 16 | B21: 73/2 | C21: DA+9 | D21: 13.958 | E21: Ahmed Construction | F21: 45877 | G21: 45885 | H21: Completed
A22: =A21+1 -> 17 | B22: 78/0 | C22: DC+0 | D22: 18.727009 | E22: Dipak | F22: 45879 | G22: 45885 | H22: Completed
A23: =A22+1 -> 18 | B23: 85/1 | C23: DA+0 | D23: 11.145 | E23: Ahmed Construction | F23: 45886 | G23: 45892 | H23: Completed
A24: =A23+1 -> 19 | B24: 79/0 | C24: DD+0 | D24: 21.41 | E24: Dipak | F24: 45886 | G24: 45892 | H24: Completed
A25: =A24+1 -> 20 | B25: 86/1 | C25: DA+6 | D25: 13.072 | E25: Ahmed Construction | F25: 45892 | G25: 45897 | H25: Completed
A26: =A25+1 -> 21 | B26: 80/1 | C26: DA+9 | D26: 13.958 | E26: Dipak | F26: 45892 | G26: 45897 | H26: Completed
A27: =A26+1 -> 22 | B27: 148/4 | C27: DA+0 | D27: 11.145 | E27: Gokul Sarkar | F27: 45896 | G27: 45898 | H27: Completed
A28: =A27+1 -> 23 | B28: 95A/1 | C28: DA+0 | D28: 11.145 | E28: Ajay Kumar | F28: 45892 | G28: 45900 | H28: Completed
A29: =A28+1 -> 24 | B29: 81/3 | C29: DA+0 | D29: 11.145 | E29: Dipak | F29: 45898 | G29: 45900 | H29: Completed
A30: =A29+1 -> 25 | B30: 148/3 | C30: DA+0 | D30: 11.145 | E30: Gokul Sarkar | F30: 45898 | G30: 45904 | H30: Completed
... A32: =A31+1 -> 27 | B32: 145/1 | C32: DA+3 | D32: 11.997 | E32: Ayansh Const | F32: 45896 | G32: 45909 | H32: Completed
A33: =A32+1 -> 28 | B33: 81/4 | C33: DA+0 | D33: 11.145 | E33: Dipak | F33: 45905 | G33: 45909 | H33: Completed | I33: 148/1 | J33: HOLD
A34: =A33+1 -> 29 | B34: 148/2 | C34: DA+0 | D34: 11.145 | E34: Gokul Sarkar | F34: 45905 | G34: 45910 | H34: Completed
A35: =A34+1 -> 30 | B35: 83/1 | C35: DA+3 | D35: 11.997 | E35: Ahmed Construction | F35: 45898 | G35: 45911 | H35: Completed
A36: =A35+1 -> 31 | B36: 97/0 | C36: DC+0 | D36: 18.727009 | E36: Ajay Kumar1 | F36: 45901 | G36: 45911 | H36: Completed
A37: =A36+1 -> 32 | B37: 148/5 | C37: DA+0 | D37: 11.145 | E37: Gokul Sarkar | F37: 45911 | G37: 45914 | H37: Completed
A38: =A37+1 -> 33 | B38: 145/2 | C38: DA+0 | D38: 11.145 | E38: Ayansh Const | F38: 45909 | G38: 45914 | H38: Completed
A39: =A38+1 -> 34 | B39: 82/1 | C39: DA+6 | D39: 13.072 | E39: Dipak | F39: 45909 | G39: 45914 | H39: Completed | J39: 113/0,DC+0
A40: =A39+1 -> 35 | B40: 96/1 | C40: DA+0 | D40: 11.145 | E40: Ajay Kumar1 | F40: 45901 | G40: 45915 | H40: Completed
A41: =A40+1 -> 36 | B41: 79/2 | C41: DA+0 | D41: 11.145 | E41: Ahmed Construction | F41: 45911 | G41: 45915 | H41: Completed | I41: 133/3
A42: =A41+1 -> 37 | B42: 133/2 | C42: DA+0 | D42: 11.145 | E42: Bhoi Enterprises | F42: 45897 | G42: 45916 | H42: Completed
A43: =A42+1 -> 38 | B43: 148/6 | C43: DA+0 | D43: 11.145 | E43: Gokul Sarkar | F43: 45914 | G43: 45919 | H43: Completed | I43: 148/7
A44: =A43+1 -> 39 | B44: 145/3 | C44: DA+0 | D44: 11.145 | E44: Ayansh Const | F44: 45914 | G44: 45919 | H44: Completed | I44: 145/4
A45: =A44+1 -> 40 | B45: 143/5 | C45: DA+3 | D45: 11.997 | E45: Prayag Saw1 | F45: 45911 | G45: 45917 | H45: Completed
A46: =A45+1 -> 41 | B46: 143/4 | C46: DA+3 | D46: 11.997 | E46: Prayag Saw2 | F46: 45911 | G46: 45917 | H46: Completed | I46: 143/2
A47: =A46+1 -> 42 | B47: 143/2 | C47: DA+0 | D47: 11.145 | E47: Prayag Saw1 | F47: 45918 | G47: 45920 | H47: Completed | I47: 143/3 | J47: 143/1
A48: =A47+1 -> 43 | B48: 143/6 | C48: DA+0 | D48: 11.145 | E48: Prayag Saw2 | F48: 45918 | G48: 45920 | H48: Completed | I48: 143/7
A49: =A48+1 -> 44 | B49: 97/1 | C49: DA+3 | D49: 11.997 | E49: Ajay Kumar2 | F49: 45911 | G49: 45921 | H49: Completed | I49: 98A/1
A50: =A49+1 -> 45 | B50: 113A/0 | C50: DC+0 | D50: 18.727009 | E50: Dipak | F50: 45914 | G50: 45921 | H50: Completed
A51: =A50+1 -> 46 | B51: 133/3 | C51: DA+0 | D51: 11.145 | E51: Bhoi Enterprises | F51: 45917 | G51: 45922 | H51: Completed | L51: 79/1 | M51: 64/3
A52: =A51+1 -> 47 | B52: 143/3 | C52: DA+3 | D52: 11.997 | E52: Prayag Saw1 | F52: 45921 | G52: 45923 | H52: Completed | I52: 98/0 | J52: ROW | K52: 98A/1
A53: =A52+1 -> 48 | B53: 143/7 | C53: DA+6 | D53: 13.072 | E53: Prayag Saw2 | F53: 45921 | G53: 45923 | H53: Completed
A54: =A53+1 -> 49 | B54: 148/7 | C54: DA+0 | D54: 11.145 | E54: Gokul Sarkar | F54: 45920 | G54: 45923 | H54: Completed
A55: =A54+1 -> 50 | B55: 98/1 | C55: DA+0 | D55: 11.145 | E55: Ajay Kumar1 | F55: 45915 | G55: 45924 | H55: Completed | I55: 115/0,116/1,114/0,112/1,111/0
A56: =A55+1 -> 51 | B56: 114/1 | C56: DA+9 | D56: 13.958 | E56: Dipak | F56: 45924 | G56: 45926 | H56: Completed | I56: 96/2 | J56: 45915 | K56: 76/0 | L56: 98A/0
A57: =A56+1 -> 52 | B57: 143/1 | C57: DA+6 | D57: 13.072 | E57: Prayag Saw2 | F57: 45922 | G57: 45927 | H57: Completed
A58: =A57+1 -> 53 | B58: 141/2 | C58: DA+6 | D58: 13.072 | E58: Prayag Saw1 | F58: 45924 | G58: 45927 | H58: Completed
A59: =A58+1 -> 54 | B59: 149B/1 | C59: DA+3 | D59: 11.997 | E59: Gokul Sarkar | F59: 45924 | G59: 45927 | H59: Completed
A60: =A59+1 -> 55 | B60: 76/1 | C60: DA+6 | D60: 13.072 | E60: Ahmed Construction | F60: 45919 | G60: 45927 | H60: Completed
A61: =A60+1 -> 56 | B61: 116/1 | C61: DA+0 | D61: 11.145 | E61: Dipak | F61: 45927 | G61: 45929 | H61: Completed | N61: 45929
A62: =A61+1 -> 57 | B62: 133/6 | C62: DA+3 | D62: 11.997 | E62: Bhoi Enterprises | F62: 45923 | G62: 45929 | H62: Completed | N62: 45930 | O62: 133/7
A63: =A62+1 -> 58 | B63: 149B/2 | C63: DA+0 | D63: 11.145 | E63: Gokul Sarkar | F63: 45927 | G63: 45930 | H63: Completed | N63: 45929 | O63: 147/7 | P63: 147/8 | Q63: 149/0 | R63: 149A/0
A64: =A63+1 -> 59 | B64: 145/4 | C64: DA+3 | D64: 11.997 | E64: Pritam Enterprises | F64: 45920 | G64: 45930 | H64: Completed | N64: 45929 | O64: 146/1
A65: =A64+1 -> 60 | B65: 141/1 | C65: DA+0 | D65: 11.145 | E65: Prayag Saw1 | F65: 45927 | G65: 45930 | H65: Completed
A66: =A65+1 -> 61 | B66: 143/0 | C66: DC+3 | D66: =(14703.841+4275.97)/1000 -> 18.979811 | E66: Prayag Saw2 | F66: 45927 | G66: 45930 | H66: Completed | N66: 45929 | O66: 142/0
A67: =A66+1 -> 62 | B67: 98A/1 | C67: DA+0 | D67: 11.145 | E67: Ajay Kumar2 | F67: 45923 | G67: 45931 | H67: Completed
A68: =A67+1 -> 63 | B68: 146/1 | C68: DA+3 | D68: 11.997 | E68: Pritam Enterprises | F68: 45930 | G68: 45933 | H68: Completed
A69: =A68+1 -> 64 | B69: 147/7 | C69: DA+0 | D69: 11.145 | E69: Gokul Sarkar | F69: 45930 | G69: 45933 | H69: Completed
A70: =A69+1 -> 65 | B70: 133/7 | C70: DA+0 | D70: 11.145 | E70: Bhoi Enterprises | F70: 45929 | G70: 45935 | H70: Completed
A71: =A70+1 -> 66 | B71: 146/2 | C71: DA+0 | D71: 11.145 | E71: Pritam Enterprises | F71: 45933 | G71: 45935 | H71: Completed
A72: =A71+1 -> 67 | B72: 116/0 | C72: DD+0 | D72: 21.41 | E72: Dipak | F72: 45930 | G72: 45937 | H72: Completed | X72: GST@18 | Y72: =#REF!*0.18 -> #REF!
A73: =A72+1 -> 68 | B73: 142/0 | C73: DC+3 | D73: =(14703.841+4275.97)/1000 -> 18.979811 | E73: Prayag Saw1 | F73: 45931 | G73: 45937 | H73: Completed | N73: ROW SINCE 3-10-25 to 5-10-25 | S73: 85/1 | T73: DA+0 | V73: DA+0 | W73: 3 | X73: 11.15 | Y73: =X73*W73 -> 33.45 | Z73: =511-72 -> 439
A74: =A73+1 -> 69 | B74: 144/0 | C74: DD+6 | D74: =(16972.938+2884.468+1298.28+5135.312)/1000 -> 26.290998 | E74: Prayag Saw2 | F74: 45931 | G74: 45938 | H74: Completed | Y74: 9000
A75: =A74+1 -> 70 | B75: 146/0 | C75: DC+0 | D75: 18.727009 | E75: Pritam Enterprises | F75: 45935 | G75: 45940 | H75: Completed | S75: 73/2 | T75: DA+9
A76: =A75+1 -> 71 | B76: 140/2 | C76: DA+3 | D76: 11.997 | E76: Prayag Saw1 | F76: 45938 | G76: 45940 | H76: Completed
A77: =A76+1 -> 72 | B77: 149/0 | C77: DD+0 | D77: 21.41 | E77: Gokul Sarkar | F77: 45933 | G77: 45940 | H77: Completed | X77: TOTAL | Y77: =SUM(Y72:Y72) -> #REF!
A78: =A77+1 -> 73 | B78: 133/8 | C78: DA+6 | D78: 13.072 | E78: Bhoi Enterprises | F78: 45935 | G78: 45941 | H78: Completed | X78: RETENTION | Y78: =Y77*0.05 -> #REF!
A79: =A78+1 -> 74 | B79: 140/3 | C79: DA+3 | D79: 11.997 | E79: Prayag Saw1 | F79: 45940 | G79: 45941 | H79: Completed | X79: TDS 1% | Y79: =Y77*0.01 -> #REF!
A80: =A79+1 -> 75 | B80: 147/0 | C80: DC+0 | D80: 18.727009 | E80: Pritam Enterprises | F80: 45940 | G80: 45942 | H80: Completed | X80: PF 10 | Y80: =Y77*0.1 -> #REF!
A81: =A80+1 -> 76 | B81: 115/0 | C81: DC+0 | D81: 18.727009 | E81: Dipak | F81: 45938 | G81: 45943 | H81: Completed | X81: GST 20 | Y81: =Y77*0.2 -> #REF!
A82: =A81+1 -> 77 | B82: 138/1 | C82: DA+0 | D82: 11.145 | E82: Prayag Saw2 | F82: 45938 | G82: 45943 | H82: Completed | X82: ADVANCE | Y82: 600000
A83: =A82+1 -> 78 | B83: 98A/0 | C83: DC+0 | D83: 18.727009 | E83: Ajay Kumar | F83: 45926 | G83: 45945 | H83: Completed | X83: TIGHT & PUNCH 10 | Y83: =Y77*0.1 -> #REF!
A84: =A83+1 -> 79 | B84: 149A/0 | C84: DD+0 | D84: 21.41 | E84: Gokul Sarkar | F84: 45940 | G84: 45945 | H84: Completed | X84: NET PAYABLE | Y84: =Y77-#REF!-Y82 -> #REF!
A85: =A84+1 -> 80 | B85: 133/4 | C85: DA+0 | D85: 11.145 | E85: Bhoi Enterprises | F85: 45941 | G85: 45945 | H85: Completed
A86: =A85+1 -> 81 | B86: 141/0 | C86: DC+0 | D86: 18.727009 | E86: Prayag Saw1 | F86: 45941 | G86: 45946 | H86: Completed
A87: =A86+1 -> 82 | B87: 147/3 | C87: DA+0 | D87: 11.145 | E87: Pritam Enterprises | F87: 45942 | G87: 45945 | H87: Completed
A88: =A87+1 -> 83 | B88: 138/2 | C88: DA+0 | D88: 11.145 | E88: Prayag Saw2 | F88: 45943 | G88: 45946 | H88: Completed
A89: =A88+1 -> 84 | B89: 110/0 | C89: DC+0 | D89: 18.727009 | E89: Dipak | F89: 45943 | G89: 45948 | H89: Completed
A90: =A89+1 -> 85 | B90: 133/1 | C90: DA+0 | D90: 11.145 | E90: Bhoi Enterprises | F90: 45945 | G90: 45949 | H90: Completed
A91: =A90+1 -> 86 | B91: 138/3 | C91: DA+0 | D91: 11.145 | E91: Prayag Saw2 | F91: 45946 | G91: 45949 | H91: Completed
A92: =A91+1 -> 87 | B92: 147/9 | C92: DA+0 | D92: 11.145 | E92: Gokul Sarkar | F92: 45946 | G92: 45949 | H92: Completed
A93: =A92+1 -> 88 | B93: 147/2 | C93: DA+0 | D93: 11.145 | E93: Pritam Enterprises | F93: 45945 | G93: 45949 | H93: Completed
A94: =A93+1 -> 89 | B94: 147/1 | C94: DA+0 | D94: 11.145 | E94: Pritam Enterprises | F94: 45949 | G94: 45952 | H94: Completed
A95: =A94+1 -> 90 | B95: 147/8 | C95: DA+0 | D95: 11.145 | E95: Gokul Sarkar | F95: 45949 | G95: 45952 | H95: Completed
A96: =A95+1 -> 91 | B96: 134A/0 | C96: DD+0 | D96: 21.41 | E96: Prayag Saw1 | F96: 45946 | G96: 45953 | H96: Completed
... A98: =A97+1 -> 93 | B98: 82/2 | C98: DA+0 | D98: 11.145 | E98: Namechand Mahto | F98: 45949 | G98: 45954 | H98: Completed
A99: =A98+1 -> 94 | B99: 138/0 | C99: DB+3 | D99: =(13334+4777.506)/1000 -> 18.111506 | E99: Prayag Saw2 | F99: 45949 | G99: 45954 | H99: Completed
A100: =A99+1 -> 95 | B100: 134A/2 | C100: DA+3 | D100: 11.997 | E100: Prayag Saw1 | F100: 45954 | G100: 45956 | H100: Completed
A101: =A100+1 -> 96 | B101: 112/0 | C101: DC+9 | D101: =(14703.841+2903.104+1061.94+5513.756)/1000 -> 24.182641 | E101: Dipak | F101: 45949 | G101: 45957 | H101: Completed
A102: =A101+1 -> 97 | B102: 147/6 | C102: DA+0 | E102: Pritam Enterprises | F102: 45953 | G102: 45956 | H102: Completed
A103: =A102+1 -> 98 | B103: 148/1 | C103: DA+0 | E103: Gokul Sarkar | F103: 45953 | G103: 45957 | H103: Completed
...

Sheet Completion date
A1: Location no | B1: Tower type | C1: FDN TYPE | D1: FDN CMP date | E1: Erection CMP Date | F1: Earthing CMP Date
A2: GANTRY | B2: GE | C2: =VLOOKUP(A2,Foundation!$B$8:$Q$294,10,0) -> #N/A | D2: =VLOOKUP(A2,Foundation!$B$8:$Q$277,12,0) -> #N/A | E2: =VLOOKUP(A2,'Erection Compiled '!$B$2:$R$340,10,0) -> #N/A | F2: =VLOOKUP(A2,Earthing!$C$7:$H$307,4,0) -> #N/A
A3: 1/0 | B3: DE+0 | C3: =VLOOKUP(A3,Foundation!$B$8:$Q$294,10,0) -> 0 | D3: =VLOOKUP(A3,Foundation!$B$8:$Q$277,12,0) -> 46064 | E3: =VLOOKUP(A3,'Erection Compiled '!$B$2:$R$340,10,0) -> #N/A | F3: =VLOOKUP(A3,Earthing!$C$7:$H$307,4,0) -> #N/A
A4: 1A/0 | B4: DD+0 | C4: =VLOOKUP(A4,Foundation!$B$8:$Q$294,10,0) -> #N/A | D4: =VLOOKUP(A4,Foundation!$B$8:$Q$277,12,0) -> #N/A | E4: =VLOOKUP(A4,'Erection Compiled '!$B$2:$R$340,10,0) -> #N/A | F4: =VLOOKUP(A4,Earthing!$C$7:$H$307,4,0) -> #N/A
A5: 2/0 | B5: DD+0 | C5: =VLOOKUP(A5,Foundation!$B$8:$Q$294,10,0) -> 0 | D5: =VLOOKUP(A5,Foundation!$B$8:$Q$277,12,0) -> 46081 | E5: =VLOOKUP(A5,'Erection Compiled '!$B$2:$R$340,10,0) -> #N/A | F5: =VLOOKUP(A5,Earthing!$C$7:$H$307,4,0) -> #N/A
A6: 2/1 | B6: Gantry UCS | C6: =VLOOKUP(A6,Foundation!$B$8:$Q$294,10,0) -> 0 | D6: =VLOOKUP(A6,Foundation!$B$8:$Q$277,12,0) -> 08-03-226 | E6: =VLOOKUP(A6,'Erection Compiled '!$B$2:$R$340,10,0) -> 0 | F6: =VLOOKUP(A6,Earthing!$C$7:$H$307,4,0) -> #N/A
A7: 3/0 | B7: Gantry UCS | C7: =VLOOKUP(A7,Foundation!$B$8:$Q$294,10,0) -> #N/A | D7: =VLOOKUP(A7,Foundation!$B$8:$Q$277,12,0) -> #N/A | E7: =VLOOKUP(A7,'Erection Compiled '!$B$2:$R$340,10,0) -> #N/A | F7: =VLOOKUP(A7,Earthing!$C$7:$H$307,4,0) -> #N/A
A8: 3/1 | B8: DD+3 | C8: =VLOOKUP(A8,Foundation!$B$8:$Q$294,10,0) -> 0 | D8: =VLOOKUP(A8,Foundation!$B$8:$Q$277,12,0) -> 46108 | E8: =VLOOKUP(A8,'Erection Compiled '!$B$2:$R$340,10,0) -> #N/A | F8: =VLOOKUP(A8,Earthing!$C$7:$H$307,4,0) -> #N/A
A9: 4/0 | B9: DD+18 | C9: =VLOOKUP(A9,Foundation!$B$8:$Q$294,10,0) -> #N/A | D9: =VLOOKUP(A9,Foundation!$B$8:$Q$277,12,0) -> #N/A | E9: =VLOOKUP(A9,'Erection Compiled '!$B$2:$R$340,10,0) -> #N/A | F9: =VLOOKUP(A9,Earthing!$C$7:$H$307,4,0) -> #N/A
A10: 5/0 | B10: DD+9 | C10: =VLOOKUP(A10,Foundation!$B$8:$Q$294,10,0) -> 0 | D10: =VLOOKUP(A10,Foundation!$B$8:$Q$277,12,0) -> 46115 | E10: =VLOOKUP(A10,'Erection Compiled '!$B$2:$R$340,10,0) -> #N/A | F10: =VLOOKUP(A10,Earthing!$C$7:$H$307,4,0) -> #N/A
A11: 5/1 | B11: DA+0 | C11: =VLOOKUP(A11,Foundation!$B$8:$Q$294,10,0) -> 0 | D11: =VLOOKUP(A11,Foundation!$B$8:$Q$277,12,0) -> 46112 | E11: =VLOOKUP(A11,'Erection Compiled '!$B$2:$R$340,10,0) -> #N/A | F11: =VLOOKUP(A11,Earthing!$C$7:$H$307,4,0) -> #N/A
A12: 5/2 | B12: DA+0 | C12: =VLOOKUP(A12,Foundation!$B$8:$Q$294,10,0) -> 0 | D12: =VLOOKUP(A12,Foundation!$B$8:$Q$277,12,0) -> 46101 | E12: =VLOOKUP(A12,'Erection Compiled '!$B$2:$R$340,10,0) -> #N/A | F12: =VLOOKUP(A12,Earthing!$C$7:$H$307,4,0) -> #N/A
A13: 5/3 | B13: DA+0 | C13: =VLOOKUP(A13,Foundation!$B$8:$Q$294,10,0) -> #N/A | D13: =VLOOKUP(A13,Foundation!$B$8:$Q$277,12,0) -> #N/A | E13: =VLOOKUP(A13,'Erection Compiled '!$B$2:$R$340,10,0) -> #N/A | F13: =VLOOKUP(A13,Earthing!$C$7:$H$307,4,0) -> #N/A
... A509: 150/0 | B509: DD+9 | C509: =VLOOKUP(A509,Foundation!$B$8:$Q$294,10,0) -> #N/A | D509: =VLOOKUP(A509,Foundation!$B$8:$Q$277,12,0) -> #N/A | E509: =VLOOKUP(A509,'Erection Compiled '!$B$2:$R$340,10,0) -> #N/A | F509: =VLOOKUP(A509,Earthing!$C$7:$H$307,4,0) -> #N/A

Sheet Erection Compiled 
A1: Sl. No. | B1: Location No. | C1: LI / LO | D1: Tower Type | E1: Classification | F1: Starting Date | G1: Tower Weight | H1: Status | L1: Completion Date | M1: Gang Name | N1: Gang Strength | O1: Remark
A2: 1 | B2: 1/1 | C2: LO | D2: DA-3 | E2: DFR | F2: 46108 | H2: COMPLETE | L2: 46118 | M2: Priyanka Debi | N2: 28
A3: =A2+1 -> 2 | B3: 1/2 | C3: LO | D3: DA-3 | E3: DFR | F3: 46119 | H3: COMPLETE | L3: 46127 | M3: Priyanka Debi | N3: 28
A4: =A3+1 -> 3 | B4: 2/1 | C4: lo | D4: DA+0 | E4: DFR | F4: 46127 | H4: WIP | M4: Priyanka Debi | N4: 28

Sheet Earthing
A1: NAME OF PROJECT : FARHEGARH IV-BHINMAL 400KV D/C TRANSMISSION LINE
A2: Client : RAJASTHAN IV A POWER TRANSMISSION LTD.
A3: CONTRACTOR : KEC INTERNATIONAL LIMITED
A5: SL. No. | B5: Location Number | C5: LI / LO | D5: Tower Type | E5: Foundation type | F5: Completion Date | G5: Remarks
A7: 1 | B7: 1/1 | C7: LO | D7: DA-3 | E7: DFR | F7: 46073
A8: 2 | B8: 1/2 | C8: LO | D8: DA-3 | E8: DFR | F8: 46073
A9: 3 | B9: 6/2 | C9: LI | D9: DA+0 | E9: DFR | F9: 46073

Sheet Stringing Compiled 
D1: Number of TSE
A3: S.no | B3: Sec | C3: From AP | D3: To AP | E3: Span (M) | F3: Method | G3: Section Readiness | H3: P/O Starting Date | I3: P/O Completion Date | J3: P/O | K3: F/S Starting Date | L3: F/S/ Completion Date | M3: Length | N3: Status | O3: Gang Name | P3: Hindrance | Q3: Remarks
D5: Total

Sheet Soil Investigation
A1: NAME OF PROJECT : FARHEGARH IV-BHINMAL 400KV D/C TRANSMISSION LINE
A2: Client : RAJASTHAN IV A POWER TRANSMISSION LTD.
A3: CONTRACTOR : KEC INTERNATIONAL LIMITED

Sheet Sheet9
A1: 400 KV D/C (TWIN) FATEHGARH IV - BHINMAL (PG) TRANSMISSION LINE (VISUAL CHART)
A2: Name of Contractor:M/S KEC INTERNATIONAL LIMITED | Z2: AS ON | AB2: =NOW()-1 -> 46132.404
A3: PROGRESS AT A GLANCE :
S4: Stringing WIP | W4: Stringing Completed
A5: Sl. No. | C5: Activity | F5: UoM | H5: Total Qty | K5: Completed | N5: Balance | AA5: River Crossing
A7: 1 | C7: Detail survey | F7: Kms. | H7: 188.444 | K7: 188.444 | N7: =H7-K7 -> 0
A8: =A7+1 -> 2 | C8: Check survey | F8: Kms. | H8: 188.444 | K8: 178.075 | N8: =H8-K8 -> 10.369
A9: =A8+1 -> 3 | C9: CS Approval | F9: Kms. | H9: 188.444 | K9: 178.075 | N9: =H9-K9 -> 10.369
A10: =A9+1 -> 4 | C10: Soil Investigation | F10: Loc | H10: 73 | K10: 73 | N10: =H10-K10 -> 0
A11: =A10+1 -> 5 | C11: Foundation | F11: Loc | H11: 512 | K11: 208 | N11: =H11-K11 -> 304 | AA11: Erection WIP
A12: =A11+1 -> 6 | C12: Earthing | F12: Nos. | H12: 514 | K12: 190 | N12: =H12-K12 -> 324 | S12: Erection Comp | V12: Span | AC12: Rly. X-ing
A13: =A12+1 -> 7 | C13: Erection | F13: Loc | H13: 512 | K13: 75 | N13: =H13-K13 -> 437 | S13: Earthing
A14: =A13+1 -> 8 | C14: Tack Welding | F14: Nos. | H14: 512 | N14: =H14-K14 -> 512
A15: =A14+1 -> 9 | C15: Stringing(P/0) | F15: Kms. | H15: 188.444 | N15: 188.444 | S15: Pipe Line | X15: Excavation
A16: =A15+1 -> 10 | C16: Stringing (F/S) | F16: Kms. | H16: 188.444 | N16: 188.444 | Z16: NH | AA16: SH | AB16: 66/132/ 220/ 400
A17: GANTRY | D17: AP1 | F17: AP 1A | H17: AP2 | J17: AP3 | L17: 3/1 | N17: 3/2 | P17: 3/3 | R17: AP4 | T17: 4/1 | V17: 4/2 | X17: 4/3 | Z17: 4/4 | AB17: 4/5 | AC17: SH
AM18: U/P | AN18: ROW | AO18: CLEAR
C20: 89 | E20: 113 | G20: 264 | I20: 244 | K20: 657 | M20: 419.226 | O20: 420.01 | Q20: 416.531 | S20: 356.262 | U20: 343.074 | W20: 381.329 | Y20: 373.323 | AA20: 246.012 | AC20: 249.424 | AM20: =COUNTIF(B20:AB20,"U/P") -> 0 | AN20: =COUNTIF(C20:AC20,"ROW") -> 0 | AO20: =COUNTIF(D20:AD20,"C") -> 0
D22: DD+0 | F22: DD+3 | H22: DD+25 | J22: DD+25 | L22: DB+6 | N22: DA+0 | P22: DA+9 | R22: DC+0 | T22: DA+0 | V22: DA+0 | X22: DA+6 | Z22: DA+3 | AB22: DB+0
A23: REVISED DETAIL SURVEY REPORT SUBMITTED
B24: 4/6 | D24: 4/7 | F24: 4/8 | H24: 4/9 | J24: AP5 | L24: AP6 | N24: 6/1 | P24: 6/2 | R24: 6/3 | T24: 6/4 | V24: 6/5 | X24: 6/6 | Z24: 6/7 | AB24: AP7
C27: 399.707 | E27: 438.616 | G27: 400.604 | I27: 438.765 | K27: 226.315 | M27: 442.553 | O27: 389.329 | Q27: 359.361 | S27: 405.006 | U27: 426.518 | W27: 356.055 | Y27: 369.295 | AA27: 374.993 | AC27: 383.768 | AM27: =COUNTIF(B27:AB27,"U/P") -> 0 | AN27: =COUNTIF(C27:AC27,"ROW") -> 0 | AO27: =COUNTIF(D27:AD27,"C") -> 0
B29: DA+0 | D29: DA+6 | F29: DA+6 | H29: DA+3 | J29: DD+18 | L29: DD+18 | N29: DA+3 | P29: DA+0 | R29: DA+0 | T29: DA+0 | V29: DA+0 | X29: DA+0 | Z29: DA+0 | AB29: DB+0
A30: REVISED DETAIL SURVEY REPORT SUBMITTED
B31: 7/1 | F31: 7/2 | H31: 7/3 | J31: 7/4 | L31: 7/5 | N31: 7/6 | P31: 7/7 | R31: 7/8 | T31: 7/9 | V31: 7/10 | X31: AP8 | Z31: 8/1 | AB31: 8/2
D34: 396.38 | G34: 392.534 | I34: 332.162 | K34: 352.112 | M34: 389.393 | O34: 374.477 | Q34: 419.977 | S34: 387.899 | U34: 407.654 | W34: 402.357 | Y34: 372.259 | AA34: 410.949 | AC34: 379.075 | AM34: =COUNTIF(B34:AB34,"U/P") -> 0 | AN34: =COUNTIF(C34:AC34,"ROW") -> 0 | AO34: =COUNTIF(D34:AD34,"C") -> 0
T35: 1MRC
B36: DA+0 | F36: DA+0 | H36: DA+0 | J36: DA+0 | L36: DA+0 | N36: DA+0 | P36: DA+0 | R36: DA+3 | T36: DA+0 | V36: DA+3 | X36: DB+0 | Z36: DA+0 | AB36: DA+0
A37: WORK FRONT TO BE CLEARED
B38: 8/3 | D38: 8/4 | F38: AP9 | H38: 9/1 | J38: 9/2 | L38: 9/3 | N38: 9/4 | P38: 9/5 | R38: AP 10 | T38: 10/1 | V38: 10/2 | X38: 10/3 | Z38: 10/4 | AB38: 10/5
C41: 412.596 | E41: 340.112 | G41: 410.76 | I41: 427.9 | K41: 404.21 | M41: 398.446 | O41: 431.939 | Q41: 486.196 | S41: 369.717 | U41: 389.344 | W41: 395.602 | Y41: 375 | AA41: 462 | AC41: 382 | AM41: =COUNTIF(B41:AB41,"U/P") -> 0 | AN41: =COUNTIF(C41:AC41,"ROW") -> 0 | AO41: =COUNTIF(D41:AD41,"C") -> 0
B43: DA+0 | D43: DA+3 | F43: DB+0 | H43: DA+3 | J43: DA+6 | L43: DA+0 | N43: DA+3 | P43: DB+9 | R43: DC+3 | T43: DA+3 | V43: DA+0 | X43: DA+3 | Z43: DA+6 | AB43: DA+0
A44: WORK FRONT YET TO BE CLEARED
B45: 10/6 | D45: 10/7 | F45: 10/8 | H45: 10/9 | J45: 10/10 | L45: 10/11 | N45: 10/12 | P45: 10/13 | R45: 10/14 | T45: 10/15 | V45: AP11 | X45: 11/1 | Z45: 11/2 | AB45: 11/3
C48: 428 | E48: 411 | G48: 352 | I48: 405 | K48: 400.126 | M48: 384 | O48: 406 | Q48: 378 | S48: 373 | U48: 378.362 | W48: 433.995 | Y48: 370.685 | AA48: 323.972 | AC48: 384.462 | AM48: =COUNTIF(B48:AB48,"U/P") -> 0 | AN48: =COUNTIF(C48:AC48,"ROW") -> 0 | AO48: =COUNTIF(D48:AD48,"C") -> 0
B50: DA+0 | D50: DA+0 | F50: DA+0 | H50: DB+0 | J50: DA+0 | L50: DA+3 | N50: DA+3 | P50: DA+3 | R50: DA+0 | T50: DA+6 | V50: DB+0 | X50: DA+3 | Z50: DA+0 | AB50: DA+0
D51: 1 MRC-4 Leg | J51: 1 MRC-4 Leg
A52: WORK FRONT YET TO BE CLEARED
B54: 11/4 | D54: 11/5 | F54: 11/6 | H54: AP12 | J54: 12/1 | L54: 12/2 | N54: AP13 | P54: 13/1 | R54: 13/2 | T54: 13/3 | V54: AP14 | X54: 14/1 | Z54: AP15 | AB54: 15/1
C57: 381.188 | E57: 336.409 | G57: 438.97 | I57: 395.179 | K57: 388.12 | M57: 364.446 | O57: 404.572 | Q57: 432.27 | S57: 404.23 | U57: 416.621 | W57: 468.039 | Y57: 432.318 | AA57: 464.521 | AC57: 369.743 | AM57: =COUNTIF(B57:AB57,"U/P") -> 0 | AN57: =COUNTIF(C57:AC57,"ROW") -> 0 | AO57: =COUNTIF(D57:AD57,"C") -> 0
B59: DA+0 | D59: DA+0 | F59: DA+0 | H59: DB+0 | J59: DA+0 | L59: DA+3 | N59: DC+0 | P59: DA+9 | R59: DA+6 | T59: DA+3 | V59: DB+0 | X59: DB+9 | Z59: DC+9 | AB59: DA+6
I60: Pit A,B 1MRC | L60: B,C Bench | V60: 1 MRC -4 Leg
A61: WORK FRONT YET TO BE CLEARED
B62: AP16 | D62: 16/1 | F62: AP17 | H62: 17/1 | J62: AP18 | L62: 18/1 | N62: AP19 | P62: 19/1 | R62: 19/2 | T62: 19/3 | V62: AP20 | X62: 20/1 | Z62: 20/2 | AB62: 20/3
C65: 284.16 | E65: 270.742 | G65: 286.64 | I65: 291.699 | K65: 398.719 | M65: 425.465 | O65: 383.813 | Q65: 403.279 | S65: 355.215 | U65: 399.839 | W65: 287.442 | Y65: 390.748 | AA65: 364.274 | AC65: 337.546 | AM65: =COUNTIF(B65:AB65,"U/P") -> 0 | AN65: =COUNTIF(C65:AC65,"ROW") -> 0 | AO65: =COUNTIF(D65:AD65,"C") -> 0
B67: DD+0 | D67: DA+0 | F67: DB+0 | H67: DA+0 | J67: DC+0 | L67: DA+6 | N67: DD+0 | P67: DA+3 | R67: DA+0 | T67: DA+3 | V67: DC+0 | X67: DA+0 | Z67: DA+0 | AB67: DA+0
M68: Pit D 1MRC | X68: Pit B 1MRC
A69: WORK FRONT YET TO BE CLEARED
B70: 20/4 | D70: 20/5 | F70: 20/6 | H70: AP21 | J70: 21/1 | L70: 21/2 | N70: AP22 | P70: AP23 | R70: 23/1 | T70: 23/2 | V70: 23/3 | X70: AP24 | Z70: 24/1 | AB70: AP25
C73: 348.292 | E73: 418.835 | G73: 408.963 | I73: 365.467 | K73: 437.074 | M73: 363.142 | O73: 159.789 | Q73: 300.158 | S73: 293.131 | U73: 357.377 | W73: 341.409 | Y73: 362.905 | AA73: 421.052 | AC73: 216.448 | AM73: =COUNTIF(B73:AB73,"U/P") -> 0 | AN73: =COUNTIF(C73:AC73,"ROW") -> 0 | AO73: =COUNTIF(D73:AD73,"C") -> 0
B75: DA+0 | D75: DA+3 | F75: DA+9 | H75: DD+3 | J75: DA+0 | L75: DA+6 | N75: DB+3 | P75: DD+0 | R75: DB+3 | T75: DA+0 | V75: DA+0 | X75: DC+9 | Z75: DA+9 | AB75: DD+6
E76: 3MRC-4 LEG
A77: WORK FRONT YET TO BE CLEARED | X77: C/S REPORT TO BE APPROVED
B79: 25/1 | D79: 25/2 | F79: AP 26 | H79: AP 27 | J79: 27A/0 | L79: 27A/1 | N79: 27A/2 | P79: AP27B | R79: 27B/1 | T79: 27B/2 | V79: 27B/3 | X79: AP28 | Z79: 28/1 | AB79: AP29
C82: 439.695 | E82: 243.188 | G82: 333.219 | I82: 333.219 | K82: 363.001 | M82: 363.001 | O82: 356.124 | Q82: 376.245 | S82: 381.122 | U82: 364.433 | W82: 263.077 | Y82: 356.193 | AA82: 352.42 | AC82: 381.028 | AM82: =COUNTIF(B82:AB82,"U/P") -> 0 | AN82: =COUNTIF(C82:AC82,"ROW") -> 0 | AO82: =COUNTIF(D82:AD82,"C") -> 0
B84: GTY | D84: GTY | F84: DB+0 | H84: DC+9 | J84: DD+9 | L84: DA+0 | N84: DA+6 | P84: DC+0 | R84: DA+6 | T84: DA+0 | V84: DA+9 | X84: DB+3 | Z84: DA+3 | AB84: DB+9
A85: C/S REPORT YET TO BE APPROVED | I85: WORK FRONT TO BE CLEARED
B87: 29/1 | D87: 29/2 | F87: 29/3 | H87: AP30 | J87: 30/1 | L87: 30/2 | N87: 30/3 | P87: AP31 | R87: AP32 | T87: 32/1 | V87: 32/2 | X87: 32/3 | Z87: AP33 | AB87: AP34 | AD87: 34/1
C90: 419.603 | E90: 425.18 | G90: 425.18 | I90: 287.537 | K90: 336.512 | M90: 325.304 | O90: 214.253 | Q90: 455.946 | S90: 421 | U90: 419 | W90: 408 | Y90: 409.749 | AA90: 324.03 | AC90: 366.7 | AE90: 473.305 | AM90: =COUNTIF(A90:AB90,"U/P") -> 0 | AN90: =COUNTIF(A90:AC90,"ROW") -> 0 | AO90: =COUNTIF(B90:AD90,"C") -> 0
B92: DA+6 | D92: DA+9 | F92: DB+9 | H92: DC+0 | J92: DA+0 | L92: DA+0 | N92: DA+0 | P92: DC+9 | R92: DC+9 | T92: DA+3 | V92: DA+3 | X92: DA+9 | Z92: DB+0 | AB92: DC+6 | AD92: DA+9
A93: WORK FRONT TO BE CLEARED
B96: AP35 | D96: 35/1 | F96: AP36 | H96: 36/1 | J96: 36/2 | L96: 36A | N96: AP37 | P96: AP38 | R96: 38/1 | T96: 38/2 | V96: 38/3 | X96: 38/4 | Z96: 38/5 | AB96: AP39 | AD96: 39/1 | AF96: 39/2
C99: 358.321 | E99: 477.815 | G99: 415.464 | I99: 402.229 | K99: 437.434 | O99: 455.922 | Q99: 419.765 | S99: 418.917 | U99: 386.486 | W99: 376.53 | AC99: 404.739 | AE99: 366.729 | AG99: 274.587 | AM99: =COUNTIF(A99:AB99,"U/P") -> 0 | AN99: =COUNTIF(A99:AC99,"ROW") -> 0 | AO99: =COUNTIF(B99:AC99,"C") -> 0
B101: DC+9 | D101: DA+9 | F101: DC+6 | H101: DA+9 | J101: DA+0 | L101: DD+0 | N101: DD+0 | P101: DB+0 | R101: DB+6 | T101: DA+3 | V101: DA+9 | X101: DA+0 | Z101: DA+9 | AB101: DB+3 | AD101: DA+6 | AF101: DA+0
A102: WORK FRONT TO BE CLEARED
B104: 39/3 | D104: 39/4 | F104: AP40 | I104: AP41 | K104: 41/1 | M104: 41/2 | O104: 41/3 | Q104: AP42 | S104: 42/1 | U104: 42/2 | W104: 42/3
C107: 341.668 | E107: 425.863 | G107: 370.45 | H107: 397.61 | J107: 413.4 | L107: 423.65 | N107: 415.97 | P107: 415.35 | R107: 394.875 | S107: U/P | T107: 429.62 | V107: 381.905 | X107: 405.26 | AH107: =COUNTIF(B107:W107,"U/P") -> 1 | AI107: =COUNTIF(C107:X107,"ROW") -> 0 | AJ107: =COUNTIF(D107:Y107,"C") -> 0 | AM107: =COUNTIF(B107:AB107,"U/P") -> 1 | AN107: =COUNTIF(C107:AC107,"ROW") -> 0 | AO107: =COUNTIF(D107:AD107,"C") -> 0
S108: ROW
B109: DA+0 | D109: DA+6 | F109: DD+3 | I109: DB+0 | K109: DA+9 | M109: DA+0 | O109: DA+9 | Q109: DC+3 | S109: DA+9 | U109: DCT+6 | W109: DA+9
M110: Pit C,B 1MRC | R110: Benching ,Pit C,B 1MRC | W110: 3MRC-4 LEG
A111: WORK FRONT YET TO BE CLEARED
B112: 42/4 | D112: 42/5 | F112: 42/6 | H112: 42/7 | J112: AP43 | K112: NH | L112: AP44 | N112: 44/1 | P112: AP45 | R112: 45/1 | T112: 45/2 | V112: 45/3 | X112: 45/4 | Z112: AP46 | AB112: AP47
C115: 338.156 | E115: 288.303 | G115: 297.15 | I115: 195.903 | K115: 249.66 | M115: 374.48 | O115: 430.3 | Q115: 404.386 | S115: 341.423 | U115: 305.401 | W115: 319.981 | Y115: 345.621 | AA115: 223.151 | AC115: 393.817 | AM115: =COUNTIF(B115:AB115,"U/P") -> 0 | AN115: =COUNTIF(C115:AC115,"ROW") -> 0 | AO115: =COUNTIF(D115:AD115,"C") -> 0
B117: DA+9 | D117: DA+0 | F117: DA+3 | H117: DA+0 | J117: DC+6 | L117: DB+9 | N117: DA+9 | P117: DD+9 | R117: DA+0 | T117: DA+3 | V117: DA+0 | X117: DA+6 | Z117: DD+3 | AB117: DD+9
A118: 3MRC-4 LEG | D118: Benching | F118: 1MRC-4 leg | H118: Benching | L118: 3MRC | N118: 3MRC
A119: WORK FRONT YET TO BE CLEARED | Q119: REVISED CHECK SURVEY TO BE SUBMITTED
B120: 47/1 | D120: 47/2 | F120: AP48 | H120: AP49 | J120: AP50 | L120: AP51 | N120: 51/1 | P120: 51/2 | R120: 51/3 | T120: AP52 | V120: 52/1 | X120: AP53 | Y120: SH | Z120: AP54 | AB120: 54/1
C123: 435.136 | D123: U/P | E123: 403.209 | G123: 422.554 | I123: 353.484 | K123: 274.9 | M123: 465.033 | O123: 373.98 | Q123: 416.864 | S123: 381.019 | U123: 391.52 | W123: 374.93 | Y123: 248.57 | AA123: 384.17 | AC123: 330.76 | AM123: =COUNTIF(B123:AB123,"U/P") -> 1 | AN123: =COUNTIF(C123:AC123,"ROW") -> 0 | AO123: =COUNTIF(D123:AD123,"C") -> 0
D124: ROW
B125: DA+9 | D125: DA+9 | F125: DD+3 | H125: DD+3 | J125: DD+9 | L125: DD+18 | N125: DA+3 | P125: DA+0 | R125: DA+3 | T125: DB+0 | V125: DA+6 | X125: DD+0 | Z125: DC+0 | AB125: DA+3
J126: 3MRC | T126: 2MRC ?? | V126: 1MRC-4LEG
A127: REVISED C/S TO BE SUBMITTED | G127: WOK FRONT YET TO BE CLEARED | S127: WORK FRONT YET TO BE CLEARED
B129: 54/2 | D129: 54/3 | F129: AP55 | H129: AP56 | J129: 56/1 | L129: 56/2 | N129: 56/3 | P129: 56/4 | R129: 56/5 | T129: AP57 | V129: AP58 | X129: AP59 | Z129: 59/1 | AB129: AP60
L131: C
B132: C | C132: 285.32 | E132: 354.7 | G132: 420.54 | I132: 340.56 | K132: 336.52 | M132: 375.99 | O132: 308.41 | Q132: 444.84 | S132: 392.02 | U132: 407.803 | W132: 206.062 | Y132: 417.384 | AA132: 304.564 | AC132: 395.51 | AM132: =COUNTIF(B132:AB132,"U/P") -> 0 | AN132: =COUNTIF(C132:AC132,"ROW") -> 0 | AO132: =COUNTIF(B132:AD132,"C") -> 1
B134: DA+6 | D134: DA+3 | F134: DD+18 | H134: DB+9 | J134: DB+9 | L134: DA+0 | N134: DB+9 | P134: DA+6 | R134: DA+6 | T134: DB+9 | V134: DB+9 | X134: DC+9 | Z134: DA+0 | AB134: DD+0
D135: 1MRC-4Leg | F135: 3MRC-4 Leg | H135: 2MRC?? | L135: Pit | R135: B & RC?? | T135: B & RC?? | Z135: Benching
A136: WORK FRONT YET TO BE CLEARED | N136: ROW | U136: WORK FRONT YET TO BE CLEARED
B138: 60/1 | D138: 60/2 | F138: 60/3 | H138: AP61 | J138: 61/1 | L138: AP62 | N138: 62/1 | P138: 62/2 | R138: 62/3 | T138: 62/4 | V138: 62/5 | X138: AP63 | Z138: 63/1 | AB138: AP64
V140: ROW
C141: 431.02 | E141: 403.43 | G141: 420.36 | I141: 446.37 | K141: 297.58 | M141: 280.47 | O141: 272.69 | Q141: 347.88 | S141: 379.25 | U141: 398.7 | W141: 439.06 | X141: ROW | Y141: 360.21 | AA141: 379.58 | AC141: 384 | AM141: =COUNTIF(B141:AB141,"U/P") -> 0 | AN141: =COUNTIF(C141:AC141,"ROW") -> 1 | AO141: =COUNTIF(B141:AD141,"C") -> 0
B143: DA+9 | D143: DA+3 | F143: DA+9 | H143: DC+0 | J143: DA+9 | L143: DB+0 | N143: DA+0 | P143: DA+0 | R143: DA+9 | T143: DA+6 | V143: DA+6 | X143: DC+0 | Z143: DA+0 | AB143: DC+9
F144: RC 3M-4 Leg | N144: B Leg A&D,C Leg 1MRC | R144: 3MRC-4 Leg | AD144: 1MRC-4 Leg, A,D Benching,C Leg 1MRC
A145: WORK FRONT YET TO BE CLEARED | X145: ROW
B147: 64/1 | D147: 64/2 | F147: 64/3 | H147: 64/4 | J147: 64/5 | L147: 64/6 | N147: 64/7 | P147: AP65 | R147: 65/1 | T147: AP66 | V147: 66/1 | X147: 66/2 | Z147: 66/3 | AB147: 66/4
B150: ROW | C150: 442 | D150: ROW | E150: 397 | G150: 395 | I150: 432 | K150: 408 | M150: 426 | O150: 392.95 | Q150: 431.96 | S150: 426.02 | U150: 401 | W150: 437 | Y150: 402 | AA150: 436 | AC150: 392.28 | AM150: =COUNTIF(B150:AB150,"U/P") -> 0 | AN150: =COUNTIF(C150:AC150,"ROW") -> 1 | AO150: =COUNTIF(D150:AD150,"C") -> 0
B152: DA+9 | D152: DA+9 | F152: DA+9 | H152: DA+9 | J152: DA+9 | L152: DA+3 | N152: DA+3 | P152: DD+0 | R152: DB+9 | T152: DD+0 | V152: DA+9 | X152: DA+0 | Z152: DA+3 | AB152: DA+9
B153: 3MRC-4 Leg | D153: 1MRC-4 Leg | T153: 1MRC-4 Leg
B154: ROW | P154: ROW | AB154: ROW
B156: AP67 | D156: 67/1 | F156: 67/2 | H156: AP68 | J156: AP69 | L156: 69/1 | N156: 69/2 | P156: 69/3 | Q156: AP70 | S156: AP71 | U156: SH | V156: 71/1 | X156: 71/2 | Z156: 71/3 | AB156: AP72
...

Sheet VC 
A1: 52
A2: =NOW()-1 -> 46132.404
A3: Name of Contractor:M/S KEC INTERNATIONAL LIMITED
A4: PROGRESS AT A GLANCE :
S5: Stringing WIP | W5: Stringing Completed
A6: Sl. No. | C6: Activity | F6: UoM | H6: Total Qty | K6: Completed Till Date | N6: Balance | AD6: River Crossing
A8: 1 | C8: Detail survey | F8: Kms. | H8: 187.175 | K8: 187.175 | N8: =H8-K8 -> 0 | Q8: Oil pipeline
A9: =A8+1 -> 2 | C9: Check survey | F9: Kms. | H9: 187.175 | K9: 169.168 | N9: =H9-K9 -> 18.007 | Q9: Gas pipeline
A10: =A9+1 -> 3 | C10: Soil Investigation | F10: Loc | H10: 73 | K10: 73 | N10: =H10-K10 -> 0
A11: =A10+1 -> 4 | C11: Foundation | F11: Loc | H11: 495 | K11: 79 | N11: =H11-K11 -> 416 | AA11: Erection WIP
A12: =A11+1 -> 5 | C12: Earthing | F12: Nos. | H12: 497 | K12: 61 | N12: =H12-K12 -> 436 | S12: Erection Comp | V12: Span | AE12: Railway Crossing
A13: =A12+1 -> 6 | C13: Erection | F13: Loc | H13: 495 | N13: =H13-K13 -> 495 | S13: Earthing
A14: =A13+1 -> 7 | C14: Tack Welding | F14: Nos. | H14: 405 | N14: =H14-K14 -> 405
A15: =A14+1 -> 8 | C15: Stringing(Paying out) | F15: Kms. | H15: 187.175 | N15: =H15-K15 -> 187.175 | X15: Excavation
A16: =A15+1 -> 9 | C16: Stringing (Final Sag) | F16: Kms. | H16: 187.175 | N16: =H16-K16 -> 187.175 | Z16: NH/SH | AB16: 66/132/ 220/400KV
B18: 1 | D18: 2 | F18: 3 | H18: 4 | J18: 5 | L18: 6 | N18: 7 | P18: 8 | R18: 9 | T18: 10 | V18: 11 | X18: 12 | Z18: 13 | AB18: 14
B20: GNT | D20: AP1 | F20: AP1A | H20: AP2 | J20: AP3 | L20: 3/1 | N20: 3/2 | P20: 3/3 | R20: AP4 | T20: 4/1 | V20: 4/2 | X20: 4/3 | Z20: 4/4 | AB20: 4/5 | AF20: T | AG20: F | AH20: EA | AI20: ER | AJ20: Length | AK20: TW
C23: 96.534 | E23: 114.097 | G23: 290.581 | I23: 214.485 | K23: 451.783 | M23: 419.226 | O23: 420.01 | Q23: 416.531 | S23: 356.262 | U23: 343.074 | W23: 381.329 | Y23: 373.323 | AA23: 246.012 | AC23: 249.424 | AF23: 13
D25: DD+0 | F25: DD+3 | H25: DD+25 | J25: DD+25 | L25: DB+6 | N25: DA+0 | P25: DA+9 | R25: DC+0 | T25: DA+0 | V25: DA+0 | X25: DA+6 | Z25: DA+3 | AB25: DB+0
B28: 4/6 | D28: 4/7 | F28: 4/8 | H28: 4/9 | J28: AP5 | L28: AP6 | N28: 6/1 | P28: 6/2 | R28: 6/3 | T28: 6/4 | V28: 6/5 | X28: 6/6 | Z28: 6/7 | AB28: AP7
AF29: T | AG29: F | AH29: EA | AI29: ER | AJ29: Length | AK29: TW
C31: 399.707 | E31: 438.616 | G31: 400.604 | I31: 438.765 | K31: 226.315 | M31: 442.553 | O31: 389.329 | Q31: 359.361 | S31: 405.006 | U31: 426.518 | W31: 356.055 | Y31: 369.295 | AA31: 374.993 | AC31: 383.768 | AF31: 14
B33: DA+0 | D33: DA+6 | F33: DA+6 | H33: DA+3 | J33: DD+18 | L33: DD+18 | N33: DA+3 | P33: DA+0 | R33: DA+0 | T33: DA+0 | V33: DA+0 | X33: DA+0 | Z33: DA+0 | AB33: DB+0
B36: 7/1 | D36: 7/1 | F36: 7/2 | H36: 7/3 | J36: 7/4 | L36: 7/5 | N36: 7/6 | P36: 7/7 | R36: 7/8 | T36: 7/9 | V36: 7/10 | X36: AP8 | Z36: 8/1 | AB36: 8/2
AF37: T | AG37: F | AH37: EA | AI37: ER | AJ37: Length | AK37: TW
C39: 383.768 | E39: 396.38 | G39: 392.534 | I39: 332.162 | K39: 352.112 | M39: 389.393 | O39: 374.477 | Q39: 419.977 | S39: 387.899 | U39: 407.654 | W39: 402.357 | Y39: 372.259 | AA39: 410.949 | AC39: 379.075 | AF39: 14
B41: DA+0 | D41: DA+0 | F41: DA+0 | H41: DA+0 | J41: DA+0 | L41: DA+0 | N41: DA+0 | P41: DA+0 | R41: DA+3 | T41: DA+0 | V41: DA+0 | X41: DB+0 | Z41: DA+0 | AB41: DA+0
B44: 8/3 | D44: 8/4 | F44: AP9 | H44: 9/1 | J44: 9/2 | L44: 9/3 | N44: 9/4 | P44: 9/5 | R44: AP10 | T44: 10/1 | V44: 10/2 | X44: 10/3 | Z44: 10/4 | AB44: 10/5
AF45: T | AG45: F | AH45: EA | AI45: ER | AJ45: Length | AK45: TW
C47: 412.596 | E47: 340.112 | G47: 410.76 | I47: 427.9 | K47: 404.21 | M47: 398.446 | O47: 431.939 | Q47: 486.196 | S47: 369.717 | U47: 389.344 | W47: 395.602 | Y47: 372.377 | AA47: 431.547 | AC47: 370.651 | AF47: 14
B49: DA+0 | D49: DA+3 | F49: DB+0 | H49: DA+0 | J49: DA+6 | L49: DA+0 | N49: DA+3 | P49: DB+9 | R49: DC+3 | T49: DA+3 | V49: DA+0 | X49: DA+3 | Z49: DA+6 | AB49: DA+0
B52: 10/6 | D52: 10/7 | F52: 10/8 | H52: 10/9 | J52: 10/10 | L52: 10/11 | N52: 10/12 | P52: 10/13 | R52: 10/14 | T52: 10/15 | V52: AP11 | X52: 11/1 | Z52: 11/2 | AB52: 11/3
AF53: T | AG53: F | AH53: EA | AI53: ER | AJ53: Length | AK53: TW
C55: 345.352 | E55: 381.912 | G55: 366.819 | I55: 424.002 | K55: 400.126 | M55: 403.795 | O55: 437.705 | Q55: 399.87 | S55: 437.786 | U55: 378.362 | W55: 433.995 | Y55: 370.685 | AA55: 323.972 | AC55: 384.462 | AF55: 14
B57: DA+0 | D57: DA+0 | F57: DA+0 | H57: DB+0 | J57: DA+0 | L57: DA+3 | N57: DA+3 | P57: DA+3 | R57: DA+0 | T57: DA+6 | V57: DB+0 | X57: DA+3 | Z57: DA+0 | AB57: DA+0
B60: 11/4 | D60: 11/5 | F60: 11/6 | H60: AP12 | J60: 12/1 | L60: 12/2 | N60: AP13 | P60: 13/1 | R60: 13/2 | T60: 13/3 | V60: AP14 | X60: 14/1 | Z60: AP15 | AB60: 15/1
AF61: T | AG61: F | AH61: EA | AI61: ER | AJ61: Length | AK61: TW
C63: 381.188 | E63: 336.409 | G63: 438.97 | I63: 395.179 | K63: 388.12 | M63: 364.446 | O63: 404.572 | Q63: 432.27 | S63: 404.23 | U63: 416.621 | W63: 468.039 | Y63: 432.318 | AA63: 464.521 | AC63: 369.743 | AF63: 14
B65: DA+0 | D65: DA+0 | F65: DA+0 | H65: DB+0 | J65: DA+0 | L65: DA+3 | N65: DC+0 | P65: DA+9 | R65: DA+6 | T65: DA+3 | V65: DB+0 | X65: DB+9 | Z65: DC+9 | AB65: DA+6
B68: AP16 | D68: 16/1 | F68: AP17 | H68: 17/1 | J68: AP18 | L68: 18/1 | N68: AP19 | P68: 19/1 | R68: 19/2 | T68: 19/3 | V68: AP20 | X68: 20/1 | Z68: 20/2 | AB68: 20/3
AF69: T | AG69: F | AH69: EA | AI69: ER | AJ69: Length | AK69: TW
C71: 284.16 | E71: 270.742 | G71: 286.64 | I71: 291.699 | K71: 398.719 | M71: 425.465 | O71: 383.813 | Q71: 403.279 | S71: 355.215 | U71: 399.839 | W71: 287.442 | Y71: 390.748 | AA71: 364.274 | AC71: 337.546 | AF71: 14
B73: DD+0 | D73: DA+0 | F73: DB+0 | H73: DA+0 | J73: DC+0 | L73: DA+6 | N73: DD+0 | P73: DA+3 | R73: DA+0 | T73: DA+3 | V73: DC+0 | X73: DA+0 | Z73: DA+0 | AB73: DA+0
B76: 20/4 | D76: 20/5 | F76: 20/6 | H76: AP21 | J76: 21/1 | L76: 21/2 | N76: AP22 | P76: AP23 | R76: 23/1 | T76: 23/2 | V76: 23/3 | X76: AP24 | Z76: 24/1 | AB76: AP25
AF77: T | AG77: F | AH77: EA | AI77: ER | AJ77: Length | AK77: TW
C79: 348.292 | E79: 418.835 | G79: 408.963 | I79: 365.467 | K79: 437.074 | M79: 363.142 | O79: 159.789 | Q79: 300.158 | S79: 293.131 | U79: 357.377 | W79: 341.409 | Y79: 362.905 | AA79: 421.052 | AC79: 216.448 | AF79: 14
B81: DA+0 | D81: DA+3 | F81: DA+9 | H81: DD+3 | J81: DA+0 | L81: DA+6 | N81: DB+3 | P81: DD+0 | R81: DB+3 | T81: DA+0 | V81: DA+0 | X81: DC+9 | Z81: DA+9 | AB81: DD+30
B84: AP26 | D84: AP27 | F84: AP27A | H84: 27A/1 | J84: 27A/2 | L84: 27A/3 | N84: AP27B | P84: 27B/1 | R84: 27B/2 | T84: 27B/3 | V84: AP28 | X84: 28/1 | Z84: 28/2 | AB84: AP29
AF85: T | AG85: F | AH85: EA | AI85: ER | AJ85: Length | AK85: TW
C87: 439.695 | E87: 243.188 | G87: 333.219 | I87: 363.001 | K87: 356.124 | M87: 511.692 | O87: 376.245 | Q87: 381.122 | S87: 364.433 | U87: 263.077 | W87: 356.193 | Y87: 352.42 | AA87: 460.564 | AC87: 381.028 | AF87: 14
B89: DD+30 | D89: DC+0 | F89: DD+0 | H89: DA+3 | J89: DA+3 | L89: DB+0 | N89: DB+0 | P89: DA+0 | R89: DA+3 | T89: DA+9 | V89: DD+6 | X89: DA+0 | Z89: DB+9 | AB89: DC+6
B92: 29/1 | D92: 29/2 | F92: AP30 | H92: 30/1 | J92: 30/2 | L92: 30/3 | N92: AP31 | P92: AP32 | R92: 32/1 | T92: 32/2 | V92: 32/3 | X92: AP33 | Z92: AP34 | AB92: 34/1
AF93: T | AG93: F | AH93: EA | AI93: ER | AJ93: Length | AK93: TW
C95: 419.603 | E95: 425.18 | G95: 287.537 | I95: 336.512 | K95: 325.304 | M95: 214.253 | O95: 455.946 | Q95: 421 | S95: 419 | U95: 408 | W95: 409.749 | Y95: 324.03 | AA95: 366.7 | AC95: 473.305 | AF95: 14
B97: DA+3 | D97: DA+9 | F97: DC+0 | H97: DA+0 | J97: DA+0 | L97: DA+0 | N97: DC+9 | P97: DC+9 | R97: DA+3 | T97: DA+3 | V97: DA+9 | X97: DB+0 | Z97: DC+6 | AB97: DA+9
B100: AP35 | D100: 35/1 | F100: AP36 | H100: 36/1 | J100: 36/2 | L100: 36A | N100: AP37 | P100: 37/1 | R100: AP38 | T100: 38/1 | V100: 38/2 | X100: 38/3 | Z100: AP39 | AB100: 39/1 | AD100: 39/2
AF101: T | AG101: F | AH101: EA | AI101: ER | AJ101: Length | AK101: TW
C103: 358.321 | E103: 477.815 | G103: 415.464 | I103: 402.229 | K103: 437.434 | O103: 455.922 | Q103: 368.5 | S103: 419.765 | U103: 418.917 | W103: 386.486 | Y103: 376.53 | AA103: 404.739 | AC103: 366.729 | AE103: 274.587 | AF103: 14
B105: DC+9 | D105: DA+9 | F105: DC+9 | H105: DA+9 | J105: DA+9 | L105: DD+0 | N105: DD+0 | P105: DA+6 | R105: DB+0 | T105: DA+6 | V105: DA+9 | X105: DA+3 | Z105: DB+3 | AB105: DA+6 | AD105: DA+0
B108: 39/3 | D108: 39/4 | F108: 39/5 | H108: AP40 | J108: 40/1 | L108: 40/2 | N108: AP41 | P108: 41/1 | R108: 41/2 | T108: 41/3 | V108: AP42 | X108: 42/1 | Z108: 42/2 | AB108: 42/3
AF109: T | AG109: F | AH109: EA | AI109: ER | AJ109: Length | AK109: TW
C111: 341.668 | E111: 425.863 | G111: 394.307 | I111: 370.45 | K111: 436.754 | M111: 397.605 | O111: 413.401 | Q111: 423.645 | S111: 415.968 | U111: 415.349 | W111: 394.875 | Y111: 429.62 | AA111: 381.905 | AC111: 405.26 | AF111: 14
B113: DA+0 | D113: DA+0 | F113: DA+6 | H113: DD+3 | J113: DB+6 | L113: DA+6 | N113: DB+0 | P113: DA+9 | R113: DA+0 | T113: DA+9 | V113: DC+3 | X113: DA+9 | Z113: DCT+6 | AB113: DA+9
B116: 42/4 | D116: 42/5 | F116: 42/6 | H116: 42/7 | J116: AP43 | L116: AP44 | N116: 44/1 | P116: AP45 | R116: 45/1 | T116: 45/2 | V116: 45/3 | X116: 45/4 | Z116: AP46 | AB116: AP47
AF117: T | AG117: F | AH117: EA | AI117: ER | AJ117: Length | AK117: TW
AH118: s
C119: 338.156 | E119: 288.303 | G119: 297.148 | I119: 195.903 | K119: 249.66 | M119: 374.475 | O119: 443.95 | Q119: 404.386 | S119: 341.423 | U119: 305.401 | W119: 319.981 | Y119: 345.621 | AA119: 223.151 | AC119: 393.817 | AF119: 14
B121: DA+9 | D121: DA+0 | F121: DA+3 | H121: DA+0 | J121: DC+6 | L121: DB+9 | N121: DA+9 | P121: DD+9 | R121: DA+0 | T121: DA+3 | V121: DA+0 | X121: DA+6 | Z121: DD+3 | AB121: DD+9
B124: 47/1 | D124: 47/2 | F124: AP48 | H124: AP49 | J124: AP50 | L124: AP51 | N124: 51/1 | P124: 51/2 | R124: 51/3 | T124: AP52 | V124: 52/1 | X124: AP53 | Z124: AP54 | AB124: 54/1
AF125: T | AG125: F | AH125: EA | AI125: ER | AJ125: Length | AK125: TW
C127: 435.136 | E127: 403.209 | G127: 422.554 | I127: 353.484 | K127: 274.899 | M127: 465.033 | O127: 373.977 | Q127: 416.864 | S127: 381.019 | U127: 391.519 | W127: 374.934 | Y127: 248.567 | AA127: 384.17 | AC127: 330.764 | AF127: 14 | AG127: 1
B129: DA+9 | D129: DA+9 | F129: DD+3 | H129: DD+3 | J129: DD+9 | L129: DD+18 | N129: DA+3 | P129: DA+0 | R129: DA+3 | T129: DB+0 | V129: DA+6 | X129: DD+0 | Z129: DC+0 | AB129: DA+3
T130: RC 3M | V130: RC 1M
B132: 54/2 | D132: 54/3 | F132: AP55 | H132: AP56 | J132: 56/1 | L132: 56/2 | N132: 56/3 | P132: 56/4 | R132: 56/5 | T132: AP57 | V132: AP58 | X132: AP59 | Z132: 59/1 | AB132: AP60
AF133: T | AG133: F | AH133: EA | AI133: ER | AJ133: Length | AK133: TW
C135: 285.319 | E135: 354.7 | G135: 420.541 | I135: 340.559 | K135: 336.519 | M135: 375.992 | O135: 308.407 | Q135: 444.838 | S135: 392.016 | U135: 407.803 | W135: 206.062 | Y135: 417.384 | AA135: 304.564 | AC135: 395.509 | AF135: 14
B137: DA+6 | D137: DA+3 | F137: DD+18 | H137: DB+9 | J137: DB+9 | L137: DA+0 | N137: DB+9 | P137: DA+6 | R137: DA+6 | T137: DB+9 | V137: DB+9 | X137: DC+9 | Z137: DA+0 | AB137: DD+0
B138: RC 1M | D138: RC 1M | F138: RC 3M | H138: RC 3M | T138: RC 1M & 3M
B140: 60/1 | D140: 60/2 | F140: 60/3 | H140: AP61 | J140: 61/1 | L140: AP62 | N140: 62/1 | P140: 62/2 | R140: 62/3 | T140: 62/4 | V140: 62/5 | X140: AP63 | Z140: 63/1 | AB140: AP64
AF141: T | AG141: F | AH141: EA | AI141: ER | AJ141: Length | AK141: TW
C143: 431.017 | E143: 403.426 | G143: 420.357 | I143: 446.37 | K143: 297.577 | M143: 240.473 | O143: 312.687 | Q143: 347.884 | S143: 379.249 | U143: 398.697 | W143: 439.062 | Y143: 360.21 | AA143: 399.579 | AC143: 364 | AF143: 14
B145: DA+9 | D145: DA+3 | F145: DA+9 | H145: DC+0 | J145: DA+9 | L145: DB+0 | N145: DA+0 | P145: DA+0 | R145: DA+9 | T145: DA+6 | V145: DA+6 | X145: DC+0 | Z145: DA+0 | AB145: DC+9
F146: RC 3M | N146: RC 1M | R146: RC 3M | AB146: RC 1M
B148: 64/1 | D148: 64/2 | F148: 64/3 | H148: 64/4 | J148: 64/5 | L148: 64/6 | N148: 64/7 | P148: AP65 | R148: 65/1 | T148: AP66 | V148: 66/1 | X148: 66/2 | Z148: 66/3 | AB148: 66/4
AF149: T | AG149: F | AH149: EA | AI149: ER | AJ149: Length | AK149: TW
C151: 442 | E151: 397 | G151: 395 | I151: 432 | K151: 408 | M151: 426 | O151: 392.954 | Q151: 431.957 | S151: 426.02 | U151: 401 | W151: 437 | Y151: 402 | AA151: 436 | AC151: 392.283 | AF151: 14 | AG151: 8 | AH151: 2
B153: DA+9 | D153: DA+9 | F153: DA+9 | H153: DA+9 | J153: DA+9 | L153: DA+3 | N153: DA+3 | P153: DD+0 | R153: DB+9 | T153: DD+0 | V153: DA+9 | X153: DA+0 | Z153: DA+3 | AB153: DA+9
B154: RC 3M | D154: RC 1M | T154: RC 1M
B156: AP67 | D156: 67/1 | F156: 67/2 | H156: AP68 | J156: AP69 | L156: 69/1 | N156: 69/2 | P156: 69/3 | R156: AP70 | T156: AP71 | V156: 71/1 | X156: 71/2 | Z156: 71/3 | AB156: AP72
AF157: T | AG157: F | AH157: EA | AI157: ER | AJ157: Length | AK157: TW
C159: 402.5 | E159: 411.557 | G159: 438.461 | I159: 410.356 | K159: 379.755 | M159: 396.947 | O159: 414.594 | Q159: 352.994 | S159: 389.303 | U159: 237.59 | W159: 290.877 | Y159: 345.605 | AA159: 318.63 | AC159: 307.017 | AF159: 14
B161: DC+6 | D161: DA+6 | F161: DB+0 | H161: DB+9 | J161: DD+3 | L161: DA+6 | N161: DA+0 | P161: DA+0 | R161: DD+0 | T161: DB+0 | V161: DA+9 | X161: DA+0 | Z161: DA+0 | AB161: DD+0
B162: RC 1M | P162: RC 1M | Z162: RC 1M | AB162: RC 1M & 3M
B164: 72/1 | D164: 72/2 | F164: AP73 | H164: 73/1 | J164: 73/2 | L164: 73/3 | N164: AP74 | P164: 74/1 | R164: AP75 | T164: 75/1 | V164: 75/2 | X164: 75/3 | Z164: 75/4 | AB164: 75/5
AF165: T | AG165: F | AH165: EA | AI165: ER | AJ165: Length | AK165: TW
C167: 346.846 | D167: u/p | E167: 300.193 | F167: u/p | G167: 317 | I167: 454 | K167: 385 | M167: 417.688 | O167: 409.505 | Q167: 385.169 | S167: 345.191 | U167: 332.383 | W167: 393.622 | Y167: 387.948 | AA167: 340.348 | AC167: 393.121 | AF167: 14 | AG167: 8 | AH167: 7
B169: DA+3 | D169: DA+3 | F169: DB+0 | H169: DA+0 | J169: DA+9 | L169: DA+9 | N169: DB+9 | P169: DA+0 | R169: DC+0 | T169: DA+0 | V169: DA+0 | X169: DA+3 | Z169: DA+0 | AB169: DA+0
B170: RC 1M & 3M | H170: RC 3M
B172: 75/6 | D172: 75/7 | F172: AP76 | H172: 76/1 | J172: AP77 | L172: 77/1 | N172: 77/2 | P172: 77/3 | R172: 77/4 | T172: 77/5 | V172: AP78 | X172: 78/1 | Z172: AP79 | AB172: 79/1
AF173: T | AG173: F | AH173: EA | AI173: ER | AJ173: Length | AK173: TW
...

Sheet Sheet6
B3: SL No | C3: Loc No | D3: TOT | E3: Classificatin | F3: M-10 | G3: M-20
B4: 1 | C4: 83/1 | D4: DA+3 | E4: Sandy | F4: 1.86 | G4: 12.47
B5: =B4+1 -> 2 | C5: 75/7 | D5: DA+0 | E5: Sandy | F5: 1.57 | G5: 11.05
B6: =B5+1 -> 3 | C6: 75/6 | D6: DA+0 | E6: Sandy | F6: 1.57 | G6: 11.05
B7: =B6+1 -> 4 | C7: 75/5 | D7: DA+0 | E7: Sandy | F7: 1.57 | G7: 11.05
B8: =B7+1 -> 5 | C8: 75/4 | D8: DA+0 | E8: Sandy | F8: 1.57 | G8: 11.05
B9: =B8+1 -> 6 | C9: 75/3 | D9: DA+3 | E9: Sandy | F9: 1.86 | G9: 12.47
B10: =B9+1 -> 7 | C10: 75/1 | D10: DA+0 | E10: Sandy | F10: 1.57 | G10: 11.05
B11: =B10+1 -> 8 | C11: 75/2 | D11: DA+0 | E11: Sandy | F11: 1.57 | G11: 11.05
B12: =B11+1 -> 9 | C12: 77/1 | D12: DA+0 | E12: Sandy | F12: 1.57 | G12: 11.05
B13: =B12+1 -> 10 | C13: 77/2 | D13: DA+3 | E13: Sandy | F13: 1.86 | G13: 12.47
B14: =B13+1 -> 11 | C14: 77/3 | D14: DA+0 | E14: Sandy | F14: 1.57 | G14: 11.05
B15: =B14+1 -> 12 | C15: 77/4 | D15: DA+3 | E15: Sandy | F15: 1.86 | G15: 12.47
B16: =B15+1 -> 13 | C16: 77/5 | D16: DA+6 | E16: Sandy | F16: 1.86 | G16: 12.47
... B37: =B36+1 -> 34 | C37: 64/7 | D37: DA+3 | E37: Sandy | F37: 1.86 | G37: 12.47
B38: =B37+1 -> 35 | C38: 98A/1 | D38: DA+0 | E38: DFR | F38: 1.08 | G38: 8.68 | I38: ]]
B39: =B38+1 -> 36 | C39: 87/2 | D39: DA+9 | E39: Sandy | F39: 1.86 | G39: 12.47
B40: =B39+1 -> 37 | C40: 64/6 | D40: DA+3 | E40: Sandy | F40: 1.86 | G40: 12.47
B41: =B40+1 -> 38 | C41: 64/5 | D41: DA+9 | E41: Sandy | F41: 1.86 | G41: 12.47
F42: =SUM(F4:F41) -> 65.06 | G42: =SUM(G4:G41) -> 446.4 | H42: =SUM(F42:G42) -> 511.46

Sheet VC 51-121
A1: TB-507 400 KV (Twin) D/C Fatehgarh IV - Bhinmal Transmission Line
A2: DPR and VISUAL CHART
A4: DPR- | D4: As per Approved Check Survey | F4: No.Of Towers | G4: Length | H4: Foundation | K4: Earthing | L4: Tower Erection | O4: Stringing
H5: Com | I5: WIP | J5: Bal | K5: Com | L5: Com | M5: WIP | N5: Bal | O5: Com | P5: WIP | Q5: Bal
D6: AP 51- AP 121 | F6: 196 | G6: 74.398 | H6: 39 | I6: 4 | J6: =F6-H6-I6 -> 153 | K6: 25 | N6: =F6-L6 -> 196 | Q6: =G6-O6 -> 74.398
C8: =A8+1 -> 1 | E8: =C8+1 -> 2 | G8: =E8+1 -> 3 | I8: =G8+1 -> 4 | K8: =I8+1 -> 5 | M8: =K8+1 -> 6 | O8: =M8+1 -> 7 | Q8: =O8+1 -> 8 | S8: =Q8+1 -> 9
Y9: DA | AE9: DB | AJ9: DC | AO9: DD
D10: 465.03 | F10: 375.98 | H10: 414.86 | J10: 381.02 | L10: 353.63 | N10: 351.4 | P10: 433.26 | R10: 396.56 | T10: 408.11 | U10: =B10+F10+H10+J10+L10+D10+N10+P10+R10+T10 -> 3579.85 | X10: +0 | Y10: +3 | Z10: +6 | AA10: +9 | AD10: +0 | AE10: +3 | AF10: +6 | AG10: +9 | AI10: +0 | AJ10: +3 | AK10: +6 | AL10: +9 | AN10: +0 | AO10: +3 | AP10: +6 | AQ10: +9
G12: U/P | X12: =COUNTIF($C$14:$V$14,"DA+0") -> 1 | Y12: =COUNTIF($C$14:$V$14,"DA+3") -> 3 | Z12: =COUNTIF($C$14:$V$14,"DA+6") -> 1 | AA12: =COUNTIF($C$14:$V$14,"DA+9") -> 0 | AD12: =COUNTIF($C$14:$V$14,"DB+0") -> 1 | AE12: =COUNTIF($C$14:$V$14,"DB+3") -> 0 | AF12: =COUNTIF($C$14:$V$14,"DB+6") -> 0 | AG12: =COUNTIF($C$14:$V$14,"DB+9") -> 0 | AI12: =COUNTIF($C$14:$V$14,"DC+0") -> 0 | AJ12: =COUNTIF($C$14:$V$14,"DC+3") -> 0 | AK12: =COUNTIF($C$14:$V$14,"DC+6") -> 0 | AL12: =COUNTIF($C$14:$V$14,"DC+9") -> 0 | AN12: =COUNTIF($C$14:$V$14,"DD+0") -> 1 | AO12: =COUNTIF($C$14:$V$14,"DD+3") -> 0 | AP12: =COUNTIF($C$14:$V$14,"DD+6") -> 0 | AQ12: =COUNTIF($C$14:$V$14,"DD+9") -> 0
C13: AP51 | E13: 51/1 | G13: 51/2 | I13: 51/3 | K13: AP52 | M13: 52/1 | O13: AP53 | Q13: AP54 | S13: 54/1
C14: DD+18 | E14: DA+3 | G14: DA+0 | I14: DA+3 | K14: DB+0 | M14: DA+6 | O14: DD+0 | Q14: DC+00 | S14: DA+3
K15: RC | M15: RC
B17: =S8+1 -> 10 | D17: =B17+1 -> 11 | F17: =D17+1 -> 12 | H17: =F17+1 -> 13 | J17: =H17+1 -> 14 | L17: =J17+1 -> 15 | N17: =L17+1 -> 16 | P17: =N17+1 -> 17 | R17: =P17+1 -> 18 | T17: =R17+1 -> 19
C19: 425.22 | E19: 420.54 | G19: 340.56 | I19: 336.52 | K19: 375.99 | M19: 303.41 | O19: 448.76 | Q19: 393.09 | S19: 407.8 | U19: 206.06 | V19: =C19+G19+I19+K19+M19+E19+O19+Q19+S19+U19 -> 3657.95
B22: 54/2 | D22: 54/3 | F22: AP55 | H22: AP56 | J22: 56/1 | L22: 56/2 | N22: 56/3 | P22: 56/4 | R22: 56/5 | T22: AP57 | X22: =COUNTIF($B$23:$V$23,"DA+0") -> 1 | Y22: =COUNTIF($B$23:$V$23,"DA+3") -> 1 | Z22: =COUNTIF($B$23:$V$23,"DA+6") -> 3 | AA22: =COUNTIF($B$23:$V$23,"DA+9") -> 0 | AD22: =COUNTIF($B$23:$V$23,"DB+0") -> 0 | AE22: =COUNTIF($B$23:$V$23,"DB+3") -> 0 | AF22: =COUNTIF($B$23:$V$23,"DB+6") -> 0 | AG22: =COUNTIF($B$23:$V$23,"DB+9") -> 2 | AI22: =COUNTIF($B$23:$V$23,"DC+0") -> 0 | AJ22: =COUNTIF($B$23:$V$23,"DC+3") -> 0 | AK22: =COUNTIF($B$23:$V$23,"DC+6") -> 0 | AL22: =COUNTIF($B$23:$V$23,"DC+9") -> 0 | AN22: =COUNTIF($B$23:$V$23,"DD+0") -> 0 | AO22: =COUNTIF($B$23:$V$23,"DD+3") -> 0 | AP22: =COUNTIF($B$23:$V$23,"DD+6") -> 0 | AQ22: =COUNTIF($B$23:$V$23,"DD+9") -> 0
B23: DA+6 | D23: DA+3 | F23: DD+18 | H23: DB+09 | J23: DB+9 | L23: DA+0 | N23: DB+9 | P23: DA+6 | R23: DA+6 | T23: DB+09
B24: Benching &RC | D24: RC | F24: RC | H24: Benching &RC | T24: Benching &RC
B26: =T17+1 -> 20 | D26: =B26+1 -> 21 | F26: =D26+1 -> 22 | H26: =F26+1 -> 23 | J26: =H26+1 -> 24 | L26: =J26+1 -> 25 | N26: =L26+1 -> 26 | P26: =N26+1 -> 27 | R26: =P26+1 -> 28 | T26: =R26+1 -> 29
C28: 417.38 | E28: 304.56 | G28: 408.66 | I28: 434.89 | K28: 408.17 | M28: 398.59 | O28: 446.37 | Q28: 297.58 | S28: 240.47 | U28: 312.69 | V28: =C28+G28+I28+K28+M28+E28+O28+Q28+S28+U28 -> 3669.36
B31: AP58 | D31: AP59 | F31: 59/1 | H31: AP60 | J31: 60/1 | L31: 60/2 | N31: 60/3 | P31: AP61 | R31: 61/1 | T31: AP62
B32: DB+09 | D32: DC+09 | F32: DA+0 | H32: DD+00 | J32: DA+9 | L32: DA+0 | N32: DA+9 | P32: DC+00 | R32: DA+9 | T32: DB+00 | X32: =COUNTIF($B$32:$V$32,"DA+0") -> 2 | Y32: =COUNTIF($B$32:$V$32,"DA+3") -> 0 | Z32: =COUNTIF($B$32:$V$32,"DA+6") -> 0 | AA32: =COUNTIF($B$32:$V$32,"DA+9") -> 3 | AD32: =COUNTIF($B$32:$V$32,"DB+0") -> 0 | AE32: =COUNTIF($B$32:$V$32,"DB+3") -> 0 | AF32: =COUNTIF($B$32:$V$32,"DB+6") -> 0 | AG32: =COUNTIF($B$32:$V$32,"DB+9") -> 0 | AI32: =COUNTIF($B$32:$V$32,"DC+0") -> 0 | AJ32: =COUNTIF($B$32:$V$32,"DC+3") -> 0 | AK32: =COUNTIF($B$32:$V$32,"DC+6") -> 0 | AL32: =COUNTIF($B$32:$V$32,"DC+9") -> 0 | AN32: =COUNTIF($B$32:$V$32,"DD+0") -> 0 | AO32: =COUNTIF($B$32:$V$32,"DD+3") -> 0 | AP32: =COUNTIF($B$32:$V$32,"DD+6") -> 0 | AQ32: =COUNTIF($B$32:$V$32,"DD+9") -> 0
F33: Benching | N33: RC
B35: =T26+1 -> 30 | D35: =B35+1 -> 31 | F35: =D35+1 -> 32 | H35: =F35+1 -> 33 | J35: =H35+1 -> 34 | L35: =J35+1 -> 35 | N35: =L35+1 -> 36 | P35: =N35+1 -> 37 | R35: =P35+1 -> 38 | T35: =R35+1 -> 39
C37: 347.88 | E37: 379.25 | G37: 398.7 | I37: 439.06 | K37: 381.53 | M37: 379.71 | O37: 426.3 | Q37: 387.14 | U37: 423.77 | V37: =C37+G37+I37+K37+M37+E37+#REF!+O37+Q37+#REF! -> #REF!
B40: 62/1 | D40: 62/2 | F40: 62/3 | H40: 62/4 | J40: 62/5 | L40: AP63 | N40: 63/1 | P40: AP64 | R40: 64/1 | T40: 64/2
B41: DA+0 | D41: DA+0 | F41: DA+9 | H41: DA+6 | J41: DA+6 | L41: DC+00 | N41: DA+0 | P41: DC+09 | R41: DA+9 | T41: DA+9 | X41: =COUNTIF($B$41:$V$41,"DA+0") -> 3 | Y41: =COUNTIF($B$41:$V$41,"DA+3") -> 0 | Z41: =COUNTIF($B$41:$V$41,"DA+6") -> 2 | AA41: =COUNTIF($B$41:$V$41,"DA+9") -> 3 | AD41: =COUNTIF($B$41:$V$41,"DB+0") -> 0 | AE41: =COUNTIF($B$41:$V$41,"DB+3") -> 0 | AF41: =COUNTIF($B$41:$V$41,"DB+6") -> 0 | AG41: =COUNTIF($B$41:$V$41,"DB+9") -> 0 | AI41: =COUNTIF($B$41:$V$41,"DC+0") -> 0 | AJ41: =COUNTIF($B$41:$V$41,"DC+3") -> 0 | AK41: =COUNTIF($B$41:$V$41,"DC+6") -> 0 | AL41: =COUNTIF($B$41:$V$41,"DC+9") -> 0 | AN41: =COUNTIF($B$41:$V$41,"DD+0") -> 0 | AO41: =COUNTIF($B$41:$V$41,"DD+3") -> 0 | AP41: =COUNTIF($B$41:$V$41,"DD+6") -> 0 | AQ41: =COUNTIF($B$41:$V$41,"DD+9") -> 0
B42: RC | F42: RC | P42: Benching &RC | R42: RC | T42: RC
B43: =T35+1 -> 40 | D43: =B43+1 -> 41 | F43: =D43+1 -> 42 | H43: =F43+1 -> 43 | J43: =H43+1 -> 44 | L43: =J43+1 -> 45 | N43: =L43+1 -> 46 | P43: =N43+1 -> 47 | R43: =P43+1 -> 48 | T43: =R43+1 -> 49
C45: 407.9 | E45: 426.63 | G45: 392.27 | I45: 431.96 | K45: 426.02 | M45: 405.36 | O45: 411.93 | Q45: 423.77 | S45: 407.9 | U45: 426.63
B46: F | D46: F | F46: F | H46: F | J46: F | R46: F | T46: F
B47: Er | F47: Er
B48: 64/3 | D48: 64/4 | F48: 64/5 | H48: 64/6 | J48: 64/7 | L48: 65/0 | N48: 65/1 | P48: 66/0 | R48: 66/1 | T48: 66/2
B49: DA+9 | D49: DA+9 | F49: DA+9 | H49: DA+3 | J49: DA+3 | L49: DD+0 | N49: DB+09 | P49: DD+0 | R49: DA+9 | T49: DA+0 | V49: =#REF!+I77+K77+M77+O77+G77+Q77+S77+#REF!+#REF! -> #REF! | X49: =COUNTIF($B$49:$V$49,"DA+0") -> 1 | Y49: =COUNTIF($C$14:$V$14,"DA+3") -> 3 | Z49: =COUNTIF($C$14:$V$14,"DA+6") -> 1 | AA49: =COUNTIF($C$14:$V$14,"DA+9") -> 0 | AD49: =COUNTIF($B$49:$V$49,"DB+0") -> 0 | AE49: =COUNTIF($C$14:$V$14,"DB+3") -> 0 | AF49: =COUNTIF($C$14:$V$14,"DB+6") -> 0 | AG49: =COUNTIF($C$14:$V$14,"DB+9") -> 0 | AI49: =COUNTIF($B$49:$V$49,"DC+0") -> 0 | AJ49: =COUNTIF($C$14:$V$14,"DC+3") -> 0 | AK49: =COUNTIF($C$14:$V$14,"DC+6") -> 0 | AL49: =COUNTIF($C$14:$V$14,"DC+9") -> 0 | AN49: =COUNTIF($B$49:$V$49,"DD+0") -> 2 | AO49: =COUNTIF($C$14:$V$14,"DD+3") -> 0 | AP49: =COUNTIF($C$14:$V$14,"DD+6") -> 0 | AQ49: =COUNTIF($C$14:$V$14,"DD+9") -> 0
P50: RC
B51: =T43+1 -> 50 | D51: =B51+1 -> 51 | F51: =D51+1 -> 52 | H51: =F51+1 -> 53 | J51: =H51+1 -> 54 | L51: =J51+1 -> 55 | N51: =L51+1 -> 56 | P51: =N51+1 -> 57 | R51: =P51+1 -> 58 | T51: =R51+1 -> 59 | V51: =T51+1 -> 60
C53: 392.27 | E53: 431.96 | G53: 426.02 | I53: 405.36 | K53: 411.93 | M53: 350.33 | O53: 378.3 | Q53: 416.82 | S53: 371.85
B54: F | D54: ROW
B56: 66/3 | D56: 66/4 | F56: 67/0 | H56: 67/1 | J56: 67/2 | L56: AP68 | N56: AP69 | P56: 69/1 | R56: 69/2 | T56: 69/3 | V56: 70/0
B57: DA+3 | D57: DA+9 | F57: DC+6 | H57: DA+6 | J57: DB+0 | L57: DB+09 | N57: DD+3 | P57: DA+6 | R57: DA+0 | T57: DA+0 | V57: DD+00 | X57: =COUNTIF($B$57:$V$57,"DA+0") -> 2 | Y57: =COUNTIF($B$57:$V$57,"DA+3") -> 1 | Z57: =COUNTIF($B$57:$V$57,"DA+6") -> 2 | AA57: =COUNTIF($B$57:$V$57,"DA+9") -> 1 | AD57: =COUNTIF($B$57:$V$57,"DB+0") -> 1 | AE57: =COUNTIF($B$57:$V$57,"DB+3") -> 0 | AF57: =COUNTIF($B$57:$V$57,"DB+6") -> 0 | AG57: =COUNTIF($B$57:$V$57,"DB+9") -> 0 | AI57: =COUNTIF($B$57:$V$57,"DC+0") -> 0 | AJ57: =COUNTIF($B$57:$V$57,"DC+3") -> 0 | AK57: =COUNTIF($B$57:$V$57,"DC+6") -> 1 | AL57: =COUNTIF($B$57:$V$57,"DC+9") -> 0 | AN57: =COUNTIF($B$57:$V$57,"DD+0") -> 0 | AO57: =COUNTIF($B$57:$V$57,"DD+3") -> 1 | AP57: =COUNTIF($B$57:$V$57,"DD+6") -> 0 | AQ57: =COUNTIF($B$57:$V$57,"DD+9") -> 0
F58: RC | R58: Benching | T58: RC | V58: =A85+I77+K77+M77+O77+G77+Q77+S77+#REF!+C77 -> #REF!
B59: =V51+1 -> 61 | D59: =B59+1 -> 62 | F59: =D59+1 -> 63 | H59: =F59+1 -> 64 | J59: =H59+1 -> 65 | L59: =J59+1 -> 66 | N59: =L59+1 -> 67 | P59: =N59+1 -> 68 | R59: =P59+1 -> 69 | T59: =R59+1 -> 70
C61: 392.27 | E61: 431.96 | G61: 426.02 | I61: 405.36 | K61: 411.93 | M61: 350.33 | O61: 378.3 | Q61: 416.82 | S61: 371.85
T62: F
B64: AP71 | D64: 71/1 | F64: 71/2 | H64: 71/3 | J64: AP72 | L64: 72/1 | N64: 72/2 | P64: AP73 | R64: 73/1 | T64: 73/2
B65: DB+00 | D65: DA+9 | F65: DA+0 | H65: DA+0 | J65: DD+00 | L65: DA+3 | N65: DA+3 | P65: DB+00 | R65: DA+0 | T65: DA+9 | X65: =COUNTIF($B$65:$V$65,"DA+0") -> 3 | Y65: =COUNTIF($B$65:$V$65,"DA+3") -> 2 | Z65: =COUNTIF($B$65:$V$65,"DA+6") -> 0 | AA65: =COUNTIF($B$65:$V$65,"DA+9") -> 2 | AD65: =COUNTIF($B$65:$V$65,"DB+0") -> 0 | AE65: =COUNTIF($B$65:$V$65,"DA+3") -> 2 | AF65: =COUNTIF($B$65:$V$65,"DB+6") -> 0 | AG65: =COUNTIF($B$65:$V$65,"DB+9") -> 0 | AI65: =COUNTIF($B$65:$V$65,"DC+0") -> 0 | AJ65: =COUNTIF($B$65:$V$65,"DC+3") -> 0 | AK65: =COUNTIF($B$65:$V$65,"DC+6") -> 0 | AL65: =COUNTIF($B$65:$V$65,"DC+9") -> 0 | AN65: =COUNTIF($B$65:$V$65,"DD+0") -> 0 | AO65: =COUNTIF($B$65:$V$65,"DD+3") -> 0 | AP65: =COUNTIF($B$65:$V$65,"DD+6") -> 0 | AQ65: =COUNTIF($B$65:$V$65,"DD+9") -> 0
H66: RC | J66: Benching &RC | L66: RC | R66: Benching & RC | T66: CLEAR | V66: =A93+I85+K85+M85+O85+G85+Q85+S85+U85+C85 -> 3994.99
B67: =T59+1 -> 71 | D67: =B67+1 -> 72 | F67: =D67+1 -> 73 | H67: =F67+1 -> 74 | J67: =H67+1 -> 75 | L67: =J67+1 -> 76 | N67: =L67+1 -> 77 | P67: =N67+1 -> 78 | R67: =P67+1 -> 79 | T67: =R67+1 -> 80
C69: 385.17 | E69: 345.19 | G69: 332.38 | I69: 393.62 | K69: 387.95 | M69: 340.35 | O69: 393.12 | Q69: 328.54 | S69: 398.52
B70: F | F70: F | J70: F | L70: F | N70: F | P70: F | R70: F | T70: F
B71: Er | F71: Er | J71: Er | L71: Er | N71: Er | P71: Er | T71: Er
B72: 73/3 | D72: AP74 | F72: 74/1 | H72: AP75 | J72: 75/1 | L72: 75/2 | N72: 75/3 | P72: 75/4 | R72: 75/5 | T72: 75/6
B73: DA+9 | D73: DB+09 | F73: DA+0 | H73: DC+0 | J73: DA+0 | L73: DA+0 | N73: DA+3 | P73: DA+0 | R73: DA+0 | T73: DA+0 | X73: =COUNTIF($B$73:$V$73,"DA+0") -> 6 | Y73: =COUNTIF($B$73:$V$73,"DA+3") -> 1 | Z73: =COUNTIF($B$73:$V$73,"DA+6") -> 0 | AA73: =COUNTIF($B$73:$V$73,"DA+9") -> 1 | AD73: =COUNTIF($B$73:$V$73,"DB+0") -> 0 | AE73: =COUNTIF($B$73:$V$73,"DB+3") -> 0 | AF73: =COUNTIF($B$73:$V$73,"DB+6") -> 0 | AG73: =COUNTIF($B$73:$V$73,"DB+9") -> 0 | AI73: =COUNTIF($B$73:$V$73,"DC+0") -> 1 | AJ73: =COUNTIF($B$73:$V$73,"DC+3") -> 0 | AK73: =COUNTIF($B$73:$V$73,"DC+6") -> 0 | AL73: =COUNTIF($B$73:$V$73,"DC+9") -> 0 | AN73: =COUNTIF($B$73:$V$73,"DD+0") -> 0 | AO73: =COUNTIF($B$73:$V$73,"DD+3") -> 0 | AP73: =COUNTIF($B$73:$V$73,"DD+6") -> 0 | AQ73: =COUNTIF($B$73:$V$73,"DD+9") -> 0
B74: CLEAR | H74: Benching | J74: Benching | L74: Benching &RC
B75: =T67+1 -> 81 | D75: =B75+1 -> 82 | F75: =D75+1 -> 83 | H75: =F75+1 -> 84 | J75: =H75+1 -> 85 | L75: =J75+1 -> 86 | N75: =L75+1 -> 87 | P75: =N75+1 -> 88 | R75: =P75+1 -> 89 | T75: =R75+1 -> 90
G77: 388.46 | I77: 380.96 | K77: 374.03 | M77: 351.96 | O77: 395.64 | Q77: 414.76 | S77: 401.93
B78: F | F78: F | J78: F | L78: F | N78: F | P78: F | R78: F
B79: Er | F79: Er | J79: Er | L79: Er | N79: Er | P79: Er | R79: Er
B80: 75/7 | D80: AP76 | F80: 76/1 | H80: 77/0 | J80: 77/1 | L80: 77/2 | N80: 77/3 | P80: 77/4 | R80: 77/5 | T80: AP78
B81: DA+0 | D81: DC+00 | F81: DA+6 | H81: DB+00 | J81: DA+0 | L81: DA+3 | N81: DA+0 | P81: DA+3 | R81: DA+6 | T81: DC+00 | X81: =COUNTIF($C$81:$V$81,"DA+0") -> 2 | Y81: =COUNTIF($C$81:$V$81,"DA+3") -> 2 | Z81: =COUNTIF($C$81:$V$81,"DA+6") -> 2 | AA81: =COUNTIF($C$81:$V$81,"DA+9") -> 0 | AD81: =COUNTIF($C$81:$V$81,"DB+0") -> 0 | AE81: =COUNTIF($C$81:$V$81,"DB+3") -> 0 | AF81: =COUNTIF($C$81:$V$81,"DB+6") -> 0 | AG81: =COUNTIF($C$81:$V$81,"DB+9") -> 0 | AI81: =COUNTIF($C$81:$V$81,"DC+0") -> 0 | AJ81: =COUNTIF($C$81:$V$81,"DC+3") -> 0 | AK81: =COUNTIF($C$81:$V$81,"DC+6") -> 0 | AL81: =COUNTIF($C$81:$V$81,"DC+9") -> 0 | AN81: =COUNTIF($C$81:$V$81,"DD+0") -> 0 | AO81: =COUNTIF($C$81:$V$81,"DD+3") -> 0 | AP81: =COUNTIF($C$81:$V$81,"DD+6") -> 0 | AQ81: =COUNTIF($C$81:$V$81,"DD+9") -> 0
F82: Clear | L82: Benching
B83: =T75+1 -> 91 | D83: =B83+1 -> 92 | F83: =D83+1 -> 93 | H83: =F83+1 -> 94 | J83: =H83+1 -> 95 | L83: =J83+1 -> 96 | N83: =L83+1 -> 97 | P83: =N83+1 -> 98 | R83: =P83+1 -> 99 | T83: =R83+1 -> 100
C85: 385.54 | G85: 351.18 | I85: 441.06 | K85: 387.5 | M85: 372.63 | O85: 415.3 | Q85: 424.58 | S85: 391.7 | U85: 410.47
F86: F | L86: F | R86: F
F87: Er | L87: Er | R87: Er
B88: 78/1 | D88: AP79 | F88: 79/1 | H88: 79/2 | J88: AP80 | L88: 80/1 | N88: AP81 | P88: 81/1 | R88: 81/2 | T88: 81/3
B89: DA+3 | D89: DD+00 | F89: DA+9 | H89: DA+0 | J89: DB+03 | L89: DA+9 | N89: DB+09 | P89: DA+0 | R89: DA+3 | T89: DA+0 | X89: =COUNTIF($B$89:$V$89,"DA+0") -> 3 | Y89: =COUNTIF($B$89:$V$89,"DA+3") -> 2 | Z89: =COUNTIF($B$89:$V$89,"DA+6") -> 0 | AA89: =COUNTIF($B$89:$V$89,"DA+9") -> 2 | AD89: =COUNTIF($B$89:$V$89,"DB+0") -> 0 | AE89: =COUNTIF($B$89:$V$89,"DB+3") -> 0 | AF89: =COUNTIF($B$89:$V$89,"DB+6") -> 0 | AG89: =COUNTIF($B$89:$V$89,"DB+9") -> 0 | AI89: =COUNTIF($B$89:$V$89,"DC+0") -> 0 | AJ89: =COUNTIF($B$89:$V$89,"DC+3") -> 0 | AK89: =COUNTIF($B$89:$V$89,"DC+6") -> 0 | AL89: =COUNTIF($B$89:$V$89,"DC+9") -> 0 | AN89: =COUNTIF($B$89:$V$89,"DD+0") -> 0 | AO89: =COUNTIF($B$89:$V$89,"DD+3") -> 0 | AP89: =COUNTIF($B$89:$V$89,"DD+6") -> 0 | AQ89: =COUNTIF($B$89:$V$89,"DD+9") -> 0
F90: RC | H90: RC,Benching | L90: Benching | P90: Benching &RC
B91: =T83+1 -> 101 | D91: =B91+1 -> 102 | F91: =D91+1 -> 103 | H91: =F91+1 -> 104 | J91: =H91+1 -> 105 | L91: =J91+1 -> 106 | N91: =L91+1 -> 107 | P91: =N91+1 -> 108 | R91: =P91+1 -> 109 | T91: =R91+1 -> 110
V92: =G110+K110+M110+O110+Q110+I110+S110+#REF!+C110+#REF! -> #REF!
A93: 415.03 | C93: 416.87 | G93: 426.47 | I93: 396.98 | K93: 429.38 | M93: 403.83 | O93: 384.63 | Q93: 380.68 | S93: 354.53
B94: ROW | N94: F | T94: F
B95: U/P
B96: 81/4 | D96: 81/5 | F96: AP82 | H96: 82/1 | J96: 82/2 | L96: AP83 | N96: 83/1 | P96: AP84 | R96: AP85 | T96: 85/1
B97: DA+0 | D97: DA+6 | F97: DB+03 | H97: DA+0 | J97: DA+3 | L97: DC+00 | N97: DA+3 | P97: DC+06 | R97: DC+00 | T97: DA+0 | X97: =COUNTIF($B$97:$V$97,"DA+0") -> 3 | Y97: =COUNTIF($B$97:$V$97,"DA+6") -> 1 | Z97: =COUNTIF($B$97:$V$97,"DA+6") -> 1 | AA97: =COUNTIF($B$97:$V$97,"DA+9") -> 0 | AD97: =COUNTIF($B$97:$V$97,"DB+0") -> 0 | AE97: =COUNTIF($B$97:$V$97,"DB+6") -> 0 | AF97: =COUNTIF($B$97:$V$97,"DB+6") -> 0 | AG97: =COUNTIF($B$97:$V$97,"DB+9") -> 0 | AI97: =COUNTIF($B$97:$V$97,"DC+0") -> 0 | AJ97: =COUNTIF($B$97:$V$97,"DA+6") -> 1 | AK97: =COUNTIF($B$97:$V$97,"DC+6") -> 0 | AL97: =COUNTIF($B$97:$V$97,"DC+9") -> 0 | AN97: =COUNTIF($B$97:$V$97,"DD+0") -> 0 | AO97: =COUNTIF($B$97:$V$97,"DA+6") -> 1 | AP97: =COUNTIF($B$97:$V$97,"DD+6") -> 0 | AQ97: =COUNTIF($B$97:$V$97,"DD+9") -> 0
H98: RC | T98: CLEAR
B99: =T91+1 -> 111 | D99: =B99+1 -> 112 | F99: =D99+1 -> 113 | H99: =F99+1 -> 114 | J99: =H99+1 -> 115 | L99: =J99+1 -> 116 | N99: =L99+1 -> 117 | P99: =N99+1 -> 118 | R99: =P99+1 -> 119 | T99: =R99+1 -> 120
V100: =G117+K117+O117+Q117+S117+I117+U117+Q125+C117+U100 -> 3121.94
C101: 395.01 | D101: =#REF!+I93+K93+M93+O93+G93+Q93+S93+#REF!+C93 -> #REF! | G101: 380.77 | I101: 411.81 | K101: 432.08 | M101: 256.87 | O101: 412.4 | Q101: 382.17 | S101: 452.74
D102: F | F102: F | J102: F | L102: F
B104: AP86 | D104: 86/1 | F104: 86/2 | H104: AP87 | J104: 87/1 | L104: 87/2 | N104: AP88 | P104: AP89 | R104: 89/1 | T104: AP90
B105: DD+00 | D105: DA+6 | F105: DA+0 | H105: DC+00 | J105: DA+3 | L105: DA+9 | N105: DC+00 | P105: DC+00 | R105: DA+9 | T105: DC+00 | X105: =COUNTIF($B$105:$V$105,"DA+0") -> 1 | Y105: =COUNTIF($B$105:$V$105,"DA+3") -> 1 | Z105: =COUNTIF($B$105:$V$105,"DA+6") -> 1 | AA105: =COUNTIF($B$105:$V$105,"DA+9") -> 2 | AD105: =COUNTIF($B$105:$V$105,"DB+0") -> 0 | AE105: =COUNTIF($B$105:$V$105,"DB+3") -> 0 | AF105: =COUNTIF($B$105:$V$105,"DB+6") -> 0 | AG105: =COUNTIF($B$105:$V$105,"DB+9") -> 0 | AI105: =COUNTIF($B$105:$V$105,"DC+0") -> 0 | AJ105: =COUNTIF($B$105:$V$105,"DC+3") -> 0 | AK105: =COUNTIF($B$105:$V$105,"DC+6") -> 0 | AL105: =COUNTIF($B$105:$V$105,"DC+9") -> 0 | AN105: =COUNTIF($B$105:$V$105,"DD+0") -> 0 | AO105: =COUNTIF($B$105:$V$105,"DD+3") -> 0 | AP105: =COUNTIF($B$105:$V$105,"DD+6") -> 0 | AQ105: =COUNTIF($B$105:$V$105,"DD+9") -> 0
B106: CLEAR | D106: CLEAR | F106: CLEAR
B108: =T99+1 -> 121 | D108: =B108+1 -> 122 | F108: =D108+1 -> 123 | H108: =F108+1 -> 124 | J108: =H108+1 -> 125 | L108: =J108+1 -> 126 | N108: =L108+1 -> 127 | P108: =N108+1 -> 128 | R108: =P108+1 -> 129 | T108: =R108+1 -> 130
V109: =G101+K101+M101+O101+Q101+I101+S101+#REF!+C101+U109 -> #REF!
C110: 430.39 | G110: 378.62 | I110: 350.22 | K110: 357.91 | M110: 237.48 | O110: 440.03 | Q110: 504 | S110: 430.57
H112: U/P
B113: 90/1 | D113: AP91 | F113: 91/1 | H113: 91/2 | J113: 91/3 | L113: AP92 | N113: AP93 | P113: AP94 | R113: AP95 | T113: 95/1
B114: DA+9 | D114: DD+00 | F114: DA+0 | H114: DA+0 | J114: DA+0 | L114: DC+00 | N114: DC+00 | P114: DB+06 | R114: DB+06 | T114: DB+00 | X114: =COUNTIF($B$114:$V$114,"DA+0") -> 3 | Y114: =COUNTIF($B$114:$V$114,"DA+3") -> 0 | Z114: =COUNTIF($B$114:$V$114,"DA+6") -> 0 | AA114: =COUNTIF($B$114:$V$114,"DA+9") -> 1 | AD114: =COUNTIF($B$114:$V$114,"DB+0") -> 0 | AE114: =COUNTIF($B$114:$V$114,"DB+3") -> 0 | AF114: =COUNTIF($B$114:$V$114,"DB+6") -> 0 | AG114: =COUNTIF($B$114:$V$114,"DB+9") -> 0 | AI114: =COUNTIF($B$114:$V$114,"DC+0") -> 0 | AJ114: =COUNTIF($B$114:$V$114,"DC+3") -> 0 | AK114: =COUNTIF($B$114:$V$114,"DC+6") -> 0 | AL114: =COUNTIF($B$114:$V$114,"DC+9") -> 0 | AN114: =COUNTIF($B$114:$V$114,"DD+0") -> 0 | AO114: =COUNTIF($B$114:$V$114,"DD+3") -> 0 | AP114: =COUNTIF($B$114:$V$114,"DD+6") -> 0 | AQ114: =COUNTIF($B$114:$V$114,"DD+9") -> 0
B115: =T108+1 -> 131 | D115: =B115+1 -> 132 | F115: =D115+1 -> 133 | H115: =F115+1 -> 134 | J115: =H115+1 -> 135 | L115: =J115+1 -> 136 | N115: =L115+1 -> 137 | P115: =N115+1 -> 138 | R115: =P115+1 -> 139 | T115: =R115+1 -> 140 | V115: 141
C117: 354.92 | G117: 419.38 | I117: 406.18 | K117: 427.47 | O117: 416.77 | Q117: 378.13 | S117: 358.57 | U117: 360.52
F118: F | J118: F | L118: F | T118: F
J119: Er | L119: Er | T119: Er
B120: 95/2 | D120: 95A/0 | F120: 95A/1 | H120: AP96 | J120: 96/1 | L120: 96/2 | N120: AP97 | P120: 97/1 | R120: AP98 | T120: AP98/1 | V120: 98A/0
B121: DA+9 | D121: DB+0 | F121: DA+0 | H121: DC+00 | J121: DA+0 | L121: DA+0 | N121: DC+00 | P121: DA+3 | R121: DC+00 | T121: DA+0 | V121: DC+00 | X121: =COUNTIF($B$121:$V$121,"DA+0") -> 4 | Y121: =COUNTIF($B$121:$V$121,"DA+3") -> 1 | Z121: =COUNTIF($B$121:$V$121,"DA+6") -> 0 | AA121: =COUNTIF($B$121:$V$121,"DA+9") -> 1 | AD121: =COUNTIF($B$121:$V$121,"DB+0") -> 1 | AE121: =COUNTIF($B$121:$V$121,"DB+3") -> 0 | AF121: =COUNTIF($B$121:$V$121,"DB+6") -> 0 | AG121: =COUNTIF($B$121:$V$121,"DB+9") -> 0 | AI121: =COUNTIF($B$121:$V$121,"DC+0") -> 0 | AJ121: =COUNTIF($B$121:$V$121,"DC+3") -> 0 | AK121: =COUNTIF($B$121:$V$121,"DC+6") -> 0 | AL121: =COUNTIF($B$121:$V$121,"DC+9") -> 0 | AN121: =COUNTIF($B$121:$V$121,"DD+0") -> 0 | AO121: =COUNTIF($B$121:$V$121,"DD+3") -> 0 | AP121: =COUNTIF($B$121:$V$121,"DD+6") -> 0 | AQ121: =COUNTIF($B$121:$V$121,"DD+9") -> 0
P122: RC
B123: =V115+1 -> 142 | D123: =B123+1 -> 143 | F123: =D123+1 -> 144 | H123: =F123+1 -> 145 | J123: =H123+1 -> 146 | L123: =J123+1 -> 147 | N123: =L123+1 -> 148 | P123: =N123+1 -> 149 | R123: =P123+1 -> 150 | T123: =R123+1 -> 151 | V123: =T123+1 -> 152
B126: F | L126: F
B127: Er
B128: 98A/1 | D128: 98B/0 | F128: 98B/1 | H128: 98B/2 | J128: 99/0 | L128: 99/1 | N128: 99/2 | P128: 99/3 | R128: 99/4 | T128: 99/5 | V128: 99/6
B129: DA+0 | D129: DD+00 | F129: DA+0 | H129: DCT+00 | J129: DC+0 | L129: DA+6 | N129: DA+0 | P129: DA+0 | R129: DA+6 | T129: DA+3 | V129: DA+3 | X129: =COUNTIF($B$129:$V$129,"DA+0") -> 4 | Y129: =COUNTIF($B$129:$V$129,"DA+3") -> 2 | Z129: =COUNTIF($B$129:$V$129,"DA+6") -> 2 | AA129: =COUNTIF($B$129:$V$129,"DA+9") -> 0 | AD129: =COUNTIF($B$129:$V$129,"DB+0") -> 0 | AE129: =COUNTIF($B$129:$V$129,"DB+3") -> 0 | AF129: =COUNTIF($B$129:$V$129,"DB+6") -> 0 | AG129: =COUNTIF($B$129:$V$129,"DB+9") -> 0 | AI129: =COUNTIF($B$129:$V$129,"DC+0") -> 1 | AJ129: =COUNTIF($B$129:$V$129,"DC+3") -> 0 | AK129: =COUNTIF($B$129:$V$129,"DC+6") -> 0 | AL129: =COUNTIF($B$129:$V$129,"DC+9") -> 0 | AN129: =COUNTIF($B$129:$V$129,"DD+0") -> 0 | AO129: =COUNTIF($B$129:$V$129,"DD+3") -> 0 | AP129: =COUNTIF($B$129:$V$129,"DD+6") -> 0 | AQ129: =COUNTIF($B$129:$V$129,"DD+9") -> 0
...

Sheet Sheet5
B3: Sl.No. | C3: Loc.No. | D3: Tower Type | F3: Tower Leg | J3: Remarks
F4: A | G4: B | H4: C | I4: D
B5: 1 | C5: AP52 | D5: DB+0 | E5: 2 | F5: 3 | G5: 3 | H5: 3 | I5: 3
B6: =B5+1 -> 2 | C6: 52/1 | D6: DA+6 | E6: 1 | F6: 1 | G6: 1 | H6: 1 | I6: 1
B7: =B6+1 -> 3 | C7: 54/2 | D7: DA+6 | E7: Benching & RC Required | F7: - | G7: - | H7: 1 | I7: -
B8: =B7+1 -> 4 | C8: 54/3 | D8: DA+3 | E8: 1 | F8: 1 | G8: 1 | H8: 1 | I8: 1
B9: =B8+1 -> 5 | C9: AP55 | D9: DD+18 | E9: 3 | F9: 3 | G9: 3 | H9: 3 | I9: 3
B10: =B9+1 -> 6 | C10: AP56 | D10: DB+9 | E10: Benching & RC Required | F10: 3 | G10: 3 | H10: 3 | I10: 3
B11: =B10+1 -> 7 | C11: 57/0 | D11: DB+9 | E11: Benching & RC Required | F11: - | G11: 1 | H11: 3 | I11: -
B12: =B11+1 -> 8 | C12: 60/3 | D12: DA+9 | E12: 2 | F12: 3 | G12: 3 | H12: 3 | I12: 3
B13: =B12+1 -> 9 | C13: 62/1 | D13: DA+0 | E13: 1) Benching - A&D Legs, 2) C-Leg 1MRC, | F13: - | G13: - | H13: 1 | I13: -
B14: =B13+1 -> 10 | C14: 62/3 | D14: DA+9 | E14: 3 | F14: 3 | G14: 3 | H14: 3 | I14: 3
B15: =B14+1 -> 11 | C15: 64/0 | D15: DC+9 | E15: 1) Benching - A&D Legs, 2) C-Leg 1MRC, | F15: - | G15: - | H15: 1 | I15: -
B16: =B15+1 -> 12 | C16: 64/1 | D16: DA+9 | E16: 3 | F16: 3 | G16: 3 | H16: 3 | I16: 3
B17: =B16+1 -> 13 | C17: 64/2 | D17: DA+9 | E17: 1 | F17: 1 | G17: 1 | H17: 1 | I17: 1
B18: =B17+1 -> 14 | C18: AP66 | D18: DD+0 | E18: 1 | F18: 1 | G18: 1 | H18: 1 | I18: 1
B19: =B18+1 -> 15 | C19: AP67 | D19: DC+6 | E19: 1 | F19: 1 | G19: 1 | H19: 1 | I19: 1
B20: =B19+1 -> 16 | C20: 69/3 | D20: DA+0 | E20: 1 | F20: 1 | G20: 1 | H20: 1 | I20: 1
B21: =B20+1 -> 17 | C21: 71/3 | D21: DA+0 | E21: 1 | F21: 1 | G21: 1 | H21: 1 | I21: 1
B22: =B21+1 -> 18 | C22: 72/0 | D22: DD+0 | E22: 1) ABC Benching, 2) C-Leg 1MRC,D-LEG-3MRC | F22: - | G22: - | H22: 1 | I22: 3
B23: =B22+1 -> 19 | C23: 72/1 | D23: DA+3 | E23: 1) A&B Leg Benching, 2) C-Leg 1MRC 3) D-Leg 3MRC | F23: - | G23: - | H23: 1 | I23: 3
B24: =B23+1 -> 20 | C24: 73/1 | D24: DA+0 | E24: 1) A-Leg Benching, C-Leg 2MRC & D-Leg 1MRC | F24: - | G24: - | H24: 3 | I24: 3
B25: =B24+1 -> 21 | C25: 78/1 | D25: DA+3 | E25: 1 | F25: 1 | G25: 1 | H25: 1 | I25: 1
B26: =B25+1 -> 22 | C26: 79/2 | D26: DA+0 | E26: 1 | F26: 1 | G26: 1 | H26: 1 | I26: 1
B27: =B26+1 -> 23 | C27: AP80 | D27: DB+3 | E27: 1 | F27: 1 | G27: 1 | H27: 1 | I27: 1
B28: =B27+1 -> 24 | C28: 81/1 | D28: DA+0 | E28: Benching & RC Required | F28: - | G28: 3 | H28: 3 | I28: -
B29: =B28+1 -> 25 | C29: 82/1 | D29: DA+0 | E29: 1 | F29: 1 | G29: 1 | H29: 1 | I29: 1
B30: =B29+1 -> 26 | C30: 97/1 | D30: DA+3 | E30: 1 | F30: 1 | G30: 1 | H30: 1 | I30: 1
B31: =B30+1 -> 27 | C31: 98B/1 | D31: DA+0 | E31: 1 | F31: 1 | G31: 1 | H31: 1 | I31: 1
B32: =B31+1 -> 28 | C32: 99/3 | D32: DA+0 | E32: 1 | F32: 1 | G32: 1 | H32: 1 | I32: 1
B33: =B32+1 -> 29 | C33: AP104A | D33: DC+9 | E33: 3 | F33: 3 | G33: 3 | H33: 3 | I33: 3
B34: =B33+1 -> 30 | C34: AP104B | D34: DB+9 | E34: 3 | F34: 3 | G34: 3 | H34: 3 | I34: 3
B35: =B34+1 -> 31 | C35: AP108 | D35: DC+0 | E35: 1 | F35: 1 | G35: 1 | H35: 1 | I35: 1
B36: =B35+1 -> 32 | C36: AP111 | D36: DB+9 | E36: 3 | F36: 3 | G36: 3 | H36: 3 | I36: 3
B37: =B36+1 -> 33 | C37: AP112 | D37: DC+9 | E37: 2 | F37: 3 | G37: 3 | H37: 3 | I37: 3
B38: =B37+1 -> 34 | C38: AP115 | D38: DC+0 | E38: 1 | F38: 1 | G38: 1 | H38: 1 | I38: 1

Sheet Sheet3
A1: TB-507 400 KV (Twin) D/C Fatehgarh IV - Bhinmal Transmission Line
A2: DPR and VISUAL CHART
A4: DPR- | D4: As per Approved Check Survey | F4: No.Of Towers | G4: Length | H4: Foundation | K4: Earthing | L4: Tower Erection | O4: Stringing
H5: Com | I5: WIP | J5: Bal | K5: Com | L5: Com | M5: WIP | N5: Bal | O5: Com | P5: WIP | Q5: Bal
D6: AP 51- AP 121 | F6: 171 | G6: 74 | H6: 34 | I6: 3 | J6: =F6-H6-I6 -> 134 | K6: 21 | N6: =F6-L6 -> 171 | Q6: =G6-O6 -> 74
C8: =A8+1 -> 1 | E8: =C8+1 -> 2 | G8: =E8+1 -> 3 | I8: =G8+1 -> 4 | K8: =I8+1 -> 5 | M8: =K8+1 -> 6 | O8: =M8+1 -> 7 | Q8: =O8+1 -> 8 | S8: =Q8+1 -> 9
D10: 465.03 | F10: 375.98 | H10: 414.86 | J10: 381.02 | L10: 353.63 | N10: 351.4 | P10: 433.26 | R10: 396.56 | T10: 408.11 | U10: =B10+F10+H10+J10+L10+D10+N10+P10+R10+T10 -> 3579.85
C13: AP51 | E13: 51/1 | G13: 51/2 | I13: 51/3 | K13: AP52 | M13: 52/1 | O13: AP53 | Q13: AP54 | S13: 54/1
C14: DD+18 | E14: DA+3 | G14: DA+0 | I14: DA+3 | K14: DB+0 | M14: DA+6 | O14: DD+0 | Q14: DC+00 | S14: DA+3
K15: RC | M15: RC
B17: =S8+1 -> 10 | D17: =B17+1 -> 11 | F17: =D17+1 -> 12 | H17: =F17+1 -> 13 | J17: =H17+1 -> 14 | L17: =J17+1 -> 15 | N17: =L17+1 -> 16 | P17: =N17+1 -> 17 | R17: =P17+1 -> 18 | T17: =R17+1 -> 19
C19: 425.22 | E19: 420.54 | G19: 340.56 | I19: 336.52 | K19: 375.99 | M19: 303.41 | O19: 448.76 | Q19: 393.09 | S19: 407.8 | U19: 206.06 | V19: =C19+G19+I19+K19+M19+E19+O19+Q19+S19+U19 -> 3657.95
B22: 54/2 | D22: 54/3 | F22: AP55 | H22: AP56 | J22: 56/1 | L22: 56/2 | N22: 56/3 | P22: 56/4 | R22: 56/5 | T22: AP57
B23: DA+6 | D23: DA+3 | F23: DD+18 | H23: DB+09 | J23: DB+9 | L23: DA+0 | N23: DB+9 | P23: DA+6 | R23: DA+6 | T23: DB+09
B24: Benching &RC | D24: RC | F24: RC | H24: Benching &RC | L24: Benching Required | R24: Benching &RC | T24: Benching &RC
B26: =T17+1 -> 20 | D26: =B26+1 -> 21 | F26: =D26+1 -> 22 | H26: =F26+1 -> 23 | J26: =H26+1 -> 24 | L26: =J26+1 -> 25 | N26: =L26+1 -> 26 | P26: =N26+1 -> 27 | R26: =P26+1 -> 28 | T26: =R26+1 -> 29
C28: 417.38 | E28: 304.56 | G28: 408.66 | I28: 434.89 | K28: 408.17 | M28: 398.59 | O28: 446.37 | Q28: 297.58 | S28: 240.47 | U28: 312.69 | V28: =C28+G28+I28+K28+M28+E28+O28+Q28+S28+U28 -> 3669.36
B31: AP58 | D31: AP59 | F31: 59/1 | H31: AP60 | J31: 60/1 | L31: 60/2 | N31: 60/3 | P31: AP61 | R31: 61/1 | T31: AP62
B32: DB+09 | D32: DC+09 | F32: DA+0 | H32: DD+00 | J32: DA+9 | L32: DA+0 | N32: DA+9 | P32: DC+00 | R32: DA+9 | T32: DB+00
F33: Benching | N33: RC
B35: =T26+1 -> 30 | D35: =B35+1 -> 31 | F35: =D35+1 -> 32 | H35: =F35+1 -> 33 | J35: =H35+1 -> 34 | L35: =J35+1 -> 35 | N35: =L35+1 -> 36 | P35: =N35+1 -> 37 | R35: =P35+1 -> 38 | T35: =R35+1 -> 39
C37: 347.88 | E37: 379.25 | G37: 398.7 | I37: 439.06 | K37: 381.53 | M37: 379.71 | O37: 426.3 | Q37: 387.14 | U37: 423.77 | V37: =C37+G37+I37+K37+M37+E37+#REF!+O37+Q37+#REF! -> #REF!
B40: 62/1 | D40: 62/2 | F40: 62/3 | H40: 62/4 | J40: 62/5 | L40: AP63 | N40: 63/1 | P40: AP64 | R40: 64/1 | T40: 64/2
B41: DA+0 | D41: DA+0 | F41: DA+9 | H41: DA+6 | J41: DA+6 | L41: DC+00 | N41: DA+0 | P41: DC+09 | R41: DA+9 | T41: DA+9
B42: RC | F42: RC | P42: Benching &RC | T42: RC
B43: =T35+1 -> 40 | D43: =B43+1 -> 41 | F43: =D43+1 -> 42 | H43: =F43+1 -> 43 | J43: =H43+1 -> 44 | L43: =J43+1 -> 45 | N43: =L43+1 -> 46 | P43: =N43+1 -> 47 | R43: =P43+1 -> 48 | T43: =R43+1 -> 49
C45: 407.9 | E45: 426.63 | G45: 392.27 | I45: 431.96 | K45: 426.02 | M45: 405.36 | O45: 411.93 | Q45: 423.77 | S45: 407.9 | U45: 426.63
B46: F | D46: F | R46: F | T46: F
J47: U/P
B48: 64/3 | D48: 64/4 | F48: 64/5 | H48: 64/6 | J48: 64/7 | L48: 65/0 | N48: 65/1 | P48: 66/0 | R48: 66/1 | T48: 66/2
B49: DA+9 | D49: DA+9 | F49: DA+9 | H49: DA+3 | J49: DA+3 | L49: DD+0 | N49: DB+09 | P49: DD+0 | R49: DA+9 | T49: DA+0 | V49: =#REF!+I77+K77+M77+O77+G77+Q77+S77+#REF!+#REF! -> #REF!
P50: RC
B51: =T43+1 -> 50 | D51: =B51+1 -> 51 | F51: =D51+1 -> 52 | H51: =F51+1 -> 53 | J51: =H51+1 -> 54 | L51: =J51+1 -> 55 | N51: =L51+1 -> 56 | P51: =N51+1 -> 57 | R51: =P51+1 -> 58 | T51: =R51+1 -> 59 | V51: =T51+1 -> 60
C53: 392.27 | E53: 431.96 | G53: 426.02 | I53: 405.36 | K53: 411.93 | M53: 350.33 | O53: 378.3 | Q53: 416.82 | S53: 371.85
B54: F
B56: 66/3 | D56: 66/4 | F56: 67/0 | H56: 67/1 | J56: 67/2 | L56: AP68 | N56: AP69 | P56: 69/1 | R56: 69/2 | T56: 69/3 | V56: 70/0
B57: DA+3 | D57: DA+9 | F57: DC+6 | H57: DA+6 | J57: DB+0 | L57: DB+09 | N57: DD+3 | P57: DA+6 | R57: DA+0 | T57: DA+0 | V57: DD+00
F58: RC | R58: Benching | T58: RC | V58: =A85+I77+K77+M77+O77+G77+Q77+S77+#REF!+C77 -> #REF!
B59: =V51+1 -> 61 | D59: =B59+1 -> 62 | F59: =D59+1 -> 63 | H59: =F59+1 -> 64 | J59: =H59+1 -> 65 | L59: =J59+1 -> 66 | N59: =L59+1 -> 67 | P59: =N59+1 -> 68 | R59: =P59+1 -> 69 | T59: =R59+1 -> 70
C61: 392.27 | E61: 431.96 | G61: 426.02 | I61: 405.36 | K61: 411.93 | M61: 350.33 | O61: 378.3 | Q61: 416.82 | S61: 371.85
T62: F
B64: AP71 | D64: 71/1 | F64: 71/2 | H64: 71/3 | J64: AP72 | L64: 72/1 | N64: 72/2 | P64: AP73 | R64: 73/1 | T64: 73/2
B65: DB+00 | D65: DA+9 | F65: DA+0 | H65: DA+0 | J65: DD+00 | L65: DA+3 | N65: DA+3 | P65: DB+00 | R65: DA+0 | T65: DA+9
H66: RC | J66: Benching &RC | L66: RC | R66: Benching & RC | T66: CLEAR | V66: =A93+I85+K85+M85+O85+G85+Q85+S85+U85+C85 -> 3994.99
B67: =T59+1 -> 71 | D67: =B67+1 -> 72 | F67: =D67+1 -> 73 | H67: =F67+1 -> 74 | J67: =H67+1 -> 75 | L67: =J67+1 -> 76 | N67: =L67+1 -> 77 | P67: =N67+1 -> 78 | R67: =P67+1 -> 79 | T67: =R67+1 -> 80
C69: 385.17 | E69: 345.19 | G69: 332.38 | I69: 393.62 | K69: 387.95 | M69: 340.35 | O69: 393.12 | Q69: 328.54 | S69: 398.52
B70: F | F70: F | J70: F | L70: F | N70: F | P70: F | R70: F | T70: F
B71: Er | J71: Er | L71: Er | N71: Er | T71: Er
B72: 73/3 | D72: AP74 | F72: 74/1 | H72: AP75 | J72: 75/1 | L72: 75/2 | N72: 75/3 | P72: 75/4 | R72: 75/5 | T72: 75/6
B73: DA+9 | D73: DB+09 | F73: DA+0 | H73: DC+0 | J73: DA+0 | L73: DA+0 | N73: DA+3 | P73: DA+0 | R73: DA+0 | T73: DA+0
B74: CLEAR | H74: Benching | J74: Benching | L74: Benching &RC
B75: =T67+1 -> 81 | D75: =B75+1 -> 82 | F75: =D75+1 -> 83 | H75: =F75+1 -> 84 | J75: =H75+1 -> 85 | L75: =J75+1 -> 86 | N75: =L75+1 -> 87 | P75: =N75+1 -> 88 | R75: =P75+1 -> 89 | T75: =R75+1 -> 90
G77: 388.46 | I77: 380.96 | K77: 374.03 | M77: 351.96 | O77: 395.64 | Q77: 414.76 | S77: 401.93
B78: F | F78: F | J78: F | L78: F | N78: F | P78: F | R78: F
B79: Er | J79: Er | P79: Er | R79: Er
B80: 75/7 | D80: AP76 | F80: 76/1 | H80: 77/0 | J80: 77/1 | L80: 77/2 | N80: 77/3 | P80: 77/4 | R80: 77/5 | T80: AP78
B81: DA+0 | D81: DC+00 | F81: DA+6 | H81: DB+00 | J81: DA+0 | L81: DA+3 | N81: DA+0 | P81: DA+3 | R81: DA+6 | T81: DC+00
F82: Clear | L82: Benching
B83: =T75+1 -> 91 | D83: =B83+1 -> 92 | F83: =D83+1 -> 93 | H83: =F83+1 -> 94 | J83: =H83+1 -> 95 | L83: =J83+1 -> 96 | N83: =L83+1 -> 97 | P83: =N83+1 -> 98 | R83: =P83+1 -> 99 | T83: =R83+1 -> 100
C85: 385.54 | G85: 351.18 | I85: 441.06 | K85: 387.5 | M85: 372.63 | O85: 415.3 | Q85: 424.58 | S85: 391.7 | U85: 410.47
F86: F | L86: F | R86: F
F87: Er
B88: 78/1 | D88: AP79 | F88: 79/1 | H88: 79/2 | J88: AP80 | L88: 80/1 | N88: AP81 | P88: 81/1 | R88: 81/2 | T88: 81/3
B89: DA+3 | D89: DD+00 | F89: DA+9 | H89: DA+0 | J89: DB+03 | L89: DA+9 | N89: DB+09 | P89: DA+0 | R89: DA+3 | T89: DA+0
F90: Clear | H90: RC,Benching | L90: Benching | P90: Benching &RC
B91: =T83+1 -> 101 | D91: =B91+1 -> 102 | F91: =D91+1 -> 103 | H91: =F91+1 -> 104 | J91: =H91+1 -> 105 | L91: =J91+1 -> 106 | N91: =L91+1 -> 107 | P91: =N91+1 -> 108 | R91: =P91+1 -> 109 | T91: =R91+1 -> 110
V92: =G110+K110+M110+O110+Q110+I110+S110+#REF!+C110+#REF! -> #REF!
A93: 415.03 | C93: 416.87 | G93: 426.47 | I93: 396.98 | K93: 429.38 | M93: 403.83 | O93: 384.63 | Q93: 380.68 | S93: 354.53
B94: ROW | N94: F | T94: F
B95: U/P
B96: 81/4 | D96: 81/5 | F96: AP82 | H96: 82/1 | J96: 82/2 | L96: AP83 | N96: 83/1 | P96: AP84 | R96: AP85 | T96: 85/1
B97: DA+0 | D97: DA+6 | F97: DB+03 | H97: DA+0 | J97: DA+3 | L97: DC+00 | N97: DA+3 | P97: DC+06 | R97: DC+00 | T97: DA+0
H98: RC | T98: CLEAR
B99: =T91+1 -> 111 | D99: =B99+1 -> 112 | F99: =D99+1 -> 113 | H99: =F99+1 -> 114 | J99: =H99+1 -> 115 | L99: =J99+1 -> 116 | N99: =L99+1 -> 117 | P99: =N99+1 -> 118 | R99: =P99+1 -> 119 | T99: =R99+1 -> 120
V100: =G117+K117+O117+Q117+S117+I117+U117+Q125+C117+U100 -> 3121.94
C101: 395.01 | D101: =#REF!+I93+K93+M93+O93+G93+Q93+S93+#REF!+C93 -> #REF! | G101: 380.77 | I101: 411.81 | K101: 432.08 | M101: 256.87 | O101: 412.4 | Q101: 382.17 | S101: 452.74
D102: F | F102: F | J102: F
L103: U/P
B104: AP86 | D104: 86/1 | F104: 86/2 | H104: AP87 | J104: 87/1 | L104: 87/2 | N104: AP88 | P104: AP89 | R104: 89/1 | T104: AP90
B105: DD+00 | D105: DA+6 | F105: DA+0 | H105: DC+00 | J105: DA+3 | L105: DA+9 | N105: DC+00 | P105: DC+00 | R105: DA+9 | T105: DC+00
B106: CLEAR | D106: CLEAR | F106: CLEAR
B108: =T99+1 -> 121 | D108: =B108+1 -> 122 | F108: =D108+1 -> 123 | H108: =F108+1 -> 124 | J108: =H108+1 -> 125 | L108: =J108+1 -> 126 | N108: =L108+1 -> 127 | P108: =N108+1 -> 128 | R108: =P108+1 -> 129 | T108: =R108+1 -> 130
V109: =G101+K101+M101+O101+Q101+I101+S101+#REF!+C101+U109 -> #REF!
C110: 430.39 | G110: 378.62 | I110: 350.22 | K110: 357.91 | M110: 237.48 | O110: 440.03 | Q110: 504 | S110: 430.57
B113: 90/1 | D113: AP91 | F113: 91/1 | H113: 91/2 | J113: 91/3 | L113: AP92 | N113: AP93 | P113: AP94 | R113: AP95 | T113: 95/1
B114: DA+9 | D114: DD+00 | F114: DA+0 | H114: DA+0 | J114: DA+0 | L114: DC+00 | N114: DC+00 | P114: DB+06 | R114: DB+06 | T114: DB+00
B115: =T108+1 -> 131 | D115: =B115+1 -> 132 | F115: =D115+1 -> 133 | H115: =F115+1 -> 134 | J115: =H115+1 -> 135 | L115: =J115+1 -> 136 | N115: =L115+1 -> 137 | P115: =N115+1 -> 138 | R115: =P115+1 -> 139 | T115: =R115+1 -> 140 | V115: 141
C117: 354.92 | G117: 419.38 | I117: 406.18 | K117: 427.47 | O117: 416.77 | Q117: 378.13 | S117: 358.57 | U117: 360.52
F118: F | J118: F | L118: F
B120: 95/2 | D120: 95A/0 | F120: 95A/1 | H120: AP96 | J120: 96/1 | L120: 96/2 | N120: AP97 | P120: 97/1 | R120: AP98 | T120: AP98/1 | V120: 98A/0
B121: DA+9 | D121: DB+0 | F121: DA+0 | H121: DC+00 | J121: DA+0 | L121: DA+0 | N121: DC+00 | P121: DA+3 | R121: DC+00 | T121: DA+0 | V121: DC+00
P122: RC
B123: =V115+1 -> 142 | D123: =B123+1 -> 143 | F123: =D123+1 -> 144 | H123: =F123+1 -> 145 | J123: =H123+1 -> 146 | L123: =J123+1 -> 147 | N123: =L123+1 -> 148 | P123: =N123+1 -> 149 | R123: =P123+1 -> 150 | T123: =R123+1 -> 151 | V123: =T123+1 -> 152
L126: F
B127: U/P
B128: 98A/1 | D128: 98B/0 | F128: 98B/1 | H128: 98B/2 | J128: 99/0 | L128: 99/1 | N128: 99/2 | P128: 99/3 | R128: 99/4 | T128: 99/5 | V128: 99/6
B129: DA+0 | D129: DD+00 | F129: DA+0 | H129: DCT+00 | J129: DC+0 | L129: DA+6 | N129: DA+0 | P129: DA+0 | R129: DA+6 | T129: DA+3 | V129: DA+3
F130: RC | P130: RC
B132: =V123+1 -> 153 | D132: =B132+1 -> 154 | F132: =D132+1 -> 155 | H132: =F132+1 -> 156 | J132: =H132+1 -> 157 | L132: =J132+1 -> 158 | N132: =L132+1 -> 159 | P132: =N132+1 -> 160 | R132: =P132+1 -> 161 | T132: =R132+1 -> 162 | V132: =T132+1 -> 163
B137: AP99A | D137: 99A/1 | F137: 99A/2 | H137: AP100 | J137: 100/1 | L137: AP101 | N137: AP102 | P137: 102/1 | R137: 102/2 | T137: AP103 | V137: 103/1
...

Sheet Tower Schedule
A1: NAME OF PROJECT : FARHEGARH IV-BHINMAL 400KV D/C TRANSMISSION LINE
A2: Client : RAJASTHAN IV A POWER TRANSMISSION LTD.
A3: CONTRACTOR : KEC INTERNATIONAL LIMITED
A4: CHECK SURVEY
A5: Tower Schedule from AP-75/0 to AP-92/0 (Section Length = 20.273 kms)
A6: AS PER DETAILED SURVEY | H6: AS PER CHECK SURVEY
A7: Sl. No | B7: Twr No. | C7: Tower Type | D7: Raise Chimney | E7: Deviation Angle (DMS) | F7: Span (m) | G7: Section Length (M) | H7: Sl. No | I7: Twr No. | J7: Tower Type | K7: Raise Chimney | L7: Ground Cutting Length X Height | M7: Deviation Angle (DMS) | N7: Span (m) | O7: Section Length (M) | P7: Sum of Adjacent Span | S7: Wind Span (m) | T7: Weight Span (Cold) | W7: Weight Span (Hot) | Z7: Major Crossings /Remarks | AA7: UTM Coordinate (Zone 43)
P8: Left | Q8: Right | R8: Total | T8: Left | U8: Right | V8: Total | W8: Left | X8: Right | Y8: Total | AA8: Easting | AB8: Northing | AC8: Elevation
A9: 1 | B9: AP75 | C9: DC+0 | E9: 17°34'26"(RT) | H9: 1 | I9: AP75 | J9: DC+0 | L9: Benching Required | M9: 00°00'00"(RT) | P9: 385.17 | Q9: 345.19 | R9: 730.36 | S9: 365 | T9: 197 | U9: 128 | V9: 325 | W9: 196 | X9: 147 | Y9: 343 | AA9: 782527.14 | AB9: 2837712.3 | AC9: 125.81
F10: 345.19 | G10: 2920 | N10: 345.19 | O10: 2920 | Z10: Road,11Kv Line
A11: 2 | B11: 75/1 | C11: DA+0 | H11: 2 | I11: 75/1 | J11: DA+0 | P11: 345.19 | Q11: 332.38 | R11: 677.57 | S11: 339 | T11: 218 | U11: 116 | V11: 334 | W11: 200 | X11: 137 | Y11: 337 | AA11: 782723.21 | AB11: 2837428.2 | AC11: 133.297
F12: 332.38 | N12: 332.38 | Z12: Water Tank
A13: 3 | B13: 75/2 | C13: DA+0 | H13: 3 | I13: 75/2 | J13: DA+0 | P13: 332.38 | Q13: 393.62 | R13: 726.01 | S13: 363 | T13: 217 | U13: 288 | V13: 505 | W13: 197 | X13: 252 | Y13: 449 | AA13: 782911.99 | AB13: 2837154.6 | AC13: 141.17
F14: 393.62 | N14: 393.62
A15: 4 | B15: 75/3 | C15: DA+3 | H15: 4 | I15: 75/3 | J15: DA+3 | P15: 393.62 | Q15: 387.95 | R15: 781.57 | S15: 391 | T15: 107 | U15: 260 | V15: 367 | W15: 144 | X15: 234 | Y15: 378 | AA15: 783135.56 | AB15: 2836830.7 | AC15: 121.365
F16: 387.95 | N16: 387.95 | Z16: Cart Track
A17: 5 | B17: 75/4 | C17: DA+0 | H17: 5 | I17: 75/4 | J17: DA+0 | P17: 387.95 | Q17: 340.35 | R17: 728.3 | S17: 364 | T17: 129 | U17: 196 | V17: 325 | W17: 156 | X17: 186 | Y17: 342 | AA17: 783355.91 | AB17: 2836511.4 | AC17: 112.432
F18: 340.35 | N18: 340.35 | Z18: 11kV Line
A19: 6 | B19: 75/5 | C19: DA+0 | H19: 6 | I19: 75/5 | J19: DA+0 | P19: 340.35 | Q19: 393.12 | R19: 733.47 | S19: 367 | T19: 145 | U19: 176 | V19: 321 | W19: 156 | X19: 185 | Y19: 341 | AA19: 783549.22 | AB19: 2836231.2 | AC19: 108.339
F20: 393.12 | N20: 393.12
A21: 7 | B21: 75/6 | C21: DA+0 | H21: 7 | I21: 75/6 | J21: DA+0 | P21: 393.12 | Q21: 328.54 | R21: 721.66 | S21: 361 | T21: 217 | U21: 180 | V21: 397 | W21: 210 | X21: 174 | Y21: 384 | AA21: 783772.51 | AB21: 2835907.7 | AC21: 112.147
F22: 328.54 | N22: 328.54
A23: 8 | B23: 75/7 | C23: DA+0 | H23: 8 | I23: 75/7 | J23: DA+0 | P23: 328.54 | Q23: 398.52 | R23: 727.05 | S23: 364 | T23: 149 | U23: 240 | V23: 389 | W23: 156 | X23: 224 | Y23: 380 | AA23: 783959.11 | AB23: 2835637.3 | AC23: 109.802
F24: 398.52 | N24: 398.52 | Z24: 11kV Line
A25: 9 | B25: AP76 | C25: DC+0 | E25: 16°40'52"(LT) | H25: 9 | I25: AP76 | J25: DC+0 | M25: 16°40'52"(LT) | P25: 398.52 | Q25: 425.85 | R25: 824.36 | S25: 412 | T25: 159 | U25: 190 | V25: 349 | W25: 176 | X25: 199 | Y25: 375 | AA25: 784185.46 | AB25: 2835309.3 | AC25: 101.99
F26: 425.85 | G26: 835 | N26: 425.85 | O26: 835 | Z26: 11kV Line
A27: 10 | B27: 76/1 | C27: DA+6 | H27: 10 | I27: 76/1 | J27: DA+6 | P27: 425.85 | Q27: 409.37 | R27: 835.22 | S27: 418 | T27: 237 | U27: 224 | V27: 461 | W27: 229 | X27: 218 | Y27: 447 | AA27: 784517.76 | AB27: 2835043 | AC27: 101.179
F28: 409.37 | N28: 409.37
A29: 11 | B29: AP77 | C29: DB+0 | E29: 12°41'03"(RT) | H29: 11 | I29: AP77 | J29: DB+0 | M29: 12°41'03"(RT) | P29: 409.37 | Q29: 388.46 | R29: 797.82 | S29: 399 | T29: 186 | U29: 199 | V29: 385 | W29: 193 | X29: 198 | Y29: 391 | AA29: 784837.21 | AB29: 2834787 | AC29: 103.07
F30: 388.46 | G30: 2306 | N30: 388.46 | O30: 2306
A31: 12 | B31: 77/1 | C31: DA+0 | H31: 12 | I31: 77/1 | J31: DA+0 | P31: 388.46 | Q31: 380.96 | R31: 769.42 | S31: 385 | T31: 190 | U31: 193 | V31: 383 | W31: 192 | X31: 192 | Y31: 384 | AA31: 785079.59 | AB31: 2834483.4 | AC31: 102.411
F32: 380.96 | N32: 380.96 | Z32: 2Nos.11kV Line,Road
A33: 13 | B33: 77/2 | C33: DA+3 | H33: 13 | I33: 77/2 | J33: DA+3 | L33: Benching Required | P33: 380.96 | Q33: 381.39 | R33: 762.35 | S33: 381 | T33: 189 | U33: 212 | V33: 401 | W33: 190 | X33: 204 | Y33: 394 | AA33: 785317.3 | AB33: 2834185.7 | AC33: 99.05
F34: 381.39 | N34: 381.39 | Z34: 11kV Line
A35: 14 | B35: 77/3 | C35: DA+0 | H35: 14 | I35: 77/3 | J35: DA+0 | P35: 381.39 | Q35: 344.6 | R35: 725.98 | S35: 363 | T35: 170 | U35: 170 | V35: 340 | W35: 179 | X35: 171 | Y35: 350 | AA35: 785555.28 | AB35: 2833887.7 | AC35: 98.293
F36: 344.6 | N36: 344.6 | Z36: 11kV Line,Road
A37: 15 | B37: 77/4 | C37: DA+3 | H37: 15 | I37: 77/4 | J37: DA+3 | P37: 344.6 | Q37: 395.64 | R37: 740.24 | S37: 370 | T37: 175 | U37: 205 | V37: 380 | W37: 174 | X37: 203 | Y37: 377 | AA37: 785770.3 | AB37: 2833618.4 | AC37: 95.695
F38: 395.64 | N38: 395.64
A39: 16 | B39: 77/5 | C39: DA+6 | H39: 16 | I39: 77/5 | J39: DA+6 | P39: 395.64 | Q39: 414.76 | R39: 810.4 | S39: 405 | T39: 191 | U39: 118 | V39: 309 | W39: 195 | X39: 153 | Y39: 348 | AA39: 786017.16 | AB39: 2833309.2 | AC39: 91.436
F40: 414.76 | N40: 414.76 | Z40: 11kV Line
A41: 17 | B41: AP78 | C41: DC+0 | E41: 24°47'00"(LT) | H41: 17 | I41: AP78 | J41: DC+0 | M41: 24°47'00"(LT) | P41: 414.76 | Q41: 401.93 | R41: 816.69 | S41: 409 | T41: 298 | U41: 296 | V41: 594 | W41: 264 | X41: 259 | Y41: 523 | AA41: 786275.96 | AB41: 2832985.1 | AC41: 114.99
F42: 401.93 | G42: 757 | N42: 401.93 | O42: 757 | Z42: WaterTank
A43: 18 | B43: 78/1 | C43: DA+3 | D43: 1 | H43: 18 | I43: 78/1 | J43: DA+3 | K43: 1 | P43: 401.93 | Q43: 354.95 | R43: 756.88 | S43: 379 | T43: 106 | U43: 225 | V43: 331 | W43: 144 | X43: 207 | Y43: 351 | AA43: 786635.32 | AB43: 2832805.1 | AC43: 93.103
F44: 354.95 | N44: 354.95
A45: 19 | B45: AP79 | C45: DD+0 | E45: 38°25'04"(RT) | H45: 19 | I45: AP79 | J45: DD+0 | M45: 38°25'04"(RT) | P45: 354.95 | Q45: 425 | R45: 779.95 | S45: 390 | T45: 130 | U45: 142 | V45: 272 | W45: 149 | X45: 169 | Y45: 318 | AA45: 786952.67 | AB45: 2832646.1 | AC45: 88.93
F46: 425 | G46: 1192 | N46: 425 | O46: 1192 | Z46: 3No.11kV Line,Cart Track
A47: 20 | B47: 79/1 | C47: DA+9 | H47: 20 | I47: 79/1 | J47: DA+9 | P47: 425 | Q47: 414 | R47: 839 | S47: 420 | T47: 284 | U47: 203 | V47: 487 | W47: 258 | X47: 205 | Y47: 463 | AA47: 787132.1 | AB47: 2832260.8 | AC47: 94.695
F48: 414 | N48: 414
A49: 21 | B49: 79/2 | C49: DA+0 | D49: 1 | H49: 21 | I49: 79/2 | J49: DA+0 | K49: 1 | L49: Benching Required | P49: 414 | Q49: 353.05 | R49: 767.05 | S49: 384 | T49: 211 | U49: 188 | V49: 399 | W49: 210 | X49: 184 | Y49: 394 | AA49: 787306.88 | AB49: 2831885.5 | AC49: 103.516
F50: 353.05 | N50: 353.05 | Z50: 11kV Line
A51: 22 | B51: AP80 | C51: DB+3 | D51: 1 | E51: 14°24'42"(LT) | H51: 22 | I51: AP80 | J51: DB+3 | K51: 1 | M51: 14°24'42"(LT) | P51: 353.05 | Q51: 441.06 | R51: 794.11 | S51: 397 | T51: 165 | U51: 156 | V51: 321 | W51: 170 | X51: 179 | Y51: 349 | AA51: 787455.93 | AB51: 2831565.5 | AC51: 98.39
F52: 441.06 | G52: 829 | N52: 441.06 | O52: 829 | Z52: Road
A53: 23 | B53: 80/1 | C53: DA+9 | H53: 23 | I53: 80/1 | J53: DA+9 | L53: Benching Required | P53: 441.06 | Q53: 387.5 | R53: 828.55 | S53: 415 | T53: 287 | U53: 271 | V53: 558 | W53: 264 | X53: 245 | Y53: 509 | AA53: 787735.79 | AB53: 2831224.6 | AC53: 108.033
F54: 387.5 | N54: 387.5 | Z54: Cart Track,2Nos.11kV Line
A55: 24 | B55: AP81 | C55: DB+9 | E55: 14°07'31"(RT) | H55: 24 | I55: AP81 | J55: DB+9 | M55: 14°07'31"(RT) | P55: 387.5 | Q55: 372.63 | R55: 760.12 | S55: 380 | T55: 117 | U55: 157 | V55: 274 | W55: 145 | X55: 168 | Y55: 313 | AA55: 787981.66 | AB55: 2830925.1 | AC55: 92.91
F56: 372.63 | G56: 2400 | N56: 372.63 | O56: 2400 | Z56: Cart Track
A57: 25 | B57: 81/1 | C57: DA+0 | H57: 25 | I57: 81/1 | J57: DA+0 | L57: Benching & RC Required | P57: 372.63 | Q57: 415.3 | R57: 787.93 | S57: 394 | T57: 216 | U57: 255 | V57: 471 | W57: 206 | X57: 238 | Y57: 444 | AA57: 788140.67 | AB57: 2830588.1 | AC57: 107.482
F58: 415.3 | N58: 415.3 | Z58: Cart Track,2Nos.WaterTank
A59: 26 | B59: 81/2 | C59: DA+3 | H59: 26 | I59: 81/2 | J59: DA+3 | P59: 415.3 | Q59: 424.58 | R59: 839.89 | S59: 420 | T59: 161 | U59: 132 | V59: 293 | W59: 179 | X59: 162 | Y59: 341 | AA59: 788317.88 | AB59: 2830212.5 | AC59: 94.983
F60: 424.58 | N60: 424.58
A61: 27 | B61: 81/3 | C61: DA+0 | H61: 27 | I61: 81/3 | J61: DA+0 | P61: 424.58 | Q61: 391.7 | R61: 816.29 | S61: 408 | T61: 294 | U61: 205 | V61: 499 | W61: 264 | X61: 202 | Y61: 466 | AA61: 788499.05 | AB61: 2829828.5 | AC61: 114.644
F62: 391.7 | N62: 391.7
A63: 28 | B63: 81/4 | C63: DA+0 | H63: 28 | I63: 81/4 | J63: DA+0 | P63: 391.7 | Q63: 410.47 | R63: 802.17 | S63: 401 | T63: 187 | U63: 206 | V63: 393 | W63: 191 | X63: 206 | Y63: 397 | AA63: 788666.2 | AB63: 2829474.3 | AC63: 112.98
F64: 410.47 | N64: 410.47 | Z64: WaterTank,11kV Line,Road,33kV Line
A65: 29 | B65: 81/5 | C65: DA+6 | H65: 29 | I65: 81/5 | J65: DA+6 | P65: 410.47 | Q65: 385.54 | R65: 796.01 | S65: 398 | T65: 205 | U65: 235 | V65: 440 | W65: 206 | X65: 220 | Y65: 426 | AA65: 788841.35 | AB65: 2829103 | AC65: 106.942
F66: 385.54 | N66: 385.54 | Z66: 2Nos. 11kV Line
A67: 30 | B67: AP82 | C67: DB+3 | E67: 12°00'06"(LT) | H67: 30 | I67: AP82 | J67: DB+3 | M67: 12°00'06"(LT) | P67: 385.54 | Q67: 418.31 | R67: 803.85 | S67: 402 | T67: 151 | U67: 214 | V67: 365 | W67: 167 | X67: 213 | Y67: 380 | AA67: 789005.86 | AB67: 2828754.4 | AC67: 101.9
F68: 418.31 | G68: 1242 | N68: 418.31 | O68: 1242 | Z68: Cart Track
A69: 31 | B69: 82/1 | C69: DA+0 | D69: 1 | H69: 31 | I69: 82/1 | J69: DA+0 | K69: 1 | P69: 418.31 | Q69: 421.47 | R69: 839.79 | S69: 420 | T69: 205 | U69: 230 | V69: 435 | W69: 207 | X69: 224 | Y69: 431 | AA69: 789259.13 | AB69: 2828421.4 | AC69: 103.093
F70: 421.47 | N70: 421.47 | Z70: 11kV Line
A71: 32 | B71: 82/2 | C71: DA+3 | H71: 32 | I71: 82/2 | J71: DA+3 | P71: 421.47 | Q71: 401.98 | R71: 823.45 | S71: 412 | T71: 192 | U71: 233 | V71: 425 | W71: 199 | X71: 222 | Y71: 421 | AA71: 789514.3 | AB71: 2828086 | AC71: 97.132
F72: 401.98 | N72: 401.98 | Z72: 11kV Line
A73: 33 | B73: AP83 | C73: DC+0 | E73: 14°21'11"(RT) | H73: 33 | I73: AP83 | J73: DC+0 | M73: 14°21'11"(RT) | P73: 401.98 | Q73: 429.38 | R73: 831.36 | S73: 416 | T73: 170 | U73: 198 | V73: 368 | W73: 182 | X73: 205 | Y73: 387 | AA73: 789757.68 | AB73: 2827766.1 | AC73: 93.67
F74: 429.38 | G74: 833 | N74: 429.38 | O74: 833 | Z74: 2Nos.Cart Track
A75: 34 | B75: 83/1 | C75: DA+3 | H75: 34 | I75: 83/1 | J75: DA+3 | P75: 429.38 | Q75: 403.83 | R75: 833.21 | S75: 417 | T75: 233 | U75: 191 | V75: 424 | W75: 227 | X75: 196 | Y75: 423 | AA75: 789924.81 | AB75: 2827370.5 | AC75: 94.494
F76: 403.83 | N76: 403.83 | Z76: Road
A77: 35 | B77: AP84 | C77: DC+6 | E77: 17°28'54"(LT) | H77: 35 | I77: AP84 | J77: DC+6 | M77: 17°28'54"(LT) | P77: 403.83 | Q77: 384.63 | R77: 788.46 | S77: 394 | T77: 214 | U77: 272 | V77: 486 | W77: 210 | X77: 241 | Y77: 451 | AA77: 790082 | AB77: 2826998.6 | AC77: 93.69
F78: 384.63 | G78: 385 | N78: 384.63 | O78: 385 | Z78: Cart Track
A79: 36 | B79: AP85 | C79: DC+0 | E79: 26°43'01"(RT) | H79: 36 | I79: AP85 | J79: DC+0 | M79: 26°43'01"(RT) | P79: 384.63 | Q79: 380.68 | R79: 765.31 | S79: 383 | T79: 114 | U79: 189 | V79: 303 | W79: 145 | X79: 190 | Y79: 335 | AA79: 790331.23 | AB79: 2826705.6 | AC79: 85.28
F80: 380.68 | G80: 735 | N80: 380.68 | O80: 735 | Z80: 11kV Line
A81: 37 | B81: 85/1 | C81: DA+0 | H81: 37 | I81: 85/1 | J81: DA+0 | P81: 380.68 | Q81: 354.53 | R81: 735.21 | S81: 368 | T81: 193 | U81: 176 | V81: 369 | W81: 193 | X81: 177 | Y81: 370 | AA81: 790421.22 | AB81: 2826335.7 | AC81: 85.764
F82: 354.53 | N82: 354.53 | Z82: Cart Track
A83: 38 | B83: AP86 | C83: DD+0 | E83: 40°12'50"(LT) | H83: 38 | I83: AP86 | J83: DD+0 | M83: 40°12'50"(LT) | P83: 354.53 | Q83: 405.57 | R83: 760.1 | S83: 380 | T83: 180 | U83: 165 | V83: 345 | W83: 180 | X83: 180 | Y83: 360 | AA83: 790505.02 | AB83: 2825991.2 | AC83: 86.03
F84: 405.57 | G84: 1203 | N84: 405.57 | O84: 1203
A85: 39 | B85: 86/1 | C85: DA+6 | H85: 39 | I85: 86/1 | J85: DA+6 | P85: 405.57 | Q85: 416.87 | R85: 822.45 | S85: 411 | T85: 241 | U85: 246 | V85: 487 | W85: 227 | X85: 233 | Y85: 460 | AA85: 790832.66 | AB85: 2825752.2 | AC85: 87.613
F86: 416.87 | N86: 416.87 | Z86: 11kV Line,2No.Cart Track
A87: 40 | B87: 86/2 | C87: DA+0 | H87: 40 | I87: 86/2 | J87: DA+0 | P87: 416.87 | Q87: 380.77 | R87: 797.64 | S87: 399 | T87: 172 | U87: 191 | V87: 363 | W87: 186 | X87: 191 | Y87: 377 | AA87: 791169.43 | AB87: 2825506.5 | AC87: 86.123
F88: 380.77 | N88: 380.77 | Z88: Cart Track
A89: 41 | B89: AP87 | C89: DC+0 | E89: 23°52'06"(RT) | H89: 41 | I89: AP87 | J89: DC+0 | M89: 23°52'06"(RT) | P89: 380.77 | Q89: 411.81 | R89: 792.58 | S89: 396 | T89: 191 | U89: 203 | V89: 394 | W89: 191 | X89: 205 | Y89: 396 | AA89: 791477.03 | AB89: 2825282.1 | AC89: 85.95
F90: 411.81 | G90: 1101 | N90: 411.81 | O90: 1101 | Z90: Cart Track,2Nos.11kV Line
A91: 42 | B91: 87/1 | C91: DA+3 | H91: 42 | I91: 87/1 | J91: DA+3 | P91: 411.81 | Q91: 392.08 | R91: 803.89 | S91: 402 | T91: 210 | U91: 169 | V91: 379 | W91: 209 | X91: 180 | Y91: 389 | AA91: 791683.05 | AB91: 2824925.5 | AC91: 83.796
F92: 392.08 | N92: 392.08 | Z92: Cart Track
A93: 43 | B93: 87/2 | C93: DA+9 | H93: 43 | I93: 87/2 | J93: DA+9 | P93: 392.08 | Q93: 296.87 | R93: 688.95 | S93: 345 | T93: 224 | U93: 191 | V93: 415 | W93: 213 | X93: 174 | Y93: 387 | AA93: 791879.2 | AB93: 2824586 | AC93: 82.85
F94: 296.87 | N94: 296.87 | Z94: Cart Track , Benching Required 1m depth & 5m Length
A95: 44 | B95: AP88 | C95: DC+0 | E95: 24°54'04"(RT) | H95: 44 | I95: AP88 | J95: DC+0 | M95: 24°54'04"(RT) | P95: 296.87 | Q95: 412.4 | R95: 709.27 | S95: 355 | T95: 107 | U95: 209 | V95: 316 | W95: 124 | X95: 209 | Y95: 333 | AA95: 792027.71 | AB95: 2824329 | AC95: 85.77
F96: 412.4 | G96: 412 | N96: 412.4 | O96: 412
A97: 45 | B97: AP89 | C97: DC+0 | E97: 24°07'20"(LT) | H97: 45 | I97: AP89 | J97: DC+0 | M97: 24°07'20"(LT) | P97: 412.4 | Q97: 382.17 | R97: 794.57 | S97: 397 | T97: 204 | U97: 107 | V97: 311 | W97: 206 | X97: 137 | Y97: 343 | AA97: 792064.49 | AB97: 2823918.2 | AC97: 85.31
F98: 382.17 | G98: 835 | N98: 382.17 | O98: 835 | Z98: Road,Cart Track
A99: 46 | B99: 89/1 | C99: DA+9 | H99: 46 | I99: 89/1 | J99: DA+9 | P99: 382.17 | Q99: 452.74 | R99: 834.91 | S99: 418 | T99: 276 | U99: 266 | V99: 542 | W99: 247 | X99: 253 | Y99: 500 | AA99: 792251.17 | AB99: 2823584.7 | AC99: 92.75
F100: 452.74 | N100: 452.74 | Z100: 2Nos.11kV Line
...

Sheet Visual Chart
A1: NAME OF PROJECT : FATEGARH III-BEAWAR 765KV D/C TRANSMISSION LILO LINE
A2: Client : RAJASTHAN IV A POWER TRANSMISSION LTD.
A3: AGENCY : KEC INTERNATIONAL LIMITED
A4: PROGRESS AT A GLANCE | U4: AS ON | W4: =NOW()-1 -> 46132.404
A6: Sl. No. | B6: Activity | E6: UoM | F6: LOOP IN | L6: LOOP OUT | R6: Total Quantity | T6: Total Balance | V6: Remarks
F7: Final Quantity | H7: Completed | J7: Balance | L7: Final Quantity | N7: Completed | P7: Balance | V7: LOOP IN WIP
A8: 1 | B8: Detail survey | E8: Kms. | F8: 7.556 | H8: 7.556 | J8: =F8-H8 -> 0 | L8: 7.922 | N8: 7.922 | P8: =L8-N8 -> 0 | R8: =F8+L8 -> 15.478 | T8: =P8+J8 -> 0 | V8: FDN WIP LI : 4/4
A9: =A8+1 -> 2 | B9: Check survey | E9: Kms. | F9: 7.556 | H9: 7.556 | J9: =F9-H9 -> 0 | L9: 7.922 | N9: 7.922 | P9: =L9-N9 -> 0 | R9: =F9+L9 -> 15.478 | T9: =P9+J9 -> 0
A10: 3 | B10: CS Approval | E10: Kms. | F10: 7.556 | H10: 7.556 | J10: =F10-H10 -> 0 | L10: 7.922 | N10: 7.922 | P10: =L10-N10 -> 0 | R10: =F10+L10 -> 15.478 | T10: =P10+J10 -> 0
A11: 4 | B11: Soil Investigation | E11: Loc | F11: 11 | H11: 11 | J11: =F11-H11 -> 0 | L11: 15 | N11: 15 | P11: =L11-N11 -> 0 | R11: 26 | T11: =P11+J11 -> 0
A12: 5 | B12: Foundation | E12: Loc | F12: 20 | H12: 9 | J12: =F12-H12 -> 11 | L12: 23 | N12: 11 | P12: =L12-N12 -> 12 | R12: =F12+L12 -> 43 | T12: =P12+J12 -> 23 | V12: LOOP OUT WIP
A13: 6 | B13: Earthing | E13: Loc | F13: 20 | H13: 1 | J13: =F13-H13 -> 19 | L13: 23 | N13: 2 | P13: =L13-N13 -> 21 | R13: =F13+L13 -> 43 | T13: =P13+J13 -> 40 | V13: FDN WIP LO : 7/0, 3/2, 3/4, 3/5
A14: 7 | B14: Erection | E14: Loc | F14: 20 | J14: =F14-H14 -> 20 | L14: 23 | N14: 2 | P14: =L14-N14 -> 21 | R14: =F14+L14 -> 43 | T14: =P14+J14 -> 41
A15: 8 | B15: Tack Welding | E15: Nos. | F15: 20 | J15: =F15-H15 -> 20 | L15: 23 | P15: =L15-N15 -> 23 | R15: =F15+L15 -> 43 | T15: =P15+J15 -> 43
A16: 9 | B16: Stringing(P/0) | E16: Kms. | F16: 7.556 | J16: =F16-H16 -> 7.556 | L16: 7.922 | P16: =L16-N16 -> 7.922 | R16: =F16+L16 -> 15.478 | T16: =P16+J16 -> 15.478 | V16: Ere WIP LO: 2/1
A17: =A16+1 -> 10 | B17: Stringing (F/S) | E17: Kms. | F17: 7.556 | J17: =F17-H17 -> 7.556 | L17: 7.922 | P17: =L17-N17 -> 7.922 | R17: =F17+L17 -> 15.478 | T17: =P17+J17 -> 15.478
A19: LOOP IN
A20: Existing 10/4 | C20: 1/0 | E20: 2/0 | G20: 2A/0 | I20: 3/0 | K20: 3A/0 | M20: 3A/1 | O20: 3B/0 | Q20: 4/0 | S20: 4/1 | U20: 4/2 | W20: 4/3
B22: 200 | D22: 132 | F22: 358 | H22: 344 | J22: 398 | L22: 420 | N22: 421 | P22: 418 | R22: 407 | T22: 415 | V22: 410 | X22: 397
A25: Taping point SPTL | C25: DD60+0 | E25: DD60+0 | G25: DD45+0 | I25: DD60+0 | K25: DD45+3 | M25: DB1+6 | O25: DC2+3 | Q25: DD45+0 | S25: DA+3 | U25: DA+3 | W25: DA+3
A27: 4/4 | C27: 4/5 | E27: 5/0 | G27: 5/1 | I27: 5/2 | K27: 6/0 | M27: 6/1 | O27: 6/2 | Q27: 7/0 | S27: GANTRY
B28: 388 | D28: 400 | F28: 365 | H28: 387 | J28: 365 | L28: 374 | N28: 381 | P28: 366 | R28: 214
A32: DA+0 | C32: DA+0 | D32: 2029 | E32: DC2+0 | G32: DA+0 | I32: DA+0 | J32: 1117 | K32: DD45+0 | M32: DA+0 | O32: DA+0 | P32: 1121 | Q32: DE+9 (Aux. X-arm)
A35: LOOP OUT
A37: Gantry | C37: 1/0 | E37: 1/1 | G37: 1/2 | I37: 2/0 | K37: 2/1 | M37: 2/2 | O37: 2/3 | Q37: 2/4 | S37: 2/5 | U37: 3/0 | W37: 3/1
B38: 143 | D38: 384 | F38: 317 | H38: 297 | J38: 367 | L38: 343 | N38: 299 | P38: 384 | R38: 356 | T38: 336 | V38: 416 | X38: 417
A42: Gantry | C42: DE+3 (Aux. X-arm) | E42: DA-3 | G42: DA-3 | H42: 998 | I42: DC1+0 | K42: DA+0 | M42: DA-3 | O42: DA+0 | Q42: DA+3 | S42: DA-3 | T42: 2085 | U42: DC1+0 | W42: DA+3
A45: 3/2 | C45: 3/3 | E45: 3/4 | G45: 3/5 | I45: 4/0 | K45: 4/1 | M45: 4/2 | O45: 4/3 | Q45: 5/0 | S45: 5A/0 | U45: 6/0 | W45: 7/0
B47: 398 | D47: 417 | F47: 355 | H47: 367 | J47: 362 | L47: 362 | N47: 365 | P47: 319 | R47: 368 | S47: 281 | T47: 222 | U47: 137 | V47: 138 | X47: 192
A51: DA+0 | C51: DA+3 | E51: DA+0 | G51: DA-3 | H51: 2370 | I51: DD60+0 | K51: DA+0 | M51: DA+0 | O51: DA+0 | P51: 1408 | Q51: DD45+0 | S51: DC2+0 | U51: DD60+0 (Aux. X-arm) | W51: DD60+0
A53: Existing 10/6 | L53: Stringing WIP | P53: Stringing Complete
K57: Erection WIP | O57: Erection Complete | S57: Tack Welding
K58: Foundation WIP | O58: Foundation Complete | S58: Earthing
A59: Taping point SPTL

Sheet L2 Vs Actual Progress Chart (2)
A1: NAME OF LINE: 400kV Transmisison Line Fatehgarh IV to Bhinmal
A2: As Per L2
A3: Sl. No. | B3: ACTIVITY | C3: Responsibility | D3: Sch. Start date | E3: Sch. Finish date | F3: Days | G3: Unit | H3: Quantity | I3: Dec'24 | J3: Jan'25 | K3: Feb'25 | L3: Mar'25 | M3: Apr'25 | N3: May'25 | O3: Jun'25 | P3: Jul'25 | Q3: Aug'25 | R3: Sep'25 | S3: Oct'25 | T3: Nov'25 | U3: Dec'25 | V3: Jan'26 | W3: Feb'26 | X3: Mar'26 | Y3: Apr'26 | Z3: May'26 | AA3: June'26
I4: M0 | J4: M1 | K4: M2 | L4: M3 | M4: M4 | N4: M5 | O4: M6 | P4: M7 | Q4: M8 | R4: M9 | S4: M10 | T4: M11 | U4: M12 | V4: M13 | W4: M14 | X4: M15 | Y4: M16 | Z4: M17 | AA4: M18
A5: 1 | B5: Notice of Award | C5: KEC & Apraava | D5: 45632 | E5: 46178 | F5: =E5-D5 -> 546
B6: Services
A7: 1 | B7: Establishment of site office | C7: KEC | D7: =D5+10 -> 45642 | E7: =D7+30 -> 45672 | F7: =E7-D7 -> 30 | G7: LS
B8: Check Survey Submission & Approval | C8: KEC & Apraava | D8: 45662 | E8: 45762 | F8: =E8-D8 -> 100 | G8: Kms. | H8: 184 | J8: 20 | K8: 60 | L8: 60 | M8: =60-16 -> 44
A9: 5.a | B9: ROW clearance and front avaibility for Civil foundation | C9: Apraava | D9: 25.12.24 | E9: 30.12.25 | F9: =E9-D9 -> #VALUE! | G9: Loc. | H9: 508 | I9: 5 | J9: 35 | K9: 40 | L9: 40 | M9: 40 | N9: 40 | O9: 40 | P9: 40 | Q9: 40 | R9: 45 | S9: 48 | T9: 50 | U9: 45
A10: 5.b | B10: Foundation Work execution | C10: KEC | D10: 45664 | E10: =D10+364+20 -> 46048 | F10: =E10-D10 -> 384 | G10: Loc. | H10: 508 | J10: 35 | K10: 40 | L10: 40 | M10: 40 | N10: 40 | O10: 40 | P10: 30 | Q10: 25 | R10: 25 | S10: 48 | T10: 45 | U10: 50 | V10: 48
A14: Note | B14: ROW / Way leave clearance / Forest clearance / Tree Cutting clearance / any other Statutory clearance to be arranged suitably ahead of respective work schedule by
B15: Any delay due to ROW / Statutory approvals / Railway, Forest, NHAI , etc shall be on account of Apraava.
B16: The L2 schedule is formulated considering average rainfall / heat in these areas, any unprecedented rain / heat waves will have an impact on overall completion schedule.
A17: Actual Done
A18: Sl. No. | B18: ACTIVITY | C18: Responsibility | D18: Sch. Start date | E18: Sch. Finish date | F18: Days | G18: Unit | H18: Quantity | I18: Dec'24 | J18: Jan'25 | K18: Feb'25 | L18: Mar'25 | M18: Apr'25 | N18: May'25 | O18: Jun'25 | P18: Jul'25 | Q18: Aug'25 | R18: Sep'25 | S18: Oct'25 | T18: Nov'25 | U18: Dec'25 | V18: Jan'26 | W18: Feb'26 | X18: Mar'26 | Y18: Apr'26 | Z18: May'26 | AA18: June'26
I19: M0 | J19: M1 | K19: M2 | L19: M3 | M19: M4 | N19: M5 | O19: M6 | P19: M7 | Q19: M8 | R19: M9 | S19: M10 | T19: M11 | U19: M12 | V19: M13 | W19: M14 | X19: M15 | Y19: M16 | Z19: M17 | AA19: M18
