Workbook
Name \0: #REF!
Name \0: #REF!
Name \2: #REF!
Name \2: #REF!
Name \3: #REF!
Name \4: #REF!
Name \A: #REF!
Name \A: #REF!
Name \A_1: "#REF!"
Name \a1: #REF!
Name \aa: #REF!
Name \B: #REF!
Name \B: #REF!
Name \C: #REF!
Name \C: #REF!
Name \c1: #REF!
Name \c1: #REF!
Name \d: #N/A
Name \dd: #REF!
Name \dd: #REF!
Name \DFC: #REF!
Name \E: #REF!
Name \f: #REF!
Name \f: #REF!
Name \g: #REF!
Name \g: #REF!
Name \H: #REF!
Name \H: #REF!
Name \I: #REF!
Name \I: #REF!
Name \j: #REF!
Name \j: #REF!
Name \jmns: #REF!
Name \k: #REF!
Name \k: #REF!
Name \KWS123: #N/A
Name \l: #REF!
Name \l: #REF!
Name \LK: #REF!
Name \LKM: #REF!
Name \M: #REF!
Name \M: #REF!
Name \N: #REF!
Name \N: #REF!
Name \P: #REF!
Name \P: #REF!
Name \q: #N/A
Name \R: #REF!
Name \R: #REF!
Name \S: #REF!
Name \S: #REF!
Name \Sv: #REF!
Name \t: #N/A
Name \U: #REF!
Name \U: #REF!
Name \V: #REF!
Name \V: #REF!
Name \x: #REF!
Name \z: #REF!
Name \z: #REF!

Sheet Summary
A1: Project -TA513-Powergrid Bikaner IV Transmission Limited | O1: 46202
A2: LOA DT Completion Schedule DT 21.12.2026 Project Value 666 Cr(S-530,F&I-12Cr.,C-124 Cr.) | B2: 45678 | E2: Project Period (Months):- | G2: 23 | I2: P.Completion | J2: 46378 | L2: No. of Days Delayed:- | M2: =J2-O1 -> 176 | Q2: F&I | R2: 12
A3: Progress Summary -Power Grid Bikaner IV Transmission limited
A4: Activity | B4: BOQ Qty | C4: Final Estimated Qty | D4: Cumulative L2 till Last Month | E4: Cumulative Progress till Last Month | F4: L2 for present Month | G4: Plan for the Month | H4: Today's Progress | I4: Progress till Date for the Month | J4: L2 till Current Month | K4: Completed till Date | L4: Balance Work | M4: Under Progress | N4: Gangs at Present | O4: Remarks
A5: Detailed Survey | B5: =B16+B27 -> 222.93 | C5: =C16+C27 -> 230.36 | D5: =D16+D27 -> 222.93 | E5: =E16+E27 -> 230.36 | F5: =F16+F27 -> 0 | G5: =G16+G27 -> 0 | H5: =H16+H27 -> 0 | I5: =I16+I27 -> 0 | ... N5: =N16+N27 -> 0
A6: Check Survey | B6: =B17+B28 -> 222.93 | C6: =C17+C28 -> 230.36 | D6: 222.93 | E6: 230.36 | F6: 0 | G6: 0 | H6: 0 | I6: 0 | J6: 222.93 | K6: 230.36 | L6: =L17+L28 -> 0 | M6: =M17+M28 -> 0 | N6: =N17+N28 -> 0 | O6: 13km check Survey Approval Awaited
A7: Foundation | B7: =B18+B29 -> 597 | C7: =C18+C29 -> 619 | D7: 547 | E7: 89 | F7: 28 | G7: 35 | H7: 0 | I7: 11 | J7: 575 | K7: 100 | L7: =L18+L29 -> 519 | M7: =M18+M29 -> 0 | N7: =N18+N29 -> 1
A8: Earthing | B8: =B19+B30 -> 597 | C8: =C19+C30 -> 619 | D8: 547 | E8: 17 | F8: 28 | G8: 0 | H8: 0 | I8: 0 | J8: 575 | K8: 17 | L8: =L19+L30 -> 601 | M8: =M19+M30 -> 0 | N8: =N19+N30 -> 0
A9: Tower Erection | B9: =B20+B31 -> 597 | C9: =C20+C31 -> 619 | D9: 465 | E9: 31 | F9: 35 | G9: 16 | H9: 0 | I9: 4 | J9: 500 | K9: 35 | L9: =L20+L31 -> 584 | M9: =M20+M31 -> 0 | N9: =N20+N31 -> 0
A10: Tack welding | B10: =B21+B32 -> 597 | C10: =C21+C32 -> 619 | D10: 465 | E10: 0 | F10: 35 | G10: 0 | H10: 0 | I10: 0 | J10: 500 | K10: 0 | L10: =L21+L32 -> 619 | M10: =M21+M32 -> 0 | N10: =N21+N32 -> 0
A11: Stringing | B11: =B22+B33 -> 222.93 | C11: =C22+C33 -> 230.56 | D11: 140 | E11: 0 | F11: 13 | G11: 0 | H11: 0 | I11: 0 | J11: 153 | K11: 0 | L11: =L22+L33 -> 230.56 | M11: =M22+M33 -> 0 | N11: =N22+N33 -> 0
A12: OPGW | B12: =B23+B34 -> 222.93 | C12: =C23+C34 -> 230.56 | D12: 50 | E12: 0 | F12: 35 | G12: 0 | H12: 0 | I12: 0 | J12: 85 | K12: 0 | L12: =L23+L34 -> 230.56 | M12: =M23+M34 -> 0 | N12: =N23+N34 -> 0
A13: Line Wise Progress
A14: 400 kV Siwani-Fatehabad Transmission Limited
A15: Activity | B15: BOQ Qty | C15: Final Estimated Qty | D15: Cumulative L2 till Last Month | E15: Cumulative Progress till Last Month | F15: L2 for present Month | G15: Plan for the Month | H15: Today's Progress | I15: Progress till Date for the Month | J15: L2 till Current Month | K15: Completed till Date | L15: Balance Work | M15: Under Progress | N15: Gangs at Present | O15: Remarks
A16: Detailed Survey | B16: 78.73 | C16: 82.8 | D16: 78.73 | E16: 82.8 | F16: 0 | G16: 0 | J16: 78.73 | K16: =E16+I16 -> 82.8 | L16: =+C16-K16 -> 0
A17: Check Survey | B17: =B16 -> 78.73 | C17: 82.8 | D17: 78.73 | E17: 82.8 | F17: 0 | G17: 0 | J17: 78.73 | K17: =E17+I17 -> 82.8 | L17: =+C17-K17 -> 0 | O17: Gantry to AP3-Approval Awaited , Submitted on date 24.12.2025
A18: Foundation | B18: 210 | C18: 220 | D18: 197 | E18: 25 | F18: 8 | G18: 10 | I18: 1 | J18: 205 | K18: =E18+I18 -> 26 | L18: =+C18-K18 -> 194 | M18: 0 | N18: 0
A19: Earthing | B19: =B18 -> 210 | C19: 220 | D19: 197 | E19: 10 | F19: 8 | G19: 0 | J19: 205 | K19: =E19+I19 -> 10 | L19: =+C19-K19 -> 210
A20: Tower Erection | B20: =B19 -> 210 | C20: 220 | D20: 155 | E20: 7 | F20: 20 | G20: 5 | J20: 175 | K20: =E20+I20 -> 7 | L20: =+C20-K20 -> 213 | M20: 0 | N20: 0
A21: Tack welding | B21: =B20 -> 210 | C21: 220 | D21: 155 | E21: 0 | F21: 20 | G21: 0 | J21: 175 | K21: =E21+I21 -> 0 | L21: =+C21-K21 -> 220
A22: Stringing | B22: =B16 -> 78.73 | C22: 83 | D22: 40 | E22: 0 | F22: 8 | G22: 0 | J22: 48 | K22: =E22+I22 -> 0 | L22: =+C22-K22 -> 83
A23: OPGW | B23: =B22 -> 78.73 | C23: =C22 -> 83 | D23: 15 | E23: 0 | F23: 15 | G23: 0 | J23: 30 | K23: =E23+I23 -> 0 | L23: =+C23-K23 -> 83
A25: 400 kV Siwani-Patran Transmission Limited
A26: Activity | B26: BOQ Qty | C26: Final Estimated Qty | D26: Cumulative L2 till Last Month | E26: Cumulative Progress till Last Month | F26: L2 for present Month | G26: Plan for the Month | H26: Today's Progress | I26: Progress till Date for the Month | J26: L2 till Current Month | K26: Completed till Date | L26: Balance Work | M26: Under Progress | N26: Gangs at Present | O26: Remarks
A27: Detailed Survey | B27: 144.2 | C27: 147.56 | D27: 144.2 | E27: 147.56 | F27: 0 | G27: 0 | J27: 0 | K27: =E27+I27 -> 147.56 | L27: =+C27-K27 -> 0
A28: Check Survey | B28: =B27 -> 144.2 | C28: 147.56 | D28: 144.2 | E28: 147.56 | F28: 0 | G28: 0 | J28: 144.2 | K28: =E28+I28 -> 147.56 | L28: =+C28-K28 -> 0 | O28: Gantry to AP3-Approval Awaited , Submitted on date 06.02.2026
A29: Foundation | B29: 387 | C29: 399 | D29: 350 | E29: 64 | F29: 20 | G29: 25 | I29: 10 | J29: 370 | K29: =E29+I29 -> 74 | L29: =+C29-K29 -> 325 | N29: 1 | O29: Loc-46/1-Excavation WIP
A30: Earthing | B30: =B29 -> 387 | C30: =C29 -> 399 | D30: 350 | E30: 8 | F30: 20 | G30: 0 | J30: 370 | K30: =E30+I30 -> 8 | L30: =+C30-K30 -> 391
A31: Tower Erection | B31: =B30 -> 387 | C31: =C30 -> 399 | D31: 310 | E31: 24 | F31: 15 | G31: 11 | I31: 4 | J31: 325 | K31: =E31+I31 -> 28 | L31: =+C31-K31 -> 371 | M31: 0 | N31: 0
A32: Tack welding | B32: =B31 -> 387 | C32: =C31 -> 399 | D32: =D31 -> 310 | E32: 0 | F32: =F31 -> 15 | G32: 0 | J32: =+D32+F32 -> 325 | K32: =E32+I32 -> 0 | L32: =+C32-K32 -> 399
A33: Stringing | B33: =B27 -> 144.2 | C33: =C27 -> 147.56 | D33: 100 | E33: 0 | F33: 5 | G33: 0 | J33: =+D33+F33 -> 105 | K33: =E33+I33 -> 0 | L33: =+C33-K33 -> 147.56
A34: OPGW | B34: =B33 -> 144.2 | C34: =C33 -> 147.56 | D34: 35 | E34: 0 | F34: 20 | G34: 0 | J34: =+D34+F34 -> 55 | K34: =E34+I34 -> 0 | L34: =+C34-K34 -> 147.56

Sheet SF Village Wise
A2: (Siwani-Fatehabad TL)Village Wise | I2: =SUBTOTAL(9,I4:I403) -> 8 | J2: =SUBTOTAL(9,J4:J403) -> 6 | K2: =SUBTOTAL(9,K4:K403) -> 4 | L2: =SUBTOTAL(3,L4:L1048576) -> 26 | M2: =SUBTOTAL(3,M4:M1048576) -> 10 | N2: =SUBTOTAL(3,N4:N1048576) -> 7
A3: S. No. | B3: Location | C3: Type of | D3: Wind Zone | E3: Span | F3: District | G3: Tehsil | H3: Village | I3: PL | J3: NH | K3: RL | L3: Foundation compl | M3: Earthing Complete | N3: Erection compl
A4: =SUBTOTAL(103,$B$4:B4) -> 1 | B4: 1/0 | C4: DD60+0 | D4: 4 | E4: 151.994 | F4: Bhiwani | G4: Siwani | H4: Jhuppa Kalan
A5: =SUBTOTAL(103,$B$4:B5) -> 2 | B5: 1/1 | C5: DA+6 | D5: 4 | E5: 410 | F5: Bhiwani | G5: Siwani | H5: Jhuppa Kalan
A6: =SUBTOTAL(103,$B$4:B6) -> 3 | B6: 1A/0 | C6: DD60+0 | D6: 4 | E6: 429.494 | F6: Bhiwani | G6: Siwani | H6: Jhuppa Kalan | J6: 1
A7: =SUBTOTAL(103,$B$4:B7) -> 4 | B7: 1B/0 | C7: DD60+6 | D7: 4 | E7: 228.257 | F7: Bhiwani | G7: Siwani | H7: Jhuppa Kalan | J7: 1 | K7: 1
A8: =SUBTOTAL(103,$B$4:B8) -> 5 | B8: 2/0 | C8: DD60+3 | D8: 4 | E8: 230.92 | F8: Bhiwani | G8: Siwani | H8: Jhuppa Kalan | K8: 1
A9: =SUBTOTAL(103,$B$4:B9) -> 6 | B9: 2A/0 | C9: DC1+0 | D9: 4 | E9: 373.098 | F9: Bhiwani | G9: Siwani | H9: Jhuppa Kalan
A10: =SUBTOTAL(103,$B$4:B10) -> 7 | B10: 2A/1 | C10: DA+0 | D10: 4 | E10: 343 | F10: Bhiwani | G10: Siwani | H10: Jhuppa Kalan
A11: =SUBTOTAL(103,$B$4:B11) -> 8 | B11: 2A/2 | C11: DA+0 | D11: 4 | E11: 414 | F11: Bhiwani | G11: Siwani | H11: Jhuppa Kalan
A12: =SUBTOTAL(103,$B$4:B12) -> 9 | B12: 2A/3 | C12: DA+0 | D12: 4 | E12: 397 | F12: Bhiwani | G12: Siwani | H12: Jhuppa Kalan
A13: =SUBTOTAL(103,$B$4:B13) -> 10 | B13: 2B/0 | C13: DB2+0 | D13: 4 | E13: 350.278 | F13: Bhiwani | G13: Siwani | H13: Jhuppa Kalan
A14: =SUBTOTAL(103,$B$4:B14) -> 11 | B14: 2B/1 | C14: DA+3 | D14: 4 | E14: 338 | F14: Bhiwani | G14: Siwani | H14: Jhuppa Kalan
A15: =SUBTOTAL(103,$B$4:B15) -> 12 | B15: 2C/0 | C15: DD60+6 | D15: 4 | E15: 343.261 | F15: Bhiwani | G15: Siwani | H15: Jhuppa Kalan | I15: 1
A16: =SUBTOTAL(103,$B$4:B16) -> 13 | B16: 2D/0 | C16: DD60+6 | D16: 4 | E16: 152.793 | F16: Bhiwani | G16: Siwani | H16: Jhuppa Kalan | I16: 1
A17: =SUBTOTAL(103,$B$4:B17) -> 14 | B17: 2D/1 | C17: DA+0 | D17: 4 | E17: 445 | F17: Bhiwani | G17: Siwani | H17: Jhuppa Kalan
A18: =SUBTOTAL(103,$B$4:B18) -> 15 | B18: 2D/2 | C18: DA+6 | D18: 4 | E18: 383 | F18: Bhiwani | G18: Siwani | H18: Lilas
A19: =SUBTOTAL(103,$B$4:B19) -> 16 | B19: 2D/3 | C19: DA+6 | D19: 4 | E19: 368.645 | F19: Bhiwani | G19: Siwani | H19: Lilas
A20: =SUBTOTAL(103,$B$4:B20) -> 17 | B20: 2D/4 | C20: DA+0 | D20: 4 | E20: 349.87 | F20: Bhiwani | G20: Siwani | H20: Lilas
A21: =SUBTOTAL(103,$B$4:B21) -> 18 | B21: 2D/5 | C21: DA+6 | D21: 4 | E21: 415 | F21: Bhiwani | G21: Siwani | H21: Lilas
A22: =SUBTOTAL(103,$B$4:B22) -> 19 | B22: 3/0 | C22: DB1+0 | D22: 4 | E22: 404.484 | F22: Bhiwani | G22: Siwani | H22: Lilas
A23: =SUBTOTAL(103,$B$4:B23) -> 20 | B23: 3/1 | C23: DA+0 | D23: 4 | E23: 325 | F23: Bhiwani | G23: Siwani | H23: Lilas
A24: =SUBTOTAL(103,$B$4:B24) -> 21 | B24: 3/2 | C24: DA+3 | D24: 4 | E24: 386 | F24: Bhiwani | G24: Siwani | H24: Lilas
A25: =SUBTOTAL(103,$B$4:B25) -> 22 | B25: 3/3 | C25: DA+0 | D25: 4 | E25: 434 | F25: Bhiwani | G25: Siwani | H25: Lilas
A26: =SUBTOTAL(103,$B$4:B26) -> 23 | B26: 3/4 | C26: DA+3 | D26: 4 | E26: 392 | F26: Bhiwani | G26: Siwani | H26: Siwani
A27: =SUBTOTAL(103,$B$4:B27) -> 24 | B27: 3/5 | C27: DA+3 | D27: 4 | E27: 404 | F27: Bhiwani | G27: Siwani | H27: Siwani
A28: =SUBTOTAL(103,$B$4:B28) -> 25 | B28: 3/6 | C28: DA+6 | D28: 4 | E28: 398 | F28: Bhiwani | G28: Siwani | H28: Siwani
... A111: =SUBTOTAL(103,$B$4:B111) -> 108 | B111: 17/7 | C111: DA+3 | D111: 4 | E111: 398 | F111: Hisar | G111: Hisar | H111: Mattarsham
A112: =SUBTOTAL(103,$B$4:B112) -> 109 | B112: 18/0 | C112: DB1+0 | D112: 4 | E112: 405.185 | F112: Hisar | G112: Hisar | H112: Mattarsham | L112: Compl
A113: =SUBTOTAL(103,$B$4:B113) -> 110 | B113: 18/1 | C113: DA+0 | D113: 4 | E113: 396 | F113: Hisar | G113: Hisar | H113: Mattarsham
A114: =SUBTOTAL(103,$B$4:B114) -> 111 | B114: 18/2 | C114: DA+0 | D114: 4 | E114: 386 | F114: Hisar | G114: Hisar | H114: Mattarsham
A115: =SUBTOTAL(103,$B$4:B115) -> 112 | B115: 18/3 | C115: DA-1.5 | D115: 4 | E115: 373 | F115: Hisar | G115: Hisar | H115: Mattarsham
A116: =SUBTOTAL(103,$B$4:B116) -> 113 | B116: 18/4 | C116: DA-1.5 | D116: 4 | E116: 363 | F116: Hisar | G116: Hisar | H116: Mattarsham | L116: Compl
A117: =SUBTOTAL(103,$B$4:B117) -> 114 | B117: 19/0 | C117: DC2+3 | D117: 4 | E117: 383.043 | F117: Hisar | G117: Hisar | H117: Mattarsham | L117: Compl
A118: =SUBTOTAL(103,$B$4:B118) -> 115 | B118: 19/1 | C118: DA+3 | D118: 4 | E118: 425 | F118: Hisar | G118: Hisar | H118: Mattarsham
A119: =SUBTOTAL(103,$B$4:B119) -> 116 | B119: 19/2 | C119: DA-3 | D119: 4 | E119: 388 | F119: Hisar | G119: Hisar | H119: Mattarsham
A120: =SUBTOTAL(103,$B$4:B120) -> 117 | B120: 20/0 | C120: DC2+0 | D120: 4 | E120: 351.545 | F120: Hisar | G120: Hisar | H120: Mattarsham
A121: =SUBTOTAL(103,$B$4:B121) -> 118 | B121: 21/0 | C121: DB2+0 | D121: 4 | E121: 373.161 | F121: Hisar | G121: Hisar | H121: Mattarsham
A122: =SUBTOTAL(103,$B$4:B122) -> 119 | B122: 21/1 | C122: DA+0 | D122: 4 | E122: 344.001 | F122: Hisar | G122: Hisar | H122: Mattarsham
A123: =SUBTOTAL(103,$B$4:B123) -> 120 | B123: 21/2 | C123: DA-3 | D123: 4 | E123: 317 | F123: Hisar | G123: Hisar | H123: Mattarsham
A124: =SUBTOTAL(103,$B$4:B124) -> 121 | B124: 21/3 | C124: DA-3 | D124: 4 | E124: 322 | F124: Hisar | G124: Hisar | H124: Mattarsham
A125: =SUBTOTAL(103,$B$4:B125) -> 122 | B125: 22/0 | C125: DD60+9 | D125: 4 | E125: 380.273 | F125: Hisar | G125: Adampur | H125: Neoli Khurd | K125: 1
A126: =SUBTOTAL(103,$B$4:B126) -> 123 | B126: 23/0 | C126: DD60+6 | D126: 4 | E126: 250.503 | F126: Hisar | G126: Adampur | H126: Neoli Khurd | K126: 1
A127: =SUBTOTAL(103,$B$4:B127) -> 124 | B127: 23/1 | C127: DA-3 | D127: 4 | E127: 394 | F127: Hisar | G127: Adampur | H127: Neoli Khurd
A128: =SUBTOTAL(103,$B$4:B128) -> 125 | B128: 23/2 | C128: DA+3 | D128: 4 | E128: 383 | F128: Hisar | G128: Adampur | H128: Neoli Khurd
A129: =SUBTOTAL(103,$B$4:B129) -> 126 | B129: 23/3 | C129: DA+0 | D129: 4 | E129: 412 | F129: Hisar | G129: Adampur | H129: Neoli Khurd | L129: Compl
A130: =SUBTOTAL(103,$B$4:B130) -> 127 | B130: 23/4 | C130: DA+0 | D130: 4 | E130: 396 | F130: Hisar | G130: Adampur | H130: Mallapur
A131: =SUBTOTAL(103,$B$4:B131) -> 128 | B131: 23/5 | C131: DA+6 | D131: 4 | E131: 435 | F131: Hisar | G131: Adampur | H131: Mallapur | L131: Compl | M131: Compl
A132: =SUBTOTAL(103,$B$4:B132) -> 129 | B132: 23/6 | C132: DA-1.5 | D132: 4 | E132: 409 | F132: Hisar | G132: Adampur | H132: Mallapur | L132: Compl | M132: Compl
A133: =SUBTOTAL(103,$B$4:B133) -> 130 | B133: 24/0 | C133: DB1+0 | D133: 4 | E133: 359.991 | F133: Hisar | G133: Adampur | H133: Mallapur | L133: Compl
A134: =SUBTOTAL(103,$B$4:B134) -> 131 | B134: 24/1 | C134: DA+0 | D134: 4 | E134: 394 | F134: Hisar | G134: Adampur | H134: Mallapur | L134: Compl | M134: Compl
A135: =SUBTOTAL(103,$B$4:B135) -> 132 | B135: 24/2 | C135: DA+0 | D135: 4 | E135: 393 | F135: Hisar | G135: Adampur | H135: Mallapur | L135: Compl | M135: Compl
A136: =SUBTOTAL(103,$B$4:B136) -> 133 | B136: 24/3 | C136: DA+0 | D136: 4 | E136: 406 | F136: Hisar | G136: Adampur | H136: Kaijlan | L136: Compl | M136: Compl
A137: =SUBTOTAL(103,$B$4:B137) -> 134 | B137: 24/4 | C137: DA+1.5 | D137: 4 | E137: 403 | F137: Hisar | G137: Adampur | H137: Kaijlan | L137: Compl | M137: Compl | N137: Compl
A138: =SUBTOTAL(103,$B$4:B138) -> 135 | B138: 25/0 | C138: DB2+0 | D138: 4 | E138: 403.728 | F138: Hisar | G138: Adampur | H138: Kaijlan | L138: Compl | N138: Compl
A139: =SUBTOTAL(103,$B$4:B139) -> 136 | B139: 25/1 | C139: DA+1.5 | D139: 4 | E139: 403.001 | F139: Hisar | G139: Adampur | H139: Kaijlan | L139: Compl | M139: Compl | N139: Compl
A140: =SUBTOTAL(103,$B$4:B140) -> 137 | B140: 25/2 | C140: DA+0 | D140: 4 | E140: 397 | F140: Hisar | G140: Adampur | H140: Ashrawan | L140: Compl | M140: Compl | N140: Compl
A141: =SUBTOTAL(103,$B$4:B141) -> 138 | B141: 26/0 | C141: DC1+0 | D141: 4 | E141: 374.01 | F141: Hisar | G141: Adampur | H141: Ashrawan | L141: Compl | N141: Compl
A142: =SUBTOTAL(103,$B$4:B142) -> 139 | B142: 26/1 | C142: DA+0 | D142: 4 | E142: 388 | F142: Hisar | G142: Adampur | H142: Ashrawan
A143: =SUBTOTAL(103,$B$4:B143) -> 140 | B143: 26/2 | C143: DA+6 | D143: 4 | E143: 436 | F143: Hisar | G143: Adampur | H143: Ashrawan | L143: Compl | M143: Compl | N143: Compl
A144: =SUBTOTAL(103,$B$4:B144) -> 141 | B144: 27/0 | C144: DC1+0 | D144: 4 | E144: 381.286 | F144: Hisar | G144: Adampur | H144: Ashrawan | L144: Compl | N144: Compl
A145: =SUBTOTAL(103,$B$4:B145) -> 142 | B145: 28/0 | C145: DC1-3 | D145: 4 | E145: 281.969 | F145: Hisar | G145: Adampur | H145: Ashrawan | L145: Compl
A146: =SUBTOTAL(103,$B$4:B146) -> 143 | B146: 28/1 | C146: DA+9 | D146: 4 | E146: 386 | F146: Hisar | G146: Adampur | H146: Ashrawan | L146: Compl
A147: =SUBTOTAL(103,$B$4:B147) -> 144 | B147: 29/0 | C147: DB2+18 | D147: 4 | E147: 349.422 | F147: Hisar | G147: Adampur | H147: Ashrawan | I147: 1
A148: =SUBTOTAL(103,$B$4:B148) -> 145 | B148: 30/0 | C148: DC1+6 | D148: 4 | E148: 245.99 | F148: Hisar | G148: Adampur | H148: Ashrawan | I148: 1 | L148: Compl
A149: =SUBTOTAL(103,$B$4:B149) -> 146 | B149: 30/1 | C149: DA+0 | D149: 4 | E149: 365 | F149: Hisar | G149: Adampur | H149: Ashrawan
A150: =SUBTOTAL(103,$B$4:B150) -> 147 | B150: 30/2 | C150: DA+0 | D150: 4 | E150: 327 | F150: Hisar | G150: Adampur | H150: Kaliravan | L150: Compl
A151: =SUBTOTAL(103,$B$4:B151) -> 148 | B151: 31/0 | C151: DD45+0 | D151: 4 | E151: 383.791 | F151: Hisar | G151: Adampur | H151: Kaliravan
A152: =SUBTOTAL(103,$B$4:B152) -> 149 | B152: 31/1 | C152: DA+0 | D152: 4 | E152: 342 | F152: Hisar | G152: Adampur | H152: Kaliravan | L152: Compl | M152: Compl
A153: =SUBTOTAL(103,$B$4:B153) -> 150 | B153: 31/2 | C153: DA+0 | D153: 4 | E153: 388 | F153: Hisar | G153: Adampur | H153: Kaliravan | L153: Compl
A154: =SUBTOTAL(103,$B$4:B154) -> 151 | B154: 32/0 | C154: DB2+3 | D154: 4 | E154: 408.02 | F154: Hisar | G154: Adampur | H154: Kaliravan
A155: =SUBTOTAL(103,$B$4:B155) -> 152 | B155: 32A/0 | C155: DB2+3 | D155: 4 | E155: 431.035 | F155: Hisar | G155: Adampur | H155: Kaliravan
A156: =SUBTOTAL(103,$B$4:B156) -> 153 | B156: 32B/0 | C156: DB2+0 | D156: 4 | E156: 342.651 | F156: Hisar | G156: Adampur | H156: Kaliravan
A157: =SUBTOTAL(103,$B$4:B157) -> 154 | B157: 32B/1 | C157: DA+3 | D157: 4 | E157: 420 | F157: Hisar | G157: Adampur | H157: Kaliravan | L157: Compl
A158: =SUBTOTAL(103,$B$4:B158) -> 155 | B158: 32B/2 | C158: DA+3 | D158: 4 | E158: 398 | F158: Hisar | G158: Adampur | H158: Kaliravan
A159: =SUBTOTAL(103,$B$4:B159) -> 156 | B159: 33/0 | C159: DB1+3 | D159: 4 | E159: 416.489 | F159: Hisar | G159: Adampur | H159: Kaliravan
A160: =SUBTOTAL(103,$B$4:B160) -> 157 | B160: 33/1 | C160: DA+6 | D160: 4 | E160: 385 | F160: Hisar | G160: Adampur | H160: Kaliravan
A161: =SUBTOTAL(103,$B$4:B161) -> 158 | B161: 34/0 | C161: DC1+0 | D161: 4 | E161: 416.149 | F161: Hisar | G161: Adampur | H161: Kaliravan
A162: =SUBTOTAL(103,$B$4:B162) -> 159 | B162: 34/1 | C162: DA+6 | D162: 4 | E162: 387 | F162: Hisar | G162: Adampur | H162: Kaliravan
A163: =SUBTOTAL(103,$B$4:B163) -> 160 | B163: 35/0 | C163: DD45+0 | D163: 4 | E163: 427.589 | F163: Hisar | G163: Adampur | H163: Khasa mahajan
A164: =SUBTOTAL(103,$B$4:B164) -> 161 | B164: 35/1 | C164: DA+1.5 | D164: 4 | E164: 398 | F164: Hisar | G164: Adampur | H164: Khasa mahajan
A165: =SUBTOTAL(103,$B$4:B165) -> 162 | B165: 35/2 | C165: DA+6 | D165: 4 | E165: 377 | F165: Hisar | G165: Adampur | H165: Khasa mahajan
A166: =SUBTOTAL(103,$B$4:B166) -> 163 | B166: 36/0 | C166: DC1+0 | D166: 4 | E166: 373.455 | F166: Hisar | G166: Adampur | H166: Khasa mahajan
A167: =SUBTOTAL(103,$B$4:B167) -> 164 | B167: 37/0 | C167: DC2+0 | D167: 4 | E167: 369.768 | F167: Hisar | G167: Adampur | H167: Khasa mahajan
A168: =SUBTOTAL(103,$B$4:B168) -> 165 | B168: 37/1 | C168: DA+0 | D168: 4 | E168: 383 | F168: Hisar | G168: Adampur | H168: Khasa mahajan | L168: Compl
A169: =SUBTOTAL(103,$B$4:B169) -> 166 | B169: 38/0 | C169: DB2+0 | D169: 4 | E169: 376.896 | F169: Hisar | G169: Adampur | H169: Khasa mahajan
A170: =SUBTOTAL(103,$B$4:B170) -> 167 | B170: 38/1 | C170: DA+0 | D170: 4 | E170: 344 | F170: Hisar | G170: Adampur | H170: Khasa mahajan
A171: =SUBTOTAL(103,$B$4:B171) -> 168 | B171: 39/0 | C171: DB1+0 | D171: 4 | E171: 381.526 | F171: Hisar | G171: Adampur | H171: Khasa mahajan
A172: =SUBTOTAL(103,$B$4:B172) -> 169 | B172: 39/1 | C172: DA+1.5 | D172: 4 | E172: 394 | F172: Hisar | G172: Adampur | H172: Khasa mahajan
A173: =SUBTOTAL(103,$B$4:B173) -> 170 | B173: 40/0 | C173: DB2+0 | D173: 4 | E173: 399.055 | F173: Fatehabad | G173: Fatehabad | H173: Khara Kheri
A174: =SUBTOTAL(103,$B$4:B174) -> 171 | B174: 40/1 | C174: DA+3 | D174: 4 | E174: 402.99963 | F174: Fatehabad | G174: Fatehabad | H174: Khara Kheri
A175: =SUBTOTAL(103,$B$4:B175) -> 172 | B175: 40/2 | C175: DA+0 | D175: 4 | E175: 400.0001 | F175: Fatehabad | G175: Fatehabad | H175: Khara Kheri
A176: =SUBTOTAL(103,$B$4:B176) -> 173 | B176: 40A/0 | C176: DB1+0 | D176: 4 | E176: 360.4864 | F176: Fatehabad | G176: Fatehabad | H176: Khara Kheri
A177: =SUBTOTAL(103,$B$4:B177) -> 174 | B177: 40A/1 | C177: 5DA+6 | D177: 5 | E177: 401.45035 | F177: Fatehabad | G177: Fatehabad | H177: Khara Kheri
A178: =SUBTOTAL(103,$B$4:B178) -> 175 | B178: 41/0 | C178: 5DC2+6 | D178: 5 | E178: 410.65064 | F178: Fatehabad | G178: Fatehabad | H178: Khara Kheri
A179: =SUBTOTAL(103,$B$4:B179) -> 176 | B179: 41/1 | C179: 5DA+9 | D179: 5 | E179: 405 | F179: Fatehabad | G179: Fatehabad | H179: Khara Kheri
A180: =SUBTOTAL(103,$B$4:B180) -> 177 | B180: 42/0 | C180: 5DD45+0 | D180: 5 | E180: 373.934 | F180: Fatehabad | G180: Fatehabad | H180: Khara Kheri | J180: 1
A181: =SUBTOTAL(103,$B$4:B181) -> 178 | B181: 43/0 | C181: 5DD60+3 | D181: 5 | E181: 245.502 | F181: Fatehabad | G181: Fatehabad | H181: Khara Kheri | J181: 1
A182: =SUBTOTAL(103,$B$4:B182) -> 179 | B182: 44/0 | C182: 5DB2+3 | D182: 5 | E182: 403.981 | F182: Fatehabad | G182: Fatehabad | H182: Khara Kheri
A183: =SUBTOTAL(103,$B$4:B183) -> 180 | B183: 44/1 | C183: 5DA+3 | D183: 5 | E183: 389 | F183: Fatehabad | G183: Fatehabad | H183: Khara Kheri
...

Sheet SP Village Wise
A2: Siwani-Patran Village Wise | I2: =SUBTOTAL(9,I4:I403) -> 41 | J2: =SUBTOTAL(9,J4:J403) -> 10 | K2: =SUBTOTAL(9,K4:K403) -> 8 | L2: =SUBTOTAL(3,L4:L1048576) -> 74 | M2: =SUBTOTAL(3,M4:M1048576) -> 8 | N2: =SUBTOTAL(3,N4:N1048576) -> 28
A3: S. No. | B3: Location | C3: Type of | D3: Wind Zone | E3: Span | F3: District | G3: Tehsil | H3: Village | I3: PL | J3: NH | K3: RL | L3: Foundation compl | M3: Earthing Complete | N3: Erection Compl
A4: =SUBTOTAL(103,$B$4:B4) -> 1 | B4: 1/0 | C4: DD60+0 | D4: 4 | E4: 100.36 | F4: Bhiwani | G4: Siwani | H4: Jhuppa Kalan
A5: =SUBTOTAL(103,$B$4:B5) -> 2 | B5: 1A/0 | C5: DD60+25 | D5: 4 | E5: 268.44 | F5: Bhiwani | G5: Siwani | H5: Jhuppa Kalan
A6: =SUBTOTAL(103,$B$4:B6) -> 3 | B6: 1B/0 | C6: DD60+25 | D6: 4 | E6: 161.36 | F6: Bhiwani | G6: Siwani | H6: Jhuppa Kalan
A7: =SUBTOTAL(103,$B$4:B7) -> 4 | B7: 1B/1 | C7: DA+9 | D7: 4 | E7: 400 | F7: Bhiwani | G7: Siwani | H7: Jhuppa Kalan
A8: =SUBTOTAL(103,$B$4:B8) -> 5 | B8: 1C/0 | C8: DC1+0 | D8: 4 | E8: 419.03 | F8: Bhiwani | G8: Siwani | H8: Jhuppa Kalan
A9: =SUBTOTAL(103,$B$4:B9) -> 6 | B9: 1C/1 | C9: DA+0 | D9: 4 | E9: 418 | F9: Bhiwani | G9: Siwani | H9: Jhuppa Kalan
A10: =SUBTOTAL(103,$B$4:B10) -> 7 | B10: 1C/2 | C10: DA+0 | D10: 4 | E10: 386.78 | F10: Bhiwani | G10: Siwani | H10: Jhuppa Kalan
A11: =SUBTOTAL(103,$B$4:B11) -> 8 | B11: 1C/3 | C11: DA+0 | D11: 4 | E11: 319.22 | F11: Bhiwani | G11: Siwani | H11: Jhuppa Kalan
A12: =SUBTOTAL(103,$B$4:B12) -> 9 | B12: 1D/0 | C12: DC2+6 | D12: 4 | E12: 390.8 | F12: Bhiwani | G12: Siwani | H12: Jhuppa Kalan
A13: =SUBTOTAL(103,$B$4:B13) -> 10 | B13: 1D/1 | C13: DA+3 | D13: 4 | E13: 438 | F13: Bhiwani | G13: Siwani | H13: Jhuppa Kalan
A14: =SUBTOTAL(103,$B$4:B14) -> 11 | B14: 1D/2 | C14: DA+9 | D14: 4 | E14: 406 | F14: Bhiwani | G14: Siwani | H14: Jhuppa Kalan
A15: =SUBTOTAL(103,$B$4:B15) -> 12 | B15: 2/0 | C15: DD60+3 | D15: 4 | E15: 436.42 | F15: Bhiwani | G15: Siwani | H15: Jhuppa Kalan | J15: 1
A16: =SUBTOTAL(103,$B$4:B16) -> 13 | B16: 2A/0 | C16: DD60+6 | D16: 4 | E16: 193.59 | F16: Bhiwani | G16: Siwani | H16: Jhuppa Kalan | J16: 1 | K16: 1
A17: =SUBTOTAL(103,$B$4:B17) -> 14 | B17: 2B/0 | C17: DD60+9 | D17: 4 | E17: 205.24 | F17: Bhiwani | G17: Siwani | H17: Jhuppa Kalan | K17: 1
A18: =SUBTOTAL(103,$B$4:B18) -> 15 | B18: 2B/1 | C18: DA+0 | D18: 4 | E18: 356 | F18: Bhiwani | G18: Siwani | H18: Jhuppa Kalan
A19: =SUBTOTAL(103,$B$4:B19) -> 16 | B19: 2B/2 | C19: DA+0 | D19: 4 | E19: 300 | F19: Bhiwani | G19: Siwani | H19: Lilas
A20: =SUBTOTAL(103,$B$4:B20) -> 17 | B20: 2B/3 | C20: DA+0 | D20: 4 | E20: 318 | F20: Bhiwani | G20: Siwani | H20: Lilas
A21: =SUBTOTAL(103,$B$4:B21) -> 18 | B21: 2B/3 | C21: DA+0 | D21: 4 | E21: 375 | F21: Bhiwani | G21: Siwani | H21: Lilas
A22: =SUBTOTAL(103,$B$4:B22) -> 19 | B22: 2C/0 | C22: DD45+9 | D22: 4 | E22: 371.02 | F22: Bhiwani | G22: Siwani | H22: Lilas | I22: 1
A23: =SUBTOTAL(103,$B$4:B23) -> 20 | B23: 2D/0 | C23: DD60+9 | D23: 4 | E23: 204.05 | F23: Bhiwani | G23: Siwani | H23: Lilas | I23: 1
A24: =SUBTOTAL(103,$B$4:B24) -> 21 | B24: 3/0 | C24: DA+0 | D24: 4 | E24: 377.97 | F24: Bhiwani | G24: Siwani | H24: Gaindwas
A25: =SUBTOTAL(103,$B$4:B25) -> 22 | B25: 3/1 | C25: DA+1.5 | D25: 4 | E25: 420.897 | F25: Bhiwani | G25: Siwani | H25: Gaindwas
A26: =SUBTOTAL(103,$B$4:B26) -> 23 | B26: 3/2 | C26: DA+3 | D26: 4 | E26: 393 | F26: Bhiwani | G26: Siwani | H26: Gaindwas
A27: =SUBTOTAL(103,$B$4:B27) -> 24 | B27: 3/3 | C27: DA-3 | D27: 4 | E27: 393 | F27: Bhiwani | G27: Siwani | H27: Gaindwas
A28: =SUBTOTAL(103,$B$4:B28) -> 25 | B28: 3/4 | C28: DA+0 | D28: 4 | E28: 383 | F28: Bhiwani | G28: Siwani | H28: Gaindwas
A29: =SUBTOTAL(103,$B$4:B29) -> 26 | B29: 3/5 | C29: DA+3 | D29: 4 | E29: 391 | F29: Bhiwani | G29: Siwani | H29: Gaindwas | L29: Compl
A30: =SUBTOTAL(103,$B$4:B30) -> 27 | B30: 3/6 | C30: DA+0 | D30: 4 | E30: 429 | F30: Bhiwani | G30: Siwani | H30: Gaindwas | L30: Compl
A31: =SUBTOTAL(103,$B$4:B31) -> 28 | B31: 3/7 | C31: DA+0 | D31: 4 | E31: 389 | F31: Bhiwani | G31: Siwani | H31: Gaindwas
A32: =SUBTOTAL(103,$B$4:B32) -> 29 | B32: 3/8 | C32: DA-3 | D32: 4 | E32: 413 | F32: Bhiwani | G32: Siwani | H32: Gaindwas
A33: =SUBTOTAL(103,$B$4:B33) -> 30 | B33: 3/9 | C33: DA+0 | D33: 4 | E33: 365 | F33: Bhiwani | G33: Siwani | H33: Siwani
A34: =SUBTOTAL(103,$B$4:B34) -> 31 | B34: 3/10 | C34: DA+3 | D34: 4 | E34: 438 | F34: Bhiwani | G34: Siwani | H34: Siwani | L34: Compl
A35: =SUBTOTAL(103,$B$4:B35) -> 32 | B35: 4/0 | C35: DB2+0 | D35: 4 | E35: 393.115 | F35: Bhiwani | G35: Siwani | H35: Siwani
A36: =SUBTOTAL(103,$B$4:B36) -> 33 | B36: 4/1 | C36: DA-3 | D36: 4 | E36: 356 | F36: Bhiwani | G36: Siwani | H36: Siwani
A37: =SUBTOTAL(103,$B$4:B37) -> 34 | B37: 4/2 | C37: DA+0 | D37: 4 | E37: 359 | F37: Bhiwani | G37: Siwani | H37: Siwani
A38: =SUBTOTAL(103,$B$4:B38) -> 35 | B38: 4/3 | C38: DA+3 | D38: 4 | E38: 410 | F38: Bhiwani | G38: Siwani | H38: Siwani
A39: =SUBTOTAL(103,$B$4:B39) -> 36 | B39: 4/4 | C39: DA+3 | D39: 4 | E39: 361 | F39: Bhiwani | G39: Siwani | H39: Siwani
A40: =SUBTOTAL(103,$B$4:B40) -> 37 | B40: 5/0 | C40: DB1+0 | D40: 4 | E40: 418.331 | F40: Bhiwani | G40: Siwani | H40: Siwani
A41: =SUBTOTAL(103,$B$4:B41) -> 38 | B41: 5/1 | C41: DA+6 | D41: 4 | E41: 424 | F41: Bhiwani | G41: Siwani | H41: Siwani
A42: =SUBTOTAL(103,$B$4:B42) -> 39 | B42: 5/2 | C42: DA+3 | D42: 4 | E42: 318.001 | F42: Bhiwani | G42: Siwani | H42: Siwani
A43: =SUBTOTAL(103,$B$4:B43) -> 40 | B43: 5/3 | C43: DA+0 | D43: 4 | E43: 319.999 | F43: Bhiwani | G43: Siwani | H43: Dhani Ramjas
A44: =SUBTOTAL(103,$B$4:B44) -> 41 | B44: 5/4 | C44: DA+0 | D44: 4 | E44: 344 | F44: Bhiwani | G44: Siwani | H44: Dhani Ramjas
A45: =SUBTOTAL(103,$B$4:B45) -> 42 | B45: 5/5 | C45: DA+3 | D45: 4 | E45: 411 | F45: Bhiwani | G45: Siwani | H45: Siwani
A46: =SUBTOTAL(103,$B$4:B46) -> 43 | B46: 5/6 | C46: DA+3 | D46: 4 | E46: 393.887 | F46: Bhiwani | G46: Siwani | H46: Siwani
... A75: =SUBTOTAL(103,$B$4:B75) -> 72 | B75: 14/1 | C75: DA+0 | D75: 4 | E75: 418 | F75: Hisar | G75: Hisar | H75: Chaudhriwas
A76: =SUBTOTAL(103,$B$4:B76) -> 73 | B76: 14/2 | C76: DA+6 | D76: 4 | E76: 403 | F76: Hisar | G76: Hisar | H76: Chaudhriwas | L76: Compl
A77: =SUBTOTAL(103,$B$4:B77) -> 74 | B77: 14/3 | C77: DA+3 | D77: 4 | E77: 415 | F77: Hisar | G77: Hisar | H77: Panihari Chak | L77: Compl
A78: =SUBTOTAL(103,$B$4:B78) -> 75 | B78: 14/4 | C78: DA+3 | D78: 4 | E78: 385 | F78: Hisar | G78: Hisar | H78: Panihari Chak | L78: Compl
A79: =SUBTOTAL(103,$B$4:B79) -> 76 | B79: 14/5 | C79: DA+0 | D79: 4 | E79: 378 | F79: Hisar | G79: Hisar | H79: Panihari Chak
A80: =SUBTOTAL(103,$B$4:B80) -> 77 | B80: 15/0 | C80: DB2+0 | D80: 4 | E80: 370.903 | F80: Hisar | G80: Hisar | H80: Panihari Chak
A81: =SUBTOTAL(103,$B$4:B81) -> 78 | B81: 15/1 | C81: DA+0 | D81: 4 | E81: 370 | F81: Hisar | G81: Hisar | H81: Panihari Chak
A82: =SUBTOTAL(103,$B$4:B82) -> 79 | B82: 15A/0 | C82: DC2+6 | D82: 4 | E82: 435.958 | F82: Hisar | G82: Hisar | H82: Panihari Chak
A83: =SUBTOTAL(103,$B$4:B83) -> 80 | B83: 15B/0 | C83: DC1+9 | D83: 4 | E83: 407.011 | F83: Hisar | G83: Hisar | H83: Panihari Chak
A84: =SUBTOTAL(103,$B$4:B84) -> 81 | B84: 15B/1 | C84: DA+0 | D84: 4 | E84: 415 | F84: Hisar | G84: Hisar | H84: Panihari Chak
A85: =SUBTOTAL(103,$B$4:B85) -> 82 | B85: 15B/2 | C85: DA+3 | D85: 4 | E85: 395.995 | F85: Hisar | G85: Hisar | H85: Panihari Chak
A86: =SUBTOTAL(103,$B$4:B86) -> 83 | B86: 15B/3 | C86: DA+0 | D86: 4 | E86: 404.005 | F86: Hisar | G86: Hisar | H86: Panihari Chak
A87: =SUBTOTAL(103,$B$4:B87) -> 84 | B87: 15B/4 | C87: DA+6 | D87: 4 | E87: 395 | F87: Hisar | G87: Balsamand | H87: Rawalwas kalan | L87: Compl
A88: =SUBTOTAL(103,$B$4:B88) -> 85 | B88: 16/0 | C88: DC2+0 | D88: 4 | E88: 423.118 | F88: Hisar | G88: Balsamand | H88: Rawalwas kalan
A89: =SUBTOTAL(103,$B$4:B89) -> 86 | B89: 16/1 | C89: DA+0 | D89: 4 | E89: 376 | F89: Hisar | G89: Balsamand | H89: Rawalwas kalan
A90: =SUBTOTAL(103,$B$4:B90) -> 87 | B90: 17/0 | C90: DC2+6 | D90: 4 | E90: 427.627 | F90: Hisar | G90: Balsamand | H90: Dhiranwas
A91: =SUBTOTAL(103,$B$4:B91) -> 88 | B91: 17/1 | C91: DA+0 | D91: 4 | E91: 417 | F91: Hisar | G91: Balsamand | H91: Dhiranwas
A92: =SUBTOTAL(103,$B$4:B92) -> 89 | B92: 17/2 | C92: DA+0 | D92: 4 | E92: 382 | F92: Hisar | G92: Balsamand | H92: Dhiranwas
A93: =SUBTOTAL(103,$B$4:B93) -> 90 | B93: 17/3 | C93: DA+6 | D93: 4 | E93: 366 | F93: Hisar | G93: Balsamand | H93: Dhiranwas
A94: =SUBTOTAL(103,$B$4:B94) -> 91 | B94: 19/0 | C94: DC2+9 | D94: 4 | E94: 446.464 | F94: Hisar | G94: Balsamand | H94: Dhiranwas
A95: =SUBTOTAL(103,$B$4:B95) -> 92 | B95: 19/1 | C95: DA+0 | D95: 4 | E95: 408 | F95: Hisar | G95: Balsamand | H95: Dhiranwas
A96: =SUBTOTAL(103,$B$4:B96) -> 93 | B96: 19/2 | C96: DA+3 | D96: 4 | E96: 407 | F96: Hisar | G96: Balsamand | H96: Dhiranwas
A97: =SUBTOTAL(103,$B$4:B97) -> 94 | B97: 19/3 | C97: DA+3 | D97: 4 | E97: 350 | F97: Hisar | G97: Hisar | H97: Rawalwas Khurd
A98: =SUBTOTAL(103,$B$4:B98) -> 95 | B98: 20/0 | C98: DC2-3 | D98: 4 | E98: 376.934 | F98: Hisar | G98: Hisar | H98: Rawalwas Khurd
A99: =SUBTOTAL(103,$B$4:B99) -> 96 | B99: 20/1 | C99: DA+0 | D99: 4 | E99: 355 | F99: Hisar | G99: Hisar | H99: Rawalwas Khurd
... A106: =SUBTOTAL(103,$B$4:B106) -> 103 | B106: 21/5 | C106: DA+3 | D106: 4 | E106: 390 | F106: Hisar | G106: Hisar | H106: Hindwan
A107: =SUBTOTAL(103,$B$4:B107) -> 104 | B107: 21/6 | C107: DA+0 | D107: 4 | E107: 397 | F107: Hisar | G107: Hisar | H107: Hindwan | L107: Compl
A108: =SUBTOTAL(103,$B$4:B108) -> 105 | B108: 21/7 | C108: DA+3 | D108: 4 | E108: 380 | F108: Hisar | G108: Hisar | H108: Shahpur | L108: Compl
A109: =SUBTOTAL(103,$B$4:B109) -> 106 | B109: 21/8 | C109: DA+0 | D109: 4 | E109: 398 | F109: Hisar | G109: Hisar | H109: Shahpur
A110: =SUBTOTAL(103,$B$4:B110) -> 107 | B110: 23/0 | C110: DB1-3 | D110: 4 | E110: 362.442 | F110: Hisar | G110: Hisar | H110: Shahpur
A111: =SUBTOTAL(103,$B$4:B111) -> 108 | B111: 23/1 | C111: DA-1.5 | D111: 4 | E111: 348 | F111: Hisar | G111: Hisar | H111: Shahpur | L111: Compl
A112: =SUBTOTAL(103,$B$4:B112) -> 109 | B112: 23/2 | C112: DA+0 | D112: 4 | E112: 372 | F112: Hisar | G112: Hisar | H112: Shahpur | L112: Compl
A113: =SUBTOTAL(103,$B$4:B113) -> 110 | B113: 23/3 | C113: DA+6 | D113: 4 | E113: 422 | F113: Hisar | G113: Hisar | H113: Shahpur | L113: Compl
A114: =SUBTOTAL(103,$B$4:B114) -> 111 | B114: 23/4 | C114: DA+0 | D114: 4 | E114: 420 | F114: Hisar | G114: Hisar | H114: Shahpur | L114: Compl
A115: =SUBTOTAL(103,$B$4:B115) -> 112 | B115: 24/0 | C115: DB2+3 | D115: 4 | E115: 358.141 | F115: Hisar | G115: Hisar | H115: Shahpur
A116: =SUBTOTAL(103,$B$4:B116) -> 113 | B116: 24/1 | C116: DA+9 | D116: 4 | E116: 466 | F116: Hisar | G116: Hisar | H116: Shahpur
A117: =SUBTOTAL(103,$B$4:B117) -> 114 | B117: 24/2 | C117: DA+3 | D117: 4 | E117: 320 | F117: Hisar | G117: Hisar | H117: Shahpur
A118: =SUBTOTAL(103,$B$4:B118) -> 115 | B118: 25/0 | C118: DB2+0 | D118: 4 | E118: 378.053 | F118: Hisar | G118: Hisar | H118: Mattarsham
A119: =SUBTOTAL(103,$B$4:B119) -> 116 | B119: 25/1 | C119: DA+3 | D119: 4 | E119: 411 | F119: Hisar | G119: Hisar | H119: Mattarsham
A120: =SUBTOTAL(103,$B$4:B120) -> 117 | B120: 25/2 | C120: DA+0 | D120: 4 | E120: 378 | F120: Hisar | G120: Hisar | H120: Mattarsham
A121: =SUBTOTAL(103,$B$4:B121) -> 118 | B121: 25/3 | C121: DA+3 | D121: 4 | E121: 401 | F121: Hisar | G121: Hisar | H121: Mattarsham
A122: =SUBTOTAL(103,$B$4:B122) -> 119 | B122: 26/0 | C122: DB2+0 | D122: 4 | E122: 400.805 | F122: Hisar | G122: Hisar | H122: Mattarsham
A123: =SUBTOTAL(103,$B$4:B123) -> 120 | B123: 26/1 | C123: DA+0 | D123: 4 | E123: 350 | F123: Hisar | G123: Hisar | H123: Mattarsham | L123: Compl
A124: =SUBTOTAL(103,$B$4:B124) -> 121 | B124: 26/2 | C124: DA+0 | D124: 4 | E124: 384 | F124: Hisar | G124: Hisar | H124: Mattarsham
A125: =SUBTOTAL(103,$B$4:B125) -> 122 | B125: 27/0 | C125: DD60+6 | D125: 4 | E125: 430.959 | F125: Hisar | G125: Hisar | H125: Neoli kalan | K125: 1
A126: =SUBTOTAL(103,$B$4:B126) -> 123 | B126: 28/0 | C126: DD60+6 | D126: 4 | E126: 201.147 | F126: Hisar | G126: Hisar | H126: Neoli kalan | K126: 1
A127: =SUBTOTAL(103,$B$4:B127) -> 124 | B127: 28/1 | C127: DA+0 | D127: 4 | E127: 420 | F127: Hisar | G127: Adampur | H127: Neoli khurd
A128: =SUBTOTAL(103,$B$4:B128) -> 125 | B128: 28/2 | C128: DA+3 | D128: 4 | E128: 398.239 | F128: Hisar | G128: Adampur | H128: Neoli khurd | L128: Compl | M128: Compl | N128: Compl
A129: =SUBTOTAL(103,$B$4:B129) -> 126 | B129: 28/3 | C129: DA+6 | D129: 4 | E129: 385.761 | F129: Hisar | G129: Adampur | H129: Neoli khurd | L129: Compl | M129: Compl | N129: Compl
A130: =SUBTOTAL(103,$B$4:B130) -> 127 | B130: 28/4 | C130: DA+3 | D130: 4 | E130: 374 | F130: Hisar | G130: Adampur | H130: Neoli khurd | L130: Compl | M130: Compl | N130: Compl
A131: =SUBTOTAL(103,$B$4:B131) -> 128 | B131: 29/0 | C131: DC1+0 | D131: 4 | E131: 390.364 | F131: Hisar | G131: Adampur | H131: Inchha kharkheri | L131: Compl | N131: Compl
A132: =SUBTOTAL(103,$B$4:B132) -> 129 | B132: 29/1 | C132: DA+0 | D132: 4 | E132: 377 | F132: Hisar | G132: Adampur | H132: Inchha kharkheri | L132: Compl | M132: Compl | N132: Compl
A133: =SUBTOTAL(103,$B$4:B133) -> 130 | B133: 29/2 | C133: DA+9 | D133: 4 | E133: 419 | F133: Hisar | G133: Adampur | H133: Inchha kharkheri | L133: Compl | N133: compl
A134: =SUBTOTAL(103,$B$4:B134) -> 131 | B134: 29/3 | C134: DA+3 | D134: 4 | E134: 420 | F134: Hisar | G134: Adampur | H134: Inchha kharkheri | L134: Compl | M134: Compl | N134: Compl
A135: =SUBTOTAL(103,$B$4:B135) -> 132 | B135: 29/4 | C135: DA+6 | D135: 4 | E135: 414 | F135: Hisar | G135: Adampur | H135: Inchha kharkheri | L135: Compl | M135: Compl | N135: Compl
...

Sheet Earthing S-P
A1: KEC International Limited
A2: 400 KV D/C (Quad) Siwani-Patran TL
A3: Details of Earthing
I4: TFR
A5: CUMM. SR.NO | B5: MONTH SR.NO. | C5: Loc. No. | D5: Type of Tower | E5: Type of Classification | F5: Start | G5: Complete | H5: Type of Earthing | I5: Before Earthing Value | J5: After Earthing Value | K5: Remarks
A6: 1 | B6: 1 | C6: 29/1 | D6: =VLOOKUP(C6,'FDN S-P'!$C$5:$E$83,2,0) -> DA+0 | E6: =VLOOKUP(C6,'FDN S-P'!$C$5:$E$83,3,0) -> Sandy | F6: 45880 | G6: 45880 | H6: Pipe type | I6: 1.33 | J6: 0.99
A7: 2 | B7: 2 | C7: 28/2 | D7: =VLOOKUP(C7,'FDN S-P'!$C$5:$E$83,2,0) -> DA+3 | E7: =VLOOKUP(C7,'FDN S-P'!$C$5:$E$83,3,0) -> Sandy | F7: 45880 | G7: 45880 | H7: Pipe type | I7: 1.31 | J7: 0.78
A8: 3 | B8: 3 | C8: 28/3 | D8: =VLOOKUP(C8,'FDN S-P'!$C$5:$E$83,2,0) -> DA+6 | E8: =VLOOKUP(C8,'FDN S-P'!$C$5:$E$83,3,0) -> Sandy | F8: 45880 | G8: 45880 | H8: Pipe type | I8: 4.07 | J8: 3.44
A9: 4 | B9: 4 | C9: 28/4 | D9: =VLOOKUP(C9,'FDN S-P'!$C$5:$E$83,2,0) -> DA+3 | E9: =VLOOKUP(C9,'FDN S-P'!$C$5:$E$83,3,0) -> WET | F9: 45880 | G9: 45880 | H9: Pipe type | I9: 3.35 | J9: 1.79
A10: 5 | B10: 5 | C10: 29/4 | D10: =VLOOKUP(C10,'FDN S-P'!$C$5:$E$83,2,0) -> DA+6 | E10: =VLOOKUP(C10,'FDN S-P'!$C$5:$E$83,3,0) -> Sandy | F10: 45883 | G10: 45883 | H10: Pipe type | I10: 1.38 | J10: 0.9
A11: 6 | B11: 6 | C11: 29/5 | D11: =VLOOKUP(C11,'FDN S-P'!$C$5:$E$83,2,0) -> DA+0 | E11: =VLOOKUP(C11,'FDN S-P'!$C$5:$E$83,3,0) -> WET | F11: 45883 | G11: 45883 | H11: Pipe type | I11: 1.4 | J11: 1.09
A12: 7 | B12: 7 | C12: 30/1 | D12: =VLOOKUP(C12,'FDN S-P'!$C$5:$E$83,2,0) -> DA+3 | E12: =VLOOKUP(C12,'FDN S-P'!$C$5:$E$83,3,0) -> WET | F12: 45883 | G12: 45883 | H12: Pipe type | I12: 1.01 | J12: 0.89
A13: 8 | B13: 8 | C13: 29/3 | D13: =VLOOKUP(C13,'FDN S-P'!$C$5:$E$83,2,0) -> DA+3 | E13: =VLOOKUP(C13,'FDN S-P'!$C$5:$E$83,3,0) -> WET | F13: 45883 | G13: 45883 | H13: Pipe type | I13: 1.3 | J13: 1.27

Sheet T.Marking
A1: Client-Powergrid Bikaner IV Tranmission Limited | G1: Line | H1: Line Length | I1: Compl | J1: ROW
A2: Project-Siwani-Patran TL & Siwani-Fatehabad TL | G2: SP | H2: =D20 -> 147.586 | I2: =SUMIFS($D$8:$D$19,$E$8:$E$19,E9) -> 103.806 | J2: =H2-I2 -> 43.78
A3: Tree Marking Details | G3: SF | H3: =J20 -> 82.798 | I3: =SUMIFS($J$8:$J$13,K8:K13,K9) -> 61.252 | J3: =H3-I3 -> 21.546
A5: 400 Kv Siwani-Patran TL | G5: 400 Kv Siwani-fatehabad TL
A6: S.NO | B6: Section | D6: Section Length (KM) | E6: Status | G6: S.NO | H6: Section | J6: Section Length (KM) | K6: Status
B7: From | C7: To | H7: From | I7: To
A8: 1 | B8: S.Gantry | C8: AP-5 | D8: 13.157 | E8: The farmer has refused to allow the commencement of work due to ROW | G8: 1 | H8: S.Gantry | I8: AP-3 | J8: 6.528 | K8: The farmer has refused to allow the commencement of work due to ROW
A9: 2 | B9: AP-5 | C9: AP-7 | D9: 2.616 | E9: Completed | G9: 2 | H9: AP-3 | I9: 5/1 | J9: 7.398 | K9: Completed
A10: 3 | B10: AP-7 | C10: 19/3 | D10: 19.915 | E10: The farmer has refused to allow the commencement of work due to ROW | G10: 3 | H10: 5/1 | I10: 9/0 | J10: 13.009 | K10: The farmer has refused to allow the commencement of work due to ROW
A11: 4 | B11: 19/3 | C11: 26/0 | D11: 9.563 | E11: Completed | G11: 4 | H11: 9/1 | I11: 14/0 | J11: 6.018 | K11: Completed
A12: 5 | B12: AP26 | C12: AP29 | D12: 3.335 | E12: The farmer has refused to allow the commencement of work due to ROW | G12: 5 | H12: 14/0 | I12: 15/3 | J12: 2.009 | K12: The farmer has refused to allow the commencement of work due to ROW
A13: 6 | B13: AP29 | C13: 36/1 | D13: 10.027 | E13: Completed | G13: 6 | H13: =I12 -> 15/3 | I13: F.Gantry | J13: 47.836 | K13: Completed
A14: 7 | B14: 36/1 | C14: 36/3 | D14: 0.805 | E14: The farmer has refused to allow the commencement of work due to ROW
A15: 8 | B15: 36/3 | C15: AP43 | D15: 4.742 | E15: Completed
A16: 9 | B16: AP43 | C16: AP50 | D16: 7.294 | E16: Completed
A17: 10 | B17: AP50 | C17: 106/1 | D17: 65.96 | E17: Completed
A18: 11 | B18: 106/1 | C18: 115/0 | D18: 6.568 | E18: The farmer has refused to allow the commencement of work due to ROW
A19: 12 | B19: AP115 | C19: AP120 | D19: 3.604 | E19: Completed
A20: Total | D20: =SUBTOTAL(9,D8:D19) -> 147.586 | G20: Total | J20: =SUBTOTAL(9,J8:J19) -> 82.798

Sheet ERT
A1: Client-Powergrid Bikaner IV Tranmission Limited
A2: Project-Siwani-Patran TL & Siwani-Fatehabad TL
A3: Soil Resistivity Details
A5: Soil Resitivity-Siwani-Fatehabad TL | H5: Soil Resitivity-Siwani-Patran TL
A6: S.No | B6: Approx. Distance (3Kms) | C6: Chainage in Kms | D6: Instrument Reading (R) (Ohm) | E6: S.R. Value (P=2πARX1) (ohm-m) | F6: Remarks | H6: S.No | I6: Approx. Distance (3Kms) | J6: Chainage in Kms | K6: Instrument Reading (R) (Ohm) | L6: S.R. Value (P=2πARX1) (ohm-m) | M6: Remarks
A7: 1 | B7: AP1A/0 | C7: 0.2 | D7: 0.075 | E7: =D7*2*50*(22/7)*1 -> 23.571429 | F7: Completed | H7: 1 | I7: GANTY SS SIWANI | J7: 0
A8: 2 | B8: AP1B/0 | C8: 1.219 | D8: 0.185 | E8: =D8*2*50*(22/7)*1 -> 58.142857 | F8: Completed | H8: 2 | I8: 1C/0 | J8: 1.349 | K8: 0.0655 | L8: 20.585714 | M8: Completed
A9: 3 | B9: 2C/0 | C9: 4.009 | D9: 0.14 | E9: =D9*2*50*(22/7)*1 -> 44 | F9: Completed | H9: 3 | I9: 2A/0 | J9: 4.337 | K9: 0.01 | L9: 3.1428571 | M9: Completed
A10: 4 | B10: 3/0 | C10: 6.527 | D10: 0.13 | E10: =D10*2*50*(22/7)*1 -> 40.857143 | F10: Completed | H10: 4 | I10: 2D/0 | J10: 6.47 | K10: 0.11 | L10: 34.571429 | M10: Completed
A11: 5 | B11: 3/7 | C11: 9.307 | D11: 0.135 | E11: =D11*2*50*(22/7)*1 -> 42.428571 | F11: Completed | H11: 5 | I11: 3/6 | J11: 9.248 | K11: 0.1 | L11: 31.428571 | M11: Completed
A12: 6 | B12: 4/3 | C12: 12.112 | D12: 0.0515 | E12: =D12*2*50*(22/7)*1 -> 16.185714 | F12: Completed | H12: 6 | I12: 4/2 | J12: 11.961 | K12: 0.0115 | L12: 3.6142857 | M12: Completed
A13: 7 | B13: 5/3 | C13: 14.727 | D13: 0.0535 | E13: =D13*2*50*(22/7)*1 -> 16.814286 | F13: Completed | H13: 7 | I13: 5/4 | J13: 14.556 | K13: 0.0275 | L13: 8.6428571 | M13: Completed
A14: 8 | B14: 6/2 | C14: 17.447 | D14: 0.08 | E14: =D14*2*50*(22/7)*1 -> 25.142857 | F14: Completed | H14: 8 | I14: 8/2 | J14: 17.254 | K14: 0.0295 | L14: 9.2714286 | M14: Completed
A15: 9 | B15: 6/9 | C15: 20.296 | D15: 0.27 | E15: =D15*2*50*(22/7)*1 -> 84.857143 | F15: Completed | H15: 9 | I15: 10/0 | J15: 20.09 | K15: 0.0195 | L15: 6.1285714 | M15: Completed
A16: 10 | B16: 8/0 | C16: 22.988 | D16: 0.18 | E16: =D16*2*50*(22/7)*1 -> 56.571429 | F16: Completed | H16: 10 | I16: 11/4 | J16: 22.888 | K16: 0.016 | L16: 5.0285714 | M16: Completed
A17: 11 | B17: 8/7 | C17: 25.684 | D17: 0.015 | E17: =D17*2*50*(22/7)*1 -> 4.7142857 | F17: Completed | H17: 11 | I17: 12/6 | J17: 25.8 | K17: 0.0125 | L17: 3.9285714 | M17: Completed
A18: 12 | B18: 10/0 | C18: 28.106 | D18: 0.0315 | E18: =D18*2*50*(22/7)*1 -> 9.9 | F18: Completed | H18: 12 | I18: 14/5 | J18: 28.484 | K18: 0.025 | L18: 7.8571429 | M18: Completed
A19: 13 | B19: 12/0 | C19: 30.53 | D19: 0.018 | E19: =D19*2*50*(22/7)*1 -> 5.6571429 | F19: Completed | H19: 13 | I19: 15B/0 | J19: 30.069 | K19: 0.008 | L19: 2.5142857 | M19: Completed
... A43: 37 | B43: 63/0 | C43: 82.957 | D43: 0.2275 | E43: =D43*2*50*(22/7)*1 -> 71.5 | F43: Completed | H43: 37 | I43: 56/0 | J43: 84.533 | K43: 0.036 | L43: 11.314286 | M43: Completed
H44: 38 | I44: 57/0 | J44: 86.532 | K44: 0.05 | L44: 15.714286 | M44: Completed
H45: 39 | I45: 59/0 | J45: 88.534 | K45: 0.083 | L45: 26.085714 | M45: Completed
H46: 40 | I46: 63/0 | J46: 90.965 | K46: 0.053 | L46: 16.657143 | M46: Completed
H47: 41 | I47: 65/0 | J47: 93.888 | K47: 0.074 | L47: 23.257143 | M47: Completed
H48: 42 | I48: 68/0 | J48: 96.586 | K48: 0.132 | L48: 41.485714 | M48: Completed
H49: 43 | I49: 70/0 | J49: 99.611 | K49: 0.074 | L49: 23.257143 | M49: Completed
E50: =37*2 -> 74 | H50: 44 | I50: 73/0 | J50: 100.894 | K50: 0.078 | L50: 24.514286 | M50: Completed
H51: 45 | I51: 74/7 | J51: 104.041 | K51: 0.1925 | L51: 60.5 | M51: Completed
H52: 46 | I52: 76/0 | J52: 105.301 | K52: 0.255 | L52: 80.142857 | M52: Completed
H53: 47 | I53: 78/0 | J53: 107.679 | K53: 0.237 | L53: 74.485714 | M53: Completed
H54: 48 | I54: 80/0 | J54: 110.449 | K54: 0.4255 | L54: 133.72857 | M54: Completed
H55: 49 | I55: 84/0 | J55: 111.682 | K55: 0.677 | L55: 212.77143 | M55: Completed
H56: 50 | I56: 87/0 | J56: 113.838 | K56: 0.2315 | L56: 72.757143 | M56: Completed
H57: 51 | I57: 91/0 | J57: 115.068 | K57: 0.483 | L57: 151.8 | M57: Completed
H58: 52 | I58: 92/6 | J58: 117.682 | K58: 0.405 | L58: 127.28571 | M58: Completed
H59: 53 | I59: 94/0 | J59: 120.421 | K59: 0.64 | L59: 201.14286 | M59: Completed
H60: 54 | I60: 94/7 | J60: 123.231 | K60: 0.271 | L60: 85.171429 | M60: Completed
H61: 55 | I61: 96/0 | J61: 125.138 | K61: 0.217 | L61: 68.2 | M61: Completed
H62: 56 | I62: 98/4 | J62: 127.582 | K62: 0.038 | L62: 11.942857 | M62: Completed
... H70: 64 | I70: 120/0 | J70: 147.428 | K70: 0.641 | L70: 201.45714 | M70: Completed

Sheet VC SF 
B1: Visual Chart | AK1: =Summary!O1 -> 46202
B3: Progress | H3: WXMIDNC | AC3: LEGEND
B4: Foundation | E4: Nos. | F4: =CONCATENATE(AK122," ","/"," ",H4) -> 26 / 220 | H4: 220 | M4: TL03: Siwani– Fatehabad (PG) 400 kV TL | AC4: Crossings | AH4: Status
B5: Earthing | E5: Nos. | F5: =CONCATENATE(AN122," ","/"," ",H5) -> 10 / 220 | H5: 220 | M5: Client: Powergrid Bikaner IV Transmission limited | AC5: #VALUE! | AD5: Powerline Crossing | AI5: In Progress
B6: Erection | E6: Nos. | F6: =CONCATENATE(AL122," ","/"," ",H6) -> 7 / 220 | H6: 220 | M6: Executing Agency:M/s KEC International Limited | AC6: #VALUE! | AD6: Rail Crossing | AI6: Completed
B7: Tack Welding | E7: Nos. | F7: 0/220 | H7: 220 | AC7: #VALUE! | AD7: Road Crossing | AI7: Right of Way
B8: Stringing Paying Out | E8: Km. | F8: =CONCATENATE(AM122," ","/"," ",H8) -> 0 / 82.801 | H8: 82.801 | AD8: Gas Pipe line | AI8: Earthing Compl
B9: Stringing Final sag | E9: Km. | F9: =CONCATENATE(AM122," ","/"," ",H9) -> 0 / 82.801 | H9: 82.801
AI11: Row Length | AJ11: Cum Length | AK11: Fdns Comp | AL11: TE Comp | AM11: STG Comp | AN11: Earthing
B14: Siwani-Gantry | D14: 151.994 | F14: 410 | H14: 429.494 | J14: 228.257 | L14: 230.92 | N14: 373.098 | P14: 343 | R14: 414 | T14: 397 | V14: 350.278 | X14: 338 | Z14: 343.261 | AB14: 152.793 | AD14: 445 | AF14: 383 | AI14: =SUM(B14:AH14) -> 4990.095 | AJ14: =+AI14 -> 4990.095 | AK14: =COUNTA(B15:AG15) -> 0 | AL14: =COUNTA(B13:AG13) -> 0
E16: 1/0 | G16: 1/1 | I16: 1A/0 | J16: NH | K16: 1B/0 | L16: Rly Xing | M16: 2/0 | O16: 2A/0 | Q16: 2A/1 | S16: 2A/2 | U16: 2A/3 | W16: 2B/0 | Y16: 2B/1 | AA16: 2C/0 | AB16: 132KV | AC16: 2D/0 | AE16: 2D/1 | AG16: 2D/2
E17: DD60+0 | G17: DA+6 | I17: DD60+0 | K17: DD60+6 | M17: DD60+3 | O17: DC1+0 | Q17: DA+0 | S17: DA+0 | U17: DA+0 | W17: DB2+0 | Y17: DA+3 | AA17: DD60+6 | AB17: S/C | AC17: DD60+6 | AE17: DA+0 | AG17: DA+6
B22: 368.645 | D22: 349.87 | F22: 415 | H22: 404.484 | J22: 325 | L22: 386 | N22: 434 | P22: 392 | R22: 404 | T22: 398 | V22: 441 | X22: 385 | Z22: 434 | AB22: 402 | AD22: 391.079 | AF22: 392 | AI22: =SUM(B22:AH22) -> 6322.078 | AJ22: =+AI22+AJ14 -> 11312.173 | AK22: =COUNTA(B23:AG23) -> 0 | AL22: =COUNTA(B21:AG21) -> 0
C24: 2D/3 | E24: 2D/4 | G24: 2D/5 | I24: 3/0 | K24: 3/1 | M24: 3/2 | O24: 3/3 | Q24: 3/4 | S24: 3/5 | U24: 3/6 | W24: 3/7 | Y24: 3/8 | AA24: 3/9 | AC24: 3/10 | AE24: 4/0 | AG24: 4/1
C25: DA+6 | E25: DA+0 | G25: DA+6 | I25: DB1+0 | K25: DA+0 | M25: DA+3 | O25: DA+0 | Q25: DA+3 | S25: DA+3 | U25: DA+6 | W25: DA+9 | Y25: DA+3 | AA25: DA+0 | AC25: DA+6 | AE25: DB2+3 | AG25: DA+3
B30: 400 | D30: 401 | F30: 386 | H30: 322 | J30: 301 | L30: 374.546 | N30: 430 | P30: 401 | R30: 401 | T30: 439 | V30: 362 | X30: 397 | Z30: 337 | AB30: 344.26 | AD30: 409 | AF30: 432 | AI30: =SUM(B30:AH30) -> 6136.806 | AJ30: =+AI30+AJ22 -> 17448.979 | AK30: =COUNTA(B31:AG31) -> 0 | AL30: =COUNTA(B29:AG29) -> 0
C32: 4/2 | E32: 4/3 | G32: 4/4 | I32: 4/5 | K32: 4/6 | M32: 5/0 | O32: 5/1 | Q32: 5/2 | S32: 5/3 | U32: 5/4 | W32: 5/5 | Y32: 5/6 | AA32: 5/7 | AC32: 6/0 | AE32: 6/1 | AG32: 6/2
C33: DA+6 | E33: DA+3 | G33: DA+0 | I33: DA+0 | K33: DA+0 | M33: DC2+0 | O33: DA+9 | Q33: DA+0 | S33: DA+3 | U33: DA+6 | W33: DA+9 | Y33: DA-3 | AA33: DA-3 | AC33: DB1+0 | AE33: DA+6 | AG33: DA+0
B38: 393 | D38: 451 | F38: 387 | H38: 382 | J38: 414 | L38: 385 | N38: 437 | P38: 376 | R38: 316.217 | T38: 384 | V38: 387 | X38: 389 | Z38: 424 | AB38: 416.069 | AD38: 364 | AF38: 337 | AI38: =SUM(B38:AH38) -> 6242.286 | AJ38: =+AI38+AJ30 -> 23691.265 | AK38: =COUNTA(B39:AG39) -> 0 | AL38: =COUNTA(B37:AG37) -> 0
C40: 6/3 | E40: 6/4 | G40: 6/5 | I40: 6/6 | K40: 6/7 | M40: 6/8 | O40: 6/9 | Q40: 6/10 | S40: 7/0 | U40: 7/1 | W40: 7/2 | Y40: 7/3 | AA40: 7/4 | AC40: 8/0 | AE40: 8/1 | AG40: 8/2
C41: DA+6 | E41: DA+0 | G41: DA+9 | I41: DA+0 | K41: DA+0 | M41: DA+9 | O41: DA+3 | Q41: DA+0 | S41: DB1+0 | U41: DA+3 | W41: DA+0 | Y41: DA+6 | AA41: DA+6 | AC41: DB2+0 | AE41: DA+0 | AG41: DA+0
B46: 434 | D46: 401 | F46: 372 | H46: 368 | J46: 420 | L46: 411 | N46: 423 | P46: 416.365 | R46: 402 | T46: 388 | V46: 382.444 | X46: 405 | Z46: 416 | AB46: 407 | AD46: 385.937 | AF46: 398 | AI46: =SUM(B46:AH46) -> 6429.746 | AJ46: =+AI46+AJ38 -> 30121.011 | AK46: =COUNTA(B47:AG47) -> 0 | AL46: =COUNTA(B45:AG45) -> 0
C48: 8/3 | E48: 8/4 | G48: 8/5 | I48: 8/6 | K48: 8/7 | M48: 8/8 | O48: 8/9 | Q48: 9/0 | S48: 9/1 | U48: 9/2 | W48: 10/0 | Y48: 10/1 | AA48: 10/2 | AC48: 10/3 | AE48: 11/0 | AG48: 11/1
C49: DA+6 | E49: DA+3 | G49: DA-3 | I49: DA+0 | K49: DA+6 | M49: DA+0 | O49: DA+3 | Q49: DC2+0 | S49: DA+3 | U49: DA+0 | W49: DD45+0 | Y49: DA+3 | AA49: DA+0 | AC49: DA+3 | AE49: DC2+0 | AG49: DA+3
B54: 412.384 | D54: 411 | F54: 432 | H54: 369 | J54: 425 | L54: 384.259 | N54: 400.558 | P54: 413 | R54: 388.988 | T54: 433 | V54: 408 | X54: 367 | Z54: 391.859 | AB54: 406 | AD54: 402 | AF54: 409 | AI54: =SUM(B54:AH54) -> 6453.048 | AJ54: =+AI54+AJ46 -> 36574.059 | AK54: =COUNTA(B55:AG55) -> 0 | AL54: =COUNTA(B53:AG53) -> 0
C56: 12/0 | E56: 12/1 | G56: 12/2 | I56: 12/3 | K56: 12/4 | M56: 13/0 | O56: 14/0 | Q56: 14/1 | S56: 15/0 | U56: 15/1 | W56: 15/2 | Y56: 15/3 | AA56: 16/0 | AC56: 16/1 | AE56: 16/2 | AG56: 16/3
C57: DC2+3 | E57: DA+9 | G57: DA+0 | I57: DA+0 | K57: DA+6 | M57: DC1+3 | O57: DC1+0 | Q57: DA+3 | S57: DC2+0 | U57: DA+9 | W57: DA+0 | Y57: DA-3 | AA57: DC2+3 | AC57: DA+6 | AE57: DA+0 | AG57: DA+3
B62: 432 | D62: 401 | F62: 424 | H62: 392 | J62: 367 | L62: 362.955 | N62: 346 | P62: 384 | R62: 406 | T62: 419 | V62: 381 | X62: 408 | Z62: 398 | AB62: 405.185 | AD62: 396 | AF62: 386 | AI62: =SUM(B62:AH62) -> 6308.14 | AJ62: =+AI62+AJ54 -> 42882.199 | AK62: =COUNTA(B63:AG63) -> 1 | AL62: =COUNTA(B61:AG61) -> 0
AC63: DRY
C64: 16/4 | E64: 16/5 | G64: 16/6 | I64: 16/7 | K64: 16/8 | M64: 17/0 | O64: 17/1 | Q64: 17/2 | S64: 17/3 | U64: 17/4 | W64: 17/5 | Y64: 17/6 | AA64: 17/7 | AC64: 18/0 | AE64: 18/1 | AG64: 18/2
C65: DA+3 | E65: DA+6 | G65: DA+0 | I65: DA+0 | K65: DA+0 | M65: DB2+0 | O65: DA+0 | Q65: DA+0 | S65: DA+3 | U65: DA+0 | W65: DA+3 | Y65: DA+0 | AA65: DA+3 | AC65: DB1+0 | AE65: DA+0 | AG65: DA+0
B70: 373 | D70: 363 | F70: 383.043 | H70: 425 | J70: 388 | L70: 351.545 | N70: 373.161 | P70: 344.001 | R70: 317 | T70: 322 | V70: 380.273 | X70: 250.503 | Z70: 394 | AB70: 383 | AD70: 412 | AF70: 396 | AI70: =SUM(B70:AH70) -> 5855.526 | AJ70: =+AI70+AJ62 -> 48737.725 | AK70: =COUNTA(B71:AG71) -> 3 | AL70: =COUNTA(B69:AG69) -> 0
E71: Sandy | G71: WET | AE71: Wet
C72: 18/3 | E72: 18/4 | G72: 19/0 | I72: 19/1 | K72: 19/2 | M72: 20/0 | O72: 21/0 | Q72: 21/1 | S72: 21/2 | U72: 21/3 | W72: 22/0 | X72: Rly Xing | Y72: 23/0 | AA72: 23/1 | AC72: 23/2 | AE72: 23/3 | AG72: 23/4
C73: DA-1.5 | E73: DA-1.5 | G73: DC2+3 | I73: DA+3 | K73: DA-3 | M73: DC2+0 | O73: DB2+0 | Q73: DA+0 | S73: DA-3 | U73: DA-3 | W73: DD60+9 | Y73: DD60+6 | AA73: DA-3 | AC73: DA+3 | AE73: DA+0 | AG73: DA+0
Q75: Ready for stringing
O77: A | Q77: A | S77: A | U77: A | W77: A | AA77: A | AC77: A
B78: 435 | D78: 409 | F78: 359.991 | H78: 394 | J78: 393 | L78: 406 | N78: 403 | P78: 403.728 | R78: 403.001 | T78: 397 | V78: 374.01 | X78: 388 | Z78: 436 | AB78: 381.286 | AD78: 281.969 | AF78: 386 | AI78: =SUM(B78:AH78) -> 6250.985 | AJ78: =+AI78+AJ70 -> 54988.71 | AK78: =COUNTA(B79:AG79) -> 15 | AL78: =COUNTA(B77:AG77) -> 7 | AN78: 9
C79: WET | E79: WET | G79: WPS | I79: WET | K79: WET | M79: Sandy | O79: Sandy | Q79: Sandy | S79: WET | U79: WET | W79: Sandy | AA79: WET | AC79: Sandy | AE79: DRY | AG79: DRY
C80: 23/5 | E80: 23/6 | G80: 24/0 | I80: 24/1 | K80: 24/2 | M80: 24/3 | O80: 24/4 | Q80: 25/0 | S80: 25/1 | U80: 25/2 | W80: 26/0 | Y80: 26/1 | AA80: 26/2 | AC80: 27/0 | AE80: 28/0 | AG80: 28/1
C81: DA+6 | E81: DA-1.5 | G81: DB1+0 | I81: DA+0 | K81: DA+0 | M81: DA+0 | O81: DA+1.5 | Q81: DB2+0 | S81: DA+1.5 | U81: DA+0 | W81: DC1+0 | Y81: DA+0 | AA81: DA+6 | AC81: DC1+0 | AE81: DC1-3 | AG81: DA+9
B86: 349.422 | D86: 245.99 | F86: 365 | H86: 327 | J86: 383.791 | L86: 342 | N86: 388 | P86: 408.02 | R86: 431.035 | T86: 342.651 | V86: 420 | X86: 398 | Z86: 416.489 | AB86: 385 | AD86: 416.149 | AF86: 387 | AI86: =SUM(B86:AH86) -> 6005.547 | AJ86: =+AI86+AJ78 -> 60994.257 | AK86: =COUNTA(B87:AG87) -> 5 | AL86: =COUNTA(B85:AG85) -> 0 | AN86: 1
E87: WPS | I87: WET | M87: WET | O87: WET | W87: WET
C88: 29/0 | D88: 132KV | E88: 30/0 | G88: 30/1 | I88: 30/2 | K88: 31/0 | M88: 31/1 | O88: 31/2 | Q88: 32/0 | S88: 32A/0 | U88: 32B/0 | W88: 32B/1 | Y88: 32B/2 | AA88: 33/0 | AC88: 33/1 | AE88: 34/0 | AG88: 34/1
C89: DB2+18 | D89: S/C | E89: DC1+6 | G89: DA+0 | I89: DA+0 | K89: DD45+0 | M89: DA+0 | O89: DA+0 | Q89: DB2+3 | S89: DB2+3 | U89: DB2+0 | W89: DA+3 | Y89: DA+3 | AA89: DB1+3 | AC89: DA+6 | AE89: DC1+0 | AG89: DA+6
B94: 427.589 | D94: 398 | F94: 377 | H94: 373.455 | J94: 369.768 | L94: 383 | N94: 376.896 | P94: 344 | R94: 381.526 | T94: 394 | V94: 399.055 | X94: 402.99963 | Z94: 400.0001 | AB94: 360.4864 | AD94: 401.45035 | AF94: 410.65064 | AI94: =SUM(B94:AH94) -> 6199.8761 | AJ94: =+AI94+AJ86 -> 67194.133 | AK94: =COUNTA(B95:AG95) -> 1 | AL94: =COUNTA(B93:AG93) -> 0
M95: PS
C96: 35/0 | E96: 35/1 | G96: 35/2 | I96: 36/0 | K96: 37/0 | M96: 37/1 | O96: 38/0 | Q96: 38/1 | S96: 39/0 | U96: 39/1 | W96: 40/0 | Y96: 40/1 | AA96: 40/2 | AC96: 40A/0 | AE96: 40A/1 | AG96: 41/0
C97: DD45+0 | E97: DA+1.5 | G97: DA+6 | I97: DC1+0 | K97: DC2+0 | M97: DA+0 | O97: DB2+0 | Q97: DA+0 | S97: DB1+0 | U97: DA+1.5 | W97: DB2+0 | Y97: DA+3 | AA97: DA+0 | AC97: DB1+0 | AE97: 5DA+6 | AG97: 5DC2+6
B102: 405 | D102: 373.934 | F102: 245.502 | H102: 403.981 | J102: 389 | L102: 411.536 | N102: 423.721 | P102: 401 | R102: 400.231 | T102: 423 | V102: 377 | X102: 402 | Z102: 334.932 | AB102: 375 | AD102: 402 | AF102: 438.46 | AI102: =SUM(B102:AH102) -> 6206.297 | AJ102: =+AI102+AJ94 -> 73400.43 | AK102: =COUNTA(B103:AG103) -> 0 | AL102: =COUNTA(B101:AG101) -> 0
C104: 41/1 | E104: 42/0 | F104: NH | G104: 43/0 | I104: 44/0 | K104: 44/1 | M104: 45/0 | O104: 46/0 | Q104: 46/1 | S104: 47/0 | U104: 47/1 | W104: 47/2 | Y104: 47/3 | AA104: 48/0 | AC104: 48/1 | AE104: 48/2 | AG104: 49/0
C105: 5DA+9 | E105: 5DD45+0 | G105: 5DD60+3 | I105: 5DB2+3 | K105: 5DA+3 | M105: 5DC2+9 | O105: 5DD45+9 | Q105: 5DA+9 | S105: 5DD45+3 | U105: 5DA+6 | W105: 5DA+6 | Y105: 5DA+6 | AA105: 5DB2+0 | AC105: 5DA+9 | AE105: 5DA+9 | AG105: 5DC2+9
B110: 376 | D110: 403 | F110: 347.805 | H110: 426.041 | J110: 343.959 | L110: 409.991 | N110: 190.397 | P110: 240 | R110: 378.145 | T110: 285.332 | V110: 400 | X110: 400 | Z110: 307.494 | AB110: 345.001 | AD110: 260 | AF110: 327.263 | AI110: =SUM(B110:AH110) -> 5440.428 | AJ110: =+AI110+AJ102 -> 78840.858 | AK110: =COUNTA(B111:AG111) -> 1 | AL110: =COUNTA(B109:AG109) -> 0
AC111: DRY
C112: 49/1 | E112: 49/2 | G112: 50/0 | I112: 50A/0 | K112: 50A/1 | M112: 51/0 | N112: 220kv | O112: 52/0 | Q112: 52/1 | S112: 53/0 | T112: 132kv | U112: 54/0 | W112: 54/1 | Y112: 54/2 | AA112: 55/0 | AC112: 55/1 | AE112: 55/2 | AG112: 56/0
C113: 5DA+3 | E113: 5DA+9 | G113: 5DD45+3 | I113: 5DB1+9 | K113: 5DA+0 | M113: 5DD45+18 | N113: D/C | O113: 5DD45+18 | Q113: 5DB1+0 | S113: 5DD45+18 | T113: D/C | U113: 5DD60+9 | W113: 5DA+6 | Y113: 5DA+3 | AA113: 5DB2+6 | AC113: 5DA-3 | AE113: 5DA-3 | AG113: 5DD45-3
B118: 266 | D118: 232.295 | F118: 351.696 | H118: 399.415 | J118: 370 | L118: 431.59 | N118: 250 | P118: 301.869 | R118: 397.473 | T118: 225.946 | V118: 243.859 | X118: 247.73 | Z118: 141.997 | AB118: 100.475 | AI118: =SUM(B118:AH118) -> 3960.345 | AJ118: =+AI118+AJ110 -> 82801.203 | AK118: =COUNTA(B119:AG119) -> 0 | AL118: =COUNTA(B117:AG117) -> 0
C120: 56/1 | E120: 57/0 | G120: 58/0 | I120: 59/0 | K120: 59/1 | M120: 60/0 | O120: 60/1 | Q120: 61/0 | S120: 61/1 | U120: 61A/0 | W120: 62/0 | Y120: 63/0 | AA120: 64/0 | AC120: Fatehabad Gantry
C121: 5DA+0 | E121: 5DB2-1.5 | G121: 5DC2+3 | I121: 5DB2+3 | K121: 5DA+9 | M121: 5DD45+3 | O121: 5DA+3 | Q121: 5DC1+6 | S121: 5DA+6 | U121: 5DB1-3 | W121: 5DD45+3 | X121: NH | Y121: 5DC2+0 | AA121: 5DD60+0
AH122: Total | AI122: =SUM(AI14:AI121) -> 82801.203 | AJ122: =AJ118 -> 82801.203 | AK122: =SUM(AK14:AK121) -> 26 | AL122: =SUM(AL14:AL121) -> 7 | AM122: =SUM(AM14:AM121) -> 0 | AN122: =SUM(AN14:AN121) -> 10

Sheet VC SP
A1: Visual Chart | AJ1: =Summary!O1 -> 46202
A3: Progress | G3: WXMIDNC | AB3: LEGEND
A4: Foundation | D4: Nos. | E4: =CONCATENATE(AJ210," ","/"," ",G4) -> 74 / 399 | G4: 399 | L4: TL03: Siwani– Patran (Indi Grid) 400 kV TL | AB4: Crossings | AG4: Status
A5: Earthing | D5: Nos. | E5: =CONCATENATE(AM210," ","/"," ",G5) -> 8 / 399 | G5: 399 | L5: Client: Powergrid Bikaner IV Transmission limited | AB5: #VALUE! | AC5: Powerline Crossing | AH5: In Progress
A6: Erection | D6: Nos. | E6: =CONCATENATE(AK210," ","/"," ",G6) -> 28 / 399 | G6: 399 | L6: Executing Agency:M/s KEC International Limited | AB6: #VALUE! | AC6: Rail Crossing | AH6: Completed
A7: Tack Welding | D7: Nos. | E7: 0/220 | G7: 399 | AB7: #VALUE! | AC7: Road Crossing | AH7: Right of Way
A8: Stringing Paying Out | D8: Km. | E8: =CONCATENATE(AL210," ","/"," ",G8) -> 0 / 147.56 | G8: 147.56 | AC8: Oil/Gas Pipe line | AH8: Earthing
A9: Stringing Final sag | D9: Km. | E9: =CONCATENATE(AL121," ","/"," ",G9) -> / 147.56 | G9: 147.56
AH11: Row Length | AI11: Cum Length | AJ11: Fdns Comp | AK11: TE Comp | AL11: STG Comp | AM11: Earthing
A14: Siwani-Gantry | C14: 100.36 | E14: 268.44 | G14: 161.36 | I14: 400 | K14: 419.03 | M14: 418 | O14: 386.78 | Q14: 319.22 | S14: 390.8 | U14: 438 | W14: 406 | Y14: 436.42 | AA14: 193.59 | AC14: 205.24 | AE14: 356 | AH14: =SUM(A14:AG14) -> 4899.24 | AI14: =+AH14 -> 4899.24 | AJ14: =COUNTA(A15:AF15) -> 0 | AK14: =COUNTA(A13:AF13) -> 0
D16: 1/0 | F16: 1A/0 | H16: 1B/0 | J16: 1B/1 | L16: 1C/0 | N16: 1C/1 | P16: 1C/2 | R16: 1C/3 | T16: 1D/0 | V16: 1D/1 | X16: 1D/2 | Z16: 2/0 | AA16: NH Xing | AB16: 2A/0 | AC16: Rly Xing | AD16: 2B/0 | AF16: 2B/1
D17: DD60+0 | F17: DD60+25 | H17: DD60+25 | J17: DA+9 | L17: DC1+0 | N17: DA+0 | P17: DA+0 | R17: DA+0 | T17: DC2+6 | V17: DA+3 | X17: DA+9 | Z17: DD60+3 | AB17: DD60+6 | AD17: DD60+9 | AF17: DA+0
A22: 300 | C22: 318 | E22: 375 | G22: 371.02 | I22: 204.05 | K22: 377.97 | M22: 420.897 | O22: 393 | Q22: 393 | S22: 383 | U22: 391 | W22: 429 | Y22: 389 | AA22: 413 | AC22: 365 | AE22: 438 | AH22: =SUM(A22:AG22) -> 5960.937 | AI22: =+AH22+AI14 -> 10860.177 | AJ22: =COUNTA(A23:AF23) -> 3 | AK22: =COUNTA(A21:AF21) -> 0
V23: sandy | X23: sandy | AF23: sandy
B24: 2B/2 | D24: 2B/3 | F24: 2B/3 | H24: 2C/0 | I24: 132KV | J24: 2D/0 | L24: 3/0 | N24: 3/1 | P24: 3/2 | R24: 3/3 | T24: 3/4 | V24: 3/5 | X24: 3/6 | Z24: 3/7 | AB24: 3/8 | AD24: 3/9 | AF24: 3/10
B25: DA+0 | D25: DA+0 | F25: DA+0 | H25: DD45+9 | I25: S/C | J25: DD60+9 | L25: DA+0 | N25: DA+1.5 | P25: DA+3 | R25: DA-3 | T25: DA+0 | V25: DA+3 | X25: DA+0 | Z25: DA+0 | AB25: DA-3 | AD25: DA+0 | AF25: DA+3
H26: 132 KV RVNL
A30: 393.115 | C30: 356 | E30: 359 | G30: 410 | I30: 361 | K30: 418.331 | M30: 424 | O30: 318.001 | Q30: 319.999 | S30: 344 | U30: 411 | W30: 393.887 | Y30: 405.25 | AA30: 350 | AC30: 370.747 | AE30: 376 | AH30: =SUM(A30:AG30) -> 6010.33 | AI30: =+AH30+AI22 -> 16870.507 | AJ30: =COUNTA(A31:AF31) -> 0 | AK30: =COUNTA(A29:AF29) -> 0
B32: 4/0 | D32: 4/1 | F32: 4/2 | H32: 4/3 | J32: 4/4 | L32: 5/0 | N32: 5/1 | P32: 5/2 | R32: 5/3 | T32: 5/4 | V32: 5/5 | X32: 5/6 | Z32: 7/0 | AB32: 7/1 | AD32: 8/0 | AF32: 8/1
B33: DB2+0 | D33: DA-3 | F33: DA+0 | H33: DA+3 | J33: DA+3 | L33: DB1+0 | N33: DA+6 | P33: DA+3 | R33: DA+0 | T33: DA+0 | V33: DA+3 | X33: DA+3 | Z33: DB2+0 | AB33: DA+3 | AD33: DB1+0 | AF33: DA+6
A38: 391 | C38: 401 | E38: 402 | G38: 442 | I38: 387.599 | K38: 414 | M38: 418 | O38: 371.223 | Q38: 407 | S38: 377 | U38: 405.674 | W38: 368 | Y38: 427 | AA38: 401 | AC38: 413 | AE38: 403.193 | AH38: =SUM(A38:AG38) -> 6428.689 | AI38: =+AH38+AI30 -> 23299.196 | AJ38: =COUNTA(A39:AF39) -> 0 | AK38: =COUNTA(A37:AF37) -> 0
B40: 8/2 | D40: 8/3 | F40: 8/4 | H40: 8/5 | J40: 9/0 | L40: 9/1 | N40: 9/2 | P40: 10/0 | R40: 10/1 | T40: 10/2 | V40: 11/0 | X40: 11/1 | Z40: 11/2 | AB40: 11/3 | AD40: 11/4 | AF40: 12/0
B41: DA+3 | D41: DA+3 | F41: DA+9 | H41: DA+6 | J41: DC2+3 | L41: DA+0 | N41: DA+3 | P41: DC1+3 | R41: DA+6 | T41: DA+0 | V41: DB1+3 | X41: DA+3 | Z41: DA+3 | AB41: DA+3 | AD41: DA+3 | AF41: DB2+0
A46: 433.474 | C46: 338.526 | E46: 418 | G46: 412 | I46: 425 | K46: 361 | M46: 402.251 | O46: 403.51 | Q46: 418 | S46: 403 | U46: 415 | W46: 385 | Y46: 378 | AA46: 370.903 | AC46: 370 | AE46: 435.958 | AH46: =SUM(A46:AG46) -> 6369.622 | AI46: =+AH46+AI38 -> 29668.818 | AJ46: =COUNTA(A47:AF47) -> 3 | AK46: =COUNTA(A45:AF45) -> 0
T47: Sandy | V47: DRY | X47: Sandy
B48: 12/1 | D48: 12/2 | F48: 12/3 | H48: 12/4 | J48: 12/5 | L48: 12/6 | N48: 13/0 | P48: 14/0 | R48: 14/1 | T48: 14/2 | V48: 14/3 | X48: 14/4 | Z48: 14/5 | AB48: 15/0 | AD48: 15/1 | AF48: 15A/0
B49: DA+6 | D49: DA+6 | F49: DA+0 | H49: DA+6 | J49: DA+6 | L49: DA+0 | N49: DB2+9 | P49: DC1+3 | R49: DA+0 | T49: DA+6 | V49: DA+3 | X49: DA+3 | Z49: DA+0 | AB49: DB2+0 | AD49: DA+0 | AF49: DC2+6
A54: 407.011 | C54: 415 | E54: 395.995 | G54: 404.005 | I54: 395 | K54: 423.118 | M54: 376 | O54: 427.627 | Q54: 417 | S54: 382 | U54: 366 | W54: 446.464 | Y54: 408 | AA54: 407 | AC54: 350 | AE54: 376.934 | AH54: =SUM(A54:AG54) -> 6397.154 | AI54: =+AH54+AI46 -> 36065.972 | AJ54: =COUNTA(A55:AF55) -> 1 | AK54: =COUNTA(A53:AF53) -> 0
J55: DRY
B56: 15B/0 | D56: 15B/1 | F56: 15B/2 | H56: 15B/3 | J56: 15B/4 | L56: 16/0 | N56: 16/1 | P56: 17/0 | R56: 17/1 | T56: 17/2 | V56: 17/3 | X56: 19/0 | Z56: 19/1 | AB56: 19/2 | AD56: 19/3 | AF56: 20/0
B57: DC1+9 | D57: DA+0 | F57: DA+3 | H57: DA+0 | J57: DA+6 | L57: DC2+0 | N57: DA+0 | P57: DC2+6 | R57: DA+0 | T57: DA+0 | V57: DA+6 | X57: DC2+9 | Z57: DA+0 | AB57: DA+3 | AD57: DA+3 | AF57: DC2-3
A62: 355 | C62: 383 | E62: 330.223 | G62: 377 | I62: 382 | K62: 380 | M62: 376 | O62: 390 | Q62: 397 | S62: 380 | U62: 398 | W62: 362.442 | Y62: 348 | AA62: 372 | AC62: 422 | AE62: 420 | AH62: =SUM(A62:AG62) -> 6072.665 | AI62: =+AH62+AI54 -> 42138.637 | AJ62: =COUNTA(A63:AF63) -> 6 | AK62: =COUNTA(A61:AF61) -> 0
R63: PS | T63: Wet | Z63: Wet | AB63: Wet | AD63: Wet | AF63: Wet
B64: 20/1 | D64: 20/2 | F64: 21/0 | H64: 21/1 | J64: 21/2 | L64: 21/3 | N64: 21/4 | P64: 21/5 | R64: 21/6 | T64: 21/7 | V64: 21/8 | X64: 23/0 | Z64: 23/1 | AB64: 23/2 | AD64: 23/3 | AF64: 23/4
B65: DA+0 | D65: DA+3 | F65: DB2+0 | H65: DA+0 | J65: DA+0 | L65: DA+0 | N65: DA+0 | P65: DA+3 | R65: DA+0 | T65: DA+3 | V65: DA+0 | X65: DB1-3 | Z65: DA-1.5 | AB65: DA+0 | AD65: DA+6 | AF65: DA+0
B67: 112 | D67: 113 | F67: 114 | H67: 115 | J67: 116 | L67: 117 | N67: 118 | P67: 119 | R67: 120 | T67: 121 | V67: 122 | X67: 123 | Z67: 124 | AB67: 125 | AD67: 126 | AF67: 127
AB69: A | AD69: A | AF69: A
A70: 358.141 | C70: 466 | E70: 320 | G70: 378.053 | I70: 411 | K70: 378 | M70: 401 | O70: 400.805 | Q70: 350 | S70: 384 | U70: 430.959 | W70: 201.147 | Y70: 420 | AA70: 398.239 | AC70: 385.761 | AE70: 374 | AH70: =SUM(A70:AG70) -> 6057.105 | AI70: =+AH70+AI62 -> 48195.742 | AJ70: =COUNTA(A71:AF71) -> 4 | AK70: =COUNTA(A69:AF69) -> 3 | AM70: 3
R71: WPS | AB71: sandy | AD71: sandy | AF71: Wet
B72: 24/0 | D72: 24/1 | F72: 24/2 | H72: 25/0 | J72: 25/1 | L72: 25/2 | N72: 25/3 | P72: 26/0 | R72: 26/1 | T72: 26/2 | V72: 27/0 | W72: Rly Xing | X72: 28/0 | Z72: 28/1 | AB72: 28/2 | AD72: 28/3 | AF72: 28/4
B73: DB2+3 | D73: DA+9 | F73: DA+3 | H73: DB2+0 | J73: DA+3 | L73: DA+0 | N73: DA+3 | P73: DB2+0 | R73: DA+0 | T73: DA+0 | V73: DD60+6 | X73: DD60+6 | Z73: DA+0 | AB73: DA+3 | AD73: DA+6 | AF73: DA+3
B75: 128 | D75: 129 | F75: 130 | H75: 131 | J75: 132 | L75: 133 | N75: 134 | P75: 135 | R75: 136 | T75: 137 | V75: 138 | X75: 139 | Z75: 140 | AB75: 141 | AD75: 142 | AF75: 143
B77: A | D77: A | F77: A | H77: A | J77: A | L77: A | N77: A
A78: 390.364 | C78: 377 | E78: 419 | G78: 420 | I78: 414 | K78: 419 | M78: 371.669 | O78: 412 | Q78: 377 | S78: 354 | U78: 386 | W78: 410 | Y78: 406 | AA78: 425 | AC78: 400.252 | AE78: 338 | AH78: =SUM(A78:AG78) -> 6319.285 | AI78: =+AH78+AI70 -> 54515.027 | AJ78: =COUNTA(A79:AF79) -> 10 | AK78: =COUNTA(A77:AF77) -> 7 | AM78: 5
B79: DRY | D79: Sandy | F79: Wet | H79: Wet | J79: Sandy | L79: Wet | N79: DRY | P79: Wet | R79: Wet | T79: Wet
B80: 29/0 | D80: 29/1 | F80: 29/2 | H80: 29/3 | J80: 29/4 | L80: 29/5 | N80: 30/0 | P80: 30/1 | R80: 30/2 | T80: 30/3 | V80: 30/4 | X80: 30/5 | Z80: 30/6 | AB80: 30/7 | AD80: 31/0 | AF80: 31/1
B81: DC1+0 | D81: DA+0 | F81: DA+9 | H81: DA+3 | J81: DA+6 | L81: DA+0 | N81: DB2+0 | P81: DA+3 | R81: DA+3 | T81: DA-3 | V81: DA+3 | X81: DA+0 | Z81: DA+3 | AB81: DA+3 | AD81: DB1+3 | AF81: DA+0
B83: 144 | D83: 145 | F83: 146 | H83: 147 | J83: 148 | L83: 149 | N83: 150 | P83: 151 | R83: 152 | T83: 153 | V83: 154 | X83: 155 | Z83: 156 | AB83: 157 | AD83: 158 | AF83: 159
A86: 402 | C86: 379.885 | E86: 360 | G86: 431 | I86: 384 | K86: 411 | M86: 401.511 | O86: 246.67 | Q86: 474 | S86: 181.733 | U86: 427 | W86: 411 | Y86: 394 | AA86: 343 | AC86: 347 | AE86: 417.552 | AH86: =SUM(A86:AG86) -> 6011.351 | AI86: =+AH86+AI78 -> 60526.378 | AJ86: =COUNTA(A87:AF87) -> 2 | AK86: =COUNTA(A85:AF85) -> 0
Z87: DRY | AB87: DRY
B88: 31/2 | D88: 32/0 | F88: 32/1 | H88: 32/2 | J88: 32/3 | L88: 32/4 | N88: 33/0 | O88: NH | P88: 34/0 | R88: 35/0 | S88: 132KV | T88: 36/0 | V88: 36/1 | X88: 36/2 | Z88: 36/3 | AB88: 36/4 | AD88: 36/5 | AF88: 37/0
B89: DA+3 | D89: DB2+3 | F89: DA+0 | H89: DA+6 | J89: DA+0 | L89: DA+3 | N89: DD60+0 | P89: DD60+3 | R89: DB1+9 | S89: D/C | T89: 5DB1+9 | V89: 5DA+3 | X89: 5DA+6 | Z89: 5DA+0 | AB89: 5DA-3 | AD89: 5DA+6 | AF89: 5DD45+3
B91: 160 | D91: 161 | F91: 162 | H91: 163 | J91: 164 | L91: 165 | N91: 166 | P91: 167 | R91: 168 | T91: 169 | V91: 170 | X91: 171 | Z91: 172 | AB91: 173 | AD91: 174 | AF91: 175
A94: 379 | C94: 386.391 | E94: 250.289 | G94: 356 | I94: 403 | K94: 434.661 | M94: 261.78 | O94: 386.604 | Q94: 409 | S94: 367.192 | U94: 309.944 | W94: 356 | Y94: 362 | AA94: 348.24 | AC94: 397 | AE94: 381 | AH94: =SUM(A94:AG94) -> 5788.101 | AI94: =+AH94+AI86 -> 66314.479 | AJ94: =COUNTA(A95:AF95) -> 0 | AK94: =COUNTA(A93:AF93) -> 0
B96: 37/1 | D96: 38/0 | E96: 132KV | F96: 39/0 | H96: 39/1 | J96: 39/2 | L96: 40/0 | M96: 220 KV | N96: 41/0 | P96: 42/0 | R96: 42/1 | T96: 43/0 | V96: 44/0 | X96: 44/1 | Z96: 44/2 | AB96: 45/0 | AD96: 45/1 | AF96: 45/2
B97: 5DA+0 | D97: 5DD45+18 | E97: S/C | F97: 5DC2+9 | H97: 5DA+3 | J97: 5DA+3 | L97: 5DC1+18 | M97: D/C | N97: 5DB2+25 | P97: 5DC2+6 | R97: 5DA+6 | T97: 5DC1+0 | V97: 5DD45+0 | X97: 5DA+0 | Z97: 5DA+6 | AB97: 5DD60+0 | AD97: 5DA+6 | AF97: 5DA+9
B99: 176 | D99: 177 | F99: 178 | H99: 179 | J99: 180 | L99: 181 | N99: 182 | P99: 183 | R99: 184 | T99: 185 | V99: 186 | X99: 187 | Z99: 188 | AB99: 189 | AD99: 190 | AF99: 191
A102: 408.451 | C102: 429 | E102: 360.902 | G102: 433 | I102: 407 | K102: 370 | M102: 375 | O102: 420 | Q102: 400 | S102: 418.466 | U102: 297 | W102: 453.982 | Y102: 215.992 | AA102: 442 | AC102: 390.998 | AE102: 387.002 | AH102: =SUM(A102:AG102) -> 6208.793 | AI102: =+AH102+AI94 -> 72523.272 | AJ102: =COUNTA(A103:AF103) -> 0 | AK102: =COUNTA(A101:AF101) -> 0
B104: 46/0 | D104: 46/1 | F104: 47/0 | H104: 47/1 | L104: 47/3 | N104: 47/4 | P104: 47/5 | R104: 47/6 | T104: 48/0 | V104: 48/1 | X104: 49/0 | Y104: 400 KV | Z104: 50/0 | AB104: 50/1 | AD104: 50/2 | AF104: 50/3
B105: 5DD45+6 | D105: 5DA+6 | F105: 5DC1+3 | H105: 5DA+9 | J105: 5DA+0 | L105: 5DA+0 | N105: 5DA+3 | P105: 5DA+6 | R105: 5DA+6 | T105: 5DB1+3 | V105: 5DA+0 | X105: 5DD60+30 | Y105: D/C | Z105: 5DD60+30 | AB105: 5DA+0 | AD105: 5DA+6 | AF105: 5DA+6
B107: 192 | D107: 193 | F107: 194 | H107: 195 | J107: 196 | L107: 197 | N107: 198 | P107: 199 | R107: 200 | T107: 201 | V107: 202 | X107: 203 | Z107: 204 | AB107: 205 | AD107: 206 | AF107: 207
F109: A | J109: A | L109: a | R109: a | T109: A | V109: A
A110: 385.376 | C110: 409 | E110: 385 | G110: 366 | I110: 398 | K110: 436 | M110: 380.514 | O110: 383 | Q110: 362.419 | S110: 378.581 | U110: 361 | W110: 372 | Y110: 443.274 | AA110: 186.799 | AC110: 423 | AE110: 358 | AH110: =SUM(A110:AG110) -> 6027.963 | AI110: =+AH110+AI102 -> 78551.235 | AJ110: =COUNTA(A111:AF111) -> 14 | AK110: =COUNTA(A109:AF109) -> 6
B111: WPS | D111: WPS | F111: DRY | H111: WPS | J111: DRY | L111: DRY | N111: WPS | P111: WPS | R111: WPS | T111: WPS | V111: DRY | X111: WET | AD111: Wet | AF111: Wet
B112: 51/0 | D112: 51/1 | F112: 51/2 | H112: 51/3 | J112: 51/4 | L112: 51/5 | N112: 52/0 | P112: 52/1 | R112: 52/2 | T112: 52/3 | V112: 52/4 | X112: 52/5 | Z112: 53/0 | AA112: 220 Kv | AB112: 54/0 | AD112: 54/1 | AF112: 54/2
B113: 5DB2+6 | D113: 5DA+3 | F113: 5DA+3 | H113: 5DA+0 | J113: 5DA+6 | L113: 5DA+6 | N113: 5DB1+3 | P113: 5DA+0 | R113: 5DA+0 | T113: 5DA+0 | V113: 5DA+0 | X113: 5DA+0 | Z113: 5DC2+18 | AA113: D/C | AB113: 5DD45+25 | AD113: 5DA+0 | AF113: 5DA+0
B115: 208 | D115: 209 | F115: 210 | H115: 211 | J115: 212 | L115: 213 | N115: 214 | P115: 215 | R115: 216 | T115: 217 | V115: 218 | X115: 219 | Z115: 220 | AB115: 221 | AD115: 222 | AF115: 223
B117: A | F117: A | H117: A | J117: A | L117: A | P117: A | X117: A | Z117: A | AF117: A
A118: 389 | C118: 427 | E118: 395 | G118: 373 | I118: 392 | K118: 398 | M118: 391.642 | O118: 410 | Q118: 430 | S118: 392 | U118: 371.098 | W118: 404.9 | Y118: 402 | AA118: 410 | AC118: 408.712 | AE118: 420 | AH118: =SUM(A118:AG118) -> 6414.352 | AI118: =+AH118+AI110 -> 84965.587 | AJ118: =COUNTA(A119:AF119) -> 15 | AK118: =COUNTA(A117:AF117) -> 9
B119: Wet | F119: WET | H119: WET | J119: Wet | L119: PS | N119: DRY | P119: PS | R119: WET | T119: WET | V119: WET | X119: DRY | Z119: DRY | AB119: WET | AD119: DRY | AF119: DRY
B120: 54/3 | D120: 54/4 | F120: 54/5 | H120: 54/6 | J120: 54/7 | L120: 54/8 | N120: 55/0 | P120: 55/1 | R120: 55/2 | T120: 55/3 | V120: 55/4 | X120: 55/5 | Z120: 55/6 | AB120: 55/7 | AD120: 56/0 | AF120: 56/1
B121: 5DA+3 | D121: 5DA+6 | F121: 5DA+0 | H121: 5DA+0 | J121: 5DA+6 | L121: 5DA+3 | N121: 5DB2+3 | P121: 5DA+9 | R121: 5DA+3 | T121: 5DA+0 | V121: 5DA+3 | X121: 5DA+6 | Z121: 5DA+3 | AB121: 5DA+9 | AD121: 5DB1+6 | AF121: 5DA+3
B123: 224 | D123: 225 | F123: 226 | H123: 227 | J123: 228 | L123: 229 | N123: 230 | P123: 231 | R123: 232 | T123: 233 | V123: 234 | X123: 235 | Z123: 236 | AB123: 237 | AD123: 238 | AF123: 239
B125: A | D125: a | F125: a
A126: 414 | C126: 399 | E126: 402 | G126: 363.51 | I126: 200.601 | K126: 430 | M126: 363 | O126: 308 | Q126: 347 | S126: 353.269 | U126: 269.791 | W126: 263.175 | Y126: 392 | AA126: 438 | AC126: 369.977 | AE126: 310 | AH126: =SUM(A126:AG126) -> 5623.323 | AI126: =+AH126+AI118 -> 90588.91 | AJ126: =COUNTA(A127:AF127) -> 7 | AK126: =COUNTA(A125:AF125) -> 3
B127: DRY | D127: DRY | F127: DRY | X127: WPS | Z127: WPS | AB127: WPS | AF127: WPS
B128: 56/2 | D128: 56/3 | F128: 56/4 | H128: 57/0 | I128: 400KV | J128: 58/0 | L128: 58/1 | N128: 58/2 | P128: 58/3 | R128: 58/4 | T128: 59/0 | U128: 220KV | V128: 60/0 | W128: 132KV | X128: 61/0 | Z128: 61/1 | AB128: 61/2 | AD128: 62/0 | AF128: 62/1
B129: 5DA+6 | D129: 5DA+3 | F129: 5DA+9 | H129: 5DD60+18 | I129: D/C | J129: 5DD60+18 | L129: 5DA+6 | N129: 5DA+0 | P129: 5DA-3 | R129: 5DA+0 | T129: 5DB1+9 | U129: S/C | V129: 5DB2+18 | W129: S/C | X129: 5DB1+3 | Z129: 5DA+6 | AB129: 5DA+9 | AD129: 5DB2+0 | AF129: 5DA+3
B131: 240 | D131: 241 | F131: 242 | H131: 243 | J131: 244 | L131: 245 | N131: 246 | P131: 247 | R131: 248 | T131: 249 | V131: 250 | X131: 251 | Z131: 252 | AB131: 253 | AD131: 254 | AF131: 255
A134: 388.611 | C134: 203.306 | E134: 397 | G134: 409 | I134: 361 | K134: 373 | M134: 400 | O134: 403 | Q134: 376.543 | S134: 383 | U134: 374 | W134: 403.154 | Y134: 400 | AA134: 366.748 | AC134: 407 | AE134: 364.182 | AH134: =SUM(A134:AG134) -> 6009.544 | AI134: =+AH134+AI126 -> 96598.454 | AJ134: =COUNTA(A135:AF135) -> 6 | AK134: =COUNTA(A133:AF133) -> 0
F135: WPS | H135: WPS | J135: WPS | L135: WPS | N135: WPS | P135: WPS
B136: 63/0 | C136: 400KV | D136: 64/0 | F136: 64/1 | H136: 64/2 | J136: 64/3 | L136: 64/4 | N136: 64/5 | P136: 64/6 | R136: 65/0 | T136: 65/1 | V136: 65/2 | X136: 66/0 | Z136: 66/1 | AB136: 67/0 | AD136: 67/1 | AF136: 68/0
B137: 5DD60+18 | C137: D/C | D137: 5DD60+18 | F137: 5DA+6 | H137: 5DA+0 | J137: 5DA+0 | L137: 5DA+3 | N137: 5DA+3 | P137: 5DA+3 | R137: 5DC1+0 | T137: 5DA+3 | V137: 5DA+6 | X137: 5DD45+0 | Z137: 5DA+6 | AB137: 5DB2+3 | AD137: 5DA+9 | AF137: 5DB2+0
B139: 256 | D139: 257 | F139: 258 | H139: 259 | J139: 260 | L139: 261 | N139: 262 | P139: 263 | R139: 264 | T139: 265 | V139: 266 | X139: 267 | Z139: 268 | AB139: 269 | AD139: 270 | AF139: 271
A142: 347 | C142: 380.094 | E142: 388 | G142: 371 | I142: 364 | K142: 336 | M142: 418 | O142: 420.93 | Q142: 217.862 | S142: 373.793 | U142: 336 | W142: 355.56 | Y142: 169 | AA142: 81 | AC142: 80.799 | AE142: 382 | AH142: =SUM(A142:AG142) -> 5021.038 | AI142: =+AH142+AI134 -> 101619.49 | AJ142: =COUNTA(A143:AF143) -> 0 | AK142: =COUNTA(A141:AF141) -> 0
B144: 68/1 | D144: 69/0 | F144: 69/1 | H144: 69/2 | J144: 69/3 | L144: 69/4 | N144: 69/5 | P144: 70/0 | Q144: Rly Xing | R144: 71/0 | T144: 72/0 | V144: 72/1 | X144: 73/0 | Z144: 73/1 | AA144: 765 KV | AB144: 73/2 | AD144: 74/0 | AF144: 74/1
B145: 5DA+6 | D145: 5DB1+3 | F145: 5DA+0 | H145: 5DA+0 | J145: 5DA+0 | L145: 5DA+9 | N145: 5DA+6 | P145: 5DD60+6 | R145: 5DD60+6 | T145: 5DC1+3 | V145: 5DA+0 | X145: 5DD60+0 | Z145: DDH | AA145: S/C | AB145: DDH | AD145: 5DD60+0 | AF145: 5DA+9
B147: 272 | D147: 273 | F147: 274 | H147: 275 | J147: 276 | L147: 277 | N147: 278 | P147: 279 | R147: 280 | T147: 281 | V147: 282 | X147: 283 | Z147: 284 | AB147: 285 | AD147: 286 | AF147: 287
A150: 420 | C150: 404 | E150: 433 | G150: 389 | I150: 430 | K150: 357 | M150: 369 | O150: 294 | Q150: 377.328 | S150: 219.542 | U150: 390 | W150: 408.749 | Y150: 413 | AA150: 396 | AC150: 355 | AE150: 416.158 | AH150: =SUM(A150:AG150) -> 6071.777 | AI150: =+AH150+AI142 -> 107691.27 | AJ150: =COUNTA(A151:AF151) -> 3 | AK150: =COUNTA(A149:AF149) -> 0
L151: WPS | N151: WPS | P151: WPS
B152: 74/2 | D152: 74/3 | F152: 74/4 | H152: 74/5 | J152: 74/6 | L152: 74/7 | N152: 74/8 | P152: 74/9 | R152: 75/0 | S152: 132 KV | T152: 76/0 | V152: 76/1 | X152: 77/0 | Z152: 77/1 | AB152: 77/2 | AD152: 77/3 | AF152: 78/0
B153: 5DA+0 | D153: 5DA+6 | F153: 5DA+6 | H153: 5DA+6 | J153: 5DA+6 | L153: 5DA+3 | N153: 5DA+0 | P153: 5DA+0 | R153: 5DB1+18 | S153: D/C | T153: 5DB2+18 | V153: 5DA+0 | X153: 5DC1+9 | Z153: 5DA+9 | AB153: 5DA+3 | AD153: 5DA+3 | AF153: 5DB2+6
B155: 288 | D155: 289 | F155: 290 | H155: 291 | J155: 292 | L155: 293 | N155: 294 | P155: 295 | R155: 296 | T155: 297 | V155: 298 | X155: 299 | Z155: 300 | AB155: 301 | AD155: 302 | AF155: 303
A158: 386 | C158: 417.906 | E158: 407 | G158: 405 | I158: 404.002 | K158: 409.998 | M158: 340.345 | O158: 246.238 | Q158: 383.094 | S158: 220.922 | U158: 382.481 | W158: 251.097 | Y158: 405.559 | AA158: 394 | AC158: 341 | AE158: 345 | AH158: =SUM(A158:AG158) -> 5739.642 | AI158: =+AH158+AI150 -> 113430.91 | AJ158: =COUNTA(A159:AF159) -> 0 | AK158: =COUNTA(A157:AF157) -> 0
B160: 78/1 | D160: 79/0 | F160: 79/1 | H160: 79/2 | J160: 79/3 | L160: 79/4 | N160: 80/0 | O160: NH Xing | P160: 81/0 | R160: 82/0 | S160: 132KV | T160: 83/0 | V160: 84/0 | W160: 220KV | X160: 85/0 | Z160: 86/0 | AB160: 86/1 | AD160: 86/2 | AF160: 86/3
B161: 5DA+9 | D161: 5DB2+9 | F161: 5DA+3 | H161: 5DA+3 | J161: 5DA+3 | L161: 5DA+6 | N161: 5DC2+0 | P161: 5DC1+3 | R161: 5DB2+9(1 M RC) | T161: 5DB1+18 | V161: 5DC1+18 | X161: 5DD60+18 | Z161: 5DC1+3 | AB161: 5DA+3 | AD161: 5DA+3 | AF161: 5DA+3
B163: 304 | D163: 305 | F163: 306 | H163: 307 | J163: 308 | L163: 309 | N163: 310 | P163: 311 | R163: 312 | T163: 313 | V163: 314 | X163: 315 | Z163: 316 | AB163: 317 | AD163: 318 | AF163: 319
A166: 419.431 | C166: 247.386 | E166: 240.467 | G166: 400.069 | I166: 342.102 | K166: 228.107 | M166: 379 | O166: 407 | Q166: 433 | S166: 375 | U166: 409 | W166: 383 | Y166: 383 | AA166: 400.558 | AC166: 417.979 | AE166: 366 | AH166: =SUM(A166:AG166) -> 5831.099 | AI166: =+AH166+AI158 -> 119262.01 | AJ166: =COUNTA(A167:AF167) -> 0 | AK166: =COUNTA(A165:AF165) -> 0
B168: 87/0 | C168: Rly Xing | D168: 88/0 | E168: 132KV | F168: 89/0 | H168: 90/0 | J168: 91/0 | K168: 132KV | L168: 92/0 | N168: 92/1 | P168: 92/2 | R168: 92/3 | T168: 92/4 | V168: 92/5 | X168: 92/6 | Z168: 92/7 | AB168: 92A/0 | AD168: 93/0 | AF168: 93/1
B169: 5DD60+9 | D169: 5DD60+9 | F169: 5DB2+9 | H169: 5DB2+0 | J169: 5DB2+18 | L169: 5DD45+9 | N169: 5DA+6 | P169: 5DA+9 | R169: 5DA+3 | T169: 5DA+3 | V169: 5DA+3 | X169: 5DA+0 | Z169: 5DA+9 | AB169: 5DB2+9 | AD169: 5DC2+6 | AF169: 5DA+0
...

Sheet LS
A1: Client-Powergrid Bikaner IV Tranmission Limited
A2: Project-Siwani-Patran TL & Siwani-Fatehabad TL
A3: Land Schedule Data
A5: Land Schedule Verified
B6: State | C6: District | D6: Tehsil | E6: Line Length (Km) | F6: Total Locations | G6: Corridor Data Submitted (Km) | H6: Verified from Patwari | I6: Sketch Prepared | J6: Balance Sketch
A8: Siwani-Patran | B8: Haryana | C8: Bhiwani | D8: Siwani | E8: 22.072 | F8: 60 | G8: 22.072 | H8: 59 | I8: 39 | J8: =F8-I8 -> 21
C9: Hisar | D9: Balsamand | E9: 4.048 | F9: 10 | G9: 4.048 | H9: 10 | I9: 10 | J9: =F9-I9 -> 0
D10: Hisar | E10: 41.98 | F10: 110 | G10: 41.98 | H10: 110 | I10: 106 | J10: =F10-I10 -> 4
D11: Uklana | E11: 10.358 | F11: 27 | G11: 10.358 | H11: 27 | I11: 27 | J11: =F11-I11 -> 0
D12: Adampur | E12: 4.39 | F12: 11 | G12: 4.39 | H12: 11 | I12: 11 | J12: =F12-I12 -> 0
C13: Fatehabad | D13: Bhuna | E13: 5.664 | F13: 15 | G13: 5.66 | H13: 15 | I13: 15 | J13: =F13-I13 -> 0
D14: Tohana | E14: 25.551 | F14: 72 | G14: 25.55 | H14: 71 | I14: 70 | J14: =F14-I14 -> 2
C15: Jind | D15: Narwana | E15: 2.804 | F15: 8 | G15: 2.804 | H15: 6 | I15: 8 | J15: =F15-I15 -> 0
B16: Punjab | C16: Sangrur | D16: Moonak | E16: 5.101 | F16: 13 | G16: 5.101 | H16: 13 | I16: 13 | J16: =F16-I16 -> 0
D17: Khanauri | E17: 12.832 | F17: 35 | G17: 12.832 | H17: 35 | I17: 35 | J17: =F17-I17 -> 0
C18: Patiala | D18: Patran | E18: 12.761 | F18: 38 | G18: 12.76 | H18: 38 | I18: 37 | J18: =F18-I18 -> 1
C19: Total | E19: =SUM(E8:E18) -> 147.561 | F19: =SUM(F8:F18) -> 399 | G19: =SUM(G8:G18) -> 147.555 | H19: =SUM(H8:H18) -> 395 | I19: =SUM(I8:I18) -> 371 | J19: =SUM(J8:J18) -> 28
A20: Siwani To Fatehabad | B20: Haryana | C20: Bhiwani | D20: Siwani | E20: 21.374 | F20: 57 | G20: 21.37 | H20: 57 | I20: 38 | J20: =F20-I20 -> 19
C21: Hisar | D21: Balsamand | E21: 15.976 | F21: 40 | G21: 15.98 | H21: 40 | I21: 40 | J21: =F21-I21 -> 0
D22: Hisar | E22: 9.17 | F22: 24 | G22: 9.17 | H22: 24 | I22: 24 | J22: =F22-I22 -> 0
D23: Adampur | E23: 18.287 | F23: 48 | G23: 18.28 | H23: 48 | I23: 48 | J23: =F23-I23 -> 0
C24: Fatehabad | D24: Fatehabad | E24: 17.981 | F24: 51 | G24: 17.98 | H24: 51 | I24: 49 | J24: =F24-I24 -> 2
C25: Total | E25: 82.8 | F25: 220 | G25: 82.8 | H25: =SUM(H20:H24) -> 220 | I25: =SUM(I20:I24) -> 199 | J25: =SUM(J20:J24) -> 21
A26: G Total | E26: =SUM(E19+E25) -> 230.361 | F26: =SUM(F19+F25) -> 619 | G26: =SUM(G19+G25) -> 230.355 | H26: =SUM(H19+H25) -> 615 | I26: =SUM(I19+I25) -> 570 | J26: =SUM(J19+J25) -> 49

Sheet Survey 
A1: KEC International Limited | J1: KEC International Limited
A2: 400 KV D/C Siwani To Fatehabad | J2: 400 KV D/C Siwani To Patran
A3: Detailed Survey | J3: Detailed Survey
A4: Sl.No. | B4: SPAN | D4: Section Length (Km) | E4: Submitted For Approval | F4: Approved Date | G4: Approved Status | H4: Remarks | J4: Sl.No. | K4: SPAN | M4: Section Length (Km) | N4: Submitted For Approval | O4: PGCIL Letter Date | P4: PGCIL Aprroval Mail Date | Q4: Approved Status
B5: From Section | C5: To Section | K5: From Section | L5: To Section
A6: 1 | B6: 3/0 | C6: 14/0 | D6: 26.427 | E6: 24.05.2025 | F6: 26.05.2025 | G6: Approved | J6: 1 | K6: 3/0 | L6: 5/0 | M6: 6.312 | N6: 15.05.2025 | O6: 17.05.2025 | Q6: Approved
A7: 2 | B7: 14/0 | C7: 24/0 | D7: =16.986 -> 16.986 | E7: 03.04.2025 | F7: 01.05.2025 | G7: Approved | J7: 2 | K7: 14/0 | L7: 29/0 | M7: 22.093 | N7: 10.04.2025 | O7: 17.05.2025 | Q7: Approved
A8: 3 | B8: 24/0 | C8: 30/0 | D8: 5.64 | E8: 07.03.2025 | F8: 05.4.2025 | G8: Approved | J8: 3 | K8: 29/0 | L8: 33/0 | M8: 8.699 | N8: 10.04.2025 | O8: 17.05.2025 | Q8: Approved
A9: 4 | B9: 30/0 | C9: 32/0 | D9: 2.21 | E9: 28.03.2025 | F9: 05.04.2025 | G9: Approved | J9: 4 | K9: 35/0 | L9: 58/0 | M9: 28.735 | N9: 15.05.2025 | O9: 15.05.2025 | Q9: Approved
A10: 5 | B10: 32/0 | C10: 33/0 | D10: 2.01 | E10: 28.03.2025 | F10: 05.04.2025 | G10: Approved | J10: 5 | K10: 58/0 | L10: 101/0 | M10: 45.55 | N10: 18.05.2025 | O10: 19.05.2025 | P10: 29.05.2025 | Q10: Approved
A11: 6 | B11: 33/0 | C11: 40/0 | D11: 5.412 | E11: 28.03.2025 | F11: 05.04.2025 | G11: Approved | J11: 6 | K11: 101/0 | L11: Gantry | M11: 15.283 | N11: 20.05.2025 | O11: 11.06.2025 | Q11: Approved
A12: 7 | B12: 40/0 | C12: Gantry | D12: 17.582 | E12: 12.04.2025 02.06.2025 | F12: 09.06.2025 | G12: Approved | J12: 7 | K12: 33/0 | L12: 35/0 | M12: 0.721 | N12: 10.04.2025 | Q12: Approved
A13: 8 | B13: Gantry | C13: AP-3 | D13: 6.528 | E13: 29.10.2025 | F13: 11.12.2025 | G13: Approved | J13: 8 | K13: AP5 | L13: AP14 | M13: 13.34 | N13: 17.07.2025 | O13: 45860 | Q13: Approved
J14: 9 | K14: Gantry | L14: AP-3 | M14: 6.853 | N14: 18.11.2025, 09.01.2025 | Q14: Approved
A16: Approved Total Qty | D16: =SUBTOTAL(9,D6:D13) -> 82.795 | J16: Approved Total Qty | M16: =SUM(M6:M14) -> 147.586
A19: 400 KV D/C Siwani To Fatehabad | J19: 400 KV D/C Siwani To Patran
A20: Check Survey | J20: Check survey
A21: Sl.No. | B21: SPAN | D21: Section Length (Km) | E21: Submitted For Approval | F21: Approval Date | G21: Status | H21: Remarks | J21: Sl.No. | K21: SPAN | M21: Section Length (Km) | N21: Submitted For Approval | O21: PGCIL Letter Date | P21: PGCIL Aprroval Mail Date | Q21: Approval Date
B22: From Section | C22: To Section | K22: From Section | L22: To Section
A23: 1 | B23: 3/0 | C23: 14/0 | D23: 26.427 | E23: 4.06.2025 | F23: 3.06.2025 | G23: Approved | J23: 1 | K23: 3/0 | L23: 5/0 | M23: 6.312 | N23: 17.05.2025 | O23: 17.05.2025 | Q23: Approved
A24: 2 | B24: 14/0 | C24: 18/0 | D24: 9.145 | E24: 2.06.2025 | F24: 3.06.2025 | G24: Approved | J24: 2 | K24: 14/0 | L24: 29/0 | M24: 22.093 | N24: 14.05.2025 | O24: 15.05.2025 | Q24: Approved
A25: 3 | B25: 18/0 | C25: 23/0 | D25: 5.05253 | E25: 12.04.2025 | F25: 13.04.2025 | G25: Approved | J25: 3 | K25: 29/0 | L25: 33/0 | M25: 8.699 | N25: 19.04.2025 | O25: 01.05.2025 | Q25: Approved
A26: 4 | B26: 23/0 | C26: 24/0 | D26: 2.789 | E26: 05.04.2025 | F26: 07.04.2025 | G26: Approved | J26: 4 | K26: 35/0 | L26: 58/0 | M26: 28.735 | N26: 15.05.2025 | O26: 15.05.2025 | Q26: Approved
A27: 5 | B27: 24/0 | C27: 30/0 | D27: 5.64 | E27: 07.03.2025 | F27: 04.04.2025 | G27: Approved | J27: 5 | K27: 87/0 | L27: 101/0 | M27: 45.55 | N27: 06.06.2025 | Q27: Approved
A28: 6 | B28: 30/0 | C28: 32/0 | D28: 2.21 | E28: 28.03.2025 | F28: 05.04.2025 | G28: Approved | J28: 6 | K28: 58/0 | L28: 87/0 | N28: 08.06.2025 | Q28: Approved
A29: 7 | B29: 33/0 | C29: 40/0 | D29: 5.41 | E29: 28.03.2025 | F29: 05.04.2025 | G29: Approved | J29: 7 | K29: 101/0 | L29: 119/0 | M29: 15.286 | N29: 17.07.2025 | O29: 26.07.2025 | Q29: Approved
A30: 8 | B30: 32/0 | C30: 33/0 | D30: 2.01 | E30: 28.03.2025 | F30: 05.04.2025 | G30: Approved | J30: 8 | K30: AP5 | L30: AP14 | M30: 13.34 | N30: 05.08.2025 | Q30: Approved
A31: 9 | B31: 41/0 | C31: Gantry | D31: 15.6 | E31: 12.06.2025 | F31: 04.07.2025 | G31: Approved | J31: 9 | K31: AP32 | L31: AP33 | M31: 0.72 | N31: 05.08.2025 | Q31: Approved
A32: 10 | B32: 40/0 | C32: 41/0 | D32: 1.98 | E32: 16.07.2025 | F32: 18.07.2025 | G32: Approved | J32: 10 | K32: Gantry | L32: AP-3 | M32: 6.85 | N32: 06.02.2026 | Q32: Approval Pending
A33: 11 | B33: Gantry | C33: AP-3 | D33: 6.528 | E33: 24.12.2025 | G33: Approval Pending
A34: Approved Total Qty | D34: =SUM(D23:D32) -> 76.26353 | J34: Approved Total Qty | M34: =SUM(M23:M31) -> 140.735
A36: 400 KV D/C Siwani To Fatehabad
A37: Land Schedule
A38: Sl.No. | B38: SPAN | D38: Submitted For Approval | G38: Status | H38: Remarks
B39: From Section | C39: To Section | F39: Approval Date
A40: 1 | B40: 18/0 | C40: 40/0 | D40: 17.05.2025 | G40: 53
A41: 2 | B41: 14/0 | C41: 17/0 | D41: 29.05.2025 | G41: 16
A42: 3 | B42: 3/0 | C42: 7/0 | D42: 06.06.2025 | G42: 38
A43: 4 | B43: 7/0 | C43: 14/0 | D43: 10.06.2025 | G43: 29

Sheet FDN S-P
A1: KEC International Limited | L1: WET | M1: WP | O1: SANDY | P1: PS | Q1: DRY
A2: 400 KV D/C (Quad) Siwani-Patran TL | L2: 3 | P2: 1 | Q2: 9
A3: Details of Foundation
A4: CUMM. SR.NO | B4: MONTH SR.NO. | C4: Location No. | D4: Type of Tower | E4: Type of Classification | F4: Starting Date | G4: Completion Date | H4: Remarks | I4: Village | J4: Tehsil
A5: 1 | B5: 1 | C5: 30/3 | D5: DA-3 | E5: WET | F5: 21.04.2025 | G5: 22.04.2025 | H5: Template | I5: Durjanpur | J5: Hisar
A6: 2 | B6: 2 | C6: 30/1 | D6: DA+3 | E6: WET | F6: 22.04.2025 | G6: 25.04.2025 | H6: Template | I6: Durjanpur | J6: Hisar | K6: S.NO | L6: Tower | M6: Type | N6: Windzone | O6: Classification( Excecuted Locations)
A7: 3 | B7: 3 | C7: 30/2 | D7: DA+3 | E7: WET | F7: 24.04.2025 | G7: 28.04.2025 | H7: Template | I7: Durjanpur | J7: Hisar | O7: WET | P7: WP | Q7: SANDY | R7: PS | S7: DRY | T7: Total
A8: 45778 | K8: 1 | L8: DA | M8: -3M TO 0M | N8: 4 | O8: 13 | P8: 1 | Q8: 4 | R8: 2 | T8: =SUM(O8:S8) -> 20 | U8: 8
A9: 4 | B9: 1 | C9: 29/5 | D9: DA+0 | E9: WET | F9: 29.04.2025 | G9: 01.05.2025 | H9: Template | I9: Kaijlan | J9: Adampur | K9: 2 | L9: DA | M9: +1.5M To 9M | N9: 4 | O9: 11 | Q9: 9 | S9: 1 | T9: =SUM(O9:S9) -> 21 | U9: 4
A10: 5 | B10: 2 | C10: 29/2 | D10: DA+9 | E10: WET | F10: 1.05.2025 | G10: 03.05.2025 | H10: Template | I10: Inchha kharkheri | J10: Adampur | K10: 3 | L10: DB | M10: -3M TO 0M | N10: 4 | P10: 1 | S10: 3 | T10: =SUM(O10:S10) -> 4
A11: 6 | B11: 3 | C11: 29/4 | D11: DA+6 | E11: Sandy | F11: 02.05.2025 | G11: 04.05.2025 | H11: Template | I11: Inchha kharkheri | J11: Adampur | K11: 4 | L11: DC | M11: -3M TO 0M | N11: 4 | S11: 4 | T11: =SUM(O11:S11) -> 4
A12: 7 | B12: 4 | C12: 29/1 | D12: DA+0 | E12: Sandy | F12: 03.05.2025 | G12: 06.05.2025 | H12: Prop | I12: Inchha kharkheri | J12: Adampur | K12: 5 | L12: DC | M12: +1.5M To 9M | N12: 4 | O12: 1 | T12: =SUM(O12:S12) -> 1
A13: 8 | B13: 5 | C13: 29/3 | D13: DA+3 | E13: WET | F13: 03.05.2025 | G13: 05.05.2025 | H13: Template | I13: Inchha kharkheri | J13: Adampur | K13: 6 | L13: 5DA | M13: -3M TO 0M | N13: 5 | O13: 2 | P13: 1 | R13: 1 | S13: 3 | T13: =SUM(O13:S13) -> 7
A14: 9 | B14: 6 | C14: 28/4 | D14: DA+3 | E14: WET | F14: 07.05.2025 | G14: 09.05.2025 | H14: Prop | I14: Neoli khurd | J14: Adampur | K14: 7 | L14: 5DA | M14: +1.5M To 9M | N14: 5 | O14: 3 | R14: 1 | S14: 9 | T14: =SUM(O14:S14) -> 13
A15: 10 | B15: 7 | C15: 28/3 | D15: DA+6 | E15: Sandy | F15: 07.05.2025 | G15: 09.05.2025 | H15: Prop | I15: Neoli khurd | J15: Adampur | K15: 8 | L15: 5DB | M15: +1.5M To 9M | N15: 5 | S15: 1 | T15: =SUM(O15:S15) -> 1
A16: 11 | B16: 8 | C16: 28/2 | D16: DA+3 | E16: Sandy | F16: 09.05.2025 | G16: 11.05.2025 | H16: Template | I16: Neoli khurd | J16: Adampur | K16: Total | O16: =SUM(O8:O15) -> 30 | P16: =SUM(P8:P15) -> 3 | Q16: =SUM(Q8:Q15) -> 13 | R16: =SUM(R8:R15) -> 4 | S16: =SUM(S8:S15) -> 21 | T16: =SUM(T8:T15) -> 71
A17: 12 | B17: 9 | C17: 3/5 | D17: DA+3 | E17: Sandy | F17: 16.05.2025 | G17: 20.05.2025 | H17: Prop | I17: Gaindwas | J17: Siwani
A18: 13 | B18: 10 | C18: 3/6 | D18: DA+0 | E18: Sandy | F18: 20.05.2025 | G18: 24.05.2025 | H18: Prop | I18: Gaindwas | J18: Siwani
A19: 14 | B19: 11 | C19: 3/10 | D19: DA+3 | E19: Sandy | F19: 24.05.2025 | G19: 27.05.2025 | H19: Prop | I19: Siwani | J19: Siwani
A20: 45809
A21: 15 | B21: 1 | C21: 21/7 | D21: DA+3 | E21: WET | F21: 30.05.2025 | G21: 02.06.2025 | H21: Template | I21: Shahpur | J21: Hisar
A22: 16 | B22: 2 | C22: 21/6 | D22: DA+0 | E22: PS | F22: 30.05.2025 | G22: 05.06.2025 | H22: Prop | I22: Hindwan | J22: Hisar
A23: 17 | B23: 3 | C23: 23/1 | D23: DA-1.5 | E23: WET | F23: 03.06.2025 | G23: 07.06.2025 | H23: Prop | I23: Shahpur | J23: Hisar
A24: 18 | B24: 4 | C24: 23/3 | D24: DA+6 | E24: WET | F24: 05.06.2025 | G24: 09.06.2025 | H24: Prop | I24: Shahpur | J24: Hisar
A25: 19 | B25: 5 | C25: 23/2 | D25: DA+0 | E25: WET | F25: 07.06.2025 | G25: 11.06.2025 | H25: Prop | I25: Shahpur | J25: Hisar
A26: 20 | B26: 6 | C26: 23/4 | D26: DA+0 | E26: WET | F26: 11.06.2025 | G26: 15.06.2025 | H26: Prop | I26: Shahpur | J26: Hisar
A27: 21 | B27: 7 | C27: 56/1 | D27: 5DA+3 | E27: Dry | F27: 21.06.2025 | G27: 28.06.2025 | H27: Prop | I27: Pabra | J27: Uklana
A28: 45839
A29: 22 | B29: 1 | C29: 14/4 | D29: DA+3 | E29: Sandy | F29: 20.06.2025 | G29: 01.07.2025 | H29: Prop | I29: Panihari Chak | J29: Hisar
A30: 23 | B30: 2 | C30: 26/1 | D30: DA+0 | E30: Wet Paddy | F30: 28.06.2025 | G30: 03.07.2025 | H30: Prop | I30: Mattarsham | J30: Hisar
A31: 24 | B31: 3 | C31: 56/2 | D31: 5DA+6 | E31: DRY | F31: 02.07.2025 | G31: 05.07.2025 | H31: Prop | I31: Pabra | J31: Uklana
A32: 25 | B32: 4 | C32: 14/3 | D32: DA+3 | E32: Sandy | F32: 02.07.2025 | G32: 07.07.2025 | H32: Prop | I32: Panihari Chak | J32: Hisar
A33: 26 | B33: 5 | C33: 56/4 | D33: 5DA+9 | E33: Dry | F33: 05.07.2025 | G33: 10.07.2025 | H33: Prop | I33: Chamar khera | J33: Uklana
A34: 27 | B34: 6 | C34: 14/2 | D34: DA+6 | E34: Sandy | F34: 07.07.2025 | G34: 45851 | H34: Prop | I34: Chaudhriwas | J34: Hisar
A35: 28 | B35: 7 | C35: 56/0 | D35: 5DB1+6 | E35: Dry | F35: 12.07.2026 | G35: 45853 | H35: Prop | I35: Pabra | J35: Uklana
A36: 29 | B36: 8 | C36: 55/5 | D36: 5DA+6 | E36: Dry | F36: 45854 | G36: 20.07.2025 | H36: Prop | I36: Pabra | J36: Uklana
A37: 30 | B37: 9 | C37: 15B/4 | D37: DA+6 | E37: Dry | F37: 15.07.2025 | G37: 21.07.2025 | H37: Prop | I37: Rawalwas kalan | J37: Balsamand
A38: 31 | B38: 10 | C38: 55/0 | D38: 5DB2+3 | E38: Dry | F38: 20-07.2025 | G38: 24.07.2025 | H38: Prop | I38: Pabra | J38: Uklana
A39: 32 | B39: 11 | C39: 55/6 | D39: 5DA+3 | E39: Dry | F39: 45862 | G39: 28.07.2025 | H39: Prop | I39: Pabra | J39: Uklana
A40: Aug'25
A41: 33 | B41: 1 | C41: 54/6 | D41: 5DA+0 | E41: Wet | F41: 21.07.2025 | G41: 9.08.2025 | H41: Prop | I41: Pabra | J41: Uklana
A42: 34 | B42: 2 | C42: 36/3 | D42: 5DA+0 | E42: Dry | F42: 45864 | G42: 20.08.2025 | H42: Prop | I42: Landhari sukh nambran | J42: Hisar
A43: 35 | B43: 3 | C43: 56/3 | D43: 5DA+3 | E43: Dry | F43: 45888 | G43: 24.08.2025 | H43: Prop | I43: Pabra | J43: Uklana
A44: Sept'25
A45: 36 | B45: 1 | C45: 36/4 | D45: 5DA-3 | E45: Dry | F45: 21.08.2025 | G45: 01.09.2025 | H45: Prop | I45: Landhari sukh nambran | J45: Hisar
A46: 37 | B46: 2 | C46: 30/0 | D46: DB2+0 | E46: Dry | F46: 10.09.2025 | G46: 19.09.2025 | H46: Prop | I46: Kaijlan | J46: Adampur
A47: 38 | B47: 3 | C47: 29/0 | D47: DC1+0 | E47: DRY | F47: 19.08.2025 | G47: 24.09.2025 | H47: Prop | I47: Inchha kharkheri | J47: Adampur
A48: Nov'25
A49: 39 | B49: 1 | C49: 54/3 | D49: 5DA+3 | E49: WET | F49: 24.10.2025 | G49: 11.11.2025 | H49: Prop | I49: Nehla | J49: Bhuna
A50: 40 | B50: 2 | C50: 54/7 | D50: 5DA+6 | E50: WET | F50: 14.11.2025 | G50: 23.11.2025 | H50: Prop | I50: Pabra | J50: Uklana
A51: 41 | C51: 55/3 | E51: WET | F51: 03.11.2025
A52: Dec'25
A53: 41 | B53: 1 | C53: 51/4 | D53: 5DA+6 | E53: DRY | F53: 30.11.2025 | G53: 05.12.2025 | H53: Prop | I53: Nehla | J53: Bhuna
A54: 42 | B54: 2 | C54: 51/2 | D54: 5DA+3 | E54: DRY | F54: 06.12.2025 | G54: 09.12.2025 | H54: Prop | I54: Pabra | J54: Uklana
A55: 43 | B55: 3 | C55: 54/5 | D55: 5DA+0 | E55: WET | F55: 21.08.2025 | G55: 15.12.2025 | H55: Prop | I55: Pabra | J55: Uklana
A56: 44 | B56: 4 | C56: 52/4 | D56: 5DA+0 | E56: DRY | F56: 14.12.2025 | G56: 18.12.2025 | H56: Prop | I56: Nehla | J56: Bhuna
A57: 45 | B57: 5 | C57: 51/5 | D57: 5DA+6 | E57: DRY | F57: 19.12.2025 | G57: 23.12.2025 | H57: Prop | I57: Nehla | J57: Bhuna
A58: Feb'26
A59: 46 | B59: 1 | C59: 54/8 | D59: 5DA+3 | E59: PS | F59: 24.01.2026 | G59: 46068 | H59: Prop | I59: Pabra | J59: Uklana
A60: 47 | B60: 2 | C60: 52/3 | D60: 5DA+0 | E60: Wet Paddy | F60: 46070 | G60: 46078 | H60: Prop | I60: Nehla | J60: Bhuna
A61: March'26
A62: 48 | B62: 1 | C62: 55/1 | D62: 5DA+9 | E62: PS | F62: 46080 | G62: 46088 | H62: Prop | I62: Pabra | J62: Uklana
A63: April'26
A64: 49 | B64: 1 | C64: 55/2 | D64: 5DA+3 | E64: WET | F64: 46109 | G64: 46123 | H64: Prop | I64: Pabra | J64: Uklana
A65: May'26
A66: 50 | B66: 1 | C66: 52/2 | D66: 5DA+0 | E66: Wet Paddy | F66: 46134 | G66: 46145 | H66: Prop | I66: Nehla | J66: Bhuna
A67: 51 | B67: 2 | C67: 55/4 | D67: 5DA+3 | E67: WET | F67: 46139 | G67: 46146 | H67: Prop | I67: Nehla | J67: Bhuna
A68: 52 | B68: 3 | C68: 52/0 | D68: 5DB1+3 | E68: Wet Paddy | F68: 46136 | G68: 46147 | H68: Prop | I68: Nehla | J68: Bhuna
A69: 53 | B69: 4 | C69: 52/1 | D69: 5DA+0 | E69: Wet Paddy | F69: 46146 | G69: 46152 | H69: Prop | I69: Nehla | J69: Bhuna
A70: 54 | B70: 5 | C70: 52/5 | D70: 5DA+0 | E70: Wet | F70: 45782 | G70: 46153 | H70: Prop | I70: Nehla | J70: Bhuna
A71: 55 | B71: 6 | C71: 55/3 | D71: 5DA+0 | E71: Wet | F71: 45783 | G71: 46157 | H71: Prop | I71: Pabra | J71: Uklana
A72: 56 | B72: 7 | C72: 64/2 | D72: 5DA+0 | E72: Wet Paddy | F72: 45788 | G72: 46158 | H72: Prop | I72: Saniana | J72: Tohana
A73: 57 | B73: 8 | C73: 64/5 | D73: 5DA+3 | E73: Wet Paddy | F73: 45788 | G73: 46161 | H73: Prop | I73: Saniana | J73: Tohana
A74: 58 | B74: 9 | C74: 55/7 | D74: 5DA+9 | E74: Wet | F74: 45788 | G74: 45797 | H74: Prop | I74: Pabra | J74: Uklana
A75: 59 | B75: 10 | C75: 64/3 | D75: 5DA+0 | E75: Wet Paddy | F75: =G73 -> 46161 | G75: 46163 | H75: Prop | I75: Saniana | J75: Tohana
A76: 60 | B76: 11 | C76: 51/3 | D76: 5DA+0 | E76: Wet Paddy | F76: 46162 | G76: 46165 | H76: Prop | I76: Nehla | J76: Bhuna
A77: 61 | B77: 12 | C77: 64/4 | D77: 5DA+3 | E77: Wet Paddy | F77: 46163 | G77: 46167 | H77: Prop | I77: Saniana | J77: Tohana
A78: 62 | B78: 13 | C78: 64/6 | D78: 5DA+3 | E78: Wet Paddy | F78: 46166 | G78: 46171 | H78: Prop | I78: Saniana | J78: Tohana
A79: 63 | B79: 14 | C79: 74/9 | D79: 5DA+0 | E79: Wet Paddy | F79: 46161 | G79: 46172 | H79: Prop | I79: Laloda | J79: Tohaana
A80: 64 | B80: 15 | C80: 61/2 | D80: 5DA+9 | E80: Wet Paddy | F80: 46165 | G80: 46172 | H80: Prop | I80: Saniana | J80: Tohana
A81: June'26
A82: 65 | B82: 1 | C82: 64/1 | D82: 5DA+6 | E82: Wet Paddy | F82: 46168 | G82: 46174 | H82: Prop | I82: Saniana | J82: Tohana
A83: 66 | B83: 2 | C83: 54/1 | D83: 5DA+0 | E83: Wet | F83: 46165 | G83: 46180 | H83: Prop | I83: Nehla | J83: Bhuna
A84: 67 | B84: 3 | C84: 74/8 | D84: 5DA+0 | E84: Wet Paddy | F84: 46174 | G84: 46180 | H84: Prop | I84: Laloda | J84: Tohaana
A85: 68 | B85: 4 | C85: 62/1 | D85: 5DA+9 | E85: Wet Paddy | F85: 46175 | G85: 46182 | H85: Prop | I85: Saniana | J85: Tohana
A86: 69 | B86: 5 | C86: 61/0 | D86: 5DB1+3 | E86: Wet Paddy | F86: 46179 | G86: 46187 | H86: Prop | I86: Saniana | J86: Tohana
A87: 70 | B87: 6 | C87: 74/7 | D87: 5DA+3 | E87: Wet Paddy | F87: 46180 | G87: 46187 | H87: Prop | I87: Laloda | J87: Tohaana
A88: 71 | B88: 7 | C88: 51/1 | D88: =VLOOKUP(C88,'TS SP '!$C$10:$D$808,2,0) -> 5DA+3 | E88: Wet Paddy | F88: 46180 | G88: 46190 | H88: Prop | I88: Kanoh | J88: Uklana
A89: 72 | B89: 8 | C89: 61/1 | D89: =VLOOKUP(C89,'TS SP '!$C$10:$D$808,2,0) -> 5DA+6 | E89: Wet Paddy | F89: 46186 | G89: 46191 | H89: Prop | I89: Saniana | J89: Tohana
A90: 73 | B90: 9 | C90: 51/0 | D90: =VLOOKUP(C90,'TS SP '!$C$10:$D$808,2,0) -> 5DB2+6 | E90: Wet Paddy | F90: 46191 | G90: 46198 | H90: Prop | I90: Kanoh | J90: Uklana
A91: 74 | B91: 10 | C91: 54/2 | D91: =VLOOKUP(C91,'TS SP '!$C$10:$D$808,2,0) -> 5DA+0 | E91: Wet | F91: 46177 | G91: 27-6-2026 | H91: Prop | I91: Nehla | J91: Bhuna
A92: 75 | C92: 62/0 | D92: =VLOOKUP(C92,'TS SP '!$C$10:$D$808,2,0) -> 5DB2+0 | E92: Wet Paddy | F92: 46172 | H92: Prop | I92: Saniana | J92: Tohana | W92: ROW-06-06-2026
A93: 76 | C93: 58/2 | D93: =VLOOKUP(C93,'TS SP '!$C$10:$D$808,2,0) -> 5DA+0 | E93: Wet Paddy | F93: 46192 | H93: Prop | I93: Chamar khera | J93: Uklana | W93: ROW
A94: 77 | C94: 46/1 | D94: =VLOOKUP(C94,'TS SP '!$C$10:$D$808,2,0) -> 5DA+6 | E94: Wet Paddy | F94: 29.06.2026

Sheet LS Physical
A1: M/S KEC International Limited
A2: 400 KV D/C Siwani To Fatehabad & Siwani-Patran TL
A3: Tower Base Measurement | K3: =COUNTA(K5:K1048576) -> 43
A4: S.NO | B4: Line | C4: Date of Measurement | D4: Location | E4: Type of Tower | F4: District | G4: Tehsil | H4: Village | I4: KEC representatives | J4: PGCIL Representatives | K4: Remarks
A5: 1 | B5: SP Line | C5: 19.06.2026 | D5: 37/1 | E5: =VLOOKUP(D5,[294]SP!$B$4:$I$402,2,0) -> 5DA+0 | F5: =VLOOKUP(D5,[294]SP!$B$4:$I$402,6,0) -> Hisar | G5: =VLOOKUP(D5,[294]SP!$B$4:$I$402,7,0) -> Hisar | H5: =VLOOKUP(D5,[294]SP!$B$4:$I$402,8,0) -> Landhari sukh nambran | I5: Mr.Debashish Sarkar | J5: Mr.Jai Shankar | K5: Compl
A6: 2 | B6: SP Line | C6: 19.06.2026 | D6: 39/0 | E6: 5DC2+9 | F6: Hisar | G6: Hisar | H6: Landhari sukh nambran | I6: Mr.Debashish Sarkar | J6: Mr.Jai Shankar | K6: Compl
A7: 3 | B7: SP Line | C7: 20.06.2026 | D7: 36/1 | E7: 5DA+3 | F7: Hisar | G7: Hisar | H7: Landhari sukh nambran | I7: Mr.Ujjjwal Ghosh | J7: Mr.Jai Shankar | K7: Compl
A8: 4 | B8: SP Line | C8: 20.06.2026 | D8: 36/4 | E8: 5DA-3 | F8: Hisar | G8: Hisar | H8: Landhari sukh nambran | I8: Mr.Ujjjwal Ghosh | J8: Mr.Jai Shankar | K8: Compl
A9: 5 | B9: SP Line | C9: 20.06.2026 | D9: 36/5 | E9: 5DA+6 | F9: Hisar | G9: Hisar | H9: Landhari sukh nambran | I9: Mr.Ujjjwal Ghosh | J9: Mr.Jai Shankar | K9: Compl
A10: 6 | B10: SP Line | C10: 22.06.2026 | D10: 39/1 | E10: 5DA+3 | F10: Hisar | G10: Hisar | H10: Nangthala | I10: Mr.Ujjjwal Ghosh | K10: Marking done
A11: 7 | B11: SP Line | C11: 22.06.2026 | D11: 39/2 | E11: 5DA+3 | F11: Hisar | G11: Hisar | H11: Nangthala | I11: Mr.Ujjjwal Ghosh | K11: Marking done
A12: 8 | B12: SP Line | C12: 23.06.2026 | D12: 45/0 | E12: 5DD60+0 | F12: Hisar | G12: Hisar | H12: Nangthala | I12: Mr.Ujjjwal Ghosh | J12: Mr.Jai Shankar | K12: Compl
A13: 9 | B13: SP Line | C13: 23.06.2026 | D13: 45/1 | E13: 5DA+6 | F13: Hisar | G13: Hisar | H13: Nangthala | I13: Mr.Ujjjwal Ghosh | J13: Mr.Jai Shankar | K13: Compl
A14: 10 | B14: SP Line | C14: 26.06.2026 | D14: 44/2 | E14: 5DA+6 | F14: Hisar | G14: Hisar | H14: Nangthala | I14: Mr.Ujjjwal Ghosh | J14: Mr.Jai Shankar | K14: Compl
A15: 11 | B15: SP Line | C15: 27.06.2026 | D15: 29/3 | E15: DA+3 | F15: Hisar | G15: Adampur | H15: Inchha kharkheri | I15: Mr.Debashish Sarkar | J15: Mr.Jai Shankar | K15: Compl
A16: 12 | B16: SP Line | C16: 27.06.2026 | D16: 29/2 | E16: DA+9 | F16: Hisar | G16: Adampur | H16: Inchha kharkheri | I16: Mr.Debashish Sarkar | J16: Mr.Jai Shankar | K16: Compl
A17: 13 | B17: SP Line | C17: 27.06.2026 | D17: 44/0 | E17: 5DD45+0 | F17: Hisar | G17: Hisar | H17: Nangthala | I17: Mr.Ujjjwal Ghosh | J17: Mr.Jai Shankar | K17: Compl
A18: 14 | B18: SP Line | C18: 27.06.2026 | D18: 46/0 | E18: 5DD45+6 | F18: Hisar | G18: Hisar | H18: Nangthala | I18: Mr.Ujjjwal Ghosh | J18: Mr.Jai Shankar | K18: Compl
A19: 15 | B19: SP Line | C19: 27.06.2026 | D19: 47/1 | E19: 5DA+9 | F19: Hisar | G19: Hisar | H19: Nangthala | I19: Mr.Ujjjwal Ghosh | J19: Mr.Jai Shankar | K19: Compl
A20: 16 | B20: SF Line | C20: 29.06.2026 | D20: 28/0 | E20: DC1-3 | F20: Hisar | G20: Adampur | H20: Ashrawan | I20: Mr.Lavkush | J20: Mr.Deepak kumar | K20: Compl
A21: 17 | B21: SF Line | C21: 29.06.2026 | D21: 28/1 | E21: DA+9 | F21: Hisar | G21: Adampur | H21: Ashrawan | I21: Mr.Lavkush | J21: Mr.Deepak kumar | K21: Compl
A22: 18 | B22: SF Line | C22: 29.06.2026 | D22: 30/0 | E22: DC1+6 | F22: Hisar | G22: Adampur | H22: Ashrawan | I22: Mr.Lavkush | J22: Mr.Deepak kumar | K22: Compl
A23: 19 | B23: SF Line | C23: 29.06.2026 | D23: 31/1 | E23: DA+0 | F23: Hisar | G23: Adampur | H23: Kaliravan | I23: Mr.Lavkush | J23: Mr.Deepak kumar | K23: Compl
... A25: 21 | B25: SF Line | C25: 29.06.2026 | D25: 32B/1 | E25: DA+3 | F25: Hisar | G25: Adampur | H25: Kaliravan | I25: Mr.Lavkush | J25: Mr.Deepak kumar | K25: Compl
A26: 22 | B26: SP Line | C26: 29.06.2026 | D26: 56/1 | E26: 5DA+3 | F26: Hisar | G26: Uklana | H26: Pabra | I26: Mr.Piyush | K26: Compl | L26: Client not available
A27: 23 | B27: SP Line | C27: 29.06.2026 | D27: 55/3 | E27: 5DA+0 | F27: Hisar | G27: Uklana | H27: Pabra | I27: Mr.Piyush | K27: Compl | L27: Client not available
A28: 24 | B28: SP Line | C28: 29.06.2026 | D28: 55/5 | E28: 5DA+6 | F28: Hisar | G28: Uklana | H28: Pabra | I28: Mr.Piyush | K28: Compl | L28: Client not available
A29: 25 | B29: SP Line | D29: 42/0 | E29: 5DC2+6 | F29: Hisar | G29: Hisar | H29: Nangthala | I29: Mr.Ujjjwal Ghosh | J29: Mr.Jai Shankar | K29: Compl
A30: 26 | B30: SP Line | D30: 43/0 | E30: 5DC1+0 | F30: Hisar | G30: Hisar | H30: Nangthala | I30: Mr.Ujjjwal Ghosh | J30: Mr.Jai Shankar | K30: Compl
A31: 27 | B31: SP Line | D31: 44/1 | E31: 5DA+0 | F31: Hisar | G31: Hisar | H31: Nangthala | I31: Mr.Ujjjwal Ghosh | J31: Mr.Jai Shankar | K31: Compl
A32: 28 | B32: SP Line | D32: 47/0 | E32: 5DC1+3 | F32: Hisar | G32: Hisar | H32: Nangthala | I32: Mr.Ujjjwal Ghosh | J32: Mr.Jai Shankar | K32: Compl
A33: 29 | B33: SP Line | D33: 51/3 | E33: 5DA+0 | F33: Fatehabad | G33: Bhuna | H33: Nehla | I33: Mr.Sushil kushwaha | J33: Mr.Rahul | K33: Compl
A34: 30 | B34: SP Line | D34: 51/4 | E34: 5DA+6 | F34: Fatehabad | G34: Bhuna | H34: Nehla | I34: Mr.Sushil kushwaha | J34: Mr.Rahul | K34: Compl
A35: 31 | B35: SP Line | D35: 51/5 | E35: 5DA+6 | F35: Fatehabad | G35: Bhuna | H35: Nehla | I35: Mr.Sushil kushwaha | J35: Mr.Rahul | K35: Compl
A36: 32 | B36: SP Line | D36: 52/0 | E36: 5DB1+3 | F36: Fatehabad | G36: Bhuna | H36: Nehla | I36: Mr.Sushil kushwaha | J36: Mr.Rahul | K36: Compl
A37: 33 | B37: SP Line | D37: 52/1 | E37: 5DA+0 | F37: Fatehabad | G37: Bhuna | H37: Nehla | I37: Mr.Sushil kushwaha | J37: Mr.Rahul | K37: Compl
A38: 34 | B38: SP Line | D38: 52/2 | E38: 5DA+0 | F38: Fatehabad | G38: Bhuna | H38: Nehla | I38: Mr.Sushil kushwaha | J38: Mr.Rahul | K38: Compl
A39: 35 | B39: SP Line | D39: 52/3 | E39: 5DA+0 | F39: Fatehabad | G39: Bhuna | H39: Nehla | I39: Mr.Sushil kushwaha | J39: Mr.Rahul | K39: Compl
A40: 36 | B40: SP Line | D40: 52/4 | E40: 5DA+0 | F40: Fatehabad | G40: Bhuna | H40: Nehla | I40: Mr.Sushil kushwaha | J40: Mr.Rahul | K40: Compl
... A47: 43 | B47: SP Line | D47: 54/8 | E47: 5DA+3 | F47: Hisar | G47: Uklana | H47: Pabra | I47: Mr.Piyush | J47: Mr.Chaman | K47: Compl

Sheet FDN S-F
A1: KEC International Limited
A2: 400 KV D/C (Quad) Siwani-Fatehabad TL
A3: Details of Foundations
A5: CUMM. SR.NO | B5: MONTH SR.NO. | C5: Location No. | D5: Type of Tower | E5: Type of Classification | F5: Starting Date | G5: Completion Date | H5: Remarks | I5: Village | J5: Tehsil
A6: 1 | B6: 1 | C6: 25/1 | D6: DA+1.5 | E6: WET | F6: 22.03.2025 | G6: 28.03.2025 | H6: Prop | I6: Kaijlan | J6: Adampur
A7: 45748
A8: 2 | B8: 1 | C8: 25/2 | D8: DA+0 | E8: WET | F8: 25.03.2025 | G8: 01.04.2025 | H8: Prop | I8: Ashrawan | J8: Adampur
A9: 3 | B9: 2 | C9: 24/2 | D9: DA+0 | E9: WET | F9: 30.03.2025 | G9: 04.04.2025 | H9: Prop | I9: Mallapur | J9: Adampur
A10: 4 | B10: 3 | C10: 24/1 | D10: DA+0 | E10: WET | F10: 02.04.2025 | G10: 07.04.2025 | H10: Prop | I10: Mallapur | J10: Adampur
A11: 5 | B11: 4 | C11: 26/2 | D11: DA+6 | E11: WET | F11: 04.04.2025 | G11: 12.04.2025 | H11: Prop | I11: Ashrawan | J11: Adampur
A12: 6 | B12: 5 | C12: 30/2 | D12: DA-3 | E12: WET | F12: 09.04.2025 | G12: 12.04.2025 | H12: Prop | I12: Kaliravan | J12: Adampur
A13: 7 | B13: 6 | C13: 23/6 | D13: DA-1.5 | E13: WET | F13: 12.04.2025 | G13: 14.04.2025 | H13: Prop | I13: Mallapur | J13: Adampur
A14: 8 | B14: 7 | C14: 23/5 | D14: DA+6 | E14: WET | F14: 14.04.2025 | G14: 16.04.2025 | H14: Prop | I14: Mallapur | J14: Adampur
A15: 9 | B15: 8 | C15: 31/1 | D15: DA+0 | E15: WET | F15: 14.04.2025 | G15: 17.04.2025 | H15: Prop | I15: Kaliravan | J15: Adampur
A16: 10 | B16: 9 | C16: 37/1 | D16: DA+0 | E16: PS | F16: 17.04.2025 | G16: 24.04.2025 | H16: Prop | I16: Khasa mahajan | J16: Adampur
A17: 11 | B17: 10 | C17: 31/2 | D17: DA+0 | E17: WET | F17: 23.04.2025 | G17: 30.04.2025 | H17: Prop | I17: Kaliravan | J17: Adampur
A18: 12 | B18: 11 | C18: 24/3 | D18: DA+0 | E18: Sandy | F18: 26.04.2025 | G18: 29.04.2025 | H18: Prop | I18: Kaijlan | J18: Adampur
A19: 45778
A20: 13 | B20: 1 | C20: 24/4 | D20: DA+1.5 | E20: Sandy | F20: 16.05.2025 | G20: 17.05.2025 | H20: Template | I20: Kaijlan | J20: Adampur
A21: 14 | B21: 2 | C21: 23/3 | D21: DA+0 | E21: WET | F21: 21.05.2025 | G21: 24.05.2025 | H21: Template | I21: Neoli Khurd | J21: Adampur
A22: 15 | B22: 3 | C22: 32B/1 | D22: DA+3 | E22: WET | F22: 25.05.2025 | G22: 28.05.2025 | H22: Template | I22: Kaliravan | J22: Adampur
A23: 45809
A24: 16 | B24: 1 | C24: 18/4 | D24: DA-1.5 | E24: Sandy | F24: 20.06.2025 | G24: 28.06.2025 | H24: Template | I24: Mattarsham | J24: Hisar
A25: Sept'25
A26: 17 | B26: 1 | C26: 27/0 | D26: DC1+0 | E26: DRY | F26: 10.09.2025 | G26: 14.09.2025 | H26: Prop | I26: Ashrawan | J26: Adampur
A27: 18 | B27: 2 | C27: 26/0 | D27: DC1+0 | E27: DRY | F27: 13.09.2025 | G27: 18.09.2025 | H27: Prop | I27: Ashrawan | J27: Adampur
A28: 19 | B28: 3 | C28: 25/0 | D28: DB2+0 | E28: DRY | F28: 15.09.2025 | G28: 20.09.2025 | H28: Prop | I28: Kaijlan | J28: Adampur
A29: 20 | B29: 4 | C29: 24/0 | D29: DB1+0 | E29: WET Paddy | F29: 19.09.2025 | G29: 24.09.2025 | H29: Prop | I29: Mallapur | J29: Adampur
A30: 45931
A31: 21 | B31: 1 | C31: 19/0 | D31: DC2+3 | E31: Wet | F31: 25.09.2025 | G31: 01.10.2025 | H31: Prop | I31: Mattarsham | J31: Hisar
A32: 22 | B32: 2 | C32: 28/0 | D32: DC1-3 | E32: Dry | F32: 30.09.2025 | G32: 05.10.2025 | H32: Prop | I32: Ashrawan | J32: Adampur
A33: 23 | B33: 3 | C33: 18/0 | D33: DB1+0 | E33: DRY | F33: 04.10.2025 | G33: 06.10.2025 | H33: Prop | I33: Mattarsham | J33: Hisar
A34: 45778
A35: 24 | B35: 1 | C35: 30/0 | D35: DC1+6 | E35: WET Paddy | F35: 04.05.2026 | G35: 17.05.2026 | H35: Prop | I35: Ashrawan | J35: Adampur
A36: 25 | B36: 2 | C36: 28/1 | D36: DA+9 | E36: DRY | F36: =G35 -> 17.05.2026 | G36: 22.05.2026 | H36: Prop | I36: Ashrawan | J36: Adampur
A37: 45809
A38: 26 | B38: 1 | C38: 55/1 | D38: 5DA-3 | E38: DRY | F38: 28.05.2026 | G38: 09.06.2026 | H38: Prop | I38: Dhangar | J38: Fatehabad

Sheet Total Supply
A1: SUPPLY STATUS SUMMARY (Siwani-Patran TL & Siwani-Fatehabad TL
A2: Sl. No. | B2: Description | C2: UOM | D2: Latest Estimate | F2: Final LE | G2: L2 Sch till March''26 | H2: Receipt Material | K2: Reciept Qty | L2: Balance to reciept | M2: Remarks
D3: SF | E3: SP | H3: SF | I3: SP(Haryana) | J3: SP(Punjab)
A4: I | B4: SUPPLY
A5: 1 | B5: Stubs | C5: Sets | D5: =[294]T.Abstract!B54+[294]T.Abstract!D54 -> 220 | E5: 399 | F5: =D5+E5 -> 619 | G5: =210+387 -> 597 | H5: =SUM(H6:H7) -> 191 | I5: =SUM(I6:I7) -> 284 | J5: =SUM(J6:J7) -> 56 | K5: =SUM(H5:J5) -> 531 | L5: =F5-K5 -> 88
B6: Wind zone -04 -Stub | C6: Sets | D6: 173 | E6: 152 | F6: =D6+E6 -> 325 | H6: 155 | I6: 127 | K6: =H6+I6+J6 -> 282 | L6: =F6-K6 -> 43 | M6: Supply Underprogress
B7: Wind Zone -05-Stub | C7: Sets | D7: 47 | E7: 247 | F7: =D7+E7 -> 294 | H7: 36 | I7: 157 | J7: =J47 -> 56 | K7: =H7+I7+J7 -> 249 | L7: =F7-K7 -> 45
A8: 2 | B8: Towers | C8: Nos | D8: 220 | E8: 399 | F8: =D8+E8 -> 619 | G8: =180+310 -> 490 | H8: =H96+H146 -> 176 | I8: =I96+I146 -> 246 | J8: =J96+J146 -> 61 | K8: =SUM(H8:J8) -> 483 | L8: =F8-K8 -> 136
B9: Wind zone -04 -Tower | C9: Sets | D9: 173 | E9: 152 | F9: 325 | H9: =H96 -> 148 | I9: =I96 -> 124 | J9: =J96 -> 0 | K9: =SUM(H9:J9) -> 272 | L9: =F9-K9 -> 53
B10: Wind Zone -05-Tower | C10: Sets | D10: 47 | E10: 247 | F10: 294 | H10: =H146 -> 28 | I10: =I146 -> 122 | J10: =J146 -> 61 | K10: =SUM(H10:J10) -> 211 | L10: =F10-K10 -> 83
A11: 3 | B11: Conductor | C11: KM | D11: 1908 | E11: 3495 | F11: =D11+E11 -> 5403 | G11: =1600+2200 -> 3800 | H11: 1908 | I11: =4657.124-1908 -> 2749.124 | J11: 744.749 | K11: =H11+I11+J11 -> 5401.873 | L11: =F11-K11 -> 1.127
A12: 4 | B12: Conductor Accessories H/W | C12: % | D12: 1 | E12: 1 | F12: 1 | G12: 0.7 | H12: 0.85 | I12: 0.85 | K12: 0.85 | L12: =F12-K12 -> 0.15
A13: 5 | B13: Earthwire | C13: KM | D13: 80 | E13: 150 | F13: =D13+E13 -> 230 | G13: =56+105 -> 161 | H13: 56 | I13: 105 | K13: =SUM(H13:I13) -> 161 | L13: =F13-K13 -> 69
A14: 6 | B14: Earthwire Acessories for 7/3.66mm | C14: % | D14: 1 | E14: 1 | F14: 1 | G14: 0.7 | H14: 0.85 | I14: 0.85 | K14: 0.85 | L14: =F14-K14 -> 0.15
A15: 7 | B15: Insulator (120 KN) | C15: Nos | D15: 1776 | E15: 3242 | F15: =D15+E15 -> 5018 | G15: =1240+2756 -> 3996 | H15: 600 | I15: 1300 | K15: =SUM(H15:I15) -> 1900 | L15: =F15-K15 -> 3118 | M15: Supply U/P
A16: 8 | B16: Insulator (160 KN) | C16: Nos | D16: 3648 | E16: 6624 | F16: =D16+E16 -> 10272 | G16: =2600+5400 -> 8000 | H16: 2400 | I16: 4500 | K16: =SUM(H16:I16) -> 6900 | L16: =F16-K16 -> 3372
A17: 9 | B17: OPGW drums | C17: KM | D17: 83 | E17: 151.78 | F17: =D17+E17 -> 234.78 | G17: =42+(E17/2) -> 117.89 | H17: 0 | I17: 0 | K17: =SUM(H17:I17) -> 0 | L17: =F17-K17 -> 234.78
A18: 10 | B18: OPGW H/W fittings | C18: % | D18: 1 | E18: 1 | F18: 1 | G18: =50 -> 50 | H18: 0 | I18: 0 | K18: =SUM(H18:I18) -> 0 | L18: =F18-K18 -> 1
A21: I | B21: SUPPLY
A22: 1 i) | B22: Stubs | C22: Nos
A23: 1 | B23: Tower type "DA" | C23: Sets | D23: 124 | E23: 111 | F23: =SUM(D23,E23) -> 235 | G23: =210+387 -> 597 | H23: 114 | I23: =88+8 -> 96 | K23: =SUM(H23:J23) -> 210 | L23: =F23-K23 -> 25
A24: 2 | B24: Tower type "DB1 & DB2" upto 9 Mtr | C24: Sets | D24: 19 | E24: 17 | F24: =SUM(D24,E24) -> 36 | H24: 18 | I24: 17 | K24: =SUM(H24:J24) -> 35 | L24: =F24-K24 -> 1
A25: 3 | B25: Tower type "DB1+18M | C25: Sets | D25: 1 | E25: 0 | F25: =SUM(D25,E25) -> 1 | H25: 1 | K25: =SUM(H25:J25) -> 1 | L25: =F25-K25 -> 0
A26: 5 | B26: Tower type "DC1& DC2" upto 9 Mtr | C26: Sets | D26: 18 | E26: 12 | F26: =SUM(D26,E26) -> 30 | H26: 17 | I26: 10 | K26: =SUM(H26:J26) -> 27 | L26: =F26-K26 -> 3
A27: 7 | B27: Tower type "DC2+18M" | C27: Sets | D27: 0 | E27: 0 | F27: =SUM(D27,E27) -> 0 | K27: =SUM(H27:J27) -> 0 | L27: =F27-K27 -> 0
A28: 8 | B28: Tower type "DD45" upto 9 Mtr | C28: Sets | D28: 3 | E28: 1 | F28: =SUM(D28,E28) -> 4 | H28: 4 | I28: 2 | K28: =SUM(H28:J28) -> 6 | L28: =F28-K28 -> -2
A29: 9 | B29: Tower type "DD60" upto 9 Mtr | C29: Sets | D29: 8 | E29: 9 | F29: =SUM(D29,E29) -> 17 | H29: 2 | I29: 3 | K29: =SUM(H29:J29) -> 5 | L29: =F29-K29 -> 12
A30: 10 | B30: Tower type "DD60" for +18 & +25M Extn | C30: Sets | E30: 2 | F30: =SUM(D30,E30) -> 2 | K30: =SUM(H30:J30) -> 0 | L30: =F30-K30 -> 2
A31: 11 | B31: Tower type "DD60" for +30 & +35M Extn | C31: Sets | E31: 0 | F31: =SUM(D31,E31) -> 0 | K31: =SUM(H31:J31) -> 0 | L31: =F31-K31 -> 0
K32: =SUM(H32:J32) -> 0
A33: 12 | B33: Tower type "5DA" | C33: Sets | D33: 20 | E33: 158 | F33: =SUM(D33,E33) -> 178 | H33: 20 | I33: =88+50-28 -> 110 | J33: =12+28 -> 40 | K33: =SUM(H33:J33) -> 170 | L33: =F33-K33 -> 8 | M33: =E33-I33 -> 48
A34: 13 | B34: Tower type "5DB1 & 5DB2" upto 9 Mtr | C34: Sets | D34: 8 | E34: 32 | F34: =SUM(D34,E34) -> 40 | H34: 7 | I34: 23 | J34: 9 | K34: =SUM(H34:J34) -> 39 | L34: =F34-K34 -> 1
A35: 14 | B35: Tower type "5DB1+18M & 25M | C35: Sets | D35: 0 | E35: 6 | F35: =SUM(D35,E35) -> 6 | K35: =SUM(H35:J35) -> 0 | L35: =F35-K35 -> 6
A36: 16 | B36: Tower type "5DC1& 5DC2" upto 9 Mtr | C36: Sets | D36: 6 | E36: 16 | F36: =SUM(D36,E36) -> 22 | H36: 5 | I36: 10 | J36: 5 | K36: =SUM(H36:J36) -> 20 | L36: =F36-K36 -> 2
A37: 18 | B37: Tower type "5DC2+18M" | C37: Sets | D37: 0 | E37: 3 | F37: =SUM(D37,E37) -> 3 | K37: =SUM(H37:J37) -> 0 | L37: =F37-K37 -> 3
A38: 19 | B38: Tower type "5DD45" upto 9 Mtr | C38: Sets | D38: 7 | E38: 8 | F38: =SUM(D38,E38) -> 15 | H38: 1 | I38: 4 | J38: 2 | K38: =SUM(H38:J38) -> 7 | L38: =F38-K38 -> 8
B39: Tower type "5DD45" FOR 18 Mtr | C39: Sets | D39: 3 | E39: 2 | F39: =SUM(D39,E39) -> 5 | K39: =SUM(H39:J39) -> 0 | L39: =F39-K39 -> 5
A40: 20 | B40: Tower type "5DD60" upto 9 Mtr | C40: Sets | D40: 3 | E40: 8 | F40: =SUM(D40,E40) -> 11 | H40: 3 | I40: 10 | K40: =SUM(H40:J40) -> 13 | L40: =F40-K40 -> -2
A41: 21 | B41: Tower type "5DD60" for +18 & +25M Extn | C41: Sets | D41: 0 | E41: 8 | F41: =SUM(D41,E41) -> 8 | K41: =SUM(H41:J41) -> 0 | L41: =F41-K41 -> 8
A42: 22 | B42: Tower type "DD60" for +30 & +35M Extn | C42: Sets | D42: 0 | E42: 2 | F42: =SUM(D42,E42) -> 2 | K42: =SUM(H42:J42) -> 0 | L42: =F42-K42 -> 2
A43: 23 | B43: DDH | C43: Sets | E43: 2 | F43: =SUM(D43,E43) -> 2 | K43: =SUM(H43:J43) -> 0 | L43: =F43-K43 -> 2
K44: =SUM(H44:J44) -> 0 | L44: =F44-K44 -> 0
A45: 24 | B45: Tower type "5DD60+18"(1.5 M RC) | C45: Sets | E45: 1 | F45: =SUM(D45,E45) -> 1 | K45: =SUM(H45:J45) -> 0 | L45: =F45-K45 -> 1
A46: 25 | B46: Tower type "5DB2+9"(2 M RC) | C46: Sets | E46: 1 | F46: =SUM(D46,E46) -> 1 | K46: =SUM(H46:I46) -> 0 | L46: =F46-K46 -> 1
D47: =SUM(D23:D45) -> 220 | E47: =SUM(E23:E46) -> 399 | F47: =SUM(F23:F46) -> 619 | H47: =SUM(H23:H46) -> 192 | I47: =SUM(I23:I46) -> 285 | J47: =SUM(J23:J46) -> 56 | K47: =SUM(K23:K46) -> 533 | L47: =SUM(L23:L46) -> 86
A48: 2 i) | B48: Towers
A49: 1 | B49: DA
B50: DA Basic | C50: SET | D50: =D52+D54+D56+D55+D51 -> 124 | E50: =E52+E54+E56+E55+E51 -> 111 | F50: =SUM(D50,E50) -> 235 | H50: =H54+H56+H55+H52+H51+H53 -> 114 | I50: =I54+I56+I55+I52+I51+I53 -> 96 | K50: =H50+I50+J50 -> 210 | L50: =F50-K50 -> 25
A51: i | B51: DA-1.5 | C51: SET | D51: 3 | E51: 1 | F51: =SUM(D51,E51) -> 4 | H51: 3 | I51: 1 | K51: =H51+I51+J51 -> 4 | L51: =F51-K51 -> 0
A52: ii | B52: DA-3 | C52: SET | D52: 8 | E52: 4 | F52: =SUM(D52,E52) -> 12 | H52: 8 | I52: 4 | K52: =H52+I52+J52 -> 12 | L52: =F52-K52 -> 0
B53: DA+0 Tower | H53: =73-H54 -> 47 | I53: =55-I54 -> 38 | K53: =H53+I53+J53 -> 85
A54: iii | B54: DA+0 Extenstion | C54: SET | D54: 82 | E54: 67 | F54: =SUM(D54,E54) -> 149 | H54: =H58+H57 -> 26 | I54: =I58+I57 -> 17 | K54: =H54+I54+J54 -> 43 | L54: =F54-K54 -> 106
A55: iv | B55: DA+1.5 | C55: SET | D55: 4 | E55: 1 | F55: =SUM(D55,E55) -> 5 | H55: 4 | I55: 0 | K55: =H55+I55+J55 -> 4 | L55: =F55-K55 -> 1
A56: v | B56: DA+3 | C56: SET | D56: 27 | E56: 38 | F56: =SUM(D56,E56) -> 65 | H56: 26 | I56: 36 | K56: =H56+I56+J56 -> 62 | L56: =F56-K56 -> 3
A57: vi | B57: DA+6 | C57: SET | D57: 22 | E57: 15 | F57: =SUM(D57,E57) -> 37 | H57: 18 | I57: 14 | K57: =H57+I57+J57 -> 32 | L57: =F57-K57 -> 5
A58: vii | B58: DA+9 | C58: SET | D58: 8 | E58: 5 | F58: =SUM(D58,E58) -> 13 | H58: 8 | I58: 3 | K58: =H58+I58+J58 -> 11 | L58: =F58-K58 -> 2
B59: DB1 & DB2
B60: Basic | C60: SET | D60: 20 | E60: 17 | F60: =SUM(D60,E60) -> 37 | H60: =H64+H65+H63 -> 16 | I60: =I64+I65+I63 -> 16 | K60: =H60+I60+J60 -> 32 | L60: =F60-K60 -> 5
A61: i | B61: DB-1.5 | C61: SET | D61: 0 | E61: 0 | F61: =SUM(D61,E61) -> 0 | K61: =H61+I61+J61 -> 0 | L61: =F61-K61 -> 0
A62: ii | B62: DB-3 | C62: SET | D62: 0 | E62: 1 | F62: =SUM(D62,E62) -> 1 | K62: =H62+I62+J62 -> 0 | L62: =F62-K62 -> 1
A63: iii | B63: DB+0 | C63: SET | D63: 16 | E63: 12 | F63: =SUM(D63,E63) -> 28 | H63: 12 | I63: 11 | K63: =H63+I63+J63 -> 23 | L63: =F63-K63 -> 5
B64: DB+0 Extension | I64: =I67 -> 1 | K64: =H64+I64+J64 -> 1
A65: iv | B65: DB+3 | C65: SET | D65: 4 | E65: 4 | F65: =SUM(D65,E65) -> 8 | H65: 4 | I65: 4 | K65: =H65+I65+J65 -> 8 | L65: =F65-K65 -> 0
A66: v | B66: DB+6 | C66: SET | D66: 0 | E66: 0 | F66: =SUM(D66,E66) -> 0 | K66: =H66+I66+J66 -> 0 | L66: =F66-K66 -> 0
A67: vi | B67: DB+9 | C67: SET | D67: 0 | E67: 2 | F67: =SUM(D67,E67) -> 2 | I67: 1 | K67: =H67+I67+J67 -> 1 | L67: =F67-K67 -> 1
A68: vii | B68: DB+18 | C68: SET | D68: 1 | E68: 0 | F68: =SUM(D68,E68) -> 1 | K68: =H68+I68+J68 -> 0 | L68: =F68-K68 -> 1
B69: DC1 & DC2
B70: Basic | C70: SET | D70: 18 | E70: 12 | F70: =SUM(D70,E70) -> 30 | H70: =H74+H71+H72+H73+H75 -> 14 | I70: =I74+I71+I72+I73+I75 -> 9 | K70: =H70+I70+J70 -> 23 | L70: =F70-K70 -> 7
A71: i | B71: DC-1.5 | C71: SET | F71: =SUM(D71,E71) -> 0 | K71: =H71+I71+J71 -> 0 | L71: =F71-K71 -> 0
A72: ii | B72: DC-3 | C72: SET | D72: 1 | E72: 1 | F72: =SUM(D72,E72) -> 2 | K72: =H72+I72+J72 -> 0 | L72: =F72-K72 -> 2
A73: iii | B73: DC+0 | C73: SET | D73: 13 | E73: 8 | F73: =SUM(D73,E73) -> 21 | H73: =10-H74 -> 10 | I73: =7-I74 -> 3 | K73: =H73+I73+J73 -> 13 | L73: =F73-K73 -> 8
B74: DC+0 Extension | C74: SET | H74: =H77+H76+H78 -> 0 | I74: =I77+I76+I78 -> 4 | K74: =H74+I74+J74 -> 4
A75: iv | B75: DC+3 | C75: SET | D75: 4 | E75: 3 | F75: =SUM(D75,E75) -> 7 | H75: 4 | I75: 2 | K75: =H75+I75+J75 -> 6 | L75: =F75-K75 -> 1
A76: v | B76: DC+6 | C76: SET | D76: 1 | E76: 3 | F76: =SUM(D76,E76) -> 4 | I76: 2 | K76: =H76+I76+J76 -> 2 | L76: =F76-K76 -> 2
A77: vi | B77: DC+9 | C77: SET | D77: 0 | E77: 2 | F77: =SUM(D77,E77) -> 2 | I77: 2 | K77: =H77+I77+J77 -> 2 | L77: =F77-K77 -> 0
A78: vii | B78: DC+18 | C78: SET | D78: 0 | E78: 0 | F78: =SUM(D78,E78) -> 0 | K78: =H78+I78+J78 -> 0 | L78: =F78-K78 -> 0
B79: DD45
A80: i | B80: Basic | C80: SET | D80: 3 | E80: 1 | F80: =SUM(D80,E80) -> 4 | H80: =H82+H81+H83 -> 3 | I80: =I82+I81+I83 -> 0 | K80: =H80+I80+J80 -> 3 | L80: =F80-K80 -> 1
A81: ii | B81: DD45+0 | C81: SET | D81: 3 | E81: 1 | F81: =SUM(D81,E81) -> 4 | H81: 3 | K81: =H81+I81+J81 -> 3 | L81: =F81-K81 -> 1
B82: DD45+0 extension | C82: SET | H82: =H84+H85 -> 0 | I82: =I84+I85 -> 0 | K82: =H82+I82+J82 -> 0
A83: iii | B83: DD45+3 | C83: SET | F83: =SUM(D83,E83) -> 0 | K83: =H83+I83+J83 -> 0 | L83: =F83-K83 -> 0
A84: iv | B84: DD45+6 | C84: SET | F84: =SUM(D84,E84) -> 0 | K84: =H84+I84+J84 -> 0 | L84: =F84-K84 -> 0
A85: v | B85: DD45+9 | C85: SET | E85: 1 | F85: =SUM(D85,E85) -> 1 | K85: =H85+I85+J85 -> 0 | L85: =F85-K85 -> 1
B86: DD60
B87: Basic | C87: SET | D87: 8 | E87: 11 | F87: =SUM(D87,E87) -> 19 | H87: =H89+H88+H90 -> 1 | I87: =I89+I88+I90 -> 3 | K87: =H87+I87+J87 -> 4 | L87: =F87-K87 -> 15
A88: i | B88: DD60+0 | C88: SET | D88: 7 | E88: 9 | F88: =SUM(D88,E88) -> 16 | H88: 1 | I88: 1 | K88: =H88+I88+J88 -> 2 | L88: =F88-K88 -> 14
B89: DD60+0 Extension | H89: =H91+H92+H93+H94 -> 0 | I89: =I91+I92+I93+I94 -> 1 | K89: =H89+I89+J89 -> 1
A90: ii | B90: DD60+3 | C90: SET | D90: 1 | E90: 2 | F90: =SUM(D90,E90) -> 3 | I90: 1 | K90: =H90+I90+J90 -> 1 | L90: =F90-K90 -> 2
A91: iii | B91: DD60+6 | C91: SET | D91: 4 | E91: 3 | F91: =SUM(D91,E91) -> 7 | I91: 1 | K91: =H91+I91+J91 -> 1 | L91: =F91-K91 -> 6
A92: iv | B92: DD60+9 | C92: SET | D92: 1 | E92: 2 | F92: =SUM(D92,E92) -> 3 | K92: =H92+I92+J92 -> 0 | L92: =F92-K92 -> 3
A93: v | B93: DD60+18 | C93: SET | E93: 0 | F93: =SUM(D93,E93) -> 0 | K93: =H93+I93+J93 -> 0 | L93: =F93-K93 -> 0
A94: vi | B94: DD60+25 | C94: SET | E94: 2 | F94: =SUM(D94,E94) -> 2 | K94: =H94+I94+J94 -> 0 | L94: =F94-K94 -> 2
A95: vii | B95: DD60+35 | C95: SET | F95: =SUM(D95,E95) -> 0 | K95: =H95+I95+J95 -> 0 | L95: =F95-K95 -> 0
D96: =D87+D80+D70+D60+D50 -> 173 | E96: =E87+E80+E70+E60+E50 -> 152 | F96: =F87+F80+F70+F60+F50 -> 325 | G96: =G87+G80+G70+G60+G50 -> 0 | H96: =H87+H80+H70+H60+H50 -> 148 | I96: =I87+I80+I70+I60+I50 -> 124 | J96: =J87+J80+J70+J60+J50 -> 0 | K96: =K87+K80+K70+K60+K50 -> 272 | L96: =L87+L80+L70+L60+L50 -> 53
A98: 1 | B98: 5DA
B99: 5DA Basic | C99: SET | D99: 20 | E99: 158 | F99: =SUM(D99,E99) -> 178 | H99: =H103+H104+H101+H102 -> 19 | I99: =I103+I104+I101+I102 -> 103 | J99: =J103+J104+J101+J102 -> 48 | K99: =H99+I99+J99 -> 170 | L99: =F99-K99 -> 8
A100: i | B100: 5DA-1.5 | C100: SET | D100: 0 | E100: 0 | F100: =SUM(D100,E100) -> 0 | K100: =H100+I100+J100 -> 0 | L100: =F100-K100 -> 0
A101: ii | B101: 5DA-3 | C101: SET | D101: 2 | E101: 5 | F101: =SUM(D101,E101) -> 7 | H101: 0 | I101: 0 | K101: =H101+I101+J101 -> 0 | L101: =F101-K101 -> 7
A102: iii | B102: 5DA+0 | C102: SET | D102: 14 | E102: 114 | F102: =SUM(D102,E102) -> 128 | H102: =15-H103 -> 2 | I102: =76-I103 -> 31 | J102: =38-J103 -> 18 | K102: =H102+I102+J102 -> 51 | L102: =F102-K102 -> 77
B103: 5DA+0 Extension | C103: SET | H103: =H105+H106 -> 13 | I103: =I105+I106 -> 45 | J103: =J105+J106 -> 20 | K103: =H103+I103+J103 -> 78
...

Sheet Ere S-F 
A1: KEC International Limited
A2: 400 KV D/C (Quad) Siwani-Fatehabad TL
A3: Details of Tower Erection
A5: CUMM. SR.NO | B5: MONTH SR.NO. | C5: Loc. No. | D5: Type of Tower | E5: Start | F5: Complete | G5: Remarks
A7: 45901
A8: 1 | B8: 1 | C8: 25/2 | D8: DA+0 | E8: 17.09.2025 | F8: 22.09.2025 | G8: Compl
A9: 2 | B9: 2 | C9: 25/1 | D9: DA+1.5 | E9: 23.09.2025 | F9: 29.09.2025 | G9: Compl
A10: 45931
A11: 3 | B11: 1 | C11: 24/4 | D11: DA+1.5 | E11: 29.09.2025 | F11: 03.10.2025 | G11: Compl
A12: 4 | B12: 2 | C12: 26/2 | D12: DA+6 | E12: 03.10.2025 | F12: 09.10.2025 | G12: Compl
A13: 5 | B13: 3 | C13: 25/0 | D13: DB2+0 | E13: 10.10.2025 | F13: 14.10.2025 | G13: Compl
A14: 6 | B14: 4 | C14: 26/0 | D14: DC1+0 | E14: 14.10.2025 | F14: 19.10.2025 | G14: Compl
A15: 7 | B15: 5 | C15: 27/0 | D15: DC1+0 | E15: 19.10.2025 | F15: 25.10.2025 | G15: Compl

Sheet Ere S-P  
A1: KEC International Limited
A2: 400 KV D/C (Quad) Siwani-Patran TL
A3: Details of Tower Erection
A5: CUMM. SR.NO | B5: MONTH SR.NO. | C5: Loc. No. | D5: Type of Tower | E5: Start | F5: Complete | G5: Remarks
A7: 45931
A8: 1 | B8: 1 | C8: 28/3 | D8: DA+6 | E8: 25.10.2025 | F8: 31.10.2025 | G8: Compl
A9: 45962
A10: 2 | B10: 1 | C10: 28/2 | D10: DA+3 | E10: 31.10.2025 | F10: 03.11.2025 | G10: Compl
A11: 3 | B11: 2 | C11: 29/4 | D11: DA+6 | E11: 03.11.2025 | F11: 06.11.2025 | G11: Compl
A12: 4 | B12: 3 | C12: 28/4 | D12: DA+3 | E12: 06.11.2025 | F12: 10.11.2025 | G12: Compl
A13: 5 | B13: 4 | C13: 29/5 | D13: DA+0 | E13: 11.11.2025 | F13: 14.11.2025 | G13: Compl
A14: 6 | B14: 5 | C14: 29/3 | D14: DA+3 | E14: 15.11.2025 | F14: 18.11.2025 | G14: Compl
A15: 7 | B15: 6 | C15: 29/0 | D15: DC1+0 | E15: 19.11.2025 | F15: 26.11.2025 | G15: Compl
A16: 45992
A17: 8 | B17: 1 | C17: 29/2 | D17: DA+9 | E17: 27.11.2025 | F17: 01.12.2025 | G17: Compl
A18: 9 | B18: 2 | C18: 29/1 | D18: DA+0 | E18: 03.12.2025 | F18: 07.12.2025 | G18: Compl
A19: 10 | B19: 3 | C19: 30/0 | D19: DB2+0 | E19: 08.12.2025 | F19: 14.12.2025 | G19: Compl
A20: 11 | B20: 4 | C20: 55/5 | D20: 5DA+6 | E20: 15.12.2025 | F20: 24.12.2025 | G20: Compl
A21: 46023
A22: =SUBTOTAL(103,$D$6:D22) -> 12 | B22: 1 | C22: 55/6 | D22: 5DA+3 | E22: 16.01.2026 | F22: 46044 | G22: Compl
A23: 13 | B23: 2 | C23: 56/2 | D23: 5DA+3 | E23: 23.01.2026 | F23: 46051 | G23: Compl
A24: 46054
A25: 14 | B25: 1 | C25: 54/6 | D25: 5DA+0 | E25: 46051 | F25: 03.02.2026 | G25: Compl
A26: 46082
A27: 15 | B27: 1 | C27: 54/3 | D27: 5DA+3 | E27: 01.03.2026 | F27: 07.03.2026 | G27: Compl
A28: 16 | B28: 2 | C28: 56/1 | D28: 5DA+3 | E28: 08.03.2026 | F28: 11.03.2026 | G28: Compl
A29: 17 | B29: 3 | C29: 54/5 | D29: 5DA+0 | E29: 12.03.2026 | F29: 16.03.2026 | G29: Compl
A30: 18 | B30: 4 | C30: 54/7 | D30: 5DA+6 | E30: =F29 -> 16.03.2026 | F30: 20.03.2026 | G30: Compl
A31: 19 | B31: 5 | C31: 55/1 | D31: 5DA+9 | E31: =F30 -> 20.03.2026 | F31: 24.03.2026 | G31: Compl
A32: 20 | B32: 6 | C32: 54/8 | D32: 5DA+3 | E32: =F31 -> 24.03.2026 | F32: 31.03.2026 | G32: Compl
A33: 46113
A34: 21 | B34: 1 | C34: 52/4 | D34: 5DA+0 | E34: 01.04.2026 | F34: 07.04.2026 | G34: Compl
A35: 46143
A36: 22 | B36: 1 | C36: 51/2 | D36: 5DA+3 | E36: 10.05.2025 | F36: 18.05.2026 | G36: Compl
A37: 23 | B37: 2 | C37: 51/4 | D37: 5DA+6 | E37: =F36 -> 18.05.2026 | F37: 23.05.2026 | G37: Compl
A38: 24 | B38: 3 | C38: 51/5 | D38: 5DA+6 | E38: =F37 -> 23.05.2026 | F38: 31.05.2026 | G38: Compl
A39: 46174
A40: 25 | B40: 1 | C40: 52/3 | D40: 5DA+0 | E40: 31.05.2026 | F40: 04.06.2026 | G40: Compl
A41: 26 | B41: 2 | C41: 56/4 | D41: 5DA+9 | E41: =F40 -> 04.06.2026 | F41: 12.06.2026 | G41: Compl
A42: 27 | B42: 3 | C42: 56/3 | D42: 5DA+3 | E42: =F41 -> 12.06.2026 | F42: 17.06.2026 | G42: Compl
A43: 28 | B43: 4 | C43: 52/2 | D43: 5DA+0 | E43: =F42 -> 17.06.2026 | F43: 22.06.2026 | G43: Compl

Sheet T.Abstract
A2: Siwani-Fatehabad TL | F2: Siwani-Patran TL | K2: Total | Q2: WZ-04-Drawing Availability | X2: WZ-05-Drawing Availability
A3: TOT | B3: Tower qty | C3: TOT | D3: Tower qty | F3: TOT | G3: Tower qty | H3: TOT | I3: Tower qty | K3: TOT | L3: Tower qty | M3: TOT | N3: Tower qty | P3: Foundation | Q3: Stub | R3: BOM | S3: Tower | T3: BOM | U3: Prop | V3: Template | X3: Foundation | Y3: Stub | Z3: BOM | AA3: Tower | AB3: BOM | AC3: Prop | AD3: Template
A4: DA+0 | B4: 52 | C4: 5DA+0 | D4: 2 | F4: DA+0 | G4: 47 | H4: 5DA+0 | I4: 48 | K4: DA+0 | L4: 99 | M4: 5DA+0 | N4: 50 | P4: A | Q4: A | R4: A | S4: A | T4: A | U4: A | V4: A | X4: A | Y4: A | Z4: A | AA4: A | AB4: A | AC4: A | AD4: A
A5: DA+1.5 | B5: 4 | C5: 5DA+1.5 | D5: 0 | F5: DA+1.5 | G5: 1 | H5: 5DA+1.5 | I5: 0 | K5: DA+1.5 | L5: 5 | M5: 5DA+1.5 | N5: 0 | P5: A | Q5: A | R5: A | S5: A | T5: A | U5: A | V5: A | X5: A | Y5: 0 | Z5: 0 | AA5: 0 | AB5: 0 | AC5: 0 | AD5: 0
A6: DA+3 | B6: 27 | C6: 5DA+3 | D6: 4 | F6: DA+3 | G6: 38 | H6: 5DA+3 | I6: 39 | K6: DA+3 | L6: 65 | M6: 5DA+3 | N6: 43 | P6: A | Q6: A | R6: A | S6: A | T6: A | U6: A | V6: A | X6: A | Y6: A | Z6: A | AA6: A | AB6: A | AC6: A | AD6: A
A7: DA+4.5 | B7: 0 | C7: 5DA+4.5 | D7: 0 | F7: DA+4.5 | G7: 0 | H7: 5DA+4.5 | I7: 0 | K7: DA+4.5 | L7: 0 | M7: 5DA+4.5 | N7: 0 | P7: A | Q7: A | R7: A | S7: A | T7: A | U7: A | V7: A | X7: A | Y7: 0 | Z7: 0 | AA7: 0 | AB7: 0 | AC7: 0 | AD7: 0
A8: DA+6 | B8: 22 | C8: 5DA+6 | D8: 6 | F8: DA+6 | G8: 15 | H8: 5DA+6 | I8: 47 | K8: DA+6 | L8: 37 | M8: 5DA+6 | N8: 53 | P8: A | Q8: A | R8: A | S8: A | T8: A | U8: A | V8: A | X8: A | Y8: A | Z8: A | AA8: A | AB8: A | AC8: A | AD8: A
A9: DA+9 | B9: 8 | C9: 5DA+9 | D9: 6 | F9: DA+9 | G9: 5 | H9: 5DA+9 | I9: 19 | K9: DA+9 | L9: 13 | M9: 5DA+9 | N9: 25 | P9: A | Q9: A | R9: A | S9: A | T9: A | U9: A | V9: A | X9: A | Y9: A | Z9: A | AA9: A | AB9: A | AC9: A | AD9: A
A10: DA-1.5 | B10: 3 | C10: 5DA-1.5 | D10: 0 | F10: DA-1.5 | G10: 1 | H10: 5DA-1.5 | I10: 0 | K10: DA-1.5 | L10: 4 | M10: 5DA-1.5 | N10: 0 | P10: A | Q10: A | R10: A | S10: A | T10: A | U10: A | V10: A | X10: A | Y10: 0 | Z10: 0 | AA10: 0 | AB10: 0 | AC10: 0 | AD10: 0
A11: DA-3 | B11: 8 | C11: 5DA-3 | D11: 2 | F11: DA-3 | G11: 4 | H11: 5DA-3 | I11: 5 | K11: DA-3 | L11: 12 | M11: 5DA-3 | N11: 7 | P11: A | Q11: A | R11: A | S11: A | T11: A | U11: A | V11: A | X11: A | Y11: A | Z11: A | AA11: NA | AB11: NA | AC11: A | AD11: A
A12: DB1+0 | B12: 7 | C12: 5DB1+0 | D12: 1 | F12: DB1+0 | G12: 2 | H12: 5DB1+0 | I12: 1 | K12: DB1+0 | L12: 9 | M12: 5DB1+0 | N12: 2 | P12: A | Q12: A | R12: A | S12: A | T12: A | U12: A | V12: NA | X12: A | Y12: A | Z12: A | AA12: NA | AB12: NA | AC12: A | AD12: A
A13: DB1+3 | B13: 1 | C13: 5DB1+3 | D13: 0 | F13: DB1+3 | G13: 2 | H13: 5DB1+3 | I13: 4 | K13: DB1+3 | L13: 3 | M13: 5DB1+3 | N13: 4 | P13: A | Q13: A | R13: A | S13: A | T13: A | U13: A | V13: NA | X13: A | Y13: A | Z13: A | AA13: NA | AB13: NA | AC13: A | AD13: A
A14: DB1+6 | B14: 0 | C14: 5DB1+6 | D14: 0 | F14: DB1+6 | G14: 0 | H14: 5DB1+6 | I14: 7 | K14: DB1+6 | L14: 0 | M14: 5DB1+6 | N14: 7 | P14: A | Q14: A | R14: A | S14: A | T14: A | U14: A | V14: NA | X14: A | Y14: A | Z14: A | AA14: NA | AB14: NA | AC14: A | AD14: A
A15: DB1+9 | B15: 0 | C15: 5DB1+9 | D15: 1 | F15: DB1+9 | G15: 1 | H15: 5DB1+9 | I15: 2 | K15: DB1+9 | L15: 1 | M15: 5DB1+9 | N15: 3 | P15: A | Q15: A | R15: A | S15: A | T15: A | U15: A | V15: NA | X15: A | Y15: A | Z15: A | AA15: NA | AB15: NA | AC15: A | AD15: A
A16: DB1+18 | B16: 0 | C16: 5DB1+18 | D16: 0 | F16: DB1+18 | G16: 0 | H16: 5DB1+18 | I16: 2 | K16: DB1+18 | L16: 0 | M16: 5DB1+18 | N16: 2 | P16: 0 | Q16: 0 | R16: 0 | S16: 0 | T16: 0 | U16: 0 | V16: 0 | X16: NA | Y16: NA | Z16: NA | AA16: NA | AB16: NA | AC16: NA | AD16: NA
A17: DB1-3 | B17: 0 | C17: 5DB1-3 | D17: 1 | F17: DB1-3 | G17: 1 | H17: 5DB1-3 | I17: 0 | K17: DB1-3 | L17: 1 | M17: 5DB1-3 | N17: 1 | P17: A | Q17: A | R17: A | S17: A | T17: NA | U17: A | V17: NA | X17: A | Y17: A | Z17: A | AA17: NA | AB17: NA | AC17: A | AD17: A
A18: DB2+0 | B18: 8 | C18: 5DB2+0 | D18: 1 | F18: DB2+0 | G18: 8 | H18: 5DB2+0 | I18: 6 | K18: DB2+0 | L18: 16 | M18: 5DB2+0 | N18: 7 | P18: A | Q18: A | R18: A | S18: A | T18: A | U18: A | V18: NA | X18: A | Y18: A | Z18: A | AA18: NA | AB18: NA | AC18: A | AD18: A
A19: DB2+3 | B19: 3 | C19: 5DB2+3 | D19: 2 | F19: DB2+3 | G19: 2 | H19: 5DB2+3 | I19: 2 | K19: DB2+3 | L19: 5 | M19: 5DB2+3 | N19: 4 | P19: A | Q19: A | R19: A | S19: A | T19: A | U19: A | V19: NA | X19: A | Y19: A | Z19: A | AA19: NA | AB19: NA | AC19: A | AD19: A
A20: DB2+6 | B20: 0 | C20: 5DB2+6 | D20: 1 | F20: DB2+6 | G20: 0 | H20: 5DB2+6 | I20: 4 | K20: DB2+6 | L20: 0 | M20: 5DB2+6 | N20: 5 | P20: A | Q20: A | R20: A | S20: A | T20: A | U20: A | V20: NA | X20: A | Y20: A | Z20: A | AA20: NA | AB20: NA | AC20: A | AD20: A
A21: DB2+9 | B21: 0 | C21: 5DB2+9 | D21: 0 | F21: DB2+9 | G21: 1 | H21: 5DB2+9 | I21: 6 | K21: DB2+9 | L21: 1 | M21: 5DB2+9 | N21: 6 | P21: A | Q21: A | R21: A | S21: A | T21: A | U21: A | V21: NA | X21: A | Y21: A | Z21: A | AA21: NA | AB21: NA | AC21: A | AD21: A
A22: 1 | F22: 1 | H22: 5DB2+9(1 M RC) | I22: 1 | K22: 1 | L22: 0 | M22: 5DB2+9(1 M RC) | N22: 1 | P22: 0 | Q22: 0 | R22: 0 | S22: 0 | T22: 0 | U22: 0 | V22: 0 | X22: NA | Y22: NA | Z22: NA | AA22: NA | AB22: NA | AC22: NA | AD22: A
A23: DB2+18 | B23: 1 | C23: 5DB2+18 | D23: 0 | F23: DB2+18 | G23: 0 | H23: 5DB2+18 | I23: 3 | K23: DB2+18 | L23: 1 | M23: 5DB2+18 | N23: 3 | P23: NA | Q23: NA | R23: NA | S23: NA | T23: NA | U23: NA | V23: NA | X23: NA | Y23: NA | Z23: NA | AA23: NA | AB23: NA | AC23: NA | AD23: NA
A24: DB2+25 | B24: 0 | C24: 5DB2+25 | D24: 0 | F24: DB2+25 | G24: 0 | H24: 5DB2+25 | I24: 1 | K24: DB2+25 | L24: 0 | M24: 5DB2+25 | N24: 1 | P24: 0 | Q24: 0 | R24: 0 | S24: 0 | T24: 0 | U24: 0 | V24: 0 | X24: NA | Y24: NA | Z24: NA | AA24: NA | AB24: NA | AC24: NA | AD24: NA
A25: DB2-1.5 | B25: 0 | C25: 5DB2-1.5 | D25: 1 | F25: DB2-1.5 | G25: 0 | H25: 5DB2-1.5 | I25: 0 | K25: DB2-1.5 | L25: 0 | M25: 5DB2-1.5 | N25: 1 | P25: 0 | Q25: 0 | R25: 0 | S25: 0 | T25: 0 | U25: 0 | V25: 0 | X25: A | Y25: A | Z25: A | AA25: NA | AB25: NA | AC25: A | AD25: A
A26: DC1+0 | B26: 6 | C26: 5DC1+0 | D26: 0 | F26: DC1+0 | G26: 2 | H26: 5DC1+0 | I26: 2 | K26: DC1+0 | L26: 8 | M26: 5DC1+0 | N26: 2 | P26: A | Q26: A | R26: A | S26: A | T26: A | U26: A | V26: A | X26: A | Y26: A | Z26: A | AA26: NA | AB26: NA | AC26: A | AD26: A
A27: DC1+3 | B27: 1 | C27: 5DC1+3 | D27: 0 | F27: DC1+3 | G27: 2 | H27: 5DC1+3 | I27: 5 | K27: DC1+3 | L27: 3 | M27: 5DC1+3 | N27: 5 | P27: A | Q27: A | R27: A | S27: A | T27: A | U27: A | V27: A | X27: A | Y27: A | Z27: A | AA27: NA | AB27: NA | AC27: A | AD27: A
A28: DC1+6 | B28: 1 | C28: 5DC1+6 | D28: 1 | F28: DC1+6 | G28: 0 | H28: 5DC1+6 | I28: 1 | K28: DC1+6 | L28: 1 | M28: 5DC1+6 | N28: 2 | P28: A | Q28: A | R28: A | S28: A | T28: A | U28: A | V28: A | X28: A | Y28: A | Z28: A | AA28: NA | AB28: NA | AC28: A | AD28: A
A29: DC1+9 | B29: 0 | C29: 5DC1+9 | D29: 0 | F29: DC1+9 | G29: 1 | H29: 5DC1+9 | I29: 1 | K29: DC1+9 | L29: 1 | M29: 5DC1+9 | N29: 1 | P29: A | Q29: A | R29: A | S29: A | T29: A | U29: A | V29: A | X29: A | Y29: A | Z29: A | AA29: NA | AB29: NA | AC29: A | AD29: A
A30: DC1+18 | B30: 0 | C30: 5DC1+18 | D30: 0 | F30: DC1+18 | G30: 0 | H30: 5DC1+18 | I30: 2 | K30: DC1+18 | L30: 0 | M30: 5DC1+18 | N30: 2 | P30: 0 | Q30: 0 | R30: 0 | S30: 0 | T30: 0 | U30: 0 | V30: 0 | X30: NA | Y30: NA | Z30: NA | AA30: NA | AB30: NA | AC30: NA | AD30: NA
A31: DC1-3 | B31: 1 | C31: 5DC1-3 | D31: 0 | F31: DC1-3 | G31: 0 | H31: 5DC1-3 | I31: 0 | K31: DC1-3 | L31: 1 | M31: 5DC1-3 | N31: 0 | P31: A | Q31: A | R31: A | S31: A | T31: A | U31: A | V31: A | X31: A | Y31: A | Z31: 0 | AA31: 0 | AB31: 0 | AC31: 0 | AD31: 0
A32: DC2+0 | B32: 6 | C32: 5DC2+0 | D32: 1 | F32: DC2+0 | G32: 1 | H32: 5DC2+0 | I32: 1 | K32: DC2+0 | L32: 7 | M32: 5DC2+0 | N32: 2 | P32: A | Q32: A | R32: A | S32: A | T32: A | U32: A | V32: A | X32: A | Y32: A | Z32: A | AA32: NA | AB32: NA | AC32: A | AD32: A
A33: DC2+3 | B33: 3 | C33: 5DC2+3 | D33: 1 | F33: DC2+3 | G33: 1 | H33: 5DC2+3 | I33: 0 | K33: DC2+3 | L33: 4 | M33: 5DC2+3 | N33: 1 | P33: A | Q33: A | R33: A | S33: A | T33: A | U33: A | V33: A | X33: A | Y33: A | Z33: A | AA33: NA | AB33: NA | AC33: A | AD33: A
A34: DC2+6 | B34: 0 | C34: 5DC2+6 | D34: 1 | F34: DC2+6 | G34: 3 | H34: 5DC2+6 | I34: 4 | K34: DC2+6 | L34: 3 | M34: 5DC2+6 | N34: 5 | P34: A | Q34: A | R34: A | S34: A | T34: A | U34: A | V34: A | X34: A | Y34: A | Z34: A | AA34: NA | AB34: NA | AC34: A | AD34: A
A35: DC2+9 | B35: 0 | C35: 5DC2+9 | D35: 2 | F35: DC2+9 | G35: 1 | H35: 5DC2+9 | I35: 2 | K35: DC2+9 | L35: 1 | M35: 5DC2+9 | N35: 4 | P35: A | Q35: A | R35: A | S35: A | T35: A | U35: A | V35: A | X35: A | Y35: A | Z35: A | AA35: NA | AB35: NA | AC35: A | AD35: A
A36: DC2-3 | B36: 0 | C36: 5DC2-3 | D36: 0 | F36: DC2-3 | G36: 1 | H36: 5DC2-3 | I36: 0 | K36: DC2-3 | L36: 1 | M36: 5DC2-3 | N36: 0 | P36: A | Q36: A | R36: A | S36: A | T36: A | U36: A | V36: A | X36: A | Y36: A | Z36: A | AA36: 0 | AB36: 0 | AC36: A | AD36: A
A37: 0 | H37: 5DC2+18 | I37: 1 | M37: 5DC2+18 | N37: 1 | P37: 0 | Q37: 0 | R37: 0 | S37: 0 | T37: 0 | U37: 0 | V37: 0 | X37: A | Y37: NA | Z37: NA | AA37: NA | AB37: NA | AC37: NA | AD37: NA
A38: DD45+0 | B38: 3 | C38: 5DD45+0 | D38: 1 | F38: DD45+0 | G38: 0 | H38: 5DD45+0 | I38: 4 | K38: DD45+0 | L38: 3 | M38: 5DD45+0 | N38: 5 | P38: A | Q38: A | R38: A | S38: A | T38: A | U38: A | V38: A | X38: A | Y38: NA | Z38: NA | AA38: NA | AB38: NA | AC38: NA | AD38: NA
A39: DD45+3 | B39: 0 | C39: 5DD45+3 | D39: 4 | F39: DD45+3 | G39: 0 | H39: 5DD45+3 | I39: 2 | K39: DD45+3 | L39: 0 | M39: 5DD45+3 | N39: 6 | P39: 0 | Q39: A | R39: A | S39: A | T39: A | U39: A | V39: 0 | X39: A | Y39: NA | Z39: NA | AA39: NA | AB39: NA | AC39: NA | AD39: NA
A40: DD45+6 | B40: 0 | C40: 5DD45+6 | D40: 0 | F40: DD45+6 | G40: 0 | H40: 5DD45+6 | I40: 1 | K40: DD45+6 | L40: 0 | M40: 5DD45+6 | N40: 1 | P40: 0 | Q40: A | R40: A | S40: A | T40: A | U40: A | V40: 0 | X40: A | Y40: NA | Z40: NA | AA40: NA | AB40: NA | AC40: NA | AD40: NA
A41: DD45+9 | B41: 0 | C41: 5DD45+9 | D41: 1 | F41: DD45+9 | G41: 1 | H41: 5DD45+9 | I41: 1 | K41: DD45+9 | L41: 1 | M41: 5DD45+9 | N41: 2 | P41: A | Q41: A | R41: A | S41: A | T41: A | U41: A | V41: A | X41: A | Y41: NA | Z41: NA | AA41: NA | AB41: NA | AC41: NA | AD41: NA
A42: DD45+18 | B42: 0 | C42: 5DD45+18 | D42: 3 | F42: DD45+18 | G42: 0 | H42: 5DD45+18 | I42: 1 | K42: DD45+18 | L42: 0 | M42: 5DD45+18 | N42: 4 | P42: 0 | Q42: 0 | R42: 0 | S42: 0 | T42: 0 | U42: 0 | V42: 0 | X42: NA | Y42: NA | Z42: NA | AA42: NA | AB42: NA | AC42: NA | AD42: NA
A43: DD45+25 | B43: 0 | C43: 5DD45+25 | D43: 0 | F43: DD45+25 | G43: 0 | H43: 5DD45+25 | I43: 1 | K43: DD45+25 | L43: 0 | M43: 5DD45+25 | N43: 1 | P43: 0 | Q43: 0 | R43: 0 | S43: 0 | T43: 0 | U43: 0 | V43: 0 | X43: NA | Y43: NA | Z43: NA | AA43: NA | AB43: NA | AC43: NA | AD43: NA
A44: DD45-3 | B44: 0 | C44: 5DD45-3 | D44: 1 | F44: DD45-3 | G44: 0 | H44: 5DD45-3 | I44: 0 | K44: DD45-3 | L44: 0 | M44: 5DD45-3 | N44: 1 | P44: 0 | Q44: 0 | R44: 0 | S44: 0 | T44: 0 | U44: 0 | V44: 0 | X44: A | Y44: NA | Z44: NA | AA44: NA | AB44: NA | AC44: NA | AD44: NA
A45: DD60+0 | B45: 2 | C45: 5DD60+0 | D45: 1 | F45: DD60+0 | G45: 2 | H45: 5DD60+0 | I45: 3 | K45: DD60+0 | L45: 4 | M45: 5DD60+0 | N45: 4 | P45: A | Q45: A | R45: A | S45: A | T45: A | U45: A | V45: A | X45: A | Y45: A | Z45: A | AA45: A | AB45: A | AC45: A | AD45: A
A46: DD60+3 | B46: 1 | C46: 5DD60+3 | D46: 1 | F46: DD60+3 | G46: 2 | H46: 5DD60+3 | I46: 0 | K46: DD60+3 | L46: 3 | M46: 5DD60+3 | N46: 1 | P46: A | Q46: A | R46: A | S46: A | T46: A | U46: A | V46: A | X46: A | Y46: A | Z46: A | AA46: NA | AB46: NA | AC46: A | AD46: A
A47: DD60+6 | B47: 4 | C47: 5DD60+6 | D47: 0 | F47: DD60+6 | G47: 3 | H47: 5DD60+6 | I47: 2 | K47: DD60+6 | L47: 7 | M47: 5DD60+6 | N47: 2 | P47: A | Q47: A | R47: A | S47: A | T47: A | U47: A | V47: A | X47: A | Y47: A | Z47: A | AA47: NA | AB47: NA | AC47: A | AD47: A
A48: DD60+9 | B48: 1 | C48: 5DD60+9 | D48: 1 | F48: DD60+9 | G48: 2 | H48: 5DD60+9 | I48: 3 | K48: DD60+9 | L48: 3 | M48: 5DD60+9 | N48: 4 | P48: A | Q48: A | R48: A | S48: A | T48: A | U48: A | V48: A | X48: A | Y48: A | Z48: A | AA48: NA | AB48: A | AC48: A | AD48: A
A49: DD60+18 | B49: 0 | C49: 5DD60+18 | D49: 0 | F49: DD60+18 | G49: 0 | H49: 5DD60+18 | I49: 6 | K49: DD60+18 | L49: 0 | M49: 5DD60+18 | N49: 6 | P49: 0 | Q49: 0 | R49: 0 | S49: 0 | T49: 0 | U49: 0 | V49: 0 | X49: A | Y49: NA | Z49: NA | AA49: NA | AB49: NA | AC49: NA | AD49: NA
A50: 0 | H50: 5DD60+18(1.5M RC) | I50: 1 | K50: 0 | M50: 5DD60+18(1.5M RC) | N50: 1 | O50: Not Approved | P50: 0 | Q50: 0 | R50: 0 | S50: 0 | T50: 0 | U50: 0 | V50: 0 | X50: NA | Y50: NA | Z50: NA | AA50: NA | AB50: NA | AC50: NA | AD50: NA
A51: DD60+25 | B51: 0 | C51: 5DD60+25 | D51: 0 | F51: DD60+25 | G51: 2 | H51: 5DD60+25 | I51: 2 | K51: DD60+25 | L51: 2 | M51: 5DD60+25 | N51: 2 | P51: NA | Q51: A | R51: NA | S51: A | T51: A | U51: NA | V51: NA | X51: A | Y51: NA | Z51: NA | AA51: NA | AB51: NA | AC51: NA | AD51: NA
A52: DD60+30 | B52: 0 | C52: 5DD60+30 | D52: 0 | F52: DD60+30 | G52: 0 | H52: 5DD60+30 | I52: 2 | K52: DD60+30 | L52: 0 | M52: 5DD60+30 | N52: 2 | P52: 0 | Q52: 0 | R52: 0 | S52: 0 | T52: 0 | U52: 0 | V52: 0 | X52: NA | Y52: NA | Z52: NA | AA52: NA | AB52: NA | AC52: NA | AD52: NA
A53: 0 | F53: 0 | H53: DDH | I53: 2 | K53: 0 | L53: 0 | M53: DDH | N53: 2 | P53: 0 | Q53: 0 | R53: 0 | S53: 0 | T53: 0 | U53: 0 | V53: 0 | X53: NA | Y53: NA | Z53: NA | AA53: NA | AB53: NA | AC53: NA | AD53: NA
B54: 173 | D54: 47 | G54: 152 | I54: 247 | L54: 325 | N54: 294 | O54: 619
B55: 220 | G55: 399

Sheet Crossing status 
B1: Crossing Status
B2: Sl. | C2: Line | D2: Description | E2: From | F2: Stub Availability | G2: To | H2: Stub Availability | I2: Name of Crossing | J2: Owner | K2: Approval status | L2: Status | O2: Remarks
B3: No | L3: FDN | M3: ERE | N3: STR
B4: Power Line Crossing–26 nos
B5: 1 | C5: SP | D5: PL | E5: 2C | G5: 2D | I5: 132 KV S/C HISAR-RAJGARH TL | J5: HVPNL | K5: In Progress
B6: 2 | C6: SP | D6: PL | E6: 35/0(DB1+9) | F6: Yes | G6: 36/0(5DB1+9) | H6: Yes | I6: 132 KV D/C HISAR-FATEHABAD TL HVPNL | J6: HVPNL | K6: Approved | O6: NOC Received on date : 24.12.2025
B7: 3 | C7: SP | D7: PL | E7: 38/0(5DD45+18) | F7: No | G7: 39/0(5DC2+9) | H7: Yes | I7: 132 KV S/C KIROR-ADAMPUR TL HVPNL | J7: HVPNL | K7: Approved | O7: NOC Received on date : 24.12.2025
B8: 4 | C8: SP | D8: PL | E8: 40/0(5DC1+18) | F8: No | G8: 41/0(5DB2+25) | H8: No | I8: 220 kV D/C MAYAR - FATEHABAD TL HVPNL | J8: HVPNL | K8: Approved | O8: NOC Received on date : 02.04.2026
B9: 5 | C9: SP | D9: PL | E9: 49/0(5DD60+30) | F9: No | G9: 50/0(5DD60+30) | H9: No | I9: 400 KV D/C KHEDAR-FATEHABAD TL HVPNL | J9: HVPNL | K9: Approved | O9: NOC Received on date 08.06.2026
B10: 6 | C10: SP | D10: PL | E10: 53/0(5DC2+18) | F10: NO | G10: 54/0(5DD45+25) | H10: No | I10: 220 KV D/C KIRMARA-BHUNA TL HVPNL | J10: HVPNL | K10: Approved | O10: NOC Received on date : 23.12.2025
B11: 7 | C11: SP | D11: PL | E11: 57/0(5DD60+18) | F11: No | G11: 58/0(5DD60+18) | H11: No | I11: 400 KV D/C MOGA-HISAR TL | J11: PGCIL | K11: In Progress
B12: 8 | C12: SP | D12: PL | E12: 59/0(5DB1+9) | F12: YES | G12: 60/0(5DB2+18) | H12: No | I12: 220kV S/C BHUNA NARWANA TL | J12: HVPNL | K12: Approved | O12: NOC Received on date : 24.12.2025
B13: 9 | C13: SP | D13: PL | E13: 60/0(5DB2+9) | F13: No | G13: 61/0(5DB1+9) | H13: Yes | I13: 132kV S/C BHUDDHA KHEDA -BHUNA TL | J13: HVPNL | K13: Approved | O13: NOC Received on date : 24.12.2025
B14: 10 | C14: SP | D14: PL | E14: 63/0(5DD60+18) | F14: No | G14: 64/0((5DD60+18)) | H14: No | I14: 400kV D/C PGCIL MOGA-BHIWADI TL | J14: PGCIL | K14: In Progress
B15: 11 | C15: SP | D15: PL | E15: 73/1(DDH) | F15: No | G15: 73/2(DDH) | H15: No | I15: 765kV S/C line BHIWANI - MOGA TL | J15: PGCIL | K15: In Progress
B16: 12 | C16: SP | D16: PL | E16: 75/0(5DB1+18) | F16: No | G16: 76/0(5DB+18) | H16: No | I16: 132 KV D/C SAMANA-CHANDER KHURD TL | J16: HVPNL | K16: Approved | O16: NOC Received on date : 23.12.2025
B17: 13 | C17: SP | D17: PL | E17: 82/0(5DB+9)1M | F17: No | G17: 83/0(5DB1+18) | H17: No | I17: 132kV D/C SAMANA-TOHANA TL | J17: HVPNL | K17: Approved | O17: NOC Received on date : 23.12.2025
B18: 14 | C18: SP | D18: PL | E18: 84/0(5DC1+18) | F18: No | G18: 85/0(5DD60+18) | H18: No | I18: 220kV D/C HISAR- SANGAPUR TL | J18: BBMB | K18: Approved
B19: 15 | C19: SP | D19: PL | E19: 88/0(5DD60+9) | F19: Yes | G19: 89/0(5DB2+9) | H19: Yes | I19: 132kV D/C TOHANA DAMTAL SAHIB TL | J19: HVPNL | K19: Approved | O19: NOC Received on date : 23.12.2025
B20: 16 | C20: SP | D20: PL | E20: 91/0(5DB2+18) | F20: No | G20: 92/0(5DD45+9) | H20: No | I20: 132kV S/C NARWANA -TOHANA TL | J20: HVPNL | K20: Approved | O20: NOC Received on date : 23.12.2025
B21: 17 | C21: SP | D21: PL | E21: 96/0(5DC2+6) | F21: Yes | G21: 97/0(5DB2+6) | H21: Yes | I21: 66kV S/C MANDVI - KARODA PSTCL line | J21: PSTCL | K21: Approved | O21: NOC Received on date : 11.12.2025
B22: 18 | C22: SP | D22: PL | E22: 101/0(5DB1+6) | F22: Yes | G22: 102/0(5DB1+6) | H22: Yes | I22: 66kV D/C BANGA-BANARASI PSTCL line | J22: PSTCL | K22: Approved | O22: NOC Received on date : 11.12.2025
B23: 19 | C23: SP | D23: PL | E23: 108/0(5DD60+25) | F23: No | G23: 109/0(5DD60+25) | H23: No | I23: 400 KV DC PATRAN-Kaithal TL | J23: PGCIL | K23: In Progress
B24: 20 | C24: SP | D24: PL | E24: 110/0(5DB2+9) | F24: YES | G24: 111/0(5DD45+3) | H24: No | I24: 66kV S/C PATRAN-SHERGARH PSTCL line | J24: PSTCL | K24: Approved | O24: NOC Received on date : 11.12.2025
B25: 21 | C25: SP | D25: PL | E25: 110/0(5DB2+9) | F25: YES | G25: 111/0(5DD45+3) | H25: No | I25: Circuit 1-66kV D/C PATRAN TO KHANOURI PSTCL line Circuit 2 -66K/C PATRAN TO SHUTRANA PSTCL Line | J25: PSTCL | K25: Approved | O25: NOC Received on date : 11.12.2025
B26: 22 | C26: SP | D26: PL | E26: 120/0(5DD60+25) | F26: No | G26: 121/0(5DD60+18) | H26: No | I26: 400 KV D/C PATIALA -PATRAN TL | J26: PGCIL | K26: In Progress
B27: 23 | C27: SF | D27: PL | E27: 51/0(5DD45+18) | F27: No | G27: 52/0(5DD45+18) | H27: No | I27: 220 KV D/C HISAR -FATEHABAD TL | J27: HVPNL | K27: Approved | O27: NOC Received on date : 16.01.2025
B28: 24 | C28: SF | D28: PL | E28: 53/0(5DD45+18) | F28: No | G28: 54/0(5DD60+9) | H28: Yes | I28: 132 KV D/C TL HISAR-FATEHABAD TL | J28: HVPNL | K28: Approved | O28: NOC Received on date : 24.12.2025
B29: 25 | C29: SF | D29: PL | E29: 29/0(DB2+18) | F29: Yes | G29: 30/0(DC1+6) | H29: Yes | I29: 132 KV S/C KIRORI-Adampur TL HVPNL | J29: HVPNL | K29: Approved | L29: 30/0-compl | O29: NOC Received on date : 24.12.2025
B30: 26 | C30: SF | D30: PL | E30: 2C | G30: 2D | I30: 132 KV S/C HISAR-RAJGARH TL | J30: RVPNL | K30: In Progress
B31: NH Crossing-08 nos
B32: 1 | C32: SP | D32: NH | E32: 2/0 | G32: 2A/0 | I32: NH529( HISAR -RAJGARH ) | J32: NHAI | K32: In Progress
B33: 2 | C33: SP | D33: NH | E33: 33/0(DD60+0 | F33: No | G33: 34/0(DD60+3) | H33: No | I33: NH-9 (SIRSA -ROHTAK ) | J33: NHAI | K33: Approved
B34: 3 | C34: SP | D34: NH | E34: 112/0(5DD45+0) | F34: No | G34: 113/0(DB2+0) | H34: Yes | I34: NH-52 (PATRAN-HISAR) | J34: NHAI | K34: Approved | O34: NOC Received on date 09.05.2026
B35: 4 | C35: SP | D35: NH | E35: 116/0(5DC+3) | F35: Yes | G35: 117/0(5DD45+3 | H35: No | I35: DELHI -AMRITSAR NE5 EXPRESS WAY | J35: NHAI | K35: Approved | O35: NOC Received on date 30.03.2026
B36: 5 | C36: SP | D36: NH | E36: 80/0(5DC2+0) | F36: Yes | G36: 81/0(5DC1+3) | H36: Yes | I36: NH-148B Moonak -Surewala | J36: NHAI | K36: Approved | O36: NOC Received on date 28.11.2025
B37: 6 | C37: SF | D37: NH | E37: 42/0(5DD45+0) | F37: No | G37: 43/0(6DD60+3) | H37: Yes | I37: NH-9 (SIRSA-ROHTAK ) | J37: NHAI | K37: Approved
B38: 7 | C38: SF | D38: NH | E38: 62/0(5DD45+5) | F38: No | G38: 63/0(5DC2+0) | H38: No | I38: NH-9 (SIRSA-ROHTAK ) | J38: NHAI | K38: Approved
B39: 8 | C39: SF | D39: NH | E39: 1A | G39: 1B | I39: NH52( SIWANI -RAJGARH ) | J39: NHAI | K39: In Progress
B40: SH Crossing-3 nos
B41: 1 | C41: SP | D41: SH | E41: 61/2 | G41: 62/0 | I41: SH-02 Fatehabad To okhlana | J41: PWD | K41: Approved | O41: NOC Received on date 28.11.2025
B42: 2 | C42: SP | D42: SH | E42: 44/0 | G42: 44/1 | I42: SH-10 (BARWALA-AGROHA ROAD | J42: PWD | K42: Approved | O42: NOC Received on date 06.08.2025
B43: 3 | C43: SF | D43: SH | E43: 32A/0 | G43: 32B/0 | I43: SH10 (BARWALA-ADAMPUR ) | J43: PWD | K43: Approved | O43: NOC Received on date 11.08.2025
B44: Railway Crossing-06 nos
B45: 1 | C45: SP | D45: RL | E45: 2A | G45: 2B | I45: (Sadulpur -Siwani) Single Electrified Railway track | J45: Northern Railway | K45: In Progress
B46: 2 | C46: SP | D46: RL | E46: 27/0 | G46: 28/0 | I46: ( Hisar-Bhatinda ) Single Electrified Track | J46: North Western Railway | K46: In Progress
B47: 3 | C47: SP | D47: RL | E47: 70/0 | G47: 71/0 | I47: (Bhatinda-Hansi) Single Electrified Railway Track | J47: Northern Railway | K47: In Progress
B48: 4 | C48: SP | D48: RL | E48: 87/0 | G48: 88/0 | I48: (Tohana-Narwana) Double Track Electrified | J48: Northern Railway | K48: In Progress
B49: 5 | C49: SF | D49: RL | E49: 22/0(DD60+9) | F49: Yes | G49: 23/0(DD60+9) | H49: Yes | I49: (Hisar-Bhatinda ) Single Electrified Track | J49: North Western Railway | K49: Approved | O49: NOC Received on date 13.06.2026
B50: 6 | C50: SF | D50: RL | E50: 1B | G50: 2/0 | I50: (Sadulpur -Siwani) Single Electrified Railway track | J50: North Western Railway | K50: In Progress
B51: Pipe lIne-03
B52: 1 | C52: SP | D52: Pipe line | E52: 15A/0 | G52: 15B/0 | I52: ROHTAK -PANIPAT PIPELINE | J52: GSPL | K52: In Progress
B53: 2 | C53: SP | D53: Pipe line | E53: 55/1 | F53: Yes | G53: 55/2 | H53: Yes | I53: HPCL (RAMANMANDI-BAHADURGARH ) PIPE LINE | J53: HPCL | K53: Approved | L53: 55/1-Compl 55/2-Compl | M53: 55/1-Compl | O53: Approved on Date 02-04-2026
B54: 3 | C54: SF | D54: Pipe line | E54: 10/2 | G54: 10/3 | I54: GSPL INDIA GASNET LIMITED 18''HIGH PRESSURE LPG PIPE LINE & OFC ROHTAK - PANIPAT | J54: GSPL | K54: In Progress
B90: 3/3
B91: 3/4
B92: 3/5
B93: 3/6
B94: 3/7
B95: 3/8
B96: 3/9

Sheet Earthing S-F
A1: KEC International Limited
A2: 400 KV D/C (Quad) Siwani-Fatehabad TL
A3: Details of Earthing
I4: TFR
A5: CUMM. SR.NO | B5: MONTH SR.NO. | C5: Loc. No. | D5: Type of Tower | E5: Type of Classification | F5: Type of Earthing | G5: Start | H5: Complete | I5: Before Earthing Value | J5: After Earthing Value | K5: Remarks
A6: 1 | B6: 1 | C6: 24/2 | D6: =VLOOKUP(C6,'FDN S-F'!$C$6:$E$24,2,0) -> DA+0 | E6: =VLOOKUP(C6,'FDN S-F'!$C$6:$E$24,3,0) -> WET | F6: Pipe Type | G6: 45874 | H6: =G6 -> 45874 | I6: 1.56 | J6: 1.39
A7: 2 | B7: 2 | C7: 24/3 | D7: =VLOOKUP(C7,'FDN S-F'!$C$6:$E$24,2,0) -> DA+0 | E7: =VLOOKUP(C7,'FDN S-F'!$C$6:$E$24,3,0) -> Sandy | F7: Pipe Type | G7: 45873 | H7: =G7 -> 45873 | I7: 2.73 | J7: 2.4
A8: 3 | B8: 3 | C8: 24/4 | D8: =VLOOKUP(C8,'FDN S-F'!$C$6:$E$24,2,0) -> DA+1.5 | E8: =VLOOKUP(C8,'FDN S-F'!$C$6:$E$24,3,0) -> Sandy | F8: Pipe Type | G8: 45874 | H8: =G8 -> 45874 | I8: 0.94 | J8: 0.85
A9: 4 | B9: 4 | C9: 25/1 | D9: =VLOOKUP(C9,'FDN S-F'!$C$6:$E$24,2,0) -> DA+1.5 | E9: =VLOOKUP(C9,'FDN S-F'!$C$6:$E$24,3,0) -> WET | F9: Pipe Type | G9: 45875 | H9: =G9 -> 45875 | I9: 1.76 | J9: 1.68
A10: 5 | B10: 5 | C10: 25/2 | D10: =VLOOKUP(C10,'FDN S-F'!$C$6:$E$24,2,0) -> DA+0 | E10: =VLOOKUP(C10,'FDN S-F'!$C$6:$E$24,3,0) -> WET | F10: Pipe Type | G10: 45875 | H10: =G10 -> 45875 | I10: 2.24 | J10: 2.01
A11: 6 | B11: 6 | C11: 23/6 | D11: =VLOOKUP(C11,'FDN S-F'!$C$6:$E$24,2,0) -> DA-1.5 | E11: =VLOOKUP(C11,'FDN S-F'!$C$6:$E$24,3,0) -> WET | F11: Pipe Type | G11: 45876 | H11: 45876 | I11: 2.79 | J11: 2.57
A12: 7 | B12: 7 | C12: 23/5 | D12: =VLOOKUP(C12,'FDN S-F'!$C$6:$E$24,2,0) -> DA+6 | E12: =VLOOKUP(C12,'FDN S-F'!$C$6:$E$24,3,0) -> WET | F12: Pipe Type | G12: 45876 | H12: 45876 | I12: 2.13 | J12: 1.97
A13: 8 | B13: 8 | C13: 24/1 | D13: =VLOOKUP(C13,'FDN S-F'!$C$6:$E$24,2,0) -> DA+0 | E13: =VLOOKUP(C13,'FDN S-F'!$C$6:$E$24,3,0) -> WET | F13: Pipe Type | G13: 45876 | H13: 45876 | I13: 1.77 | J13: 1.68
A14: 9 | B14: 9 | C14: 26/2 | D14: =VLOOKUP(C14,'FDN S-F'!$C$6:$E$24,2,0) -> DA+6 | E14: =VLOOKUP(C14,'FDN S-F'!$C$6:$E$24,3,0) -> WET | F14: Pipe Type | G14: 45877 | H14: 45877 | I14: 3.14 | J14: 2.44
A15: 10 | B15: 10 | C15: 31/1 | D15: =VLOOKUP(C15,'FDN S-F'!$C$6:$E$24,2,0) -> DA+0 | E15: =VLOOKUP(C15,'FDN S-F'!$C$6:$E$24,3,0) -> WET | F15: Pipe Type | G15: 45877 | H15: 45877 | I15: 1.84 | J15: 1.58

Sheet Proposal .
A1: Client : PowerGrid Bikaner IV Transmission Limited.
A2: KEC International Limited
A3: Name of Line: 400 KV D/C Siwani To Fatehabad + 400 KV D/C Siwani To Patran TL
A4: Summary of crossing Details
A5: Sl.No | B5: Crossing | C5: Line | D5: Total Nos | E5: Proposal Submitted | F5: Balance Submission' | G5: NOC Received | H5: Remarks
A6: 1 | B6: PL | C6: Siwani-Patran | D6: 22 | E6: 22 | F6: =D6-E6 -> 0 | G6: 16 | AU6: LINE | AV6: PL Crossing(Nos) | AX6: Submitted | AY6: Crossing Authority
C7: Siwani-Fatehabad | D7: 4 | E7: 4 | F7: =D7-E7 -> 0 | G7: 3 | AK7: Description | AL7: Total Crossing | AO7: Submitted | AR7: Balance To Submit | AS7: Concern Authority | AV7: SP | AW7: SF
A8: 2 | B8: NH | C8: Siwani-Patran | D8: 5 | E8: 5 | F8: =D8-E8 -> 0 | G8: 4 | AE8: Description | AF8: Crossing | AH8: Authority | AL8: SF | AM8: SP | AN8: Total | AO8: SF | AP8: SP | AQ8: Total | AU8: 132KV | AV8: 8 | AW8: 3 | AX8: 9 | AY8: HVPNL
C9: Siwani-Fatehabad | D9: 3 | E9: 3 | F9: =D9-E9 -> 0 | G9: 2 | AF9: SF | AG9: SP | AK9: 66 kv | AL9: 0 | AM9: 4 | AN9: =AL9+AM9 -> 4 | AO9: 0 | AP9: 4 | AQ9: =AO9+AP9 -> 4 | AR9: =AN9-AQ9 -> 0 | AS9: PSTCL | AU9: 220KV | AV9: 4 | AW9: 1 | AX9: 5 | AY9: HVPNL
A10: 3 | B10: SH | C10: Siwani-Patran | D10: 2 | E10: 2 | F10: =D10-E10 -> 0 | G10: 2 | AE10: 66 KV | AG10: 4 | AH10: PSTCL | AK10: 132 kv | AL10: 3 | AM10: 8 | AN10: =AL10+AM10 -> 11 | AO10: 2 | AP10: 7 | AQ10: =AO10+AP10 -> 9 | AR10: =AN10-AQ10 -> 2 | AS10: HVPNL | AU10: 400KV | AV10: 5 | AW10: 0 | AX10: 3 | AY10: HVPNL, 4 No's PGCIL
C11: Siwani-Fatehabad | D11: 1 | E11: 1 | F11: =D11-E11 -> 0 | G11: 1 | AE11: 132 KV | AF11: 3 | AG11: 8 | AH11: HVPNL | AK11: 220 kv | AL11: 1 | AM11: 4 | AN11: =AL11+AM11 -> 5 | AO11: 1 | AP11: 4 | AQ11: =AO11+AP11 -> 5 | AR11: =AN11-AQ11 -> 0 | AS11: HVPNL | AU11: 66KV | AV11: 4 | AW11: 0 | AX11: 4 | AY11: PSTCL
A12: 4 | B12: RL | C12: Siwani-Patran | D12: 4 | E12: 4 | F12: =D12-E12 -> 0 | G12: 1 | AE12: 220 KV | AF12: 1 | AG12: 4 | AH12: 4 Nos HVPNL , 1 Nos BBMB | AK12: 400 kv | AL12: 0 | AM12: 5 | AN12: =AL12+AM12 -> 5 | AO12: 0 | AP12: 3 | AQ12: =AO12+AP12 -> 3 | AR12: =AN12-AQ12 -> 2 | AS12: 4 PGCIL ,1 HVPNL | AU12: 765KV | AV12: 1 | AW12: 0 | AX12: 0 | AY12: PGCIL
C13: Siwani-Fatehabad | D13: 2 | E13: 2 | F13: =D13-E13 -> 0 | G13: 0 | AE13: 400 KV | AG13: 5 | AH13: 1 HVPNL , 4 PGCIL | AK13: 765KV | AL13: 0 | AM13: 1 | AN13: =AL13+AM13 -> 1 | AO13: 0 | AP13: 0 | AQ13: =AO13+AP13 -> 0 | AR13: =AN13-AQ13 -> 1 | AS13: PGCIL | AV13: =SUBTOTAL(9,AV8:AV12) -> 22 | AW13: =SUBTOTAL(9,AW8:AW12) -> 4 | AX13: =SUBTOTAL(9,AX8:AX12) -> 21
A14: 5 | B14: Canal | C14: Siwani-Patran | D14: 32 | E14: 32 | F14: =D14-E14 -> 0 | G14: 0 | AE14: 765 KV | AG14: 1 | AH14: PGCIL | AL14: =SUBTOTAL(9,AL9:AL13) -> 4 | AM14: =SUBTOTAL(9,AM9:AM13) -> 22 | AN14: =SUBTOTAL(9,AN9:AN13) -> 26 | AO14: =SUBTOTAL(9,AO9:AO13) -> 3 | AP14: =SUBTOTAL(9,AP9:AP13) -> 18 | AQ14: =SUBTOTAL(9,AQ9:AQ13) -> 21 | AR14: =SUBTOTAL(9,AR9:AR13) -> 5
C15: Siwani-Fatehabad | D15: 16 | E15: 16 | F15: =D15-E15 -> 0 | G15: 0 | AF15: =SUBTOTAL(9,AF10:AF14) -> 4 | AG15: =SUBTOTAL(9,AG10:AG14) -> 22
A16: 6 | B16: Gas pipe line | C16: Siwani-Patran | D16: 2 | E16: 2 | F16: =D16-E16 -> 0 | G16: 1
C17: Siwani-Fatehabad | D17: 1 | E17: 1 | F17: =D17-E17 -> 0 | G17: 0
A18: 7 | B18: PTCC | C18: Siwani-Patran | D18: 1 | E18: 1 | F18: =D18-E18 -> 0 | G18: 0 | H18: Submit to PGCIL on date 10.05.2026
C19: Siwani-Fatehabad | D19: 1 | E19: 1 | F19: =D19-E19 -> 0 | G19: 0
A20: 8 | B20: Civil Aviation | C20: Siwani-Patran | D20: 1 | E20: 1 | F20: =D20-E20 -> 0 | G20: 0 | H20: Online Portal uploading Under progress
C21: Siwani-Fatehabad | D21: 1 | E21: 1 | F21: =D21-E21 -> 0 | G21: 0 | H21: Upload on Portal on date 25-05-2026
A22: 9 | B22: Defence Aviation | C22: Siwani-Patran | D22: 1 | F22: =D22-E22 -> 1 | G22: 0
C23: Siwani-Fatehabad | D23: 1 | F23: =D23-E23 -> 1
A24: Total | D24: =SUM(D6:D23) -> 100 | E24: =SUM(E6:E21) -> 98 | F24: =SUM(F6:F23) -> 2 | G24: =SUM(G6:G23) -> 30
A26: Sl.No | B26: Line Name | C26: Type of crossing | D26: Description of Crossing | I26: Crossing Authority | J26: KEC Letter | K26: Status
D27: Loc from | E27: Type of Tower | F27: Loc To | G27: Type of Tower | H27: Details
A28: 1 | B28: Siwani-Patran | C28: PL Xing | D28: 2C | E28: DD45+9 | F28: 2D | G28: DD60+9 | H28: 132 KV S/C HISAR-RAJGARH TL | I28: RVPNL | K28: Proposal Submit to PGCIL on date 16.01.2026
A29: 2 | B29: Siwani-Patran | C29: PL Xing | D29: 35/0 | E29: DB1+9 | F29: 36/0 | G29: 5DB1+9 | H29: 132 KV D/C HISAR-FATEHABAD TL HVPNL | I29: HVPNL | J29: 113 ,176 | K29: Submit to PGCIL on date : 26-07-2025 Site Visit Done on Date : 21.08.2025 File Returm : Extra Clearance Required Proposal Resubmit on date 29.11.2025 ,as HVPNL requested the profile of their existing line span NOC received on 24.12.2025
A30: 3 | B30: Siwani-Patran | C30: PL Xing | D30: 38/0 | E30: 5DD45+18 | F30: 39/0 | G30: 5DC2+9 | H30: 132 KV S/C KIROR-ADAMPUR TL HVPNL | I30: HVPNL | J30: 113 ,181 | K30: Submit to PGCIL on date : 26-07-2025 Site Visit Done on Date : 21.08.2025 Presently file with Executive Engineer Revisit done on date : 16.10.2025 The proposal resubmitted on 03.12.2025, as HVPNL requested the profile of their existing line span,, NOC received on 24.12.2025
A31: 4 | B31: Siwani-Patran | C31: PL Xing | D31: 40/0 | E31: 5DB2+9 | F31: 41/0 | G31: 5DB2+18 | H31: 220 kV D/C MAYAR - FATEHABAD TL HVPNL | I31: HVPNL | J31: 113 , 181 | K31: Submit to PGCIL on date : 26-07-2025 Site Visit Done on Date : 21.08.2025 On date-19.09.2025 , File send to SE office from AE The proposal resubmitted on 04.12.2025, as HVPNL requested the profile of their existing line span NOC Received on date 02.04.2026
A32: 5 | B32: Siwani-Patran | C32: PL Xing | D32: 49/0 | E32: 5DD60+25 | F32: 50/0 | G32: 5DD60+25 | H32: 400 KV D/C KHEDAR-FATEHABAD TL HVPNL | I32: HVPNL | J32: 126 | K32: Submit to PGCIL on date : 30-08-2025 Proposal Resubmit on date 29.11.2025 ,as HVPNL requested the profile of their existing line span Proposal resubmit with compliance on dated 05.01.2025. Again Compliance Submit on date 27.01.2026 NOC Recievedon date 08.06.2026
A33: 6 | B33: Siwani-Patran | C33: PL Xing | D33: 53/0 | E33: 5DC1+18 | F33: 54/0 | G33: 5DD45+25 | H33: 220 KV D/C KIRMARA-BHUNA TL HVPNL | I33: HVPNL | J33: 119 , 179 | K33: Submit to PGCIL on date : 31-07-2025 Hard Copy Submit on Date : 13-08-2025 Site visit done on date : 02.09.2025 After Proposal verification on date 05.09.2025 , Letter send to SE From AE Proposal Re- Submit on date-04.12.2025 (Submit with Compliance) , NOC received on 23.12.2025
A34: 7 | B34: Siwani-Patran | C34: PL Xing | D34: 57/0 | E34: 5DD60+25 | F34: 58/0 | G34: 5DD60+25 | H34: 400 KV D/C MOGA-HISAR TL | I34: PGCIL | J34: 119 | K34: Submit to PGCIL on date : 31-07-2025 Hard Copy Submit on Date : 13-08-2025 Site Visit done on date : 07.10.2025 Proposal compliance -Diamond Crossing arrangement submitted to PGCIL on date 30.12.2025 Re-Site visit done on date 26-05-2026
A35: 8 | B35: Siwani-Patran | C35: PL Xing | D35: 59/0 | E35: 5DB1+9 | F35: 60/0 | G35: 5DB1+18 | H35: 220kV S/C BHUNA NARWANA TL | I35: HVPNL | J35: 117 | K35: Submit to PGCIL on date : 26-07-2025 Hard Copy Submitted on Date-13-08-2025 File Return : Extra Clearance Required as per HVPNL Revisit done on date : 16.10.2025 Proposal Resubmit on date 29.11.2025 ,as HVPNL requested the profile of their existing line span,, NOC received on 24.12.2025
A36: 9 | B36: Siwani-Patran | C36: PL Xing | D36: 60/0 | E36: 5DB1+18 | F36: 61/0 | G36: 5DB1+3 | H36: 132kV S/C BHUDDHA KHEDA -BHUNA TL | I36: HVPNL | J36: 117 | K36: Submit to PGCIL on date : 31-07-2025 Hard Copy Submit on Date : 13-08-2025 Site visit done on date : 02.09.2025 On date : 05.09.2025 , Proposal after verification sent to SE From AE Proposal Resubmit on date 29.11.2025 ,as HVPNL requested the profile of their existing line span,, NOC received on 24.12.2025
A37: 10 | B37: Siwani-Patran | C37: PL Xing | D37: 63/0 | E37: 5DD60+25 | F37: 64/0 | G37: 5DD60+25 | H37: 400kV D/C PGCIL MOGA-BHIWADI TL | I37: PGCIL | J37: 117 | K37: Submit to PGCIL on date : 26-07-2025 Hard Copy Submitted on Date-13-08-2025 Site Visit done on date : 07.10.2025 Proposal compliance -Diamond Crossing arrangement submitted to PGCIL on date 30.12.2025 Re-Site visit done on date 26-05-2026
A38: 11 | B38: Siwani-Patran | C38: PL Xing | D38: 73/1 | E38: DDH | F38: 73/2 | G38: DDH | H38: 765kV S/C line BHIWANI - MOGA TL | I38: PGCIL | J38: 147 | K38: Submit to PGCIL on date 09.10.2025 Compliance Submit on date 03.01.2025
A39: 12 | B39: Siwani-Patran | C39: PL Xing | D39: 75/0 | E39: 5DB1+18 | F39: 76/0 | G39: 5DB2+18 | H39: 132 KV D/C SAMANA-CHANDER KHURD TL | I39: HVPNL | J39: 119 , 179 | K39: Submit to PGCIL on date : 31-07-2025 Hard Copy Submit on Date : 13-08-2025 Site visit done on date : 02.09.2025 On date : 05.09.2025 , Proposal after verification sent to SE From AE Proposal Re- Submit on date-04.12.2025 (Submit with Compliance) ,, NOC recieved on 23.12.2025
A40: 13 | B40: Siwani-Patran | C40: PL Xing | D40: 82/0 | E40: 5DB2+9 | F40: 83/0 | G40: 5DB1+18 | H40: 132kV D/C SAMANA-TOHANA TL | I40: HVPNL | J40: 119 , 179 | K40: Submit to PGCIL on date : 31-07-2025 Hard Copy Submit on Date : 13-08-2025 Site visit done on date : 02.09.2025 On date : 05.09.2025 , Proposal after verification sent to SE From AE Observation by HVPNL regarding rasing Height of conductor Proposal Re- Submit on date-04.12.2025 (Submit with Compliance) ,, NOC recieved on 23.12.2025
A41: 14 | B41: Siwani-Patran | C41: PL Xing | D41: 84/0 | E41: 5DC1+18 | F41: 85/0 | G41: 5DD60+18 | H41: 220kV D/C HISAR- SANGAPUR TL | I41: BBMB | J41: 119 | K41: Submit to PGCIL on date : 31-07-2025 Hard Copy Submit on Date : 13-08-2025 Submit to concern authority on date 08.10.2025 Joint inspection done on date 29.10.2025 Proposal Submit to BBMB office on date 28.11.2025 NOC Received on date 30.12.2025
A42: 15 | B42: Siwani-Patran | C42: PL Xing | D42: 88/0 | E42: 5DD60+9 | F42: 89/0 | G42: 5DB2+9 | H42: 132kV D/C TOHANA DAMTAL SAHIB TL | I42: HVPNL | J42: 119 , 179 | K42: Submit to PGCIL on date : 31-07-2025 Hard Copy Submit on Date : 13-08-2025 File Return : Extra clearance required as per HVPNL Proposal Re- Submit on date-04.12.2025 (Submit with Compliance) ,, NOC recieved on 23.12.2025
A43: 16 | B43: Siwani-Patran | C43: PL Xing | D43: 91/0 | E43: 5DB1+18 | F43: 92/0 | G43: 5DD45+9 | H43: 132kV S/C NARWANA -TOHANA TL | I43: HVPNL | J43: 119 , 179 | K43: Submit to PGCIL on date : 31-07-2025 Hard Copy Submit on Date : 13-08-2025 Proposal Re- Submit on date-04.12.2025 (Submit with Compliance) ,, NOC recieved on 23.12.2025
A44: 17 | B44: Siwani-Patran | C44: PL Xing | D44: 96/0 | E44: 5DC2+6 | F44: 97/0 | G44: 5DB2+6 | H44: 66kV S/C MANDVI - KARODA PSTCL line | I44: PSTCL | J44: 119164 | K44: Submit to PGCIL on date : 31-07-2025 Hard Copy Submit on Date : 13-08-2025 Submit to concern authority -13.10.2025 Site visit done on date : 28.10.2025 Compliance Submit on date : 31.10.2025 Proposal are with SE PSTCL, NOC Received On date =10.12.2025
A45: 18 | B45: Siwani-Patran | C45: PL Xing | D45: 101/0 | E45: 5DB1+6 | F45: 102/0 | G45: 5DB1+6 | H45: 66kV D/C BANGA-BANARASI PSTCL line | I45: PSTCL | J45: 164 | K45: Submit to PGCIL on date : 11.08.2025 Submit to Concern authority-13.10.2025 Compliance submit on date 31.10.2025 Proposal are with SE PSTCL,NOC Received On date =10.12.2025
A46: 19 | B46: Siwani-Patran | C46: PL Xing | D46: 108/0 | E46: 5DD60+25 | F46: 109/0 | G46: 5DD60+30 | H46: 400 KV DC PATRAN-Kaithal TL | I46: PGCIL | J46: 151 | K46: Submit to PGCIL on date : 11.08.2025 Proposal compliance -Diamond Crossing arrangement submitted to PGCIL on date 30.12.2025
A47: 20 | B47: Siwani-Patran | C47: PL Xing | D47: 110/0 | E47: 5DB2+9 | F47: 111/0 | G47: 5DD45+3 | H47: 66kV S/C PATRAN-SHERGARH PSTCL line | I47: PSTCL | J47: 164 | K47: Submit to PGCIL on date : 11.08.2025 Submit to Concern authority-13.10.2025 Compliance submit on date 31.10.2025 Proposal are with SE PSTCL,NOC Received On date =10.12.2025
A48: 21 | B48: Siwani-Patran | C48: PL Xing | D48: 110/0 | E48: 5DB2+9 | F48: 111/0 | G48: 5DD45+3 | H48: Circuit 1-66kV D/C PATRAN TO KHANOURI PSTCL line Circuit 2 -66K/C PATRAN TO SHUTRANA PSTCL Line | I48: PSTCL | J48: 164 | K48: Submit to PGCIL on date : 11.08.2025 Submit to Concern authority-13.10.2025 Compliance submit on date 31.10.2025 Proposal are with SE PSTCL,NOC Received On date =10.12.2025
A49: 22 | B49: Siwani-Patran | C49: PL Xing | D49: 120/0 | E49: 5DD60+25 | F49: 121/0 | G49: 5DD60+18 | H49: 400 KV D/C PATIALA -PATRAN TL | I49: PGCIL | J49: 152 | K49: Submit to PGCIL on date : 17.10.2025 Diamond Proposal demand Diamond Proposal (Preparation U/P)
A50: 23 | B50: Siwani-Fatehabad | C50: PL Xing | D50: 51/0 | E50: 5DD45+18 | F50: 52/0 | G50: 5DD45+9 | H50: 220 KV D/C HISAR -FATEHABAD TL | I50: HVPNL | J50: 180 | K50: Submit by mail on date : 23-07-2025. Hard Copy submit on date-26-07-2025 Site Visit done on date -21.08.2025 On date-19.09.2025 , File send to SE office from AE The proposal resubmitted on 04.12.2025, as HVPNL requested the profile of their existing line span Proposal submit to SE Hisar on 29.12.2025 which forwarded to SE Panchkula on 31.12.2025 NOC Recieved on date 16.01.2026
A51: 24 | B51: Siwani-Fatehabad | C51: PL Xing | D51: 53/0 | E51: 5DD45+18 | F51: 54/0 | G51: 5DD60+9 | H51: 132 KV D/C TL HISAR-FATEHABAD TL | I51: HVPNL | J51: 180 | K51: Submit by mail on date : 23-07-2025. Hard Copy submit on date-26-07-2025 Site Visit done on date -21.08.2025 On date-19.09.2025 , File send to SE office from AE The proposal resubmitted on 04.12.2025, as HVPNL requested the profile of their existing line span NOC Recieved
A52: 25 | B52: Siwani-Fatehabad | C52: PL Xing | D52: 29/0 | E52: DB2+18 | F52: 30/0 | G52: DC1+6 | H52: 132 KV S/C KIRORI-Adampur TL HVPNL | I52: HVPNL | J52: 180 | K52: Submit by mail on date : 23-07-2025. Hard Copy submit on date-26-07-2025 Site Visit done on date -21.08.2025 On date-19.09.2025 , File send to SE office from AE The proposal resubmitted on 04.12.2025, as HVPNL requested the profile of their existing line span,, NOC received on 24.12.2025
A53: 26 | B53: Siwani-Fatehabad | C53: PL Xing | D53: 2C | E53: DD60+6 | F53: 2D | G53: DD60+6 | H53: 132 KV S/C HISAR-RAJGARH TL | I53: RVPNL | J53: 180 | K53: The proposal submitted on 04.12.2025
A54: Road Crossing
A55: 1 | B55: Siwani-Patran | C55: Highway Xing | D55: 2/0 | E55: DD60 | F55: 2A/0 | G55: DD60 | H55: NH529( HISAR -RAJGARH ) | I55: NHAI | K55: Proposal submit to PGCIL on date 29.01.2026
A56: 2 | B56: Siwani-Patran | C56: Highway Xing | D56: 33/0 | E56: DD60+0 | F56: 34/0 | G56: DD60+3 | H56: NH-9 (SIRSA -ROHTAK ) | I56: NHAI | J56: 99A | K56: Submit to PGCIL On date : 10.07.2025 Submitted to Concern authority on date : 23-07-2025 Site Visit done 20.08.2025 On Dated:11.09.2025 , ProposaL return as there is some point need to be compliances Compliance Submit on date 30.09.2025 File send To RO Chandigarh NOC Recieved
A57: 3 | B57: Siwani-Patran | C57: Highway Xing | D57: 112/0 | E57: 5DD45+0 | F57: 113/0 | G57: 5DB2+0 | H57: NH-52 (PATRAN-HISAR) | I57: NHAI | J57: 99 | K57: Submitted To PGCIL on dated : 09.07.2025 Site Visit done on 26.08.2025 Proposal is with PIU Chandigarh, Demand Letter in the form of BG is received from PIU Chd. E Ofc Note initiated on 30.12.2025 NOC Received on date-09.05.2026] NOC Received
A58: 4 | B58: Siwani-Patran | C58: Highway Xing | D58: 116/0 | E58: 5DC1+0 | F58: 117/0 | G58: 5DD45+0 | H58: DELHI -AMRITSAR NE5 EXPRESS WAY | I58: NHAI | J58: 99 | K58: Submitted To PGCIL on dated : 09.07.2025 Site visit done on date : 18.09.2025 File is with PIU Bhiwani Invitation of Public Comment Issued-31.12.2025 NOC Received on date 30.03.2026
A59: 5 | B59: Siwani-Patran | C59: Highway Xing | D59: 80/0 | E59: 5DC2+0 | F59: 81/0 | G59: 5DC1+3 | H59: NH-148B Moonak -Surewala | I59: NHAI | J59: 99 | K59: Submitted To PGCIL on dated : 09.07.2025 NOC Received on date : 28.11.2025
A60: 6 | B60: Siwani-Fatehabad | C60: Highway Xing | D60: 42/0 | E60: 5DD45+0 | F60: 43/0 | G60: 5DD60+3 | H60: NH-9 (SIRSA-ROHTAK ) | I60: NHAI | K60: Submitted To PGCIL ON Dated : 08.07.2025 Site Visit done on date : 01.08.2025 Presently case at RO, Chandigarh On Dated:11.09.2025 , ProposaL return as there is some point need to be compliances Compliance Submit on date 30.09.2025 File send to RO Chandigarh NOC Recieved
A61: 7 | B61: Siwani-Fatehabad | C61: Highway Xing | D61: 62/0 | E61: 5DD45+3 | F61: 63/0 | G61: 5DC2+0 | H61: NH-9 (SIRSA-ROHTAK ) | I61: NHAI | K61: Submitted To PGCIL ON Dated : 08.07.2025 Site Visit done on date : 01.08.2025 Presently case at RO, Chandigarh On Dated:11.09.2025 , ProposaL return as there is some point need to be compliances Compliance Submit on date 30.09.2025 File send to RO Chandigarh
A62: 8 | B62: Siwani-Fatehabad | C62: Highway Xing | D62: 1A | E62: DD60 | F62: 1B | G62: DD60 | H62: NH52( SIWANI -RAJGARH ) | I62: NHAI | K62: Proposal Submit to PGCIL on date 08.12.2025 Submit on portal on date 12.01.2026
A63: 10 | B63: Siwani-Patran | C63: SH Xing | D63: 61/2 | E63: 5DD45+0 | F63: 62/0 | G63: 5DD60+0 | H63: SH-02 Fatehabad To okhlana | I63: PWD | J63: 95 | K63: Submitted to PGCIL on dated 28.06.2025 NOC Received on date : 28.11.2025
A64: 11 | B64: Siwani-Patran | C64: SH Xing | D64: 44/0 | E64: 5DD45+0 | F64: 44/1 | G64: 5DA+0 | H64: SH-10 (BARWALA-AGROHA ROAD | I64: PWD | K64: Submitted to PGCIL on dated 21.06.2025 NOC Received on Date : 06.08.2025
A65: 14 | B65: Siwani-Fatehabad | C65: SH Xing | D65: 32A/0 | E65: DB2+3 | F65: 32B/0 | G65: DB2+0 | H65: SH10 (BARWALA-ADAMPUR ) | I65: PWD | K65: Submitted to PGCIL on dated : 21.06.2025 NOC Received on Date: 11.08.2025
A66: Utlility Crossing
A67: 1 | B67: Siwani-Patran | C67: Gas Pipe line | D67: 15A/0 | E67: DC2+6 | F67: 15B/0 | G67: DC1+9 | H67: ROHTAK -PANIPAT PIPELINE | I67: GSPL | J67: 136 | K67: Submitted on date 10.09.2025 Site visit done on date 13.10.2025 Letter submitted to GSPL on 02.01.2026 for consideration of processing fee, BG Submmission for further issuance of NOC. (Insurance shall be submitted later on start of work)
A68: 2 | B68: Siwani-Patran | C68: Gas Pipe line | D68: 55/1 | E68: 5DA+9 | F68: 55/2 | G68: 5DA+3 | H68: HPCL (RAMANMANDI-BAHADURGARH ) PIPE LINE | I68: HPCL | J68: 136 | K68: Submitted on date 15.10.2025. NOC Received on Date 02.04.2026
A69: 3 | B69: Siwani-Fatehabad | C69: Gas Pipe line | D69: 10/2 | E69: DA+0 | F69: 10/3 | G69: DA+3 | H69: GSPL INDIA GASNET LIMITED 18''HIGH PRESSURE LPG PIPE LINE & OFC ROHTAK - PANIPAT | I69: GSPL | J69: 136 | K69: Submitted on date 10.09.2025 Site visit done on date 13.10.2025 Letter submitted to GSPL on 02.01.2026 for consideration of NOC. (processing fee, BG Submmission has proposed yet. (Insurance shall be submit later on start of work
A70: Railway Crossing
A71: 1 | B71: Siwani-Patran | C71: RL Xing | D71: 70/0 | E71: 5DD60+6 | F71: 71/0 | G71: 5DD60+6 | H71: (Bhatinda-Hansi) Single Electrified Railway Track | I71: Northern Railway | J71: 168 | K71: Submit on Date-11.08.2025 Hard copy submitted to PGCIL after document verification by PGCIL on date 31.10.2025 Submit on online Portal on date 31.10.2025 Site Visit done on date 11.11.2025 File wiith Div.Electrical engineer(G).
A72: 2 | B72: Siwani-Patran | C72: RL Xing | D72: 2/0 | E72: DD60 | F72: 2B | G72: DD60 | H72: (Sadulpur -Siwani) Single Electrified Railway track | I72: North Western Railway | K72: Proposal submit to PGCIL on date 16.01.2026 Site Visit done on date : 17.04.2026
A73: 3 | B73: Siwani-Patran | C73: RL Xing | D73: 27/0 | E73: DD60+6 | F73: 28/0 | G73: DD60+6 | H73: ( Hisar-Bhatinda ) Single Electrified Track | I73: North Western Railway | J73: By Mail | K73: Submit on Date-08.08.2025(ROW)
A74: 4 | B74: Siwani-Patran | C74: RL Xing | D74: 87/0 | E74: 5DD60+9 | F74: 88/0 | G74: 5DD60+9 | H74: (Tohana-Narwana) Double Track Electrified | I74: Northern Railway | J74: 168 | K74: Submit on Date-11.08.2025 Hard copy submitted to PGCIL after document verification by PGCIL on date 31.10.2025 Submit on online Portal on date 31.10.2025, Joint Visit done on 13.11.2025, File submit to Delhi officeon date 03.01.2025
A75: 5 | B75: Siwani-Fatehabad | C75: RL Xing | D75: 22/0 | E75: DD60+9 | F75: 23/0 | G75: DD60+6 | H75: (Hisar-Bhatinda ) Single Electrified Track | I75: North Western Railway | J75: By Mail | K75: Submit on Date-06.08.2025 Online Submit on Portal on Date : 12-08-2025 Online Submit Observation 13-08-2025 Compliance Submitted by KEC. site visit done on date : 17.11.2025 File sign by ADEN And to be submitted to Bikaner Office On date 22.12.2025 Compliance submit By KEC in bikaner Railway office. NOC Recieved on date 12-06-2026
A76: 6 | B76: Siwani-Fatehabad | C76: RL Xing | D76: 1B | E76: DD60 | F76: 2/0 | G76: DD60 | H76: (Sadulpur -Siwani) Single Electrified Railway track | I76: North Western Railway | J76: By Mail | K76: Submit by mail on date :: 10.11.2025 Proposal Submit online on date 05.01.2025 Proposal resubmit on date 05.02.2025 for compliance. Revised SLD submit on date 25.02.2025 Query raised by railway regarding the correction of name on date 24.04.2026 . Same Compliance by KEC on date 25.04.2026
A77: CANAL
A78: 1 | B78: Siwani-Patran | C78: Canal | D78: 7/1 | E78: =VLOOKUP($D78,'[279]TS SP'!$C$49:$E$805,2,0) -> DA+3 | F78: 8/0 | G78: =VLOOKUP($F78,'[279]TS SP'!$C$49:$E$805,2,0) -> DB1+0 | H78: Devsar Fedder | I78: Irrigation Dept. | J78: 120 | K78: Submit on 11.08.2025 , Demand Draft Submitted .
A79: 2 | B79: Siwani-Patran | C79: Canal | D79: 8/5 | E79: =VLOOKUP($D79,'[279]TS SP'!$C$49:$E$805,2,0) -> DA+6 | F79: 9/0 | G79: =VLOOKUP($F79,'[279]TS SP'!$C$49:$E$805,2,0) -> DC2+3 | H79: Devsar Fedder | I79: Irrigation Dept. | J79: 120
A80: 3 | B80: Siwani-Patran | C80: Canal | D80: 10/1 | E80: =VLOOKUP($D80,'[279]TS SP'!$C$49:$E$805,2,0) -> DA+6 | F80: 10/2 | G80: =VLOOKUP($F80,'[279]TS SP'!$C$49:$E$805,2,0) -> DA+0 | H80: Devsar Fedder | I80: Irrigation Dept. | J80: 120
A81: 4 | B81: Siwani-Patran | C81: Canal | D81: 11/0 | E81: =VLOOKUP($D81,'[279]TS SP'!$C$49:$E$805,2,0) -> DB1+3 | F81: 12/0 | G81: =VLOOKUP($F81,'[279]TS SP'!$C$49:$E$805,2,0) -> DB2+0 | H81: Gawar Minor | I81: Irrigation Dept. | J81: 120
A82: 5 | B82: Siwani-Patran | C82: Canal | D82: 15B/1 | E82: =VLOOKUP($D82,'[279]TS SP'!$C$49:$E$805,2,0) -> DA+0 | F82: 15B/2 | G82: =VLOOKUP($F82,'[279]TS SP'!$C$49:$E$805,2,0) -> DA+3 | H82: Rawalvas Minor | I82: Irrigation Dept. | J82: 120
A83: 6 | B83: Siwani-Patran | C83: Canal | D83: 17/3 | E83: =VLOOKUP($D83,'[279]TS SP'!$C$49:$E$805,2,0) -> DA+3 | F83: 19/0 | G83: =VLOOKUP($F83,'[279]TS SP'!$C$49:$E$805,2,0) -> DC2+9 | H83: Sarsana canal | I83: Irrigation Dept. | J83: 120
A84: 7 | B84: Siwani-Patran | C84: Canal | D84: 21/4 | E84: =VLOOKUP($D84,'[279]TS SP'!$C$49:$E$805,2,0) -> DA+0 | F84: 21/5 | G84: =VLOOKUP($F84,'[279]TS SP'!$C$49:$E$805,2,0) -> DA+3 | H84: Chodhari minor | I84: Irrigation Dept. | J84: 120
A85: 8 | B85: Siwani-Patran | C85: Canal | D85: 23/0 | E85: =VLOOKUP($D85,'[279]TS SP'!$C$49:$E$805,2,0) -> DB1-3 | F85: 23/1 | G85: =VLOOKUP($F85,'[279]TS SP'!$C$49:$E$805,2,0) -> DA-1.5 | H85: Kabir Minor | I85: Irrigation Dept. | J85: 120
A86: 9 | B86: Siwani-Patran | C86: Canal | D86: 24/0 | E86: =VLOOKUP($D86,'[279]TS SP'!$C$49:$E$805,2,0) -> DB2+3 | F86: 24/1 | G86: =VLOOKUP($F86,'[279]TS SP'!$C$49:$E$805,2,0) -> DA+9 | H86: HisarDistributory | I86: Irrigation Dept. | J86: 120
A87: 10 | B87: Siwani-Patran | C87: Canal | D87: 26/0 | E87: =VLOOKUP($D87,'[279]TS SP'!$C$49:$E$805,2,0) -> DB2+0 | F87: 26/1 | G87: =VLOOKUP($F87,'[279]TS SP'!$C$49:$E$805,2,0) -> DA+0 | H87: Rana minor | I87: Irrigation Dept. | J87: 120
A88: 11 | B88: Siwani-Patran | C88: Canal | D88: 29/1 | E88: =VLOOKUP($D88,'[279]TS SP'!$C$49:$E$805,2,0) -> DA+0 | F88: 29/2 | G88: =VLOOKUP($F88,'[279]TS SP'!$C$49:$E$805,2,0) -> DA+9 | H88: Nyoli minor | I88: Irrigation Dept. | J88: 120
A89: 12 | B89: Siwani-Patran | C89: Canal | D89: 46/0 | E89: =VLOOKUP($D89,'[279]TS SP'!$C$49:$E$805,2,0) -> 5DD45+6 | F89: 46/1 | G89: =VLOOKUP($F89,'[279]TS SP'!$C$49:$E$805,2,0) -> 5DA+6 | H89: Pabra minor canal | I89: Irrigation Dept. | J89: 120
A90: 13 | B90: Siwani-Patran | C90: Canal | D90: 47/0 | E90: =VLOOKUP($D90,'[279]TS SP'!$C$49:$E$805,2,0) -> 5DC1+3 | F90: 47/1 | G90: =VLOOKUP($F90,'[279]TS SP'!$C$49:$E$805,2,0) -> 5DA+9 | H90: Kuleri minor canal | I90: Irrigation Dept. | J90: 120
... A109: 32 | B109: Siwani-Patran | C109: Canal | D109: 115/0 | E109: =VLOOKUP($D109,'[279]TS SP'!$C$49:$E$805,2,0) -> 5DB2+0 | F109: 115/1 | G109: =VLOOKUP($F109,'[279]TS SP'!$C$49:$E$805,2,0) -> 5DA+6 | H109: Karam garh link | I109: Irrigation Dept. | J109: 120
A110: 1 | B110: Siwani-Fatehabad | C110: Canal | D110: 3/10 | E110: =VLOOKUP($D110,'[279]TS SF'!$C$10:$D$413,2,0) -> DA+6 | F110: 4/0 | G110: =VLOOKUP($F110,'[279]TS SF'!$C$10:$D$413,2,0) -> DB2+3 | H110: Pratamal minor | I110: Irrigation Dept. | J110: 119
A111: 2 | B111: Siwani-Fatehabad | C111: Canal | D111: 4/2 | E111: =VLOOKUP($D111,'[279]TS SF'!$C$10:$D$413,2,0) -> DA+6 | F111: 4/3 | G111: =VLOOKUP($F111,'[279]TS SF'!$C$10:$D$413,2,0) -> DA+3 | H111: Devsar Fedder | I111: Irrigation Dept. | J111: 119
A112: 3 | B112: Siwani-Fatehabad | C112: Canal | D112: 6/10 | E112: =VLOOKUP($D112,'[279]TS SF'!$C$10:$D$413,2,0) -> DA+0 | F112: 7/0 | G112: =VLOOKUP($F112,'[279]TS SF'!$C$10:$D$413,2,0) -> DB1+0 | H112: Gawar Minor | I112: Irrigation Dept. | J112: 119
A113: 4 | B113: Siwani-Fatehabad | C113: Canal | D113: 14/1 | E113: =VLOOKUP($D113,'[279]TS SF'!$C$10:$D$413,2,0) -> DA+3 | F113: 15/0 | G113: =VLOOKUP($F113,'[279]TS SF'!$C$10:$D$413,2,0) -> DC2+0 | H113: Sarsana minor | I113: Irrigation Dept. | J113: 119
A114: 5 | B114: Siwani-Fatehabad | C114: Canal | D114: 16/7 | E114: =VLOOKUP($D114,'[279]TS SF'!$C$10:$D$413,2,0) -> DA+0 | F114: 16/8 | G114: =VLOOKUP($F114,'[279]TS SF'!$C$10:$D$413,2,0) -> DA+0 | H114: Chodhari minor | I114: Irrigation Dept. | J114: 119
A115: 6 | B115: Siwani-Fatehabad | C115: Canal | D115: 18/0 | E115: =VLOOKUP($D115,'[279]TS SF'!$C$10:$D$413,2,0) -> DB1+0 | F115: 18/1 | G115: =VLOOKUP($F115,'[279]TS SF'!$C$10:$D$413,2,0) -> DA+0 | H115: Kabir Minor | I115: Irrigation Dept. | J115: 119
A116: 7 | B116: Siwani-Fatehabad | C116: Canal | D116: 18/4 | E116: =VLOOKUP($D116,'[279]TS SF'!$C$10:$D$413,2,0) -> DA-1.5 | F116: 19/0 | G116: =VLOOKUP($F116,'[279]TS SF'!$C$10:$D$413,2,0) -> DC2+3 | H116: Hisar Distri canal / Hisar Drain | I116: Irrigation Dept. | J116: 119
A117: 8 | B117: Siwani-Fatehabad | C117: Canal | D117: 21/0 | E117: =VLOOKUP($D117,'[279]TS SF'!$C$10:$D$413,2,0) -> DB2+0 | F117: 21/1 | G117: =VLOOKUP($F117,'[279]TS SF'!$C$10:$D$413,2,0) -> DA+0 | H117: Rana minor | I117: Irrigation Dept. | J117: 119
A118: 9 | B118: Siwani-Fatehabad | C118: Canal | D118: 30/0 | E118: =VLOOKUP($D118,'[279]TS SF'!$C$10:$D$413,2,0) -> DC1+6 | F118: 30/1 | G118: =VLOOKUP($F118,'[279]TS SF'!$C$10:$D$413,2,0) -> DA+0 | H118: Jakhod Distributary canal | I118: Irrigation Dept. | J118: 119
A119: 10 | B119: Siwani-Fatehabad | C119: Canal | D119: 34/1 | E119: =VLOOKUP($D119,'[279]TS SF'!$C$10:$D$413,2,0) -> DA+6 | F119: 35/0 | G119: =VLOOKUP($F119,'[279]TS SF'!$C$10:$D$413,2,0) -> DD45+0 | H119: Sidhhmukh Fedder Canal | I119: Irrigation Dept. | J119: 119
...

Sheet ROW S-F
A1: ROW Status(Siwani-Fatehabad TL) | N1: =TODAY() -> 46203
A3: S.No | B3: Loc. No. | C3: Tower/Type | D3: Activity | E3: Date of Approach | F3: Date of Resolution | G3: Duration of ROW (Days) | H3: Nature of hindrance | I3: Status of Resolution | J3: Name of Farmer | K3: Father Name | L3: Mobile no. | M3: Vill. Name | N3: Tehsil
A4: 1 | B4: 19/1 | C4: =VLOOKUP(B4,'TS SF'!$C$8:$S$1048576,2,0) -> DA+3 | D4: Foundation | E4: 45774 | G4: =$N$1-E4+1 -> 430 | H4: Demanding Compensation before work & (MRC is not fixed by PGCIL) | I4: Pending | J4: Sh Ramkumar | K4: Sh. Tularam | L4: 9416927655/8199991624 | M4: Mattrasham | N4: Hisar | O4: 1
A5: =A4+1 -> 2 | B5: 19/2 | C5: =VLOOKUP(B5,'TS SF'!$C$8:$S$1048576,2,0) -> DA-3 | D5: Foundation | E5: 45774 | G5: =$N$1-E5+1 -> 430 | H5: Demanding Compensation before work & (MRC is not fixed by PGCIL) | I5: Pending | J5: Sh.Amardeep | K5: Sh. Omprakash | L5: 7206313374/9466052316 | M5: Mattrasham | N5: Hisar | O5: 1
A6: =A5+1 -> 3 | B6: 21/1 | C6: =VLOOKUP(B6,'TS SF'!$C$8:$S$1048576,2,0) -> DA+0 | D6: Foundation | E6: 45774 | F6: 45839 | G6: =$N$1-E6+1 -> 430 | H6: Demanding Compensation before work & (MRC is not fixed by PGCIL) | I6: Pending | J6: Sh.Bhup Singh Nain | L6: 9467874974 | M6: Mattrasham | N6: Hisar | O6: 1
A7: =A6+1 -> 4 | B7: 21/2 | C7: =VLOOKUP(B7,'TS SF'!$C$8:$S$1048576,2,0) -> DA-3 | D7: Foundation | E7: 45774 | G7: =$N$1-E7+1 -> 430 | H7: Demanding Compensation before work & (MRC is not fixed by PGCIL) | I7: Pending | J7: Sh.Sube Singh Nain(Pappu) | L7: 9416123004 | M7: Mattrasham | N7: Hisar | O7: 1
A8: =A7+1 -> 5 | B8: 21/3 | C8: =VLOOKUP(B8,'TS SF'!$C$8:$S$1048576,2,0) -> DA-3 | D8: Foundation | E8: 45774 | G8: =$N$1-E8+1 -> 430 | H8: Demanding Compensation before work & (MRC is not fixed by PGCIL) | I8: Pending | J8: Sh.Rajbir Singh Nain | L8: 7015457214 | M8: Mattrasham | N8: Hisar | O8: 1
A9: =A8+1 -> 6 | B9: 23/2 | C9: =VLOOKUP(B9,'TS SF'!$C$8:$S$1048576,2,0) -> DA+3 | D9: Foundation | E9: 45751 | G9: =$N$1-E9+1 -> 453 | H9: Demanding Compensation before work & (MRC is not fixed by PGCIL) | I9: Pending | J9: Suresh mund | K9: Ramchandra | L9: 9812365010 | M9: Neoli Khurd | N9: Adampur | O9: 1
A10: =A9+1 -> 7 | B10: 23/3 | C10: =VLOOKUP(B10,'TS SF'!$C$8:$S$1048576,2,0) -> DA+0 | D10: Foundation | E10: 45752 | F10: 45798 | G10: =F10-E10 -> 46 | H10: Demanding Compensation before work & Market Rate of Land | I10: resolved | J10: Satendra Jaat | K10: Adhwari | L10: 9812100060 | M10: neoli Khurd | N10: Adampur
A11: =A10+1 -> 8 | B11: 23/4 | C11: =VLOOKUP(B11,'TS SF'!$C$8:$S$1048576,2,0) -> DA+0 | D11: Foundation | E11: 45759 | G11: =$N$1-E11+1 -> 445 | H11: Demanding Compensation before work & (MRC is not fixed by PGCIL) | I11: Pending | J11: Sh.Maan Singh & Sh. Suresh Saran | K11: Sh.Bhaum Singh / Mangat Ram | M11: Neoli Khurd | N11: Adampur | O11: 1
A12: =A11+1 -> 9 | B12: 24/4 | C12: =VLOOKUP(B12,'TS SF'!$C$8:$S$1048576,2,0) -> DA+1.5 | D12: Foundation | E12: 45717 | F12: 45793 | G12: =F12-E12 -> 76 | H12: Demanding Compensation before work & Market Rate of Land | I12: resolved | J12: Kajila Panchayat & Subbaram | L12: Subbaram (9466873306) | M12: Kajila | N12: Adampur
A13: =A12+1 -> 10 | B13: 26/1 | C13: =VLOOKUP(B13,'TS SF'!$C$8:$S$1048576,2,0) -> DA+0 | D13: Foundation | E13: 45738 | G13: =$N$1-E13+1 -> 466 | H13: Demanding Compensation before work & (MRC is not fixed by PGCIL) | I13: Pending | J13: Santlal & Makhan lal | L13: 9813959071 & 9728201541 | M13: Asrawa | N13: Asrawa | O13: 1
A14: =A13+1 -> 11 | B14: 32B/1 | C14: =VLOOKUP(B14,'TS SF'!$C$8:$S$1048576,2,0) -> DA+3 | D14: Foundation | E14: 45776 | F14: 45802 | G14: =F14-E14 -> 26 | H14: Demanding Compensation before work & Market Rate of Land | I14: resolved | J14: Sh. Balwant Singh | K14: Sh. Ganga Visan | L14: 8572072491/9518465559 | M14: Kalirawan | N14: Adampur
A15: =A14+1 -> 12 | B15: 32B/2 | C15: =VLOOKUP(B15,'TS SF'!$C$8:$S$1048576,2,0) -> DA+3 | D15: Foundation | E15: 45776 | G15: =$N$1-E15+1 -> 428 | H15: Demanding Compensation before work & (MRC is not fixed by PGCIL) | I15: Pending | J15: Smt. Indrawati Jhajhariya | L15: 9999593555/9549558888 | M15: Kalirawan | N15: Adampur | O15: 1
A16: =A15+1 -> 13 | B16: 33/1 | C16: =VLOOKUP(B16,'TS SF'!$C$8:$S$1048576,2,0) -> DA+6 | D16: Foundation | E16: 45762 | G16: =$N$1-E16+1 -> 442 | H16: Demanding Compensation before work & (MRC is not fixed by PGCIL) | I16: Pending | J16: Sh.Sandeep | K16: Sh. Ramswaroop | L16: 9813263383 | M16: Kalirawan | N16: Adampur | O16: 1
A17: =A16+1 -> 14 | B17: 34/1 | C17: =VLOOKUP(B17,'TS SF'!$C$8:$S$1048576,2,0) -> DA+6 | D17: Foundation | E17: 45760 | G17: =$N$1-E17+1 -> 444 | H17: Demanding Compensation before work & (MRC is not fixed by PGCIL) | I17: Pending | J17: Sh.Satpal Singh | K17: Sh.Bhoop Singh Godara | L17: 9992738883/9671933543 | M17: Kalirawan | N17: Adampur | O17: 1
A18: =A17+1 -> 15 | B18: 35/1 | C18: =VLOOKUP(B18,'TS SF'!$C$8:$S$1048576,2,0) -> DA+1.5 | D18: Foundation | E18: 45761 | G18: =$N$1-E18+1 -> 443 | H18: Demanding Compensation before work & (MRC is not fixed by PGCIL) | I18: Pending | J18: Sh.Baljeet Chahar | K18: Sh. Badri chahar | L18: 9812346450 | M18: Khasamahajan | N18: Adampur | O18: 1
A19: =A18+1 -> 16 | B19: 35/2 | C19: =VLOOKUP(B19,'TS SF'!$C$8:$S$1048576,2,0) -> DA+6 | D19: Foundation | E19: 45762 | G19: =$N$1-E19+1 -> 442 | H19: Demanding Compensation before work & (MRC is not fixed by PGCIL) | I19: Pending | J19: Sh.Baljeet Singh | K19: Sh. Chatar Singh | L19: 8053573208/9812238045 | M19: Khasamahajan | N19: Adampur | O19: 1
A20: 17 | B20: 38/1 | C20: =VLOOKUP(B20,'TS SF'!$C$8:$S$1048576,2,0) -> DA+0 | D20: Foundation | E20: 45760 | G20: =$N$1-E20+1 -> 444 | H20: Demanding Compensation before work & (MRC is not fixed by PGCIL) | I20: Pending | J20: Sh.Yuglal | K20: Sh.Brijlal | L20: 8057700029/9991463529 | M20: Khasamahajan | N20: Adampur | O20: 1
A21: 18 | B21: 39/1 | C21: =VLOOKUP(B21,'TS SF'!$C$8:$S$1048576,2,0) -> DA+1.5 | D21: Foundation | E21: 45760 | G21: =$N$1-E21+1 -> 444 | H21: Demanding Compensation before work & (MRC is not fixed by PGCIL) | I21: Pending | J21: Sh.Dharam Chand | K21: Sh.Ratan Singh | L21: 9350342508 | M21: Khasamahajan | N21: Adampur | O21: 1
A22: 19 | B22: 18/1 | C22: =VLOOKUP(B22,'TS SF'!$C$8:$S$1048576,2,0) -> DA+0 | D22: Foundation | E22: 45824 | G22: =$N$1-E22+1 -> 380 | H22: Deny to accept intimation notice | I22: Pending | J22: Mr.Satpal | K22: Sh.Ramji lal | L22: 949925762 | M22: Mattrasham | N22: Hisar | O22: 1
A23: 20 | B23: 18/2 | C23: =VLOOKUP(B23,'TS SF'!$C$8:$S$1048576,2,0) -> DA+0 | D23: Foundation | E23: 45824 | G23: =$N$1-E23+1 -> 380 | H23: Deny to accept intimation notice | I23: Pending | J23: Seetaram & Subhash Chandra | K23: Sh.Amar Singh Sh. Omprakash | L23: 9466150116 | M23: Mattrasham | N23: Hisar | O23: 1
A24: 21 | B24: 18/3 | C24: =VLOOKUP(B24,'TS SF'!$C$8:$S$1048576,2,0) -> DA-1.5 | D24: Foundation | E24: 45824 | G24: =$N$1-E24+1 -> 380 | H24: Deny to accept intimation notice | I24: Pending | J24: Raghuvvir Singh | M24: Mattrasham | N24: Hisar | O24: 1
A25: 22 | B25: 18/4 | C25: =VLOOKUP(B25,'TS SF'!$C$8:$S$1048576,2,0) -> DA-1.5 | D25: Foundation | E25: 45824 | F25: 45826 | G25: =F25-E25 -> 2 | H25: Deny to accept intimation notice | I25: resolved | J25: Mahavir ji C & D pit. | L25: 8901254602 | M25: Mattrasham | N25: Hisar
A26: 23 | B26: 3/8 | C26: =VLOOKUP(B26,'TS SF'!$C$8:$S$1048576,2,0) -> DA+3 | D26: Foundation | E26: 45826 | G26: =$N$1-E26+1 -> 378 | I26: Pending | J26: Pursaram | O26: 1
A27: 24 | B27: 3/9 | C27: =VLOOKUP(B27,'TS SF'!$C$8:$S$1048576,2,0) -> DA+0 | D27: Foundation | E27: 45826 | G27: =$N$1-E27+1 -> 378 | I27: Pending | J27: Satish | O27: 1
A28: 25 | B28: 3/10 | C28: =VLOOKUP(B28,'TS SF'!$C$8:$S$1048576,2,0) -> DA+6 | D28: Foundation | E28: 45826 | G28: =$N$1-E28+1 -> 378 | I28: Pending | J28: Wazir Singh | L28: 8449631111 | O28: 1
A29: 26 | B29: 24/0 | C29: =VLOOKUP(B29,'TS SF'!$C$8:$S$1048576,2,0) -> DB1+0 | D29: Foundation | E29: 45835 | F29: 45843 | G29: =F29-E29 -> 8 | H29: Demanding Compensation before work & (MRC is not fixed by PGCIL) | I29: resolved | J29: Subhash Punia | K29: Tek chand | L29: 9467252125 | M29: Mallapur | N29: Hisar | O29: 1
A30: 27 | B30: 19/0 | C30: =VLOOKUP(B30,'TS SF'!$C$8:$S$1048576,2,0) -> DC2+3 | D30: Foundation | E30: 45842 | F30: 45919 | G30: =F30-E30 -> 77 | H30: Demanding Compensation before work & (MRC is not fixed by PGCIL) | I30: resolved | J30: Rishipal | K30: Bheemsingh | L30: 9466329508 | M30: Mattarsham | N30: Hisar
A31: 28 | B31: 25/0 | C31: =VLOOKUP(B31,'TS SF'!$C$8:$S$1048576,2,0) -> DB2+0 | D31: Foundation | E31: 45835 | G31: =$N$1-E31+1 -> 369 | H31: Demanding Compensation before work & (MRC is not fixed by PGCIL) | I31: resolved | J31: Subhash Uff Pandu | K31: Ramshwaroop bishnoi | L31: 8569911929 | M31: Kaulan | N31: Adampur
A32: 27 | B32: 8/6 | C32: =VLOOKUP(B32,'TS SF'!$C$8:$S$1048576,2,0) -> DA+0 | D32: Foundation | E32: 45854 | G32: =$N$1-E32+1 -> 350 | H32: Work when kissan union agree | I32: Pending | J32: Mohanlal , satbir ,swube singh | K32: Alisherji | L32: 9991620086 | M32: Gorchhi | N32: Balsamand | O32: 1
A33: 28 | B33: 8/5 | C33: =VLOOKUP(B33,'TS SF'!$C$8:$S$1048576,2,0) -> DA-3 | D33: Foundation | E33: 45854 | G33: =$N$1-E33+1 -> 350 | H33: Work when kissan union agree | I33: Pending | J33: Raj kumar | K33: Guru datta | L33: 9873407664 | M33: Choudhriwas | N33: Balsamand | O33: 1
A34: 29 | B34: 8/7 | C34: =VLOOKUP(B34,'TS SF'!$C$8:$S$1048576,2,0) -> DA+6 | D34: Foundation | E34: 45854 | G34: =$N$1-E34+1 -> 350 | H34: Work when kissan union agree | I34: Pending | J34: Sushil ji | K34: Juglal | L34: 8168868724 | M34: Gorchhi | N34: Balsamand | O34: 1
A35: 30 | B35: 8/8 | C35: =VLOOKUP(B35,'TS SF'!$C$8:$S$1048576,2,0) -> DA+0 | D35: Foundation | E35: 45854 | G35: =$N$1-E35+1 -> 350 | H35: Work when kissan union agree | I35: Pending | J35: Jila singh | K35: Jagat | L35: 7015458662 | M35: Gorchhi | N35: Balsamand | O35: 1
A36: 31 | B36: 8/9 | C36: =VLOOKUP(B36,'TS SF'!$C$8:$S$1048576,2,0) -> DA+3 | D36: Foundation | E36: 45854 | G36: =$N$1-E36+1 -> 350 | H36: Work when kissan union agree | I36: Pending | J36: Manga lal , Hawa Singh , Azad | L36: 9992093998 9729969033 9992510816 | M36: Gorchhi | N36: Balsamand | O36: 1
A37: 32 | B37: 8/1 | C37: =VLOOKUP(B37,'TS SF'!$C$8:$S$1048576,2,0) -> DA+0 | D37: Foundation | E37: 45854 | G37: =$N$1-E37+1 -> 350 | H37: Work when kissan union agree | I37: Pending | J37: Banwari | K37: Lal singh | L37: 9812813090 | M37: Gawar | N37: Balsamand | O37: 1
A38: 33 | B38: 8/2 | C38: =VLOOKUP(B38,'TS SF'!$C$8:$S$1048576,2,0) -> DA+0 | D38: Foundation | E38: 45854 | G38: =$N$1-E38+1 -> 350 | H38: Work when kissan union agree | I38: Pending | J38: Bharat Singh | K38: Kurda Ram | L38: 9812021238 | M38: Gawar | N38: Balsamand | O38: 1
A39: 34 | B39: 8/3 | C39: =VLOOKUP(B39,'TS SF'!$C$8:$S$1048576,2,0) -> DA+6 | D39: Foundation | E39: 45854 | G39: =$N$1-E39+1 -> 350 | H39: Work when kissan union agree | I39: Pending | J39: Jaipal Singh | K39: Suba Singh | L39: 9813290041 | M39: Gawar | N39: Balsamand | O39: 1
A40: 35 | B40: 8/4 | C40: =VLOOKUP(B40,'TS SF'!$C$8:$S$1048576,2,0) -> DA+3 | D40: Foundation | E40: 45854 | G40: =$N$1-E40+1 -> 350 | H40: Work when kissan union agree | I40: Pending | J40: Manga Ram | K40: Banwari Lal | L40: 7056344159 | M40: Choudhriwas | N40: Hisar | O40: 1
A41: 36 | B41: 39/0 | C41: =VLOOKUP(B41,'TS SF'!$C$8:$S$1048576,2,0) -> DB1+0 | D41: Foundation | E41: 45874 | G41: =$N$1-E41+1 -> 330 | H41: Demanding Compensation before work & (MRC is not fixed by PGCIL) | I41: Pending | J41: Sh.Dharam Chand | K41: Sh.Ratan Singh | L41: 9350342508 | M41: Khasamahajan | N41: Adampur | O41: 1
A42: 37 | B42: 38/0 | C42: =VLOOKUP(B42,'TS SF'!$C$8:$S$1048576,2,0) -> DB2+0 | D42: Foundation | E42: 45874 | G42: =$N$1-E42+1 -> 330 | H42: Demanding Compensation before work & (MRC is not fixed by PGCIL) | I42: Pending | J42: Sh Maniram ji | K42: Sh.Bhuna Ramji | L42: 9896510459 | M42: Khasamahajan | N42: Adampur | O42: 1
A43: 38 | B43: 36/0 | C43: =VLOOKUP(B43,'TS SF'!$C$8:$S$1048576,2,0) -> DC1+0 | D43: Foundation | E43: 45874 | G43: =$N$1-E43+1 -> 330 | H43: Demanding Compensation before work & (MRC is not fixed by PGCIL) | I43: Pending | J43: Sh Dalbir Singh | K43: Sh.Balbir Singh | L43: 9812482899 | M43: Khasamahajan | N43: Adampur | O43: 1
A44: 39 | B44: 35/0 | C44: =VLOOKUP(B44,'TS SF'!$C$8:$S$1048576,2,0) -> DD45+0 | D44: Foundation | E44: 45850 | G44: =$N$1-E44+1 -> 354 | H44: Demanding Compensation before work & (MRC is not fixed by PGCIL) | I44: Pending | J44: Sh.Satbir Singh/ Babru bhai | K44: Sh.Shyu Chand | L44: 9992227830/9416335913 | M44: Khasamahajan | N44: Adampur | O44: 1
A45: 40 | B45: 34/0 | C45: =VLOOKUP(B45,'TS SF'!$C$8:$S$1048576,2,0) -> DC1+0 | D45: Foundation | E45: 45850 | G45: =$N$1-E45+1 -> 354 | H45: Demanding Compensation before work & (MRC is not fixed by PGCIL) | I45: Pending | J45: Sh. Chotu ram | K45: Sh.Surja | L45: 9416940566 | M45: Kalirawan | N45: Adampur | O45: 1
A46: 41 | B46: 33/0 | C46: =VLOOKUP(B46,'TS SF'!$C$8:$S$1048576,2,0) -> DB1+3 | D46: Foundation | E46: 45850 | G46: =$N$1-E46+1 -> 354 | H46: Demanding Compensation before work & (MRC is not fixed by PGCIL) | I46: Pending | J46: Sh.Ram Swaroop | K46: Sh.Shankar | L46: 9813263383 | M46: Kalirawan | N46: Adampur | O46: 1
A47: 42 | B47: 32B/0 | C47: =VLOOKUP(B47,'TS SF'!$C$8:$S$1048576,2,0) -> DB2+0 | D47: Foundation | E47: 45873 | G47: =$N$1-E47+1 -> 331 | H47: Demand Route Diversion | I47: Pending | J47: Sh.Sitaram/Radhashyam | K47: Sh.begraj | L47: 981271879 9992477310 | M47: Kalirawan | N47: Adampur | O47: 1
A48: 43 | B48: 32/0 | C48: =VLOOKUP(B48,'TS SF'!$C$8:$S$1048576,2,0) -> DB2+3 | D48: Foundation | E48: 45873 | G48: =$N$1-E48+1 -> 331 | H48: Demanding Compensation before work & (MRC is not fixed by PGCIL) | I48: Pending | J48: Sh.Rampal, Vijendra,Premsingh | K48: Sh.HawaSingh | L48: 7206377038 9992434213 | M48: Kalirawan | N48: Adampur | O48: 1
A49: 44 | B49: 31/0 | C49: =VLOOKUP(B49,'TS SF'!$C$8:$S$1048576,2,0) -> DD45+0 | D49: Foundation | E49: 45873 | G49: =$N$1-E49+1 -> 331 | H49: Demanding Compensation before work & (MRC is not fixed by PGCIL) | I49: Pending | J49: Sh.Sultan Singh Jatt(B&C Pit) Ramesh(A&d Pit) | K49: S/0 Gyani Ram S/0 Ram Niwas | L49: 8059332245 9812472983 | M49: Kalirawan | N49: Adampur | O49: 1
A50: 45 | B50: 18/0 | C50: =VLOOKUP(B50,'TS SF'!$C$8:$S$1048576,2,0) -> DB1+0 | D50: Foundation | E50: 45874 | G50: =$N$1-E50+1 -> 330 | H50: Demanding Compensation before work & Market Rate of Land | I50: resolved | J50: Sh.Satyabir Singh | K50: Sh.Ramji Lal | L50: 9416646066 | M50: Mattrasham | N50: Hisar
A51: 46 | B51: 17/7 | C51: =VLOOKUP(B51,'TS SF'!$C$8:$S$1048576,2,0) -> DA+3 | D51: Foundation | E51: 45874 | G51: =$N$1-E51+1 -> 330 | H51: Take decision after kisan union agree to work | I51: Pending | J51: Sh.Rajendra Singh Mahendra Singh | K51: S/0 Nihal Singh | L51: Deny | M51: Mattrasham | N51: Hisar | O51: 1
A52: 47 | B52: 17/6 | C52: =VLOOKUP(B52,'TS SF'!$C$8:$S$1048576,2,0) -> DA+0 | D52: Foundation | E52: 45874 | G52: =$N$1-E52+1 -> 330 | H52: Take decision after kisan union agree to work | I52: Pending | J52: Sh.Subhash Sh. Gulab | K52: S/0 Amarsigh | L52: 9466004012 9468092870 | M52: Mattrasham | N52: Hisar | O52: 1
A53: 48 | B53: 17/0 | C53: =VLOOKUP(B53,'TS SF'!$C$8:$S$1048576,2,0) -> DB2+0 | D53: Foundation | E53: 45875 | G53: =$N$1-E53+1 -> 329 | H53: Demanding Compensation before work & (MRC is not fixed by PGCIL) | I53: Pending | J53: Suraj Bhan , Ram Nivas | K53: Sher Singh | L53: 9467969511 9729459405 | M53: Kirtan | N53: Balsamand | O53: 1
A54: 49 | B54: 17/1 | C54: =VLOOKUP(B54,'TS SF'!$C$8:$S$1048576,2,0) -> DA+0 | D54: Foundation | E54: 45875 | G54: =$N$1-E54+1 -> 329 | H54: Demanding Compensation before work & (MRC is not fixed by PGCIL) | I54: Pending | J54: Sandeep Neela | K54: Chabila Chandagi | L54: 8295280252 9416431351 | M54: Kirtan | N54: Balsamand | O54: 1
A55: 50 | B55: 17/4 | C55: =VLOOKUP(B55,'TS SF'!$C$8:$S$1048576,2,0) -> DA+0 | D55: Foundation | E55: 45875 | G55: =$N$1-E55+1 -> 329 | H55: Demanding Compensation before work & (MRC is not fixed by PGCIL) | I55: Pending | J55: Krishna(Pit c) Rajpal (Pit A&b) Mailal (Pit D) | K55: Ishwar Singh Atma Ram & Shiv karan | L55: 9728017189 9467545407 9728754617 | M55: Kirtan | N55: Balsamand | O55: 1
A56: 51 | B56: 17/3 | C56: =VLOOKUP(B56,'TS SF'!$C$8:$S$1048576,2,0) -> DA+3 | D56: Foundation | E56: 45875 | G56: =$N$1-E56+1 -> 329 | H56: Demanding Compensation before work & (MRC is not fixed by PGCIL) | I56: Pending | J56: Chanra Devi Rohtas Mahendra | K56: Ishwar Singh. Jay Singh Nathuram | L56: 8059969948 9466401002 9728017189 | M56: Kirtan | N56: Balsamand | O56: 1
A57: 52 | B57: 17/5 | C57: =VLOOKUP(B57,'TS SF'!$C$8:$S$1048576,2,0) -> DA+3 | D57: Foundation | E57: 45875 | G57: =$N$1-E57+1 -> 329 | H57: Demanding Compensation before work & (MRC is not fixed by PGCIL) | I57: Pending | J57: Jai Veer Shivkumar | K57: TulaRAM bhururam | L57: 9992814592 | M57: Kirtan | N57: Balsamand | O57: 1
A58: 53 | B58: 59/1 | C58: =VLOOKUP(B58,'TS SF'!$C$8:$S$1048576,2,0) -> 5DA+9 | D58: Foundation | E58: 45876 | G58: =$N$1-E58+1 -> 328 | H58: Demanding Compensation before work & (MRC is not fixed by PGCIL) | I58: Pending | J58: Anil Kumar | K58: Chotu Ram | L58: 9992256029 | M58: Dhangar | N58: Fatehabad | O58: 1
A59: 54 | B59: 59/0 | C59: =VLOOKUP(B59,'TS SF'!$C$8:$S$1048576,2,0) -> 5DB2+3 | D59: Foundation | E59: 45876 | G59: =$N$1-E59+1 -> 328 | H59: Demanding Compensation before work & (MRC is not fixed by PGCIL) | I59: Pending | J59: Shri Mari Sheela Devi(Pit A& b) Raj Bala(Pit C & d) | K59: Ram Narayan Shrawan Kumar | L59: 9416851119 9896929429 | M59: Dhangar | N59: Fatehabad | O59: 1
A60: 55 | B60: 60/0 | C60: =VLOOKUP(B60,'TS SF'!$C$8:$S$1048576,2,0) -> 5DD45+3 | D60: Foundation | E60: 45876 | F60: 45876 | G60: =F60-E60 -> 0 | H60: Demanding Compensation before work & (MRC is not fixed by PGCIL) | I60: Pending | J60: Hawa Singh(Pit B &c) Pawan Kumar(Pit A & d) | K60: Ram swaroop | L60: 9068113793 9068433134 | M60: Dhangar | N60: Fatehabad | O60: 1
A61: 56 | B61: 58/0 | C61: =VLOOKUP(B61,'TS SF'!$C$8:$S$1048576,2,0) -> 5DC2+3 | D61: Foundation | E61: 45879 | G61: =$N$1-E61+1 -> 325 | H61: Demanding Compensation before work & (MRC is not fixed by PGCIL) | I61: Pending | J61: Shri Mati Ratan Dev | K61: W/O Nathuram | L61: 9817477344 | M61: Dhangar | N61: Fatehabad | O61: 1
A62: 58 | B62: 55/2 | C62: =VLOOKUP(B62,'TS SF'!$C$8:$S$1048576,2,0) -> 5DA-3 | D62: Foundation | E62: 45879 | G62: =$N$1-E62+1 -> 325 | H62: Demanding Compensation before work & (MRC is not fixed by PGCIL) | I62: Pending | J62: Sushil Kumar | K62: Mohanlal | L62: 9518428745 | M62: Dhangar | N62: Fatehabad | O62: 1
A63: 59 | B63: 55/1 | C63: =VLOOKUP(B63,'TS SF'!$C$8:$S$1048576,2,0) -> 5DA-3 | D63: Foundation | E63: 45879 | F63: 46165 | G63: =F63-E63 -> 286 | H63: Demanding Compensation before work & (MRC is not fixed by PGCIL) | I63: resolved | J63: Rambai | K63: W/O Rajaram | L63: 9416490076 | M63: Dhangar | N63: Fatehabad | O63: 1
A64: 60 | B64: 55/0 | C64: =VLOOKUP(B64,'TS SF'!$C$8:$S$1048576,2,0) -> 5DB2+6 | D64: Foundation | E64: 45879 | G64: =$N$1-E64+1 -> 325 | H64: Demanding Compensation before work & (MRC is not fixed by PGCIL) | I64: Pending | J64: Dungarmal | K64: Mokh Ram | L64: 9813661170 | M64: Dhangar | N64: Fatehabad | O64: 1
A65: 61 | B65: 54/2 | C65: =VLOOKUP(B65,'TS SF'!$C$8:$S$1048576,2,0) -> 5DA+3 | D65: Foundation | E65: 45879 | G65: =$N$1-E65+1 -> 325 | H65: Demanding Compensation before work & (MRC is not fixed by PGCIL) | I65: Pending | J65: Darshan (Pit A& B) Bhup Singh (Pit C & D) | K65: Ugrasen Khyali | L65: 8570078111 9467900108 | M65: Dhangar | N65: Fatehabad | O65: 1
A66: 62 | B66: 54/0 | C66: =VLOOKUP(B66,'TS SF'!$C$8:$S$1048576,2,0) -> 5DD60+9 | D66: Foundation | E66: 45880 | G66: =$N$1-E66+1 -> 324 | H66: Demanding Compensation before work & (MRC is not fixed by PGCIL) | I66: Pending | J66: Shyo Chand | K66: Duni Chand | L66: 9518428745 | M66: Dhangar | N66: Fatehabad | O66: 1
A67: 63 | B67: 41/1 | C67: =VLOOKUP(B67,'TS SF'!$C$8:$S$1048576,2,0) -> 5DA+9 | D67: Foundation | E67: 45881 | F67: 45881 | G67: =F67-E67 -> 0 | H67: Demanding Compensation before work & (MRC is not fixed by PGCIL) | I67: Pending | J67: Krishna kumar Sarwan Kumar | K67: Naki ram | L67: 9996429321, 9992633847 | M67: Khara kheri | N67: Fatehabad | O67: 1
A68: 64 | B68: 57/0 | C68: =VLOOKUP(B68,'TS SF'!$C$8:$S$1048576,2,0) -> 5DB2-1.5 | D68: Foundation | E68: 45876 | G68: =$N$1-E68+1 -> 328 | H68: Demanding Compensation before work & (MRC is not fixed by PGCIL) | I68: Pending | J68: Shiv kumar(A&C&D Pit) Lakhmi Chand (Pit B) | K68: Ompraskash lilu ram | L68: 9991268029 7056028459 | M68: Dhangar | N68: Fatehabad | O68: 1
A69: 65 | B69: 27/0 | C69: =VLOOKUP(B69,'TS SF'!$C$8:$S$1048576,2,0) -> DC1+0 | D69: Foundation | E69: 45879 | F69: 45879 | G69: =F69-E69 -> 0 | H69: Resolved | I69: resolved | J69: Ishwar Inder | K69: Devkaran | L69: 9812713661 9416107885 | M69: Asrawa | N69: Adampur
A70: =A69+1 -> 66 | B70: 40/0 | C70: =VLOOKUP(B70,'TS SF'!$C$8:$S$1048576,2,0) -> DB2+0 | D70: Foundation | E70: 45889 | G70: =$N$1-E70+1 -> 315 | H70: Demanding Compensation before work & (MRC is not fixed by PGCIL) | I70: Pending | J70: Sunil | K70: om prakash | L70: 9068100029 | M70: Khara kheri | N70: Fatehabad
A71: =A70+1 -> 67 | B71: 40/1 | C71: =VLOOKUP(B71,'TS SF'!$C$8:$S$1048576,2,0) -> DA+3 | D71: Foundation | E71: 45889 | G71: =$N$1-E71+1 -> 315 | H71: Demanding Compensation before work & (MRC is not fixed by PGCIL) | I71: Pending | J71: Pala ram(Pi C & D) Pravendra(PitA&B) | K71: Ram lal Ramphal | L71: 9467534421 9813898958 | M71: Khara kheri | N71: Fatehabad
A72: =A71+1 -> 68 | B72: 40/2 | C72: =VLOOKUP(B72,'TS SF'!$C$8:$S$1048576,2,0) -> DA+0 | D72: Foundation | E72: 45889 | G72: =$N$1-E72+1 -> 315 | H72: Demanding Compensation before work & (MRC is not fixed by PGCIL) | I72: Pending | J72: Jagdish , Banwari , palaram | K72: Ramchandran | L72: 9812972821 | M72: Khara kheri | N72: Fatehabad

Sheet ROW S-P
A1: ROW Status (Siwani-Patran TL) | N1: =Summary!#REF! -> #REF!
A2: S.No | B2: Loc. No. | C2: Tower/Type | D2: Activity | E2: Date of 1st Approach | F2: Date of Resolution | G2: Duration of ROW (Days) | H2: Nature of hindrance | I2: Status of Resolution | J2: Name of Farmer | K2: Father Name | L2: Mobile no. | M2: Vill. Name | N2: Tehsil
A3: 1 | B3: 30/4 | C3: =VLOOKUP(B3,'TS SP '!$C$8:$K$1048576,2,0) -> DA+3 | D3: Foundation | E3: 45765 | G3: =$N$1-E3+1 -> #REF! | H3: Demanding Tower Shifting & Before Compensation | I3: Pending | J3: Sh.Janakraj | K3: Sh. Mulchand | L3: 9255500551/8168456965 | M3: Durjanpur | N3: Hisar
A4: 2 | B4: 30/5 | C4: =VLOOKUP(B4,'TS SP '!$C$8:$K$1048576,2,0) -> DA+0 | D4: Foundation | E4: 45762 | G4: =$N$1-E4+1 -> #REF! | H4: Pending,Demanding Compensation before work (MRC is not fixed by PGCIL) | I4: Pending | J4: Sh.Suresh / Sh.Mela Ram | K4: Sh.Kisanlal/Sh.Nandram | L4: 8307632460/9812843445 | M4: Chikanwas | N4: Hisar
A5: 3 | B5: 30/6 | C5: =VLOOKUP(B5,'TS SP '!$C$8:$K$1048576,2,0) -> DA+3 | D5: Foundation | E5: 45763 | G5: =$N$1-E5+1 -> #REF! | H5: Pending,Demanding Compensation before work (MRC is not fixed by PGCIL) | I5: Pending | J5: Sh. Amit Kumar | L5: 9992828789 | M5: Durjanpur | N5: Hisar
A6: 4 | B6: 30/7 | C6: =VLOOKUP(B6,'TS SP '!$C$8:$K$1048576,2,0) -> DA+3 | D6: Foundation | E6: 45772 | G6: =$N$1-E6+1 -> #REF! | H6: Pending,Demanding Compensation before work (MRC is not fixed by PGCIL) | I6: Pending | J6: Sh.Kuldeep Beniwal | K6: Sh.Jaibeer Singh | L6: 9416251922 | M6: Chikanwas | N6: Hisar
A7: 5 | B7: 31/1 | C7: =VLOOKUP(B7,'TS SP '!$C$8:$K$1048576,2,0) -> DA+0 | D7: Foundation | E7: 45780 | G7: =$N$1-E7+1 -> #REF! | H7: Pending,Demanding Compensation before work (MRC is not fixed by PGCIL) | I7: Pending | J7: Kashabil Das | K7: Sh.Ram Karan | L7: 9992718781 | M7: Chikanwas | N7: Hisar
A8: 6 | B8: 31/2 | C8: =VLOOKUP(B8,'TS SP '!$C$8:$K$1048576,2,0) -> DA+3 | D8: Foundation | E8: 45780 | G8: =$N$1-E8+1 -> #REF! | H8: Pending,Demanding Compensation before work (MRC is not fixed by PGCIL) | I8: Pending | J8: Mahavir(Vinod Son) | K8: Sh.Bagdawat | L8: 9992915495 | M8: Chikanwas | N8: Hisar
A9: 7 | B9: 32/1 | C9: =VLOOKUP(B9,'TS SP '!$C$8:$K$1048576,2,0) -> DA+0 | D9: Foundation | E9: 45780 | G9: =$N$1-E9+1 -> #REF! | H9: Pending,Demanding Compensation before work (MRC is not fixed by PGCIL) | I9: Pending | J9: Ugrasen | K9: Sh Rajendra | L9: 9034731474 | M9: Chikanwas | N9: Hisar
