Workbook
Name _: #REF!
Name _________________________________________________________dol12: #REF!
Name _________________________________________________________in18900: #REF!
Name _________________________________________________________iv19000: #REF!
Name ________________________________________________________dol12: #REF!
Name ________________________________________________________dol6: #REF!
Name ________________________________________________________in18900: #REF!
Name ________________________________________________________iv19000: #REF!
Name _______________________________________________________dol12: #REF!
Name _______________________________________________________dol6: #REF!
Name _______________________________________________________in18900: #REF!
Name _______________________________________________________iv19000: #REF!
Name ______________________________________________________dol12: #REF!
Name ______________________________________________________dol6: #REF!
Name _____________________________________________________dol12: #REF!
Name _____________________________________________________dol6: #REF!
Name _____________________________________________________in18900: #REF!
Name _____________________________________________________iv19000: #REF!
Name ____________________________________________________dol12: #REF!
Name ____________________________________________________dol6: #REF!
Name ____________________________________________________in18900: #REF!
Name ____________________________________________________iv19000: #REF!
Name ___________________________________________________dol12: #REF!
Name ___________________________________________________dol6: #REF!
Name ___________________________________________________in18900: #REF!
Name ___________________________________________________iv19000: #REF!
Name __________________________________________________dol12: #REF!
Name __________________________________________________dol6: #REF!
Name __________________________________________________in18900: #REF!
Name __________________________________________________iv19000: #REF!
Name _________________________________________________dol6: #REF!
Name _________________________________________________in18900: #REF!
Name _________________________________________________iv19000: #REF!
Name ________________________________________________dol12: #REF!
Name ________________________________________________in18900: #REF!
Name ________________________________________________iv19000: #REF!
Name _______________________________________________dol12: #REF!
Name _______________________________________________dol6: #REF!
Name _______________________________________________in18900: #REF!
Name _______________________________________________iv19000: #REF!
Name ______________________________________________dol12: #REF!
Name ______________________________________________dol6: #REF!
Name ______________________________________________IDA1: #REF!
Name ______________________________________________in18900: #REF!
Name ______________________________________________iv19000: #REF!
Name ______________________________________________xlnm.Print_Area_1: #REF!
Name ______________________________________________xlnm.Print_Area_2: #REF!
Name ______________________________________________xlnm.Print_Titles_1: #REF!
Name ______________________________________________xlnm.Print_Titles_2: (#REF!,#REF!)
Name _____________________________________________dol12: #REF!
Name _____________________________________________dol6: #REF!
Name _____________________________________________IDA1: #REF!
Name _____________________________________________in18900: #REF!
Name _____________________________________________iv19000: #REF!
Name ____________________________________________dol12: #REF!
Name ____________________________________________dol6: #REF!
Name ____________________________________________IDA1: #REF!
Name ____________________________________________in18900: #REF!
Name ____________________________________________iv19000: #REF!
Name ____________________________________________xlnm.Print_Area_1: #REF!

Sheet Summary S
A1: KEC International Limited
A2: Supply Status | J2: =TODAY()-1 -> 46166
A3: Name of Line _ 765 kV Bikaner-IV PS – Siwani (2nd) line - Part-I
A4: Sr. No. | B4: Item Description | C4: Finalized Vendor | D4: Unit | E4: Start Date as per Approved L2 Schedule | F4: FInish Date as per Approved L2 Schedule | G4: Total Qty as per LOA | H4: Received Till Date | I4: Balance | J4: Remarks
A5: 1 | B5: Tower Stub | C5: KEC | D5: Nos. | E5: 45708 | F5: 45955 | G5: 315 | H5: 319 | I5: =G5-H5 -> -4
A6: 2 | B6: Tower Earthing | C6: KEC | D6: Nos. | E6: 45708 | F6: 45955 | G6: 315 | H6: 319 | I6: =G6-H6 -> -4
A7: 3 | B7: Tower Structure | C7: KEC | D7: Nos. | E7: 45757 | F7: 46101 | G7: 315 | H7: 298 | I7: =G7-H7 -> 17 | J7: DA+0/+3/+6/+9/-1.5/-3 Extn - 51/71/54/44/18/12 Nos. DB1+0/+3/+6/+9 Extn - 9/3/1/2 Nos. DB2+0/+3/+6/+9 Extn - 6/3/1/1 Nos. DC1+0/+3/+6 Extn - 3/1/1Nos. DC2+0/+3/+9 Extn - 3/1/1 Nos. DC2+0 - 1 Nos.(TP Tower) DD1+0/+9 Extn - 2/2 Nos. DD2+0/+3/+18/+25/+35 Extn - 1/1/1/1/2 Nos. (12937.29 MT received)
A8: 4 | B8: Conductor | C8: KEC Cables | D8: Km | E8: 45853 | F8: 46193 | G8: 4398 | H8: 3682.104 | I8: =G8-H8 -> 715.896
A9: 5 | B9: Insulator | C9: Aditya Birla | D9: Nos. | E9: 45853 | F9: 46193 | G9: =6366+5906 -> 12272 | H9: 0 | I9: =G9-H9 -> 12272
A10: 6 | B10: H/w Fittings | C10: Tag | D10: % | E10: 45853 | F10: 46193 | G10: 1 | H10: 0 | I10: =G10-H10 -> 1
A11: 7 | B11: OPGW Cable | C11: Apar Industries | D11: Km | E11: 45981 | F11: 46162 | G11: 127 | H11: 0 | I11: =G11-H11 -> 127

Sheet Supply Status
A1: SUPPLY STATUS AS PER BOQ
A2: Name of Line _ 765 kV Bikaner-IV PS – Siwani (2nd) line - Part-I
A3: Agency: KEC INTERNATIONAL Limited
A4: Status as on | K4: =TODAY()-1 -> 46166
A5: Sl. No. | B5: Activity Description | C5: Item Description | D5: Supplier | E5: Unit | F5: Total Quantity | G5: Supplies as per L2 | H5: Actual as on date | I5: Balance | J5: Present status of balance supplies | K5: Expected date of supply
A6: 1 | B6: EARTHING OF TOWERS | C6: Supply of Pipe Type Earthing | D6: KEC | E6: EA | F6: 297 | H6: 319 | I6: =F6-H6 -> -22 | M6: =H6/F6 -> 1.0740741
A7: 2 | B7: EARTHING OF TOWERS | C7: Supply of Counterpoise type earthing (120 mlength) | D7: KEC | E7: EA | F7: 15 | I7: =F7-H7 -> 15 | M7: =H7/F7 -> 0
A8: 3 | B8: EARTHING OF TOWERS | C8: ROD TYPE EARTHING | D8: KEC | E8: EA | F8: 297 | H8: 319 | I8: =F8-H8 -> -22 | M8: =H8/F8 -> 1.0740741
A9: 4 | B9: EARTHING OF TOWERS | C9: Supply of Shieldwire EarthingincludingPG clamps, downlead clampsbutexcluding Earthwire bits for Pipetypeearthing | D9: KEC | E9: EA | F9: 14 | I9: =F9-H9 -> 14 | M9: =H9/F9 -> 0
A10: 5 | B10: EARTHING OF TOWERS | C10: Supply of Shieldwire Earthing Counterpoise (4X30M) Type including PGclamps, downlead clamps but excluding Earthwire bits. | D10: KEC | E10: EA | F10: 3 | I10: =F10-H10 -> 3 | M10: =H10/F10 -> 0
A11: 6 | B11: EARTHING OF TOWERS | C11: Counterpoise type (280 m length) | D11: KEC | E11: EA | F11: 3 | I11: =F11-H11 -> 3 | M11: =H11/F11 -> 0
A12: 7 | B12: TOWER ACCESSORIES | C12: Danger Plate for 765kV | D12: KEC | E12: EA | F12: 315 | I12: =F12-H12 -> 315 | M12: =H12/F12 -> 0
A13: 8 | B13: TOWER ACCESSORIES | C13: Number Plate for 765kV | D13: KEC | E13: EA | F13: 315 | I13: =F13-H13 -> 315 | M13: =H13/F13 -> 0
A14: 9 | B14: TOWER ACCESSORIES | C14: Phase Plate (Set of three) | D14: KEC | E14: SET | F14: 630 | I14: =F14-H14 -> 630 | M14: =H14/F14 -> 0
A15: 10 | B15: TOWER ACCESSORIES | C15: Circuit Plate (Set of two) | D15: KEC | E15: SET | F15: 315 | I15: =F15-H15 -> 315 | M15: =H15/F15 -> 0
A16: 11 | B16: TOWER ACCESSORIES | C16: Supply of Anti-Climbing Devices ofBarbedWire Type | D16: KEC | E16: SET | F16: 315 | I16: =F16-H16 -> 315 | M16: =H16/F16 -> 0
A17: 12 | B17: TOWER ACCESSORIES | C17: Bird Guard (Set of Three) | D17: KEC | E17: SET | F17: 510 | I17: =F17-H17 -> 510 | M17: =H17/F17 -> 0
A18: 13 | B18: CONDUCTOR | C18: AL59 ZEBRA CONDUCTOR (KM) | D18: KEC Cables | E18: KM | F18: 4398 | H18: 3682.104 | I18: =F18-H18 -> 715.896 | M18: =H18/F18 -> 0.83722237
A19: 14 | B19: Earthwire | C19: 7/3.66 G.S. EARTHWIRE | D19: Nirmal Wires | E19: KM | F19: 122 | H19: 86 | I19: =F19-H19 -> 36 | M19: =H19/F19 -> 0.70491803
A20: 15 | B20: HARDWARE FITTINGS | C20: Hardware Fittings for 765kV AC with Hexagonal Zebra Conductor-Double ISuspension String | D20: TAG | E20: SET | F20: 1530 | H20: 1298 | I20: =F20-H20 -> 232 | M20: =H20/F20 -> 0.84836601
A21: 16 | B21: HARDWARE FITTINGS | C21: Hardware Fittings for 765kV AC with Hexagonal Zebra Conductor-Single ISuspension String (Pilot) | D21: TAG | E21: SET | F21: 94 | H21: 85 | I21: =F21-H21 -> 9 | M21: =H21/F21 -> 0.90425532
A22: 17 | B22: HARDWARE FITTINGS | C22: Hardware Fittings for 765kV AC with Hexagonal ZebraConductor-Quadruple Tension String | D22: TAG | E22: SET | F22: 732 | H22: 633 | I22: =F22-H22 -> 99 | M22: =H22/F22 -> 0.8647541
A23: 18 | B23: HARDWARE FITTINGS | C23: Hardware Fittings for 765kV AC with Hexagonal Zebra Conductor-SingleTension String | D23: TAG | E23: SET | F23: 4 | I23: =F23-H23 -> 4 | M23: =H23/F23 -> 0
A24: 19 | B24: HARDWARE FITTINGS | C24: Hardware Fittings for 765kV AC with Hexagonal Zebra Conductor-Double ISuspension String | D24: TAG | E24: SET | F24: 25 | I24: =F24-H24 -> 25 | M24: =H24/F24 -> 0
A25: 20 | B25: HARDWARE FITTINGS | C25: Hardware Fittings for 765kV AC with Hexagonal Zebra Conductor-Single ISuspension String (Pilot) | D25: TAG | E25: SET | F25: 5 | I25: =F25-H25 -> 5 | M25: =H25/F25 -> 0
A26: 21 | B26: HARDWARE FITTINGS | C26: Hardware Fittings for 765kV AC with Hexagonal ZebraConductor-Quadruple Tension String | D26: TAG | E26: SET | F26: 10 | I26: =F26-H26 -> 10 | M26: =H26/F26 -> 0
A27: 22 | B27: HARDWARE FITTINGS | C27: Hardware Fittings for 765kV AC with Hexagonal Zebra Conductor-SingleTension String | D27: TAG | E27: SET | F27: 1 | I27: =F27-H27 -> 1 | M27: =H27/F27 -> 0
A28: 23 | B28: CONDUCTOR ACCESSORIES | C28: MID SPAN COMPRESSION JOINT FOR AL59 ZEBRA CONDUCTOR | D28: TAG | E28: EA | F28: 2199 | H28: 1880 | I28: =F28-H28 -> 319 | M28: =H28/F28 -> 0.85493406
A29: 24 | B29: CONDUCTOR ACCESSORIES | C29: REPAIR SLEEVE FOR AL59 ZEBRA CONDUCTOR | D29: TAG | E29: EA | F29: 733 | H29: 632 | I29: =F29-H29 -> 101 | M29: =H29/F29 -> 0.8622101
A30: 25 | B30: CONDUCTOR ACCESSORIES | C30: T-CONNECTOR-765KV AC WITH AL59 HEXA ZEBRA | D30: TAG | E30: EA | F30: 96 | H30: 91 | I30: =F30-H30 -> 5 | M30: =H30/F30 -> 0.94791667
A31: 26 | B31: CONDUCTOR ACCESSORIES | C31: PREFORMED RETAINING ROD TYPE SPACER DAMPER SUITABLE FOR HEXA AL59ZEBRA CONDUCTOR | D31: TAG | E31: EA | F31: 13230 | H31: 11280 | I31: =F31-H31 -> 1950 | M31: =H31/F31 -> 0.85260771
A32: 27 | B32: CONDUCTOR ACCESSORIES | C32: HEXAGONAL RIGID SPACER-765KV AC WITH AL59 HEX ZEBRA | D32: TAG | E32: EA | F32: 1800 | H32: 1540 | I32: =F32-H32 -> 260 | M32: =H32/F32 -> 0.85555556
A33: 28 | B33: CONDUCTOR ACCESSORIES | C33: MID SPAN COMPRESSION JOINT FOR AL59 ZEBRA CONDUCTOR | D33: TAG | E33: EA | F33: 10 | I33: =F33-H33 -> 10 | M33: =H33/F33 -> 0
A34: 29 | B34: CONDUCTOR ACCESSORIES | C34: REPAIR SLEEVE FOR AL59 ZEBRA CONDUCTOR | D34: TAG | E34: EA | F34: 10 | I34: =F34-H34 -> 10 | M34: =H34/F34 -> 0
A35: 30 | B35: CONDUCTOR ACCESSORIES | C35: T-CONNECTOR-765KV AC WITH AL59 HEXA ZEBRA | D35: TAG | E35: EA | F35: 10 | I35: =F35-H35 -> 10 | M35: =H35/F35 -> 0
A36: 31 | B36: CONDUCTOR ACCESSORIES | C36: PREFORMED RETAINING ROD TYPE SPACER DAMPER SUITABLE FOR HEXA AL59ZEBRA CONDUCTOR | D36: TAG | E36: EA | F36: 40 | I36: =F36-H36 -> 40 | M36: =H36/F36 -> 0
A37: 32 | B37: CONDUCTOR ACCESSORIES | C37: HEXAGONAL RIGID SPACER-765KV AC WITH AL59 HEX ZEBRA | D37: TAG | E37: EA | F37: 10 | I37: =F37-H37 -> 10 | M37: =H37/F37 -> 0
A38: 33 | B38: Earthwire Accessories | C38: Mid Span Compression Joint -7/3.66mmEarth Wire | D38: TAG | E38: EA | F38: 67 | H38: 59 | I38: =F38-H38 -> 8 | M38: =H38/F38 -> 0.88059701
A39: 34 | B39: Earthwire Accessories | C39: FLEXIBLE AL BOND-7/3.66MM E/W | D39: TAG | E39: EA | F39: 377 | H39: 305 | I39: =F39-H39 -> 72 | M39: =H39/F39 -> 0.80901857
A40: 35 | B40: Earthwire Accessories | C40: Vibration damper -7/3.66mm Earth Wire | D40: TAG | E40: EA | F40: 754 | H40: 647 | I40: =F40-H40 -> 107 | M40: =H40/F40 -> 0.85809019
A41: 36 | B41: Earthwire Accessories | C41: Suspension clamp assembly -7/3.66mmEarth Wire | D41: TAG | E41: EA | F41: 255 | H41: 220 | I41: =F41-H41 -> 35 | M41: =H41/F41 -> 0.8627451
A42: 37 | B42: Earthwire Accessories | C42: Tension clamp assembly-7/3.66mm EarthWire | D42: TAG | E42: EA | F42: 120 | H42: 104 | I42: =F42-H42 -> 16 | M42: =H42/F42 -> 0.86666667
A43: 38 | B43: Earthwire Accessories | C43: Mid Span Compression Joint -7/3.66mmEarth Wire | D43: TAG | E43: EA | F43: 2 | I43: =F43-H43 -> 2 | M43: =H43/F43 -> 0
A44: 39 | B44: Earthwire Accessories | C44: FLEXIBLE AL BOND-7/3.66MM E/W | D44: TAG | E44: EA | F44: 5 | I44: =F44-H44 -> 5 | M44: =H44/F44 -> 0
A45: 40 | B45: Earthwire Accessories | C45: Vibration damper -7/3.66mm Earth Wire | D45: TAG | E45: EA | F45: 6 | I45: =F45-H45 -> 6 | M45: =H45/F45 -> 0
A46: 41 | B46: Earthwire Accessories | C46: Suspension clamp assembly -7/3.66mmEarth Wire | D46: TAG | E46: EA | F46: 3 | I46: =F46-H46 -> 3 | M46: =H46/F46 -> 0
A47: 42 | B47: Earthwire Accessories | C47: Tension clamp assembly-7/3.66mm EarthWire | D47: TAG | E47: EA | F47: 2 | I47: =F47-H47 -> 2 | M47: =H47/F47 -> 0
A48: 43 | B48: INSULATOR (CLR) | C48: Composite long rod Insulators for 765kV Transmission Line-160 KN (Length-2975 mm, Creepage-12400 mm) | D48: Aditya Birla | E48: EA | F48: 6316 | I48: =F48-H48 -> 6316 | M48: =H48/F48 -> 0
A49: 44 | B49: INSULATOR (CLR) | C49: Composite long rod Insulators for 765kV Transmission Line-210 KN (Length-2975 mm, Creepage-12400 mm) | D49: Aditya Birla | E49: EA | F49: 5856 | I49: =F49-H49 -> 5856 | M49: =H49/F49 -> 0
A50: 45 | B50: INSULATOR (CLR) | C50: Composite long rod Insulators for 765kV Transmission Line-160 KN (Length-2975 mm, Creepage-12400 mm) | D50: Aditya Birla | E50: EA | F50: 50 | I50: =F50-H50 -> 50 | M50: =H50/F50 -> 0
A51: 46 | B51: INSULATOR (CLR) | C51: Composite long rod Insulators for 765kV Transmission Line-210 KN (Length-2975 mm, Creepage-12400 mm) | D51: Aditya Birla | E51: EA | F51: 50 | I51: =F51-H51 -> 50 | M51: =H51/F51 -> 0
A52: 47 | B52: AVIATION REQUIREMENTS | C52: Supply of Span Marker for Aviation | E52: EA | F52: 345 | I52: =F52-H52 -> 345 | M52: =H52/F52 -> 0
A53: 48 | B53: AVIATION REQUIREMENTS | C53: Supply of Obstruction Lights (as perIS5613)-1 Medium Intensity + 2LowIntensity | E53: SET | F53: 311 | I53: =F53-H53 -> 311 | M53: =H53/F53 -> 0
A54: 49 | B54: AVIATION REQUIREMENTS | C54: Supply of Obstruction Lights (as per IS5613)-1 Medium Intensity + 4 LowIntensity | E54: SET | F54: 4 | I54: =F54-H54 -> 4 | M54: =H54/F54 -> 0
A55: 50 | B55: Sleeves | C55: INSULATION SLEEVE FOR CONDUCTOR | D55: TAG | E55: M | F55: 240 | I55: =F55-H55 -> 240 | M55: =H55/F55 -> 0
A56: 51 | B56: FABRICATION AND SUPPLY (MT) | C56: Fabrication, galvanising & supply ofvarious types of towers & towerparts,tower/leg extensions (complete)excluding step bolt, stubs andbolts &nuts but including hangers, D-Shackles,pack washers etc.-HTSteel for NormalTowers | D56: KEC | E56: MT | F56: 10052 | H56: 9344.96 | I56: =F56-H56 -> 707.04 | M56: =H56/F56 -> 0.92966176
A57: 52 | B57: FABRICATION AND SUPPLY (MT) | C57: Fabrication, galvanising & supply ofvarious types of towers & towerparts,tower/leg extensions (complete)excluding step bolt, stubs andbolts &nuts but including hangers, D-Shackles,pack washers etc.-MSSteel for NormalTowers | D57: KEC | E57: MT | F57: 3855 | H57: 3592.33 | I57: =F57-H57 -> 262.67 | M57: =H57/F57 -> 0.93186252
A58: 53 | B58: FABRICATION AND SUPPLY (MT) | C58: Fabrication, galvanising & supply ofstubs with cleats for varioustypes oftowers and tower extensions(complete)with packwashers excluding supply ofbolts & nuts-HT Steel for Normal Towers | D58: KEC | E58: MT | F58: 377 | H58: 348 | I58: =F58-H58 -> 29 | M58: =H58/F58 -> 0.92307692
A59: 54 | B59: FABRICATION AND SUPPLY (MT) | C59: Supply of Hexagonal Bolts & Nuts fortowers including Step Bolts,SpringWashers etc. | D59: KEC | E59: MT | F59: 579 | H59: =548.585-H60 -> 540.295 | I59: =F59-H59 -> 38.705 | M59: =H59/F59 -> 0.93315199
A60: 55 | B60: FABRICATION AND SUPPLY (MT) | C60: Supply of Bolts & Nuts for Stubsincluding Spring Washers etc. | D60: KEC | E60: MT | F60: 8.29 | H60: 8.29 | I60: =F60-H60 -> 0 | M60: =H60/F60 -> 1
A61: 56 | B61: OPGW Supply | C61: 24 FIBRE (DWSM) OPGW FIBRE OPTIC CABLE | D61: Apar Industries | E61: KM | F61: 127 | I61: =F61-H61 -> 127 | M61: =H61/F61 -> 0
A62: 57 | B62: OPGW Supply | C62: Suspension clamp assembly for 24 fibreOPGW | E62: EA | F62: 245 | I62: =F62-H62 -> 245 | M62: =H62/F62 -> 0
A63: 58 | B63: OPGW Supply | C63: TENSION FITTINGS ASSEMBLY ON SUSPENSIONTOWER FOR 24F OPGW INCLUDINGALLACCESSORIES AT JOINT BOX (SPLICING)LOCATION | E63: SET | F63: 10 | I63: =F63-H63 -> 10 | M63: =H63/F63 -> 0
A64: 59 | B64: OPGW Supply | C64: TENSION FITTINGS ASSEMBLY FOR 24F OPGWINCLUDING ALL ACCESSORIES FORJOINT BOX(SPLICING) LOCATION | E64: SET | F64: 16 | I64: =F64-H64 -> 16 | M64: =H64/F64 -> 0
A65: 60 | B65: OPGW Supply | C65: TENSION ASSEMBLY - DOUBLE TENSION PASSTHROUGH ASSEMBLY FOR 24 FIBEROPGW | E65: SET | F65: 44 | I65: =F65-H65 -> 44 | M65: =H65/F65 -> 0
A66: 61 | B66: OPGW Supply | C66: TENSION ASSEMBLY - DEAD END FOR 24 FIBEROPGW | E66: SET | F66: 1 | I66: =F66-H66 -> 1 | M66: =H66/F66 -> 0
A67: 62 | B67: OPGW Supply | C67: Vibration Damper for 24 fibre OPGW | E67: EA | F67: 1384 | I67: =F67-H67 -> 1384 | M67: =H67/F67 -> 0
A68: 63 | B68: OPGW Supply | C68: Down Lead clamp Assembly for 24 fibreOPGW | E68: EA | F68: 1350 | I68: =F68-H68 -> 1350 | M68: =H68/F68 -> 0
A69: 64 | B69: OPGW Supply | C69: Joint Box for 24 fibre OPGW | E69: EA | F69: 27 | I69: =F69-H69 -> 27 | M69: =H69/F69 -> 0
A70: 65 | B70: OPGW Supply | C70: 48 FIBRE (DWSM) OPGW FIBRE OPTIC CABLE | D70: Apar Industries | E70: KM | F70: 20 | I70: =F70-H70 -> 20 | M70: =H70/F70 -> 0
A71: 66 | B71: OPGW Supply | C71: Suspension clamp assembly for 48 fibre OPGW | E71: EA | F71: 51 | I71: =F71-H71 -> 51 | M71: =H71/F71 -> 0
A72: 67 | B72: OPGW Supply | C72: TENSION ASSEMBLY - DEAD END FOR 48 FIBER OPGW | E72: SET | F72: 1 | I72: =F72-H72 -> 1 | M72: =H72/F72 -> 0
A73: 68 | B73: OPGW Supply | C73: TENSION FITTINGS ASSEMBLY FOR 48F OPGW INCLUDING ALL ACCESSORIES FORJOINT BOX (SPLICING) LOCATION | E73: SET | F73: 3 | I73: =F73-H73 -> 3 | M73: =H73/F73 -> 0
A74: 69 | B74: OPGW Supply | C74: TENSION ASSEMBLY - DOUBLE TENSION PASS THROUGH ASSEMBLY FOR 48 FIBEROPGW | E74: SET | F74: 4 | I74: =F74-H74 -> 4 | M74: =H74/F74 -> 0
A75: 70 | B75: OPGW Supply | C75: TENSION ASSEMBLY FOR JOINTING AT SUSPENSION TOWER FOR 48 FIBER OPGW | E75: SET | F75: 1 | I75: =F75-H75 -> 1 | M75: =H75/F75 -> 0
A76: 71 | B76: OPGW Supply | C76: Vibration Damper for 48 fibre OPGW | E76: EA | F76: 136 | I76: =F76-H76 -> 136 | M76: =H76/F76 -> 0
A77: 72 | B77: OPGW Supply | C77: Down Lead clamp Assembly for 48 fibre OPGW | E77: EA | F77: 167 | I77: =F77-H77 -> 167 | M77: =H77/F77 -> 0
A78: 73 | B78: OPGW Supply | C78: Joint Box for 48 fibre OPGW | E78: EA | F78: 5 | I78: =F78-H78 -> 5 | M78: =H78/F78 -> 0
A79: 74 | B79: OPGW Supply | C79: OPGW Fibre Optic Distribution Panel (FODP): Indoor Type: 96F | E79: EA | F79: 1 | I79: =F79-H79 -> 1 | M79: =H79/F79 -> 0
A80: 75 | B80: OPGW Supply | C80: GI PIPE INSTALLATION HARDWARE FOR APPROACH CABLING | E80: KM | F80: 0.5 | I80: =F80-H80 -> 0.5 | M80: =H80/F80 -> 0
A81: 76 | B81: OPGW Supply | C81: GI ELBOW INSTALLATION HARDWARE FOR APPROAH CABLING | E81: EA | F81: 10 | I81: =F81-H81 -> 10 | M81: =H81/F81 -> 0
A82: 77 | B82: OPGW Supply | C82: GI FLEXIBLE CONDUIT INSTALLATION HARDWARE FOR APPROAH CABLING | E82: EA | F82: 7 | I82: =F82-H82 -> 7 | M82: =H82/F82 -> 0
A83: 78 | B83: OPGW Supply | C83: 48F (DWSM) APPROACH FIBRE OPTIC CABLE | D83: Apar Industries | E83: KM | F83: 0.5 | I83: =F83-H83 -> 0.5 | M83: =H83/F83 -> 0
A84: 79 | B84: Bird Diverter | C84: BIRD DIVERTER | E84: EA | F84: 200 | I84: =F84-H84 -> 200 | M84: =H84/F84 -> 0
A85: 80 | B85: OPGW mandatory spares | C85: 24 FIBRE (DWSM) OPGW FIBRE OPTIC CABLE | D85: Apar Industries | E85: KM | F85: 3 | I85: =F85-H85 -> 3 | M85: =H85/F85 -> 0
A86: 81 | B86: OPGW mandatory spares | C86: Suspension clamp assembly for 24 fibreOPGW | E86: EA | F86: 6 | I86: =F86-H86 -> 6 | M86: =H86/F86 -> 0
A87: 82 | B87: OPGW mandatory spares | C87: TENSION FITTINGS ASSEMBLY ON SUSPENSIONTOWER FOR 24F OPGW INCLUDINGALLACCESSORIES AT JOINT BOX (SPLICING)LOCATION | E87: SET | F87: 1 | I87: =F87-H87 -> 1 | M87: =H87/F87 -> 0
A88: 83 | B88: OPGW mandatory spares | C88: TENSION FITTINGS ASSEMBLY FOR 24F OPGWINCLUDING ALL ACCESSORIES FORJOINT BOX(SPLICING) LOCATION | E88: SET | F88: 1 | I88: =F88-H88 -> 1 | M88: =H88/F88 -> 0
A89: 84 | B89: OPGW mandatory spares | C89: TENSION ASSEMBLY - DOUBLE TENSION PASSTHROUGH ASSEMBLY FOR 24 FIBEROPGW | E89: SET | F89: 1 | I89: =F89-H89 -> 1 | M89: =H89/F89 -> 0
A90: 85 | B90: OPGW mandatory spares | C90: TENSION ASSEMBLY - DEAD END FOR 24 FIBEROPGW | E90: SET | F90: 1 | I90: =F90-H90 -> 1 | M90: =H90/F90 -> 0
A91: 86 | B91: OPGW mandatory spares | C91: Vibration Damper for 24 fibre OPGW | E91: EA | F91: 6 | I91: =F91-H91 -> 6 | M91: =H91/F91 -> 0
A92: 87 | B92: OPGW mandatory spares | C92: Down Lead clamp Assembly for 24 fibreOPGW | E92: EA | F92: 6 | I92: =F92-H92 -> 6 | M92: =H92/F92 -> 0
A93: 88 | B93: OPGW mandatory spares | C93: Joint Box for 24 fibre OPGW | E93: EA | F93: 1 | I93: =F93-H93 -> 1 | M93: =H93/F93 -> 0
A94: 89 | B94: OPGW mandatory spares | C94: 48 FIBRE (DWSM) OPGW FIBRE OPTIC CABLE | D94: Apar Industries | E94: KM | F94: 1.5 | I94: =F94-H94 -> 1.5 | M94: =H94/F94 -> 0
A95: 90 | B95: OPGW mandatory spares | C95: Suspension clamp assembly for 48 fibre OPGW | E95: EA | F95: 3 | I95: =F95-H95 -> 3 | M95: =H95/F95 -> 0
A96: 91 | B96: OPGW mandatory spares | C96: TENSION ASSEMBLY - DEAD END FOR 48 FIBER OPGW | E96: SET | F96: 1 | I96: =F96-H96 -> 1 | M96: =H96/F96 -> 0
A97: 92 | B97: OPGW mandatory spares | C97: TENSION FITTINGS ASSEMBLY FOR 48F OPGW INCLUDING ALL ACCESSORIES FORJOINT BOX (SPLICING) LOCATION | E97: SET | F97: 1 | I97: =F97-H97 -> 1 | M97: =H97/F97 -> 0
A98: 93 | B98: OPGW mandatory spares | C98: TENSION ASSEMBLY - DOUBLE TENSION PASS THROUGH ASSEMBLY FOR 48 FIBEROPGW | E98: SET | F98: 1 | I98: =F98-H98 -> 1 | M98: =H98/F98 -> 0
A99: 94 | B99: OPGW mandatory spares | C99: TENSION ASSEMBLY FOR JOINTING AT SUSPENSION TOWER FOR 48 FIBER OPGW | E99: SET | F99: 1 | I99: =F99-H99 -> 1 | M99: =H99/F99 -> 0
A100: 95 | B100: OPGW mandatory spares | C100: Vibration Damper for 48 fibre OPGW | E100: EA | F100: 6 | I100: =F100-H100 -> 6 | M100: =H100/F100 -> 0
...

Sheet Summary E
A1: KEC International Limited | M1: =TODAY()-1 -> 46166
A3: Name of Client: Bikaner B Power Transmission Limited
A4: Name of Line: 765 kV D/C Bikaner IV PS to Siwani II (Part-01) TL
A5: NOA No. CC/T/W-TW/DOM/A00/24/09582/NOA-1 & 2/25-10174/01 & 02, Dated 03/01/2025
A6: Office : Hansera, Lunkaransar
A7: S.No. | B7: Activity | C7: LOA Qty | D7: Estimated Quantity | E7: Cumm. Progress up to Last Month (Apr'26) | F7: Target as per L2 Schedule Cummulative (upto Apr'26) | G7: Month's Plan as per L2 Schedule | H7: Progress of Month | I7: Today | J7: Cumulative Progress Till Date | K7: Balance | L7: No of Gangs/MP | M7: Remarks
A8: 1 | B8: Route Alignment (Km) | C8: 120.944 | D8: 124.568 | E8: 124.568 | F8: 124.568 | G8: =D8-E8 -> 0 | H8: 0 | I8: 0 | J8: =E8+H8 -> 124.568 | K8: =D8-J8 -> 0
A9: 2 | B9: Detailed Survey (Km) | C9: 120.944 | D9: 124.568 | E9: 124.568 | F9: 124.568 | G9: =D9-E9 -> 0 | H9: 0 | I9: 0 | J9: =E9+H9 -> 124.568 | K9: =D9-J9 -> 0
A10: 3 | B10: Profiling (Km) | C10: =C9 -> 120.944 | D10: 124.568 | E10: 124.568 | F10: 124.568 | G10: =D10-E10 -> 0 | H10: 0 | I10: 0 | J10: =E10+H10 -> 124.568 | K10: =D10-J10 -> 0
A11: 4 | B11: Check Survey (Km) | C11: 120.944 | D11: 124.568 | E11: 124.568 | F11: 124.568 | G11: 0 | H11: 0 | I11: 0 | J11: =E11+H11 -> 124.568 | K11: =D11-J11 -> 0
A12: 5 | B12: Land Scheduling (Km) | C12: 120.944 | D12: =D11 -> 124.568 | E12: 123.174 | F12: 0 | G12: 0 | H12: 0 | I12: 0 | J12: =E12+H12 -> 123.174 | K12: =D12-J12 -> 1.394 | M12: Approved ROW Corridor - 123.174 Km Tower Base - 315 Nos.
A13: 6 | B13: Soil Investigation (Nos.) | C13: 28 | D13: 28 | E13: 28 | F13: 0 | G13: 0 | H13: 0 | I13: 0 | J13: =E13+H13 -> 28 | K13: =D13-J13 -> 0
A14: 7 | B14: Excavation | C14: 315 | D14: 319 | E14: 302 | F14: 272 | G14: 25 | H14: 6 | I14: 0 | J14: =E14+H14 -> 308 | K14: =D14-J14 -> 11
A15: 8 | B15: Foundation (Nos.) | C15: 315 | D15: 319 | E15: 301 | F15: 272 | G15: 25 | H15: 2 | I15: 0 | J15: =E15+H15 -> 303 | K15: =D15-J15 -> 16 | L15: 03/38
A16: 9 | B16: Earthing (Nos.) | C16: 315 | D16: 319 | E16: 269 | J16: =E16+H16 -> 269 | K16: =D16-J16 -> 50
A17: 10 | B17: Tower Erection (Nos) | C17: 315 | D17: 319 | E17: 213 | F17: 210 | G17: 30 | H17: 5 | I17: 0 | J17: =E17+H17 -> 218 | K17: =D17-J17 -> 101 | L17: 03/73
A18: 11 | B18: Tack Welding | C18: 315 | D18: 319 | E18: 53 | F18: 0 | H18: 26 | I18: 0 | J18: =E18+H18 -> 79 | K18: =D18-J18 -> 240
A19: 12 | B19: Stringing (Km) | C19: 120.944 | D19: 124.568 | E19: 0 | F19: 60 | G19: 12 | I19: 0 | J19: =E19+H19 -> 0 | K19: =D19-J19 -> 124.568
A20: 13 | B20: Paying Out | C20: 120.944 | D20: 124.568 | E20: 0 | F20: 0 | H20: 0 | I20: 0 | J20: =E20+H20 -> 0 | K20: =D20-J20 -> 124.568
A21: 14 | B21: Final Sag | C21: 120.944 | D21: 124.568 | E21: 0 | F21: 0 | H21: 0 | I21: 0 | J21: =E21+H21 -> 0 | K21: =+D21-J21 -> 124.568
A22: 15 | B22: OPGW (Km) | C22: 120.944 | D22: 124.568 | E22: 0 | F22: 10 | G22: 20 | H22: 0 | J22: =E22+H22 -> 0 | K22: =+D22-J22 -> 124.568

Sheet DPR Sheet 
B1: ='Summary E'!A1 -> KEC International Limited
B2: DAILY PROGRESS REPORT : STATUS AS ON | G2: ='Summary E'!M1 -> 46166
B3: Name of the Project: | D3: 765 kV D/C Bikaner IV PS to Siwani II (Part-01) TL
B4: Contract No. & Date : | D4: CC/T/W-TW/DOM/A00/24/09582/CA-1&2/25-100174/01 & 02 Dtd. 21.01.2025
B5: ROUTE ALIGNMENT PROGRESS SUMMARY
B6: TOTAL QTY (Tentative) | C6: COMPLETED UP TO PREV MONTH | D6: COMP. IN CURRENT MONTH | E6: CUMULATIVE | F6: BAL.QTY
B7: ='Summary E'!D8 -> 124.568 | C7: ='Summary E'!E8 -> 124.568 | D7: 0 | E7: =C7+D7 -> 124.568 | F7: =B7-E7 -> 0
B8: DETAILED SURVEY PROGRESS SUMMARY
B9: TOTAL QTY (Tentative) | C9: COMPLETED UP TO PREV MONTH | D9: COMP. IN CURRENT MONTH | E9: CUMULATIVE | F9: BAL.QTY
B10: ='Summary E'!D9 -> 124.568 | C10: ='Summary E'!E9 -> 124.568 | D10: ='Summary E'!H9+'Summary E'!I9 -> 0 | E10: =C10+D10 -> 124.568 | F10: =B10-E10 -> 0
B11: CHECK SURVEY PROGRESS SUMMARY
B12: TOTAL QTY (Tentative) | C12: COMPLETED UP TO PREV MONTH | D12: COMP. IN CURRENT MONTH | E12: CUMULATIVE | F12: BAL.QTY
B13: ='Summary E'!D11 -> 124.568 | C13: ='Summary E'!E11 -> 124.568 | D13: ='Summary E'!I11+'Summary E'!H11 -> 0 | E13: =C13+D13 -> 124.568 | F13: =B13-E13 -> 0
B14: FOUNDATION PROGRESS SUMMARY
B15: TOTAL QTY (Tentative) | C15: COMPLETED UP TO PREV MONTH | D15: COMP. IN CURRENT MONTH | E15: CUMULATIVE | F15: BAL.QTY
B16: ='Summary E'!D15 -> 319 | C16: ='Summary E'!E15 -> 301 | D16: ='Summary E'!H15 -> 2 | E16: =C16+D16 -> 303 | F16: =B16-E16 -> 16
B17: EARTHING PROGRESS SUMMARY
B18: TOTAL QTY | C18: COMPLETED UP TO PREV MONTH | D18: COMP. IN CURRENT MONTH | E18: CUMULATIVE | F18: BAL.QTY
B19: ='Summary E'!D16 -> 319 | C19: ='Summary E'!E16 -> 269 | F19: =+B19-E19 -> 319
B20: TOWER ERECTION PROGRESS SUMMARY
B21: TOTAL QTY | C21: COMPLETED UP TO PREV MONTH | D21: COMP. IN CURRENT MONTH | E21: CUMULATIVE | F21: BAL.QTY
B22: ='Summary E'!D17 -> 319 | C22: ='Summary E'!E17 -> 213 | D22: 0 | E22: 0 | F22: =B22-E22 -> 319
B23: STRINGING PROGRESS SUMMARY
B24: TOTAL QTY | C24: COMPLETED UP TO PREV MONTH | D24: COMP. IN CURRENT MONTH | E24: CUMULATIVE | F24: BAL.QTY(KM)
B25: ='Summary E'!D19 -> 124.568 | C25: ='Summary E'!E19 -> 0 | D25: 0 | E25: =C25+D25 -> 0 | F25: =B25-E25 -> 124.568
B26: OPGW STRINGING PROGRESS SUMMARY
B27: TOTAL QTY | C27: COMPLETED UP TO PREV MONTH | D27: COMP. IN CURRENT MONTH | E27: CUMULATIVE | F27: BAL.QTY
B28: ='Summary E'!D22 -> 124.568 | C28: ='Summary E'!E22 -> 0 | D28: ='Summary E'!H22+'Summary E'!I22 -> 0 | E28: =C28+D28 -> 0 | F28: =+B28-E28 -> 124.568
B29: TACK WELDING PROGRESS SUMMARY
B30: TOTAL QTY | C30: COMPLETED UP TO PREV MONTH | D30: COMP. IN CURRENT MONTH | E30: CUMULATIVE | F30: BAL.QTY
B31: ='Summary E'!D18 -> 319 | C31: ='Summary E'!E18 -> 53 | D31: ='Summary E'!H18+'Summary E'!I18 -> 26 | E31: 0 | F31: =B31-E31 -> 319
B32: SHIELD WIRE EARTHING PROGRESS SUMMARY
B33: TOTAL QTY | C33: COMPLETED UP TO PREV MONTH | D33: COMP. IN CURRENT MONTH | E33: CUMULATIVE | F33: BAL.QTY
F34: =B34-E34 -> 0

Sheet DS
A1: =CS!A1:G1 -> KEC International Limited
A2: =CS!A2:G2 -> 765 kV D/C Bikaner IV PS to Siwani II (Part-01) TL
A3: Detailed Survey | G3: ='Summary E'!M1 -> 46166
A4: Sl.No. | B4: SPAN | D4: Detail Survey Section Length (Km) | E4: Submitted For Approval | F4: Approved Date | G4: Remarks
B5: From Section | C5: To Section
A6: 1 | B6: AP8 | C6: AP19 | D6: 16.984 | E6: 45700 | F6: 45701 | G6: Approved
A7: =A6+1 -> 2 | B7: AP6 | C7: AP8 | D7: 9.313 | E7: 45709 | F7: 45710 | G7: Approved
A8: =A7+1 -> 3 | B8: AP4 | C8: AP6 | D8: 11.121 | E8: 45726 | F8: 45731 | G8: Approved
A9: =A8+1 -> 4 | B9: AP28 | C9: AP29 | D9: 3.179 | E9: 45726 | F9: 45731 | G9: Approved
A10: =A9+1 -> 5 | B10: AP19 | C10: AP28 | D10: 11.409 | E10: 45727 | F10: 45731 | G10: Approved
A11: =A10+1 -> 6 | B11: AP29 | C11: AP32 | D11: 28.482 | E11: 45727 | F11: 45731 | G11: Approved
A12: =A11+1 -> 7 | B12: AP32 | C12: AP35 | D12: 11.16 | E12: 45749 | F12: 45750 | G12: Approved
A13: =A12+1 -> 8 | B13: AP36 | C13: AP44 | D13: 14.759 | E13: 45749 | F13: 45750 | G13: Approved
A14: =A13+1 -> 9 | B14: AP35 | C14: AP36 | D14: 4.095 | E14: 45821 | F14: 45832 | G14: Approved
A15: =A14+1 -> 10 | B15: AP1A | C15: AP4 | D15: 11.446 | E15: 45821 | F15: 45828 | G15: Approved
A16: =A15+1 -> 11 | B16: AP44 | C16: AP47 | D16: 1.483 | G16: Approved
A17: =A16+1 -> 12 | B17: GSS Gantry | C17: AP1A | G17: Hold By Power Grid
A18: =A17+1 -> 13
A19: =A18+1 -> 14
A20: =A19+1 -> 15
A21: Total | D21: =SUBTOTAL(9,D6:D20) -> 123.431

Sheet CS
A1: ='Tack Welding'!A1:I1 -> KEC International Limited
A2: ='Tack Welding'!A2:I2 -> 765 kV D/C Bikaner IV PS to Siwani II (Part-01) TL
A3: Check Survey | G3: ='Summary E'!M1 -> 46166
A4: Sl.No. | B4: SPAN | D4: Section Length (Km) | E4: Submitted for Approval on Dated | F4: Approved on Dated | G4: Remarks
B5: From Section | C5: To Section
A6: 1 | B6: AP8 | C6: AP10 | D6: 5.532 | E6: 45700 | F6: 45701 | G6: Approved
A7: =A6+1 -> 2 | B7: AP6 | C7: AP8 | D7: 9.313 | E7: 45719 | F7: 45713 | G7: Approved
A8: =A7+1 -> 3 | B8: AP10 | C8: AP19 | D8: 11.452 | E8: 45719 | F8: 45713 | G8: Approved
A9: =A8+1 -> 4 | B9: AP4 | C9: AP6 | D9: 11.121 | E9: 45726 | F9: 45731 | G9: Approved
A10: =A9+1 -> 5 | B10: AP28 | C10: AP29 | D10: 3.179 | E10: 45726 | F10: 45731 | G10: Approved
A11: =A10+1 -> 6 | B11: AP19 | C11: AP20 | D11: 3.224 | E11: 45726 | F11: 45731 | G11: Approved
A12: =A11+1 -> 7 | B12: AP20 | C12: AP28 | D12: 8.185 | E12: 45733 | F12: 45734 | G12: Approved
A13: =A12+1 -> 8 | B13: AP29 | C13: AP31 | D13: 17.041 | E13: 45736 | F13: 45737 | G13: Approved
A14: =A13+1 -> 9 | B14: AP31 | C14: AP32 | D14: 11.441 | E14: 45763 | F14: 45764 | G14: Approved
A15: =A14+1 -> 10 | B15: AP1A | C15: AP4 | D15: 11.446 | G15: Approved
A16: =A15+1 -> 11 | B16: AP34 | C16: AP44 | D16: 23.386 | G16: Approved
A17: =A16+1 -> 12 | B17: AP32 | C17: AP34 | D17: 6.628 | G17: Approved
A18: =A17+1 -> 13 | B18: AP44 | C18: AP47 | D18: 1.483 | G18: Approved
A19: =A18+1 -> 14 | B19: GSS Gantry | C19: AP1A | G19: Hold By Power Grid
A20: =A19+1 -> 15
A21: Total | D21: =SUM(D6:D20) -> 123.431

Sheet Hindrance Record
A1: Hindrance Record
C2: Balance >> | D2: =319-COUNTIF($D$4:$D$322,"Completed") -> 16 | E2: =COUNTIF($E$4:$E$322,"ROW") -> 3 | M2: =319-COUNTIF($M$4:$M$322,"Completed") -> 101 | N2: =COUNTIF($N$4:$N$322,"ROW") -> 32
A3: Sr. No | B3: Loc No | C3: Tower Type | D3: Foundation Status | E3: Hindrance During Foundation Work | F3: Start Date | G3: End Date | H3: Effected Days | I3: Farmer Name | J3: Village Name | K3: Contact No. | M3: Tower Erection Status | N3: Hindrance During Tower Erection Work | O3: Start Date | P3: End Date | Q3: Effected Days | R3: Farmer Name | S3: Village Name | T3: Contact No.
A4: 1 | B4: 1/0 | C4: DD60+3 | H4: =G4-F4 -> 0 | Q4: =P4-O4 -> 0
A5: =A4+1 -> 2 | B5: 1/1 | C5: DB1+18 | H5: =G5-F5 -> 0 | Q5: =P5-O5 -> 0
A6: =A5+1 -> 3 | B6: 1/2 | C6: DA+0 | H6: =G6-F6 -> 0 | Q6: =P6-O6 -> 0
A7: =A6+1 -> 4 | B7: 1A/0 | C7: DD45+0 | D7: WIP | H7: =G7-F7 -> 0 | Q7: =P7-O7 -> 0
A8: =A7+1 -> 5 | B8: 1A/1 | C8: DA-1.5 | D8: Completed | H8: =G8-F8 -> 0 | M8: Completed | Q8: =P8-O8 -> 0
A9: =A8+1 -> 6 | B9: 1A/2 | C9: DA-1.5 | D9: Completed | H9: =G9-F9 -> 0 | M9: Completed | Q9: =P9-O9 -> 0
A10: =A9+1 -> 7 | B10: 1A/3 | C10: DA-3 | D10: Completed | H10: =G10-F10 -> 0 | N10: ROW | O10: 46068 | Q10: =P10-O10 -> -46068
A11: =A10+1 -> 8 | B11: 2/0 | C11: DD60+3 | D11: Completed | E11: Resolved | F11: 46025 | G11: 46029 | H11: =G11-F11 -> 4 | N11: ROW | O11: 46068 | Q11: =P11-O11 -> -46068
A12: =A11+1 -> 9 | B12: 2/1 | C12: DA+6 | D12: Completed | E12: Resolved | F12: 45863 | G12: 45877 | H12: =G12-F12 -> 14 | N12: ROW | O12: 46068 | Q12: =P12-O12 -> -46068
A13: =A12+1 -> 10 | B13: 2/2 | C13: DA+9 | D13: Completed | H13: =G13-F13 -> 0 | M13: Completed | Q13: =P13-O13 -> 0
A14: =A13+1 -> 11 | B14: 2/3 | C14: DA+9 | D14: Completed | E14: Resolved | F14: 45863 | G14: 46021 | H14: =G14-F14 -> 158 | M14: Completed | N14: Resolved | O14: 46091 | P14: 46100 | Q14: =P14-O14 -> 9
A15: =A14+1 -> 12 | B15: 2/4 | C15: DA+9 | D15: Completed | H15: =G15-F15 -> 0 | M15: Completed | Q15: =P15-O15 -> 0
A16: =A15+1 -> 13 | B16: 2/5 | C16: DA+0 | D16: Completed | H16: =G16-F16 -> 0 | M16: Completed | Q16: =P16-O16 -> 0
A17: =A16+1 -> 14 | B17: 2/6 | C17: DA+9 | D17: Completed | H17: =G17-F17 -> 0 | M17: Completed | N17: Resolved | O17: 46068 | P17: 46091 | Q17: =P17-O17 -> 23
A18: =A17+1 -> 15 | B18: 2A/0 | C18: DB2+3 | D18: Completed | H18: =G18-F18 -> 0 | N18: Resolved | O18: 46068 | P18: 46134 | Q18: =P18-O18 -> 66
A19: =A18+1 -> 16 | B19: 2A/1 | C19: DA+9 | D19: Completed | H19: =G19-F19 -> 0 | N19: Resolved | O19: 46068 | P19: 46134 | Q19: =P19-O19 -> 66
A20: =A19+1 -> 17 | B20: 2A/2 | C20: DA-1.5 | D20: Completed | H20: =G20-F20 -> 0 | N20: Resolved | O20: 46068 | P20: 46134 | Q20: =P20-O20 -> 66
A21: =A20+1 -> 18 | B21: 2A/3 | C21: DA+3 | D21: Completed | H21: =G21-F21 -> 0 | Q21: =P21-O21 -> 0
A22: =A21+1 -> 19 | B22: 2A/4 | C22: DA+9 | D22: Completed | H22: =G22-F22 -> 0 | M22: Completed | N22: Resolved | O22: 46068 | P22: 46117 | Q22: =P22-O22 -> 49
A23: =A22+1 -> 20 | B23: 2A/5 | C23: DA+9 | D23: Completed | H23: =G23-F23 -> 0 | N23: Resolved | O23: 46068 | P23: 46134 | Q23: =P23-O23 -> 66
A24: =A23+1 -> 21 | B24: 3/0 | C24: DC2+9 | D24: Completed | H24: =G24-F24 -> 0 | Q24: =P24-O24 -> 0
A25: =A24+1 -> 22 | B25: 3/1 | C25: DB1+9 | D25: Completed | H25: =G25-F25 -> 0 | Q25: =P25-O25 -> 0
A26: =A25+1 -> 23 | B26: 3/2 | C26: DA+9 | D26: Completed | H26: =G26-F26 -> 0 | N26: Resolved | O26: 46068 | P26: 46134 | Q26: =P26-O26 -> 66
A27: =A26+1 -> 24 | B27: 3/3 | C27: DA+9 | D27: Completed | H27: =G27-F27 -> 0 | M27: Completed | Q27: =P27-O27 -> 0
A28: =A27+1 -> 25 | B28: 3/4 | C28: DA-1.5 | D28: Completed | H28: =G28-F28 -> 0 | M28: Completed | Q28: =P28-O28 -> 0
A29: =A28+1 -> 26 | B29: 3/5 | C29: DA+6 | D29: Completed | H29: =G29-F29 -> 0 | M29: Completed | Q29: =P29-O29 -> 0
A30: =A29+1 -> 27 | B30: 3/6 | C30: DA+3 | D30: Completed | H30: =G30-F30 -> 0 | M30: Completed | Q30: =P30-O30 -> 0
A31: =A30+1 -> 28 | B31: 3/7 | C31: DA+3 | D31: Completed | H31: =G31-F31 -> 0 | M31: Completed | Q31: =P31-O31 -> 0
A32: =A31+1 -> 29 | B32: 3A/0 | C32: DD45+0 | D32: Completed | H32: =G32-F32 -> 0 | M32: Completed | Q32: =P32-O32 -> 0
A33: =A32+1 -> 30 | B33: 3A/1 | C33: DA+0 | D33: Completed | H33: =G33-F33 -> 0 | M33: Completed | Q33: =P33-O33 -> 0
A34: =A33+1 -> 31 | B34: 3A/2 | C34: DA-1.5 | D34: Completed | H34: =G34-F34 -> 0 | M34: Completed | Q34: =P34-O34 -> 0
A35: =A34+1 -> 32 | B35: 3A/3 | C35: DA-1.5 | D35: Completed | H35: =G35-F35 -> 0 | M35: Completed | Q35: =P35-O35 -> 0
A36: =A35+1 -> 33 | B36: 4/0 | C36: DB2+0 | D36: Completed | H36: =G36-F36 -> 0 | M36: Completed | Q36: =P36-O36 -> 0
A37: =A36+1 -> 34 | B37: 4/1 | C37: DA-3 | D37: Completed | E37: Resolved | F37: 45882 | G37: 46002 | H37: =G37-F37 -> 120 | N37: ROW | O37: 46068 | Q37: =P37-O37 -> -46068
A38: =A37+1 -> 35 | B38: 4/2 | C38: DA+6 | D38: Completed | H38: =G38-F38 -> 0 | N38: ROW | O38: 46068 | Q38: =P38-O38 -> -46068
A39: =A38+1 -> 36 | B39: 4/3 | C39: DA-3 | D39: Completed | H39: =G39-F39 -> 0 | N39: ROW | O39: 46068 | Q39: =P39-O39 -> -46068
A40: =A39+1 -> 37 | B40: 4/4 | C40: DA+9 | D40: Completed | E40: Resolved | F40: 45882 | G40: 45995 | H40: =G40-F40 -> 113 | M40: Completed | Q40: =P40-O40 -> 0
A41: =A40+1 -> 38 | B41: 4/5 | C41: DA+9 | D41: Completed | H41: =G41-F41 -> 0 | N41: ROW | O41: 46068 | Q41: =P41-O41 -> -46068
A42: =A41+1 -> 39 | B42: 4/6 | C42: DA+3 | D42: Completed | E42: Resolved | F42: 45882 | G42: 45911 | H42: =G42-F42 -> 29 | M42: Completed | Q42: =P42-O42 -> 0
A43: =A42+1 -> 40 | B43: 4/7 | C43: DB1+0 | D43: Completed | E43: Resolved | F43: 45882 | G43: 45934 | H43: =G43-F43 -> 52 | M43: Completed | Q43: =P43-O43 -> 0
A44: =A43+1 -> 41 | B44: 4/8 | C44: DA+9 | D44: Completed | E44: Resolved | F44: 45882 | G44: 45918 | H44: =G44-F44 -> 36 | M44: Completed | Q44: =P44-O44 -> 0
A45: =A44+1 -> 42 | B45: 4/9 | C45: DA+3 | D45: Completed | E45: Resolved | F45: 45882 | G45: 45923 | H45: =G45-F45 -> 41 | M45: Completed | Q45: =P45-O45 -> 0
A46: =A45+1 -> 43 | B46: 4/10 | C46: DA-1.5 | D46: Completed | E46: Resolved | F46: 45882 | G46: 45929 | H46: =G46-F46 -> 47 | M46: Completed | Q46: =P46-O46 -> 0
A47: =A46+1 -> 44 | B47: 4/11 | C47: DA+0 | D47: Completed | H47: =G47-F47 -> 0 | M47: Completed | N47: Resolved | O47: 46087 | P47: 46122 | Q47: =P47-O47 -> 35
A48: =A47+1 -> 45 | B48: 4/12 | C48: DA+3 | D48: Completed | E48: Resolved | F48: 45839 | G48: 45846 | H48: =G48-F48 -> 7 | M48: Completed | N48: Resolved | O48: 46068 | P48: 46102 | Q48: =P48-O48 -> 34
A49: =A48+1 -> 46 | B49: 4/13 | C49: DA+0 | D49: Completed | H49: =G49-F49 -> 0 | M49: Completed | N49: Resolved | O49: 46068 | P49: 46088 | Q49: =P49-O49 -> 20
A50: =A49+1 -> 47 | B50: 4/14 | C50: DA+3 | D50: Completed | H50: =G50-F50 -> 0 | M50: Completed | N50: Resolved | O50: 46068 | P50: 46105 | Q50: =P50-O50 -> 37
A51: =A50+1 -> 48 | B51: 5/0 | C51: DB1+0 | D51: Completed | H51: =G51-F51 -> 0 | M51: Completed | Q51: =P51-O51 -> 0
A52: =A51+1 -> 49 | B52: 5/1 | C52: DA+6 | D52: Completed | H52: =G52-F52 -> 0 | M52: Completed | N52: Resolved | O52: 46068 | P52: 46079 | Q52: =P52-O52 -> 11
A53: =A52+1 -> 50 | B53: 5/2 | C53: DA+0 | D53: Completed | H53: =G53-F53 -> 0 | M53: Completed | Q53: =P53-O53 -> 0
A54: =A53+1 -> 51 | B54: 5/3 | C54: DA+3 | D54: Completed | H54: =G54-F54 -> 0 | M54: Completed | Q54: =P54-O54 -> 0
A55: =A54+1 -> 52 | B55: 5/4 | C55: DA+3 | D55: Completed | H55: =G55-F55 -> 0 | M55: Completed | Q55: =P55-O55 -> 0
A56: =A55+1 -> 53 | B56: 5/5 | C56: DA+6 | D56: Completed | H56: =G56-F56 -> 0 | M56: Completed | Q56: =P56-O56 -> 0
A57: =A56+1 -> 54 | B57: 5/6 | C57: DA+6 | D57: Completed | E57: Resolved | F57: 45823 | G57: 46006 | H57: =G57-F57 -> 183 | M57: Completed | N57: Resolved | O57: 46068 | P57: 46091 | Q57: =P57-O57 -> 23
A58: =A57+1 -> 55 | B58: 5/7 | C58: DB1+3 | D58: Completed | E58: Resolved | F58: 45823 | G58: 46006 | H58: =G58-F58 -> 183 | M58: Completed | N58: Resolved | O58: 46068 | P58: 46095 | Q58: =P58-O58 -> 27
A59: =A58+1 -> 56 | B59: 5/8 | C59: DA+6 | D59: Completed | E59: Resolved | F59: 45792 | G59: 45793 | H59: =G59-F59 -> 1 | M59: WIP | N59: Resolved | O59: 45903 | P59: 46126 | Q59: =P59-O59 -> 223
A60: =A59+1 -> 57 | B60: 5/9 | C60: DA+3 | D60: Completed | H60: =G60-F60 -> 0 | M60: Completed | N60: Resolved | O60: 45903 | P60: 45999 | Q60: =P60-O60 -> 96
A61: =A60+1 -> 58 | B61: 5/10 | C61: DA+3 | D61: Completed | H61: =G61-F61 -> 0 | M61: Completed | N61: Resolved | O61: 45903 | P61: 46005 | Q61: =P61-O61 -> 102
A62: =A61+1 -> 59 | B62: 5/11 | C62: DA+9 | D62: Completed | H62: =G62-F62 -> 0 | M62: Completed | Q62: =P62-O62 -> 0
A63: =A62+1 -> 60 | B63: 6/0 | C63: DB1+0 | D63: Completed | H63: =G63-F63 -> 0 | M63: Completed | Q63: =P63-O63 -> 0
A64: =A63+1 -> 61 | B64: 6/1 | C64: DA+3 | D64: Completed | E64: Resolved | F64: 45767 | G64: 45786 | H64: =G64-F64 -> 19 | I64: Mohit/ Nanu Ram | J64: Winjharwali | K64: 7877597229 | M64: Completed | Q64: =P64-O64 -> 0
A65: =A64+1 -> 62 | B65: 6/2 | C65: DA+3 | D65: Completed | E65: Resolved | F65: 45767 | G65: 45786 | H65: =G65-F65 -> 19 | M65: Completed | N65: Resolved | O65: 45893 | P65: 46020 | Q65: =P65-O65 -> 127
A66: =A65+1 -> 63 | B66: 6/3 | C66: DA+6 | D66: Completed | H66: =G66-F66 -> 0 | M66: Completed | N66: Resolved | O66: 45893 | P66: 46040 | Q66: =P66-O66 -> 147
A67: =A66+1 -> 64 | B67: 6/4 | C67: DA+3 | D67: Completed | H67: =G67-F67 -> 0 | M67: Completed | N67: Resolved | O67: 45893 | P67: 46051 | Q67: =P67-O67 -> 158
A68: =A67+1 -> 65 | B68: 6/5 | C68: DA+9 | D68: Completed | H68: =G68-F68 -> 0 | M68: Completed | N68: Resolved | O68: 45893 | P68: 46062 | Q68: =P68-O68 -> 169
A69: =A68+1 -> 66 | B69: 6/6 | C69: DB1+3 | D69: Completed | H69: =G69-F69 -> 0 | M69: Completed | Q69: =P69-O69 -> 0
A70: =A69+1 -> 67 | B70: 6/7 | C70: DA+0 | D70: Completed | H70: =G70-F70 -> 0 | M70: Completed | N70: Resolved | O70: 45893 | P70: 46067 | Q70: =P70-O70 -> 174
A71: =A70+1 -> 68 | B71: 6/8 | C71: DA+6 | D71: Completed | H71: =G71-F71 -> 0 | M71: Completed | N71: Resolved | O71: 45893 | P71: 46002 | Q71: =P71-O71 -> 109
A72: =A71+1 -> 69 | B72: 6/9 | C72: DA+3 | D72: Completed | H72: =G72-F72 -> 0 | M72: Completed | N72: Resolved | O72: 45893 | P72: 46079 | Q72: =P72-O72 -> 186
A73: =A72+1 -> 70 | B73: 6/10 | C73: DA+6 | D73: Completed | H73: =G73-F73 -> 0 | M73: Completed | Q73: =P73-O73 -> 0
A74: =A73+1 -> 71 | B74: 7/0 | C74: DB1+3 | D74: Completed | H74: =G74-F74 -> 0 | M74: Completed | Q74: =P74-O74 -> 0
A75: =A74+1 -> 72 | B75: 7/1 | C75: DA+6 | D75: Completed | H75: =G75-F75 -> 0 | M75: Completed | N75: Resolved | O75: 45903 | P75: 45904 | Q75: =P75-O75 -> 1
A76: =A75+1 -> 73 | B76: 7/2 | C76: DA-1.5 | D76: Completed | H76: =G76-F76 -> 0 | N76: Resolved | O76: 46068 | P76: 46126 | Q76: =P76-O76 -> 58
A77: =A76+1 -> 74 | B77: 7/3 | C77: DA+0 | D77: Completed | H77: =G77-F77 -> 0 | M77: Completed | Q77: =P77-O77 -> 0
A78: =A77+1 -> 75 | B78: 7/4 | C78: DA+0 | D78: Completed | H78: =G78-F78 -> 0 | M78: Completed | Q78: =P78-O78 -> 0
A79: =A78+1 -> 76 | B79: 7/5 | C79: DA-1.5 | D79: Completed | H79: =G79-F79 -> 0 | M79: Completed | Q79: =P79-O79 -> 0
A80: =A79+1 -> 77 | B80: 7/6 | C80: DA+0 | D80: Completed | H80: =G80-F80 -> 0 | M80: Completed | Q80: =P80-O80 -> 0
A81: =A80+1 -> 78 | B81: 7/7 | C81: DA-1.5 | D81: Completed | H81: =G81-F81 -> 0 | M81: Completed | Q81: =P81-O81 -> 0
A82: =A81+1 -> 79 | B82: 7/8 | C82: DA+3 | D82: Completed | H82: =G82-F82 -> 0 | M82: Completed | Q82: =P82-O82 -> 0
A83: =A82+1 -> 80 | B83: 7/9 | C83: DA+3 | D83: Completed | H83: =G83-F83 -> 0 | M83: Completed | Q83: =P83-O83 -> 0
A84: =A83+1 -> 81 | B84: 7/10 | C84: DA+0 | D84: Completed | H84: =G84-F84 -> 0 | M84: Completed | N84: Resolved | O84: 45893 | P84: 45987 | Q84: =P84-O84 -> 94
A85: =A84+1 -> 82 | B85: 7/11 | C85: DA+3 | D85: Completed | H85: =G85-F85 -> 0 | M85: Completed | N85: Resolved | O85: 45893 | P85: 45984 | Q85: =P85-O85 -> 91
A86: =A85+1 -> 83 | B86: 8/0 | C86: DC1+0 | D86: Completed | H86: =G86-F86 -> 0 | M86: Completed | Q86: =P86-O86 -> 0
A87: =A86+1 -> 84 | B87: 8/1 | C87: DA-1.5 | D87: Completed | H87: =G87-F87 -> 0 | M87: Completed | Q87: =P87-O87 -> 0
A88: =A87+1 -> 85 | B88: 8/2 | C88: DA+3 | D88: Completed | H88: =G88-F88 -> 0 | M88: Completed | N88: Resolved | O88: 45893 | P88: 46088 | Q88: =P88-O88 -> 195
A89: =A88+1 -> 86 | B89: 8/3 | C89: DA+6 | D89: Completed | H89: =G89-F89 -> 0 | M89: Completed | Q89: =P89-O89 -> 0
A90: =A89+1 -> 87 | B90: 8/4 | C90: DA+3 | D90: Completed | H90: =G90-F90 -> 0 | M90: Completed | N90: Resolved | O90: 45893 | P90: 46057 | Q90: =P90-O90 -> 164
A91: =A90+1 -> 88 | B91: 8/5 | C91: DA+0 | D91: Completed | H91: =G91-F91 -> 0 | M91: Completed | Q91: =P91-O91 -> 0
A92: =A91+1 -> 89 | B92: 8/6 | C92: DA+0 | D92: Completed | H92: =G92-F92 -> 0 | M92: Completed | Q92: =P92-O92 -> 0
A93: =A92+1 -> 90 | B93: 8/7 | C93: DA+3 | D93: Completed | H93: =G93-F93 -> 0 | M93: Completed | Q93: =P93-O93 -> 0
A94: =A93+1 -> 91 | B94: 8/8 | C94: DA+0 | D94: Completed | H94: =G94-F94 -> 0 | M94: Completed | Q94: =P94-O94 -> 0
A95: =A94+1 -> 92 | B95: 9/0 | C95: DB1+0 | D95: Completed | H95: =G95-F95 -> 0 | M95: Completed | Q95: =P95-O95 -> 0
A96: =A95+1 -> 93 | B96: 9/1 | C96: DA+0 | D96: Completed | E96: Resolved | F96: 45717 | G96: 45886 | H96: =G96-F96 -> 169 | I96: Ratna Ram Siyag | J96: Dhirera | K96: 9001397114 | M96: Completed | N96: Resolved | O96: 45893 | P96: 45992 | Q96: =P96-O96 -> 99
A97: =A96+1 -> 94 | B97: 9/2 | C97: DA+6 | D97: Completed | H97: =G97-F97 -> 0 | M97: Completed | Q97: =P97-O97 -> 0
A98: =A97+1 -> 95 | B98: 9/3 | C98: DA+0 | D98: Completed | H98: =G98-F98 -> 0 | M98: Completed | Q98: =P98-O98 -> 0
A99: =A98+1 -> 96 | B99: 9/4 | C99: DA+3 | D99: Completed | H99: =G99-F99 -> 0 | M99: Completed | Q99: =P99-O99 -> 0
A100: =A99+1 -> 97 | B100: 10/0 | C100: DD60+25 | D100: Completed | H100: =G100-F100 -> 0 | N100: Resolved | O100: 46068 | P100: 46134 | Q100: =P100-O100 -> 66
...

Sheet Earthing
A1: KEC International Limited
A2: 765 kV D/C Bikaner IV PS to Siwani II (Part-01) TL
A3: Details of Earthing | L3: ='Summary E'!M1 -> 46166
A4: Sr. No. | B4: Month | C4: Month Sr. No. | D4: Loc. No. | E4: Type of Tower | F4: Type of Classification | G4: Start | H4: Complete | I4: Name of the Contractor | J4: Name of Supervisor | K4: PGCIL Person /Quest | L4: Remarks
A5: 1 | B5: June'25 | C5: 1 | D5: 8/1 | E5: =VLOOKUP(D5,'TS Gantry - AP47'!$C$8:$D$638,2,0) -> DA-1.5 | F5: =VLOOKUP($D5,Foundation!$D$5:$F$380,3,FALSE) -> Sandy | G5: 45834 | H5: 45834 | I5: M/s. Sanjay Construction | J5: Saddam
A6: 2 | B6: June'25 | C6: 2 | D6: 8/2 | E6: =VLOOKUP(D6,'TS Gantry - AP47'!$C$8:$D$638,2,0) -> DA+3 | F6: =VLOOKUP($D6,Foundation!$D$5:$F$380,3,FALSE) -> Sandy | G6: 45834 | H6: 45834 | I6: M/s. Sanjay Construction | J6: Saddam
A7: 3 | B7: June'25 | C7: 3 | D7: 8/3 | E7: =VLOOKUP(D7,'TS Gantry - AP47'!$C$8:$D$638,2,0) -> DA+6 | F7: =VLOOKUP($D7,Foundation!$D$5:$F$380,3,FALSE) -> Sandy | G7: 45834 | H7: 45834 | I7: M/s. Sanjay Construction | J7: Saddam
A8: 4 | B8: June'25 | C8: 4 | D8: 8/4 | E8: =VLOOKUP(D8,'TS Gantry - AP47'!$C$8:$D$638,2,0) -> DA+3 | F8: =VLOOKUP($D8,Foundation!$D$5:$F$380,3,FALSE) -> Sandy | G8: 45834 | H8: 45834 | I8: M/s. Sanjay Construction | J8: Saddam
A9: 5 | B9: June'25 | C9: 5 | D9: 8/5 | E9: =VLOOKUP(D9,'TS Gantry - AP47'!$C$8:$D$638,2,0) -> DA+0 | F9: =VLOOKUP($D9,Foundation!$D$5:$F$380,3,FALSE) -> Sandy | G9: 45835 | H9: 45835 | I9: M/s. Sanjay Construction | J9: Saddam
A10: 6 | B10: June'25 | C10: 6 | D10: 8/6 | E10: =VLOOKUP(D10,'TS Gantry - AP47'!$C$8:$D$638,2,0) -> DA+0 | F10: =VLOOKUP($D10,Foundation!$D$5:$F$380,3,FALSE) -> Sandy | G10: 45835 | H10: 45835 | I10: M/s. Sanjay Construction | J10: Saddam
A11: 7 | B11: June'25 | C11: 7 | D11: 8/7 | E11: =VLOOKUP(D11,'TS Gantry - AP47'!$C$8:$D$638,2,0) -> DA+3 | F11: =VLOOKUP($D11,Foundation!$D$5:$F$380,3,FALSE) -> Sandy | G11: 45835 | H11: 45835 | I11: M/s. Sanjay Construction | J11: Saddam
A12: 8 | B12: June'25 | C12: 8 | D12: 8/8 | E12: =VLOOKUP(D12,'TS Gantry - AP47'!$C$8:$D$638,2,0) -> DA+0 | F12: =VLOOKUP($D12,Foundation!$D$5:$F$380,3,FALSE) -> Sandy | G12: 45835 | H12: 45835 | I12: M/s. Sanjay Construction | J12: Saddam
A13: 9 | B13: June'25 | C13: 9 | D13: 7/7 | E13: =VLOOKUP(D13,'TS Gantry - AP47'!$C$8:$D$638,2,0) -> DA-1.5 | F13: =VLOOKUP($D13,Foundation!$D$5:$F$380,3,FALSE) -> Sandy | G13: 45836 | H13: 45836 | I13: M/s. Sanjay Construction | J13: Saddam
A14: 10 | B14: June'25 | C14: 10 | D14: 7/8 | E14: =VLOOKUP(D14,'TS Gantry - AP47'!$C$8:$D$638,2,0) -> DA+3 | F14: =VLOOKUP($D14,Foundation!$D$5:$F$380,3,FALSE) -> Sandy | G14: 45836 | H14: 45836 | I14: M/s. Sanjay Construction | J14: Saddam
A15: 11 | B15: June'25 | C15: 11 | D15: 7/9 | E15: =VLOOKUP(D15,'TS Gantry - AP47'!$C$8:$D$638,2,0) -> DA+3 | F15: =VLOOKUP($D15,Foundation!$D$5:$F$380,3,FALSE) -> Sandy | G15: 45836 | H15: 45836 | I15: M/s. Sanjay Construction | J15: Saddam
A16: 12 | B16: June'25 | C16: 12 | D16: 7/10 | E16: =VLOOKUP(D16,'TS Gantry - AP47'!$C$8:$D$638,2,0) -> DA+0 | F16: =VLOOKUP($D16,Foundation!$D$5:$F$380,3,FALSE) -> Sandy | G16: 45836 | H16: 45836 | I16: M/s. Sanjay Construction | J16: Saddam
... A273: 269 | B273: Jan'26 | C273: 89 | D273: 43/0 | E273: =VLOOKUP(D273,'TS Gantry - AP47'!$C$8:$D$638,2,0) -> DC1+0 | F273: =VLOOKUP($D273,Foundation!$D$5:$F$380,3,FALSE) -> Sandy | G273: 46054 | H273: 46054 | I273: M/s. Sanjay Construction | J273: Ramshankar
A274: 270 | C274: 90
A275: 271 | C275: 91
A276: 272 | C276: 92
A277: 273 | C277: 93
A278: 274 | C278: 94
A279: 275 | C279: 95
A280: 276 | C280: 96
A281: 277 | C281: 97
A282: 278 | C282: 98
A283: 279 | C283: 99
A284: 280 | C284: 100
A285: 281 | C285: 101
... A319: 315 | C319: 135

Sheet Foundation
A1: ='Summary E'!A1 -> KEC International Limited
A2: ='DPR Sheet '!D3 -> 765 kV D/C Bikaner IV PS to Siwani II (Part-01) TL
A3: Details of Foundation | T3: ='Summary E'!M1 -> 46166
A4: Sr. No. | B4: Month | C4: Month Sr. No. | D4: Loc. No. | E4: Type of Tower | F4: Type of Classification | G4: Start | H4: Completed | I4: Name of the Contractor | J4: Name of Supervisor | K4: State | L4: Village | M4: Tehsil | N4: District | O4: ROW Status (Yes/No) | P4: Action Taken for ROW (To Be Filled By POWERGRID) | Q4: Start Date | R4: End Date | S4: PGCIL Person /Quest | T4: Remarks
A5: 1 | B5: Feb'25 | C5: 1 | D5: 8/1 | E5: =VLOOKUP(D5,'TS Gantry - AP47'!$C$8:$D$638,2,0) -> DA-1.5 | F5: Sandy | G5: 45700 | H5: 45711 | I5: M/s. Sanwariya Technical Developers | J5: Monu Kumar | K5: Rajasthan | L5: =VLOOKUP(D5,'TS Gantry - AP47'!$C$8:$X$638,22,FALSE) -> DOODIMUKLERA | M5: =VLOOKUP(D5,'TS Gantry - AP47'!$C$8:$Y$638,23,FALSE) -> LUNKARANSAR | N5: =VLOOKUP(D5,'TS Gantry - AP47'!$C$8:$Z$638,24,FALSE) -> BIKANER
A6: 2 | B6: Feb'25 | C6: 2 | D6: 8/3 | E6: =VLOOKUP(D6,'TS Gantry - AP47'!$C$8:$D$638,2,0) -> DA+6 | F6: Sandy | G6: 45705 | H6: 45714 | I6: M/s. Sanwariya Technical Developers | J6: Monu Kumar | K6: Rajasthan | L6: =VLOOKUP(D6,'TS Gantry - AP47'!$C$8:$X$638,22,FALSE) -> JAISAN | M6: =VLOOKUP(D6,'TS Gantry - AP47'!$C$8:$Y$638,23,FALSE) -> LUNKARANSAR | N6: =VLOOKUP(D6,'TS Gantry - AP47'!$C$8:$Z$638,24,FALSE) -> BIKANER
A7: 3 | B7: Feb'25 | C7: 3 | D7: 8/6 | E7: =VLOOKUP(D7,'TS Gantry - AP47'!$C$8:$D$638,2,0) -> DA+0 | F7: Sandy | G7: 45708 | H7: 45716 | I7: M/s. MS Construction | J7: Sher Singh Rana | K7: Rajasthan | L7: =VLOOKUP(D7,'TS Gantry - AP47'!$C$8:$X$638,22,FALSE) -> SADHERAN | M7: =VLOOKUP(D7,'TS Gantry - AP47'!$C$8:$Y$638,23,FALSE) -> LUNKARANSAR | N7: =VLOOKUP(D7,'TS Gantry - AP47'!$C$8:$Z$638,24,FALSE) -> BIKANER
A8: 4 | B8: Mar'25 | C8: 1 | D8: 8/5 | E8: =VLOOKUP(D8,'TS Gantry - AP47'!$C$8:$D$638,2,0) -> DA+0 | F8: Sandy | G8: 45715 | H8: 45721 | I8: M/s. MS Construction | J8: Sher Singh Rana | K8: Rajasthan | L8: =VLOOKUP(D8,'TS Gantry - AP47'!$C$8:$X$638,22,FALSE) -> SADHERAN | M8: =VLOOKUP(D8,'TS Gantry - AP47'!$C$8:$Y$638,23,FALSE) -> LUNKARANSAR | N8: =VLOOKUP(D8,'TS Gantry - AP47'!$C$8:$Z$638,24,FALSE) -> BIKANER
A9: 5 | B9: Mar'25 | C9: 2 | D9: 8/2 | E9: =VLOOKUP(D9,'TS Gantry - AP47'!$C$8:$D$638,2,0) -> DA+3 | F9: Sandy | G9: 45717 | H9: 45721 | I9: M/s. Sanwariya Technical Developers | J9: Monu Kumar | K9: Rajasthan | L9: =VLOOKUP(D9,'TS Gantry - AP47'!$C$8:$X$638,22,FALSE) -> JAISAN | M9: =VLOOKUP(D9,'TS Gantry - AP47'!$C$8:$Y$638,23,FALSE) -> LUNKARANSAR | N9: =VLOOKUP(D9,'TS Gantry - AP47'!$C$8:$Z$638,24,FALSE) -> BIKANER
A10: 6 | B10: Mar'25 | C10: 3 | D10: 12/1 | E10: =VLOOKUP(D10,'TS Gantry - AP47'!$C$8:$D$638,2,0) -> DA+3 | F10: Sandy | G10: 45717 | H10: 45723 | I10: M/s. Choudhari Construction | J10: Jagdamba Prasad | K10: Rajasthan | L10: =VLOOKUP(D10,'TS Gantry - AP47'!$C$8:$X$638,22,FALSE) -> HANSHERA | M10: =VLOOKUP(D10,'TS Gantry - AP47'!$C$8:$Y$638,23,FALSE) -> LUNKARANSAR | N10: =VLOOKUP(D10,'TS Gantry - AP47'!$C$8:$Z$638,24,FALSE) -> BIKANER
A11: 7 | B11: Mar'25 | C11: 4 | D11: 8/4 | E11: =VLOOKUP(D11,'TS Gantry - AP47'!$C$8:$D$638,2,0) -> DA+3 | F11: Sandy | G11: 45721 | H11: 45726 | I11: M/s. Sanwariya Technical Developers | J11: Sher Singh Rana | K11: Rajasthan | L11: =VLOOKUP(D11,'TS Gantry - AP47'!$C$8:$X$638,22,FALSE) -> SADHERAN | M11: =VLOOKUP(D11,'TS Gantry - AP47'!$C$8:$Y$638,23,FALSE) -> LUNKARANSAR | N11: =VLOOKUP(D11,'TS Gantry - AP47'!$C$8:$Z$638,24,FALSE) -> BIKANER
A12: 8 | B12: Mar'25 | C12: 5 | D12: 12/2 | E12: =VLOOKUP(D12,'TS Gantry - AP47'!$C$8:$D$638,2,0) -> DA-1.5 | F12: Sandy | G12: 45721 | H12: 45726 | I12: M/s. Choudhari Construction | J12: Jagdamba Prasad | K12: Rajasthan | L12: =VLOOKUP(D12,'TS Gantry - AP47'!$C$8:$X$638,22,FALSE) -> HANSHERA | M12: =VLOOKUP(D12,'TS Gantry - AP47'!$C$8:$Y$638,23,FALSE) -> LUNKARANSAR | N12: =VLOOKUP(D12,'TS Gantry - AP47'!$C$8:$Z$638,24,FALSE) -> BIKANER
A13: 9 | B13: Mar'25 | C13: 6 | D13: 8/8 | E13: =VLOOKUP(D13,'TS Gantry - AP47'!$C$8:$D$638,2,0) -> DA+0 | F13: Sandy | G13: 45721 | H13: 45726 | I13: M/s. MS Construction | J13: Sher Singh Rana | K13: Rajasthan | L13: =VLOOKUP(D13,'TS Gantry - AP47'!$C$8:$X$638,22,FALSE) -> DHEERERAN | M13: =VLOOKUP(D13,'TS Gantry - AP47'!$C$8:$Y$638,23,FALSE) -> LUNKARANSAR | N13: =VLOOKUP(D13,'TS Gantry - AP47'!$C$8:$Z$638,24,FALSE) -> BIKANER
A14: 10 | B14: Mar'25 | C14: 7 | D14: 12/3 | E14: =VLOOKUP(D14,'TS Gantry - AP47'!$C$8:$D$638,2,0) -> DA+9 | F14: Sandy | G14: 45721 | H14: 45726 | I14: M/s. Choudhari Construction | J14: Narayan Mohoto | K14: Rajasthan | L14: =VLOOKUP(D14,'TS Gantry - AP47'!$C$8:$X$638,22,FALSE) -> HANSHERA | M14: =VLOOKUP(D14,'TS Gantry - AP47'!$C$8:$Y$638,23,FALSE) -> LUNKARANSAR | N14: =VLOOKUP(D14,'TS Gantry - AP47'!$C$8:$Z$638,24,FALSE) -> BIKANER
A15: 11 | B15: Mar'25 | C15: 8 | D15: 6/7 | E15: =VLOOKUP(D15,'TS Gantry - AP47'!$C$8:$D$638,2,0) -> DA+0 | F15: Sandy | G15: 45724 | H15: 45731 | I15: M/s. ProteK Infra | J15: Sher Singh Rana | K15: Rajasthan | L15: =VLOOKUP(D15,'TS Gantry - AP47'!$C$8:$X$638,22,FALSE) -> SODHWALI | M15: =VLOOKUP(D15,'TS Gantry - AP47'!$C$8:$Y$638,23,FALSE) -> LUNKARANSAR | N15: =VLOOKUP(D15,'TS Gantry - AP47'!$C$8:$Z$638,24,FALSE) -> BIKANER
A16: 12 | B16: Mar'25 | C16: 9 | D16: 7/6 | E16: =VLOOKUP(D16,'TS Gantry - AP47'!$C$8:$D$638,2,0) -> DA+0 | F16: Sandy | G16: 45726 | H16: 45733 | I16: M/s. Sanwariya Technical Developers | J16: Sujit Choudhary | K16: Rajasthan | L16: =VLOOKUP(D16,'TS Gantry - AP47'!$C$8:$X$638,22,FALSE) -> DUDIWALI | M16: =VLOOKUP(D16,'TS Gantry - AP47'!$C$8:$Y$638,23,FALSE) -> LUNKARANSAR | N16: =VLOOKUP(D16,'TS Gantry - AP47'!$C$8:$Z$638,24,FALSE) -> BIKANER
... A186: 182 | B186: Sep'25 | C186: 14 | D186: 36/5 | E186: =VLOOKUP(D186,'TS Gantry - AP47'!$C$8:$D$638,2,0) -> DA+6 | F186: Sandy | G186: 45918 | H186: 45921 | I186: M/s. Karni Kripa Construction Company | J186: Rohit Sharma | K186: Rajasthan | L186: =VLOOKUP(D186,'TS Gantry - AP47'!$C$8:$X$638,22,FALSE) -> MALAKSAR | M186: =VLOOKUP(D186,'TS Gantry - AP47'!$C$8:$Y$638,23,FALSE) -> SARDARSHAHAR | N186: =VLOOKUP(D186,'TS Gantry - AP47'!$C$8:$Z$638,24,FALSE) -> CHURU
A187: 183 | B187: Sep'25 | C187: 15 | D187: 4/8 | E187: =VLOOKUP(D187,'TS Gantry - AP47'!$C$8:$D$638,2,0) -> DA+9 | F187: Sandy | G187: 45918 | H187: 45922 | I187: M/s. Shree Shyam Construction | J187: Ankur Gogoi | K187: Rajasthan | L187: =VLOOKUP(D187,'TS Gantry - AP47'!$C$8:$X$638,22,FALSE) -> RAJASAR BHATIYAN | M187: =VLOOKUP(D187,'TS Gantry - AP47'!$C$8:$Y$638,23,FALSE) -> CHHATARGARH | N187: =VLOOKUP(D187,'TS Gantry - AP47'!$C$8:$Z$638,24,FALSE) -> BIKANER | O187: Yes | Q187: 45882 | R187: 45918
A188: 184 | B188: Sep'25 | C188: 16 | D188: 13/0 | E188: =VLOOKUP(D188,'TS Gantry - AP47'!$C$8:$D$638,2,0) -> DC1+3 | F188: Sandy | G188: 45919 | H188: 45923 | I188: M/s. Sanwariya Technical Developers | J188: Anshu Kumar | K188: Rajasthan | L188: =VLOOKUP(D188,'TS Gantry - AP47'!$C$8:$X$638,22,FALSE) -> HANSHERA | M188: =VLOOKUP(D188,'TS Gantry - AP47'!$C$8:$Y$638,23,FALSE) -> LUNKARANSAR | N188: =VLOOKUP(D188,'TS Gantry - AP47'!$C$8:$Z$638,24,FALSE) -> BIKANER
A189: 185 | B189: Sep'25 | C189: 17 | D189: 4/9 | E189: =VLOOKUP(D189,'TS Gantry - AP47'!$C$8:$D$638,2,0) -> DA+3 | F189: Sandy | G189: 45923 | H189: 45925 | I189: M/s. Shree Shyam Construction | J189: Anshu Kumar | K189: Rajasthan | L189: =VLOOKUP(D189,'TS Gantry - AP47'!$C$8:$X$638,22,FALSE) -> RAJASAR BHATIYAN | M189: =VLOOKUP(D189,'TS Gantry - AP47'!$C$8:$Y$638,23,FALSE) -> CHHATARGARH | N189: =VLOOKUP(D189,'TS Gantry - AP47'!$C$8:$Z$638,24,FALSE) -> BIKANER
A190: 186 | B190: Sep'25 | C190: 18 | D190: 36/4 | E190: =VLOOKUP(D190,'TS Gantry - AP47'!$C$8:$D$638,2,0) -> DA+9 | F190: Sandy | G190: 45923 | H190: 45926 | I190: M/s. Karni Kripa Construction Company | J190: Rohit Sharma | K190: Rajasthan | L190: =VLOOKUP(D190,'TS Gantry - AP47'!$C$8:$X$638,22,FALSE) -> MALAKSAR | M190: =VLOOKUP(D190,'TS Gantry - AP47'!$C$8:$Y$638,23,FALSE) -> SARDARSHAHAR | N190: =VLOOKUP(D190,'TS Gantry - AP47'!$C$8:$Z$638,24,FALSE) -> CHURU
A191: 187 | B191: Sep'25 | C191: 19 | D191: 36/3 | E191: =VLOOKUP(D191,'TS Gantry - AP47'!$C$8:$D$638,2,0) -> DA+9 | F191: Sandy | G191: 45926 | H191: 45929 | I191: M/s. Karni Kripa Construction Company | J191: Rohit Sharma | K191: Rajasthan | L191: =VLOOKUP(D191,'TS Gantry - AP47'!$C$8:$X$638,22,FALSE) -> MALAKSAR | M191: =VLOOKUP(D191,'TS Gantry - AP47'!$C$8:$Y$638,23,FALSE) -> SARDARSHAHAR | N191: =VLOOKUP(D191,'TS Gantry - AP47'!$C$8:$Z$638,24,FALSE) -> CHURU
A192: 188 | B192: Sep'25 | C192: 20 | D192: 29/19 | E192: =VLOOKUP(D192,'TS Gantry - AP47'!$C$8:$D$638,2,0) -> DA+3 | F192: Sandy | G192: 45924 | H192: 45931 | I192: M/s. Om Mahadev | J192: Saddam Maliya | K192: Rajasthan | L192: =VLOOKUP(D192,'TS Gantry - AP47'!$C$8:$X$638,22,FALSE) -> GARABDESAR | M192: =VLOOKUP(D192,'TS Gantry - AP47'!$C$8:$Y$638,23,FALSE) -> LUNKARANSAR | N192: =VLOOKUP(D192,'TS Gantry - AP47'!$C$8:$Z$638,24,FALSE) -> BIKANER | O192: Yes | Q192: 45870 | R192: 45924
A193: 189 | B193: Sep'25 | C193: 21 | D193: 4/10 | E193: =VLOOKUP(D193,'TS Gantry - AP47'!$C$8:$D$638,2,0) -> DA-1.5 | F193: Sandy | G193: 45927 | H193: 45931 | I193: M/s. Shree Shyam Construction | J193: Anshu Kumar | K193: Rajasthan | L193: =VLOOKUP(D193,'TS Gantry - AP47'!$C$8:$X$638,22,FALSE) -> MAKADASAR | M193: =VLOOKUP(D193,'TS Gantry - AP47'!$C$8:$Y$638,23,FALSE) -> CHHATARGARH | N193: =VLOOKUP(D193,'TS Gantry - AP47'!$C$8:$Z$638,24,FALSE) -> BIKANER
A194: 190 | B194: Oct'25 | C194: 1 | D194: 34/9 | E194: =VLOOKUP(D194,'TS Gantry - AP47'!$C$8:$D$638,2,0) -> DA+9 | F194: Sandy | G194: 45928 | H194: 45934 | I194: M/s. Kuri Construction Company | J194: Chetram | K194: Rajasthan | L194: =VLOOKUP(D194,'TS Gantry - AP47'!$C$8:$X$638,22,FALSE) -> LODSAR | M194: =VLOOKUP(D194,'TS Gantry - AP47'!$C$8:$Y$638,23,FALSE) -> SARDARSHAHAR | N194: =VLOOKUP(D194,'TS Gantry - AP47'!$C$8:$Z$638,24,FALSE) -> CHURU
A195: 191 | B195: Oct'25 | C195: 2 | D195: 37/0 | E195: =VLOOKUP(D195,'TS Gantry - AP47'!$C$8:$D$638,2,0) -> DB1+0 | F195: Sandy | G195: 45929 | H195: 45934 | I195: M/s. Karni Kripa Construction Company | J195: Rohit Sharma | K195: Rajasthan | L195: =VLOOKUP(D195,'TS Gantry - AP47'!$C$8:$X$638,22,FALSE) -> HALASAR | M195: =VLOOKUP(D195,'TS Gantry - AP47'!$C$8:$Y$638,23,FALSE) -> SARDARSHAHAR | N195: =VLOOKUP(D195,'TS Gantry - AP47'!$C$8:$Z$638,24,FALSE) -> CHURU
A196: 192 | B196: Oct'25 | C196: 3 | D196: 4/7 | E196: =VLOOKUP(D196,'TS Gantry - AP47'!$C$8:$D$638,2,0) -> DB1+0 | F196: Sandy | G196: 45934 | H196: 45939 | I196: M/s. Shree Shyam Construction | J196: Anshu Kumar | K196: Rajasthan | L196: =VLOOKUP(D196,'TS Gantry - AP47'!$C$8:$X$638,22,FALSE) -> RAJASAR BHATIYAN | M196: =VLOOKUP(D196,'TS Gantry - AP47'!$C$8:$Y$638,23,FALSE) -> CHHATARGARH | N196: =VLOOKUP(D196,'TS Gantry - AP47'!$C$8:$Z$638,24,FALSE) -> BIKANER | O196: Yes | Q196: 45882 | R196: 45934
A197: 193 | B197: Oct'25 | C197: 4 | D197: 36/2 | E197: =VLOOKUP(D197,'TS Gantry - AP47'!$C$8:$D$638,2,0) -> DA+9 | F197: Sandy | G197: 45934 | H197: 45942 | I197: M/s. Karni Kripa Construction Company | J197: Rohit Sharma | K197: Rajasthan | L197: =VLOOKUP(D197,'TS Gantry - AP47'!$C$8:$X$638,22,FALSE) -> MALAKSAR | M197: =VLOOKUP(D197,'TS Gantry - AP47'!$C$8:$Y$638,23,FALSE) -> SARDARSHAHAR | N197: =VLOOKUP(D197,'TS Gantry - AP47'!$C$8:$Z$638,24,FALSE) -> CHURU | O197: Yes | Q197: 45896 | R197: 45926
A198: 194 | B198: Oct'25 | C198: 5 | D198: 34/10 | E198: =VLOOKUP(D198,'TS Gantry - AP47'!$C$8:$D$638,2,0) -> DA+9 | F198: Sandy | G198: 45934 | H198: 45942 | I198: M/s. Kuri Construction Company | J198: Chetram | K198: Rajasthan | L198: =VLOOKUP(D198,'TS Gantry - AP47'!$C$8:$X$638,22,FALSE) -> NAHARSARA | M198: =VLOOKUP(D198,'TS Gantry - AP47'!$C$8:$Y$638,23,FALSE) -> SARDARSHAHAR | N198: =VLOOKUP(D198,'TS Gantry - AP47'!$C$8:$Z$638,24,FALSE) -> CHURU
A199: 195 | B199: Oct'25 | C199: 6 | D199: 20/4 | E199: =VLOOKUP(D199,'TS Gantry - AP47'!$C$8:$D$638,2,0) -> DA+0 | F199: Sandy | G199: 45939 | H199: 45942 | I199: M/s. Sanwariya Technical Developers | J199: Sher Singh Rana | K199: Rajasthan | L199: =VLOOKUP(D199,'TS Gantry - AP47'!$C$8:$X$638,22,FALSE) -> KALKAL MUKLERA | M199: =VLOOKUP(D199,'TS Gantry - AP47'!$C$8:$Y$638,23,FALSE) -> LUNKARANSAR | N199: =VLOOKUP(D199,'TS Gantry - AP47'!$C$8:$Z$638,24,FALSE) -> BIKANER | O199: Yes | Q199: 45733 | R199: 45926
A200: 196 | B200: Oct'25 | C200: 7 | D200: 37/2 | E200: =VLOOKUP(D200,'TS Gantry - AP47'!$C$8:$D$638,2,0) -> DA+3 | F200: Sandy | G200: 45943 | H200: 45946 | I200: M/s. Karni Kripa Construction Company | J200: Rohit Sharma | K200: Rajasthan | L200: =VLOOKUP(D200,'TS Gantry - AP47'!$C$8:$X$638,22,FALSE) -> HALASAR | M200: =VLOOKUP(D200,'TS Gantry - AP47'!$C$8:$Y$638,23,FALSE) -> SARDARSHAHAR | N200: =VLOOKUP(D200,'TS Gantry - AP47'!$C$8:$Z$638,24,FALSE) -> CHURU
A201: 197 | B201: Oct'25 | C201: 8 | D201: 30/0 | E201: =VLOOKUP(D201,'TS Gantry - AP47'!$C$8:$D$638,2,0) -> DB2+0 | F201: Sandy | G201: 45934 | H201: 45947 | I201: M/s. Om Mahadev | J201: Saddam Maliya | K201: Rajasthan | L201: =VLOOKUP(D201,'TS Gantry - AP47'!$C$8:$X$638,22,FALSE) -> RAJPURA HUDAAN | M201: =VLOOKUP(D201,'TS Gantry - AP47'!$C$8:$Y$638,23,FALSE) -> LUNKARANSAR | N201: =VLOOKUP(D201,'TS Gantry - AP47'!$C$8:$Z$638,24,FALSE) -> BIKANER | O201: Yes | Q201: 45870 | R201: 45934
A202: 198 | B202: Oct'25 | C202: 9 | D202: 18/2 | E202: =VLOOKUP(D202,'TS Gantry - AP47'!$C$8:$D$638,2,0) -> DA+3 | F202: Sandy | G202: 45944 | H202: 45947 | I202: M/s. Sanwariya Technical Developers | J202: Ankur Gogoi | K202: Rajasthan | L202: =VLOOKUP(D202,'TS Gantry - AP47'!$C$8:$X$638,22,FALSE) -> SURANA | M202: =VLOOKUP(D202,'TS Gantry - AP47'!$C$8:$Y$638,23,FALSE) -> LUNKARANSAR | N202: =VLOOKUP(D202,'TS Gantry - AP47'!$C$8:$Z$638,24,FALSE) -> BIKANER | O202: Yes
A203: 199 | B203: Oct'25 | C203: 10 | D203: 37/3 | E203: =VLOOKUP(D203,'TS Gantry - AP47'!$C$8:$D$638,2,0) -> DA+3 | F203: Sandy | G203: 45946 | H203: 45948 | I203: M/s. Karni Kripa Construction Company | J203: Rohit Sharma | K203: Rajasthan | L203: =VLOOKUP(D203,'TS Gantry - AP47'!$C$8:$X$638,22,FALSE) -> HALASAR | M203: =VLOOKUP(D203,'TS Gantry - AP47'!$C$8:$Y$638,23,FALSE) -> SARDARSHAHAR | N203: =VLOOKUP(D203,'TS Gantry - AP47'!$C$8:$Z$638,24,FALSE) -> CHURU
A204: 200 | B204: Oct'25 | C204: 11 | D204: 31/17 | E204: =VLOOKUP(D204,'TS Gantry - AP47'!$C$8:$D$638,2,0) -> DA+9 | F204: Sandy | G204: 45942 | H204: 45949 | I204: M/s. Choudhari Construction | J204: Raghu Kr. Mahto | K204: Rajasthan | L204: =VLOOKUP(D204,'TS Gantry - AP47'!$C$8:$X$638,22,FALSE) -> KANWALASAR | M204: =VLOOKUP(D204,'TS Gantry - AP47'!$C$8:$Y$638,23,FALSE) -> SARDARSHAHAR | N204: =VLOOKUP(D204,'TS Gantry - AP47'!$C$8:$Z$638,24,FALSE) -> CHURU
A205: 201 | B205: Oct'25 | C205: 12 | D205: 3/1 | E205: =VLOOKUP(D205,'TS Gantry - AP47'!$C$8:$D$638,2,0) -> DB1+9 | F205: Sandy | G205: 45940 | H205: 45953 | I205: M/s. Shree Shyam Construction | J205: Deepak Kr. Mahto | K205: Rajasthan | L205: =VLOOKUP(D205,'TS Gantry - AP47'!$C$8:$X$638,22,FALSE) -> AMBARAN | M205: =VLOOKUP(D205,'TS Gantry - AP47'!$C$8:$Y$638,23,FALSE) -> CHHATARGARH | N205: =VLOOKUP(D205,'TS Gantry - AP47'!$C$8:$Z$638,24,FALSE) -> BIKANER
A206: 202 | B206: Oct'25 | C206: 13 | D206: 29/13 | E206: =VLOOKUP(D206,'TS Gantry - AP47'!$C$8:$D$638,2,0) -> DA+0 | F206: Sandy | G206: 45918 | H206: 45955 | I206: M/s. Om Mahadev | J206: Saddam Maliya | K206: Rajasthan | L206: =VLOOKUP(D206,'TS Gantry - AP47'!$C$8:$X$638,22,FALSE) -> KALOO | M206: =VLOOKUP(D206,'TS Gantry - AP47'!$C$8:$Y$638,23,FALSE) -> LUNKARANSAR | N206: =VLOOKUP(D206,'TS Gantry - AP47'!$C$8:$Z$638,24,FALSE) -> BIKANER | O206: Yes | Q206: 45870 | R206: 45946
A207: 203 | B207: Oct'25 | C207: 14 | D207: 35/0 | E207: =VLOOKUP(D207,'TS Gantry - AP47'!$C$8:$D$638,2,0) -> DB1+9 | F207: Sandy | G207: 45943 | H207: 45955 | I207: M/s. Kuri Construction Company | J207: Narayan Kr. Mahto | K207: Rajasthan | L207: =VLOOKUP(D207,'TS Gantry - AP47'!$C$8:$X$638,22,FALSE) -> NAHARSARA | M207: =VLOOKUP(D207,'TS Gantry - AP47'!$C$8:$Y$638,23,FALSE) -> SARDARSHAHAR | N207: =VLOOKUP(D207,'TS Gantry - AP47'!$C$8:$Z$638,24,FALSE) -> CHURU
A208: 204 | B208: Oct'25 | C208: 15 | D208: 31/18 | E208: =VLOOKUP(D208,'TS Gantry - AP47'!$C$8:$D$638,2,0) -> DB1+9 | F208: Sandy | G208: 45948 | H208: 45956 | I208: M/s. Choudhari Construction | J208: Raghu Kr. Mahto | K208: Rajasthan | L208: =VLOOKUP(D208,'TS Gantry - AP47'!$C$8:$X$638,22,FALSE) -> DHEERASAR | M208: =VLOOKUP(D208,'TS Gantry - AP47'!$C$8:$Y$638,23,FALSE) -> SARDARSHAHAR | N208: =VLOOKUP(D208,'TS Gantry - AP47'!$C$8:$Z$638,24,FALSE) -> CHURU
A209: 205 | B209: Oct'25 | C209: 16 | D209: 37/4 | E209: =VLOOKUP(D209,'TS Gantry - AP47'!$C$8:$D$638,2,0) -> DA+3 | F209: Sandy | G209: 45953 | H209: 45956 | I209: M/s. Karni Kripa Construction Company | J209: Rohit Sharma | K209: Rajasthan | L209: =VLOOKUP(D209,'TS Gantry - AP47'!$C$8:$X$638,22,FALSE) -> HALASAR | M209: =VLOOKUP(D209,'TS Gantry - AP47'!$C$8:$Y$638,23,FALSE) -> SARDARSHAHAR | N209: =VLOOKUP(D209,'TS Gantry - AP47'!$C$8:$Z$638,24,FALSE) -> CHURU
A210: 206 | B210: Oct'25 | C210: 17 | D210: 12/0 | E210: =VLOOKUP(D210,'TS Gantry - AP47'!$C$8:$D$638,2,0) -> DC2+0 | F210: Sandy | G210: 45947 | H210: 45957 | I210: M/s. Sanwariya Technical Developers | J210: Montu Biswas | K210: Rajasthan | L210: =VLOOKUP(D210,'TS Gantry - AP47'!$C$8:$X$638,22,FALSE) -> SHARAH BOOCHAWAS | M210: =VLOOKUP(D210,'TS Gantry - AP47'!$C$8:$Y$638,23,FALSE) -> LUNKARANSAR | N210: =VLOOKUP(D210,'TS Gantry - AP47'!$C$8:$Z$638,24,FALSE) -> BIKANER | O210: Yes | Q210: 45719 | R210: 45947
A211: 207 | B211: Oct'25 | C211: 18 | D211: 3/2 | E211: =VLOOKUP(D211,'TS Gantry - AP47'!$C$8:$D$638,2,0) -> DA+9 | F211: Sandy | G211: 45953 | H211: 45958 | I211: M/s. Shree Shyam Construction | J211: Deepak Kr. Mahto | K211: Rajasthan | L211: =VLOOKUP(D211,'TS Gantry - AP47'!$C$8:$X$638,22,FALSE) -> AMBARAN | M211: =VLOOKUP(D211,'TS Gantry - AP47'!$C$8:$Y$638,23,FALSE) -> CHHATARGARH | N211: =VLOOKUP(D211,'TS Gantry - AP47'!$C$8:$Z$638,24,FALSE) -> BIKANER
A212: 208 | B212: Oct'25 | C212: 19 | D212: 31/0 | E212: =VLOOKUP(D212,'TS Gantry - AP47'!$C$8:$D$638,2,0) -> DB2+0 | F212: Sandy | G212: 45952 | H212: 45960 | I212: M/s. Choudhari Construction | J212: Raghu Kr. Mahto | K212: Rajasthan | L212: =VLOOKUP(D212,'TS Gantry - AP47'!$C$8:$X$638,22,FALSE) -> CHHATASAR | M212: =VLOOKUP(D212,'TS Gantry - AP47'!$C$8:$Y$638,23,FALSE) -> LUNKARANSAR | N212: =VLOOKUP(D212,'TS Gantry - AP47'!$C$8:$Z$638,24,FALSE) -> BIKANER
A213: 209 | B213: Oct'25 | C213: 20 | D213: 9/4 | E213: =VLOOKUP(D213,'TS Gantry - AP47'!$C$8:$D$638,2,0) -> DA+3 | F213: Sandy | G213: 45957 | H213: 45960 | I213: M/s. Sanwariya Technical Developers | J213: Montu Biswas | K213: Rajasthan | L213: =VLOOKUP(D213,'TS Gantry - AP47'!$C$8:$X$638,22,FALSE) -> DHEERERAN | M213: =VLOOKUP(D213,'TS Gantry - AP47'!$C$8:$Y$638,23,FALSE) -> LUNKARANSAR | N213: =VLOOKUP(D213,'TS Gantry - AP47'!$C$8:$Z$638,24,FALSE) -> BIKANER
A214: 210 | B214: Oct'25 | C214: 21 | D214: 3/3 | E214: =VLOOKUP(D214,'TS Gantry - AP47'!$C$8:$D$638,2,0) -> DA+9 | F214: Sandy | G214: 45957 | H214: 45960 | I214: M/s. Shree Shyam Construction | J214: Deepak Kr. Mahto | K214: Rajasthan | L214: =VLOOKUP(D214,'TS Gantry - AP47'!$C$8:$X$638,22,FALSE) -> AMBARAN | M214: =VLOOKUP(D214,'TS Gantry - AP47'!$C$8:$Y$638,23,FALSE) -> CHHATARGARH | N214: =VLOOKUP(D214,'TS Gantry - AP47'!$C$8:$Z$638,24,FALSE) -> BIKANER
A215: 211 | B215: Oct'25 | C215: 22 | D215: 40/1 | E215: =VLOOKUP(D215,'TS Gantry - AP47'!$C$8:$D$638,2,0) -> DA+3 | F215: Sandy | G215: 45958 | H215: 45960 | I215: M/s. Karni Kripa Construction Company | J215: Rohit Sharma | K215: Rajasthan | L215: =VLOOKUP(D215,'TS Gantry - AP47'!$C$8:$X$638,22,FALSE) -> MALSAR | M215: =VLOOKUP(D215,'TS Gantry - AP47'!$C$8:$Y$638,23,FALSE) -> SARDARSHAHAR | N215: =VLOOKUP(D215,'TS Gantry - AP47'!$C$8:$Z$638,24,FALSE) -> CHURU
A216: 212 | B216: Oct'25 | C216: 23 | D216: 29/21 | E216: =VLOOKUP(D216,'TS Gantry - AP47'!$C$8:$D$638,2,0) -> DA+3 | F216: Sandy | G216: 45954 | H216: 45962 | I216: M/s. Om Mahadev | J216: Saddam Maliya | K216: Rajasthan | L216: =VLOOKUP(D216,'TS Gantry - AP47'!$C$8:$X$638,22,FALSE) -> RAJPURA HUDAAN | M216: =VLOOKUP(D216,'TS Gantry - AP47'!$C$8:$Y$638,23,FALSE) -> LUNKARANSAR | N216: =VLOOKUP(D216,'TS Gantry - AP47'!$C$8:$Z$638,24,FALSE) -> BIKANER
A217: 213 | B217: Oct'25 | C217: 24 | D217: 35/1 | E217: =VLOOKUP(D217,'TS Gantry - AP47'!$C$8:$D$638,2,0) -> DA+9 | F217: Sandy | G217: 45956 | H217: 45962 | I217: M/s. Kuri Construction Company | J217: Narayan Kr. Mahto | K217: Rajasthan | L217: =VLOOKUP(D217,'TS Gantry - AP47'!$C$8:$X$638,22,FALSE) -> NAHARSARA | M217: =VLOOKUP(D217,'TS Gantry - AP47'!$C$8:$Y$638,23,FALSE) -> SARDARSHAHAR | N217: =VLOOKUP(D217,'TS Gantry - AP47'!$C$8:$Z$638,24,FALSE) -> CHURU
A218: 214 | B218: Oct'25 | C218: 25 | D218: 3/4 | E218: =VLOOKUP(D218,'TS Gantry - AP47'!$C$8:$D$638,2,0) -> DA-1.5 | F218: Sandy | G218: 45961 | H218: 45963 | I218: M/s. Shree Shyam Construction | J218: Deepak Kr. Mahto | K218: Rajasthan | L218: =VLOOKUP(D218,'TS Gantry - AP47'!$C$8:$X$638,22,FALSE) -> AMBARAN | M218: =VLOOKUP(D218,'TS Gantry - AP47'!$C$8:$Y$638,23,FALSE) -> CHHATARGARH | N218: =VLOOKUP(D218,'TS Gantry - AP47'!$C$8:$Z$638,24,FALSE) -> BIKANER
A219: 215 | B219: Nov'25 | C219: 1 | D219: 37/1 | E219: =VLOOKUP(D219,'TS Gantry - AP47'!$C$8:$D$638,2,0) -> DA+0 | F219: Sandy | G219: 45957 | H219: 45964 | I219: M/s. Karni Kripa Construction Company | J219: Rohit Sharma | K219: Rajasthan | L219: =VLOOKUP(D219,'TS Gantry - AP47'!$C$8:$X$638,22,FALSE) -> HALASAR | M219: =VLOOKUP(D219,'TS Gantry - AP47'!$C$8:$Y$638,23,FALSE) -> SARDARSHAHAR | N219: =VLOOKUP(D219,'TS Gantry - AP47'!$C$8:$Z$638,24,FALSE) -> CHURU | O219: Yes | Q219: 45896 | R219: 45958
A220: 216 | B220: Nov'25 | C220: 2 | D220: 30/17 | E220: =VLOOKUP(D220,'TS Gantry - AP47'!$C$8:$D$638,2,0) -> DC2+0 | F220: Sandy | G220: 45957 | H220: 45965 | I220: M/s. Choudhari Construction | J220: Raghu Kr. Mahto | K220: Rajasthan | L220: =VLOOKUP(D220,'TS Gantry - AP47'!$C$8:$X$638,22,FALSE) -> CHHATASAR | M220: =VLOOKUP(D220,'TS Gantry - AP47'!$C$8:$Y$638,23,FALSE) -> LUNKARANSAR | N220: =VLOOKUP(D220,'TS Gantry - AP47'!$C$8:$Z$638,24,FALSE) -> BIKANER
A221: 217 | B221: Nov'25 | C221: 3 | D221: 11/1 | E221: =VLOOKUP(D221,'TS Gantry - AP47'!$C$8:$D$638,2,0) -> DA-1.5 | F221: Sandy | G221: 45962 | H221: 45966 | I221: M/s. Sanwariya Technical Developers | J221: Sher Singh Rana | K221: Rajasthan | L221: =VLOOKUP(D221,'TS Gantry - AP47'!$C$8:$X$638,22,FALSE) -> SHARAH BEECHHARWAS | M221: =VLOOKUP(D221,'TS Gantry - AP47'!$C$8:$Y$638,23,FALSE) -> LUNKARANSAR | N221: =VLOOKUP(D221,'TS Gantry - AP47'!$C$8:$Z$638,24,FALSE) -> BIKANER
A222: 218 | B222: Nov'25 | C222: 4 | D222: 3/5 | E222: =VLOOKUP(D222,'TS Gantry - AP47'!$C$8:$D$638,2,0) -> DA+6 | F222: Sandy | G222: 45963 | H222: 45967 | I222: M/s. Shree Shyam Construction | J222: Ankur Gogoi | K222: Rajasthan | L222: =VLOOKUP(D222,'TS Gantry - AP47'!$C$8:$X$638,22,FALSE) -> AMBARAN | M222: =VLOOKUP(D222,'TS Gantry - AP47'!$C$8:$Y$638,23,FALSE) -> CHHATARGARH | N222: =VLOOKUP(D222,'TS Gantry - AP47'!$C$8:$Z$638,24,FALSE) -> BIKANER
A223: 219 | B223: Nov'25 | C223: 5 | D223: 35/2 | E223: =VLOOKUP(D223,'TS Gantry - AP47'!$C$8:$D$638,2,0) -> DA+9 | F223: Sandy | G223: 45962 | H223: 45968 | I223: M/s. Kuri Construction Company | J223: Narayan Kr. Mahto | K223: Rajasthan | L223: =VLOOKUP(D223,'TS Gantry - AP47'!$C$8:$X$638,22,FALSE) -> NAHARSARA | M223: =VLOOKUP(D223,'TS Gantry - AP47'!$C$8:$Y$638,23,FALSE) -> SARDARSHAHAR | N223: =VLOOKUP(D223,'TS Gantry - AP47'!$C$8:$Z$638,24,FALSE) -> CHURU
A224: 220 | B224: Nov'25 | C224: 6 | D224: 29/17 | E224: =VLOOKUP(D224,'TS Gantry - AP47'!$C$8:$D$638,2,0) -> DA+0 | F224: Sandy | G224: 45960 | H224: 45970 | I224: M/s. Om Mahadev | J224: Saddam Maliya | K224: Rajasthan | L224: =VLOOKUP(D224,'TS Gantry - AP47'!$C$8:$X$638,22,FALSE) -> GARABDESAR | M224: =VLOOKUP(D224,'TS Gantry - AP47'!$C$8:$Y$638,23,FALSE) -> LUNKARANSAR | N224: =VLOOKUP(D224,'TS Gantry - AP47'!$C$8:$Z$638,24,FALSE) -> BIKANER
A225: 221 | B225: Nov'25 | C225: 7 | D225: 3/6 | E225: =VLOOKUP(D225,'TS Gantry - AP47'!$C$8:$D$638,2,0) -> DA+3 | F225: Sandy | G225: 45967 | H225: 45970 | I225: M/s. Shree Shyam Construction | J225: Ankur Gogoi | K225: Rajasthan | L225: =VLOOKUP(D225,'TS Gantry - AP47'!$C$8:$X$638,22,FALSE) -> AMBARAN | M225: =VLOOKUP(D225,'TS Gantry - AP47'!$C$8:$Y$638,23,FALSE) -> CHHATARGARH | N225: =VLOOKUP(D225,'TS Gantry - AP47'!$C$8:$Z$638,24,FALSE) -> BIKANER
A226: 222 | B226: Nov'25 | C226: 8 | D226: 40/0 | E226: =VLOOKUP(D226,'TS Gantry - AP47'!$C$8:$D$638,2,0) -> DC1+9 | F226: Sandy | G226: 45965 | H226: 45971 | I226: M/s. Karni Kripa Construction Company | J226: Rohit Sharma | K226: Rajasthan | L226: =VLOOKUP(D226,'TS Gantry - AP47'!$C$8:$X$638,22,FALSE) -> MALSAR | M226: =VLOOKUP(D226,'TS Gantry - AP47'!$C$8:$Y$638,23,FALSE) -> SARDARSHAHAR | N226: =VLOOKUP(D226,'TS Gantry - AP47'!$C$8:$Z$638,24,FALSE) -> CHURU
A227: 223 | B227: Nov'25 | C227: 9 | D227: 16/1 | E227: =VLOOKUP(D227,'TS Gantry - AP47'!$C$8:$D$638,2,0) -> DA+3 | F227: Sandy | G227: 45967 | H227: 45972 | I227: M/s. Sanwariya Technical Developers | J227: Sher Singh Rana | K227: Rajasthan | L227: =VLOOKUP(D227,'TS Gantry - AP47'!$C$8:$X$638,22,FALSE) -> HANSHERA | M227: =VLOOKUP(D227,'TS Gantry - AP47'!$C$8:$Y$638,23,FALSE) -> LUNKARANSAR | N227: =VLOOKUP(D227,'TS Gantry - AP47'!$C$8:$Z$638,24,FALSE) -> BIKANER
A228: 224 | B228: Nov'25 | C228: 10 | D228: 31/25 | E228: =VLOOKUP(D228,'TS Gantry - AP47'!$C$8:$D$638,2,0) -> DA-3 | F228: Sandy | G228: 45966 | H228: 45973 | I228: M/s. Choudhari Construction | J228: Raghu Kr. Mahto | K228: Rajasthan | L228: =VLOOKUP(D228,'TS Gantry - AP47'!$C$8:$X$638,22,FALSE) -> DHEERASAR | M228: =VLOOKUP(D228,'TS Gantry - AP47'!$C$8:$Y$638,23,FALSE) -> SARDARSHAHAR | N228: =VLOOKUP(D228,'TS Gantry - AP47'!$C$8:$Z$638,24,FALSE) -> CHURU
A229: 225 | B229: Nov'25 | C229: 11 | D229: 3/7 | E229: =VLOOKUP(D229,'TS Gantry - AP47'!$C$8:$D$638,2,0) -> DA+3 | F229: Sandy | G229: 45970 | H229: 45973 | I229: M/s. Shree Shyam Construction | J229: Ankur Gogoi | K229: Rajasthan | L229: =VLOOKUP(D229,'TS Gantry - AP47'!$C$8:$X$638,22,FALSE) -> RAJASAR BHATIYAN | M229: =VLOOKUP(D229,'TS Gantry - AP47'!$C$8:$Y$638,23,FALSE) -> CHHATARGARH | N229: =VLOOKUP(D229,'TS Gantry - AP47'!$C$8:$Z$638,24,FALSE) -> BIKANER
A230: 226 | B230: Nov'25 | C230: 12 | D230: 35/3 | E230: =VLOOKUP(D230,'TS Gantry - AP47'!$C$8:$D$638,2,0) -> DA+3 | F230: Sandy | G230: 45969 | H230: 45974 | I230: M/s. Kuri Construction Company | J230: Narayan Kr. Mahto | K230: Rajasthan | L230: =VLOOKUP(D230,'TS Gantry - AP47'!$C$8:$X$638,22,FALSE) -> NAHARSARA | M230: =VLOOKUP(D230,'TS Gantry - AP47'!$C$8:$Y$638,23,FALSE) -> SARDARSHAHAR | N230: =VLOOKUP(D230,'TS Gantry - AP47'!$C$8:$Z$638,24,FALSE) -> CHURU
A231: 227 | B231: Nov'25 | C231: 13 | D231: 39/0 | E231: =VLOOKUP(D231,'TS Gantry - AP47'!$C$8:$D$638,2,0) -> DB2+9 | F231: Sandy | G231: 45970 | H231: 45975 | I231: M/s. Karni Kripa Construction Company | J231: Rohit Sharma | K231: Rajasthan | L231: =VLOOKUP(D231,'TS Gantry - AP47'!$C$8:$X$638,22,FALSE) -> MALSAR | M231: =VLOOKUP(D231,'TS Gantry - AP47'!$C$8:$Y$638,23,FALSE) -> SARDARSHAHAR | N231: =VLOOKUP(D231,'TS Gantry - AP47'!$C$8:$Z$638,24,FALSE) -> CHURU
A232: 228 | B232: Nov'25 | C232: 14 | D232: 11/8 | E232: =VLOOKUP(D232,'TS Gantry - AP47'!$C$8:$D$638,2,0) -> DA+3 | F232: Sandy | G232: 45975 | H232: 45977 | I232: M/s. Sanwariya Technical Developers | J232: Sher Singh Rana | K232: Rajasthan | L232: =VLOOKUP(D232,'TS Gantry - AP47'!$C$8:$X$638,22,FALSE) -> SHARAH BOOCHAWAS | M232: =VLOOKUP(D232,'TS Gantry - AP47'!$C$8:$Y$638,23,FALSE) -> LUNKARANSAR | N232: =VLOOKUP(D232,'TS Gantry - AP47'!$C$8:$Z$638,24,FALSE) -> BIKANER
A233: 229 | B233: Nov'25 | C233: 15 | D233: 38/2 | E233: =VLOOKUP(D233,'TS Gantry - AP47'!$C$8:$D$638,2,0) -> DA-3 | F233: Sandy | G233: 45975 | H233: 45977 | I233: M/s. Karni Kripa Construction Company | J233: Rohit Sharma | K233: Rajasthan | L233: =VLOOKUP(D233,'TS Gantry - AP47'!$C$8:$X$638,22,FALSE) -> MALSAR | M233: =VLOOKUP(D233,'TS Gantry - AP47'!$C$8:$Y$638,23,FALSE) -> SARDARSHAHAR
A234: 230 | B234: Nov'25 | C234: 16 | D234: 31/27 | E234: =VLOOKUP(D234,'TS Gantry - AP47'!$C$8:$D$638,2,0) -> DA+3 | F234: Sandy | G234: 45971 | H234: 45978 | I234: M/s. Choudhari Construction | J234: Ramesh Kumar Mahto | K234: Rajasthan | L234: =VLOOKUP(D234,'TS Gantry - AP47'!$C$8:$X$638,22,FALSE) -> MALSISAR | M234: =VLOOKUP(D234,'TS Gantry - AP47'!$C$8:$Y$638,23,FALSE) -> SARDARSHAHAR | N234: =VLOOKUP(D234,'TS Gantry - AP47'!$C$8:$Z$638,24,FALSE) -> CHURU
A235: 231 | B235: Nov'25 | C235: 17 | D235: 30/1 | E235: =VLOOKUP(D235,'TS Gantry - AP47'!$C$8:$D$638,2,0) -> DA+3 | F235: Sandy | G235: 45971 | H235: 45979 | I235: M/s. Om Mahadev | J235: Saddam Maliya | K235: Rajasthan | L235: =VLOOKUP(D235,'TS Gantry - AP47'!$C$8:$X$638,22,FALSE) -> GARABDESAR | M235: =VLOOKUP(D235,'TS Gantry - AP47'!$C$8:$Y$638,23,FALSE) -> LUNKARANSAR | N235: =VLOOKUP(D235,'TS Gantry - AP47'!$C$8:$Z$638,24,FALSE) -> BIKANER
A236: 232 | B236: Nov'25 | C236: 18 | D236: 3A/0 | E236: =VLOOKUP(D236,'TS Gantry - AP47'!$C$8:$D$638,2,0) -> DD45+0 | F236: Sandy | G236: 45974 | H236: 45980 | I236: M/s. Shree Shyam Construction | J236: Ankur Gogoi | K236: Rajasthan | L236: =VLOOKUP(D236,'TS Gantry - AP47'!$C$8:$X$638,22,FALSE) -> RAJASAR BHATIYAN | M236: =VLOOKUP(D236,'TS Gantry - AP47'!$C$8:$Y$638,23,FALSE) -> CHHATARGARH | N236: =VLOOKUP(D236,'TS Gantry - AP47'!$C$8:$Z$638,24,FALSE) -> BIKANER
A237: 233 | B237: Nov'25 | C237: 19 | D237: 20/7 | E237: =VLOOKUP(D237,'TS Gantry - AP47'!$C$8:$D$638,2,0) -> DA+0 | F237: Sandy | G237: 45979 | H237: 45982 | I237: M/s. Sanwariya Technical Developers | J237: Deepak Kr. Mahto | K237: Rajasthan | L237: =VLOOKUP(D237,'TS Gantry - AP47'!$C$8:$X$638,22,FALSE) -> LUNKARANSAR | M237: =VLOOKUP(D237,'TS Gantry - AP47'!$C$8:$Y$638,23,FALSE) -> LUNKARANSAR | N237: =VLOOKUP(D237,'TS Gantry - AP47'!$C$8:$Z$638,24,FALSE) -> BIKANER
A238: 234 | B238: Nov'25 | C238: 20 | D238: 38/0 | E238: =VLOOKUP(D238,'TS Gantry - AP47'!$C$8:$D$638,2,0) -> DB2+0 | F238: Sandy | G238: 45977 | H238: 45983 | I238: M/s. Karni Kripa Construction Company | J238: Rohit Sharma | K238: Rajasthan | L238: =VLOOKUP(D238,'TS Gantry - AP47'!$C$8:$X$638,22,FALSE) -> MALSAR | M238: =VLOOKUP(D238,'TS Gantry - AP47'!$C$8:$Y$638,23,FALSE) -> SARDARSHAHAR | N238: =VLOOKUP(D238,'TS Gantry - AP47'!$C$8:$Z$638,24,FALSE) -> CHURU
A239: 235 | B239: Nov'25 | C239: 21 | D239: 29/16 | E239: =VLOOKUP(D239,'TS Gantry - AP47'!$C$8:$D$638,2,0) -> DA+0 | F239: Sandy | G239: 45970 | H239: 45985 | I239: M/s. Om Mahadev | J239: Saddam Maliya | K239: Rajasthan | L239: =VLOOKUP(D239,'TS Gantry - AP47'!$C$8:$X$638,22,FALSE) -> GARABDESAR | M239: =VLOOKUP(D239,'TS Gantry - AP47'!$C$8:$Y$638,23,FALSE) -> LUNKARANSAR | N239: =VLOOKUP(D239,'TS Gantry - AP47'!$C$8:$Z$638,24,FALSE) -> BIKANER
A240: 236 | B240: Nov'25 | C240: 22 | D240: 38/1 | E240: =VLOOKUP(D240,'TS Gantry - AP47'!$C$8:$D$638,2,0) -> DA+0 | F240: Sandy | G240: 45984 | H240: 45985 | I240: M/s. Karni Kripa Construction Company | J240: Rohit Sharma | K240: Rajasthan | L240: =VLOOKUP(D240,'TS Gantry - AP47'!$C$8:$X$638,22,FALSE) -> MALSAR | M240: =VLOOKUP(D240,'TS Gantry - AP47'!$C$8:$Y$638,23,FALSE) -> SARDARSHAHAR | N240: =VLOOKUP(D240,'TS Gantry - AP47'!$C$8:$Z$638,24,FALSE) -> CHURU
A241: 237 | B241: Nov'25 | C241: 23 | D241: 32/0 | E241: =VLOOKUP(D241,'TS Gantry - AP47'!$C$8:$D$638,2,0) -> DB2+3 | F241: Sandy | G241: 45975 | H241: 45986 | I241: M/s. Choudhari Construction | J241: Deepak Kr. Mahto | K241: Rajasthan | L241: =VLOOKUP(D241,'TS Gantry - AP47'!$C$8:$X$638,22,FALSE) -> MALSISAR | M241: =VLOOKUP(D241,'TS Gantry - AP47'!$C$8:$Y$638,23,FALSE) -> SARDARSHAHAR | N241: =VLOOKUP(D241,'TS Gantry - AP47'!$C$8:$Z$638,24,FALSE) -> CHURU
A242: 238 | B242: Nov'25 | C242: 24 | D242: 32/4 | E242: =VLOOKUP(D242,'TS Gantry - AP47'!$C$8:$D$638,2,0) -> DA+6 | F242: Sandy | G242: 45985 | H242: 45989 | I242: M/s. Choudhari Construction | J242: Deepak Kr. Mahto | K242: Rajasthan | L242: =VLOOKUP(D242,'TS Gantry - AP47'!$C$8:$X$638,22,FALSE) -> KEEKASAR | M242: =VLOOKUP(D242,'TS Gantry - AP47'!$C$8:$Y$638,23,FALSE) -> SARDARSHAHAR | N242: =VLOOKUP(D242,'TS Gantry - AP47'!$C$8:$Z$638,24,FALSE) -> CHURU
A243: 239 | B243: Nov'25 | C243: 25 | D243: 3/0 | E243: =VLOOKUP(D243,'TS Gantry - AP47'!$C$8:$D$638,2,0) -> DC2+9 | F243: Sandy | G243: 45981 | H243: 45990 | I243: M/s. Shree Shyam Construction | J243: Ankur Gogoi | K243: Rajasthan | L243: =VLOOKUP(D243,'TS Gantry - AP47'!$C$8:$X$638,22,FALSE) -> KELAN | M243: =VLOOKUP(D243,'TS Gantry - AP47'!$C$8:$Y$638,23,FALSE) -> CHHATARGARH | N243: =VLOOKUP(D243,'TS Gantry - AP47'!$C$8:$Z$638,24,FALSE) -> BIKANER
A244: 240 | B244: Nov'25 | C244: 26 | D244: 34/8 | E244: =VLOOKUP(D244,'TS Gantry - AP47'!$C$8:$D$638,2,0) -> DA+9 | F244: Sandy | G244: 45986 | H244: 45990 | I244: M/s. Karni Kripa Construction Company | J244: Rohit Sharma | K244: Rajasthan | L244: =VLOOKUP(D244,'TS Gantry - AP47'!$C$8:$X$638,22,FALSE) -> RANGAISAR | M244: =VLOOKUP(D244,'TS Gantry - AP47'!$C$8:$Y$638,23,FALSE) -> SARDARSHAHAR | N244: =VLOOKUP(D244,'TS Gantry - AP47'!$C$8:$Z$638,24,FALSE) -> CHURU
A245: 241 | B245: Nov'25 | C245: 27 | D245: 21/0 | E245: =VLOOKUP(D245,'TS Gantry - AP47'!$C$8:$D$638,2,0) -> DC2+3 | F245: Sandy | G245: 45985 | H245: 45992 | I245: M/s. Sanwariya Technical Developers | J245: Mantu Bishvash | K245: Rajasthan | L245: =VLOOKUP(D245,'TS Gantry - AP47'!$C$8:$X$638,22,FALSE) -> LUNKARANSAR | M245: =VLOOKUP(D245,'TS Gantry - AP47'!$C$8:$Y$638,23,FALSE) -> LUNKARANSAR | N245: =VLOOKUP(D245,'TS Gantry - AP47'!$C$8:$Z$638,24,FALSE) -> BIKANER
... A293: 289 | B293: Feb'26 | C293: 1 | D293: 16/3 | E293: =VLOOKUP(D293,'TS Gantry - AP47'!$C$8:$D$638,2,0) -> DA+0 | F293: Sandy | G293: 46056 | H293: 46060 | I293: M/s. Sanwariya Technical Developers | J293: Ankur Gogoi | K293: Rajasthan | L293: =VLOOKUP(D293,'TS Gantry - AP47'!$C$8:$X$638,22,FALSE) -> JAKHARWALA | M293: =VLOOKUP(D293,'TS Gantry - AP47'!$C$8:$Y$638,23,FALSE) -> LUNKARANSAR | N293: =VLOOKUP(D293,'TS Gantry - AP47'!$C$8:$Z$638,24,FALSE) -> BIKANER
A294: 290 | B294: Feb'26 | C294: 2 | D294: 32/8 | E294: =VLOOKUP(D294,'TS Gantry - AP47'!$C$8:$D$644,2,0) -> DA+6 | F294: Sandy | G294: 46068 | H294: 46072 | I294: M/s. Choudhari Construction | J294: Sujit Choudhary | K294: Rajasthan | L294: =VLOOKUP(D294,'TS Gantry - AP47'!$C$8:$X$638,22,FALSE) -> SONPALSAR | M294: =VLOOKUP(D294,'TS Gantry - AP47'!$C$8:$Y$638,23,FALSE) -> SARDARSHAHAR | N294: =VLOOKUP(D294,'TS Gantry - AP47'!$C$8:$Z$638,24,FALSE) -> CHURU
A295: 291 | B295: Feb'26 | C295: 3 | D295: 32/9 | E295: =VLOOKUP(D295,'TS Gantry - AP47'!$C$8:$D$644,2,0) -> DA+9 | F295: Sandy | G295: 46068 | H295: 46075 | I295: M/s. Choudhari Construction | J295: Sujit Choudhary | K295: Rajasthan | L295: =VLOOKUP(D295,'TS Gantry - AP47'!$C$8:$X$638,22,FALSE) -> SONPALSAR | M295: =VLOOKUP(D295,'TS Gantry - AP47'!$C$8:$Y$638,23,FALSE) -> SARDARSHAHAR | N295: =VLOOKUP(D295,'TS Gantry - AP47'!$C$8:$Z$638,24,FALSE) -> CHURU
A296: 292 | B296: Mar'26 | C296: 1 | D296: 33/0 | E296: =VLOOKUP(D296,'TS Gantry - AP47'!$C$8:$D$644,2,0) -> DB2+3 | F296: Sandy | G296: 46077 | H296: 46084 | I296: M/s. Choudhari Construction | J296: Sujit Choudhary | K296: Rajasthan | L296: =VLOOKUP(D296,'TS Gantry - AP47'!$C$8:$X$638,22,FALSE) -> SONPALSAR | M296: =VLOOKUP(D296,'TS Gantry - AP47'!$C$8:$Y$638,23,FALSE) -> SARDARSHAHAR | N296: =VLOOKUP(D296,'TS Gantry - AP47'!$C$8:$Z$638,24,FALSE) -> CHURU
A297: 293 | B297: Mar'26 | C297: 2 | D297: 44/0 | E297: =VLOOKUP(D297,'TS Gantry - AP47'!$C$8:$D$644,2,0) -> DB2+6 | F297: Sandy | G297: 46080 | H297: 46090 | I297: M/s. Karni Kripa Construction Company | J297: Rohit Sharma | K297: Rajasthan | L297: =VLOOKUP(D297,'TS Gantry - AP47'!$C$8:$X$638,22,FALSE) -> HALASAR | M297: =VLOOKUP(D297,'TS Gantry - AP47'!$C$8:$Y$638,23,FALSE) -> SARDARSHAHAR | N297: =VLOOKUP(D297,'TS Gantry - AP47'!$C$8:$Z$638,24,FALSE) -> CHURU
A298: 294 | B298: Mar'26 | C298: 3 | D298: 32/2 | E298: =VLOOKUP(D298,'TS Gantry - AP47'!$C$8:$D$644,2,0) -> DA+3 | F298: Sandy | G298: 46093 | H298: 46096 | I298: M/s. Choudhari Construction | J298: Rohit Sharma | K298: Rajasthan | L298: =VLOOKUP(D298,'TS Gantry - AP47'!$C$8:$X$638,22,FALSE) -> KEEKASAR | M298: =VLOOKUP(D298,'TS Gantry - AP47'!$C$8:$Y$638,23,FALSE) -> SARDARSHAHAR | N298: =VLOOKUP(D298,'TS Gantry - AP47'!$C$8:$Z$638,24,FALSE) -> CHURU
A299: 295 | B299: Mar'26 | C299: 4 | D299: 17/0 | E299: =VLOOKUP(D299,'TS Gantry - AP47'!$C$8:$D$644,2,0) -> DD60+0 | F299: Sandy | G299: 46103 | H299: 46115 | I299: M/s. Choudhari Construction | J299: Ankur Gogoi | K299: Rajasthan | L299: =VLOOKUP(D299,'TS Gantry - AP47'!$C$8:$X$638,22,FALSE) -> JAKHARWALA | M299: =VLOOKUP(D299,'TS Gantry - AP47'!$C$8:$Y$638,23,FALSE) -> LUNKARANSAR | N299: =VLOOKUP(D299,'TS Gantry - AP47'!$C$8:$Z$638,24,FALSE) -> BIKANER
A300: 296 | B300: Mar'26 | C300: 5 | D300: 47/0 | E300: =VLOOKUP(D300,'TS Gantry - AP47'!$C$8:$D$647,2,0) -> DD60+18 | F300: Sandy | G300: 46108 | H300: 46120 | I300: M/s. Karni Kripa Construction Company | J300: Rohit Sharma | K300: Rajasthan | L300: =VLOOKUP(D300,'TS Gantry - AP47'!$C$8:$X$647,22,FALSE) -> 0 | M300: =VLOOKUP(D300,'TS Gantry - AP47'!$C$8:$Y$647,23,FALSE) -> SARDARSHAHAR | N300: =VLOOKUP(D300,'TS Gantry - AP47'!$C$8:$Z$647,24,FALSE) -> CHURU
A301: 297 | B301: Mar'26 | C301: 6 | D301: 18/0 | E301: =VLOOKUP(D301,'TS Gantry - AP47'!$C$8:$D$644,2,0) -> DD60+0 | F301: Sandy | G301: 46115 | H301: 46124 | I301: M/s. Choudhari Construction | J301: Sujit Choudhary | K301: Rajasthan | L301: =VLOOKUP(D301,'TS Gantry - AP47'!$C$8:$X$646,22,FALSE) -> JAKHARWALA | M301: =VLOOKUP(D301,'TS Gantry - AP47'!$C$8:$Y$646,23,FALSE) -> LUNKARANSAR | N301: =VLOOKUP(D301,'TS Gantry - AP47'!$C$8:$Z$646,24,FALSE) -> BIKANER
A302: 298 | B302: Apr'26 | C302: 1 | D302: 44/1 | E302: =VLOOKUP(D302,'TS Gantry - AP47'!$C$8:$D$644,2,0) -> DA-3 | F302: Sandy | G302: 46121 | H302: 46127 | I302: M/s. Karni Kripa Construction Company | J302: Sujit Choudhary | K302: Rajasthan | L302: =VLOOKUP(D302,'TS Gantry - AP47'!$C$8:$X$646,22,FALSE) -> 0 | M302: =VLOOKUP(D302,'TS Gantry - AP47'!$C$8:$Y$646,23,FALSE) -> SARDARSHAHAR | N302: =VLOOKUP(D302,'TS Gantry - AP47'!$C$8:$Z$646,24,FALSE) -> CHURU
A303: 299 | B303: Apr'26 | C303: 2 | D303: 46/0 | E303: =VLOOKUP(D303,'TS Gantry - AP47'!$C$8:$D$644,2,0) -> DD60+18 | F303: Sandy | G303: 46065 | H303: 46136 | I303: M/s. Choudhari Construction | J303: Sujit Choudhary | K303: Rajasthan | L303: =VLOOKUP(D303,'TS Gantry - AP47'!$C$8:$X$646,22,FALSE) -> 0 | M303: =VLOOKUP(D303,'TS Gantry - AP47'!$C$8:$Y$646,23,FALSE) -> SARDARSHAHAR | N303: =VLOOKUP(D303,'TS Gantry - AP47'!$C$8:$Z$646,24,FALSE) -> CHURU
A304: 300 | B304: Apr'26 | C304: 3 | D304: 45/0 | E304: =VLOOKUP(D304,'TS Gantry - AP47'!$C$8:$D$644,2,0) -> DC2+9 | F304: Sandy | G304: 46126 | H304: 46136 | I304: M/s. Karni Kripa Construction Company | J304: Narayan Kr. Mahto | K304: Rajasthan | L304: =VLOOKUP(D304,'TS Gantry - AP47'!$C$8:$X$638,22,FALSE) -> #N/A | M304: =VLOOKUP(D304,'TS Gantry - AP47'!$C$8:$Y$638,23,FALSE) -> #N/A | N304: =VLOOKUP(D304,'TS Gantry - AP47'!$C$8:$Z$638,24,FALSE) -> #N/A
A305: 301 | B305: Apr'26 | C305: 4 | D305: 34/1 | E305: =VLOOKUP(D305,'TS Gantry - AP47'!$C$8:$D$644,2,0) -> DA+6 | F305: Sandy | G305: 46126 | H305: 46141 | I305: M/s. Choudhari Construction | J305: Rohit Sharma | K305: Rajasthan | L305: =VLOOKUP(D305,'TS Gantry - AP47'!$C$8:$X$638,22,FALSE) -> RANGAISAR | M305: =VLOOKUP(D305,'TS Gantry - AP47'!$C$8:$Y$638,23,FALSE) -> SARDARSHAHAR | N305: =VLOOKUP(D305,'TS Gantry - AP47'!$C$8:$Z$638,24,FALSE) -> CHURU
A306: 302 | B306: May'26 | C306: 1 | D306: 11/7 | E306: =VLOOKUP(D306,'TS Gantry - AP47'!$C$8:$D$644,2,0) -> DA+3 | F306: Sandy | G306: 46144 | H306: 46151 | I306: M/s. Choudhari Construction | J306: Ankur Gogoi | K306: Rajasthan | L306: =VLOOKUP(D306,'TS Gantry - AP47'!$C$8:$X$638,22,FALSE) -> SHARAH BOOCHAWAS | M306: =VLOOKUP(D306,'TS Gantry - AP47'!$C$8:$Y$638,23,FALSE) -> LUNKARANSAR | N306: =VLOOKUP(D306,'TS Gantry - AP47'!$C$8:$Z$638,24,FALSE) -> BIKANER
A307: 303 | B307: May'26 | C307: 2 | D307: 31/10 | E307: =VLOOKUP(D307,'TS Gantry - AP47'!$C$8:$D$644,2,0) -> DA+6 | F307: Sandy | G307: 46160 | H307: 46163 | I307: M/s. Karni Kripa Construction Company | J307: Dhiraj | K307: Rajasthan | L307: =VLOOKUP(D307,'TS Gantry - AP47'!$C$8:$X$638,22,FALSE) -> KAGASAR | M307: =VLOOKUP(D307,'TS Gantry - AP47'!$C$8:$Y$638,23,FALSE) -> LUNKARANSAR | N307: =VLOOKUP(D307,'TS Gantry - AP47'!$C$8:$Z$638,24,FALSE) -> BIKANER
A308: 304 | B308: May'26 | C308: 3 | D308: 27/0 | E308: =VLOOKUP(D308,'TS Gantry - AP47'!$C$8:$D$644,2,0) -> DD60+35 | F308: Sandy | G308: 46144 | I308: M/s. Karni Kripa Construction Company | K308: Rajasthan | L308: =VLOOKUP(D308,'TS Gantry - AP47'!$C$8:$X$638,22,FALSE) -> UCHHRANGDESAR | M308: =VLOOKUP(D308,'TS Gantry - AP47'!$C$8:$Y$638,23,FALSE) -> LUNKARANSAR | N308: =VLOOKUP(D308,'TS Gantry - AP47'!$C$8:$Z$638,24,FALSE) -> BIKANER
A309: 305 | B309: May'26 | C309: 4 | D309: 11/0 | E309: =VLOOKUP(D309,'TS Gantry - AP47'!$C$8:$D$644,2,0) -> DD60+18 | F309: Sandy | G309: 46156 | I309: M/s. Choudhari Construction | K309: Rajasthan | L309: =VLOOKUP(D309,'TS Gantry - AP47'!$C$8:$X$638,22,FALSE) -> DHEERERAN | M309: =VLOOKUP(D309,'TS Gantry - AP47'!$C$8:$Y$638,23,FALSE) -> LUNKARANSAR | N309: =VLOOKUP(D309,'TS Gantry - AP47'!$C$8:$Z$638,24,FALSE) -> BIKANER
A310: 306 | B310: May'26 | C310: 5 | D310: 16/0 | E310: =VLOOKUP(D310,'TS Gantry - AP47'!$C$8:$D$644,2,0) -> DB2+0 | F310: Sandy | G310: 46125 | I310: M/s. Choudhari Construction | K310: Rajasthan | L310: =VLOOKUP(D310,'TS Gantry - AP47'!$C$8:$X$638,22,FALSE) -> HANSHERA | M310: =VLOOKUP(D310,'TS Gantry - AP47'!$C$8:$Y$638,23,FALSE) -> LUNKARANSAR | N310: =VLOOKUP(D310,'TS Gantry - AP47'!$C$8:$Z$638,24,FALSE) -> BIKANER
A311: 307 | B311: May'26 | C311: 6 | D311: 1A/0 | E311: =VLOOKUP(D311,'TS Gantry - AP47'!$C$8:$D$644,2,0) -> DD45+0 | F311: Sandy | G311: 46162 | I311: M/s. Shree Shyam Construction | K311: Rajasthan | L311: =VLOOKUP(D311,'TS Gantry - AP47'!$C$8:$X$638,22,FALSE) -> KELAN | M311: =VLOOKUP(D311,'TS Gantry - AP47'!$C$8:$Y$638,23,FALSE) -> CHHATARGARH | N311: =VLOOKUP(D311,'TS Gantry - AP47'!$C$8:$Z$638,24,FALSE) -> BIKANER
A312: 308 | B312: May'26 | C312: 7 | D312: 26/0 | E312: =VLOOKUP(D312,'TS Gantry - AP47'!$C$8:$D$644,2,0) -> DD60+35 | F312: Sandy | G312: 46163 | I312: M/s. Karni Kripa Construction Company | K312: Rajasthan | L312: =VLOOKUP(D312,'TS Gantry - AP47'!$C$8:$X$638,22,FALSE) -> UCHHRANGDESAR | M312: =VLOOKUP(D312,'TS Gantry - AP47'!$C$8:$Y$638,23,FALSE) -> LUNKARANSAR | N312: =VLOOKUP(D312,'TS Gantry - AP47'!$C$8:$Z$638,24,FALSE) -> BIKANER
A313: 309 | B313: May'26 | C313: 8 | D313: 25/1 | E313: =VLOOKUP(D313,'TS Gantry - AP47'!$C$8:$D$644,2,0) -> DA+9 | F313: Sandy | K313: Rajasthan | L313: =VLOOKUP(D313,'TS Gantry - AP47'!$C$8:$X$638,22,FALSE) -> UCHHRANGDESAR | M313: =VLOOKUP(D313,'TS Gantry - AP47'!$C$8:$Y$638,23,FALSE) -> LUNKARANSAR | N313: =VLOOKUP(D313,'TS Gantry - AP47'!$C$8:$Z$638,24,FALSE) -> BIKANER
A314: 310 | K314: Rajasthan | L314: =VLOOKUP(D314,'TS Gantry - AP47'!$C$8:$X$638,22,FALSE) -> #N/A | M314: =VLOOKUP(D314,'TS Gantry - AP47'!$C$8:$Y$638,23,FALSE) -> #N/A | N314: =VLOOKUP(D314,'TS Gantry - AP47'!$C$8:$Z$638,24,FALSE) -> #N/A
A315: 311 | K315: Rajasthan | L315: =VLOOKUP(D315,'TS Gantry - AP47'!$C$8:$X$638,22,FALSE) -> #N/A | M315: =VLOOKUP(D315,'TS Gantry - AP47'!$C$8:$Y$638,23,FALSE) -> #N/A | N315: =VLOOKUP(D315,'TS Gantry - AP47'!$C$8:$Z$638,24,FALSE) -> #N/A
A316: 312 | K316: Rajasthan | L316: =VLOOKUP(D316,'TS Gantry - AP47'!$C$8:$X$638,22,FALSE) -> #N/A | M316: =VLOOKUP(D316,'TS Gantry - AP47'!$C$8:$Y$638,23,FALSE) -> #N/A | N316: =VLOOKUP(D316,'TS Gantry - AP47'!$C$8:$Z$638,24,FALSE) -> #N/A
...

Sheet Erection Compiled
A1: KEC International Limited
A2: 765 kV D/C Bikaner IV PS to Siwani II (Part-01) TL
A3: Details of Erection | T3: ='Summary E'!M1 -> 46166
A4: Sr. No. | B4: Month | C4: Month Sr. No. | D4: Location No. | E4: Type of Tower | F4: Tower Weight | G4: Starting Date | H4: Completion Date | I4: Gang Name | J4: Name of Supervisor | K4: State | L4: Village | M4: Tehsil | N4: District | O4: ROW Status (Yes/No) | P4: Action Taken for ROW (To Be Filled By POWERGRID) | Q4: Start Date | R4: End Date | S4: PGCIL Person /Quest | T4: Remarks
A5: 1 | B5: Aug'25 | C5: 1 | D5: 8/3 | E5: =VLOOKUP(D5,'TS Gantry - AP47'!$C$8:$D$646,2,0) -> DA+6 | F5: 43.804 | G5: 45863 | H5: 45879 | I5: M/s. Kavya Enterprises | J5: Narayan Mahto | K5: Rajasthan | L5: =VLOOKUP(D5,'TS Gantry - AP47'!$C$8:$X$638,22,FALSE) -> JAISAN | M5: =VLOOKUP(D5,'TS Gantry - AP47'!$C$8:$Y$638,23,FALSE) -> LUNKARANSAR | N5: =VLOOKUP(D5,'TS Gantry - AP47'!$C$8:$Z$638,24,FALSE) -> BIKANER
A6: =A5+1 -> 2 | B6: Aug'25 | C6: 2 | D6: 8/8 | E6: =VLOOKUP(D6,'TS Gantry - AP47'!$C$8:$D$646,2,0) -> DA+0 | F6: 36.16 | G6: 45880 | H6: 45889 | I6: M/s. Kavya Enterprises | J6: Narayan Mahto | K6: Rajasthan | L6: =VLOOKUP(D6,'TS Gantry - AP47'!$C$8:$X$638,22,FALSE) -> DHEERERAN | M6: =VLOOKUP(D6,'TS Gantry - AP47'!$C$8:$Y$638,23,FALSE) -> LUNKARANSAR | N6: =VLOOKUP(D6,'TS Gantry - AP47'!$C$8:$Z$638,24,FALSE) -> BIKANER
A7: =A6+1 -> 3 | B7: Aug'25 | C7: 3 | D7: 7/9 | E7: =VLOOKUP(D7,'TS Gantry - AP47'!$C$8:$D$646,2,0) -> DA+3 | F7: 37.931 | G7: 45882 | H7: 45889 | I7: M/s. Punam Kumari | J7: Choturam Meena | K7: Rajasthan | L7: =VLOOKUP(D7,'TS Gantry - AP47'!$C$8:$X$638,22,FALSE) -> DUDIWALI | M7: =VLOOKUP(D7,'TS Gantry - AP47'!$C$8:$Y$638,23,FALSE) -> LUNKARANSAR | N7: =VLOOKUP(D7,'TS Gantry - AP47'!$C$8:$Z$638,24,FALSE) -> BIKANER
A8: =A7+1 -> 4 | B8: Aug'25 | C8: 4 | D8: 18/5 | E8: =VLOOKUP(D8,'TS Gantry - AP47'!$C$8:$D$646,2,0) -> DA+0 | F8: 36.16 | G8: 45887 | H8: 45894 | I8: M/s. Jwala Singh | J8: Monu Kumar | K8: Rajasthan | L8: =VLOOKUP(D8,'TS Gantry - AP47'!$C$8:$X$638,22,FALSE) -> SURANA | M8: =VLOOKUP(D8,'TS Gantry - AP47'!$C$8:$Y$638,23,FALSE) -> LUNKARANSAR | N8: =VLOOKUP(D8,'TS Gantry - AP47'!$C$8:$Z$638,24,FALSE) -> BIKANER
A9: =A8+1 -> 5 | B9: Aug'25 | C9: 5 | D9: 7/8 | E9: =VLOOKUP(D9,'TS Gantry - AP47'!$C$8:$D$646,2,0) -> DA+3 | F9: 37.931 | G9: 45890 | H9: 45895 | I9: M/s. Punam Kumari | J9: Ajhar Ali | K9: Rajasthan | L9: =VLOOKUP(D9,'TS Gantry - AP47'!$C$8:$X$638,22,FALSE) -> DUDIWALI | M9: =VLOOKUP(D9,'TS Gantry - AP47'!$C$8:$Y$638,23,FALSE) -> LUNKARANSAR | N9: =VLOOKUP(D9,'TS Gantry - AP47'!$C$8:$Z$638,24,FALSE) -> BIKANER
A10: =A9+1 -> 6 | B10: Aug'25 | C10: 6 | D10: 8/7 | E10: =VLOOKUP(D10,'TS Gantry - AP47'!$C$8:$D$646,2,0) -> DA+3 | F10: 37.931 | G10: 45890 | H10: 45896 | I10: M/s. Kavya Enterprises | J10: Narayan Mahto | K10: Rajasthan | L10: =VLOOKUP(D10,'TS Gantry - AP47'!$C$8:$X$638,22,FALSE) -> DHEERERAN | M10: =VLOOKUP(D10,'TS Gantry - AP47'!$C$8:$Y$638,23,FALSE) -> LUNKARANSAR | N10: =VLOOKUP(D10,'TS Gantry - AP47'!$C$8:$Z$638,24,FALSE) -> BIKANER
A11: =A10+1 -> 7 | B11: Sep'25 | C11: 1 | D11: 6/1 | E11: =VLOOKUP(D11,'TS Gantry - AP47'!$C$8:$D$646,2,0) -> DA+3 | F11: 37.931 | G11: 45890 | H11: 45901 | I11: M/s. Punam Kumari | J11: Choturam Meena | K11: Rajasthan | L11: =VLOOKUP(D11,'TS Gantry - AP47'!$C$8:$X$638,22,FALSE) -> BINJHARWALI | M11: =VLOOKUP(D11,'TS Gantry - AP47'!$C$8:$Y$638,23,FALSE) -> LUNKARANSAR | N11: =VLOOKUP(D11,'TS Gantry - AP47'!$C$8:$Z$638,24,FALSE) -> BIKANER
A12: =A11+1 -> 8 | B12: Sep'25 | C12: 2 | D12: 7/6 | E12: =VLOOKUP(D12,'TS Gantry - AP47'!$C$8:$D$646,2,0) -> DA+0 | F12: 36.16 | G12: 45895 | H12: 45901 | I12: M/s. Punam Kumari | J12: Ajhar Ali | K12: Rajasthan | L12: =VLOOKUP(D12,'TS Gantry - AP47'!$C$8:$X$638,22,FALSE) -> DUDIWALI | M12: =VLOOKUP(D12,'TS Gantry - AP47'!$C$8:$Y$638,23,FALSE) -> LUNKARANSAR | N12: =VLOOKUP(D12,'TS Gantry - AP47'!$C$8:$Z$638,24,FALSE) -> BIKANER
A13: =A12+1 -> 9 | B13: Sep'25 | C13: 3 | D13: 19/1 | E13: =VLOOKUP(D13,'TS Gantry - AP47'!$C$8:$D$646,2,0) -> DA+3 | F13: 37.931 | G13: 45895 | H13: 45903 | I13: M/s. Jwala Singh | J13: Sonu Kumar | K13: Rajasthan | L13: =VLOOKUP(D13,'TS Gantry - AP47'!$C$8:$X$638,22,FALSE) -> SURANA | M13: =VLOOKUP(D13,'TS Gantry - AP47'!$C$8:$Y$638,23,FALSE) -> LUNKARANSAR | N13: =VLOOKUP(D13,'TS Gantry - AP47'!$C$8:$Z$638,24,FALSE) -> BIKANER | O13: Yes | Q13: 45899 | R13: 45901
A14: =A13+1 -> 10 | B14: Sep'25 | C14: 4 | D14: 8/6 | E14: =VLOOKUP(D14,'TS Gantry - AP47'!$C$8:$D$646,2,0) -> DA+0 | F14: 36.16 | G14: 45896 | H14: 45903 | I14: M/s. Kavya Enterprises | J14: Narayan Mahto | K14: Rajasthan | L14: =VLOOKUP(D14,'TS Gantry - AP47'!$C$8:$X$638,22,FALSE) -> SADHERAN | M14: =VLOOKUP(D14,'TS Gantry - AP47'!$C$8:$Y$638,23,FALSE) -> LUNKARANSAR | N14: =VLOOKUP(D14,'TS Gantry - AP47'!$C$8:$Z$638,24,FALSE) -> BIKANER
A15: =A14+1 -> 11 | B15: Sep'25 | C15: 5 | D15: 19/5 | E15: =VLOOKUP(D15,'TS Gantry - AP47'!$C$8:$D$646,2,0) -> DA+3 | F15: 37.931 | G15: 45900 | H15: 45907 | I15: M/s. Jwala Singh | J15: Sonu Kumar | K15: Rajasthan | L15: =VLOOKUP(D15,'TS Gantry - AP47'!$C$8:$X$638,22,FALSE) -> KAKARICHCHHA | M15: =VLOOKUP(D15,'TS Gantry - AP47'!$C$8:$Y$638,23,FALSE) -> LUNKARANSAR | N15: =VLOOKUP(D15,'TS Gantry - AP47'!$C$8:$Z$638,24,FALSE) -> BIKANER
A16: =A15+1 -> 12 | B16: Sep'25 | C16: 6 | D16: 8/5 | E16: =VLOOKUP(D16,'TS Gantry - AP47'!$C$8:$D$646,2,0) -> DA+0 | F16: 36.16 | G16: 45904 | H16: 45910 | I16: M/s. Kavya Enterprises | J16: Narayan Mahto | K16: Rajasthan | L16: =VLOOKUP(D16,'TS Gantry - AP47'!$C$8:$X$638,22,FALSE) -> SADHERAN | M16: =VLOOKUP(D16,'TS Gantry - AP47'!$C$8:$Y$638,23,FALSE) -> LUNKARANSAR | N16: =VLOOKUP(D16,'TS Gantry - AP47'!$C$8:$Z$638,24,FALSE) -> BIKANER
A17: =A16+1 -> 13 | B17: Sep'25 | C17: 7 | D17: 7/1 | E17: =VLOOKUP(D17,'TS Gantry - AP47'!$C$8:$D$646,2,0) -> DA+6 | F17: 43.804 | G17: 45902 | H17: 45911 | I17: M/s. Punam Kumari | J17: Ajhar Ali | K17: Rajasthan | L17: =VLOOKUP(D17,'TS Gantry - AP47'!$C$8:$X$638,22,FALSE) -> SODHWALI | M17: =VLOOKUP(D17,'TS Gantry - AP47'!$C$8:$Y$638,23,FALSE) -> LUNKARANSAR | N17: =VLOOKUP(D17,'TS Gantry - AP47'!$C$8:$Z$638,24,FALSE) -> BIKANER | O17: Yes | Q17: 45903 | R17: 45904
A18: =A17+1 -> 14 | B18: Sep'25 | C18: 8 | D18: 31/2 | E18: =VLOOKUP(D18,'TS Gantry - AP47'!$C$8:$D$646,2,0) -> DA+3 | F18: 37.931 | G18: 45902 | H18: 45912 | I18: M/s. Punam Kumari | J18: Raj Kishor | K18: Rajasthan | L18: =VLOOKUP(D18,'TS Gantry - AP47'!$C$8:$X$638,22,FALSE) -> KAGASAR | M18: =VLOOKUP(D18,'TS Gantry - AP47'!$C$8:$Y$638,23,FALSE) -> LUNKARANSAR | N18: =VLOOKUP(D18,'TS Gantry - AP47'!$C$8:$Z$638,24,FALSE) -> BIKANER
A19: =A18+1 -> 15 | B19: Sep'25 | C19: 9 | D19: 19/4 | E19: =VLOOKUP(D19,'TS Gantry - AP47'!$C$8:$D$646,2,0) -> DA+9 | F19: 45.697 | G19: 45908 | H19: 45913 | I19: M/s. Jwala Singh | J19: Mahendra | K19: Rajasthan | L19: =VLOOKUP(D19,'TS Gantry - AP47'!$C$8:$X$638,22,FALSE) -> KAKARICHCHHA | M19: =VLOOKUP(D19,'TS Gantry - AP47'!$C$8:$Y$638,23,FALSE) -> LUNKARANSAR | N19: =VLOOKUP(D19,'TS Gantry - AP47'!$C$8:$Z$638,24,FALSE) -> BIKANER
A20: =A19+1 -> 16 | B20: Sep'25 | C20: 10 | D20: 7/4 | E20: =VLOOKUP(D20,'TS Gantry - AP47'!$C$8:$D$646,2,0) -> DA+0 | F20: 36.16 | G20: 45912 | H20: 45916 | I20: M/s. Punam Kumari | J20: Dhiraj Kumar | K20: Rajasthan | L20: =VLOOKUP(D20,'TS Gantry - AP47'!$C$8:$X$638,22,FALSE) -> DUDIWALI | M20: =VLOOKUP(D20,'TS Gantry - AP47'!$C$8:$Y$638,23,FALSE) -> LUNKARANSAR | N20: =VLOOKUP(D20,'TS Gantry - AP47'!$C$8:$Z$638,24,FALSE) -> BIKANER
A21: =A20+1 -> 17 | B21: Sep'25 | C21: 11 | D21: 9/2 | E21: =VLOOKUP(D21,'TS Gantry - AP47'!$C$8:$D$646,2,0) -> DA+6 | F21: 43.804 | G21: 45911 | H21: 45919 | I21: M/s. Kavya Enterprises | J21: Narayan Mahto | K21: Rajasthan | L21: =VLOOKUP(D21,'TS Gantry - AP47'!$C$8:$X$638,22,FALSE) -> DHEERERAN | M21: =VLOOKUP(D21,'TS Gantry - AP47'!$C$8:$Y$638,23,FALSE) -> LUNKARANSAR | N21: =VLOOKUP(D21,'TS Gantry - AP47'!$C$8:$Z$638,24,FALSE) -> BIKANER
A22: =A21+1 -> 18 | B22: Sep'25 | C22: 12 | D22: 31/1 | E22: =VLOOKUP(D22,'TS Gantry - AP47'!$C$8:$D$646,2,0) -> DA+3 | F22: 37.931 | G22: 45913 | H22: 45920 | I22: M/s. Punam Kumari | J22: Raj Kishor | K22: Rajasthan | L22: =VLOOKUP(D22,'TS Gantry - AP47'!$C$8:$X$638,22,FALSE) -> CHHATASAR | M22: =VLOOKUP(D22,'TS Gantry - AP47'!$C$8:$Y$638,23,FALSE) -> LUNKARANSAR | N22: =VLOOKUP(D22,'TS Gantry - AP47'!$C$8:$Z$638,24,FALSE) -> BIKANER
A23: =A22+1 -> 19 | B23: Sep'25 | C23: 13 | D23: 19/7 | E23: =VLOOKUP(D23,'TS Gantry - AP47'!$C$8:$D$646,2,0) -> DA+6 | F23: 43.804 | G23: 45914 | H23: 45922 | I23: M/s. Jwala Singh | J23: Mahendra | K23: Rajasthan | L23: =VLOOKUP(D23,'TS Gantry - AP47'!$C$8:$X$638,22,FALSE) -> KAKARICHCHHA | M23: =VLOOKUP(D23,'TS Gantry - AP47'!$C$8:$Y$638,23,FALSE) -> LUNKARANSAR | N23: =VLOOKUP(D23,'TS Gantry - AP47'!$C$8:$Z$638,24,FALSE) -> BIKANER
A24: =A23+1 -> 20 | B24: Sep'25 | C24: 14 | D24: 7/3 | E24: =VLOOKUP(D24,'TS Gantry - AP47'!$C$8:$D$646,2,0) -> DA+0 | F24: 36.16 | G24: 45918 | H24: 45923 | I24: M/s. Punam Kumari | J24: Dhiraj Kumar | K24: Rajasthan | L24: =VLOOKUP(D24,'TS Gantry - AP47'!$C$8:$X$638,22,FALSE) -> SODHWALI | M24: =VLOOKUP(D24,'TS Gantry - AP47'!$C$8:$Y$638,23,FALSE) -> LUNKARANSAR | N24: =VLOOKUP(D24,'TS Gantry - AP47'!$C$8:$Z$638,24,FALSE) -> BIKANER
A25: =A24+1 -> 21 | B25: Sep'25 | C25: 15 | D25: 9/3 | E25: =VLOOKUP(D25,'TS Gantry - AP47'!$C$8:$D$646,2,0) -> DA+0 | F25: 36.16 | G25: 45920 | H25: 45924 | I25: M/s. Kavya Enterprises | J25: Narayan Mahto | K25: Rajasthan | L25: =VLOOKUP(D25,'TS Gantry - AP47'!$C$8:$X$638,22,FALSE) -> DHEERERAN | M25: =VLOOKUP(D25,'TS Gantry - AP47'!$C$8:$Y$638,23,FALSE) -> LUNKARANSAR | N25: =VLOOKUP(D25,'TS Gantry - AP47'!$C$8:$Z$638,24,FALSE) -> BIKANER
A26: =A25+1 -> 22 | B26: Sep'25 | C26: 16 | D26: 30/18 | E26: =VLOOKUP(D26,'TS Gantry - AP47'!$C$8:$D$646,2,0) -> DA+0 | F26: 36.16 | G26: 45921 | H26: 45927 | I26: M/s. Punam Kumari | J26: Raj Kishor | K26: Rajasthan | L26: =VLOOKUP(D26,'TS Gantry - AP47'!$C$8:$X$638,22,FALSE) -> CHHATASAR | M26: =VLOOKUP(D26,'TS Gantry - AP47'!$C$8:$Y$638,23,FALSE) -> LUNKARANSAR | N26: =VLOOKUP(D26,'TS Gantry - AP47'!$C$8:$Z$638,24,FALSE) -> BIKANER
A27: =A26+1 -> 23 | B27: Sep'25 | C27: 17 | D27: 19/6 | E27: =VLOOKUP(D27,'TS Gantry - AP47'!$C$8:$D$646,2,0) -> DA+3 | F27: 37.931 | G27: 45923 | H27: 45927 | I27: M/s. Jwala Singh | J27: Mahendra | K27: Rajasthan | L27: =VLOOKUP(D27,'TS Gantry - AP47'!$C$8:$X$638,22,FALSE) -> KAKARICHCHHA | M27: =VLOOKUP(D27,'TS Gantry - AP47'!$C$8:$Y$638,23,FALSE) -> LUNKARANSAR | N27: =VLOOKUP(D27,'TS Gantry - AP47'!$C$8:$Z$638,24,FALSE) -> BIKANER
A28: =A27+1 -> 24 | B28: Oct'25 | C28: 1 | D28: 28/1 | E28: =VLOOKUP(D28,'TS Gantry - AP47'!$C$8:$D$646,2,0) -> DA+6 | F28: 43.804 | G28: 45924 | H28: 45933 | I28: M/s. Punam Kumari | J28: Dhiraj Kumar | K28: Rajasthan | L28: =VLOOKUP(D28,'TS Gantry - AP47'!$C$8:$X$638,22,FALSE) -> UCHHRANGDESAR | M28: =VLOOKUP(D28,'TS Gantry - AP47'!$C$8:$Y$638,23,FALSE) -> LUNKARANSAR | N28: =VLOOKUP(D28,'TS Gantry - AP47'!$C$8:$Z$638,24,FALSE) -> BIKANER | O28: Yes | Q28: 45911 | R28: 45924
A29: =A28+1 -> 25 | B29: Oct'25 | C29: 2 | D29: 30/7 | E29: =VLOOKUP(D29,'TS Gantry - AP47'!$C$8:$D$646,2,0) -> DA+3 | F29: 37.931 | G29: 45928 | H29: 45934 | I29: M/s. Punam Kumari | J29: Raj Kishor | K29: Rajasthan | L29: =VLOOKUP(D29,'TS Gantry - AP47'!$C$8:$X$638,22,FALSE) -> CHHATASAR | M29: =VLOOKUP(D29,'TS Gantry - AP47'!$C$8:$Y$638,23,FALSE) -> LUNKARANSAR | N29: =VLOOKUP(D29,'TS Gantry - AP47'!$C$8:$Z$638,24,FALSE) -> BIKANER | O29: Yes | Q29: 45911 | R29: 45926
A30: =A29+1 -> 26 | B30: Oct'25 | C30: 3 | D30: 20/1 | E30: =VLOOKUP(D30,'TS Gantry - AP47'!$C$8:$D$646,2,0) -> DA+6 | F30: 43.804 | G30: 45928 | H30: 45934 | I30: M/s. Jwala Singh | J30: Mahendra | K30: Rajasthan | L30: =VLOOKUP(D30,'TS Gantry - AP47'!$C$8:$X$638,22,FALSE) -> KALKAL MUKLERA | M30: =VLOOKUP(D30,'TS Gantry - AP47'!$C$8:$Y$638,23,FALSE) -> LUNKARANSAR | N30: =VLOOKUP(D30,'TS Gantry - AP47'!$C$8:$Z$638,24,FALSE) -> BIKANER
A31: =A30+1 -> 27 | B31: Oct'25 | C31: 4 | D31: 28/5 | E31: =VLOOKUP(D31,'TS Gantry - AP47'!$C$8:$D$646,2,0) -> DA+0 | F31: 36.16 | G31: 45933 | H31: 45938 | I31: M/s. Punam Kumari | J31: Dhiraj Kumar | K31: Rajasthan | L31: =VLOOKUP(D31,'TS Gantry - AP47'!$C$8:$X$638,22,FALSE) -> KALOO | M31: =VLOOKUP(D31,'TS Gantry - AP47'!$C$8:$Y$638,23,FALSE) -> LUNKARANSAR | N31: =VLOOKUP(D31,'TS Gantry - AP47'!$C$8:$Z$638,24,FALSE) -> BIKANER | O31: Yes | Q31: 45911 | R31: 45933
A32: =A31+1 -> 28 | B32: Oct'25 | C32: 5 | D32: 9/0 | E32: =VLOOKUP(D32,'TS Gantry - AP47'!$C$8:$D$646,2,0) -> DB1+0 | F32: 55.451 | G32: 45925 | H32: 45939 | I32: M/s. Kavya Enterprises | J32: Narayan Mahto | K32: Rajasthan | L32: =VLOOKUP(D32,'TS Gantry - AP47'!$C$8:$X$638,22,FALSE) -> DHEERERAN | M32: =VLOOKUP(D32,'TS Gantry - AP47'!$C$8:$Y$638,23,FALSE) -> LUNKARANSAR | N32: =VLOOKUP(D32,'TS Gantry - AP47'!$C$8:$Z$638,24,FALSE) -> BIKANER
A33: =A32+1 -> 29 | B33: Oct'25 | C33: 6 | D33: 20/2 | E33: =VLOOKUP(D33,'TS Gantry - AP47'!$C$8:$D$646,2,0) -> DA+6 | F33: 43.804 | G33: 45935 | H33: 45942 | I33: M/s. Jwala Singh | J33: Mahendra | K33: Rajasthan | L33: =VLOOKUP(D33,'TS Gantry - AP47'!$C$8:$X$638,22,FALSE) -> KALKAL MUKLERA | M33: =VLOOKUP(D33,'TS Gantry - AP47'!$C$8:$Y$638,23,FALSE) -> LUNKARANSAR | N33: =VLOOKUP(D33,'TS Gantry - AP47'!$C$8:$Z$638,24,FALSE) -> BIKANER
A34: =A33+1 -> 30 | B34: Oct'25 | C34: 7 | D34: 30/2 | E34: =VLOOKUP(D34,'TS Gantry - AP47'!$C$8:$D$646,2,0) -> DA+6 | F34: 43.804 | G34: 45935 | H34: 45942 | I34: M/s. Punam Kumari | J34: Raj Kishor | K34: Rajasthan | L34: =VLOOKUP(D34,'TS Gantry - AP47'!$C$8:$X$638,22,FALSE) -> GARABDESAR | M34: =VLOOKUP(D34,'TS Gantry - AP47'!$C$8:$Y$638,23,FALSE) -> LUNKARANSAR | N34: =VLOOKUP(D34,'TS Gantry - AP47'!$C$8:$Z$638,24,FALSE) -> BIKANER
A35: =A34+1 -> 31 | B35: Oct'25 | C35: 8 | D35: 12/1 | E35: =VLOOKUP(D35,'TS Gantry - AP47'!$C$8:$D$646,2,0) -> DA+3 | F35: 37.931 | G35: 45940 | H35: 45948 | I35: M/s. Kavya Enterprises | J35: Narayan Mahto | K35: Rajasthan | L35: =VLOOKUP(D35,'TS Gantry - AP47'!$C$8:$X$638,22,FALSE) -> HANSHERA | M35: =VLOOKUP(D35,'TS Gantry - AP47'!$C$8:$Y$638,23,FALSE) -> LUNKARANSAR | N35: =VLOOKUP(D35,'TS Gantry - AP47'!$C$8:$Z$638,24,FALSE) -> BIKANER
A36: =A35+1 -> 32 | B36: Oct'25 | C36: 9 | D36: 28/2 | E36: =VLOOKUP(D36,'TS Gantry - AP47'!$C$8:$D$646,2,0) -> DA+3 | F36: 37.931 | G36: 45943 | H36: 45948 | I36: M/s. Kartik Mahto | J36: Dhiraj Kumar | K36: Rajasthan | L36: =VLOOKUP(D36,'TS Gantry - AP47'!$C$8:$X$638,22,FALSE) -> UCHHRANGDESAR | M36: =VLOOKUP(D36,'TS Gantry - AP47'!$C$8:$Y$638,23,FALSE) -> LUNKARANSAR | N36: =VLOOKUP(D36,'TS Gantry - AP47'!$C$8:$Z$638,24,FALSE) -> BIKANER
A37: =A36+1 -> 33 | B37: Oct'25 | C37: 10 | D37: 29/2 | E37: =VLOOKUP(D37,'TS Gantry - AP47'!$C$8:$D$646,2,0) -> DA+3 | F37: 37.931 | G37: 45943 | H37: 45952 | I37: M/s. Punam Kumari | J37: Raj Kishor | K37: Rajasthan | L37: =VLOOKUP(D37,'TS Gantry - AP47'!$C$8:$X$638,22,FALSE) -> KALOO | M37: =VLOOKUP(D37,'TS Gantry - AP47'!$C$8:$Y$638,23,FALSE) -> LUNKARANSAR | N37: =VLOOKUP(D37,'TS Gantry - AP47'!$C$8:$Z$638,24,FALSE) -> BIKANER
A38: =A37+1 -> 34 | B38: Oct'25 | C38: 11 | D38: 29/0 | E38: =VLOOKUP(D38,'TS Gantry - AP47'!$C$8:$D$646,2,0) -> DB2+0 | F38: 59.501 | G38: 45949 | H38: 45955 | I38: M/s. Kartik Mahto | J38: Kailash Mahto | K38: Rajasthan | L38: =VLOOKUP(D38,'TS Gantry - AP47'!$C$8:$X$638,22,FALSE) -> KALOO | M38: =VLOOKUP(D38,'TS Gantry - AP47'!$C$8:$Y$638,23,FALSE) -> LUNKARANSAR | N38: =VLOOKUP(D38,'TS Gantry - AP47'!$C$8:$Z$638,24,FALSE) -> BIKANER
A39: =A38+1 -> 35 | B39: Oct'25 | C39: 12 | D39: 19/0 | E39: =VLOOKUP(D39,'TS Gantry - AP47'!$C$8:$D$646,2,0) -> DC2+0 | F39: 67.262 | G39: 45943 | H39: 45960 | I39: M/s. Jwala Singh | J39: Mahendra | K39: Rajasthan | L39: =VLOOKUP(D39,'TS Gantry - AP47'!$C$8:$X$638,22,FALSE) -> SURANA | M39: =VLOOKUP(D39,'TS Gantry - AP47'!$C$8:$Y$638,23,FALSE) -> LUNKARANSAR | N39: =VLOOKUP(D39,'TS Gantry - AP47'!$C$8:$Z$638,24,FALSE) -> BIKANER
A40: =A39+1 -> 36 | B40: Oct'25 | C40: 13 | D40: 28/7 | E40: =VLOOKUP(D40,'TS Gantry - AP47'!$C$8:$D$646,2,0) -> DA+6 | F40: 43.804 | G40: 45956 | H40: 45961 | I40: M/s. Kartik Mahto | J40: Dhiraj Kumar | K40: Rajasthan | L40: =VLOOKUP(D40,'TS Gantry - AP47'!$C$8:$X$638,22,FALSE) -> KALOO | M40: =VLOOKUP(D40,'TS Gantry - AP47'!$C$8:$Y$638,23,FALSE) -> LUNKARANSAR | N40: =VLOOKUP(D40,'TS Gantry - AP47'!$C$8:$Z$638,24,FALSE) -> BIKANER
A41: =A40+1 -> 37 | B41: Nov'25 | C41: 1 | D41: 28/4 | E41: =VLOOKUP(D41,'TS Gantry - AP47'!$C$8:$D$646,2,0) -> DA+0 | F41: 36.16 | G41: 45962 | H41: 45966 | I41: M/s. Kartik Mahto | J41: Dhiraj Kumar | K41: Rajasthan | L41: =VLOOKUP(D41,'TS Gantry - AP47'!$C$8:$X$638,22,FALSE) -> KALOO | M41: =VLOOKUP(D41,'TS Gantry - AP47'!$C$8:$Y$638,23,FALSE) -> LUNKARANSAR | N41: =VLOOKUP(D41,'TS Gantry - AP47'!$C$8:$Z$638,24,FALSE) -> BIKANER
A42: =A41+1 -> 38 | B42: Nov'25 | C42: 2 | D42: 19/2 | E42: =VLOOKUP(D42,'TS Gantry - AP47'!$C$8:$D$646,2,0) -> DA+6 | F42: 43.804 | G42: 45961 | H42: 45968 | I42: M/s. Jwala Singh | J42: Mahendra | K42: Rajasthan | L42: =VLOOKUP(D42,'TS Gantry - AP47'!$C$8:$X$638,22,FALSE) -> SURANA | M42: =VLOOKUP(D42,'TS Gantry - AP47'!$C$8:$Y$638,23,FALSE) -> LUNKARANSAR | N42: =VLOOKUP(D42,'TS Gantry - AP47'!$C$8:$Z$638,24,FALSE) -> BIKANER
A43: =A42+1 -> 39 | B43: Nov'25 | C43: 3 | D43: 28/6 | E43: =VLOOKUP(D43,'TS Gantry - AP47'!$C$8:$D$646,2,0) -> DA+0 | F43: 36.16 | G43: 45966 | H43: 45969 | I43: M/s. Kartik Mahto | J43: Dhiraj Kumar | K43: Rajasthan | L43: =VLOOKUP(D43,'TS Gantry - AP47'!$C$8:$X$638,22,FALSE) -> KALOO | M43: =VLOOKUP(D43,'TS Gantry - AP47'!$C$8:$Y$638,23,FALSE) -> LUNKARANSAR | N43: =VLOOKUP(D43,'TS Gantry - AP47'!$C$8:$Z$638,24,FALSE) -> BIKANER
... A58: =A57+1 -> 54 | B58: Dec'25 | C58: 2 | D58: 8/1 | E58: =VLOOKUP(D58,'TS Gantry - AP47'!$C$8:$D$646,2,0) -> DA-1.5 | F58: 19.773 | G58: 45977 | H58: 45979 | I58: M/s. Company Gang | J58: Rohit Mahto | K58: Rajasthan | L58: =VLOOKUP(D58,'TS Gantry - AP47'!$C$8:$X$638,22,FALSE) -> DOODIMUKLERA | M58: =VLOOKUP(D58,'TS Gantry - AP47'!$C$8:$Y$638,23,FALSE) -> LUNKARANSAR | N58: =VLOOKUP(D58,'TS Gantry - AP47'!$C$8:$Z$638,24,FALSE) -> BIKANER
A59: 54 | B59: Dec'25 | C59: 2 | D59: 8/1 | E59: =VLOOKUP(D59,'TS Gantry - AP47'!$C$8:$D$646,2,0) -> DA-1.5 | F59: 15.829 | G59: 45991 | H59: 45997 | I59: M/s. Kavya Enterprises | J59: Rakesh Kumar | K59: Rajasthan | L59: =VLOOKUP(D59,'TS Gantry - AP47'!$C$8:$X$638,22,FALSE) -> DOODIMUKLERA | M59: =VLOOKUP(D59,'TS Gantry - AP47'!$C$8:$Y$638,23,FALSE) -> LUNKARANSAR | N59: =VLOOKUP(D59,'TS Gantry - AP47'!$C$8:$Z$638,24,FALSE) -> BIKANER
A60: =A59+1 -> 55 | B60: Dec'25 | C60: 3 | D60: 9/1 | E60: =VLOOKUP(D60,'TS Gantry - AP47'!$C$8:$D$646,2,0) -> DA+0 | F60: 36.16 | G60: 45990 | H60: 45998 | I60: M/s. Company Gang | J60: Rohit Mahto | K60: Rajasthan | L60: =VLOOKUP(D60,'TS Gantry - AP47'!$C$8:$X$638,22,FALSE) -> DHEERERAN | M60: =VLOOKUP(D60,'TS Gantry - AP47'!$C$8:$Y$638,23,FALSE) -> LUNKARANSAR | N60: =VLOOKUP(D60,'TS Gantry - AP47'!$C$8:$Z$638,24,FALSE) -> BIKANER
A61: =A60+1 -> 56 | B61: Dec'25 | C61: 4 | D61: 20/3 | E61: =VLOOKUP(D61,'TS Gantry - AP47'!$C$8:$D$646,2,0) -> DA-3 | F61: 34.79 | G61: 45992 | H61: 45998 | I61: M/s. Jwala Singh | J61: Mahendra | K61: Rajasthan | L61: =VLOOKUP(D61,'TS Gantry - AP47'!$C$8:$X$638,22,FALSE) -> KALKAL MUKLERA | M61: =VLOOKUP(D61,'TS Gantry - AP47'!$C$8:$Y$638,23,FALSE) -> LUNKARANSAR | N61: =VLOOKUP(D61,'TS Gantry - AP47'!$C$8:$Z$638,24,FALSE) -> BIKANER
A62: =A61+1 -> 57 | B62: Dec'25 | C62: 5 | D62: 5/5 | E62: =VLOOKUP(D62,'TS Gantry - AP47'!$C$8:$D$646,2,0) -> DA+6 | F62: 43.804 | G62: 45992 | H62: 45998 | I62: M/s. Govind Mahto | J62: Dinesh Kumar Mahto | K62: Rajasthan | L62: =VLOOKUP(D62,'TS Gantry - AP47'!$C$8:$X$638,22,FALSE) -> BINJHARWALI | M62: =VLOOKUP(D62,'TS Gantry - AP47'!$C$8:$Y$638,23,FALSE) -> LUNKARANSAR | N62: =VLOOKUP(D62,'TS Gantry - AP47'!$C$8:$Z$638,24,FALSE) -> BIKANER
A63: =A62+1 -> 58 | B63: Dec'25 | C63: 6 | D63: 31/26 | E63: =VLOOKUP(D63,'TS Gantry - AP47'!$C$8:$D$646,2,0) -> DA+3 | F63: 37.931 | G63: 45992 | H63: 45999 | I63: M/s. Punam Kumari 4 | J63: Kailash Mahto | K63: Rajasthan | L63: =VLOOKUP(D63,'TS Gantry - AP47'!$C$8:$X$638,22,FALSE) -> MALSISAR | M63: =VLOOKUP(D63,'TS Gantry - AP47'!$C$8:$Y$638,23,FALSE) -> SARDARSHAHAR | N63: =VLOOKUP(D63,'TS Gantry - AP47'!$C$8:$Z$638,24,FALSE) -> CHURU
A64: =A63+1 -> 59 | B64: Dec'25 | C64: 7 | D64: 29/15 | E64: =VLOOKUP(D64,'TS Gantry - AP47'!$C$8:$D$646,2,0) -> DA+0 | F64: 36.16 | G64: 45996 | H64: 46000 | I64: M/s. Kartik Mahto | J64: Dhiraj Kumar | K64: Rajasthan | L64: =VLOOKUP(D64,'TS Gantry - AP47'!$C$8:$X$638,22,FALSE) -> KALOO | M64: =VLOOKUP(D64,'TS Gantry - AP47'!$C$8:$Y$638,23,FALSE) -> LUNKARANSAR | N64: =VLOOKUP(D64,'TS Gantry - AP47'!$C$8:$Z$638,24,FALSE) -> BIKANER
A65: =A64+1 -> 60 | B65: Dec'25 | C65: 8 | D65: 20/4 | E65: =VLOOKUP(D65,'TS Gantry - AP47'!$C$8:$D$646,2,0) -> DA+0 | F65: 36.16 | G65: 45998 | H65: 46003 | I65: M/s. Jwala Singh | J65: Mahendra | K65: Rajasthan | L65: =VLOOKUP(D65,'TS Gantry - AP47'!$C$8:$X$638,22,FALSE) -> KALKAL MUKLERA | M65: =VLOOKUP(D65,'TS Gantry - AP47'!$C$8:$Y$638,23,FALSE) -> LUNKARANSAR | N65: =VLOOKUP(D65,'TS Gantry - AP47'!$C$8:$Z$638,24,FALSE) -> BIKANER
A66: =A65+1 -> 61 | B66: Dec'25 | C66: 9 | D66: 30/12 | E66: =VLOOKUP(D66,'TS Gantry - AP47'!$C$8:$D$646,2,0) -> DA+6 | F66: 43.804 | G66: 45994 | H66: 46004 | I66: M/s. Punam Kumari 3 | J66: Raj Kishor | K66: Rajasthan | L66: =VLOOKUP(D66,'TS Gantry - AP47'!$C$8:$X$638,22,FALSE) -> CHHATASAR | M66: =VLOOKUP(D66,'TS Gantry - AP47'!$C$8:$Y$638,23,FALSE) -> LUNKARANSAR | N66: =VLOOKUP(D66,'TS Gantry - AP47'!$C$8:$Z$638,24,FALSE) -> BIKANER
A67: =A66+1 -> 62 | B67: Dec'25 | C67: 10 | D67: 11/4 | E67: =VLOOKUP(D67,'TS Gantry - AP47'!$C$8:$D$646,2,0) -> DA+3 | F67: 37.931 | G67: 45995 | H67: 46004 | I67: M/s. Jwala Singh 2 | J67: Narayan Mahto | K67: Rajasthan | L67: =VLOOKUP(D67,'TS Gantry - AP47'!$C$8:$X$638,22,FALSE) -> SHARAH BEECHHARWAS | M67: =VLOOKUP(D67,'TS Gantry - AP47'!$C$8:$Y$638,23,FALSE) -> LUNKARANSAR | N67: =VLOOKUP(D67,'TS Gantry - AP47'!$C$8:$Z$638,24,FALSE) -> BIKANER
A68: =A67+1 -> 63 | B68: Dec'25 | C68: 11 | D68: 5/9 | E68: =VLOOKUP(D68,'TS Gantry - AP47'!$C$8:$D$646,2,0) -> DA+3 | F68: 37.931 | G68: 45999 | H68: 46005 | I68: M/s. Govind Mahto | J68: Dinesh Kumar Mahto | K68: Rajasthan | L68: =VLOOKUP(D68,'TS Gantry - AP47'!$C$8:$X$638,22,FALSE) -> BINJHARWALI | M68: =VLOOKUP(D68,'TS Gantry - AP47'!$C$8:$Y$638,23,FALSE) -> LUNKARANSAR | N68: =VLOOKUP(D68,'TS Gantry - AP47'!$C$8:$Z$638,24,FALSE) -> BIKANER
A69: =A68+1 -> 64 | B69: Dec'25 | C69: 12 | D69: 29/12 | E69: =VLOOKUP(D69,'TS Gantry - AP47'!$C$8:$D$646,2,0) -> DB1+0 | F69: 55.451 | G69: 46000 | H69: 46007 | I69: M/s. Kartik Mahto | J69: Dhiraj Kumar | K69: Rajasthan | L69: =VLOOKUP(D69,'TS Gantry - AP47'!$C$8:$X$638,22,FALSE) -> KALOO | M69: =VLOOKUP(D69,'TS Gantry - AP47'!$C$8:$Y$638,23,FALSE) -> LUNKARANSAR | N69: =VLOOKUP(D69,'TS Gantry - AP47'!$C$8:$Z$638,24,FALSE) -> BIKANER
A70: =A69+1 -> 65 | B70: Dec'25 | C70: 13 | D70: 31/20 | E70: =VLOOKUP(D70,'TS Gantry - AP47'!$C$8:$D$646,2,0) -> DA-1.5 | F70: 35.602 | G70: 46002 | H70: 46008 | I70: M/s. Punam Kumari 4 | J70: Kailash Mahto | K70: Rajasthan | L70: =VLOOKUP(D70,'TS Gantry - AP47'!$C$8:$X$638,22,FALSE) -> DHEERASAR | M70: =VLOOKUP(D70,'TS Gantry - AP47'!$C$8:$Y$638,23,FALSE) -> SARDARSHAHAR | N70: =VLOOKUP(D70,'TS Gantry - AP47'!$C$8:$Z$638,24,FALSE) -> CHURU
A71: =A70+1 -> 66 | B71: Dec'25 | C71: 14 | D71: 20/5 | E71: =VLOOKUP(D71,'TS Gantry - AP47'!$C$8:$D$646,2,0) -> DA+0 | F71: 36.16 | G71: 46005 | H71: 46009 | I71: M/s. Jwala Singh | J71: Mahendra | K71: Rajasthan | L71: =VLOOKUP(D71,'TS Gantry - AP47'!$C$8:$X$638,22,FALSE) -> KALKAL MUKLERA | M71: =VLOOKUP(D71,'TS Gantry - AP47'!$C$8:$Y$638,23,FALSE) -> LUNKARANSAR | N71: =VLOOKUP(D71,'TS Gantry - AP47'!$C$8:$Z$638,24,FALSE) -> BIKANER
... A75: =A74+1 -> 70 | B75: Dec'25 | C75: 18 | D75: 8/0 | E75: =VLOOKUP(D75,'TS Gantry - AP47'!$C$8:$D$646,2,0) -> DC1+0 | F75: 30.489 | G75: 45981 | H75: 45983 | I75: M/s. Company Gang | J75: Sonu Kumar | K75: Rajasthan | L75: =VLOOKUP(D75,'TS Gantry - AP47'!$C$8:$X$638,22,FALSE) -> DOODIMUKLERA | M75: =VLOOKUP(D75,'TS Gantry - AP47'!$C$8:$Y$638,23,FALSE) -> LUNKARANSAR | N75: =VLOOKUP(D75,'TS Gantry - AP47'!$C$8:$Z$638,24,FALSE) -> BIKANER
A76: 70 | B76: Dec'25 | C76: 18 | D76: 8/0 | E76: =VLOOKUP(D76,'TS Gantry - AP47'!$C$8:$D$646,2,0) -> DC1+0 | F76: 31.955 | G76: 45997 | H76: 46013 | I76: M/s. Kavya Enterprises | J76: Rakesh Kumar | K76: Rajasthan | L76: =VLOOKUP(D76,'TS Gantry - AP47'!$C$8:$X$638,22,FALSE) -> DOODIMUKLERA | M76: =VLOOKUP(D76,'TS Gantry - AP47'!$C$8:$Y$638,23,FALSE) -> LUNKARANSAR | N76: =VLOOKUP(D76,'TS Gantry - AP47'!$C$8:$Z$638,24,FALSE) -> BIKANER
A77: =A76+1 -> 71 | B77: Dec'25 | C77: 19 | D77: 30/10 | E77: =VLOOKUP(D77,'TS Gantry - AP47'!$C$8:$D$646,2,0) -> DA+3 | F77: 37.931 | G77: 46004 | H77: 46013 | I77: M/s. Punam Kumari 3 | J77: Kailash Mahto | K77: Rajasthan | L77: =VLOOKUP(D77,'TS Gantry - AP47'!$C$8:$X$638,22,FALSE) -> CHHATASAR | M77: =VLOOKUP(D77,'TS Gantry - AP47'!$C$8:$Y$638,23,FALSE) -> LUNKARANSAR | N77: =VLOOKUP(D77,'TS Gantry - AP47'!$C$8:$Z$638,24,FALSE) -> BIKANER
A78: =A77+1 -> 72 | B78: Dec'25 | C78: 20 | D78: 11/1 | E78: =VLOOKUP(D78,'TS Gantry - AP47'!$C$8:$D$646,2,0) -> DA-1.5 | F78: 35.602 | G78: 46010 | H78: 46015 | I78: M/s. Jwala Singh 2 | J78: Narayan Mahto | K78: Rajasthan | L78: =VLOOKUP(D78,'TS Gantry - AP47'!$C$8:$X$638,22,FALSE) -> SHARAH BEECHHARWAS | M78: =VLOOKUP(D78,'TS Gantry - AP47'!$C$8:$Y$638,23,FALSE) -> LUNKARANSAR | N78: =VLOOKUP(D78,'TS Gantry - AP47'!$C$8:$Z$638,24,FALSE) -> BIKANER
A79: =A78+1 -> 73 | B79: Dec'25 | C79: 21 | D79: 29/9 | E79: =VLOOKUP(D79,'TS Gantry - AP47'!$C$8:$D$646,2,0) -> DA+0 | F79: 36.16 | G79: 46011 | H79: 46015 | I79: M/s. Kartik Mahto | J79: Dhiraj Kumar | K79: Rajasthan | L79: =VLOOKUP(D79,'TS Gantry - AP47'!$C$8:$X$638,22,FALSE) -> KALOO | M79: =VLOOKUP(D79,'TS Gantry - AP47'!$C$8:$Y$638,23,FALSE) -> LUNKARANSAR | N79: =VLOOKUP(D79,'TS Gantry - AP47'!$C$8:$Z$638,24,FALSE) -> BIKANER
A80: =A79+1 -> 74 | B80: Dec'25 | C80: 22 | D80: 5/11 | E80: =VLOOKUP(D80,'TS Gantry - AP47'!$C$8:$D$646,2,0) -> DA+9 | F80: 45.697 | G80: 46012 | H80: 46018 | I80: M/s. Govind Mahto | J80: Deepak Kumar Mahto | K80: Rajasthan | L80: =VLOOKUP(D80,'TS Gantry - AP47'!$C$8:$X$638,22,FALSE) -> BINJHARWALI | M80: =VLOOKUP(D80,'TS Gantry - AP47'!$C$8:$Y$638,23,FALSE) -> LUNKARANSAR | N80: =VLOOKUP(D80,'TS Gantry - AP47'!$C$8:$Z$638,24,FALSE) -> BIKANER
A81: =A80+1 -> 75 | B81: Dec'25 | C81: 23 | D81: 29/8 | E81: =VLOOKUP(D81,'TS Gantry - AP47'!$C$8:$D$646,2,0) -> DA+0 | F81: 36.16 | G81: 46015 | H81: 46019 | I81: M/s. Kartik Mahto | J81: Dhiraj Kumar | K81: Rajasthan | L81: =VLOOKUP(D81,'TS Gantry - AP47'!$C$8:$X$638,22,FALSE) -> KALOO | M81: =VLOOKUP(D81,'TS Gantry - AP47'!$C$8:$Y$638,23,FALSE) -> LUNKARANSAR | N81: =VLOOKUP(D81,'TS Gantry - AP47'!$C$8:$Z$638,24,FALSE) -> BIKANER
A82: =A81+1 -> 76 | B82: Dec'25 | C82: 24 | D82: 31/17 | E82: =VLOOKUP(D82,'TS Gantry - AP47'!$C$8:$D$646,2,0) -> DA+9 | F82: 45.697 | G82: 46012 | H82: 46020 | I82: M/s. Punam Kumari 4 | J82: Dhiraj Kumar | K82: Rajasthan | L82: =VLOOKUP(D82,'TS Gantry - AP47'!$C$8:$X$638,22,FALSE) -> KANWALASAR | M82: =VLOOKUP(D82,'TS Gantry - AP47'!$C$8:$Y$638,23,FALSE) -> SARDARSHAHAR | N82: =VLOOKUP(D82,'TS Gantry - AP47'!$C$8:$Z$638,24,FALSE) -> CHURU
A83: =A82+1 -> 77 | B83: Dec'25 | C83: 25 | D83: 11/2 | E83: =VLOOKUP(D83,'TS Gantry - AP47'!$C$8:$D$646,2,0) -> DA+3 | F83: 37.931 | G83: 46016 | H83: 46021 | I83: M/s. Jwala Singh 2 | J83: Narayan Mahto | K83: Rajasthan | L83: =VLOOKUP(D83,'TS Gantry - AP47'!$C$8:$X$638,22,FALSE) -> SHARAH BEECHHARWAS | M83: =VLOOKUP(D83,'TS Gantry - AP47'!$C$8:$Y$638,23,FALSE) -> LUNKARANSAR | N83: =VLOOKUP(D83,'TS Gantry - AP47'!$C$8:$Z$638,24,FALSE) -> BIKANER
A84: =A83+1 -> 78 | B84: Dec'25 | C84: 26 | D84: 30/8 | E84: =VLOOKUP(D84,'TS Gantry - AP47'!$C$8:$D$646,2,0) -> DA+3 | F84: 37.931 | G84: 46015 | H84: 46022 | I84: M/s. Punam Kumari 3 | J84: Kailash Mahto | K84: Rajasthan | L84: =VLOOKUP(D84,'TS Gantry - AP47'!$C$8:$X$638,22,FALSE) -> CHHATASAR | M84: =VLOOKUP(D84,'TS Gantry - AP47'!$C$8:$Y$638,23,FALSE) -> LUNKARANSAR | N84: =VLOOKUP(D84,'TS Gantry - AP47'!$C$8:$Z$638,24,FALSE) -> BIKANER
A85: =A84+1 -> 79 | B85: Dec'25 | C85: 27 | D85: 4/6 | E85: =VLOOKUP(D85,'TS Gantry - AP47'!$C$8:$D$646,2,0) -> DA+3 | F85: 37.931 | G85: 46016 | H85: 46022 | I85: M/s. Govind Mahto 2 | J85: Rakesh Kumar | K85: Rajasthan | L85: =VLOOKUP(D85,'TS Gantry - AP47'!$C$8:$X$638,22,FALSE) -> RAJASAR BHATIYAN | M85: =VLOOKUP(D85,'TS Gantry - AP47'!$C$8:$Y$638,23,FALSE) -> CHHATARGARH | N85: =VLOOKUP(D85,'TS Gantry - AP47'!$C$8:$Z$638,24,FALSE) -> BIKANER
A86: =A85+1 -> 80 | B86: Dec'25 | C86: 28 | D86: 6/0 | E86: =VLOOKUP(D86,'TS Gantry - AP47'!$C$8:$D$646,2,0) -> DB1+0 | F86: 55.451 | G86: 46007 | H86: 46024 | I86: M/s. Company Gang | J86: Pradeep Luhar | K86: Rajasthan | L86: =VLOOKUP(D86,'TS Gantry - AP47'!$C$8:$X$638,22,FALSE) -> BINJHARWALI | M86: =VLOOKUP(D86,'TS Gantry - AP47'!$C$8:$Y$638,23,FALSE) -> LUNKARANSAR | N86: =VLOOKUP(D86,'TS Gantry - AP47'!$C$8:$Z$638,24,FALSE) -> BIKANER
A87: =A86+1 -> 81 | B87: Dec'25 | C87: 29 | D87: 20/0 | E87: =VLOOKUP(D87,'TS Gantry - AP47'!$C$8:$D$646,2,0) -> DC1+6 | F87: 72.474 | G87: 46011 | H87: 46025 | I87: M/s. Jwala Singh | J87: Mahendra | K87: Rajasthan | L87: =VLOOKUP(D87,'TS Gantry - AP47'!$C$8:$X$638,22,FALSE) -> KAKARICHCHHA | M87: =VLOOKUP(D87,'TS Gantry - AP47'!$C$8:$Y$638,23,FALSE) -> LUNKARANSAR | N87: =VLOOKUP(D87,'TS Gantry - AP47'!$C$8:$Z$638,24,FALSE) -> BIKANER
A88: =A87+1 -> 82 | B88: Dec'25 | C88: 30 | D88: 37/7 | E88: =VLOOKUP(D88,'TS Gantry - AP47'!$C$8:$D$646,2,0) -> DA-3 | F88: 34.79 | G88: 46011 | H88: 46025 | I88: M/s. Karni Construction 1 | J88: Ram Shankar | K88: Rajasthan | L88: =VLOOKUP(D88,'TS Gantry - AP47'!$C$8:$X$638,22,FALSE) -> MALSAR | M88: =VLOOKUP(D88,'TS Gantry - AP47'!$C$8:$Y$638,23,FALSE) -> SARDARSHAHAR | N88: =VLOOKUP(D88,'TS Gantry - AP47'!$C$8:$Z$638,24,FALSE) -> CHURU
... A107: =A106+1 -> 101 | B107: Jan'26 | C107: 17 | D107: 20/7 | E107: =VLOOKUP(D107,'TS Gantry - AP47'!$C$8:$D$646,2,0) -> DA+0 | F107: 36.16 | G107: 46037 | H107: 46042 | I107: M/s. Jwala Singh | J107: Mahendra | K107: Rajasthan | L107: =VLOOKUP(D107,'TS Gantry - AP47'!$C$8:$X$638,22,FALSE) -> LUNKARANSAR | M107: =VLOOKUP(D107,'TS Gantry - AP47'!$C$8:$Y$638,23,FALSE) -> LUNKARANSAR | N107: =VLOOKUP(D107,'TS Gantry - AP47'!$C$8:$Z$638,24,FALSE) -> BIKANER
A108: =A107+1 -> 102 | B108: Jan'26 | C108: 18 | D108: 9/4 | E108: =VLOOKUP(D108,'TS Gantry - AP47'!$C$8:$D$646,2,0) -> DA+3 | F108: =37.931/2 -> 18.9655 | G108: 45999 | H108: 46001 | I108: M/s. Company Gang | J108: Dhalchand | K108: Rajasthan | L108: =VLOOKUP(D108,'TS Gantry - AP47'!$C$8:$X$638,22,FALSE) -> DHEERERAN | M108: =VLOOKUP(D108,'TS Gantry - AP47'!$C$8:$Y$638,23,FALSE) -> LUNKARANSAR | N108: =VLOOKUP(D108,'TS Gantry - AP47'!$C$8:$Z$638,24,FALSE) -> BIKANER
A109: 102 | B109: Jan'26 | C109: 18 | D109: 9/4 | E109: =VLOOKUP(D109,'TS Gantry - AP47'!$C$8:$D$646,2,0) -> DA+3 | F109: =37.931/2 -> 18.9655 | G109: 46035 | H109: 46043 | I109: M/s. Mohika Costruction | J109: Rohit Mahto | K109: Rajasthan | L109: =VLOOKUP(D109,'TS Gantry - AP47'!$C$8:$X$638,22,FALSE) -> DHEERERAN | M109: =VLOOKUP(D109,'TS Gantry - AP47'!$C$8:$Y$638,23,FALSE) -> LUNKARANSAR | N109: =VLOOKUP(D109,'TS Gantry - AP47'!$C$8:$Z$638,24,FALSE) -> BIKANER
A110: =A109+1 -> 103 | B110: Jan'26 | C110: 19 | D110: 37/8 | E110: =VLOOKUP(D110,'TS Gantry - AP47'!$C$8:$D$646,2,0) -> DA+9 | F110: 45.697 | G110: 46026 | H110: 46043 | I110: M/s. Karni Construction 1 | J110: Ram Shankar | K110: Rajasthan | L110: =VLOOKUP(D110,'TS Gantry - AP47'!$C$8:$X$638,22,FALSE) -> MALSAR | M110: =VLOOKUP(D110,'TS Gantry - AP47'!$C$8:$Y$638,23,FALSE) -> SARDARSHAHAR | N110: =VLOOKUP(D110,'TS Gantry - AP47'!$C$8:$Z$638,24,FALSE) -> CHURU
A111: =A110+1 -> 104 | B111: Jan'26 | C111: 20 | D111: 3A/3 | E111: =VLOOKUP(D111,'TS Gantry - AP47'!$C$8:$D$646,2,0) -> DA-1.5 | F111: 35.602 | G111: 46037 | H111: 46043 | I111: M/s. Sunny Construction | J111: Sher Singh | K111: Rajasthan | L111: =VLOOKUP(D111,'TS Gantry - AP47'!$C$8:$X$638,22,FALSE) -> RAJASAR BHATIYAN | M111: =VLOOKUP(D111,'TS Gantry - AP47'!$C$8:$Y$638,23,FALSE) -> CHHATARGARH | N111: =VLOOKUP(D111,'TS Gantry - AP47'!$C$8:$Z$638,24,FALSE) -> BIKANER
A112: =A111+1 -> 105 | B112: Jan'26 | C112: 21 | D112: 29/13 | E112: =VLOOKUP(D112,'TS Gantry - AP47'!$C$8:$D$646,2,0) -> DA+0 | F112: 36.16 | G112: 46039 | H112: 46043 | I112: M/s. Kartik Mahto | J112: Sujit Choudhary | K112: Rajasthan | L112: =VLOOKUP(D112,'TS Gantry - AP47'!$C$8:$X$638,22,FALSE) -> KALOO | M112: =VLOOKUP(D112,'TS Gantry - AP47'!$C$8:$Y$638,23,FALSE) -> LUNKARANSAR | N112: =VLOOKUP(D112,'TS Gantry - AP47'!$C$8:$Z$638,24,FALSE) -> BIKANER
A113: =A112+1 -> 106 | B113: Jan'26 | C113: 22 | D113: 31/16 | E113: =VLOOKUP(D113,'TS Gantry - AP47'!$C$8:$D$646,2,0) -> DA+6 | F113: 43.804 | G113: 46033 | H113: 46044 | I113: M/s. Punam Kumari 4 | J113: Raj Kishor | K113: Rajasthan | L113: =VLOOKUP(D113,'TS Gantry - AP47'!$C$8:$X$638,22,FALSE) -> KANWALASAR | M113: =VLOOKUP(D113,'TS Gantry - AP47'!$C$8:$Y$638,23,FALSE) -> SARDARSHAHAR | N113: =VLOOKUP(D113,'TS Gantry - AP47'!$C$8:$Z$638,24,FALSE) -> CHURU
A114: =A113+1 -> 107 | B114: Jan'26 | C114: 23 | D114: 5/4 | E114: =VLOOKUP(D114,'TS Gantry - AP47'!$C$8:$D$646,2,0) -> DA+3 | F114: 37.931 | G114: 46037 | H114: 46046 | I114: M/s. Jirwa Debi | J114: Deepak Kumar Mahto | K114: Rajasthan | L114: =VLOOKUP(D114,'TS Gantry - AP47'!$C$8:$X$638,22,FALSE) -> BINJHARWALI | M114: =VLOOKUP(D114,'TS Gantry - AP47'!$C$8:$Y$638,23,FALSE) -> LUNKARANSAR | N114: =VLOOKUP(D114,'TS Gantry - AP47'!$C$8:$Z$638,24,FALSE) -> BIKANER
A115: =A114+1 -> 108 | B115: Jan'26 | C115: 24 | D115: 7/11 | E115: =VLOOKUP(D115,'TS Gantry - AP47'!$C$8:$D$646,2,0) -> DA+3 | F115: 37.931 | G115: 45984 | H115: 46049 | I115: M/s. Company Gang | J115: Dalchand Mahto | K115: Rajasthan | L115: =VLOOKUP(D115,'TS Gantry - AP47'!$C$8:$X$638,22,FALSE) -> DOODIMU KLERA | M115: =VLOOKUP(D115,'TS Gantry - AP47'!$C$8:$Y$638,23,FALSE) -> LUNKARANSAR | N115: =VLOOKUP(D115,'TS Gantry - AP47'!$C$8:$Z$638,24,FALSE) -> BIKANER
A116: =A115+1 -> 109 | B116: Jan'26 | C116: 25 | D116: 2/5 | E116: =VLOOKUP(D116,'TS Gantry - AP47'!$C$8:$D$646,2,0) -> DA+0 | F116: 36.16 | G116: 46032 | H116: 46049 | I116: M/s. Shree Shyam Construction | J116: Dinesh Kumar Mahto | K116: Rajasthan | L116: =VLOOKUP(D116,'TS Gantry - AP47'!$C$8:$X$638,22,FALSE) -> KELAN | M116: =VLOOKUP(D116,'TS Gantry - AP47'!$C$8:$Y$638,23,FALSE) -> CHHATARGARH | N116: =VLOOKUP(D116,'TS Gantry - AP47'!$C$8:$Z$638,24,FALSE) -> BIKANER
A117: =A116+1 -> 110 | B117: Jan'26 | C117: 26 | D117: 13/0 | E117: =VLOOKUP(D117,'TS Gantry - AP47'!$C$8:$D$646,2,0) -> DC1+3 | F117: 65.872484 | G117: 46038 | H117: 46049 | I117: M/s. Jwala Singh 2 | J117: Dularchand Mahto | K117: Rajasthan | L117: =VLOOKUP(D117,'TS Gantry - AP47'!$C$8:$X$638,22,FALSE) -> HANSHERA | M117: =VLOOKUP(D117,'TS Gantry - AP47'!$C$8:$Y$638,23,FALSE) -> LUNKARANSAR | N117: =VLOOKUP(D117,'TS Gantry - AP47'!$C$8:$Z$638,24,FALSE) -> BIKANER
A118: =A117+1 -> 111 | B118: Jan'26 | C118: 27 | D118: 6/3 | E118: =VLOOKUP(D118,'TS Gantry - AP47'!$C$8:$D$646,2,0) -> DA+6 | F118: 43.804 | G118: 46040 | H118: 46049 | I118: M/s. Govind Mahto 2 | J118: Sher Singh | K118: Rajasthan | L118: =VLOOKUP(D118,'TS Gantry - AP47'!$C$8:$X$638,22,FALSE) -> SODHWALI | M118: =VLOOKUP(D118,'TS Gantry - AP47'!$C$8:$Y$638,23,FALSE) -> LUNKARANSAR | N118: =VLOOKUP(D118,'TS Gantry - AP47'!$C$8:$Z$638,24,FALSE) -> BIKANER
A119: =A118+1 -> 112 | B119: Jan'26 | C119: 28 | D119: 31/6 | E119: =VLOOKUP(D119,'TS Gantry - AP47'!$C$8:$D$646,2,0) -> DA+6 | F119: 43.804 | G119: 46041 | H119: 46049 | I119: M/s. Raju Kumar | J119: Deepak Kumar Mahto | K119: Rajasthan | L119: =VLOOKUP(D119,'TS Gantry - AP47'!$C$8:$X$638,22,FALSE) -> KAGASAR | M119: =VLOOKUP(D119,'TS Gantry - AP47'!$C$8:$Y$638,23,FALSE) -> LUNKARANSAR | N119: =VLOOKUP(D119,'TS Gantry - AP47'!$C$8:$Z$638,24,FALSE) -> BIKANER
A120: =A119+1 -> 113 | B120: Jan'26 | C120: 29 | D120: 3A/1 | E120: =VLOOKUP(D120,'TS Gantry - AP47'!$C$8:$D$646,2,0) -> DA+0 | F120: 36.16 | G120: 46044 | H120: 46049 | I120: M/s. Shobha Debi | J120: Hariram Nai | K120: Rajasthan | L120: =VLOOKUP(D120,'TS Gantry - AP47'!$C$8:$X$638,22,FALSE) -> RAJASAR BHATIYAN | M120: =VLOOKUP(D120,'TS Gantry - AP47'!$C$8:$Y$638,23,FALSE) -> CHHATARGARH | N120: =VLOOKUP(D120,'TS Gantry - AP47'!$C$8:$Z$638,24,FALSE) -> BIKANER
A121: =A120+1 -> 114 | B121: Jan'26 | C121: 30 | D121: 18/2 | E121: =VLOOKUP(D121,'TS Gantry - AP47'!$C$8:$D$646,2,0) -> DA+3 | F121: 37.931 | G121: 46044 | H121: 46049 | I121: M/s. Jwala Singh | J121: Mahendra | K121: Rajasthan | L121: =VLOOKUP(D121,'TS Gantry - AP47'!$C$8:$X$638,22,FALSE) -> SURANA | M121: =VLOOKUP(D121,'TS Gantry - AP47'!$C$8:$Y$638,23,FALSE) -> LUNKARANSAR | N121: =VLOOKUP(D121,'TS Gantry - AP47'!$C$8:$Z$638,24,FALSE) -> BIKANER
... A163: =A162+1 -> 156 | B163: Feb'26 | C163: 29 | D163: 4/9 | E163: =VLOOKUP(D163,'TS Gantry - AP47'!$C$8:$D$646,2,0) -> DA+3 | F163: 37.931 | G163: 46069 | H163: 46075 | I163: M/s. Govind Mahto 2 | J163: Rakesh Kumar | K163: Rajasthan | L163: =VLOOKUP(D163,'TS Gantry - AP47'!$C$8:$X$638,22,FALSE) -> RAJASAR BHATIYAN | M163: =VLOOKUP(D163,'TS Gantry - AP47'!$C$8:$Y$638,23,FALSE) -> CHHATARGARH | N163: =VLOOKUP(D163,'TS Gantry - AP47'!$C$8:$Z$638,24,FALSE) -> BIKANER
A164: =A163+1 -> 157 | B164: Feb'26 | C164: 30 | D164: 2/2 | E164: =VLOOKUP(D164,'TS Gantry - AP47'!$C$8:$D$646,2,0) -> DA+9 | G164: 46060 | H164: 46071 | I164: M/s. Shree Shyam Construction | J164: Dinesh Kumar Mahto | K164: Rajasthan | L164: =VLOOKUP(D164,'TS Gantry - AP47'!$C$8:$X$638,22,FALSE) -> KELAN | M164: =VLOOKUP(D164,'TS Gantry - AP47'!$C$8:$Y$638,23,FALSE) -> CHHATARGARH | N164: =VLOOKUP(D164,'TS Gantry - AP47'!$C$8:$Z$638,24,FALSE) -> BIKANER
A165: 157 | B165: Feb'26 | C165: 30 | D165: 2/2 | E165: =VLOOKUP(D165,'TS Gantry - AP47'!$C$8:$D$646,2,0) -> DA+9 | G165: 46074 | H165: 46076 | I165: M/s. Jirwa Debi | J165: Deepak Kumar Mahto | K165: Rajasthan | L165: =VLOOKUP(D165,'TS Gantry - AP47'!$C$8:$X$638,22,FALSE) -> KELAN | M165: =VLOOKUP(D165,'TS Gantry - AP47'!$C$8:$Y$638,23,FALSE) -> CHHATARGARH | N165: =VLOOKUP(D165,'TS Gantry - AP47'!$C$8:$Z$638,24,FALSE) -> BIKANER
A166: =A165+1 -> 158 | B166: Feb'26 | C166: 31 | D166: 28/0 | E166: =VLOOKUP(D166,'TS Gantry - AP47'!$C$8:$D$646,2,0) -> DB2+0 | F166: 59.501 | G166: 46068 | H166: 46076 | I166: M/s. Kartik Mahto | J166: Dheeraj Kumar | K166: Rajasthan | L166: =VLOOKUP(D166,'TS Gantry - AP47'!$C$8:$X$638,22,FALSE) -> UCHHRANGDESAR | M166: =VLOOKUP(D166,'TS Gantry - AP47'!$C$8:$Y$638,23,FALSE) -> LUNKARANSAR | N166: =VLOOKUP(D166,'TS Gantry - AP47'!$C$8:$Z$638,24,FALSE) -> BIKANER
A167: =A166+1 -> 159 | B167: Feb'26 | C167: 32 | D167: 3/3 | E167: =VLOOKUP(D167,'TS Gantry - AP47'!$C$8:$D$646,2,0) -> DA+9 | F167: 45.697 | G167: 46068 | H167: 46077 | I167: M/s. Nirmal Mahto | J167: Rohit Mahto | K167: Rajasthan | L167: =VLOOKUP(D167,'TS Gantry - AP47'!$C$8:$X$638,22,FALSE) -> AMBARAN | M167: =VLOOKUP(D167,'TS Gantry - AP47'!$C$8:$Y$638,23,FALSE) -> CHHATARGARH | N167: =VLOOKUP(D167,'TS Gantry - AP47'!$C$8:$Z$638,24,FALSE) -> BIKANER
A168: =A167+1 -> 160 | B168: Feb'26 | C168: 33 | D168: 7/0 | E168: =VLOOKUP(D168,'TS Gantry - AP47'!$C$8:$D$646,2,0) -> DB1+3 | F168: 57.963 | G168: 46067 | H168: 46078 | I168: M/s. Ganesh Sinha | J168: Ramesh | K168: Rajasthan | L168: =VLOOKUP(D168,'TS Gantry - AP47'!$C$8:$X$638,22,FALSE) -> SODHWALI | M168: =VLOOKUP(D168,'TS Gantry - AP47'!$C$8:$Y$638,23,FALSE) -> LUNKARANSAR | N168: =VLOOKUP(D168,'TS Gantry - AP47'!$C$8:$Z$638,24,FALSE) -> BIKANER
A169: =A168+1 -> 161 | B169: Feb'26 | C169: 34 | D169: 35/0 | E169: =VLOOKUP(D169,'TS Gantry - AP47'!$C$8:$D$646,2,0) -> DB1+9 | F169: 66.776 | G169: 46070 | H169: 46078 | I169: M/s. Jwala Singh | J169: Narayan Mahto | K169: Rajasthan | L169: =VLOOKUP(D169,'TS Gantry - AP47'!$C$8:$X$638,22,FALSE) -> NAHARSARA | M169: =VLOOKUP(D169,'TS Gantry - AP47'!$C$8:$Y$638,23,FALSE) -> SARDARSHAHAR | N169: =VLOOKUP(D169,'TS Gantry - AP47'!$C$8:$Z$638,24,FALSE) -> CHURU
A170: =A169+1 -> 162 | B170: Feb'26 | C170: 35 | D170: 4/10 | E170: =VLOOKUP(D170,'TS Gantry - AP47'!$C$8:$D$646,2,0) -> DA-1.5 | F170: 35.602 | G170: 46075 | H170: 46078 | I170: M/s. Govind Mahto 2 | J170: Smriti Ranjan | K170: Rajasthan | L170: =VLOOKUP(D170,'TS Gantry - AP47'!$C$8:$X$638,22,FALSE) -> MAKADASAR | M170: =VLOOKUP(D170,'TS Gantry - AP47'!$C$8:$Y$638,23,FALSE) -> CHHATARGARH | N170: =VLOOKUP(D170,'TS Gantry - AP47'!$C$8:$Z$638,24,FALSE) -> BIKANER
A171: =A170+1 -> 163 | B171: Feb'26 | C171: 36 | D171: 35/9 | E171: =VLOOKUP(D171,'TS Gantry - AP47'!$C$8:$D$646,2,0) -> DA+9 | F171: 45.697 | G171: 46072 | H171: 46079 | I171: M/s. Jwala Singh 2 | J171: Ram Shankar | K171: Rajasthan | L171: =VLOOKUP(D171,'TS Gantry - AP47'!$C$8:$X$638,22,FALSE) -> MALAKSAR | M171: =VLOOKUP(D171,'TS Gantry - AP47'!$C$8:$Y$638,23,FALSE) -> SARDARSHAHAR | N171: =VLOOKUP(D171,'TS Gantry - AP47'!$C$8:$Z$638,24,FALSE) -> CHURU
A172: =A171+1 -> 164 | B172: Feb'26 | C172: 37 | D172: 23/1 | E172: =VLOOKUP(D172,'TS Gantry - AP47'!$C$8:$D$646,2,0) -> DA-1.5 | F172: 35.602 | G172: 46077 | H172: 46079 | I172: M/s. Kartik Mahto | J172: Narayan Mahto | K172: Rajasthan | L172: =VLOOKUP(D172,'TS Gantry - AP47'!$C$8:$X$638,22,FALSE) -> LUNKARANSAR | M172: =VLOOKUP(D172,'TS Gantry - AP47'!$C$8:$Y$638,23,FALSE) -> LUNKARANSAR | N172: =VLOOKUP(D172,'TS Gantry - AP47'!$C$8:$Z$638,24,FALSE) -> BIKANER
A173: =A172+1 -> 165 | B173: Feb'26 | C173: 38 | D173: 1A/1 | E173: =VLOOKUP(D173,'TS Gantry - AP47'!$C$8:$D$646,2,0) -> DA-1.5 | F173: 35.602 | G173: 46076 | H173: 46081 | I173: M/s. Jirwa Debi | J173: Deepak Kumar Mahto | K173: Rajasthan | L173: =VLOOKUP(D173,'TS Gantry - AP47'!$C$8:$X$638,22,FALSE) -> KELAN | M173: =VLOOKUP(D173,'TS Gantry - AP47'!$C$8:$Y$638,23,FALSE) -> CHHATARGARH | N173: =VLOOKUP(D173,'TS Gantry - AP47'!$C$8:$Z$638,24,FALSE) -> BIKANER
A174: =A173+1 -> 166 | B174: Feb'26 | C174: 39 | D174: 5/1 | E174: =VLOOKUP(D174,'TS Gantry - AP47'!$C$8:$D$646,2,0) -> DA+6 | F174: 43.804 | G174: 46079 | H174: 46081 | I174: M/s. Govind Mahto | J174: Smriti Ranjan | K174: Rajasthan | L174: =VLOOKUP(D174,'TS Gantry - AP47'!$C$8:$X$638,22,FALSE) -> BINJHARWALI | M174: =VLOOKUP(D174,'TS Gantry - AP47'!$C$8:$Y$638,23,FALSE) -> LUNKARANSAR | N174: =VLOOKUP(D174,'TS Gantry - AP47'!$C$8:$Z$638,24,FALSE) -> BIKANER
A175: =A174+1 -> 167 | B175: Feb'26 | C175: 40 | D175: 31/9 | E175: =VLOOKUP(D175,'TS Gantry - AP47'!$C$8:$D$646,2,0) -> DB1+0 | F175: 55.451 | G175: 46074 | H175: 46082 | I175: M/s. Punam Kumari4 | J175: Ashok Saran | K175: Rajasthan | L175: =VLOOKUP(D175,'TS Gantry - AP47'!$C$8:$X$638,22,FALSE) -> KAGASAR | M175: =VLOOKUP(D175,'TS Gantry - AP47'!$C$8:$Y$638,23,FALSE) -> LUNKARANSAR | N175: =VLOOKUP(D175,'TS Gantry - AP47'!$C$8:$Z$638,24,FALSE) -> BIKANER
A176: =A175+1 -> 168 | B176: Mar'26 | C176: 1 | D176: 35/1 | E176: =VLOOKUP(D176,'TS Gantry - AP47'!$C$8:$D$646,2,0) -> DA+9 | F176: 45.697 | G176: 46078 | H176: 46083 | I176: M/s. Jwala Singh | J176: Narayan Mahto | K176: Rajasthan | L176: =VLOOKUP(D176,'TS Gantry - AP47'!$C$8:$X$638,22,FALSE) -> NAHARSARA | M176: =VLOOKUP(D176,'TS Gantry - AP47'!$C$8:$Y$638,23,FALSE) -> SARDARSHAHAR | N176: =VLOOKUP(D176,'TS Gantry - AP47'!$C$8:$Z$638,24,FALSE) -> CHURU
...

Sheet Tack Welding
A1: =Foundation!A1 -> KEC International Limited
A2: =Foundation!A2 -> 765 kV D/C Bikaner IV PS to Siwani II (Part-01) TL
A3: Details of Tack Welding | I3: ='Summary E'!M1 -> 46166
A4: CUMM. SR.NO | B4: MONTH SR.NO. | C4: Loc. No. | D4: Type of Tower | E4: Start | F4: Complete | G4: Name of the Gang | H4: Name of Supervisor | I4: Remarks
A5: 1 | B5: Mar'26 | C5: 20/5 | D5: =VLOOKUP(C5,'TS Gantry - AP47'!$C$8:$D$646,2,0) -> DA+0 | E5: 46104 | F5: 46104 | G5: RK Construction | H5: Mantu Biswas
A6: 2 | B6: Mar'26 | C6: 20/6 | D6: =VLOOKUP(C6,'TS Gantry - AP47'!$C$8:$D$646,2,0) -> DA+9 | E6: 46104 | F6: 46104 | G6: RK Construction | H6: Mantu Biswas
A7: 3 | B7: Mar'26 | C7: 20/7 | D7: =VLOOKUP(C7,'TS Gantry - AP47'!$C$8:$D$646,2,0) -> DA+0 | E7: 46105 | F7: 46105 | G7: RK Construction | H7: Mantu Biswas
A8: 4 | B8: Mar'26 | C8: 20/4 | D8: =VLOOKUP(C8,'TS Gantry - AP47'!$C$8:$D$646,2,0) -> DA+0 | E8: 46105 | F8: 46105 | G8: RK Construction | H8: Mantu Biswas
A9: 5 | B9: Mar'26 | C9: 20/3 | D9: =VLOOKUP(C9,'TS Gantry - AP47'!$C$8:$D$646,2,0) -> DA-3 | E9: 46106 | F9: 46106 | G9: RK Construction | H9: Mantu Biswas
A10: 6 | B10: Mar'26 | C10: 20/2 | D10: =VLOOKUP(C10,'TS Gantry - AP47'!$C$8:$D$646,2,0) -> DA+6 | E10: 46106 | F10: 46106 | G10: RK Construction | H10: Mantu Biswas
A11: 7 | B11: Mar'26 | C11: 20/1 | D11: =VLOOKUP(C11,'TS Gantry - AP47'!$C$8:$D$646,2,0) -> DA+6 | E11: 46107 | F11: 46107 | G11: RK Construction | H11: Mantu Biswas
A12: 8 | B12: Mar'26 | C12: 20/0 | D12: =VLOOKUP(C12,'TS Gantry - AP47'!$C$8:$D$646,2,0) -> DC1+6 | E12: 46108 | F12: 46108 | G12: RK Construction | H12: Mantu Biswas
A13: 9 | B13: Mar'26 | C13: 11/1 | D13: =VLOOKUP(C13,'TS Gantry - AP47'!$C$8:$D$646,2,0) -> DA-1.5 | E13: 46108 | F13: 46108 | G13: RK Construction | H13: Mantu Biswas
A14: 10 | B14: Mar'26 | C14: 11/2 | D14: =VLOOKUP(C14,'TS Gantry - AP47'!$C$8:$D$646,2,0) -> DA+3 | E14: 46109 | F14: 46109 | G14: RK Construction | H14: Mantu Biswas
A15: 11 | B15: Mar'26 | C15: 11/3 | D15: =VLOOKUP(C15,'TS Gantry - AP47'!$C$8:$D$646,2,0) -> DA+0 | E15: 46109 | F15: 46109 | G15: RK Construction | H15: Mantu Biswas
A16: 12 | B16: Mar'26 | C16: 11/4 | D16: =VLOOKUP(C16,'TS Gantry - AP47'!$C$8:$D$646,2,0) -> DA+3 | E16: 46110 | F16: 46110 | G16: RK Construction | H16: Mantu Biswas
... A83: 79 | B83: May'26 | C83: 8/4 | D83: =VLOOKUP(C83,'TS Gantry - AP47'!$C$8:$D$646,2,0) -> DA+3 | E83: 46164 | F83: 46164 | G83: RK Construction | H83: Dular Chand Mahto
A84: 80
A85: 81
A86: 82
A87: 83
A88: 84
A89: 85
A90: 86
A91: 87
A92: 88
A93: 89
A94: 90
A95: 91
... A223: 219

Sheet Visual Chart
B1: KEC INTERNATIONAL LIMITED
B2: TA-512 : 765kV D/C Bikaner IV PS to Siwani II (Part-1) TL | V2: Visual Chart | AQ2: =TODAY()-1 -> 46166
C4: S. No. | E4: Description | I4: UOM | K4: Total Qty | M4: Completed | P4: Balance | T4: Power Line Crossing | AC4: Stringing U/P | AL4: Stringing completed
C5: 1 | E5: Foundation | I5: Nos | K5: 319 | M5: =AU141 -> 303 | P5: =K5-M5 -> 16 | AC5: Tack Welding U/P | AL5: Tack Welding completed
C6: 2 | E6: Earthing Rod Type | I6: Nos | K6: 319 | M6: =M5 -> 303 | P6: =K6-M6 -> 16 | T6: NH / SH Crossing | AC6: Erection U/P | AJ6: 4 | AL6: Erection completed
C7: 3 | E7: Earthing Pipe/Counter Poise | I7: Nos | K7: 319 | M7: 269 | P7: =K7-M7 -> 50 | AA7: 1 | AC7: Foundation U/P | AL7: Foundation completed
C8: 4 | E8: Tower Erection | I8: Nos | K8: 319 | M8: 218 | P8: =K8-M8 -> 101 | T8: Railway Crossing | AC8: Angle Tower | AJ8: 3 | AL8: Angle Tower
C9: 5 | E9: Tack Welding | I9: Nos | K9: 319 | M9: 79 | P9: =K9-M9 -> 240 | AA9: 1 | AC9: Excavation U/P | AJ9: 2 | AL9: Excavation completed
C10: 6 | E10: Rough Sag | I10: KM | K10: 124.657 | P10: =K10-M10 -> 124.657 | T10: Canal | AL10: Earthing completed
C11: 7 | E11: Final Sag | I11: KM | K11: 124.657 | P11: =K11-M11 -> 124.657
S12: 1 | U12: 2 | W12: =U12+1 -> 3 | Y12: =W12+1 -> 4 | AA12: =Y12+1 -> 5 | AC12: =AA12+1 -> 6 | AE12: =AC12+1 -> 7 | AG12: =AE12+1 -> 8 | AI12: =AG12+1 -> 9 | AK12: =AI12+1 -> 10 | AM12: =AK12+1 -> 11 | AO12: =AM12+1 -> 12 | AQ12: =AO12+1 -> 13 | AS12: =AQ12+1 -> 14
D13: Hold Xing Proposal | H13: Immediate Work Stop By Power Grid | N13: Check Survey ROW | Q13: Gantry | S13: =VLOOKUP(S12,'TS Gantry - AP47'!$A$8:$C$638,3,FALSE) -> 1/0 | U13: =VLOOKUP(U12,'TS Gantry - AP47'!$A$10:$C$638,3,FALSE) -> 1/1 | W13: =VLOOKUP(W12,'TS Gantry - AP47'!$A$10:$C$638,3,FALSE) -> 1/2 | Y13: =VLOOKUP(Y12,'TS Gantry - AP47'!$A$10:$C$638,3,FALSE) -> 1A/0 | AA13: =VLOOKUP(AA12,'TS Gantry - AP47'!$A$10:$C$638,3,FALSE) -> 1A/1 | AC13: =VLOOKUP(AC12,'TS Gantry - AP47'!$A$10:$C$638,3,FALSE) -> 1A/2 | AE13: =VLOOKUP(AE12,'TS Gantry - AP47'!$A$10:$C$638,3,FALSE) -> 1A/3 | AG13: =VLOOKUP(AG12,'TS Gantry - AP47'!$A$10:$C$638,3,FALSE) -> 2/0 | AI13: =VLOOKUP(AI12,'TS Gantry - AP47'!$A$10:$C$638,3,FALSE) -> 2/1 | AK13: =VLOOKUP(AK12,'TS Gantry - AP47'!$A$10:$C$638,3,FALSE) -> 2/2 | AM13: =VLOOKUP(AM12,'TS Gantry - AP47'!$A$10:$C$638,3,FALSE) -> 2/3 | AO13: =VLOOKUP(AO12,'TS Gantry - AP47'!$A$10:$C$638,3,FALSE) -> 2/4 | AQ13: =VLOOKUP(AQ12,'TS Gantry - AP47'!$A$10:$C$638,3,FALSE) -> 2/5 | AS13: =VLOOKUP(AS12,'TS Gantry - AP47'!$A$10:$C$638,3,FALSE) -> 2/6
T14: 220kV
D15: Foundation ROW | T15: OHTL
M16: Bikaner-IV Gantry | R16: =VLOOKUP(Q13,'TS Gantry - AP47'!$C$8:$E$638,3,FALSE) -> 146 | T16: =VLOOKUP(S13,'TS Gantry - AP47'!$C$8:$E$638,3,FALSE) -> 289 | V16: =VLOOKUP(U13,'TS Gantry - AP47'!$C$8:$E$638,3,FALSE) -> 408 | X16: =VLOOKUP(W13,'TS Gantry - AP47'!$C$8:$E$638,3,FALSE) -> 382.118 | Y16: 1 | Z16: =VLOOKUP(Y13,'TS Gantry - AP47'!$C$8:$E$638,3,FALSE) -> 360 | AA16: 3 | AB16: =VLOOKUP(AA13,'TS Gantry - AP47'!$C$8:$E$638,3,FALSE) -> 384 | AC16: 3 | AD16: =VLOOKUP(AC13,'TS Gantry - AP47'!$C$8:$E$638,3,FALSE) -> 385 | AE16: 3 | AF16: =VLOOKUP(AE13,'TS Gantry - AP47'!$C$8:$E$638,3,FALSE) -> 370.347 | AG16: 3 | AH16: =VLOOKUP(AG13,'TS Gantry - AP47'!$C$8:$E$638,3,FALSE) -> 351 | AI16: 3 | AJ16: =VLOOKUP(AI13,'TS Gantry - AP47'!$C$8:$E$638,3,FALSE) -> 420 | AK16: 3 | AL16: =VLOOKUP(AK13,'TS Gantry - AP47'!$C$8:$E$638,3,FALSE) -> 419 | AM16: 3 | AN16: =VLOOKUP(AM13,'TS Gantry - AP47'!$C$8:$E$638,3,FALSE) -> 350 | AO16: 3 | AP16: =VLOOKUP(AO13,'TS Gantry - AP47'!$C$8:$E$638,3,FALSE) -> 445 | AQ16: 3 | AR16: =VLOOKUP(AQ13,'TS Gantry - AP47'!$C$8:$E$638,3,FALSE) -> 384 | AS16: 3 | AT16: =VLOOKUP(AS13,'TS Gantry - AP47'!$C$8:$E$638,3,FALSE) -> 440.898 | AU16: =COUNTIF(P16:AT16,"3") -> 10
D17: Erection ROW | H17: Stringing ROW | Y17: 2 | AA17: 2 | AC17: 2 | AE17: 2 | AG17: 2 | AI17: 2 | AK17: 2 | AM17: 2 | AO17: 2 | AQ17: 2 | AS17: 2
Q18: =VLOOKUP(Q13,'TS Gantry - AP47'!$C$8:$D$638,2,FALSE) -> Gantry | S18: =VLOOKUP(S13,'TS Gantry - AP47'!$C$8:$D$638,2,FALSE) -> DD60+3 | U18: =VLOOKUP(U13,'TS Gantry - AP47'!$C$8:$D$638,2,FALSE) -> DB1+18 | W18: =VLOOKUP(W13,'TS Gantry - AP47'!$C$8:$D$638,2,FALSE) -> DA+0 | Y18: =VLOOKUP(Y13,'TS Gantry - AP47'!$C$8:$D$638,2,FALSE) -> DD45+0 | AA18: =VLOOKUP(AA13,'TS Gantry - AP47'!$C$8:$D$638,2,FALSE) -> DA-1.5 | AC18: =VLOOKUP(AC13,'TS Gantry - AP47'!$C$8:$D$638,2,FALSE) -> DA-1.5 | AE18: =VLOOKUP(AE13,'TS Gantry - AP47'!$C$8:$D$638,2,FALSE) -> DA-3 | AG18: =VLOOKUP(AG13,'TS Gantry - AP47'!$C$8:$D$638,2,FALSE) -> DD60+3 | AI18: =VLOOKUP(AI13,'TS Gantry - AP47'!$C$8:$D$638,2,FALSE) -> DA+6 | AK18: =VLOOKUP(AK13,'TS Gantry - AP47'!$C$8:$D$638,2,FALSE) -> DA+9 | AM18: =VLOOKUP(AM13,'TS Gantry - AP47'!$C$8:$D$638,2,FALSE) -> DA+9 | AO18: =VLOOKUP(AO13,'TS Gantry - AP47'!$C$8:$D$638,2,FALSE) -> DA+9 | AQ18: =VLOOKUP(AQ13,'TS Gantry - AP47'!$C$8:$D$638,2,FALSE) -> DA+0 | AS18: =VLOOKUP(AS13,'TS Gantry - AP47'!$C$8:$D$638,2,FALSE) -> DA+9
T19: ACME
C20: =AS12+1 -> 15 | E20: =C20+1 -> 16 | G20: =E20+1 -> 17 | I20: =G20+1 -> 18 | K20: =I20+1 -> 19 | M20: =K20+1 -> 20 | O20: =M20+1 -> 21 | Q20: =O20+1 -> 22 | S20: =Q20+1 -> 23 | U20: =S20+1 -> 24 | W20: =U20+1 -> 25 | Y20: =W20+1 -> 26 | AA20: =Y20+1 -> 27 | AC20: =AA20+1 -> 28 | AE20: =AC20+1 -> 29 | AG20: =AE20+1 -> 30 | AI20: =AG20+1 -> 31 | AK20: =AI20+1 -> 32 | AM20: =AK20+1 -> 33 | AO20: =AM20+1 -> 34 | AQ20: =AO20+1 -> 35 | AS20: =AQ20+1 -> 36
C21: =VLOOKUP(C20,'TS Gantry - AP47'!$A$8:$C$638,3,FALSE) -> 2A/0 | E21: =VLOOKUP(E20,'TS Gantry - AP47'!$A$8:$C$638,3,FALSE) -> 2A/1 | G21: =VLOOKUP(G20,'TS Gantry - AP47'!$A$8:$C$638,3,FALSE) -> 2A/2 | I21: =VLOOKUP(I20,'TS Gantry - AP47'!$A$8:$C$638,3,FALSE) -> 2A/3 | K21: =VLOOKUP(K20,'TS Gantry - AP47'!$A$8:$C$638,3,FALSE) -> 2A/4 | M21: =VLOOKUP(M20,'TS Gantry - AP47'!$A$8:$C$638,3,FALSE) -> 2A/5 | O21: =VLOOKUP(O20,'TS Gantry - AP47'!$A$8:$C$638,3,FALSE) -> 3/0 | Q21: =VLOOKUP(Q20,'TS Gantry - AP47'!$A$8:$C$638,3,FALSE) -> 3/1 | S21: =VLOOKUP(S20,'TS Gantry - AP47'!$A$8:$C$638,3,FALSE) -> 3/2 | U21: =VLOOKUP(U20,'TS Gantry - AP47'!$A$8:$C$638,3,FALSE) -> 3/3 | W21: =VLOOKUP(W20,'TS Gantry - AP47'!$A$8:$C$638,3,FALSE) -> 3/4 | Y21: =VLOOKUP(Y20,'TS Gantry - AP47'!$A$8:$C$638,3,FALSE) -> 3/5 | AA21: =VLOOKUP(AA20,'TS Gantry - AP47'!$A$8:$C$638,3,FALSE) -> 3/6 | AC21: =VLOOKUP(AC20,'TS Gantry - AP47'!$A$8:$C$638,3,FALSE) -> 3/7 | AE21: =VLOOKUP(AE20,'TS Gantry - AP47'!$A$8:$C$638,3,FALSE) -> 3A/0 | AG21: =VLOOKUP(AG20,'TS Gantry - AP47'!$A$8:$C$638,3,FALSE) -> 3A/1 | AI21: =VLOOKUP(AI20,'TS Gantry - AP47'!$A$8:$C$638,3,FALSE) -> 3A/2 | AK21: =VLOOKUP(AK20,'TS Gantry - AP47'!$A$8:$C$638,3,FALSE) -> 3A/3 | AM21: =VLOOKUP(AM20,'TS Gantry - AP47'!$A$8:$C$638,3,FALSE) -> 4/0 | AO21: =VLOOKUP(AO20,'TS Gantry - AP47'!$A$8:$C$638,3,FALSE) -> 4/1 | AQ21: =VLOOKUP(AQ20,'TS Gantry - AP47'!$A$8:$C$638,3,FALSE) -> 4/2 | AS21: =VLOOKUP(AS20,'TS Gantry - AP47'!$A$8:$C$638,3,FALSE) -> 4/3
C24: 3 | D24: =VLOOKUP(C21,'TS Gantry - AP47'!$C$8:$E$638,3,FALSE) -> 367 | E24: 3 | F24: =VLOOKUP(E21,'TS Gantry - AP47'!$C$8:$E$638,3,FALSE) -> 412 | G24: 3 | H24: =VLOOKUP(G21,'TS Gantry - AP47'!$C$8:$E$638,3,FALSE) -> 426 | I24: 3 | J24: =VLOOKUP(I21,'TS Gantry - AP47'!$C$8:$E$638,3,FALSE) -> 414 | K24: 3 | L24: =VLOOKUP(K21,'TS Gantry - AP47'!$C$8:$E$638,3,FALSE) -> 400 | M24: 3 | N24: =VLOOKUP(M21,'TS Gantry - AP47'!$C$8:$E$638,3,FALSE) -> 434.969 | O24: 3 | P24: =VLOOKUP(O21,'TS Gantry - AP47'!$C$8:$E$638,3,FALSE) -> 480 | Q24: 3 | R24: =VLOOKUP(Q21,'TS Gantry - AP47'!$C$8:$E$638,3,FALSE) -> 482 | S24: 3 | T24: =VLOOKUP(S21,'TS Gantry - AP47'!$C$8:$E$638,3,FALSE) -> 358 | U24: 3 | V24: =VLOOKUP(U21,'TS Gantry - AP47'!$C$8:$E$638,3,FALSE) -> 325 | W24: 3 | X24: =VLOOKUP(W21,'TS Gantry - AP47'!$C$8:$E$638,3,FALSE) -> 406 | Y24: 3 | Z24: =VLOOKUP(Y21,'TS Gantry - AP47'!$C$8:$E$638,3,FALSE) -> 385 | AA24: 3 | AB24: =VLOOKUP(AA21,'TS Gantry - AP47'!$C$8:$E$638,3,FALSE) -> 404 | AC24: 3 | AD24: =VLOOKUP(AC21,'TS Gantry - AP47'!$C$8:$E$638,3,FALSE) -> 409.269 | AE24: 3 | AF24: =VLOOKUP(AE21,'TS Gantry - AP47'!$C$8:$E$638,3,FALSE) -> 359 | AG24: 3 | AH24: =VLOOKUP(AG21,'TS Gantry - AP47'!$C$8:$E$638,3,FALSE) -> 349 | AI24: 3 | AJ24: =VLOOKUP(AI21,'TS Gantry - AP47'!$C$8:$E$638,3,FALSE) -> 347 | AK24: 3 | AL24: =VLOOKUP(AK21,'TS Gantry - AP47'!$C$8:$E$638,3,FALSE) -> 378.992 | AM24: 3 | AN24: =VLOOKUP(AM21,'TS Gantry - AP47'!$C$8:$E$638,3,FALSE) -> 367 | AO24: 3 | AP24: =VLOOKUP(AO21,'TS Gantry - AP47'!$C$8:$E$638,3,FALSE) -> 406 | AQ24: 3 | AR24: =VLOOKUP(AQ21,'TS Gantry - AP47'!$C$8:$E$638,3,FALSE) -> 434 | AS24: 3 | AT24: =VLOOKUP(AS21,'TS Gantry - AP47'!$C$8:$E$638,3,FALSE) -> 404 | AU24: =COUNTIF(B24:AT24,"3") -> 22
C25: 2 | E25: 2 | G25: 2 | I25: 2 | K25: 2 | M25: 2 | O25: 2 | Q25: 2 | S25: 2 | U25: 2 | W25: 2 | Y25: 2 | AA25: 2 | AC25: 2 | AE25: 2 | AG25: 2 | AI25: 2 | AK25: 2 | AM25: 2 | AO25: 2 | AQ25: 2 | AS25: 2
C26: =VLOOKUP(C21,'TS Gantry - AP47'!$C$8:$D$638,2,FALSE) -> DB2+3 | E26: =VLOOKUP(E21,'TS Gantry - AP47'!$C$8:$D$638,2,FALSE) -> DA+9 | G26: =VLOOKUP(G21,'TS Gantry - AP47'!$C$8:$D$638,2,FALSE) -> DA-1.5 | I26: =VLOOKUP(I21,'TS Gantry - AP47'!$C$8:$D$638,2,FALSE) -> DA+3 | K26: =VLOOKUP(K21,'TS Gantry - AP47'!$C$8:$D$638,2,FALSE) -> DA+9 | M26: =VLOOKUP(M21,'TS Gantry - AP47'!$C$8:$D$638,2,FALSE) -> DA+9 | O26: =VLOOKUP(O21,'TS Gantry - AP47'!$C$8:$D$638,2,FALSE) -> DC2+9 | Q26: =VLOOKUP(Q21,'TS Gantry - AP47'!$C$8:$D$638,2,FALSE) -> DB1+9 | S26: =VLOOKUP(S21,'TS Gantry - AP47'!$C$8:$D$638,2,FALSE) -> DA+9 | U26: =VLOOKUP(U21,'TS Gantry - AP47'!$C$8:$D$638,2,FALSE) -> DA+9 | W26: =VLOOKUP(W21,'TS Gantry - AP47'!$C$8:$D$638,2,FALSE) -> DA-1.5 | Y26: =VLOOKUP(Y21,'TS Gantry - AP47'!$C$8:$D$638,2,FALSE) -> DA+6 | AA26: =VLOOKUP(AA21,'TS Gantry - AP47'!$C$8:$D$638,2,FALSE) -> DA+3 | AC26: =VLOOKUP(AC21,'TS Gantry - AP47'!$C$8:$D$638,2,FALSE) -> DA+3 | AE26: =VLOOKUP(AE21,'TS Gantry - AP47'!$C$8:$D$638,2,FALSE) -> DD45+0 | AG26: =VLOOKUP(AG21,'TS Gantry - AP47'!$C$8:$D$638,2,FALSE) -> DA+0 | AI26: =VLOOKUP(AI21,'TS Gantry - AP47'!$C$8:$D$638,2,FALSE) -> DA-1.5 | AK26: =VLOOKUP(AK21,'TS Gantry - AP47'!$C$8:$D$638,2,FALSE) -> DA-1.5 | AM26: =VLOOKUP(AM21,'TS Gantry - AP47'!$C$8:$D$638,2,FALSE) -> DB2+0 | AO26: =VLOOKUP(AO21,'TS Gantry - AP47'!$C$8:$D$638,2,FALSE) -> DA-3 | AQ26: =VLOOKUP(AQ21,'TS Gantry - AP47'!$C$8:$D$638,2,FALSE) -> DA+6 | AS26: =VLOOKUP(AS21,'TS Gantry - AP47'!$C$8:$D$638,2,FALSE) -> DA-3
C28: =AS20+1 -> 37 | E28: =C28+1 -> 38 | G28: =E28+1 -> 39 | I28: =G28+1 -> 40 | K28: =I28+1 -> 41 | M28: =K28+1 -> 42 | O28: =M28+1 -> 43 | Q28: =O28+1 -> 44 | S28: =Q28+1 -> 45 | U28: =S28+1 -> 46 | W28: =U28+1 -> 47 | Y28: =W28+1 -> 48 | AA28: =Y28+1 -> 49 | AC28: =AA28+1 -> 50 | AE28: =AC28+1 -> 51 | AG28: =AE28+1 -> 52 | AI28: =AG28+1 -> 53 | AK28: =AI28+1 -> 54 | AM28: =AK28+1 -> 55 | AO28: =AM28+1 -> 56 | AQ28: =AO28+1 -> 57 | AS28: =AQ28+1 -> 58
C29: =VLOOKUP(C28,'TS Gantry - AP47'!$A$8:$C$638,3,FALSE) -> 4/4 | E29: =VLOOKUP(E28,'TS Gantry - AP47'!$A$8:$C$638,3,FALSE) -> 4/5 | G29: =VLOOKUP(G28,'TS Gantry - AP47'!$A$8:$C$638,3,FALSE) -> 4/6 | I29: =VLOOKUP(I28,'TS Gantry - AP47'!$A$8:$C$638,3,FALSE) -> 4/7 | K29: =VLOOKUP(K28,'TS Gantry - AP47'!$A$8:$C$638,3,FALSE) -> 4/8 | M29: =VLOOKUP(M28,'TS Gantry - AP47'!$A$8:$C$638,3,FALSE) -> 4/9 | O29: =VLOOKUP(O28,'TS Gantry - AP47'!$A$8:$C$638,3,FALSE) -> 4/10 | Q29: =VLOOKUP(Q28,'TS Gantry - AP47'!$A$8:$C$638,3,FALSE) -> 4/11 | S29: =VLOOKUP(S28,'TS Gantry - AP47'!$A$8:$C$638,3,FALSE) -> 4/12 | U29: =VLOOKUP(U28,'TS Gantry - AP47'!$A$8:$C$638,3,FALSE) -> 4/13 | W29: =VLOOKUP(W28,'TS Gantry - AP47'!$A$8:$C$638,3,FALSE) -> 4/14 | Y29: =VLOOKUP(Y28,'TS Gantry - AP47'!$A$8:$C$638,3,FALSE) -> 5/0 | AA29: =VLOOKUP(AA28,'TS Gantry - AP47'!$A$8:$C$638,3,FALSE) -> 5/1 | AC29: =VLOOKUP(AC28,'TS Gantry - AP47'!$A$8:$C$638,3,FALSE) -> 5/2 | AE29: =VLOOKUP(AE28,'TS Gantry - AP47'!$A$8:$C$638,3,FALSE) -> 5/3 | AG29: =VLOOKUP(AG28,'TS Gantry - AP47'!$A$8:$C$638,3,FALSE) -> 5/4 | AI29: =VLOOKUP(AI28,'TS Gantry - AP47'!$A$8:$C$638,3,FALSE) -> 5/5 | AK29: =VLOOKUP(AK28,'TS Gantry - AP47'!$A$8:$C$638,3,FALSE) -> 5/6 | AM29: =VLOOKUP(AM28,'TS Gantry - AP47'!$A$8:$C$638,3,FALSE) -> 5/7 | AO29: =VLOOKUP(AO28,'TS Gantry - AP47'!$A$8:$C$638,3,FALSE) -> 5/8 | AQ29: =VLOOKUP(AQ28,'TS Gantry - AP47'!$A$8:$C$638,3,FALSE) -> 5/9 | AS29: =VLOOKUP(AS28,'TS Gantry - AP47'!$A$8:$C$638,3,FALSE) -> 5/10
C32: 3 | D32: =VLOOKUP(C29,'TS Gantry - AP47'!$C$8:$E$638,3,FALSE) -> 387 | E32: 3 | F32: =VLOOKUP(E29,'TS Gantry - AP47'!$C$8:$E$638,3,FALSE) -> 442 | G32: 3 | H32: =VLOOKUP(G29,'TS Gantry - AP47'!$C$8:$E$638,3,FALSE) -> 398 | I32: 3 | J32: =VLOOKUP(I29,'TS Gantry - AP47'!$C$8:$E$638,3,FALSE) -> 442 | K32: 3 | L32: =VLOOKUP(K29,'TS Gantry - AP47'!$C$8:$E$638,3,FALSE) -> 376 | M32: 3 | N32: =VLOOKUP(M29,'TS Gantry - AP47'!$C$8:$E$638,3,FALSE) -> 464 | O32: 3 | P32: =VLOOKUP(O29,'TS Gantry - AP47'!$C$8:$E$638,3,FALSE) -> 365 | Q32: 3 | R32: =VLOOKUP(Q29,'TS Gantry - AP47'!$C$8:$E$638,3,FALSE) -> 406 | S32: 3 | T32: =VLOOKUP(S29,'TS Gantry - AP47'!$C$8:$E$638,3,FALSE) -> 419 | U32: 3 | V32: =VLOOKUP(U29,'TS Gantry - AP47'!$C$8:$E$638,3,FALSE) -> 400 | W32: 3 | X32: =VLOOKUP(W29,'TS Gantry - AP47'!$C$8:$E$638,3,FALSE) -> 379.424 | Y32: 3 | Z32: =VLOOKUP(Y29,'TS Gantry - AP47'!$C$8:$E$638,3,FALSE) -> 420 | AA32: 3 | AB32: =VLOOKUP(AA29,'TS Gantry - AP47'!$C$8:$E$638,3,FALSE) -> 419 | AC32: 3 | AD32: =VLOOKUP(AC29,'TS Gantry - AP47'!$C$8:$E$638,3,FALSE) -> 421 | AE32: 3 | AF32: =VLOOKUP(AE29,'TS Gantry - AP47'!$C$8:$E$638,3,FALSE) -> 417 | AG32: 3 | AH32: =VLOOKUP(AG29,'TS Gantry - AP47'!$C$8:$E$638,3,FALSE) -> 419 | AI32: 3 | AJ32: =VLOOKUP(AI29,'TS Gantry - AP47'!$C$8:$E$638,3,FALSE) -> 419 | AK32: 3 | AL32: =VLOOKUP(AK29,'TS Gantry - AP47'!$C$8:$E$638,3,FALSE) -> 420 | AM32: 3 | AN32: =VLOOKUP(AM29,'TS Gantry - AP47'!$C$8:$E$638,3,FALSE) -> 419 | AO32: 3 | AP32: =VLOOKUP(AO29,'TS Gantry - AP47'!$C$8:$E$638,3,FALSE) -> 420 | AQ32: 3 | AR32: =VLOOKUP(AQ29,'TS Gantry - AP47'!$C$8:$E$638,3,FALSE) -> 419 | AS32: 3 | AT32: =VLOOKUP(AS29,'TS Gantry - AP47'!$C$8:$E$638,3,FALSE) -> 419 | AU32: =COUNTIF(B32:AT32,"3") -> 22
C33: 2 | E33: 2 | G33: 2 | I33: 2 | K33: 2 | M33: 2 | O33: 2 | Q33: 2 | S33: 2 | U33: 2 | W33: 2 | Y33: 2 | AA33: 2 | AC33: 2 | AE33: 2 | AG33: 2 | AI33: 2 | AK33: 2 | AM33: 2 | AO33: 2 | AQ33: 2 | AS33: 2
C34: =VLOOKUP(C29,'TS Gantry - AP47'!$C$8:$D$638,2,FALSE) -> DA+9 | E34: =VLOOKUP(E29,'TS Gantry - AP47'!$C$8:$D$638,2,FALSE) -> DA+9 | G34: =VLOOKUP(G29,'TS Gantry - AP47'!$C$8:$D$638,2,FALSE) -> DA+3 | I34: =VLOOKUP(I29,'TS Gantry - AP47'!$C$8:$D$638,2,FALSE) -> DB1+0 | K34: =VLOOKUP(K29,'TS Gantry - AP47'!$C$8:$D$638,2,FALSE) -> DA+9 | M34: =VLOOKUP(M29,'TS Gantry - AP47'!$C$8:$D$638,2,FALSE) -> DA+3 | O34: =VLOOKUP(O29,'TS Gantry - AP47'!$C$8:$D$638,2,FALSE) -> DA-1.5 | Q34: =VLOOKUP(Q29,'TS Gantry - AP47'!$C$8:$D$638,2,FALSE) -> DA+0 | S34: =VLOOKUP(S29,'TS Gantry - AP47'!$C$8:$D$638,2,FALSE) -> DA+3 | U34: =VLOOKUP(U29,'TS Gantry - AP47'!$C$8:$D$638,2,FALSE) -> DA+0 | W34: =VLOOKUP(W29,'TS Gantry - AP47'!$C$8:$D$638,2,FALSE) -> DA+3 | Y34: =VLOOKUP(Y29,'TS Gantry - AP47'!$C$8:$D$638,2,FALSE) -> DB1+0 | AA34: =VLOOKUP(AA29,'TS Gantry - AP47'!$C$8:$D$638,2,FALSE) -> DA+6 | AC34: =VLOOKUP(AC29,'TS Gantry - AP47'!$C$8:$D$638,2,FALSE) -> DA+0 | AE34: =VLOOKUP(AE29,'TS Gantry - AP47'!$C$8:$D$638,2,FALSE) -> DA+3 | AG34: =VLOOKUP(AG29,'TS Gantry - AP47'!$C$8:$D$638,2,FALSE) -> DA+3 | AI34: =VLOOKUP(AI29,'TS Gantry - AP47'!$C$8:$D$638,2,FALSE) -> DA+6 | AK34: =VLOOKUP(AK29,'TS Gantry - AP47'!$C$8:$D$638,2,FALSE) -> DA+6 | AM34: =VLOOKUP(AM29,'TS Gantry - AP47'!$C$8:$D$638,2,FALSE) -> DB1+3 | AO34: =VLOOKUP(AO29,'TS Gantry - AP47'!$C$8:$D$638,2,FALSE) -> DA+6 | AQ34: =VLOOKUP(AQ29,'TS Gantry - AP47'!$C$8:$D$638,2,FALSE) -> DA+3 | AS34: =VLOOKUP(AS29,'TS Gantry - AP47'!$C$8:$D$638,2,FALSE) -> DA+3
C36: =AS28+1 -> 59 | E36: =C36+1 -> 60 | G36: =E36+1 -> 61 | I36: =G36+1 -> 62 | K36: =I36+1 -> 63 | M36: =K36+1 -> 64 | O36: =M36+1 -> 65 | Q36: =O36+1 -> 66 | S36: =Q36+1 -> 67 | U36: =S36+1 -> 68 | W36: =U36+1 -> 69 | Y36: =W36+1 -> 70 | AA36: =Y36+1 -> 71 | AC36: =AA36+1 -> 72 | AE36: =AC36+1 -> 73 | AG36: =AE36+1 -> 74 | AI36: =AG36+1 -> 75 | AK36: =AI36+1 -> 76 | AM36: =AK36+1 -> 77 | AO36: =AM36+1 -> 78 | AQ36: =AO36+1 -> 79 | AS36: =AQ36+1 -> 80
C37: =VLOOKUP(C36,'TS Gantry - AP47'!$A$8:$C$638,3,FALSE) -> 5/11 | E37: =VLOOKUP(E36,'TS Gantry - AP47'!$A$8:$C$638,3,FALSE) -> 6/0 | G37: =VLOOKUP(G36,'TS Gantry - AP47'!$A$8:$C$638,3,FALSE) -> 6/1 | I37: =VLOOKUP(I36,'TS Gantry - AP47'!$A$8:$C$638,3,FALSE) -> 6/2 | K37: =VLOOKUP(K36,'TS Gantry - AP47'!$A$8:$C$638,3,FALSE) -> 6/3 | M37: =VLOOKUP(M36,'TS Gantry - AP47'!$A$8:$C$638,3,FALSE) -> 6/4 | O37: =VLOOKUP(O36,'TS Gantry - AP47'!$A$8:$C$638,3,FALSE) -> 6/5 | Q37: =VLOOKUP(Q36,'TS Gantry - AP47'!$A$8:$C$638,3,FALSE) -> 6/6 | S37: =VLOOKUP(S36,'TS Gantry - AP47'!$A$8:$C$638,3,FALSE) -> 6/7 | U37: =VLOOKUP(U36,'TS Gantry - AP47'!$A$8:$C$638,3,FALSE) -> 6/8 | W37: =VLOOKUP(W36,'TS Gantry - AP47'!$A$8:$C$638,3,FALSE) -> 6/9 | Y37: =VLOOKUP(Y36,'TS Gantry - AP47'!$A$8:$C$638,3,FALSE) -> 6/10 | AA37: =VLOOKUP(AA36,'TS Gantry - AP47'!$A$8:$C$638,3,FALSE) -> 7/0 | AC37: =VLOOKUP(AC36,'TS Gantry - AP47'!$A$8:$C$638,3,FALSE) -> 7/1 | AE37: =VLOOKUP(AE36,'TS Gantry - AP47'!$A$8:$C$638,3,FALSE) -> 7/2 | AG37: =VLOOKUP(AG36,'TS Gantry - AP47'!$A$8:$C$638,3,FALSE) -> 7/3 | AI37: =VLOOKUP(AI36,'TS Gantry - AP47'!$A$8:$C$638,3,FALSE) -> 7/4 | AK37: =VLOOKUP(AK36,'TS Gantry - AP47'!$A$8:$C$638,3,FALSE) -> 7/5 | AM37: =VLOOKUP(AM36,'TS Gantry - AP47'!$A$8:$C$638,3,FALSE) -> 7/6 | AO37: =VLOOKUP(AO36,'TS Gantry - AP47'!$A$8:$C$638,3,FALSE) -> 7/7 | AQ37: =VLOOKUP(AQ36,'TS Gantry - AP47'!$A$8:$C$638,3,FALSE) -> 7/8 | AS37: =VLOOKUP(AS36,'TS Gantry - AP47'!$A$8:$C$638,3,FALSE) -> 7/9
C40: 3 | D40: =VLOOKUP(C37,'TS Gantry - AP47'!$C$8:$E$638,3,FALSE) -> 419.406 | E40: 3 | F40: =VLOOKUP(E37,'TS Gantry - AP47'!$C$8:$E$638,3,FALSE) -> 403 | G40: 3 | H40: =VLOOKUP(G37,'TS Gantry - AP47'!$C$8:$E$638,3,FALSE) -> 437 | I40: 3 | J40: =VLOOKUP(I37,'TS Gantry - AP47'!$C$8:$E$638,3,FALSE) -> 403 | K40: 3 | L40: =VLOOKUP(K37,'TS Gantry - AP47'!$C$8:$E$638,3,FALSE) -> 437 | M40: 3 | N40: =VLOOKUP(M37,'TS Gantry - AP47'!$C$8:$E$638,3,FALSE) -> 363 | O40: 3 | P40: =VLOOKUP(O37,'TS Gantry - AP47'!$C$8:$E$638,3,FALSE) -> 469 | Q40: 3 | R40: =VLOOKUP(Q37,'TS Gantry - AP47'!$C$8:$E$638,3,FALSE) -> 403 | S40: 3 | T40: =VLOOKUP(S37,'TS Gantry - AP47'!$C$8:$E$638,3,FALSE) -> 432 | U40: 3 | V40: =VLOOKUP(U37,'TS Gantry - AP47'!$C$8:$E$638,3,FALSE) -> 407 | W40: 3 | X40: =VLOOKUP(W37,'TS Gantry - AP47'!$C$8:$E$638,3,FALSE) -> 427 | Y40: 3 | Z40: =VLOOKUP(Y37,'TS Gantry - AP47'!$C$8:$E$638,3,FALSE) -> 385.067 | AA40: 3 | AB40: =VLOOKUP(AA37,'TS Gantry - AP47'!$C$8:$E$638,3,FALSE) -> 444 | AC40: 3 | AD40: =VLOOKUP(AC37,'TS Gantry - AP47'!$C$8:$E$638,3,FALSE) -> 394 | AE40: 3 | AF40: =VLOOKUP(AE37,'TS Gantry - AP47'!$C$8:$E$638,3,FALSE) -> 367 | AG40: 3 | AH40: =VLOOKUP(AG37,'TS Gantry - AP47'!$C$8:$E$638,3,FALSE) -> 388 | AI40: 3 | AJ40: =VLOOKUP(AI37,'TS Gantry - AP47'!$C$8:$E$638,3,FALSE) -> 389 | AK40: 3 | AL40: =VLOOKUP(AK37,'TS Gantry - AP47'!$C$8:$E$638,3,FALSE) -> 385 | AM40: 3 | AN40: =VLOOKUP(AM37,'TS Gantry - AP47'!$C$8:$E$638,3,FALSE) -> 389 | AO40: 3 | AP40: =VLOOKUP(AO37,'TS Gantry - AP47'!$C$8:$E$638,3,FALSE) -> 395 | AQ40: 3 | AR40: =VLOOKUP(AQ37,'TS Gantry - AP47'!$C$8:$E$638,3,FALSE) -> 432 | AS40: 3 | AT40: =VLOOKUP(AS37,'TS Gantry - AP47'!$C$8:$E$638,3,FALSE) -> 371 | AU40: =COUNTIF(B40:AT40,"3") -> 22
C41: 2 | E41: 2 | G41: 2 | I41: 2 | K41: 2 | M41: 2 | O41: 2 | Q41: 2 | S41: 2 | U41: 2 | W41: 2 | Y41: 2 | AA41: 2 | AC41: 2 | AE41: 2 | AG41: 2 | AI41: 2 | AK41: 2 | AM41: 2 | AO41: 2 | AQ41: 2 | AS41: 2
C42: =VLOOKUP(C37,'TS Gantry - AP47'!$C$8:$D$638,2,FALSE) -> DA+9 | E42: =VLOOKUP(E37,'TS Gantry - AP47'!$C$8:$D$638,2,FALSE) -> DB1+0 | G42: =VLOOKUP(G37,'TS Gantry - AP47'!$C$8:$D$638,2,FALSE) -> DA+3 | I42: =VLOOKUP(I37,'TS Gantry - AP47'!$C$8:$D$638,2,FALSE) -> DA+3 | K42: =VLOOKUP(K37,'TS Gantry - AP47'!$C$8:$D$638,2,FALSE) -> DA+6 | M42: =VLOOKUP(M37,'TS Gantry - AP47'!$C$8:$D$638,2,FALSE) -> DA+3 | O42: =VLOOKUP(O37,'TS Gantry - AP47'!$C$8:$D$638,2,FALSE) -> DA+9 | Q42: =VLOOKUP(Q37,'TS Gantry - AP47'!$C$8:$D$638,2,FALSE) -> DB1+3 | S42: =VLOOKUP(S37,'TS Gantry - AP47'!$C$8:$D$638,2,FALSE) -> DA+0 | U42: =VLOOKUP(U37,'TS Gantry - AP47'!$C$8:$D$638,2,FALSE) -> DA+6 | W42: =VLOOKUP(W37,'TS Gantry - AP47'!$C$8:$D$638,2,FALSE) -> DA+3 | Y42: =VLOOKUP(Y37,'TS Gantry - AP47'!$C$8:$D$638,2,FALSE) -> DA+6 | AA42: =VLOOKUP(AA37,'TS Gantry - AP47'!$C$8:$D$638,2,FALSE) -> DB1+3 | AC42: =VLOOKUP(AC37,'TS Gantry - AP47'!$C$8:$D$638,2,FALSE) -> DA+6 | AE42: =VLOOKUP(AE37,'TS Gantry - AP47'!$C$8:$D$638,2,FALSE) -> DA-1.5 | AG42: =VLOOKUP(AG37,'TS Gantry - AP47'!$C$8:$D$638,2,FALSE) -> DA+0 | AI42: =VLOOKUP(AI37,'TS Gantry - AP47'!$C$8:$D$638,2,FALSE) -> DA+0 | AK42: =VLOOKUP(AK37,'TS Gantry - AP47'!$C$8:$D$638,2,FALSE) -> DA-1.5 | AM42: =VLOOKUP(AM37,'TS Gantry - AP47'!$C$8:$D$638,2,FALSE) -> DA+0 | AO42: =VLOOKUP(AO37,'TS Gantry - AP47'!$C$8:$D$638,2,FALSE) -> DA-1.5 | AQ42: =VLOOKUP(AQ37,'TS Gantry - AP47'!$C$8:$D$638,2,FALSE) -> DA+3 | AS42: =VLOOKUP(AS37,'TS Gantry - AP47'!$C$8:$D$638,2,FALSE) -> DA+3
C44: =AS36+1 -> 81 | E44: =C44+1 -> 82 | G44: =E44+1 -> 83 | I44: =G44+1 -> 84 | K44: =I44+1 -> 85 | M44: =K44+1 -> 86 | O44: =M44+1 -> 87 | Q44: =O44+1 -> 88 | S44: =Q44+1 -> 89 | U44: =S44+1 -> 90 | W44: =U44+1 -> 91 | Y44: =W44+1 -> 92 | AA44: =Y44+1 -> 93 | AC44: =AA44+1 -> 94 | AE44: =AC44+1 -> 95 | AG44: =AE44+1 -> 96 | AI44: =AG44+1 -> 97 | AK44: =AI44+1 -> 98 | AM44: =AK44+1 -> 99 | AO44: =AM44+1 -> 100 | AQ44: =AO44+1 -> 101 | AS44: =AQ44+1 -> 102
C45: =VLOOKUP(C44,'TS Gantry - AP47'!$A$8:$C$638,3,FALSE) -> 7/10 | E45: =VLOOKUP(E44,'TS Gantry - AP47'!$A$8:$C$638,3,FALSE) -> 7/11 | G45: =VLOOKUP(G44,'TS Gantry - AP47'!$A$8:$C$638,3,FALSE) -> 8/0 | I45: =VLOOKUP(I44,'TS Gantry - AP47'!$A$8:$C$638,3,FALSE) -> 8/1 | K45: =VLOOKUP(K44,'TS Gantry - AP47'!$A$8:$C$638,3,FALSE) -> 8/2 | M45: =VLOOKUP(M44,'TS Gantry - AP47'!$A$8:$C$638,3,FALSE) -> 8/3 | O45: =VLOOKUP(O44,'TS Gantry - AP47'!$A$8:$C$638,3,FALSE) -> 8/4 | Q45: =VLOOKUP(Q44,'TS Gantry - AP47'!$A$8:$C$638,3,FALSE) -> 8/5 | S45: =VLOOKUP(S44,'TS Gantry - AP47'!$A$8:$C$638,3,FALSE) -> 8/6 | U45: =VLOOKUP(U44,'TS Gantry - AP47'!$A$8:$C$638,3,FALSE) -> 8/7 | W45: =VLOOKUP(W44,'TS Gantry - AP47'!$A$8:$C$638,3,FALSE) -> 8/8 | Y45: =VLOOKUP(Y44,'TS Gantry - AP47'!$A$8:$C$638,3,FALSE) -> 9/0 | AA45: =VLOOKUP(AA44,'TS Gantry - AP47'!$A$8:$C$638,3,FALSE) -> 9/1 | AC45: =VLOOKUP(AC44,'TS Gantry - AP47'!$A$8:$C$638,3,FALSE) -> 9/2 | AE45: =VLOOKUP(AE44,'TS Gantry - AP47'!$A$8:$C$638,3,FALSE) -> 9/3 | AG45: =VLOOKUP(AG44,'TS Gantry - AP47'!$A$8:$C$638,3,FALSE) -> 9/4 | AI45: =VLOOKUP(AI44,'TS Gantry - AP47'!$A$8:$C$638,3,FALSE) -> 10/0 | AK45: =VLOOKUP(AK44,'TS Gantry - AP47'!$A$8:$C$638,3,FALSE) -> 11/0 | AM45: =VLOOKUP(AM44,'TS Gantry - AP47'!$A$8:$C$638,3,FALSE) -> 11/1 | AO45: =VLOOKUP(AO44,'TS Gantry - AP47'!$A$8:$C$638,3,FALSE) -> 11/2 | AQ45: 11/3 | AS45: =VLOOKUP(AS44,'TS Gantry - AP47'!$A$8:$C$638,3,FALSE) -> 11/4
AJ46: 400kV
AJ47: OHTL
C48: 3 | D48: =VLOOKUP(C45,'TS Gantry - AP47'!$C$8:$E$638,3,FALSE) -> 385 | E48: 3 | F48: =VLOOKUP(E45,'TS Gantry - AP47'!$C$8:$E$638,3,FALSE) -> 408.062 | G48: 3 | H48: =VLOOKUP(G45,'TS Gantry - AP47'!$C$8:$E$638,3,FALSE) -> 372 | I48: 3 | J48: =VLOOKUP(I45,'TS Gantry - AP47'!$C$8:$E$638,3,FALSE) -> 383 | K48: 3 | L48: =VLOOKUP(K45,'TS Gantry - AP47'!$C$8:$E$638,3,FALSE) -> 427 | M48: 3 | N48: =VLOOKUP(M45,'TS Gantry - AP47'!$C$8:$E$638,3,FALSE) -> 402 | O48: 3 | P48: =VLOOKUP(O45,'TS Gantry - AP47'!$C$8:$E$638,3,FALSE) -> 388 | Q48: 3 | R48: =VLOOKUP(Q45,'TS Gantry - AP47'!$C$8:$E$638,3,FALSE) -> 365 | S48: 3 | T48: =VLOOKUP(S45,'TS Gantry - AP47'!$C$8:$E$638,3,FALSE) -> 422 | U48: 3 | V48: =VLOOKUP(U45,'TS Gantry - AP47'!$C$8:$E$638,3,FALSE) -> 384 | W48: 3 | X48: =VLOOKUP(W45,'TS Gantry - AP47'!$C$8:$E$638,3,FALSE) -> 380.388 | Y48: 3 | Z48: =VLOOKUP(Y45,'TS Gantry - AP47'!$C$8:$E$638,3,FALSE) -> 329 | AA48: 3 | AB48: =VLOOKUP(AA45,'TS Gantry - AP47'!$C$8:$E$638,3,FALSE) -> 429 | AC48: 3 | AD48: =VLOOKUP(AC45,'TS Gantry - AP47'!$C$8:$E$638,3,FALSE) -> 411 | AE48: 3 | AF48: =VLOOKUP(AE45,'TS Gantry - AP47'!$C$8:$E$638,3,FALSE) -> 394 | AG48: 3 | AH48: =VLOOKUP(AG45,'TS Gantry - AP47'!$C$8:$E$638,3,FALSE) -> 445.871 | AI48: 3 | AJ48: =VLOOKUP(AI45,'TS Gantry - AP47'!$C$8:$E$638,3,FALSE) -> 200.429 | AK48: 1 | AL48: =VLOOKUP(AK45,'TS Gantry - AP47'!$C$8:$E$638,3,FALSE) -> 453 | AM48: 3 | AN48: =VLOOKUP(AM45,'TS Gantry - AP47'!$C$8:$E$638,3,FALSE) -> 387 | AO48: 3 | AP48: =VLOOKUP(AO45,'TS Gantry - AP47'!$C$8:$E$638,3,FALSE) -> 383 | AQ48: 3 | AR48: =VLOOKUP(AQ45,'TS Gantry - AP47'!$C$8:$E$638,3,FALSE) -> 399 | AS48: 3 | AT48: =VLOOKUP(AS45,'TS Gantry - AP47'!$C$8:$E$638,3,FALSE) -> 385 | AU48: =COUNTIF(B48:AT48,"3") -> 21
C49: 2 | E49: 2 | G49: 2 | I49: 2 | K49: 2 | M49: 2 | O49: 2 | Q49: 2 | S49: 2 | U49: 2 | W49: 2 | Y49: 2 | AA49: 2 | AC49: 2 | AE49: 2 | AG49: 2 | AI49: 2 | AK49: 2 | AM49: 2 | AO49: 2 | AQ49: 2 | AS49: 2
C50: =VLOOKUP(C45,'TS Gantry - AP47'!$C$8:$D$638,2,FALSE) -> DA+0 | E50: =VLOOKUP(E45,'TS Gantry - AP47'!$C$8:$D$638,2,FALSE) -> DA+3 | G50: =VLOOKUP(G45,'TS Gantry - AP47'!$C$8:$D$638,2,FALSE) -> DC1+0 | I50: =VLOOKUP(I45,'TS Gantry - AP47'!$C$8:$D$638,2,FALSE) -> DA-1.5 | K50: =VLOOKUP(K45,'TS Gantry - AP47'!$C$8:$D$638,2,FALSE) -> DA+3 | M50: =VLOOKUP(M45,'TS Gantry - AP47'!$C$8:$D$638,2,FALSE) -> DA+6 | O50: =VLOOKUP(O45,'TS Gantry - AP47'!$C$8:$D$638,2,FALSE) -> DA+3 | Q50: =VLOOKUP(Q45,'TS Gantry - AP47'!$C$8:$D$638,2,FALSE) -> DA+0 | S50: =VLOOKUP(S45,'TS Gantry - AP47'!$C$8:$D$638,2,FALSE) -> DA+0 | U50: =VLOOKUP(U45,'TS Gantry - AP47'!$C$8:$D$638,2,FALSE) -> DA+3 | W50: =VLOOKUP(W45,'TS Gantry - AP47'!$C$8:$D$638,2,FALSE) -> DA+0 | Y50: =VLOOKUP(Y45,'TS Gantry - AP47'!$C$8:$D$638,2,FALSE) -> DB1+0 | AA50: =VLOOKUP(AA45,'TS Gantry - AP47'!$C$8:$D$638,2,FALSE) -> DA+0 | AC50: =VLOOKUP(AC45,'TS Gantry - AP47'!$C$8:$D$638,2,FALSE) -> DA+6 | AE50: =VLOOKUP(AE45,'TS Gantry - AP47'!$C$8:$D$638,2,FALSE) -> DA+0 | AG50: =VLOOKUP(AG45,'TS Gantry - AP47'!$C$8:$D$638,2,FALSE) -> DA+3 | AI50: =VLOOKUP(AI45,'TS Gantry - AP47'!$C$8:$D$638,2,FALSE) -> DD60+25 | AK50: =VLOOKUP(AK45,'TS Gantry - AP47'!$C$8:$D$638,2,FALSE) -> DD60+18 | AM50: =VLOOKUP(AM45,'TS Gantry - AP47'!$C$8:$D$638,2,FALSE) -> DA-1.5 | AO50: =VLOOKUP(AO45,'TS Gantry - AP47'!$C$8:$D$638,2,FALSE) -> DA+3 | AQ50: =VLOOKUP(AQ45,'TS Gantry - AP47'!$C$8:$D$638,2,FALSE) -> DA+0 | AS50: =VLOOKUP(AS45,'TS Gantry - AP47'!$C$8:$D$638,2,FALSE) -> DA+3
AK51: RC - 2M
AJ52: ADANI
C54: =AS44+1 -> 103 | E54: =C54+1 -> 104 | G54: =E54+1 -> 105 | I54: =G54+1 -> 106 | K54: =I54+1 -> 107 | M54: =K54+1 -> 108 | O54: =M54+1 -> 109 | Q54: =O54+1 -> 110 | S54: =Q54+1 -> 111 | U54: =S54+1 -> 112 | W54: =U54+1 -> 113 | Y54: =W54+1 -> 114 | AA54: =Y54+1 -> 115 | AC54: =AA54+1 -> 116 | AE54: =AC54+1 -> 117 | AG54: =AE54+1 -> 118 | AI54: =AG54+1 -> 119 | AK54: =AI54+1 -> 120 | AM54: =AK54+1 -> 121 | AO54: =AM54+1 -> 122 | AQ54: =AO54+1 -> 123 | AS54: =AQ54+1 -> 124
C55: =VLOOKUP(C54,'TS Gantry - AP47'!$A$8:$C$638,3,FALSE) -> 11/5 | E55: =VLOOKUP(E54,'TS Gantry - AP47'!$A$8:$C$638,3,FALSE) -> 11/6 | G55: =VLOOKUP(G54,'TS Gantry - AP47'!$A$8:$C$638,3,FALSE) -> 11/7 | I55: =VLOOKUP(I54,'TS Gantry - AP47'!$A$8:$C$638,3,FALSE) -> 11/8 | K55: =VLOOKUP(K54,'TS Gantry - AP47'!$A$8:$C$638,3,FALSE) -> 12/0 | M55: =VLOOKUP(M54,'TS Gantry - AP47'!$A$8:$C$638,3,FALSE) -> 12/1 | O55: =VLOOKUP(O54,'TS Gantry - AP47'!$A$8:$C$638,3,FALSE) -> 12/2 | Q55: =VLOOKUP(Q54,'TS Gantry - AP47'!$A$8:$C$638,3,FALSE) -> 12/3 | S55: =VLOOKUP(S54,'TS Gantry - AP47'!$A$8:$C$638,3,FALSE) -> 12/4 | U55: =VLOOKUP(U54,'TS Gantry - AP47'!$A$8:$C$638,3,FALSE) -> 12/5 | W55: =VLOOKUP(W54,'TS Gantry - AP47'!$A$8:$C$638,3,FALSE) -> 13/0 | Y55: =VLOOKUP(Y54,'TS Gantry - AP47'!$A$8:$C$638,3,FALSE) -> 13/1 | AA55: =VLOOKUP(AA54,'TS Gantry - AP47'!$A$8:$C$638,3,FALSE) -> 14/0 | AC55: =VLOOKUP(AC54,'TS Gantry - AP47'!$A$8:$C$638,3,FALSE) -> 15/0 | AE55: =VLOOKUP(AE54,'TS Gantry - AP47'!$A$8:$C$638,3,FALSE) -> 16/0 | AG55: =VLOOKUP(AG54,'TS Gantry - AP47'!$A$8:$C$638,3,FALSE) -> 16/1 | AI55: =VLOOKUP(AI54,'TS Gantry - AP47'!$A$8:$C$638,3,FALSE) -> 16/2 | AK55: =VLOOKUP(AK54,'TS Gantry - AP47'!$A$8:$C$638,3,FALSE) -> 16/3 | AM55: =VLOOKUP(AM54,'TS Gantry - AP47'!$A$8:$C$638,3,FALSE) -> 17/0 | AO55: =VLOOKUP(AO54,'TS Gantry - AP47'!$A$8:$C$638,3,FALSE) -> 18/0 | AQ55: =VLOOKUP(AQ54,'TS Gantry - AP47'!$A$8:$C$638,3,FALSE) -> 18/1 | AS55: =VLOOKUP(AS54,'TS Gantry - AP47'!$A$8:$C$638,3,FALSE) -> 18/2
AD56: 132kV
AD57: OHTL
C58: 3 | D58: =VLOOKUP(C55,'TS Gantry - AP47'!$C$8:$E$638,3,FALSE) -> 389 | E58: 3 | F58: =VLOOKUP(E55,'TS Gantry - AP47'!$C$8:$E$638,3,FALSE) -> 403 | G58: 3 | H58: =VLOOKUP(G55,'TS Gantry - AP47'!$C$8:$E$638,3,FALSE) -> 398 | I58: 3 | J58: =VLOOKUP(I55,'TS Gantry - AP47'!$C$8:$E$638,3,FALSE) -> 402.053 | K58: 3 | L58: =VLOOKUP(K55,'TS Gantry - AP47'!$C$8:$E$638,3,FALSE) -> 359 | M58: 3 | N58: =VLOOKUP(M55,'TS Gantry - AP47'!$C$8:$E$638,3,FALSE) -> 381 | O58: 3 | P58: =VLOOKUP(O55,'TS Gantry - AP47'!$C$8:$E$638,3,FALSE) -> 399 | Q58: 3 | R58: =VLOOKUP(Q55,'TS Gantry - AP47'!$C$8:$E$638,3,FALSE) -> 427 | S58: 3 | T58: =VLOOKUP(S55,'TS Gantry - AP47'!$C$8:$E$638,3,FALSE) -> 413 | U58: 3 | V58: =VLOOKUP(U55,'TS Gantry - AP47'!$C$8:$E$638,3,FALSE) -> 409.527 | W58: 3 | X58: =VLOOKUP(W55,'TS Gantry - AP47'!$C$8:$E$638,3,FALSE) -> 311 | Y58: 3 | Z58: =VLOOKUP(Y55,'TS Gantry - AP47'!$C$8:$E$638,3,FALSE) -> 458.7 | AB58: =VLOOKUP(AA55,'TS Gantry - AP47'!$C$8:$E$638,3,FALSE) -> 242.447 | AD58: =VLOOKUP(AC55,'TS Gantry - AP47'!$C$8:$E$638,3,FALSE) -> 226.424 | AE58: 1 | AF58: =VLOOKUP(AE55,'TS Gantry - AP47'!$C$8:$E$638,3,FALSE) -> 353 | AG58: 3 | AH58: =VLOOKUP(AG55,'TS Gantry - AP47'!$C$8:$E$638,3,FALSE) -> 365 | AI58: 3 | AJ58: =VLOOKUP(AI55,'TS Gantry - AP47'!$C$8:$E$638,3,FALSE) -> 344 | AK58: 3 | AL58: =VLOOKUP(AK55,'TS Gantry - AP47'!$C$8:$E$638,3,FALSE) -> 363.585 | AM58: 3 | AN58: =VLOOKUP(AM55,'TS Gantry - AP47'!$C$8:$E$638,3,FALSE) -> 244.245 | AO58: 3 | AP58: =VLOOKUP(AO55,'TS Gantry - AP47'!$C$8:$E$638,3,FALSE) -> 432 | AQ58: 3 | AR58: =VLOOKUP(AQ55,'TS Gantry - AP47'!$C$8:$E$638,3,FALSE) -> 366 | AS58: 3 | AT58: =VLOOKUP(AS55,'TS Gantry - AP47'!$C$8:$E$638,3,FALSE) -> 424 | AU58: =COUNTIF(B58:AT58,"3") -> 19
C59: 2 | E59: 2 | G59: 2 | I59: 2 | K59: 2 | M59: 2 | O59: 2 | Q59: 2 | S59: 2 | U59: 2 | W59: 2 | Y59: 2 | AE59: 2 | AG59: 2 | AI59: 2 | AK59: 2 | AM59: 2 | AO59: 2 | AQ59: 2 | AS59: 2
C60: =VLOOKUP(C55,'TS Gantry - AP47'!$C$8:$D$638,2,FALSE) -> DA-1.5 | E60: =VLOOKUP(E55,'TS Gantry - AP47'!$C$8:$D$638,2,FALSE) -> DA+3 | G60: =VLOOKUP(G55,'TS Gantry - AP47'!$C$8:$D$638,2,FALSE) -> DA+3 | I60: =VLOOKUP(I55,'TS Gantry - AP47'!$C$8:$D$638,2,FALSE) -> DA+3 | K60: =VLOOKUP(K55,'TS Gantry - AP47'!$C$8:$D$638,2,FALSE) -> DC2+0 | M60: =VLOOKUP(M55,'TS Gantry - AP47'!$C$8:$D$638,2,FALSE) -> DA+3 | O60: =VLOOKUP(O55,'TS Gantry - AP47'!$C$8:$D$638,2,FALSE) -> DA-1.5 | Q60: =VLOOKUP(Q55,'TS Gantry - AP47'!$C$8:$D$638,2,FALSE) -> DA+9 | S60: =VLOOKUP(S55,'TS Gantry - AP47'!$C$8:$D$638,2,FALSE) -> DA+9 | U60: =VLOOKUP(U55,'TS Gantry - AP47'!$C$8:$D$638,2,FALSE) -> DA+9 | W60: =VLOOKUP(W55,'TS Gantry - AP47'!$C$8:$D$638,2,FALSE) -> DC1+3 | Y60: =VLOOKUP(Y55,'TS Gantry - AP47'!$C$8:$D$638,2,FALSE) -> DA+6 | AA60: =VLOOKUP(AA55,'TS Gantry - AP47'!$C$8:$D$638,2,FALSE) -> DC1+0 | AC60: =VLOOKUP(AC55,'TS Gantry - AP47'!$C$8:$D$638,2,FALSE) -> DC1+0 | AE60: =VLOOKUP(AE55,'TS Gantry - AP47'!$C$8:$D$638,2,FALSE) -> DB2+0 | AG60: =VLOOKUP(AG55,'TS Gantry - AP47'!$C$8:$D$638,2,FALSE) -> DA+3 | AI60: =VLOOKUP(AI55,'TS Gantry - AP47'!$C$8:$D$638,2,FALSE) -> DA+0 | AK60: =VLOOKUP(AK55,'TS Gantry - AP47'!$C$8:$D$638,2,FALSE) -> DA+0 | AM60: =VLOOKUP(AM55,'TS Gantry - AP47'!$C$8:$D$638,2,FALSE) -> DD60+0 | AO60: =VLOOKUP(AO55,'TS Gantry - AP47'!$C$8:$D$638,2,FALSE) -> DD60+0 | AQ60: =VLOOKUP(AQ55,'TS Gantry - AP47'!$C$8:$D$638,2,FALSE) -> DA+6 | AS60: =VLOOKUP(AS55,'TS Gantry - AP47'!$C$8:$D$638,2,FALSE) -> DA+3
AE61: RC - 1M | AM61: RC - 1M
V62: 🌿 | AB62: 🌿 | AD62: RRVPNL | AN62: Railway track
V63: CANAL & FOREST | AB63: NH62 & FOREST
C64: =AS54+1 -> 125 | E64: =C64+1 -> 126 | G64: =E64+1 -> 127 | I64: =G64+1 -> 128 | K64: =I64+1 -> 129 | M64: =K64+1 -> 130 | O64: =M64+1 -> 131 | Q64: =O64+1 -> 132 | S64: =Q64+1 -> 133 | U64: =S64+1 -> 134 | W64: =U64+1 -> 135 | Y64: =W64+1 -> 136 | AA64: =Y64+1 -> 137 | AC64: =AA64+1 -> 138 | AE64: =AC64+1 -> 139 | AG64: =AE64+1 -> 140 | AI64: =AG64+1 -> 141 | AK64: =AI64+1 -> 142 | AM64: =AK64+1 -> 143 | AO64: =AM64+1 -> 144 | AQ64: =AO64+1 -> 145 | AS64: =AQ64+1 -> 146
C65: =VLOOKUP(C64,'TS Gantry - AP47'!$A$8:$C$638,3,FALSE) -> 18/3 | E65: =VLOOKUP(E64,'TS Gantry - AP47'!$A$8:$C$638,3,FALSE) -> 18/4 | G65: =VLOOKUP(G64,'TS Gantry - AP47'!$A$8:$C$638,3,FALSE) -> 18/5 | I65: =VLOOKUP(I64,'TS Gantry - AP47'!$A$8:$C$638,3,FALSE) -> 19/0 | K65: =VLOOKUP(K64,'TS Gantry - AP47'!$A$8:$C$638,3,FALSE) -> 19/1 | M65: =VLOOKUP(M64,'TS Gantry - AP47'!$A$8:$C$638,3,FALSE) -> 19/2 | O65: =VLOOKUP(O64,'TS Gantry - AP47'!$A$8:$C$638,3,FALSE) -> 19/3 | Q65: =VLOOKUP(Q64,'TS Gantry - AP47'!$A$8:$C$638,3,FALSE) -> 19/4 | S65: =VLOOKUP(S64,'TS Gantry - AP47'!$A$8:$C$638,3,FALSE) -> 19/5 | U65: =VLOOKUP(U64,'TS Gantry - AP47'!$A$8:$C$638,3,FALSE) -> 19/6 | W65: =VLOOKUP(W64,'TS Gantry - AP47'!$A$8:$C$638,3,FALSE) -> 19/7 | Y65: =VLOOKUP(Y64,'TS Gantry - AP47'!$A$8:$C$638,3,FALSE) -> 20/0 | AA65: =VLOOKUP(AA64,'TS Gantry - AP47'!$A$8:$C$638,3,FALSE) -> 20/1 | AC65: =VLOOKUP(AC64,'TS Gantry - AP47'!$A$8:$C$638,3,FALSE) -> 20/2 | AE65: =VLOOKUP(AE64,'TS Gantry - AP47'!$A$8:$C$638,3,FALSE) -> 20/3 | AG65: =VLOOKUP(AG64,'TS Gantry - AP47'!$A$8:$C$638,3,FALSE) -> 20/4 | AI65: =VLOOKUP(AI64,'TS Gantry - AP47'!$A$8:$C$638,3,FALSE) -> 20/5 | AK65: =VLOOKUP(AK64,'TS Gantry - AP47'!$A$8:$C$638,3,FALSE) -> 20/6 | AM65: =VLOOKUP(AM64,'TS Gantry - AP47'!$A$8:$C$638,3,FALSE) -> 20/7 | AO65: =VLOOKUP(AO64,'TS Gantry - AP47'!$A$8:$C$638,3,FALSE) -> 20A/0 | AQ65: =VLOOKUP(AQ64,'TS Gantry - AP47'!$A$8:$C$638,3,FALSE) -> 21/0 | AS65: =VLOOKUP(AS64,'TS Gantry - AP47'!$A$8:$C$638,3,FALSE) -> 22/0
AP66: 220kV | AT66: 400kV
AP67: OHTL | AT67: OHTL
C68: 3 | D68: =VLOOKUP(C65,'TS Gantry - AP47'!$C$8:$E$638,3,FALSE) -> 407 | E68: 3 | F68: =VLOOKUP(E65,'TS Gantry - AP47'!$C$8:$E$638,3,FALSE) -> 373 | G68: 3 | H68: =VLOOKUP(G65,'TS Gantry - AP47'!$C$8:$E$638,3,FALSE) -> 353.456 | I68: 3 | J68: =VLOOKUP(I65,'TS Gantry - AP47'!$C$8:$E$638,3,FALSE) -> 380 | K68: 3 | L68: =VLOOKUP(K65,'TS Gantry - AP47'!$C$8:$E$638,3,FALSE) -> 449 | M68: 3 | N68: =VLOOKUP(M65,'TS Gantry - AP47'!$C$8:$E$638,3,FALSE) -> 391 | O68: 3 | P68: =VLOOKUP(O65,'TS Gantry - AP47'!$C$8:$E$638,3,FALSE) -> 397 | Q68: 3 | R68: =VLOOKUP(Q65,'TS Gantry - AP47'!$C$8:$E$638,3,FALSE) -> 425 | S68: 3 | T68: =VLOOKUP(S65,'TS Gantry - AP47'!$C$8:$E$638,3,FALSE) -> 409 | U68: 3 | V68: =VLOOKUP(U65,'TS Gantry - AP47'!$C$8:$E$638,3,FALSE) -> 381 | W68: 3 | X68: =VLOOKUP(W65,'TS Gantry - AP47'!$C$8:$E$638,3,FALSE) -> 392.001 | Y68: 3 | Z68: =VLOOKUP(Y65,'TS Gantry - AP47'!$C$8:$E$638,3,FALSE) -> 420 | AA68: 3 | AB68: =VLOOKUP(AA65,'TS Gantry - AP47'!$C$8:$E$638,3,FALSE) -> 361 | AC68: 3 | AD68: =VLOOKUP(AC65,'TS Gantry - AP47'!$C$8:$E$638,3,FALSE) -> 393 | AE68: 3 | AF68: =VLOOKUP(AE65,'TS Gantry - AP47'!$C$8:$E$638,3,FALSE) -> 384 | AG68: 3 | AH68: =VLOOKUP(AG65,'TS Gantry - AP47'!$C$8:$E$638,3,FALSE) -> 345 | AI68: 3 | AJ68: =VLOOKUP(AI65,'TS Gantry - AP47'!$C$8:$E$638,3,FALSE) -> 396 | AK68: 3 | AL68: =VLOOKUP(AK65,'TS Gantry - AP47'!$C$8:$E$638,3,FALSE) -> 370 | AM68: 3 | AN68: =VLOOKUP(AM65,'TS Gantry - AP47'!$C$8:$E$638,3,FALSE) -> 443.474 | AO68: 3 | AP68: =VLOOKUP(AO65,'TS Gantry - AP47'!$C$8:$E$638,3,FALSE) -> 226.807 | AQ68: 3 | AR68: =VLOOKUP(AQ65,'TS Gantry - AP47'!$C$8:$E$638,3,FALSE) -> 275.25 | AS68: 3 | AT68: =VLOOKUP(AS65,'TS Gantry - AP47'!$C$8:$E$638,3,FALSE) -> 198.077 | AU68: =COUNTIF(B68:AT68,"3") -> 22
C69: 2 | E69: 2 | G69: 2 | I69: 2 | K69: 2 | M69: 2 | O69: 2 | Q69: 2 | S69: 2 | U69: 2 | W69: 2 | Y69: 2 | AA69: 2 | AC69: 2 | AE69: 2 | AG69: 2 | AI69: 2 | AK69: 2 | AM69: 2 | AO69: 2 | AQ69: 2 | AS69: 2
C70: =VLOOKUP(C65,'TS Gantry - AP47'!$C$8:$D$638,2,FALSE) -> DA+6 | E70: =VLOOKUP(E65,'TS Gantry - AP47'!$C$8:$D$638,2,FALSE) -> DA+6 | G70: =VLOOKUP(G65,'TS Gantry - AP47'!$C$8:$D$638,2,FALSE) -> DA+0 | I70: =VLOOKUP(I65,'TS Gantry - AP47'!$C$8:$D$638,2,FALSE) -> DC2+0 | K70: =VLOOKUP(K65,'TS Gantry - AP47'!$C$8:$D$638,2,FALSE) -> DA+3 | M70: =VLOOKUP(M65,'TS Gantry - AP47'!$C$8:$D$638,2,FALSE) -> DA+6 | O70: =VLOOKUP(O65,'TS Gantry - AP47'!$C$8:$D$638,2,FALSE) -> DA-1.5 | Q70: =VLOOKUP(Q65,'TS Gantry - AP47'!$C$8:$D$638,2,FALSE) -> DA+9 | S70: =VLOOKUP(S65,'TS Gantry - AP47'!$C$8:$D$638,2,FALSE) -> DA+3 | U70: =VLOOKUP(U65,'TS Gantry - AP47'!$C$8:$D$638,2,FALSE) -> DA+3 | W70: =VLOOKUP(W65,'TS Gantry - AP47'!$C$8:$D$638,2,FALSE) -> DA+6 | Y70: =VLOOKUP(Y65,'TS Gantry - AP47'!$C$8:$D$638,2,FALSE) -> DC1+6 | AA70: =VLOOKUP(AA65,'TS Gantry - AP47'!$C$8:$D$638,2,FALSE) -> DA+6 | AC70: =VLOOKUP(AC65,'TS Gantry - AP47'!$C$8:$D$638,2,FALSE) -> DA+6 | AE70: =VLOOKUP(AE65,'TS Gantry - AP47'!$C$8:$D$638,2,FALSE) -> DA-3 | AG70: =VLOOKUP(AG65,'TS Gantry - AP47'!$C$8:$D$638,2,FALSE) -> DA+0 | AI70: =VLOOKUP(AI65,'TS Gantry - AP47'!$C$8:$D$638,2,FALSE) -> DA+0 | AK70: =VLOOKUP(AK65,'TS Gantry - AP47'!$C$8:$D$638,2,FALSE) -> DA+9 | AM70: =VLOOKUP(AM65,'TS Gantry - AP47'!$C$8:$D$638,2,FALSE) -> DA+0 | AO70: =VLOOKUP(AO65,'TS Gantry - AP47'!$C$8:$D$638,2,FALSE) -> DD45+9 | AQ70: =VLOOKUP(AQ65,'TS Gantry - AP47'!$C$8:$D$638,2,FALSE) -> DC2+3 | AS70: =VLOOKUP(AS65,'TS Gantry - AP47'!$C$8:$D$638,2,FALSE) -> DD60+6
AP71: RRVPNL | AT71: RRVPNL
C73: =AS64+1 -> 147 | E73: =C73+1 -> 148 | G73: =E73+1 -> 149 | I73: =G73+1 -> 150 | K73: =I73+1 -> 151 | M73: =K73+1 -> 152 | O73: =M73+1 -> 153 | Q73: =O73+1 -> 154 | S73: =Q73+1 -> 155 | U73: =S73+1 -> 156 | W73: =U73+1 -> 157 | Y73: =W73+1 -> 158 | AA73: =Y73+1 -> 159 | AC73: =AA73+1 -> 160 | AE73: =AC73+1 -> 161 | AG73: =AE73+1 -> 162 | AI73: =AG73+1 -> 163 | AK73: =AI73+1 -> 164 | AM73: =AK73+1 -> 165 | AO73: =AM73+1 -> 166 | AQ73: =AO73+1 -> 167 | AS73: =AQ73+1 -> 168
C74: =VLOOKUP(C73,'TS Gantry - AP47'!$A$8:$C$638,3,FALSE) -> 23/0 | E74: =VLOOKUP(E73,'TS Gantry - AP47'!$A$8:$C$638,3,FALSE) -> 23/1 | G74: =VLOOKUP(G73,'TS Gantry - AP47'!$A$8:$C$638,3,FALSE) -> 23/2 | I74: =VLOOKUP(I73,'TS Gantry - AP47'!$A$8:$C$638,3,FALSE) -> 23/3 | K74: =VLOOKUP(K73,'TS Gantry - AP47'!$A$8:$C$638,3,FALSE) -> 23/4 | M74: =VLOOKUP(M73,'TS Gantry - AP47'!$A$8:$C$638,3,FALSE) -> 24/0 | O74: =VLOOKUP(O73,'TS Gantry - AP47'!$A$8:$C$638,3,FALSE) -> 25/0 | Q74: =VLOOKUP(Q73,'TS Gantry - AP47'!$A$8:$C$638,3,FALSE) -> 25/1 | S74: =VLOOKUP(S73,'TS Gantry - AP47'!$A$8:$C$638,3,FALSE) -> 26/0 | U74: =VLOOKUP(U73,'TS Gantry - AP47'!$A$8:$C$638,3,FALSE) -> 27/0 | W74: =VLOOKUP(W73,'TS Gantry - AP47'!$A$8:$C$638,3,FALSE) -> 27/1 | Y74: =VLOOKUP(Y73,'TS Gantry - AP47'!$A$8:$C$638,3,FALSE) -> 27/2 | AA74: =VLOOKUP(AA73,'TS Gantry - AP47'!$A$8:$C$638,3,FALSE) -> 27/3 | AC74: =VLOOKUP(AC73,'TS Gantry - AP47'!$A$8:$C$638,3,FALSE) -> 28/0 | AE74: =VLOOKUP(AE73,'TS Gantry - AP47'!$A$8:$C$638,3,FALSE) -> 28/1 | AG74: =VLOOKUP(AG73,'TS Gantry - AP47'!$A$8:$C$638,3,FALSE) -> 28/2 | AI74: =VLOOKUP(AI73,'TS Gantry - AP47'!$A$8:$C$638,3,FALSE) -> 28/3 | AK74: =VLOOKUP(AK73,'TS Gantry - AP47'!$A$8:$C$638,3,FALSE) -> 28/4 | AM74: =VLOOKUP(AM73,'TS Gantry - AP47'!$A$8:$C$638,3,FALSE) -> 28/5 | AO74: =VLOOKUP(AO73,'TS Gantry - AP47'!$A$8:$C$638,3,FALSE) -> 28/6 | AQ74: =VLOOKUP(AQ73,'TS Gantry - AP47'!$A$8:$C$638,3,FALSE) -> 28/7 | AS74: =VLOOKUP(AS73,'TS Gantry - AP47'!$A$8:$C$638,3,FALSE) -> 29/0
T75: 765kV
T76: OHTL
C77: 3 | D77: =VLOOKUP(C74,'TS Gantry - AP47'!$C$8:$E$638,3,FALSE) -> 327.999 | E77: 3 | F77: =VLOOKUP(E74,'TS Gantry - AP47'!$C$8:$E$638,3,FALSE) -> 318 | G77: 3 | H77: =VLOOKUP(G74,'TS Gantry - AP47'!$C$8:$E$638,3,FALSE) -> 379 | I77: 3 | J77: =VLOOKUP(I74,'TS Gantry - AP47'!$C$8:$E$638,3,FALSE) -> 382 | L77: =VLOOKUP(K74,'TS Gantry - AP47'!$C$8:$E$638,3,FALSE) -> 353.645 | N77: =VLOOKUP(M74,'TS Gantry - AP47'!$C$8:$E$638,3,FALSE) -> 247.381 | P77: =VLOOKUP(O74,'TS Gantry - AP47'!$C$8:$E$638,3,FALSE) -> 258 | R77: =VLOOKUP(Q74,'TS Gantry - AP47'!$C$8:$E$638,3,FALSE) -> 452.894 | S77: 1 | T77: =VLOOKUP(S74,'TS Gantry - AP47'!$C$8:$E$638,3,FALSE) -> 217.368 | U77: 1 | V77: =VLOOKUP(U74,'TS Gantry - AP47'!$C$8:$E$638,3,FALSE) -> 368 | W77: 3 | X77: =VLOOKUP(W74,'TS Gantry - AP47'!$C$8:$E$638,3,FALSE) -> 397 | Y77: 3 | Z77: =VLOOKUP(Y74,'TS Gantry - AP47'!$C$8:$E$638,3,FALSE) -> 332 | AA77: 3 | AB77: =VLOOKUP(AA74,'TS Gantry - AP47'!$C$8:$E$638,3,FALSE) -> 338.643 | AC77: 3 | AD77: =VLOOKUP(AC74,'TS Gantry - AP47'!$C$8:$E$638,3,FALSE) -> 421 | AE77: 3 | AF77: =VLOOKUP(AE74,'TS Gantry - AP47'!$C$8:$E$638,3,FALSE) -> 400 | AG77: 3 | AH77: =VLOOKUP(AG74,'TS Gantry - AP47'!$C$8:$E$638,3,FALSE) -> 396 | AI77: 3 | AJ77: =VLOOKUP(AI74,'TS Gantry - AP47'!$C$8:$E$638,3,FALSE) -> 378 | AK77: 3 | AL77: =VLOOKUP(AK74,'TS Gantry - AP47'!$C$8:$E$638,3,FALSE) -> 386 | AM77: 3 | AN77: =VLOOKUP(AM74,'TS Gantry - AP47'!$C$8:$E$638,3,FALSE) -> 388 | AO77: 3 | AP77: =VLOOKUP(AO74,'TS Gantry - AP47'!$C$8:$E$638,3,FALSE) -> 393 | AQ77: 3 | AR77: =VLOOKUP(AQ74,'TS Gantry - AP47'!$C$8:$E$638,3,FALSE) -> 417.124 | AS77: 3 | AT77: =VLOOKUP(AS74,'TS Gantry - AP47'!$C$8:$E$638,3,FALSE) -> 424 | AU77: =COUNTIF(B77:AT77,"3") -> 16
C78: 2 | E78: 2 | G78: 2 | I78: 2 | S78: 2 | U78: 2 | W78: 2 | Y78: 2 | AA78: 2 | AC78: 2 | AE78: 2 | AG78: 2 | AI78: 2 | AK78: 2 | AM78: 2 | AO78: 2 | AQ78: 2 | AS78: 2
C79: =VLOOKUP(C74,'TS Gantry - AP47'!$C$8:$D$638,2,FALSE) -> DD60+9 | E79: =VLOOKUP(E74,'TS Gantry - AP47'!$C$8:$D$638,2,FALSE) -> DA-1.5 | G79: =VLOOKUP(G74,'TS Gantry - AP47'!$C$8:$D$638,2,FALSE) -> DA+3 | I79: =VLOOKUP(I74,'TS Gantry - AP47'!$C$8:$D$638,2,FALSE) -> DA+0 | K79: =VLOOKUP(K74,'TS Gantry - AP47'!$C$8:$D$638,2,FALSE) -> DA+0 | M79: =VLOOKUP(M74,'TS Gantry - AP47'!$C$8:$D$638,2,FALSE) -> DC2+0 | O79: =VLOOKUP(O74,'TS Gantry - AP47'!$C$8:$D$638,2,FALSE) -> DC2+0 | Q79: =VLOOKUP(Q74,'TS Gantry - AP47'!$C$8:$D$638,2,FALSE) -> DA+9 | S79: =VLOOKUP(S74,'TS Gantry - AP47'!$C$8:$D$638,2,FALSE) -> DD60+35 | U79: =VLOOKUP(U74,'TS Gantry - AP47'!$C$8:$D$638,2,FALSE) -> DD60+35 | W79: =VLOOKUP(W74,'TS Gantry - AP47'!$C$8:$D$638,2,FALSE) -> DB1+9 | Y79: =VLOOKUP(Y74,'TS Gantry - AP47'!$C$8:$D$638,2,FALSE) -> DA-1.5 | AA79: =VLOOKUP(AA74,'TS Gantry - AP47'!$C$8:$D$638,2,FALSE) -> DA-3 | AC79: =VLOOKUP(AC74,'TS Gantry - AP47'!$C$8:$D$638,2,FALSE) -> DB2+0 | AE79: =VLOOKUP(AE74,'TS Gantry - AP47'!$C$8:$D$638,2,FALSE) -> DA+6 | AG79: =VLOOKUP(AG74,'TS Gantry - AP47'!$C$8:$D$638,2,FALSE) -> DA+3 | AI79: =VLOOKUP(AI74,'TS Gantry - AP47'!$C$8:$D$638,2,FALSE) -> DA+0 | AK79: =VLOOKUP(AK74,'TS Gantry - AP47'!$C$8:$D$638,2,FALSE) -> DA+0 | AM79: =VLOOKUP(AM74,'TS Gantry - AP47'!$C$8:$D$638,2,FALSE) -> DA+0 | AO79: =VLOOKUP(AO74,'TS Gantry - AP47'!$C$8:$D$638,2,FALSE) -> DA+0 | AQ79: =VLOOKUP(AQ74,'TS Gantry - AP47'!$C$8:$D$638,2,FALSE) -> DA+6 | AS79: =VLOOKUP(AS74,'TS Gantry - AP47'!$C$8:$D$638,2,FALSE) -> DB2+0
S80: RC - 2M | U80: RC - 2M
N81: NH754A | T81: POWER GRID | AD81: SH 6A
C82: =AS73+1 -> 169 | E82: =C82+1 -> 170 | G82: =E82+1 -> 171 | I82: =G82+1 -> 172 | K82: =I82+1 -> 173 | M82: =K82+1 -> 174 | O82: =M82+1 -> 175 | Q82: =O82+1 -> 176 | S82: =Q82+1 -> 177 | U82: =S82+1 -> 178 | W82: =U82+1 -> 179 | Y82: =W82+1 -> 180 | AA82: =Y82+1 -> 181 | AC82: =AA82+1 -> 182 | AE82: =AC82+1 -> 183 | AG82: =AE82+1 -> 184 | AI82: =AG82+1 -> 185 | AK82: =AI82+1 -> 186 | AM82: =AK82+1 -> 187 | AO82: =AM82+1 -> 188 | AQ82: =AO82+1 -> 189 | AS82: =AQ82+1 -> 190
C83: =VLOOKUP(C82,'TS Gantry - AP47'!$A$8:$C$638,3,FALSE) -> 29/1 | E83: =VLOOKUP(E82,'TS Gantry - AP47'!$A$8:$C$638,3,FALSE) -> 29/2 | G83: =VLOOKUP(G82,'TS Gantry - AP47'!$A$8:$C$638,3,FALSE) -> 29/3 | I83: =VLOOKUP(I82,'TS Gantry - AP47'!$A$8:$C$638,3,FALSE) -> 29/4 | K83: =VLOOKUP(K82,'TS Gantry - AP47'!$A$8:$C$638,3,FALSE) -> 29/5 | M83: =VLOOKUP(M82,'TS Gantry - AP47'!$A$8:$C$638,3,FALSE) -> 29/6 | O83: =VLOOKUP(O82,'TS Gantry - AP47'!$A$8:$C$638,3,FALSE) -> 29/7 | Q83: =VLOOKUP(Q82,'TS Gantry - AP47'!$A$8:$C$638,3,FALSE) -> 29/8 | S83: =VLOOKUP(S82,'TS Gantry - AP47'!$A$8:$C$638,3,FALSE) -> 29/9 | U83: =VLOOKUP(U82,'TS Gantry - AP47'!$A$8:$C$638,3,FALSE) -> 29/10 | W83: =VLOOKUP(W82,'TS Gantry - AP47'!$A$8:$C$638,3,FALSE) -> 29/11 | Y83: =VLOOKUP(Y82,'TS Gantry - AP47'!$A$8:$C$638,3,FALSE) -> 29/12 | AA83: =VLOOKUP(AA82,'TS Gantry - AP47'!$A$8:$C$638,3,FALSE) -> 29/13 | AC83: =VLOOKUP(AC82,'TS Gantry - AP47'!$A$8:$C$638,3,FALSE) -> 29/14 | AE83: =VLOOKUP(AE82,'TS Gantry - AP47'!$A$8:$C$638,3,FALSE) -> 29/15 | AG83: =VLOOKUP(AG82,'TS Gantry - AP47'!$A$8:$C$638,3,FALSE) -> 29/16 | AI83: =VLOOKUP(AI82,'TS Gantry - AP47'!$A$8:$C$638,3,FALSE) -> 29/17 | AK83: =VLOOKUP(AK82,'TS Gantry - AP47'!$A$8:$C$638,3,FALSE) -> 29/18 | AM83: =VLOOKUP(AM82,'TS Gantry - AP47'!$A$8:$C$638,3,FALSE) -> 29/19 | AO83: =VLOOKUP(AO82,'TS Gantry - AP47'!$A$8:$C$638,3,FALSE) -> 29/20 | AQ83: =VLOOKUP(AQ82,'TS Gantry - AP47'!$A$8:$C$638,3,FALSE) -> 29/21 | AS83: =VLOOKUP(AS82,'TS Gantry - AP47'!$A$8:$C$638,3,FALSE) -> 29/22
C86: 3 | D86: =VLOOKUP(C83,'TS Gantry - AP47'!$C$8:$E$638,3,FALSE) -> 416 | E86: 3 | F86: =VLOOKUP(E83,'TS Gantry - AP47'!$C$8:$E$638,3,FALSE) -> 424 | G86: 3 | H86: =VLOOKUP(G83,'TS Gantry - AP47'!$C$8:$E$638,3,FALSE) -> 412 | I86: 3 | J86: =VLOOKUP(I83,'TS Gantry - AP47'!$C$8:$E$638,3,FALSE) -> 409 | K86: 3 | L86: =VLOOKUP(K83,'TS Gantry - AP47'!$C$8:$E$638,3,FALSE) -> 396 | M86: 3 | N86: =VLOOKUP(M83,'TS Gantry - AP47'!$C$8:$E$638,3,FALSE) -> 419 | O86: 3 | P86: =VLOOKUP(O83,'TS Gantry - AP47'!$C$8:$E$638,3,FALSE) -> 421 | Q86: 3 | R86: =VLOOKUP(Q83,'TS Gantry - AP47'!$C$8:$E$638,3,FALSE) -> 415 | S86: 3 | T86: =VLOOKUP(S83,'TS Gantry - AP47'!$C$8:$E$638,3,FALSE) -> 388 | U86: 3 | V86: =VLOOKUP(U83,'TS Gantry - AP47'!$C$8:$E$638,3,FALSE) -> 393 | W86: 3 | X86: =VLOOKUP(W83,'TS Gantry - AP47'!$C$8:$E$638,3,FALSE) -> 371 | Y86: 3 | Z86: =VLOOKUP(Y83,'TS Gantry - AP47'!$C$8:$E$638,3,FALSE) -> 386 | AA86: 3 | AB86: =VLOOKUP(AA83,'TS Gantry - AP47'!$C$8:$E$638,3,FALSE) -> 390 | AC86: 3 | AD86: =VLOOKUP(AC83,'TS Gantry - AP47'!$C$8:$E$638,3,FALSE) -> 385 | AE86: 3 | AF86: =VLOOKUP(AE83,'TS Gantry - AP47'!$C$8:$E$638,3,FALSE) -> 343 | AG86: 3 | AH86: =VLOOKUP(AG83,'TS Gantry - AP47'!$C$8:$E$638,3,FALSE) -> 385 | AI86: 3 | AJ86: =VLOOKUP(AI83,'TS Gantry - AP47'!$C$8:$E$638,3,FALSE) -> 445 | AK86: 3 | AL86: =VLOOKUP(AK83,'TS Gantry - AP47'!$C$8:$E$638,3,FALSE) -> 395 | AM86: 3 | AN86: =VLOOKUP(AM83,'TS Gantry - AP47'!$C$8:$E$638,3,FALSE) -> 416 | AO86: 3 | AP86: =VLOOKUP(AO83,'TS Gantry - AP47'!$C$8:$E$638,3,FALSE) -> 411 | AQ86: 3 | AR86: =VLOOKUP(AQ83,'TS Gantry - AP47'!$C$8:$E$638,3,FALSE) -> 429 | AS86: 3 | AT86: =VLOOKUP(AS83,'TS Gantry - AP47'!$C$8:$E$638,3,FALSE) -> 392.643 | AU86: =COUNTIF(B86:AT86,"3") -> 22
C87: 2 | E87: 2 | G87: 2 | I87: 2 | K87: 2 | M87: 2 | O87: 2 | Q87: 2 | S87: 2 | U87: 2 | W87: 2 | Y87: 2 | AA87: 2 | AC87: 2 | AE87: 2 | AG87: 2 | AI87: 2 | AK87: 2 | AM87: 2 | AO87: 2 | AQ87: 2 | AS87: 2
C88: =VLOOKUP(C83,'TS Gantry - AP47'!$C$8:$D$638,2,FALSE) -> DA+6 | E88: =VLOOKUP(E83,'TS Gantry - AP47'!$C$8:$D$638,2,FALSE) -> DA+3 | G88: =VLOOKUP(G83,'TS Gantry - AP47'!$C$8:$D$638,2,FALSE) -> DA+6 | I88: =VLOOKUP(I83,'TS Gantry - AP47'!$C$8:$D$638,2,FALSE) -> DA+0 | K88: =VLOOKUP(K83,'TS Gantry - AP47'!$C$8:$D$638,2,FALSE) -> DA+3 | M88: =VLOOKUP(M83,'TS Gantry - AP47'!$C$8:$D$638,2,FALSE) -> DA+0 | O88: =VLOOKUP(O83,'TS Gantry - AP47'!$C$8:$D$638,2,FALSE) -> DA+6 | Q88: =VLOOKUP(Q83,'TS Gantry - AP47'!$C$8:$D$638,2,FALSE) -> DA+0 | S88: =VLOOKUP(S83,'TS Gantry - AP47'!$C$8:$D$638,2,FALSE) -> DA+0 | U88: =VLOOKUP(U83,'TS Gantry - AP47'!$C$8:$D$638,2,FALSE) -> DA+0 | W88: =VLOOKUP(W83,'TS Gantry - AP47'!$C$8:$D$638,2,FALSE) -> DA+0 | Y88: =VLOOKUP(Y83,'TS Gantry - AP47'!$C$8:$D$638,2,FALSE) -> DB1+0 | AA88: =VLOOKUP(AA83,'TS Gantry - AP47'!$C$8:$D$638,2,FALSE) -> DA+0 | AC88: =VLOOKUP(AC83,'TS Gantry - AP47'!$C$8:$D$638,2,FALSE) -> DA+0 | AE88: =VLOOKUP(AE83,'TS Gantry - AP47'!$C$8:$D$638,2,FALSE) -> DA+0 | AG88: =VLOOKUP(AG83,'TS Gantry - AP47'!$C$8:$D$638,2,FALSE) -> DA+0 | AI88: =VLOOKUP(AI83,'TS Gantry - AP47'!$C$8:$D$638,2,FALSE) -> DA+0 | AK88: =VLOOKUP(AK83,'TS Gantry - AP47'!$C$8:$D$638,2,FALSE) -> DA+3 | AM88: =VLOOKUP(AM83,'TS Gantry - AP47'!$C$8:$D$638,2,FALSE) -> DA+3 | AO88: =VLOOKUP(AO83,'TS Gantry - AP47'!$C$8:$D$638,2,FALSE) -> DA+0 | AQ88: =VLOOKUP(AQ83,'TS Gantry - AP47'!$C$8:$D$638,2,FALSE) -> DA+3 | AS88: =VLOOKUP(AS83,'TS Gantry - AP47'!$C$8:$D$638,2,FALSE) -> DA+3
C90: =AS82+1 -> 191 | E90: =C90+1 -> 192 | G90: =E90+1 -> 193 | I90: =G90+1 -> 194 | K90: =I90+1 -> 195 | M90: =K90+1 -> 196 | O90: =M90+1 -> 197 | Q90: =O90+1 -> 198 | S90: =Q90+1 -> 199 | U90: =S90+1 -> 200 | W90: =U90+1 -> 201 | Y90: =W90+1 -> 202 | AA90: =Y90+1 -> 203 | AC90: =AA90+1 -> 204 | AE90: =AC90+1 -> 205 | AG90: =AE90+1 -> 206 | AI90: =AG90+1 -> 207 | AK90: =AI90+1 -> 208 | AM90: =AK90+1 -> 209 | AO90: =AM90+1 -> 210 | AQ90: =AO90+1 -> 211 | AS90: =AQ90+1 -> 212
C91: =VLOOKUP(C90,'TS Gantry - AP47'!$A$8:$C$638,3,FALSE) -> 30/0 | E91: =VLOOKUP(E90,'TS Gantry - AP47'!$A$8:$C$638,3,FALSE) -> 30/1 | G91: =VLOOKUP(G90,'TS Gantry - AP47'!$A$8:$C$638,3,FALSE) -> 30/2 | I91: =VLOOKUP(I90,'TS Gantry - AP47'!$A$8:$C$638,3,FALSE) -> 30/3 | K91: =VLOOKUP(K90,'TS Gantry - AP47'!$A$8:$C$638,3,FALSE) -> 30/4 | M91: =VLOOKUP(M90,'TS Gantry - AP47'!$A$8:$C$638,3,FALSE) -> 30/5 | O91: =VLOOKUP(O90,'TS Gantry - AP47'!$A$8:$C$638,3,FALSE) -> 30/6 | Q91: =VLOOKUP(Q90,'TS Gantry - AP47'!$A$8:$C$638,3,FALSE) -> 30/7 | S91: =VLOOKUP(S90,'TS Gantry - AP47'!$A$8:$C$638,3,FALSE) -> 30/8 | U91: =VLOOKUP(U90,'TS Gantry - AP47'!$A$8:$C$638,3,FALSE) -> 30/9 | W91: =VLOOKUP(W90,'TS Gantry - AP47'!$A$8:$C$638,3,FALSE) -> 30/10 | Y91: =VLOOKUP(Y90,'TS Gantry - AP47'!$A$8:$C$638,3,FALSE) -> 30/11 | AA91: =VLOOKUP(AA90,'TS Gantry - AP47'!$A$8:$C$638,3,FALSE) -> 30/12 | AC91: =VLOOKUP(AC90,'TS Gantry - AP47'!$A$8:$C$638,3,FALSE) -> 30/13 | AE91: =VLOOKUP(AE90,'TS Gantry - AP47'!$A$8:$C$638,3,FALSE) -> 30/14 | AG91: =VLOOKUP(AG90,'TS Gantry - AP47'!$A$8:$C$638,3,FALSE) -> 30/15 | AI91: =VLOOKUP(AI90,'TS Gantry - AP47'!$A$8:$C$638,3,FALSE) -> 30/16 | AK91: =VLOOKUP(AK90,'TS Gantry - AP47'!$A$8:$C$638,3,FALSE) -> 30/17 | AM91: =VLOOKUP(AM90,'TS Gantry - AP47'!$A$8:$C$638,3,FALSE) -> 30/18 | AO91: =VLOOKUP(AO90,'TS Gantry - AP47'!$A$8:$C$638,3,FALSE) -> 31/0 | AQ91: =VLOOKUP(AQ90,'TS Gantry - AP47'!$A$8:$C$638,3,FALSE) -> 31/1 | AS91: =VLOOKUP(AS90,'TS Gantry - AP47'!$A$8:$C$638,3,FALSE) -> 31/2
C94: 3 | D94: =VLOOKUP(C91,'TS Gantry - AP47'!$C$8:$E$638,3,FALSE) -> 400.999 | E94: 3 | F94: =VLOOKUP(E91,'TS Gantry - AP47'!$C$8:$E$638,3,FALSE) -> 437 | G94: 3 | H94: =VLOOKUP(G91,'TS Gantry - AP47'!$C$8:$E$638,3,FALSE) -> 403 | I94: 3 | J94: =VLOOKUP(I91,'TS Gantry - AP47'!$C$8:$E$638,3,FALSE) -> 412 | K94: 3 | L94: =VLOOKUP(K91,'TS Gantry - AP47'!$C$8:$E$638,3,FALSE) -> 424 | M94: 3 | N94: =VLOOKUP(M91,'TS Gantry - AP47'!$C$8:$E$638,3,FALSE) -> 416 | O94: 3 | P94: =VLOOKUP(O91,'TS Gantry - AP47'!$C$8:$E$638,3,FALSE) -> 410 | Q94: 3 | R94: =VLOOKUP(Q91,'TS Gantry - AP47'!$C$8:$E$638,3,FALSE) -> 415 | S94: 3 | T94: =VLOOKUP(S91,'TS Gantry - AP47'!$C$8:$E$638,3,FALSE) -> 412 | U94: 3 | V94: =VLOOKUP(U91,'TS Gantry - AP47'!$C$8:$E$638,3,FALSE) -> 409 | W94: 3 | X94: =VLOOKUP(W91,'TS Gantry - AP47'!$C$8:$E$638,3,FALSE) -> 426 | Y94: 3 | Z94: =VLOOKUP(Y91,'TS Gantry - AP47'!$C$8:$E$638,3,FALSE) -> 414 | AA94: 3 | AB94: =VLOOKUP(AA91,'TS Gantry - AP47'!$C$8:$E$638,3,FALSE) -> 415 | AC94: 3 | AD94: =VLOOKUP(AC91,'TS Gantry - AP47'!$C$8:$E$638,3,FALSE) -> 378 | AE94: 3 | AF94: =VLOOKUP(AE91,'TS Gantry - AP47'!$C$8:$E$638,3,FALSE) -> 417 | AH94: =VLOOKUP(AG91,'TS Gantry - AP47'!$C$8:$E$638,3,FALSE) -> 346 | AI94: 3 | AJ94: =VLOOKUP(AI91,'TS Gantry - AP47'!$C$8:$E$638,3,FALSE) -> 412 | AK94: 3 | AL94: =VLOOKUP(AK91,'TS Gantry - AP47'!$C$8:$E$638,3,FALSE) -> 428 | AM94: 3 | AN94: =VLOOKUP(AM91,'TS Gantry - AP47'!$C$8:$E$638,3,FALSE) -> 400.73 | AO94: 3 | AP94: =VLOOKUP(AO91,'TS Gantry - AP47'!$C$8:$E$638,3,FALSE) -> 413.999 | AQ94: 3 | AR94: =VLOOKUP(AQ91,'TS Gantry - AP47'!$C$8:$E$638,3,FALSE) -> 424 | AS94: 3 | AT94: =VLOOKUP(AS91,'TS Gantry - AP47'!$C$8:$E$638,3,FALSE) -> 411 | AU94: =COUNTIF(B94:AT94,"3") -> 21
C95: 2 | E95: 2 | G95: 2 | I95: 2 | K95: 2 | M95: 2 | O95: 2 | Q95: 2 | S95: 2 | U95: 2 | W95: 2 | Y95: 2 | AA95: 2 | AC95: 2 | AE95: 2 | AI95: 2 | AK95: 2 | AM95: 2 | AO95: 2 | AQ95: 2 | AS95: 2
C96: =VLOOKUP(C91,'TS Gantry - AP47'!$C$8:$D$638,2,FALSE) -> DB2+0 | E96: =VLOOKUP(E91,'TS Gantry - AP47'!$C$8:$D$638,2,FALSE) -> DA+3 | G96: =VLOOKUP(G91,'TS Gantry - AP47'!$C$8:$D$638,2,FALSE) -> DA+6 | I96: =VLOOKUP(I91,'TS Gantry - AP47'!$C$8:$D$638,2,FALSE) -> DA+0 | K96: =VLOOKUP(K91,'TS Gantry - AP47'!$C$8:$D$638,2,FALSE) -> DA+3 | M96: =VLOOKUP(M91,'TS Gantry - AP47'!$C$8:$D$638,2,FALSE) -> DA+3 | O96: =VLOOKUP(O91,'TS Gantry - AP47'!$C$8:$D$638,2,FALSE) -> DA+0 | Q96: =VLOOKUP(Q91,'TS Gantry - AP47'!$C$8:$D$638,2,FALSE) -> DA+3 | S96: =VLOOKUP(S91,'TS Gantry - AP47'!$C$8:$D$638,2,FALSE) -> DA+3 | U96: =VLOOKUP(U91,'TS Gantry - AP47'!$C$8:$D$638,2,FALSE) -> DB1+0 | W96: =VLOOKUP(W91,'TS Gantry - AP47'!$C$8:$D$638,2,FALSE) -> DA+3 | Y96: =VLOOKUP(Y91,'TS Gantry - AP47'!$C$8:$D$638,2,FALSE) -> DA+0 | AA96: =VLOOKUP(AA91,'TS Gantry - AP47'!$C$8:$D$638,2,FALSE) -> DA+6 | AC96: =VLOOKUP(AC91,'TS Gantry - AP47'!$C$8:$D$638,2,FALSE) -> DA+6 | AE96: =VLOOKUP(AE91,'TS Gantry - AP47'!$C$8:$D$638,2,FALSE) -> DA+3 | AG96: =VLOOKUP(AG91,'TS Gantry - AP47'!$C$8:$D$638,2,FALSE) -> DA+3 | AI96: =VLOOKUP(AI91,'TS Gantry - AP47'!$C$8:$D$638,2,FALSE) -> DA+6 | AK96: =VLOOKUP(AK91,'TS Gantry - AP47'!$C$8:$D$638,2,FALSE) -> DC2+0 | AM96: =VLOOKUP(AM91,'TS Gantry - AP47'!$C$8:$D$638,2,FALSE) -> DA+0 | AO96: =VLOOKUP(AO91,'TS Gantry - AP47'!$C$8:$D$638,2,FALSE) -> DB2+0 | AQ96: =VLOOKUP(AQ91,'TS Gantry - AP47'!$C$8:$D$638,2,FALSE) -> DA+3 | AS96: =VLOOKUP(AS91,'TS Gantry - AP47'!$C$8:$D$638,2,FALSE) -> DA+3
AK97: TP TOWER
C99: =AS90+1 -> 213 | E99: =C99+1 -> 214 | G99: =E99+1 -> 215 | I99: =G99+1 -> 216 | K99: =I99+1 -> 217 | M99: =K99+1 -> 218 | O99: =M99+1 -> 219 | Q99: =O99+1 -> 220 | S99: =Q99+1 -> 221 | U99: =S99+1 -> 222 | W99: =U99+1 -> 223 | Y99: =W99+1 -> 224 | AA99: =Y99+1 -> 225 | AC99: =AA99+1 -> 226 | AE99: =AC99+1 -> 227 | AG99: =AE99+1 -> 228 | AI99: =AG99+1 -> 229 | AK99: =AI99+1 -> 230 | AM99: =AK99+1 -> 231 | AO99: =AM99+1 -> 232 | AQ99: =AO99+1 -> 233 | AS99: =AQ99+1 -> 234
C100: =VLOOKUP(C99,'TS Gantry - AP47'!$A$8:$C$638,3,FALSE) -> 31/3 | E100: =VLOOKUP(E99,'TS Gantry - AP47'!$A$8:$C$638,3,FALSE) -> 31/4 | G100: =VLOOKUP(G99,'TS Gantry - AP47'!$A$8:$C$638,3,FALSE) -> 31/5 | I100: =VLOOKUP(I99,'TS Gantry - AP47'!$A$8:$C$638,3,FALSE) -> 31/6 | K100: =VLOOKUP(K99,'TS Gantry - AP47'!$A$8:$C$638,3,FALSE) -> 31/7 | M100: =VLOOKUP(M99,'TS Gantry - AP47'!$A$8:$C$638,3,FALSE) -> 31/8 | O100: =VLOOKUP(O99,'TS Gantry - AP47'!$A$8:$C$638,3,FALSE) -> 31/9 | Q100: =VLOOKUP(Q99,'TS Gantry - AP47'!$A$8:$C$638,3,FALSE) -> 31/10 | S100: =VLOOKUP(S99,'TS Gantry - AP47'!$A$8:$C$638,3,FALSE) -> 31/11 | U100: =VLOOKUP(U99,'TS Gantry - AP47'!$A$8:$C$638,3,FALSE) -> 31/12 | W100: =VLOOKUP(W99,'TS Gantry - AP47'!$A$8:$C$638,3,FALSE) -> 31/13 | Y100: =VLOOKUP(Y99,'TS Gantry - AP47'!$A$8:$C$638,3,FALSE) -> 31/14 | AA100: =VLOOKUP(AA99,'TS Gantry - AP47'!$A$8:$C$638,3,FALSE) -> 31/15 | AC100: =VLOOKUP(AC99,'TS Gantry - AP47'!$A$8:$C$638,3,FALSE) -> 31/16 | AE100: =VLOOKUP(AE99,'TS Gantry - AP47'!$A$8:$C$638,3,FALSE) -> 31/17 | AG100: =VLOOKUP(AG99,'TS Gantry - AP47'!$A$8:$C$638,3,FALSE) -> 31/18 | AI100: =VLOOKUP(AI99,'TS Gantry - AP47'!$A$8:$C$638,3,FALSE) -> 31/19 | AK100: =VLOOKUP(AK99,'TS Gantry - AP47'!$A$8:$C$638,3,FALSE) -> 31/20 | AM100: =VLOOKUP(AM99,'TS Gantry - AP47'!$A$8:$C$638,3,FALSE) -> 31/21 | AO100: =VLOOKUP(AO99,'TS Gantry - AP47'!$A$8:$C$638,3,FALSE) -> 31/22 | AQ100: =VLOOKUP(AQ99,'TS Gantry - AP47'!$A$8:$C$638,3,FALSE) -> 31/23 | AS100: =VLOOKUP(AS99,'TS Gantry - AP47'!$A$8:$C$638,3,FALSE) -> 31/24
C103: 3 | D103: =VLOOKUP(C100,'TS Gantry - AP47'!$C$8:$E$638,3,FALSE) -> 427 | E103: 3 | F103: =VLOOKUP(E100,'TS Gantry - AP47'!$C$8:$E$638,3,FALSE) -> 413 | G103: 3 | H103: =VLOOKUP(G100,'TS Gantry - AP47'!$C$8:$E$638,3,FALSE) -> 427 | I103: 3 | J103: =VLOOKUP(I100,'TS Gantry - AP47'!$C$8:$E$638,3,FALSE) -> 408 | K103: 3 | L103: =VLOOKUP(K100,'TS Gantry - AP47'!$C$8:$E$638,3,FALSE) -> 432 | M103: 3 | N103: =VLOOKUP(M100,'TS Gantry - AP47'!$C$8:$E$638,3,FALSE) -> 408 | O103: 3 | P103: =VLOOKUP(O100,'TS Gantry - AP47'!$C$8:$E$638,3,FALSE) -> 409 | Q103: 3 | R103: =VLOOKUP(Q100,'TS Gantry - AP47'!$C$8:$E$638,3,FALSE) -> 415 | S103: 3 | T103: =VLOOKUP(S100,'TS Gantry - AP47'!$C$8:$E$638,3,FALSE) -> 346 | U103: 3 | V103: =VLOOKUP(U100,'TS Gantry - AP47'!$C$8:$E$638,3,FALSE) -> 342 | W103: 3 | X103: =VLOOKUP(W100,'TS Gantry - AP47'!$C$8:$E$638,3,FALSE) -> 409 | Y103: 3 | Z103: =VLOOKUP(Y100,'TS Gantry - AP47'!$C$8:$E$638,3,FALSE) -> 391 | AA103: 3 | AB103: =VLOOKUP(AA100,'TS Gantry - AP47'!$C$8:$E$638,3,FALSE) -> 437 | AC103: 3 | AD103: =VLOOKUP(AC100,'TS Gantry - AP47'!$C$8:$E$638,3,FALSE) -> 373 | AE103: 3 | AF103: =VLOOKUP(AE100,'TS Gantry - AP47'!$C$8:$E$638,3,FALSE) -> 463 | AG103: 3 | AH103: =VLOOKUP(AG100,'TS Gantry - AP47'!$C$8:$E$638,3,FALSE) -> 431 | AI103: 3 | AJ103: =VLOOKUP(AI100,'TS Gantry - AP47'!$C$8:$E$638,3,FALSE) -> 409 | AK103: 3 | AL103: =VLOOKUP(AK100,'TS Gantry - AP47'!$C$8:$E$638,3,FALSE) -> 424 | AM103: 3 | AN103: =VLOOKUP(AM100,'TS Gantry - AP47'!$C$8:$E$638,3,FALSE) -> 395 | AO103: 3 | AP103: =VLOOKUP(AO100,'TS Gantry - AP47'!$C$8:$E$638,3,FALSE) -> 419 | AQ103: 3 | AR103: =VLOOKUP(AQ100,'TS Gantry - AP47'!$C$8:$E$638,3,FALSE) -> 392 | AS103: 3 | AT103: =VLOOKUP(AS100,'TS Gantry - AP47'!$C$8:$E$638,3,FALSE) -> 408 | AU103: =COUNTIF(B103:AT103,"3") -> 22
C104: 2 | E104: 2 | G104: 2 | I104: 2 | K104: 2 | M104: 2 | O104: 2 | Q104: 2 | S104: 2 | U104: 2 | W104: 2 | Y104: 2 | AA104: 2 | AC104: 2 | AE104: 2 | AG104: 2 | AI104: 2 | AK104: 2 | AM104: 2 | AO104: 2 | AQ104: 2 | AS104: 2
