Workbook
Name __________________________b111121: #REF!
Name __________________________b111121: #REF!
Name _________________________b111121: #REF!
Name _________________________b111121: #REF!
Name ________________________b111121: #REF!
Name ________________________b111121: #REF!
Name _______________________b111121: #REF!
Name _______________________b111121: #REF!
Name ______________________b111121: #REF!
Name ______________________b111121: #REF!
Name ______________________TAB1: #REF!
Name _____________________b111121: #REF!
Name _____________________b111121: #REF!
Name _____________________TAB1: #REF!
Name ____________________b111121: #REF!
Name ____________________b111121: #REF!
Name ____________________KEY3: #REF!
Name ____________________KEY3: #REF!
Name ____________________TAB1: #REF!
Name ___________________b111121: #REF!
Name ___________________b111121: #REF!
Name ___________________KEY3: #REF!
Name ___________________KEY3: #REF!
Name ___________________TAB1: #REF!
Name __________________b111121: #REF!
Name __________________b111121: #REF!
Name __________________KEY3: #REF!
Name __________________KEY3: #REF!
Name __________________TAB1: #REF!
Name _________________b111121: #REF!
Name _________________b111121: #REF!
Name _________________KEY3: #REF!
Name _________________KEY3: #REF!
Name _________________TAB1: #REF!
Name ________________b111121: #REF!
Name ________________b111121: #REF!
Name ________________KEY3: #REF!
Name ________________KEY3: #REF!
Name ________________TAB1: #REF!
Name _______________b111121: #REF!
Name _______________b111121: #REF!
Name _______________KEY3: #REF!
Name _______________KEY3: #REF!
Name _______________TAB1: #REF!
Name ______________b111121: #REF!
Name ______________b111121: #REF!
Name ______________TAB1: #REF!
Name _____________A65537: #REF!
Name _____________A65537: #REF!
Name _____________b111121: #REF!
Name _____________b111121: #REF!
Name _____________TAB1: #REF!
Name ____________A655600: #REF!
Name ____________A655600: #REF!
Name ____________b111121: #REF!
Name ____________b111121: #REF!
Name ____________KEY3: #REF!
Name ____________KEY3: #REF!
Name ____________TAB1: #REF!
Name ___________A65537: #REF!

Sheet Visual Chart 
B1: VISUAL PROGRESS CHART
B2: TL-02 765 KV D/C Kurnool IV - Bidar Transmission Line
B3: Foundation (Nos.):- | D3: =H15 -> 0 | E3: / 297 | F3: Erection (Nos.):- | I3: / 297 | J3: Earthing (Nos.):- | M3: / 297 | N3: Rough Sag (Kms):- | Q3: 113.292 | R3: Final Sag (Kms):- | U3: 113.292 | V3: Date:- | W3: ='Master Sheet'!H2 -> 46167
B4: COMPLETION CHART | C4: -3 | D4: +0 | E4: +3 | F4: +6 | G4: +9 | H4: Total | I4: Line Qty
J5: ERECTION | P5: Rough Sag | R5: SH / NH Road Crossing
J6: WIP | V6: River
B7: DA | H7: =SUM(C7:G7) -> 0 | K7: Type | M7: Angle Tower | R7: Gas Pipeline
B8: DB1 | H8: =SUM(C8:G8) -> 0 | J8: FOUNDATION
B9: DB2 | H9: =SUM(C9:G9) -> 0 | O9: Final Sag
B10: DC1 | H10: =SUM(C10:G10) -> 0
B11: DC2 | H11: =SUM(C11:G11) -> 0 | S11: Railway
B12: DCT | H12: =SUM(C12:G12) -> 0 | Q12: WIP
B13: DD45 | H13: =SUM(C13:G13) -> 0 | J13: Section Tower | K13: SC | S13: Crossing | V13: 110-800 KV
B14: DD60 | H14: =SUM(C14:G14) -> 0 | J14: TP | K14: TT | M14: Earthing | P14: OPGW | V14: Line
B15: Total Completed Foundations | H15: =SUM(H7:H14) -> 0 | I15: =SUM(I7:I14) -> 0
AB16: 110kv OHTL
AA18: SH -122
C19: 411 | E19: 432 | G19: 408 | I19: 433 | K19: 409 | M19: 432 | O19: 375 | Q19: 414 | S19: 403 | U19: 406 | W19: 319 | Y19: 384
B21: 48/0 | D21: 48/1 | F21: 48/2 | H21: 48/3 | J21: 48/4 | L21: 48/5 | N21: 48/6 | P21: 48/7 | R21: 49/0 | T21: 49/1 | V21: 49/2 | X21: 49/3
B22: 3DB1+0 | D22: 3DA+6 | F22: 3DA+0 | H22: 3DA+6 | J22: 3DA+3 | L22: 3DA+3 | N22: 3DA+3 | P22: 3DA+6 | R22: 3DC1+3 | T22: 3DA+0 | V22: 3DA+0 | X22: 3DA+0
C25: 385 | E25: 409 | G25: 369 | I25: 350 | K25: 395 | M25: 412 | O25: 366 | Q25: 383 | S25: 300 | U25: 393 | W25: 414 | Y25: 412
B27: 49/4 | D27: 49/5 | F27: 49/6 | H27: 49/7 | J27: 49/8 | L27: 49/9 | N27: 49/10 | P27: 49/11 | R27: 50/0 | T27: 50/1 | V27: 50/2 | X27: 50/3
B28: 3DA+0 | D28: 3DA+6 | F28: 3DA+0 | H28: 3DA+0 | J28: 3DA+0 | L28: 3DA+0 | N28: 3DA+0 | P28: 3DA+0 | R28: 3DC2+0 | T28: 3DA+0 | V28: 3DA+0 | X28: 3DA+3
C32: 377 | E32: 369 | G32: 369 | I32: 403 | K32: 374 | M32: 416 | O32: 424 | Q32: 401 | S32: 437 | U32: 369 | W32: 361 | Y32: 458
B34: 51/0 | D34: 51/1 | F34: 51/2 | H34: 51/3 | J34: 51/4 | L34: 51/5 | N34: 51/6 | P34: 51/7 | R34: 51/8 | T34: 51/9 | V34: 51/10 | X34: 52/0
B35: 3DC2+0 | D35: 3DA+3 | F35: 3DA+0 | H35: 3DA+0 | J35: 3DA+0 | L35: 3DA+0 | N35: 3DA+3 | P35: 3DA+3 | R35: 3DA+3 | T35: 3DA+3 | V35: 3DA+0 | X35: 3DB2+0
X36: RWY Xing | Y36: TDR-VBD
C39: 355 | E39: 347 | G39: 430 | I39: 408 | K39: 402 | M39: 411 | O39: 397 | Q39: 404 | S39: 398 | U39: 430 | W39: 320 | Y39: 230
B41: 52/1 | D41: 52/2 | F41: 52/3 | H41: 52/4 | J41: 53/0 | L41: 53/1 | N41: 53/2 | P41: 53/3 | R41: 53/4 | T41: 53/5 | V41: 53/6 | X41: 54/0
B42: 3DA+9 | D42: 3DA+0 | F42: 3DA+0 | H42: 3DA+0 | J42: 3DB2+3 | L42: 3DA+3 | N42: 3DA+0 | P42: 3DA+3 | R42: 3DA+3 | T42: 3DA+0 | V42: 3DA+3 | X42: 3DD60+0
C46: 339 | E46: 365 | G46: 409 | I46: 343 | K46: 352 | M46: 419 | O46: 410 | Q46: 413 | S46: 407 | U46: 352 | W46: 405 | Y46: 393
B48: 55/0 | D48: 55/1 | F48: 55/2 | H48: 55/3 | J48: 56/0 | L48: 56/1 | N48: 56/2 | P48: 56/3 | R48: 56/4 | T48: 56/5 | V48: 56/6 | X48: 56/7
B49: 3DD60+0 | D49: 3DA+0 | F49: 3DA+0 | H49: 3DA+0 | J49: 3DC1+0 | L49: 3DA+3 | N49: 3DA+3 | P49: 3DA+0 | R49: 3DA+3 | T49: 3DA+3 | V49: 3DA+0 | X49: 3DA+0
M50: 220KV D/C OHTL
M51: TDR-GBL
C53: 439 | E53: 398 | G53: 445 | I53: 355 | K53: 447 | M53: 215 | O53: 498 | Q53: 325 | S53: 388 | U53: 381 | W53: 349 | Y53: 373
B55: 56/8 | D55: 56/9 | F55: 56/10 | H55: 56/11 | J55: 56/12 | L55: 57/0 | N55: 58/0 | P55: 58/1 | R55: 58/2 | T55: 58/3 | V55: 59/0 | X55: 59/1
B56: 3DA+0 | D56: 3DA+6 | F56: 3DA+0 | H56: 3DA+0 | J56: 3DA+0 | L56: 3DC1+9 | N56: 3DB2+6 | P56: 3DA+6 | R56: 3DA+0 | T56: 3DA+3 | X56: 3DA+0
C60: 386 | E60: 429 | G60: 377 | I60: 405 | K60: 425 | M60: 344 | O60: 399 | Q60: 439 | S60: 403 | U60: 480 | W60: 535 | Y60: 389
B62: 59/2 | D62: 59/3 | F62: 59/4 | H62: 59/5 | J62: 60/0 | L62: 60/1 | N62: 60/2 | P62: 60/3 | R62: 60/4 | T62: 60/5 | V62: 60/6 | X62: 60/7
B63: 3DA+0 | D63: 3DA+0 | F63: 3DA+6 | H63: 3DA+0 | J63: 3DB2+0 | L63: 3DA+0 | N63: 3DA+0 | P63: 3DA+6 | R63: 3DA+0 | T63: 3DB1+6 | V63: 3DB1+9 | X63: 3DB1+9
E64: NH-163
E65: KDL-HYD
C67: 454 | E67: 247 | G67: 373 | I67: 401 | K67: 388 | M67: 328 | O67: 330 | Q67: 331 | S67: 361 | U67: 306 | W67: 336 | Y67: 278
B69: 60/8 | D69: 61/0 | F69: 62/0 | H69: 62/1 | J69: 62/2 | L69: 62/3 | N69: 62/4 | P69: 63/0 | R69: 63/1 | T69: 63/2 | V69: 63/3 | X69: 63/4
B70: 3DA+3 | D70: 3DB1+0 | F70: 3DC1+0 | H70: 3DA+0 | J70: 3DA+9 | L70: 3DA+0 | N70: 3DA+0 | P70: 3DC2+0 | R70: 3DA+0 | T70: 3DA+0 | V70: 3DA+0 | X70: 3DA+0
C74: 439 | E74: 401 | G74: 350 | I74: 335 | K74: 314 | M74: 421 | O74: 466 | Q74: 352 | S74: 403 | U74: 373 | W74: 362 | Y74: 351
B76: 64/0 | D76: 65/0 | F76: 65/1 | H76: 65/2 | J76: 65/3 | L76: 66/0 | N76: 66/1 | P76: 67/0 | R76: 67/1 | T76: 67/2 | V76: 67/3 | X76: 67/4
B77: 3DC2+0 | D77: 3DC2+3 | F77: 3DA+0 | H77: 3DA+3 | J77: 3DA+0 | L77: 3DC1+3 | N77: 3DB1+6 | P77: 3DD45+6 | R77: 3DA+9 | T77: 3DA+0 | V77: 3DA+0 | X77: 3DA+3
X78: 220KV D/C OHTL
Y79: TDR-MBR
C81: 361 | E81: 375 | G81: 425 | I81: 429 | K81: 350 | M81: 483 | O81: 453 | Q81: 388 | S81: 317 | U81: 324 | W81: 485 | Y81: 249
B83: 68/0 | D83: 68/1 | F83: 68/2 | H83: 69/0 | J83: 69/1 | L83: 69/2 | N83: 70/0 | P83: 70/1 | R83: 70/2 | T83: 70/3 | V83: 70/4 | X83: 71/0
B84: 3DB2+0 | D84: 3DA+3 | F84: 3DA+6 | H84: 3DB2+6 | J84: 3DA+9 | L84: 3DA+6 | N84: 3DC2+3 | P84: 3DA+9 | R84: 3DA+0 | T84: 3DA+0 | V84: 3DA+3 | X84: 3DC2+9
M85: NH-167N | W85: 132KV S/C OHTL
M86: KDL-KSG | W86: KSG-PRG
C88: 429 | E88: 399 | G88: 435 | I88: 404 | K88: 374 | M88: 250 | O88: 398 | Q88: 364 | S88: 380 | U88: 459 | W88: 206 | Y88: 385
B90: 72/0 | D90: 72/1 | F90: 73/0 | H90: 73/1 | J90: 73/2 | L90: 74/0 | N90: 75/0 | P90: 75/1 | R90: 75/2 | T90: 75/3 | V90: 76/0 | X90: 77/0
B91: 3DB2+9 | D91: 3DA+3 | F91: 3DB2+0 | H91: 3DA+6 | J91: 3DA+0 | L91: 3DC1+0 | N91: 3DC1+0 | P91: 3DA+3 | R91: 3DA+0 | T91: 3DA+0 | V91: 3DC1+9 | X91: 3DD45+6
C95: 372 | E95: 384 | G95: 400 | I95: 386 | K95: 398 | M95: 393 | O95: 387 | Q95: 378 | S95: 410 | U95: 368 | W95: 396 | Y95: 395
B97: 77/1 | D97: 77/2 | F97: 77/3 | H97: 77/4 | J97: 77/5 | L97: 77/6 | N97: 77/7 | P97: 77/8 | R97: 77/9 | T97: 77/10 | V97: 78/0 | X97: 78/1
B98: 3DA+0 | D98: 3DA+0 | F98: 3DA+0 | H98: 3DA+0 | J98: 3DA+0 | L98: 3DA+0 | N98: 3DA+0 | P98: 3DA+0 | R98: 3DA+0 | T98: 3DA+3 | V98: 3DC1+0 | X98: 3DA+3
AA100: NH-161B
C103: 414 | E103: 350 | G103: 356 | I103: 460 | K103: 379 | M103: 383 | O103: 400 | Q103: 421 | S103: 323 | U103: 312 | W103: 360 | Y103: 301
B105: 78/2 | D105: 78/3 | F105: 79/0 | H105: 79/1 | J105: 79/2 | L105: 79/3 | N105: 80/0 | P105: 80/1 | R105: 80/2 | T105: 80/3 | V105: 80/4 | X105: 80/5
B106: 3DA+3 | D106: 3DA+0 | F106: 3DC1+0 | H106: 3DA+3 | J106: 3DA+6 | L106: 3DA+9 | N106: 3DB2+9 | P106: 3DA+3 | R106: 3DA+3 | T106: 3DA+0 | V106: 3DA+0 | X106: 3DA+0
C110: 379 | E110: 394 | G110: 410 | I110: 404 | K110: 436 | M110: 437 | O110: 406 | Q110: 438 | S110: 412 | U110: 413 | W110: 328 | Y110: 385
B112: 80/6 | D112: 81/0 | F112: 81/1 | H112: 81/2 | J112: 81/3 | L112: 82/0 | N112: 82/1 | P112: 82/2 | R112: 83/0 | T112: 83/1 | V112: 83/2 | X112: 84/0
B113: 3DA+0 | D113: 3DD45+9 | F113: 3DA+0 | H113: 3DA+3 | J113: 3DA+0 | L113: 3DC1+9 | N113: 3DA+0 | P113: 3DA+6 | R113: 3DB2+6 | T113: 3DA+0 | V113: 3DA+3 | X113: 3DB1+0
C117: 415 | E117: 394 | G117: 362 | I117: 386 | K117: 425 | M117: 412 | O117: 337 | Q117: 323 | S117: 329 | U117: 315 | W117: 465 | Y117: 374
B119: 84/1 | D119: 84/2 | F119: 84/3 | H119: 84/4 | J119: 84/5 | L119: 84/6 | N119: 84/7 | P119: 85/0 | R119: 85/1 | T119: 85/2 | V119: 85/3 | X119: 85/4
B120: 3DA+6 | D120: 3DA+6 | F120: 3DA+0 | H120: 3DA+0 | J120: 3DA+0 | L120: 3DA+0 | N120: 3DA+0 | P120: 3DB1+6 | R120: 3DA+9 | T120: 3DA+6 | V120: 3DA+3 | X120: 3DA+3
C124: 400 | E124: 359 | G124: 468 | I124: 287 | K124: 416 | M124: 352 | O124: 361 | Q124: 426 | S124: 394 | U124: 384 | W124: 414 | Y124: 480
B126: 86/0 | D126: 86/1 | F126: 87/0 | H126: 88/0 | J126: 89/0 | L126: 89/1 | N126: 90/0 | P126: 90/1 | R126: 90/2 | T126: 90/3 | V126: 90/4 | X126: 90/5
B127: 3DC1+6 | D127: 3DA+3 | F127: 3DC1+3 | H127: 3DB1+9 | J127: 3DC1+6 | L127: 3DA+0 | N127: 3DB2+0 | P127: 3DA+3 | R127: 3DA+0 | T127: 3DA+3 | V127: 3DA+0 | X127: 3DB1+9
C131: 395 | E131: 329 | G131: 418 | I131: 467 | K131: 443 | M131: 311 | O131: 479 | Q131: 321 | S131: 506 | U131: 421 | W131: 421 | Y131: 406
B133: 91/0 | D133: 91/1 | F133: 91/2 | H133: 92/0 | J133: 92/1 | L133: 92/2 | N133: 93/0 | P133: 93/1 | R133: 93/2 | T133: 93/3 | V133: 94/0 | X133: 94/1
B134: 3DC2+3 | D134: 3DA+3 | F134: 3DA+6 | H134: 3DD45+0 | J134: 3DB1+9 | L134: 3DA+0 | N134: 3DB2+3 | P134: 3DA+3 | R134: 3DA+9 | T134: 3DB1+9 | V134: 3DC1+3 | X134: 3DA+0
C138: 435 | E138: 533 | G138: 265 | I138: 484 | K138: 611 | M138: 367 | O138: 469 | Q138: 371 | S138: 370 | U138: 327 | W138: 318 | Y138: 340
B140: 94/2 | D140: 94/3 | F140: 95/0 | H140: 96/0 | J140: 96/1 | L140: 96/2 | N140: 96/3 | P140: 96/4 | R140: 96/5 | T140: 96/6 | V140: 96/7 | X140: 96/8
B141: 3DA+3 | D141: 3DB1+9 | F141: 3DD45+9 | H141: 3DD45+9 | J141: 3DB1+0 | L141: 3DB1+0 | N141: 3DA+6 | P141: 3DA+3 | R141: 3DA+0 | T141: 3DA+0 | V141: 3DA+0 | X141: 3DA+0
C144: 396 | E144: 377 | G144: 398 | I144: 393 | K144: 374 | M144: 363 | O144: 349 | Q144: 386 | S144: 390 | U144: 417 | W144: 423 | Y144: 340
B146: 97/0 | D146: 97/1 | F146: 97/2 | H146: 97/3 | J146: 97/4 | L146: 98/0 | N146: 98/1 | P146: 98/2 | R146: 98/3 | T146: 98/4 | V146: 98/5 | X146: 99/0
B147: 3DB2+0 | D147: 3DA+3 | F147: 3DA+0 | H147: 3DA+0 | J147: 3DA+3 | L147: 3DC1+0 | N147: 3DA+0 | P147: 3DA+0 | R147: 3DA+0 | T147: 3DA+0 | V147: 3DA+6 | X147: 3DC1+0
C150: 365 | E150: 403 | G150: 382 | I150: 395 | K150: 385 | M150: 381 | O150: 395 | Q150: 403 | S150: 383 | U150: 386 | W150: 397 | Y150: 371
B152: 99/1 | D152: 99/2 | F152: 99/3 | H152: 99/4 | J152: 99/5 | L152: 99/6 | N152: 99/7 | P152: 99/8 | R152: 99/9 | T152: 99/10 | V152: 99/11 | X152: 99/12
B153: 3DA+0 | D153: 3DA+0 | F153: 3DA+3 | H153: 3DA+3 | J153: 3DA+0 | L153: 3DA+0 | N153: 3DA+0 | P153: 3DA+0 | R153: 3DA+0 | T153: 3DA+0 | V153: 3DA+0 | X153: 3DA+0
C156: 422 | E156: 417 | G156: 400 | I156: 421 | K156: 419 | M156: 402 | O156: 402 | Q156: 411 | S156: 355 | U156: 390 | W156: 380 | Y156: 390
B158: 100/0 | D158: 100/1 | F158: 100/2 | H158: 100/3 | J158: 100/4 | L158: 100/5 | N158: 100/6 | P158: 100/7 | R158: 100/8 | T158: 101/0 | V158: 101/1 | X158: 101/2
B159: 3DB2+0 | D159: 3DA+3 | F159: 3DA+3 | H159: 3DA+0 | J159: 3DA+3 | L159: 3DA+0 | N159: 3DA+0 | P159: 3DA+3 | R159: 3DA+0 | T159: 3DB1+0 | V159: 3DA+0 | X159: 3DA+0
C162: 422 | E162: 417 | G162: 400 | I162: 421 | K162: 419 | M162: 402 | O162: 402 | Q162: 411 | S162: 355 | U162: 390 | W162: 380 | Y162: 390
B164: 100/0 | D164: 100/1 | F164: 100/2 | H164: 100/3 | J164: 100/4 | L164: 100/5 | N164: 100/6 | P164: 100/7 | R164: 100/8 | T164: 101/0 | V164: 101/1 | X164: 101/2
B165: 3DB2+0 | D165: 3DA+3 | F165: 3DA+3 | H165: 3DA+0 | J165: 3DA+3 | L165: 3DA+0 | N165: 3DA+0 | P165: 3DA+3 | R165: 3DA+0 | T165: 3DB1+0 | V165: 3DA+0 | X165: 3DA+0

Sheet Master Sheet
C2: Project Code | D2: TA-601 | G2: Date as on | H2: 46167 | I2: SBU Head | J2: Mr. Rajinder Gupta
C3: Project Name | D3: 765kV D/C Kurnool IV - Bidar trnasmission line (Part II) | G3: LOA Start Date | H3: 13.05.2025 | I3: PCH | J3: Mr. Arun Felbin R
C4: Client Name | D4: POWERGRID KURNOOL IV TRANSMISSION LIMITED | G4: LOA End Date | H4: 12.04.2027 | I4: Regional Manager | J4: Mr. Ajith Kumar MG
C5: Duration | D5: 23 Months | G5: Planning Engineer | H5: Mr. Appala Swamy | I5: Chief Manger | J5: Mr. Senthil Jayaraman
B8: Survey Status
B9: Activity | C9: Unit | D9: Final Est. Qty | E9: L2 till Last Month | F9: Completed till Last Month | G9: Approved till Last Month | H9: Balance to Submit | I9: Plan for Current Month | J9: Balance to Approve | K9: L2 Submission Plan for Current Month | L9: Approved till Current Month | M9: Remarks
B10: Detailed Survey | C10: kms | D10: 113.286 | E10: 113.286 | F10: 113.286 | G10: 113.286 | H10: 0 | I10: 0 | J10: 0 | K10: 0 | L10: 113.286
B11: Check Survey | C11: kms | D11: 113.286 | E11: 113.286 | F11: 113.286 | G11: 113.266 | H11: =E11-F11 -> 0 | I11: 0.398 | J11: 0.4 | K11: 0 | L11: 112.266
B14: Foundation Status
B15: Activity | C15: Scope Quantity | D15: Cumulative L2 till Last Month | E15: Cumulative Progress till Last Month | F15: L2 for present Month | G15: Plan for the Month | H15: Today's Progress | I15: Progress for Current Month | J15: L2 till Current Month | K15: Completed till Date | L15: Balance Work | M15: Under Progress | N15: Gangs at Present | O15: Remarks
B16: Foundation | C16: 292 | D16: 252 | E16: 113 | F16: 25 | G16: 40 | H16: 0 | I16: 9 | J16: 277 | K16: =E16+I16 -> 122 | L16: =292-K16 -> 170 | M16: 8 | N16: 6
B17: Earthing | C17: 292 | D17: 252 | E17: 89 | F17: 25 | G17: 40 | H17: 0 | I17: 10 | J17: =J16 -> 277 | K17: =E17+I17 -> 99 | L17: =C17-K17 -> 193
B18: Tower Erection | C18: 292 | D18: 290 | E18: 70 | F18: 35 | G18: 35 | H18: 0 | I18: 1 | J18: 225 | K18: =E18+I18 -> 71 | L18: =C18-K18 -> 221 | M18: 1 | N18: 1
B19: Stringing -R/S | C19: 113.286 | D19: 17 | E19: 0 | F19: 12 | G19: 0 | H19: 0 | I19: 0 | J19: 29 | K19: =E19+I19 -> 0 | L19: =C19-K19 -> 113.286
B20: Stringing -F/S | C20: 113.286 | D20: 17 | E20: 0 | F20: 12 | G20: 0 | H20: 0 | I20: 0 | J20: 29 | K20: =E20+I20 -> 0 | L20: =C20-K20 -> 113.286
B21: OPGW | C21: 113.286 | D21: 17 | E21: 0 | F21: 12 | G21: 0 | H21: 0 | I21: 0 | J21: 29 | K21: =E21+I21 -> 0 | L21: =C21-K21 -> 113.286
B22: NH Crossing | C22: 3 | L22: =C22-K22 -> 3
B23: SH Crossing | C23: 1 | L23: =C23-K23 -> 1
B24: Railway crossing | C24: 2 | L24: =C24-K24 -> 2
B25: Power Line Crossing | C25: 6 | L25: =C25-K25 -> 6
B27: WIP - Foundations | C27: Pit A | D27: Pit B | E27: Pit C | F27: Pit D | G27: Gang | K27: WIP-Erection | L27: Status | M27: Gang
B28: 48/0 | C28: Excavation WIP | D28: Excavation WIP | E28: Excavation WIP | F28: Excavation WIP | G28: BALAJI Services | K28: 59/0 | L28: 2nd Section WIP | M28: NASIRUDDIN
B29: 49/0 | C29: Blasting | D29: Blasting | E29: Blasting | F29: Blasting | G29: AMMU ENGG
B30: 49/4 | C30: Blasting | D30: Blasting | E30: Blasting | F30: Blasting | G30: AMMU ENGG
B31: 56/0 | C31: Excavated | D31: Excavated | E31: Excavated | F31: Excavated | G31: D. Govind Raj
B32: 56/5 | C32: PCC | D32: PCC | E32: PCC | F32: PCC | G32: Veer Teja
B33: 56/10 | C33: Excavation WIP | D33: Excavation WIP | E33: Excavation WIP | F33: Excavation WIP | G33: Veer Teja
B34: 68/0 | C34: Excavated | D34: Steel Binding | E34: Steel Binding | F34: Excavated | G34: ATK
B35: 99/5 | C35: Pit Marking | D35: Pit Marking | E35: Pit Marking | F35: Pit Marking | G35: Trinergy
B37: Supply Status
B38: Activity | C38: Unit | D38: Final Est. Qty | E38: L2 till Last Month | F38: Received till Last Month | G38: Balance | H38: L2 Plan for Current Month | I38: Plan for Current Month | J38: Progress for the Month | K38: Received till Current Month | L38: Gap between Supply & Cumm.L2 | M38: Remarks
B39: Stub | C39: Set | D39: 292 | E39: 292 | F39: 235 | G39: =D39-F39 -> 57 | H39: 0 | I39: 0 | J39: 0 | K39: =F39+J39 -> 235 | L39: =E39+H39-K39 -> 57
B40: Tower | C40: No's | D40: 292 | E40: 230 | F40: 230 | G40: =D40-F40 -> 62 | H40: 60 | I40: 60 | J40: 26 | K40: =F40+J40 -> 256 | L40: =E40+H40-K40 -> 34
B41: AL59 Conductor | C41: kms | D41: 4314 | E41: 3000 | F41: 3285.198 | G41: =D41-F41 -> 1028.802 | H41: 300 | I41: 300 | J41: =206.444+66.289 -> 272.733 | K41: =F41+J41+63.069 -> 3621 | L41: =E41+H41-K41 -> -321
B43: Support Required :
B44: 1) RC Foundation Drawings Required- DC,DD45,DD60 (1MRC,2MRC,3MRC)

Sheet Progress Sheet 
B2: Survey Status
B3: Activity | C3: Unit | D3: Final Est. Qty | E3: L2 till Last Month | G3: Completed till Last Month | H3: Approved till Last Month | I3: Balance to Submit | J3: Balance to Approve | K3: L2 Submission Plan for Current Month | L3: Progress For Month | M3: Approved till Current Month | N3: Remarks
B4: Detailed Survey | C4: kms | D4: ='Master Sheet'!D10 -> 113.286 | E4: ='Master Sheet'!E10 -> 113.286 | G4: 113.286 | H4: ='Master Sheet'!G10 -> 113.286 | I4: ='Master Sheet'!H10 -> 0 | J4: ='Master Sheet'!J10 -> 0 | K4: ='Master Sheet'!K10 -> 0 | L4: ='Master Sheet'!I10 -> 0 | M4: ='Master Sheet'!L10 -> 113.286
B5: Check Survey | C5: kms | D5: ='Master Sheet'!D11 -> 113.286 | E5: ='Master Sheet'!E11 -> 113.286 | G5: ='Master Sheet'!F11 -> 113.286 | H5: ='Master Sheet'!G11 -> 113.266 | I5: ='Master Sheet'!H11 -> 0 | J5: ='Master Sheet'!J11 -> 0.4 | K5: 20 | L5: ='Master Sheet'!I11 -> 0.398 | M5: ='Master Sheet'!L11 -> 112.266
B7: PROGRESS - Check Survey
B8: S.No | C8: Section | E8: Length | G8: Check survey status
L10: =COUNTIFS($I$13:$L$154,"Foundation Completed.") -> 122
B11: PROGRESS - FDN & EREC
B12: S.No | C12: Location No. | D12: Tower Type | E12: Classification | F12: ROW cleared date | G12: Start Date | H12: Conc Volume | I12: Foundation Status | M12: End Date | N12: Gang Name | O12: Erection Status | P12: Gang Strength | Q12: Remarks
B13: 1 | C13: 81/2 | D13: DA+3 | E13: DFR | F13: =G13 -> 45854 | G13: 45854 | H13: 26.43 | I13: Foundation completed. | M13: 45876 | N13: MARC | P13: 10
B14: =B13+1 -> 2 | C14: 82/1 | D14: DA+0 | E14: WC | F14: 45848 | G14: 45849 | H14: 22.4 | I14: Foundation completed. | M14: 45891 | N14: MARC | P14: 10
B15: =B14+1 -> 3 | C15: 81/1 | D15: DA+0 | E15: DFR | F15: =ROW!D6 -> 0 | G15: 45892 | H15: 23.27 | I15: Foundation completed. | M15: 45913 | N15: MARC | P15: 10
B16: =B15+1 -> 4 | C16: 80/5 | D16: DA+0 | E16: DRY | F16: 45898 | G16: 45902 | H16: 21.96 | I16: Foundation completed. | M16: 45918 | N16: MARC | P16: 10
B17: =B16+1 -> 5 | C17: 80/1 | D17: DA+6 | E17: WFR | F17: 45897 | G17: 45898 | H17: 36.66 | I17: Foundation completed. | M17: 45940 | N17: MARC | P17: 10
B18: =B17+1 -> 6 | C18: 59/5 | D18: DA+0 | E18: DRY | F18: 45930 | G18: 45938 | H18: 21.96 | I18: Foundation completed. | M18: 45949 | N18: SHRIARSHINI | P18: 10
B19: =B18+1 -> 7 | C19: 84/3 | D19: DA+0 | E19: DRY | F19: 45919 | G19: 45940 | H19: 21.96 | I19: Foundation completed. | M19: 45949 | N19: SHIVRATHIRI BALRAJ | P19: 10
B20: =B19+1 -> 8 | C20: 59/4 | D20: DA+6 | E20: DRY | F20: 45933 | G20: 45938 | H20: 25.04 | I20: Foundation completed. | M20: 45951 | N20: SHRIARSHINI | P20: 20
B21: =B20+1 -> 9 | C21: 84/4 | D21: DA+0 | E21: DRY | F21: 45925 | G21: 45941 | H21: 21.96 | I21: Foundation completed. | M21: 45954 | N21: SHIVRATHIRI BALRAJ | P21: 10
B22: =B21+1 -> 10 | C22: 60/2 | D22: DA+0 | E22: DFR | G22: 45944 | H22: 23.27 | I22: Foundation completed. | M22: 45955 | N22: SHRIARSHINI | P22: 20
B23: =B22+1 -> 11 | C23: 80/4 | D23: DA+3 | E23: WFR | F23: 45919 | G23: 45923 | H23: 36.66 | I23: Foundation completed. | M23: 45957 | N23: MARC | P23: 10
B24: =B23+1 -> 12 | C24: 77/4 | D24: DA+0 | E24: DRY | F24: 45916 | G24: 45917 | H24: 21.96 | I24: Foundation completed. | M24: 45961 | N24: SHIVRATHIRI BALRAJ | P24: 10
B25: =B24+1 -> 13 | C25: 77/10 | D25: DA+3 | E25: DRY | G25: 45957 | H25: 25.04 | I25: Foundation completed. | M25: 45966 | N25: SHIVRATHIRI BALRAJ | P25: 10
B26: =B25+1 -> 14 | C26: 59/2 | D26: DA+0 | E26: DRY | G26: 45959 | H26: 21.96 | I26: Foundation completed. | M26: 45969 | N26: SHRIARSHINI | P26: 15
B27: =B26+1 -> 15 | C27: 77/7 | D27: DA+0 | E27: DFR | G27: 45963 | H27: 23.27 | I27: Foundation completed. | M27: 45970 | N27: SHIVRATHIRI BALRAJ | P27: 10
B28: =B27+1 -> 16 | C28: 77/8 | D28: DA+0 | E28: DFR | G28: 45963 | H28: 23.27 | I28: Foundation completed. | M28: 45974 | N28: MARC | P28: 10
B29: =B28+1 -> 17 | C29: 60/3 | D29: DA+6 | E29: DRY | G29: 45953 | H29: 25.04 | I29: Foundation completed. | M29: 45976 | N29: SHRIARSHINI | P29: 15
B30: =B29+1 -> 18 | C30: 77/3 | D30: DA+0 | E30: DFR | G30: 45968 | H30: 23.27 | I30: Foundation completed. | M30: 45980 | N30: MARC | P30: 10
B31: =B30+1 -> 19 | C31: 60/8 | D31: DA+3 | E31: DFR | G31: 45973 | H31: 26.43 | I31: Foundation completed. | M31: 45984 | N31: SHRIARSHINI | P31: 10
B32: =B31+1 -> 20 | C32: 77/1 | D32: DA+0 | E32: DRY | G32: 45968 | H32: 21.96 | I32: Foundation completed. | M32: 45986 | N32: MARC | P32: 10
B33: =B32+1 -> 21 | C33: 59/1 | D33: DA+0 | E33: DFR | G33: 45984 | H33: 23.27 | I33: Foundation completed. | M33: 45990 | N33: SHRIARSHINI | P33: 10
B34: =B33+1 -> 22 | C34: 77/2 | D34: DA+0 | E34: DRY | G34: 45979 | H34: 21.96 | I34: Foundation completed. | M34: 45991 | N34: MARC | P34: 10
B35: =B34+1 -> 23 | C35: 58/2 | D35: DA+0 | E35: DRY | G35: 45988 | H35: 21.96 | I35: Foundation completed. | M35: 45994 | N35: SHRIARSHINI | P35: 16
B36: =B35+1 -> 24 | C36: 58/1 | D36: DA+6 | E36: DRY | G36: 45992 | H36: 25.04 | I36: Foundation completed. | M36: 45999 | N36: SHRIARSHINI | P36: 16
... B124: =B123+1 -> 112 | C124: 65/3 | D124: DA+0 | E124: DFR | G124: 46139 | H124: 23.27 | I124: Foundation Completed. | M124: 46141 | N124: ATK | P124: 16
B125: =B124+1 -> 113 | C125: 49/8 | D125: DA+0 | E125: DFR | F125: 46128 | G125: 46136 | H125: 23.27 | I125: Foundation Completed. | M125: 46142 | N125: VEER TEJA CONSTRUCTION | P125: 10
B126: =B125+1 -> 114 | C126: 66/0 | D126: 3DB2+0 | E126: DFR | G126: 46142 | H126: 55.59 | I126: Foundation Completed. | M126: 46145 | N126: ATK | P126: 17
B127: =B126+1 -> 115 | C127: 67/1 | D127: DA+6 | E127: WC | G127: 46141 | H127: 25.77 | I127: Foundation Completed. | M127: 46147 | N127: ATK | P127: 17
B128: =B127+1 -> 116 | C128: 48/7 | D128: DA+0 | E128: DFR | G128: 46132 | H128: 23.27 | I128: Foundation Completed. | M128: 46152 | N128: BALAJI Services | P128: 10
B129: =B128+1 -> 117 | C129: 69/0 | D129: DB2+6 | E129: WET | G129: 46148 | H129: 74.68 | I129: Foundation Completed. | M129: 46155 | N129: ATK | P129: 14
B130: =B129+1 -> 118 | C130: 69/2 | D130: DA+6 | E130: DFR | G130: 46155 | H130: 26.43 | I130: Foundation Completed. | M130: 46158 | N130: ATK | P130: 14
B131: =B130+1 -> 119 | C131: 48/3 | D131: DA+6 | E131: DFR | G131: 46127 | H131: 26.43 | I131: Foundation Completed. | M131: 46161 | N131: Balaji Services | P131: 19
B132: =B131+1 -> 120 | C132: 69/1 | D132: DA+9 | E132: DFR | F132: 46159 | G132: 46159 | H132: 26.43 | I132: Foundation Completed. | M132: 46162 | N132: ATK | P132: 14
B133: =B132+1 -> 121 | C133: 68/2 | D133: DA+3 | E133: DFR | G133: 46163 | H133: 26.43 | I133: Foundation Completed. | M133: 46165 | N133: ATK | P133: 12
B134: =B133+1 -> 122 | C134: 48/2 | D134: DA+0 | E134: DFR | G134: 46128 | H134: 23.27 | I134: Foundation Completed. | M134: 46166 | N134: BALAJI Services | P134: 10
B135: =B134+1 -> 123 | C135: 84/2 | D135: DA+0 | I135: WIP: Excavation Hard Rock Encounted | N135: BALAJI INFRA
B136: =B135+1 -> 124 | C136: 60/1 | D136: DA+0 | I136: Trial Pit Excavated, Hard Rock encounted | N136: SHRIARSHINI-2 | P136: 15
B137: =B136+1 -> 125 | C137: 101/4 | D137: DA+0 | G137: 46052 | I137: WIP: Excavated | P137: 11
B138: =B137+1 -> 126 | C138: 85/0 | D138: DB1+0 | G138: 46067 | I138: WIP: Pit Marking | P138: 18
B139: =B138+1 -> 127 | C139: 90/1 | D139: DA+3 | G139: 46077 | I139: WIP: Pit Marking | P139: 18
B140: =B139+1 -> 128 | C140: 102/0 | D140: 3DB2+0 | G140: 46090 | I140: WIP: Pit Marking | P140: 10
B141: =B140+1 -> 129 | C141: 90/3 | D141: DA+3 | E141: DFR | G141: 46083 | H141: 26.43 | I141: WIP: Blasting | P141: 18
B142: =B141+1 -> 130 | C142: 90/2 | D142: DA+0 | G142: 46079 | I142: WIP: Blasting | P142: 18
B143: =B142+1 -> 131 | C143: 99/5 | D143: DA+0 | G143: 46094 | I143: WIP: Excavation | P143: 16
B144: =B143+1 -> 132 | C144: 49/7 | D144: DA+0 | G144: 46112 | I144: WIP: Pit Marking
B145: =B144+1 -> 133 | C145: 56/10 | D145: DA+0 | G145: 46122 | I145: WIP: Trial Pit
B146: =B145+1 -> 134 | C146: 56/5 | D146: DA+3 | G146: 46165 | I146: WIP: PCC | N146: VEER TEJA CONSTRUCTION | P146: 12
B147: =B146+1 -> 135 | C147: 49/1 | D147: DA+0 | I147: WIP: Trial Pit
B148: =B147+1 -> 136 | C148: 48/1 | D148: DA+6 | G148: 46125 | I148: WIP: Blasting | N148: BALAJI Services
B149: =B148+1 -> 137 | C149: 48/4 | D149: DA+3 | G149: 46128 | I149: WIP: Blasting | N149: BALAJI Services
B150: =B149+1 -> 138 | C150: 56/0 | D150: DB2+0 | G150: 46125 | I150: WIP: Excavation | N150: D. Govind Raj
B151: =B150+1 -> 139 | C151: 49/0 | D151: DC1+0 | G151: 46156 | I151: WIP: Blasting | N151: AMMU Engineering
B152: =B151+1 -> 140 | C152: 68/0 | D152: 3DB2+0 | I152: WIP: Steel Binding | N152: ATK | P152: 12
B153: =B152+1 -> 141 | C153: 48/0 | D153: DCT+0 | I153: WIP: Excavation | N153: BALAJI Services
C154: <Alt+i+r>
B157: EARTHING
B158: SL No. | C158: Location No. | D158: Tower Type | E158: Classification | F158: ROW cleared date | G158: Start Date | H158: Status | L158: End Date | M158: Gang Name | N158: Remark | O158: Revenue
B159: 1 | C159: 82/1 | D159: DA+0 | E159: WC | F159: 45848 | G159: 45908 | H159: Earthing Completed. | L159: 45908 | M159: MARC
B160: =B159+1 -> 2 | C160: 80/5 | D160: DA+0 | E160: DRY | F160: 45898 | G160: 45924 | H160: Earthing Completed. | L160: 45924 | M160: MARC
B161: =B160+1 -> 3 | C161: 59/4 | D161: DA+6 | E161: DRY | F161: 45933 | G161: 45949 | H161: Earthing Completed. | L161: 45949 | M161: SHRIARSHINI - 1
B162: =B161+1 -> 4 | C162: 77/1 | D162: DA+0 | E162: DRY | G162: 45992 | H162: Earthing Completed. | L162: 45992 | M162: MARC
B163: =B162+1 -> 5 | C163: 77/2 | D163: DA+0 | E163: DRY | G163: 46010 | H163: Earthing Completed. | L163: 46010 | M163: MARC
B164: =B163+1 -> 6 | C164: 77/6 | D164: DA+0 | E164: WC | G164: 46011 | H164: Earthing Completed. | L164: 46011 | M164: MARC
B165: =B164+1 -> 7 | C165: 56/3 | D165: DA+0 | E165: DFR | G165: 46016 | H165: Earthing Completed. | L165: 46016 | M165: SHRIARSHINI - 1
B166: =B165+1 -> 8 | C166: 79/1 | D166: DA+3 | E166: WET | G166: 46020 | H166: Earthing Completed. | L166: 46020 | M166: MARC
B167: =B166+1 -> 9 | C167: 80/1 | D167: DA+6 | E167: WFR | G167: 46021 | H167: Earthing Completed. | L167: 46021 | M167: MARC
B168: =B167+1 -> 10 | C168: 99/9 | D168: DA+0 | E168: DRY | G168: 46023 | H168: Earthing Completed. | L168: 46023 | M168: SAI SREE VARSHINI
B169: =B168+1 -> 11 | C169: 99/8 | D169: DA+0 | E169: DFR | G169: 46028 | H169: Earthing Completed. | L169: 46028 | M169: SAI SREE VARSHINI
B170: =B169+1 -> 12 | C170: 99/10 | D170: DA+0 | E170: DFR | G170: 46028 | H170: Earthing Completed. | L170: 46028 | M170: SAI SREE VARSHINI
B171: =B170+1 -> 13 | C171: 99/11 | D171: DA+0 | E171: DFR | G171: 46028 | H171: Earthing Completed. | L171: 46028 | M171: SAI SREE VARSHINI
B172: =B171+1 -> 14 | C172: 99/6 | D172: DA+0 | E172: DFR | G172: 46029 | H172: Earthing Completed. | L172: 46029 | M172: SAI SREE VARSHINI
B173: =B172+1 -> 15 | C173: 99/7 | D173: DA+0 | E173: DRY | G173: 46029 | H173: Earthing Completed. | L173: 46029 | M173: SAI SREE VARSHINI
... B219: =B218+1 -> 61 | C219: 51/7 | D219: 3DA+3 | E219: DFR | G219: 46094 | H219: Earthing Completed. | L219: 46095 | M219: SHRIHARSHINI
B220: =B219+1 -> 62 | C220: 51/8 | D220: DA+0 | E220: DFR | F220: DFR | G220: 46098 | H220: Earthing Completed. | L220: 46098 | M220: SHRIHARSHINI
B221: =B220+1 -> 63 | C221: 100/0 | D221: 3DB2+0 | E221: DFR | G221: 46101 | H221: Earthing Completed. | L221: 46104 | M221: BALAJI INFRA
B222: =B221+1 -> 64 | C222: 52/1 | D222: DA+9 | E222: DFR | F222: 46098 | G222: 46112 | H222: Earthing Completed. | L222: 46112 | M222: SHRIARSHINI
B223: =B222+1 -> 65 | C223: 51/6 | D223: DA+3 | E223: DFR | G223: 46110 | H223: Earthing Completed. | L223: 46110 | M223: SHRIARSHINI
B224: =B223+1 -> 66 | C224: 50/3 | D224: DA+3 | E224: DFR | G224: 46110 | H224: Earthing Completed. | L224: 46110 | M224: SHRIARSHINI
B225: =B224+1 -> 67 | C225: 51/2 | D225: DA+0 | E225: DFR | F225: DFR | G225: 46112 | H225: Earthing Completed. | L225: 46112 | M225: SHRIARSHINI
B226: =B225+1 -> 68 | C226: 53/3 | D226: DA+3 | E226: WET | F226: WET | G226: 46125 | H226: Earthing Completed. | L226: 46125 | M226: SHRIARSHINI
B227: =B226+1 -> 69 | C227: 53/4 | D227: DA+0 | E227: WET | F227: WET | G227: 46125 | H227: Earthing Completed. | L227: 46125 | M227: SHRIARSHINI
B228: =B227+1 -> 70 | C228: 53/5 | D228: DA+0 | E228: DRY | F228: DRY | G228: 46125 | H228: Earthing Completed. | L228: 46125 | M228: SHRIARSHINI
B229: =B228+1 -> 71 | C229: 53/0 | D229: DB1+3 | E229: DFR/WFR | G229: 46125 | H229: Earthing Completed. | L229: 46125 | M229: SHRIARSHINI
B230: =B229+1 -> 72 | C230: 70/1 | D230: DA+9 | E230: DFR | G230: 46125 | H230: Earthing Completed. | L230: 46125 | M230: ATK
B231: =B230+1 -> 73 | C231: 60/0 | D231: DB2+0 | E231: DFR | G231: 46126 | H231: Earthing Completed. | L231: 46127 | M231: SHRIARSHINI
B232: =B231+1 -> 74 | C232: 70/2 | D232: DA+0 | E232: DFR | F232: DFR | G232: 46127 | H232: Earthing Completed. | L232: 46127 | M232: ATK
B233: =B232+1 -> 75 | C233: 51/10 | D233: DA+0 | E233: WET | G233: 46127 | H233: Earthing Completed. | L233: 46127 | M233: SHRIARSHINI
B234: =B233+1 -> 76 | C234: 79/2 | D234: DA+6 | E234: DFR | G234: 46129 | H234: Earthing Completed. | L234: 46129 | M234: BALAJI ELECTRICAL
B235: =B234+1 -> 77 | C235: 79/3 | D235: DA+9 | E235: DFR | G235: 46129 | H235: Earthing Completed. | L235: 46129 | M235: BALAJI ELECTRICAL
B236: =B235+1 -> 78 | C236: 84/0 | D236: DB1+0 | E236: DFR | F236: DFR | G236: 46130 | H236: Earthing Completed. | L236: 46130 | M236: BALAJI ELECTRICAL
B237: =B236+1 -> 79 | C237: 70/4 | D237: DA+6 | E237: DFR | F237: DFR | G237: 46131 | H237: Earthing Completed. | L237: 46131 | M237: ATK
...

Sheet ROW
A1: TL-02 765kV Kurnool IV - Bidar line
A2: Foundation
A3: Sr. No. | B3: Location no. | C3: Type of tower | D3: ISSUE
A4: 1 | B4: 50/0 | C4: DC2+0
A5: =A4+1 -> 2 | B5: 51/1 | C5: DA+3
A6: =A5+1 -> 3 | B6: 51/0 | C6: DC2+0
A7: =A6+1 -> 4 | B7: 51/5 | C7: DA+0
A8: =A7+1 -> 5 | B8: 52/2 | C8: DA+0
A9: =A8+1 -> 6 | B9: 52/3 | C9: DA+0
A10: =A9+1 -> 7 | B10: 52/4 | C10: DA+0
A11: =A10+1 -> 8 | B11: 53/0 | C11: DB1+3
A12: =A11+1 -> 9 | B12: 85/3 | C12: DA+0
A13: =A12+1 -> 10 | B13: 85/4 | C13: DA+0

Sheet SUPPLY
B1: Supply Status - Stubs & Towers
B2: Stub Details
B3: SL No | C3: Description | D3: Unit | E3: Line Qty | F3: Received | G3: Balance
B4: 1 | C4: 3DA Stub | D4: Set | F4: 181
B5: 2 | C5: 3DB Stub | D5: Set | F5: 27
B6: 3 | C6: 3DC Stub | D6: Set | F6: 17
B7: 4 | C7: 3D45 Stub | D7: Set | F7: 6
B8: 5 | C8: 3D60 Stub | D8: Set | F8: 4
C9: Total | D9: Set | E9: =SUM(E4:E8) -> 0 | F9: =SUM(F4:F8) -> 235 | G9: =SUM(G4:G8) -> 0 | H9: =SUM(H4:H8) -> 0 | I9: =SUM(I4:I8) -> 0
B11: Tower Details
B12: SL No | C12: Tower Type | D12: Description | E12: Line Qty | F12: Received | G12: Balance | J12: Remarks
B13: 1 | C13: 3DA Type | D13: Basic body | F13: 195
D14: +0m BE | F14: 154
D15: +3m BE | F15: 41
D16: +6m BE | F16: 18
D17: +9m BE | F17: 12
B18: 2 | C18: 3DB Type | D18: Basic body | F18: 31
D19: +0m BE | F19: 27
D20: +3m BE | F20: 4
D21: +6m BE | F21: 5
D22: +9m BE | F22: 7
B23: 3 | C23: 3DC Type | D23: Basic body | F23: 21
D24: +0m BE | F24: 18
D25: +3m BE | F25: 3
D26: +6m BE | F26: 2
D27: +9m BE | F27: 3
B28: 4 | C28: 3DD45 Type | D28: Basic body | F28: 7
D29: +0m BE | F29: 6
D30: +3m BE | F30: 1
D31: +6m BE | F31: 0
D32: +9m BE | F32: 4
B33: 5 | C33: 3DD60 Type | D33: Basic body | F33: 2
D34: +0m BE | F34: 2
D35: +3m BE | F35: 0
D36: +6m BE | F36: O
D37: +9m BE | F37: 0
D39: Total | F39: =F13+F18+F23+F28+F33 -> 256
B44: Activity | C44: Unit | D44: Final Est. Qty | E44: L2 till Last Month | F44: Received till Last Month | G44: Balance | H44: L2 Plan for Current Month | I44: Plan for Current Month | J44: Progress for the Month | K44: Received till Current Month | L44: Gap between Suppy & Cumm.L2 | M44: Remarks
B45: Stub | C45: Set | D45: ='Master Sheet'!D39 -> 292 | E45: ='Master Sheet'!E39 -> 292 | F45: ='Master Sheet'!F39 -> 235 | G45: ='Master Sheet'!G39 -> 57 | H45: ='Master Sheet'!H39 -> 0 | I45: ='Master Sheet'!I39 -> 0 | J45: ='Master Sheet'!J39 -> 0 | K45: ='Master Sheet'!K39 -> 235 | L45: ='Master Sheet'!L38 -> Gap between Supply & Cumm.L2
B46: Tower | C46: No's | D46: ='Master Sheet'!D40 -> 292 | E46: ='Master Sheet'!E40 -> 230 | F46: ='Master Sheet'!F40 -> 230 | G46: ='Master Sheet'!G40 -> 62 | H46: ='Master Sheet'!H40 -> 60 | I46: ='Master Sheet'!I40 -> 60 | J46: ='Master Sheet'!J40 -> 26 | K46: ='Master Sheet'!K40 -> 256 | L46: ='Master Sheet'!L39 -> 57
B47: Conductor | C47: kms | D47: ='Master Sheet'!D41 -> 4314 | E47: ='Master Sheet'!E41 -> 3000 | F47: ='Master Sheet'!F41 -> 3285.198 | G47: ='Master Sheet'!G41 -> 1028.802 | H47: ='Master Sheet'!H41 -> 300 | I47: ='Master Sheet'!I41 -> 300 | J47: ='Master Sheet'!J41 -> 272.733 | K47: ='Master Sheet'!K41 -> 3621 | L47: ='Master Sheet'!L40 -> 34
B50: Cummulative progress till Previous Month
B51: S No | C51: Item | D51: Unit | E51: Total QTY | F51: Planned L2 till Previous Month (MAR'26) | G51: Completed till Previous month (MAR' 26) | H51: L2 Planned for Current Month (Approved L2) | I51: Balance after MAR'26 | J51: March 26 Month Plan | K51: MARCH MONTH PROGRESS | L51: Cummulative Completed | M51: Balance
B52: 1 | C52: Supply of Stubs | D52: Sets | E52: 292 | F52: ='Master Sheet'!E39 -> 292 | G52: ='Master Sheet'!F39 -> 235 | H52: ='Master Sheet'!H39 -> 0 | I52: =E52-G52 -> 57 | J52: 0 | K52: 2 | L52: 235 | M52: =E52-L52 -> 57
B53: 2 | C53: Supply of Towers | D53: Nos | E53: 292 | F53: ='Master Sheet'!E40 -> 230 | G53: ='Master Sheet'!F40 -> 230 | H53: 0 | I53: =E53-G53 -> 62 | J53: 0 | K53: 0 | L53: 160 | M53: =E53-L53 -> 132
B54: 3 | C54: Supply of Earthwire | D54: Km | E54: 121 | F54: 85 | G54: 86 | H54: 0 | I54: =E54-G54 -> 35 | J54: 0 | K54: 0 | L54: 86 | M54: =E54-L54 -> 35
B55: 4 | C55: Supply of Conductor | D55: Km | E55: 4314 | F55: ='Master Sheet'!E41 -> 3000 | G55: ='Master Sheet'!F41 -> 3285.198 | H55: 300 | I55: =E55-G55 -> 1028.802 | J55: 300 | K55: 478.825 | L55: 3202.437 | M55: =E55-L55 -> 1111.563
B56: 5 | C56: Supply of H/W Fittings | D56: % | E56: 1 | F56: 0.7 | G56: 0.75 | H56: 0 | I56: 1 | J56: 0 | K56: 0 | M56: 1
B57: 6 | C57: Supply of Insultor | D57: Nos | E57: 7200 | F57: 9200 | G57: 0 | H57: 0 | I57: =E57-G57 -> 7200 | J57: 2450 | K57: 0 | L57: =K57+G57 -> 0 | M57: =E57-L57 -> 7200
B58: 7 | C58: Supply of OPGW | D58: km | E58: 123 | F58: 0 | G58: 0 | H58: 0 | I58: =E58-G58 -> 123 | J58: 0 | K58: 0 | L58: =K58+G58 -> 0 | M58: =E58-L58 -> 123
B59: 8 | C59: Supply of OPGW Accessories | D59: % | E59: 1 | F59: 0.5 | G59: 0 | H59: 0 | I59: =E59-G59 -> 1 | J59: 0 | K59: 0 | L59: =K59+G59 -> 0 | M59: =E59-L59 -> 1
B60: 9 | C60: Supply of Earthing Materials | D60: % | E60: 1 | F60: 1 | G60: 0.75 | H60: 0 | I60: =E60-G60 -> 0.25 | J60: 0 | K60: 0 | L60: =K60+G60 -> 0.75 | M60: =E60-L60 -> 0.25 | O60: =50/296 -> 0.16891892
B61: 10 | C61: Supply of Earthwire Accessories | D61: % | E61: 1 | F61: 0.75 | G61: 0.75 | H61: 0 | I61: =E61-G61 -> 0.25 | J61: 0 | K61: 0 | L61: =K61+G61 -> 0.75 | M61: =E61-L61 -> 0.25 | O61: =132/296 -> 0.44594595
B62: 11 | C62: Supply of Tower Accessories | D62: % | E62: 1 | F62: 0.2 | G62: 0 | H62: 0 | I62: =E62-G62 -> 1 | J62: 0 | K62: 0 | L62: =K62+G62 -> 0 | M62: =E62-L62 -> 1
B63: 12 | C63: Supply of Conductor Accessories | D63: % | E63: 1 | F63: 0.7 | G63: 0.75 | H63: 0 | I63: =E63-G63 -> 0.25 | J63: 0.4 | K63: 0.75 | L63: =K63+G63 -> 1.5 | M63: =E63-L63 -> -0.5

Sheet Erection Compiled
A2: SL No. | B2: Location No. | C2: Tower Type | D2: Classification | E2: Start Date | F2: MT | G2: Status | H2: End Date | I2: Gang Name | J2: Gang Strength
A3: 1 | B3: 56/7 | C3: DA+0 | D3: DFR | E3: 46006 | F3: 35.089 | G3: Erection Completed. | H3: 46011 | I3: NASIRUDDIN | J3: 35
A4: =A3+1 -> 2 | B4: 59/2 | C4: DA+0 | D4: DRY | E4: 46013 | F4: 35.089 | G4: Erection Completed. | H4: 46018 | I4: NASIRUDDIN | J4: 35
A5: =A4+1 -> 3 | B5: 77/3 | C5: DA+0 | D5: DFR | E5: 46013 | F5: 35.089 | G5: Erection Completed. | H5: 46022 | I5: CRANE | J5: 49
A6: =A5+1 -> 4 | B6: 58/2 | C6: DA+0 | D6: DRY | E6: 46016 | F6: 35.089 | G6: Erection Completed. | H6: 46032 | I6: NASIRUDDIN | J6: 35
A7: =A6+1 -> 5 | B7: 77/2 | C7: DA+0 | D7: DRY | E7: 46016 | F7: 35.089 | G7: Erection Completed. | H7: 46030 | I7: CRANE | J7: 49
A8: =A7+1 -> 6 | B8: 58/1 | C8: DA+6 | D8: DRY | E8: 46024 | F8: 41.88 | G8: Erection Completed. | H8: 46032 | I8: NASIRUDDIN | J8: 35
A9: =A8+1 -> 7 | B9: 77/1 | C9: DA+0 | D9: DRY | E9: 46023 | F9: 35.089 | G9: Erection Completed. | H9: 46035 | I9: CRANE | J9: 49
A10: =A9+1 -> 8 | B10: 58/3 | C10: DA+0 | D10: DRY | E10: 46031 | F10: 35.089 | G10: Erection Completed. | H10: 46036 | I10: NASIRUDDIN | J10: 35
A11: =A10+1 -> 9 | B11: 77/4 | C11: DA+0 | D11: DRY | E11: 46029 | F11: 35.089 | G11: Erection Completed. | H11: 46038 | I11: DK VERMA | J11: 21
A12: =A11+1 -> 10 | B12: 82/1 | C12: DA+0 | D12: WC | E12: 46033 | F12: 35.089 | G12: Erection Completed. | H12: 46038 | I12: SHAKILA KHATUN | J12: 31
A13: =A12+1 -> 11 | B13: 80/5 | C13: DA+0 | D13: DFRY | E13: 46037 | F13: 35.089 | G13: Erection Completed. | H13: 46042 | I13: SHAKILA KHATUN | J13: 31
A14: =A13+1 -> 12 | B14: 59/4 | C14: DA+6 | D14: DRY | E14: 46037 | F14: 41.88 | G14: Erection Completed. | H14: 46043 | I14: NASIRUDDIN | J14: 35
A15: =A14+1 -> 13 | B15: 77/7 | C15: DA+0 | D15: DFR | E15: 46039 | F15: 35.089 | G15: Erection Completed. | H15: 46043 | I15: DK VERMA | J15: 21
... A70: =A69+1 -> 68 | B70: 100/8 | C70: DA+0 | D70: DFR | E70: 46111 | F70: 35.089 | G70: Erection Completed. | H70: 46085 | I70: TNR INFA | J70: 24
A71: =A70+1 -> 69 | B71: 53/5 | C71: DA+0 | D71: DRY | E71: 02.04-2026 | F71: 35.089 | G71: Erection Completed. | H71: 46119 | I71: NASIRUDDIN | J71: 30
A72: =A71+1 -> 70 | B72: 100/0 | C72: DB2+0 | D72: DFR | E72: 46117 | F72: 54.72 | G72: Erection Completed. | H72: 46124 | I72: TNR INFA | J72: 24
A73: =A72+1 -> 71 | B73: 60/0 | C73: DB2+0 | D73: DFR | E73: 46147 | F73: 54.72 | G73: Erection Completed. | H73: 46160 | I73: NASIRUDDIN | J73: 24

Sheet X-ing Details 
B2: CROSSINGS PROPOSAL STATUS : 765 KV D/C Kurnool IV - Bidar TL (Part-2)
B6: Crossing Type | C6: 132 KV | D6: 220kV | E6: SH-Xing | F6: NH-Xing | G6: Railway-Xing | H6: Total
B7: Total Nos | C7: 4 | D7: 2 | E7: 1 | F7: 3 | G7: 2 | H7: 12
B8: Submitted Till Date | C8: 4 | D8: 2 | E8: 0 | F8: 3 | G8: 2 | H8: =C8+D8+F8+G8 -> 11
B9: Approved Till Date | C9: 0 | D9: 0 | E9: 0 | F9: 0 | G9: 0 | H9: 0
B10: Balance to Execute | C10: =C7-C8 -> 0 | D10: =D7-D8 -> 0 | E10: =E7-E8 -> 1 | F10: =F7-F8 -> 0 | G10: =G7-G8 -> 0 | H10: 0
B12: Crossings Details
B13: Sl. No. | C13: FROM (AP) | D13: TO (AP) | E13: Name of the Line | F13: NAME OF CROSSING | G13: Date of First Submission | H13: Joint Inspection Status | I13: Provisional approval status
B14: 1 | C14: AP54 | D14: AP55 | E14: Railway crossing (Tandur - Vikarabad) | F14: Railway crossing | G14: 45987
B15: =B14+1 -> 2 | C15: AP57 | D15: AP58 | E15: 220kV D/C transmission line Tandur - Gachibowli (HYD) | F15: Power line | G15: 45946
B16: =B15+1 -> 3 | C16: AP61 | D16: AP62 | E16: NATIONAL HIGHWAY-163 (Kodangal - Hyderabad) | F16: National highway crossing | G16: 45989
B17: =B16+1 -> 4 | C17: AP71 | D17: AP72 | E17: 132kV D/C transmission line Tandur - Mahabubnagar | F17: Power line | G17: 45944
B18: =B17+1 -> 5 | C18: AP74 | D18: AP75 | E18: NATIONAL HIGHWAY-167N (Kodangal - Kosgi) | F18: National highway crossing | G18: 45989
B19: =B18+1 -> 6 | C19: AP76 | D19: AP77 | E19: 220kV D/C transmission line Kosgi - Pargi | F19: Power line | G19: 45946
B20: =B19+1 -> 7 | C20: AP88 | D20: AP89 | E20: 132kV S/C transmission line Maddur - Mahabubnagar | F20: Power line | G20: 45946
B21: =B20+1 -> 8 | C21: AP95 | D21: AP96 | E21: 132kV S/C transmission line Maddur - Makthal | F21: Power line | G21: 45946
B22: =B21+1 -> 9 | C22: AP98 | D22: AP99 | E22: STATE HIGHWAY-22 (Narayanpet - Marikal) | F22: State highway crossing | G22: Not Required
B23: =B22+1 -> 10 | C23: AP106 | D23: AP107 | E23: Railway crossing (Raichur - Makthal) | F23: Railway crossing | G23: 45988
B24: =B23+1 -> 11 | C24: AP109 | D24: AP110 | E24: 132kV S/C transmission line Makthal - Krishna Railway junction | F24: Power line | G24: 08.12.2025
B25: =B24+1 -> 12 | C25: AP110 | D25: AP111 | E25: NATIONAL HIGHWAY-167N (Raichur - Marikal) | F25: National highway crossing | G25: 08.12.2025

Sheet Visual Chart
A1: VISUAL PROGRESS CHART
A2: 765 kV DC Kurnool IV - Bidar Transmission Line (TL-02)
B3: Foundation (Nos.):- | D3: 122 | E3: /292 | F3: Erection (Nos.):- | H3: 71 | I3: /292 | J3: Earthing (Nos.):- | L3: 99 | M3: /292 | N3: Rough Sag (Kms):- | P3: 0 / | Q3: 113.292 | R3: Final Sag (Kms):- | T3: 0 / | U3: 113.292 | V3: Date:- | W3: =TODAY() -> 46167
B4: COMPLETION CHART | C4: Unit | D4: 0 | E4: +3 | F4: 6 | G4: +9 | H4: Total | I4: Line Qty
J5: ERECTION | P5: Rough Sag | R5: SH / NH Road Crossing
J6: WIP | V6: River
B7: DA | C7: Nos | D7: 135 | E7: 48 | F7: 21 | G7: 12 | H7: =SUM(D7:G7) -> 216 | I7: =H7 -> 216 | J7: FOUNDATION | K7: Type | M7: Angle Tower | R7: Gas Pipeline
B8: DB1 | C8: Nos | D8: 5 | E8: 3 | F8: 1 | G8: 8 | H8: =SUM(D8:G8) -> 17 | I8: =H8 -> 17
B9: DB2 | C9: Nos | D9: 13 | E9: 2 | F9: 4 | G9: 2 | H9: =SUM(D9:G9) -> 21 | I9: =H9 -> 21 | O9: Final Sag
B10: DCT | C10: Nos | D10: 1 | H10: =SUM(D10:G10) -> 1 | I10: =H10 -> 1
B11: DC1 | C11: Nos | D11: 10 | E11: 2 | F11: 1 | G11: 3 | H11: =SUM(D11:G11) -> 16 | I11: =H11 -> 16 | S11: Railway
B12: DC2 | C12: Nos | D12: 3 | E12: 3 | F12: 1 | G12: 0 | H12: =SUM(D12:G12) -> 7 | I12: =H12 -> 7 | Q12: WIP | S12: Crossing
B13: DCT | C13: Nos | D13: 0 | E13: 0 | F13: 0 | G13: 0 | H13: =SUM(D13:G13) -> 0 | I13: =H13 -> 0 | J13: Section Tower | K13: SC | V13: 110kV - 800kV | Z13: Foundation | AA13: Erection | AB13: Earthing
B14: DD45 | C14: Nos | D14: 3 | E14: 1 | F14: 1 | G14: 4 | H14: =SUM(D14:G14) -> 9 | I14: =H14 -> 9 | J14: TP | K14: TT | M14: Earthing | P14: OPGW | V14: Line
B15: DD60 | C15: Nos | D15: 2 | E15: 1 | F15: 1 | G15: 1 | H15: =SUM(D15:G15) -> 5 | I15: =H15 -> 5
B16: Total Completed Foundations | H16: 122 | I16: =292-H16 -> 170 | Z16: =SUM(Z18:Z254) -> 122 | AA16: =SUM(AA18:AA254) -> 71 | AB16: =SUM(AB18:AB254) -> 99
B17: Wind Zone - 3 [AP48 - AP111]
A18: COMMON TOWER (TL-1&2) | AD18: DS | AE18: CS | AF18: SI | AG18: FDN | AH18: EAR | AI18: ERN | AJ18: TW | AK18: PO | AL18: FS | AM18: OPGW
AC19: TOTAL | AD19: =(C21+E21+G21+I21+K21+M21+O21+Q21+S21+U21+W21+Y21)/1000 -> 4.83244 | AE19: =(C21+E21+G21+I21+K21+M21+O21+Q21+S21+U21+W21+Y21)/1000 -> 4.83244 | AG19: 12 | AH19: 12 | AI19: 12 | AJ19: 12 | AL19: =(C21+E21+G21+I21+K21+M21+O21+Q21+S21+U21+W21+Y21)/1000 -> 4.83244
AC20: COMPLETED | AG20: =B21+D21+F21 -> #VALUE!
B21: Balaji Services | C21: 411 | D21: Balaji Service | E21: 432 | F21: Balaji Service | G21: 411 | H21: Balaji Service | I21: 432 | K21: 411 | M21: 432 | O21: 411 | P21: Balaji Service | Q21: 374.437 | R21: AMMU ENGG | S21: 376.003 | U21: 405 | V21: RC | W21: 340 | Y21: 397 | Z21: 3 | AB21: 2 | AC21: BALANCE
B23: AP48/0 | D23: 48/1 | F23: 48/2 | H23: 48/3 | J23: 48/4 | L23: 48/5 | N23: 48/6 | P23: 48/7 | R23: AP49/0 | T23: 49/1 | V23: 49/2 | X23: 49/3
B24: 3DCT+0 | D24: 3DA+6 | F24: 3DA+0 | H24: 3DA+6 | J24: 3DA+3 | L24: 3DA+3 | N24: 3DA+3 | P24: 3DA+3 | Q24: =(Q21+O21+M21+K21+I21+G21+E21+C21)/1000 -> 3.314437 | R24: 3DC1+0 | T24: 3DA+0 | V24: 3DA+0 | X24: 3DA+0
B25: 1st Pit started
H27: Trail pit
B30: AMMU ENGG | C30: 399 | E30: 393 | G30: 370 | H30: VEER TEJA | I30: 350 | J30: VEER TEJA | K30: 395 | L30: VEER TEJA | M30: 413 | N30: VEER TEJA | O30: 366 | P30: VEER TEJA | Q30: 377.77 | R30: VEER TEJA | S30: 300 | T30: SRI HARSH-1 | U30: 393 | V30: SRI HARSH-1 | W30: 415 | X30: SRI HARSH-1 | Y30: 411 | Z30: 8 | AB30: 7
B32: 49/4 | D32: 49/5 | F32: 49/6 | H32: 49/7 | J32: 49/8 | L32: 49/9 | N32: 49/10 | P32: 49/11 | R32: AP50/0 | T32: 50/1 | V32: 50/2 | X32: 50/3
B33: 3DA+0 | D33: 3DA+3 | F33: 3DA+0 | H33: 3DA+0 | J33: 3DA+0 | L33: 3DA+0 | N33: 3DA+0 | P33: 3DA+0 | Q33: =(S21+U21+W21+Y21+Q30+O30+M30+K30+I30+G30+E30+C30)/1000 -> 4.581773 | R33: 3DC2+0 | T33: 3DA+0 | V33: 3DA+0 | X33: 3DA+3 | Y33: =(S30+U30+W30+Y30)/1000 -> 1.519
C39: 378 | E39: 370 | F39: SRI HARSH-1 | G39: 370 | I39: 404 | K39: 374 | M39: 416 | N39: SRI HARSH-1 | O39: 425 | P39: SRI HARSH-1 | Q39: 411 | R39: SRI HARSH-1 | S39: 427 | T39: SRI HARSH-1 | U39: 370 | V39: SRI HARSH-1 | W39: 356 | X39: SRI HARSHI-1 | Y39: 459
Z40: 7 | AA40: 2 | AB40: 7
B41: AP51/0 | D41: 51/1 | F41: 51/2 | H41: 51/3 | J41: 51/4 | L41: 51/5 | N41: 51/6 | P41: 51/7 | R41: 51/8 | T41: 51/9 | V41: 51/10 | X41: AP52/0
B42: 3DC2+0 | D42: 3DA+3 | F42: 3DA+0 | H42: 3DA+0 | J42: 3DA+0 | L42: 3DA+0 | N42: 3DA+3 | P42: 3DA+3 | R42: 3DA+0 | T42: 3DA+3 | V42: 3DA+0 | W42: =(C39+E39+G39+I39+K39+M39+O39+Q39+S39+U39+W39)/1000 -> 4.301 | X42: 3DB2+0
B48: SRI HARSH-1 | C48: 355 | E48: 348 | G48: 434 | I48: 401 | J48: SRI HARSH-1 | K48: 400 | L48: SRI HARSH-1 | M48: 413 | N48: SRI HARSH-1 | O48: 406 | P48: SRI HARSH-1 | Q48: 390 | R48: SRI HARSH-1 | S48: 390 | T48: SRI HARSH-1 | U48: 430 | W48: 332 | Y48: 229.642
Z49: 7 | AA49: 4 | AB49: 7
B50: 52/1 | D50: 52/2 | F50: 52/3 | H50: 52/4 | J50: AP53/0 | L50: 53/1 | N50: 53/2 | P50: 53/3 | R50: 53/4 | T50: 53/5 | V50: 53/6 | X50: AP54/0
B51: 3DA+9 | D51: 3DA+0 | F51: 3DA+0 | H51: 3DA+0 | I51: =(Y39+C48+E48+G48+I48)/1000 -> 1.997 | J51: 3DB1+3 | L51: 3DA+3 | N51: 3DA+0 | P51: 3DA+3 | R51: 3DA+0 | T51: 3DA+0 | V51: 3DA+3 | W51: =(K48+M48+O48+Q48+S48+U48+W48)/1000 -> 2.761 | X51: 3DD60+0 | Y51: =Y48/1000 -> 0.229642
X52: Rly X-ing
C57: 339 | D57: SRI HARSH-1 | E57: 365 | G57: 409 | H57: SRI HARSH-1 | I57: 340.462 | J57: D.Govind Raj | K57: 352 | L57: SRI HARSH-1 | M57: 419 | N57: SRI HARSH-1 | O57: 410 | P57: SRI HARSH-1 | Q57: 413 | R57: SRI HARSH-1 | S57: 407 | T57: RC | U57: 351 | V57: SRI HARSH-1 | W57: 405 | X57: SRI HARSH-1 | Y57: 393
Z58: 8 | AA58: 7 | AB58: 7
B59: AP55/0 | D59: 55/1 | F59: 55/2 | H59: 55/3 | J59: AP56/0 | L59: 56/1 | N59: 56/2 | P59: 56/3 | R59: 56/4 | T59: 56/5 | V59: 56/6 | X59: 56/7
B60: 3DD60+0 | D60: 3DA+0 | F60: 3DA+0 | H60: 3DA+0 | I60: =(C57+E57+G57+I57)/1000 -> 1.453462 | J60: 3DB2+0 | L60: 3DA+3 | N60: 3DA+3 | P60: 3DA+0 | R60: 3DA+3 | T60: 3DA+3 | V60: 3DA+0 | W60: =(K57+M57+O57+Q57+S57+U57+W57)/1000 -> 2.757 | X60: 3DB1+0
B61: Rly X-ing
B66: SRI HARSH-1 | C66: 439 | D66: SRI HARSH-1 | E66: 398 | F66: RC | G66: 445 | H66: RC | I66: 355 | K66: 445.645 | M66: 214.742 | O66: 498 | P66: SRI HARSH-1 | Q66: 325 | R66: SRI HARSH-1 | S66: 372 | T66: SRI HARSH-1 | U66: 393.054 | V66: SRI HARSH-1 | W66: 349 | X66: SRI HARSH-1 | Y66: 373 | Z66: 7 | AA66: 6 | AB66: 7
U67: s
B68: 56/8 | D68: 56/9 | F68: 56/10 | H68: 56/11 | J68: 56/12 | L68: AP57/0 | N68: AP58/0 | P68: 58/1 | R68: 58/2 | T68: 58/3 | V68: AP59/0 | X68: 59/1
B69: 3DA+0 | D69: 3DA+6 | F69: 3DA+0 | H69: 3DA+0 | J69: 3DA+0 | K69: =(Y57+C66+E66+G66+I66+K66)/1000 -> 2.475645 | L69: 3DC1+9 | M69: =M66/1000 -> 0.214742 | N69: 3DB2+6 | P69: 3DA+6 | R69: 3DA+0 | T69: 3DA+0 | U69: =(O66+Q66+S66+U66)/1000 -> 1.588054 | V69: 3DC1+0 | X69: 3DA+0
L71: POWER LINE | N71: POWER LINE
R74: `
B76: SRI HARSH-1 | C76: 386 | D76: ROW | E76: 429 | F76: SRI HARSH-1 | G76: 377 | H76: SRI HARSH-1 | I76: 401.837 | J76: SRI HARSH | K76: 402 | M76: 344 | N76: SRI HARSH-1 | O76: 399 | P76: SRI HARSH-1 | Q76: 439 | S76: 403 | U76: 480 | V76: RC | W76: 535 | X76: RC | Y76: 389.004
Z77: 6 | AA77: 5 | AB77: 6
B78: 59/2 | D78: 59/3 | F78: 59/4 | H78: 59/5 | J78: AP60/0 | L78: 60/1 | N78: 60/2 | P78: 60/3 | R78: 60/4 | T78: 60/5 | V78: 60/6 | X78: 60/7
B79: 3DA+0 | D79: 3DA+0 | F79: 3DA+6 | H79: 3DA+0 | I79: =(W66+Y66+C76+E76+G76+I76)/1000 -> 2.315837 | J79: 3DB2+0 | L79: 3DA+0 | N79: 3DA+0 | P79: 3DA+6 | R79: 3DA+0 | S79: =(K76+M76+O76+Q76+S76)/1000 -> 1.987 | T79: 3DB1+6 | U79: =(U76)/1000 -> 0.48 | V79: 3DB1+9 | W79: =(W76)/1000 -> 0.535 | X79: 3DB1+9
D80: Hydrabad owner
B86: SRI HARSH-1 | C86: 454.047 | E86: 247.492 | G86: 373 | H86: RC | I86: 401 | K86: 388 | L86: RC | M86: 328 | N86: RC | O86: 329.982 | Q86: 433 | S86: 410 | T86: RC | U86: 307 | V86: RC | W86: 461.927 | X86: RC | Y86: 439.047
Z87: 1 | AB87: 1
B88: 60/8 | D88: AP61/0 | F88: AP62/0 | H88: 62/1 | J88: 62/2 | L88: 62/3 | N88: 62/4 | P88: AP63/0 | R88: 63/1 | T88: 63/2 | V88: 63/3 | X88: AP64/0
B89: 3DA+3 | C89: =(Y76+C86)/1000 -> 0.843051 | D89: 3DB1+0 | E89: =(E86)/1000 -> 0.247492 | F89: 3DC1+0 | H89: 3DA+0 | J89: 3DA+9 | L89: 3DA+0 | N89: 3DA+0 | O89: =(G86+I86+K86+M86+O86)/1000 -> 1.819982 | P89: 3DC2+0 | R89: 3DA+9 | T89: 3DA+3 | V89: 3DA+9 | W89: =(Q86+S86+U86+W86)/1000 -> 1.611927 | X89: 3DD45+9 | Y89: =(Y86)/1000 -> 0.439047
D91: NH - X-ING | F91: NH - X-ING | J91: ROW
B96: RC | C96: 401 | E96: 350 | F96: RC | G96: 335 | H96: ATK | I96: 313.49 | J96: ATK | K96: 421 | L96: ATK | M96: 465.818 | N96: ATK | O96: 352 | P96: ATK | Q96: 403 | R96: RC | S96: 373 | T96: RC | U96: 362 | V96: RC | W96: 351.24 | X96: ATK | Y96: 361
Z97: 5 | AB97: 4
B98: AP65/0 | D98: 65/1 | F98: 65/2 | H98: 65/3 | J98: AP66/0 | L98: 66/1 | N98: AP67/0 | P98: 67/1 | R98: 67/2 | T98: 67/3 | V98: 67/4 | X98: AP68/0
B99: 3DC2+3 | D99: 3DA+0 | F99: 3DA+3 | H99: 3DA+0 | I99: =(C96+E96+G96+I96)/1000 -> 1.39949 | J99: 3DB2+0 | K99: =(K96)/1000 -> 0.421 | L99: 3DB1+9 | M99: =(M96)/1000 -> 0.465818 | N99: 3DD45+3 | P99: 3DA+6 | R99: 3DA+0 | T99: 3DA+0 | V99: 3DA+3 | W99: =(O96+Q96+S96+U96+W96)/1000 -> 1.84124 | X99: 3DB2+0
B106: RC | C106: 375 | D106: ATK | E106: 424.851 | F106: ATK | G106: 414 | H106: ATK | I106: 345 | J106: ATK | K106: 502.628 | L106: RC | M106: 453 | N106: ATK | O106: 388 | P106: ATK | Q106: 317 | R106: ATK | S106: 324 | T106: ATK | U106: 484.984 | W106: 248.518 | Y106: 429 | Z106: 8 | AB106: 5
B108: 68/1 | D108: 68/2 | F108: AP69/0 | H108: 69/1 | J108: 69/2 | L108: AP70/0 | N108: 70/1 | P108: 70/2 | R108: 70/3 | T108: 70/4 | V108: AP71/0 | X108: AP72/0
B109: 3DA+3 | D109: 3DA+3 | E109: =(Y96+C106+E106)/1000 -> 1.160851 | F109: 3DB2+6 | H109: 3DA+9 | J109: 3DA+6 | K109: =(G106+I106+K106)/1000 -> 1.261628 | L109: 3DC2+3 | N109: 3DA+9 | P109: 3DA+0 | R109: 3DA+0 | T109: 3DA+6 | U109: =(M106+O106+Q106+S106+U106)/1000 -> 1.966984 | V109: 3DC2+6 | W109: =(W106)/1000 -> 0.248518 | X109: 3DB2+6
R110: Garden | V110: RC Removed
V111: POWER LINE | X111: POWER LINE
B116: ATK | C116: 398.684 | D116: ATK | E116: 435 | F116: (BALAJI INFRA) | G116: 404 | H116: (BALAJI INFRA) | I116: 374.353 | K116: 250.119 | L116: RC | M116: 398 | N116: RC | O116: 364 | Q116: 380 | R116: RC | S116: 459.272 | T116: RC | U116: 206.441 | V116: RC | W116: 385 | X116: MARC | Y116: 372 | Z116: 3 | AA116: 1 | AB116: 3
B118: 72/1 | D118: AP73/0 | F118: 73/1 | H118: 73/2 | J118: AP74/0 | L118: AP75/0 | N118: 75/1 | P118: 75/2 | R118: 75/3 | T118: AP76/0 | V118: AP77/0 | X118: 77/1
B119: 3DA+3 | C119: =(Y106+C116)/1000 -> 0.827684 | D119: 3DB2+0 | F119: 3DA+6 | H119: 3DA+0 | I119: =(E116+G116+I116)/1000 -> 1.213353 | J119: 3DC1+0 | K119: =(K116)/1000 -> 0.250119 | L119: 3DC1+0 | N119: 3DA+3 | P119: 3DA+0 | R119: 3DA+0 | S119: =(M116+O116+Q116+S116)/1000 -> 1.601272 | T119: 3DC1+9 | U119: =(U116)/1000 -> 0.206441 | V119: 3DD45+9 | X119: 3DA+0
J121: NH : X-ING | L121: NH : X-ING | T121: POWER LINE | V121: POWER LINE
B126: MARC | C126: 384 | D126: MARC | E126: 400 | F126: BALRAJ | G126: 386 | I126: 398 | J126: MARC | K126: 393 | L126: BALRAJ | M126: 387 | N126: MARC | O126: 378 | P126: MARC | Q126: 410 | R126: BALRAJ | S126: 367.58 | T126: RC | U126: 396 | V126: RC | W126: 395 | Y126: 414
Z127: 8 | AA127: 6 | AB127: 6
B128: 77/2 | D128: 77/3 | F128: 77/4 | H128: 77/5 | J128: 77/6 | L128: 77/7 | N128: 77/8 | P128: 77/9 | R128: 77/10 | T128: AP78/0 | V128: 78/1 | X128: 78/2
B129: 3DA+0 | D129: 3DA+0 | F129: 3DA+0 | H129: 3DA+0 | J129: 3DA+0 | L129: 3DA+0 | N129: 3DA+0 | P129: 3DA+0 | R129: 3DA+3 | S129: =(W116+Y116+C126+E126+G126+I126+K126+M126+O126+Q126+S126)/1000 -> 4.26058 | T129: 3DC1+0 | V129: 3DA+3 | X129: 3DA+3
H130: Paddy Field | X130: Paddy Field
B136: MARC | C136: 350.09 | E136: 364 | F136: MARC | G136: 452 | H136: MARC | I136: 392 | J136: MARC | K136: 369.645 | L136: RC | M136: 446 | N136: MARC | O136: 386 | Q136: 451 | S136: 428.504 | T136: MARC | U136: 354.496 | V136: MARC | W136: 430.207 | X136: RC | Y136: 394
Z137: 7 | AA137: 4 | AB137: 6
B138: 78/3 | D138: AP79/0 | F138: 79/1 | H138: 79/2 | J138: 79/3 | L138: AP80/0 | N138: 80/1 | P138: 80/2 | R138: 80/3 | T138: 80/4 | V138: 80/5 | X138: AP81/0
B139: 3DA+0 | C139: =(U126+W126+Y126+C136)/1000 -> 1.55509 | D139: 3DC1+0 | F139: 3DA+3 | H139: 3DA+6 | J139: 3DA+9 | K139: =(E136+G136+I136+K136)/1000 -> 1.577645 | L139: 3DB2+9 | N139: 3DA+6 | P139: 3DA+9 | Q139: =(M136+O136+Q136)/1000 -> 1.283 | R139: 3DB1+3 | T139: 3DA+3 | V139: 3DA+0 | W139: =(S136+U136+W136)/1000 -> 1.213207 | X139: 3DD45+9
B140: Paddy Field | R140: Paddy Field
B145: MARC | C145: 415 | D145: MARC | E145: 399 | G145: 436.295 | I145: 437 | J145: MARC | K145: 406 | L145: RC | M145: 437.796 | N145: MARC | O145: 412 | P145: MARC | Q145: 356.628 | R145: RC | S145: 384.624 | T145: MARC | U145: 391 | V145: BALAJI INFA | W145: 436 | Y145: 406 | Z145: 7 | AA145: 5 | AB145: 7
B147: 81/1 | D147: 81/2 | F147: 81/3 | H147: AP82/0 | J147: 82/1 | L147: 82/2 | N147: AP83/0 | P147: 83/1 | R147: 83/2 | T147: AP 84/0 | V147: 84/1 | X147: 84/2
B148: 3DA+0 | D148: 3DA+3 | F148: 3DA+0 | G148: =(Y136+C145+E145+G145)/1000 -> 1.644295 | H148: 3DC1+9 | J148: 3DA+0 | L148: 3DA+6 | M148: =(I145+K145+M145)/1000 -> 1.280796 | N148: 3DB2+6 | P148: 3DA+0 | R148: 3DA+9 | S148: =(O145+Q145+S145)/1000 -> 1.153252 | T148: 3DB1+0 | V148: 3DA+6 | X148: 3DA+0
F149: Paddy Field | H149: Paddy Field
B154: BALRAJ | C154: 359 | D154: BALRAJ | E154: 439 | F154: BALRAJ | G154: 393 | H154: BALAJI INF | I154: 314.949 | J154: MARC | K154: 437.001 | L154: BALAJI INF-1 | M154: 399 | N154: BALAJI INF-1 | O154: 303 | P154: ROW | Q154: 337 | R154: ROW | S154: 339.169 | T154: RC | U154: 400 | W154: 358.849 | X154: RC | Y154: 468.492
Z155: 6 | AA155: 5 | AB155: 2
B156: 84/3 | D156: 84/4 | F156: 84/5 | H156: 84/6 | J156: AP 85/0 | L156: 85/1 | N156: 85/2 | P156: 85/3 | R156: 85/4 | T156: AP 86/0 | V156: 86/1 | X156: AP 87/0
B157: 3DA+0 | D157: 3DA+0 | F157: 3DA+9 | H157: 3DA+0 | I157: =(U145+W145+Y145+C154+E154+G154+I154)/1000 -> 2.738949 | J157: 3DB1+0 | L157: 3DA+9 | N157: 3DA+0 | P157: 3DA+0 | R157: 3DA+0 | S157: =(K154+M154++O154+Q154+S154)/1000 -> 1.81517 | T157: 3DC1+6 | V157: 3DA+3 | W157: =(U154+W154)/1000 -> 0.758849 | X157: 3DC1+3 | Y157: =(Y154)/1000 -> 0.468492
C163: 287.352 | E163: 416 | F163: MARC | G163: 352.354 | H163: MARC | I163: 361 | K163: 426 | M163: 394 | O163: 384 | P163: RC | Q163: 414 | S163: 480 | U163: 395 | W163: 329 | Y163: 417.945 | Z163: 2 | AB163: 1
B165: AP 88/0 | D165: AP 89/0 | F165: 89/1 | H165: AP 90/0 | J165: 90/1 | L165: 90/2 | N165: 90/3 | P165: 90/4 | R165: 90/5 | T165: AP 91/0 | V165: 91/1 | X165: 91/2
B166: 3DB1+9 | C166: 0.287352 | D166: 3DB2+9 | F166: 3DA+0 | G166: =(E163+G163)/1000 -> 0.768354 | H166: 3DB2+0 | J166: 3DA+3 | L166: 3DA+3 | N166: 3DA+3 | P166: 3DA+0 | Q166: =(I163+K163+M163++O163+Q163)/1000 -> 1.979 | R166: 3DB1+3 | S166: =(S163)/1000 -> 0.48 | T166: 3DC2+3 | V166: 3DA+3 | X166: 3DA+6 | Y166: =(U163+W163+Y163)/1000 -> 1.141945
C172: 467 | E172: 443 | G172: 310.743 | I172: 479 | J172: RC | K172: 321 | M172: 506 | O172: 421.207 | Q172: 421 | R172: VKP | S172: 406 | U172: 435 | W172: 532.759 | X172: RC | Y172: 265.465
Z173: 1
B174: AP 92/0 | D174: 92/1 | F174: 92/2 | H174: AP 93/0 | J174: 93/1 | L174: 93/2 | N174: 93/3 | P174: AP 94/0 | R174: 94/1 | T174: 94/2 | V174: 94/3 | X174: AP 95/0
B175: 3DD45+0 | C175: =C172/1000 -> 0.467 | D175: 3DB1+9 | F175: 3DA+0 | G175: =(E172+G172)/1000 -> 0.753743 | H175: 3DB2+3 | J175: 3DA+3 | L175: 3DA+9 | M175: =(I172+K172+M172)/1000 -> 1.306 | N175: 3DB1+9 | O175: =O172/1000 -> 0.421207 | P175: 3DC1+3 | R175: 3DA+0 | T175: 3DA+3 | U175: =(+Q172+S172+U172)/1000 -> 1.262 | V175: 3DB1+9 | W175: =(W172)/1000 -> 0.532759 | X175: 3DD45+9 | Y175: =(Y172)/1000 -> 0.265465
T176: Water Logged
C182: 484 | D182: RC | E182: 611 | G182: 367 | H182: RC | I182: 468.584 | K182: 371.416 | M182: 370 | O182: 327 | Q182: 318 | S182: 339.769 | U182: 395.999 | W182: 377 | Y182: 398
B184: AP 96/0 | D184: 96/1 | F184: 96/2 | H184: 96/3 | J184: 96/4 | L184: 96/5 | N184: 96/6 | P184: 96/7 | R184: 96/8 | T184: AP 97/0 | V184: 97/1 | X184: 97/2
B185: 3DD45+6 | C185: =C182/1000 -> 0.484 | D185: 3DB2+0 | E185: =E182/1000 -> 0.611 | F185: 3DB2+0 | H185: 3DA+6 | J185: 3DA+3 | L185: 3DA+0 | N185: 3DA+0 | P185: 3DA+0 | R185: 3DA+0 | S185: =(G182+I182+K182+M182++O182+Q182+S182)/1000 -> 2.561769 | T185: 3DB2+0 | V185: 3DA+3 | X185: 3DA+0
...

Sheet Foundation & Erection
A1: Description | G1: FOUNDATION DETAILS | L1: EARTHING DETAILS | N1: Erection Details
A2: SL. No | B2: Loc No. | C2: Type of Tower | D2: Type of FDN | E2: RC Fdn Y/N | F2: RC Drawing Status | G2: Stub Availbility Y/N | H2: Fdn ROW | I2: Date of Starting | J2: Date of Completion | K2: Gang Name | L2: Type of Earthing Cp/Pipe | M2: Date of Earthing Completed | N2: Tower Parts Availbility | O2: Tonnage MT | P2: Erection ROW | Q2: Date of Starting | R2: Date of Completion | S2: Gang Name
A3: 1 | B3: 48/0 | C3: 3DCT+0 | D3: DFR | E3: No | F3: -
A4: 2 | B4: 48/1 | C4: 3DA+6 | D4: DFR | E4: No | F4: Yes | G4: Yes | H4: Excavated | N4: Yes | O4: 41.88
A5: 3 | B5: 48/2 | C5: 3DA+0 | D5: DFR | E5: No | F5: Yes | G5: Yes | H5: Steel Binding | I5: 46162 | J5: 46166 | K5: Balaji Services | N5: Yes | O5: 35.089
A6: 4 | B6: 48/3 | C6: 3DA+6 | D6: DFR | E6: No | F6: Yes | G6: Yes | H6: Completed | I6: 46153 | J6: 46161 | K6: Balaji Services | L6: C P | M6: 46164 | N6: Yes | O6: 41.88
A7: 5 | B7: 48/4 | C7: 3DA+3 | D7: DFR | E7: No | F7: Yes | G7: Yes | H7: Excavated | N7: Yes | O7: 36.771
A8: 6 | B8: 48/5 | C8: 3DA+3 | D8: DFR | E8: No | F8: Yes | G8: Yes | H8: Wip | N8: Yes | O8: 36.771
A9: 7 | B9: 48/6 | C9: 3DA+3 | D9: DFR | E9: No | F9: Yes | G9: Yes | H9: Pit A&B Row | N9: Yes | O9: 36.771
A10: 8 | B10: 48/7 | C10: 3DA+3 | D10: DFR | E10: No | F10: Yes | G10: Yes | H10: Excavated | I10: 46132 | J10: 46152 | K10: Balaji Services | L10: C P | M10: 46154 | N10: Yes | O10: 36.771
A11: 9 | B11: 49/0 | C11: 3DC1+0 | D11: DFR | E11: No | F11: - | G11: Yes | H11: Clear | N11: Yes | O11: 62.501
A12: 10 | B12: 49/1 | C12: 3DA+0 | D12: DFR | E12: No | F12: Yes | G12: Yes | H12: Trial pit | N12: Yes | O12: 35.089
A13: 11 | B13: 49/2 | C13: 3DA+0 | D13: DFR | E13: Yes | F13: Yes | G13: Yes | H13: Clear | N13: Yes | O13: 35.089
A14: 12 | B14: 49/3 | C14: 3DA+0 | D14: DFR | E14: No | F14: Yes | G14: Yes | H14: Clear | N14: Yes | O14: 35.089
A15: 13 | B15: 49/4 | C15: 3DA+0 | D15: DFR | E15: No | F15: Yes | G15: Yes | H15: Clear | N15: Yes | O15: 35.089
A16: 14 | B16: 49/5 | C16: 3DA+3 | D16: DFR | E16: No | F16: Yes | G16: Yes | H16: Clear | N16: Yes | O16: 36.771
A17: 15 | B17: 49/6 | C17: 3DA+0 | D17: DFR | E17: No | F17: Yes | G17: Yes | H17: Clear | N17: Yes | O17: 35.089
A18: 16 | B18: 49/7 | C18: 3DA+0 | D18: DFR | E18: No | F18: Yes | G18: Yes | H18: Clear | N18: Yes | O18: 35.089
A19: 17 | B19: 49/8 | C19: 3DA+0 | D19: DFR | E19: No | F19: Yes | G19: Yes | H19: Completed | I19: 46136 | J19: 46142 | K19: VEER TEJA CONSTRUCTION | L19: C P | M19: 46142 | N19: Yes | O19: 35.089
A20: 18 | B20: 49/9 | C20: 3DA+0 | D20: DFR | E20: No | F20: Yes | G20: Yes | H20: Completed | I20: 46127 | J20: 46135 | K20: VEER TEJA CONSTRUCTION | N20: Yes | O20: 35.089 | P20: Completed
A21: 19 | B21: 49/10 | C21: 3DA+0 | D21: DFR | E21: No | F21: Yes | G21: Yes | H21: Completed | I21: 46077 | J21: 46092 | K21: VEER TEJA CONSTRUCTION | L21: C P | M21: 46136 | N21: Yes | O21: 35.089 | P21: Completed
A22: 20 | B22: 49/11 | C22: 3DA+0 | D22: WFR | E22: No | F22: Yes | G22: Yes | H22: Completed | I22: 46077 | J22: 46095 | K22: VEER TEJA CONSTRUCTION | L22: C P | M22: 46136 | N22: Yes | O22: 35.089 | P22: Completed
A23: 21 | B23: 50/0 | C23: 3DC2+0 | D23: WFR | E23: No | F23: - | G23: Yes | H23: Completed | I23: 46077 | J23: 46128 | K23: VEER TEJA CONSTRUCTION | L23: C P | M23: 46114 | N23: Yes | O23: 62.501 | P23: Completed
A24: 22 | B24: 50/1 | C24: 3DA+0 | D24: DFR | E24: No | F24: Yes | G24: Yes | H24: Completed | I24: 46060 | J24: 46065 | K24: SHRIARSHINI | L24: C P | M24: 46068 | N24: Yes | O24: 35.089 | P24: Completed
A25: 23 | B25: 50/2 | C25: 3DA+0 | D25: WET | E25: No | F25: Yes | G25: Yes | H25: Completed | I25: 46059 | J25: 46070 | K25: SHRIARSHINI | L25: PTE | M25: 46070 | N25: Yes | O25: 35.089 | P25: Completed
A26: 24 | B26: 50/3 | C26: 3DA+3 | D26: DFR | E26: No | F26: Yes | G26: Yes | H26: Completed | I26: 46101 | J26: 46106 | K26: SHRIARSHINI | L26: C P | M26: 46110 | N26: Yes | O26: 36.771 | P26: Completed
A27: 25 | B27: 51/0 | C27: 3DC2+0 | D27: DFR | E27: No | F27: - | G27: Yes | H27: Row | N27: Yes | O27: 62.501
A28: 26 | B28: 51/1 | C28: 3DA+3 | D28: DFR | E28: No | F28: Yes | G28: Yes | H28: Row | N28: Yes | O28: 36.771
A29: 27 | B29: 51/2 | C29: 3DA+0 | D29: DFR | E29: No | F29: Yes | G29: Yes | H29: Completed | I29: 46102 | J29: 46108 | K29: SHRIARSHINI | L29: C P | M29: 46112 | N29: Yes | O29: 35.089 | P29: Completed
A30: 28 | B30: 51/3 | C30: 3DA+0 | D30: DFR | E30: No | F30: Yes | G30: Yes | H30: Row | N30: Yes | O30: 35.089
A31: 29 | B31: 51/4 | C31: 3DA+0 | D31: WET | E31: No | F31: Yes | G31: Yes | H31: Paddy | N31: Yes | O31: 35.089
A32: 30 | B32: 51/5 | C32: 3DA+0 | D32: DFR | E32: No | F32: Yes | G32: Yes | H32: Paddy | N32: Yes | O32: 35.089
A33: 31 | B33: 51/6 | C33: 3DA+3 | D33: DFR | E33: No | F33: Yes | G33: Yes | H33: Completed | I33: 46092 | J33: 46100 | K33: SHRIARSHINI | L33: C P | M33: 46110 | N33: Yes | O33: 36.771 | P33: Completed
A34: 32 | B34: 51/7 | C34: 3DA+3 | D34: DFR | E34: No | F34: Yes | G34: Yes | H34: Completed | I34: 46087 | J34: 46094 | K34: SHRIARSHINI | L34: C P | M34: 46095 | N34: Yes | O34: 36.771 | P34: Completed
A35: 33 | B35: 51/8 | C35: 3DA+0 | D35: DFR | E35: No | F35: Yes | G35: Yes | H35: Completed | I35: 46088 | J35: 46095 | K35: SHRIARSHINI | L35: C P | M35: 46098 | N35: Yes | O35: 35.089 | P35: Completed
A36: 34 | B36: 51/9 | C36: 3DA+3 | D36: DFR | E36: No | F36: Yes | G36: Yes | H36: Completed | I36: 46054 | J36: 46058 | K36: SHRIARSHINI | L36: C P | M36: 46069 | N36: Yes | O36: 36.771 | P36: Completed | Q36: 46081 | R36: 46086 | S36: =VLOOKUP(B36,#REF!,4,0) -> #REF!
A37: 35 | B37: 51/10 | C37: 3DA+0 | D37: WET | E37: No | F37: Yes | G37: Yes | H37: Completed | I37: 46090 | J37: 46098 | K37: SHRIARSHINI | L37: P T E | M37: 46127 | N37: Yes | O37: 35.089 | P37: Completed
A38: 36 | B38: 52/0 | C38: 3DB2+0 | D38: DFR | E38: No | G38: Yes | H38: Completed | I38: 46045 | J38: 46053 | K38: SHRIARSHINI | L38: C P | M38: 46056 | N38: Yes | O38: 54.72 | P38: Completed | Q38: 46070 | R38: 46074 | S38: =VLOOKUP(B38,#REF!,4,0) -> #REF!
A39: 37 | B39: 52/1 | C39: 3DA+9 | D39: DFR | E39: No | F39: Yes | G39: Yes | H39: Completed | I39: 46098 | J39: 46103 | K39: SHRIARSHINI | L39: C P | M39: 46112 | N39: Yes | O39: 43.575 | P39: Completed
A40: 38 | B40: 52/2 | C40: 3DA+0 | D40: WFR | E40: No | F40: Yes | G40: Yes | H40: Paddy | N40: Yes | O40: 35.089
A41: 39 | B41: 52/3 | C41: 3DA+0 | D41: DFR | E41: No | F41: Yes | G41: Yes | H41: Row | N41: Yes | O41: 35.089
A42: 40 | B42: 52/4 | C42: 3DA+0 | D42: DFR | E42: No | F42: Yes | G42: Yes | H42: Row | N42: Yes | O42: 35.089
A43: 41 | B43: 53/0 | C43: 3DB1+3 | D43: DFR/WFR | E43: No | F43: Yes | G43: Yes | H43: Completed | I43: 46111 | J43: 46125 | K43: SHRIHARSHINI | L43: C P | M43: 46125 | N43: Yes | O43: 57.484 | P43: Completed
A44: 42 | B44: 53/1 | C44: 3DA+3 | D44: DFR | E44: No | F44: Yes | G44: Yes | H44: Completed | I44: 46050 | J44: 46061 | K44: SHRIARSHINI | L44: C P | M44: 46070 | N44: Yes | O44: 36.771 | P44: Completed | Q44: 46075 | R44: 46078 | S44: =VLOOKUP(B44,#REF!,4,0) -> #REF!
A45: 43 | B45: 53/2 | C45: 3DA+0 | D45: DRY | E45: No | F45: Yes | G45: Yes | H45: Completed | I45: 46048 | J45: 46052 | K45: SHRIARSHINI | L45: P T E | M45: 46072 | N45: Yes | O45: 35.089 | P45: Completed | Q45: 46078 | R45: 46081 | S45: =VLOOKUP(B45,#REF!,4,0) -> #REF!
A46: 44 | B46: 53/3 | C46: 3DA+3 | D46: WET | E46: No | F46: Yes | G46: Yes | H46: Completed | I46: 46106 | J46: 46112 | K46: SHRIARSHINI | L46: P T E | M46: 46125 | N46: Yes | O46: 36.771 | P46: Completed
A47: 45 | B47: 53/4 | C47: 3DA+0 | D47: WET | E47: No | F47: Yes | G47: Yes | H47: Completed | I47: 46058 | J47: 46087 | K47: SHRIARSHINI | L47: P T E | M47: 46125 | N47: Yes | O47: 35.089 | P47: Completed | Q47: 46107 | R47: 46113 | S47: =VLOOKUP(B47,#REF!,4,0) -> #REF!
A48: 46 | B48: 53/5 | C48: 3DA+0 | D48: DRY | E48: No | F48: Yes | G48: Yes | H48: Completed | I48: 46055 | J48: 46089 | K48: SHRIARSHINI | L48: P T E | M48: 46125 | N48: Yes | O48: 35.089 | P48: Completed | Q48: 02.04-2026 | R48: 46119 | S48: =VLOOKUP(B48,#REF!,4,0) -> #REF!
A49: 47 | B49: 53/6 | C49: 3DA+3 | D49: DRY | E49: No | F49: Yes | G49: Yes | H49: Clear | N49: Yes | O49: 36.771
A50: 48 | B50: 54/0 | C50: 3DD60+0 | D50: WFR | E50: No | F50: - | G50: Yes | N50: Yes | O50: 74.189
A51: 49 | B51: 55/0 | C51: 3DD60+0 | D51: WFR | E51: No | F51: - | G51: Yes | N51: Yes | O51: 74.189
A52: 50 | B52: 55/1 | C52: 3DA+0 | D52: DRY | E52: No | F52: Yes | G52: Yes | H52: Completed | I52: 46047 | J52: 46050 | K52: SHRIARSHINI | L52: P T E | M52: 46072 | N52: Yes | O52: 35.089 | P52: Completed | Q52: 46067 | R52: 46070 | S52: =VLOOKUP(B52,#REF!,4,0) -> #REF!
A53: 51 | B53: 55/2 | C53: 3DA+0 | D53: DFR | E53: No | F53: Yes | G53: Yes | H53: Row | N53: Yes | O53: 35.089
A54: 52 | B54: 55/3 | C54: 3DA+0 | D54: DRY | E54: No | F54: Yes | G54: Yes | H54: Completed | I54: 46016 | J54: 46022 | K54: SHRIARSHINI | L54: P T E | M54: 46075 | N54: Yes | O54: 35.089 | P54: Completed | Q54: 46092 | R54: 46099 | S54: =VLOOKUP(B54,#REF!,4,0) -> #REF!
A55: 53 | B55: 56/0 | C55: 3DB2+0 | D55: DFR | E55: No | G55: Yes | H55: Clear | N55: Yes | O55: 54.72
A56: 54 | B56: 56/1 | C56: 3DA+3 | D56: DFR | E56: No | F56: Yes | G56: Yes | H56: Completed | I56: 46012 | J56: 46015 | K56: SHRIARSHINI | N56: Yes | O56: 36.771 | P56: Completed
A57: 55 | B57: 56/2 | C57: 3DA+3 | D57: DRY | E57: No | F57: Yes | G57: Yes | H57: Completed | I57: 46008 | J57: 46018 | K57: SHRIARSHINI | L57: P T E | M57: 46037 | N57: Yes | O57: 36.771 | P57: Completed | Q57: 46073 | R57: 46079 | S57: =VLOOKUP(B57,#REF!,4,0) -> #REF!
A58: 56 | B58: 56/3 | C58: 3DA+0 | D58: DFR | E58: No | F58: Yes | G58: Yes | H58: Completed | I58: 46005 | J58: 46010 | K58: SHRIARSHINI | L58: C P | M58: 46016 | N58: Yes | O58: 35.089 | P58: Completed | Q58: 46078 | R58: 46088 | S58: =VLOOKUP(B58,#REF!,4,0) -> #REF!
A59: 57 | B59: 56/4 | C59: 3DA+3 | D59: WET | E59: No | F59: Yes | G59: Yes | H59: Completed | I59: 45992 | J59: 46028 | K59: SHRIARSHINI | L59: P T E | M59: 46037 | N59: Yes | O59: 36.771 | P59: Completed | Q59: 46099 | R59: 46106 | S59: =VLOOKUP(B59,#REF!,4,0) -> #REF!
A60: 58 | B60: 56/5 | C60: 3DA+3 | D60: WC | E60: Yes | F60: Yes | G60: Yes | H60: Excavated | N60: Yes | O60: 36.771
A61: 59 | B61: 56/6 | C61: 3DA+0 | D61: DRY | E61: No | F61: Yes | G61: Yes | H61: Completed | I61: 46031 | J61: 46039 | K61: SHRIARSHINI | L61: P T E | M61: 46043 | N61: Yes | O61: 35.089 | P61: Completed | Q61: 46056 | R61: 46064 | S61: =VLOOKUP(B61,#REF!,4,0) -> #REF!
A62: 60 | B62: 56/7 | C62: 3DB1+0 | D62: DRY | E62: No | F62: Yes | G62: Yes | H62: Completed | I62: 46029 | J62: 46038 | K62: SHRIARSHINI | L62: P T E | M62: 46040 | N62: Yes | O62: 54.72 | P62: Completed | Q62: 46065 | R62: 46073 | S62: =VLOOKUP(B62,#REF!,4,0) -> #REF!
A63: 61 | B63: 56/8 | C63: 3DA+0 | D63: WC | E63: No | F63: Yes | G63: Yes | H63: Completed | I63: 46039 | J63: 46043 | K63: SHRIARSHINI | L63: P T E | M63: 46072 | N63: Yes | O63: 35.089 | P63: Completed | Q63: 46059 | R63: 46062 | S63: =VLOOKUP(B63,#REF!,4,0) -> #REF!
A64: 62 | B64: 56/9 | C64: 3DA+6 | D64: DRY | E64: No | F64: Yes | G64: Yes | H64: Completed | I64: 46026 | J64: 46032 | K64: SHRIARSHINI | L64: P T E | M64: 46072 | N64: Yes | O64: 41.88 | P64: Completed | Q64: 46063 | R64: 46066 | S64: =VLOOKUP(B64,#REF!,4,0) -> #REF!
A65: 63 | B65: 56/10 | C65: 3DA+0 | D65: DFR | E65: Yes | F65: Yes | G65: Yes | H65: Clear | N65: Yes | O65: 35.089
A66: 64 | B66: 56/11 | C66: 3DA+0 | D66: WFR | E66: Yes | F66: Yes | G66: Yes | H66: Paddy | N66: Yes | O66: 35.089
A67: 65 | B67: 56/12 | C67: 3DA+0 | D67: DFR | E67: No | F67: Yes | G67: Yes | H67: Paddy | N67: Yes | O67: 35.089
A68: 66 | B68: 57/0 | C68: 3DC1+9 | D68: WET | E68: No | F68: - | G68: Yes | N68: Yes | O68: 75.874
A69: 67 | B69: 58/0 | C69: 3DB2+6 | D69: WET | E69: No | G69: Yes | N69: Yes | O69: 64.672
A70: 68 | B70: 58/1 | C70: 3DA+6 | D70: DRY | E70: No | F70: Yes | G70: Yes | H70: Completed | I70: 45992 | J70: 45999 | K70: SHRIARSHINI | L70: P T E | M70: 46044 | N70: Yes | O70: 41.88 | P70: Completed | Q70: 46024 | R70: 46032 | S70: =VLOOKUP(B70,#REF!,4,0) -> #REF!
A71: 69 | B71: 58/2 | C71: 3DA+0 | D71: DRY | E71: No | F71: Yes | G71: Yes | H71: Completed | I71: 45988 | J71: 45994 | K71: SHRIARSHINI | L71: P T E | M71: 46038 | N71: Yes | O71: 35.089 | P71: Completed | Q71: 46016 | R71: 46032 | S71: =VLOOKUP(B71,#REF!,4,0) -> #REF!
A72: 70 | B72: 58/3 | C72: 3DA+0 | D72: DRY | E72: No | F72: Yes | G72: Yes | H72: Completed | I72: 46000 | J72: 46005 | K72: SHRIARSHINI | L72: P T E | M72: 46038 | N72: Yes | O72: 35.089 | P72: Completed | Q72: 46031 | R72: 46036 | S72: =VLOOKUP(B72,#REF!,4,0) -> #REF!
A73: 71 | B73: 59/0 | C73: 3DC1+0 | D73: DFR | E73: No | F73: - | G73: Yes | H73: Completed | I73: 46029 | J73: 46048 | K73: SHRIARSHINI - 2 | L73: C P | M73: 46050 | N73: Yes | O73: 62.501 | P73: Completed | Q73: 46147 | R73: 46160
A74: 72 | B74: 59/1 | C74: 3DA+0 | D74: DFR | E74: No | F74: Yes | G74: Yes | H74: Completed | I74: 45984 | J74: 45990 | K74: SHRIARSHINI | L74: C P | M74: 46044 | N74: Yes | O74: 35.089 | P74: Completed | Q74: 46006 | R74: 46011 | S74: =VLOOKUP(B74,#REF!,4,0) -> #REF!
A75: 73 | B75: 59/2 | C75: 3DA+0 | D75: DRY | E75: No | F75: Yes | G75: Yes | H75: Completed | I75: 45959 | J75: 45969 | K75: SHRIARSHINI | L75: P T E | M75: 46075 | N75: Yes | O75: 35.089 | P75: Completed | Q75: 46013 | R75: 46018 | S75: =VLOOKUP(B75,#REF!,4,0) -> #REF!
A76: 74 | B76: 59/3 | C76: 3DA+0 | D76: DFR | E76: No | F76: Yes | G76: Yes | H76: Row | N76: Yes | O76: 35.089
A77: 75 | B77: 59/4 | C77: 3DA+6 | D77: DRY | E77: No | F77: Yes | G77: Yes | H77: Completed | I77: 45938 | J77: 45951 | K77: SHRIARSHINI | L77: P T E | M77: 45949 | N77: Yes | O77: 41.88 | P77: Completed | Q77: 46037 | R77: 46043 | S77: =VLOOKUP(B77,#REF!,4,0) -> #REF!
A78: 76 | B78: 59/5 | C78: 3DA+0 | D78: DRY | E78: No | F78: Yes | G78: Yes | H78: Completed | I78: 45938 | J78: 45949 | K78: SHRIARSHINI | L78: P T E | M78: 46075 | N78: Yes | O78: 35.089 | P78: Completed | Q78: 46044 | R78: 46049 | S78: =VLOOKUP(B78,#REF!,4,0) -> #REF!
A79: 77 | B79: 60/0 | C79: 3DB2+0 | D79: DFR | E79: No | G79: Yes | H79: Completed | I79: 46097 | J79: 46118 | K79: SHRIARSHINI - 2 | L79: C P | M79: 46127 | N79: Yes | O79: 54.72 | P79: Completed | Q79: 46147 | R79: 46160
A80: 78 | B80: 60/1 | C80: 3DA+0 | D80: DFR | E80: No | F80: Yes | G80: Yes | H80: Clear | N80: Yes | O80: 35.089
A81: 79 | B81: 60/2 | C81: 3DA+0 | D81: DFR | E81: No | F81: Yes | G81: Yes | H81: Completed | I81: 45944 | J81: 45955 | K81: SHRIARSHINI | L81: C P | M81: 46045 | N81: Yes | O81: 35.089 | P81: Completed | Q81: 46049 | R81: 46055 | S81: =VLOOKUP(B81,#REF!,4,0) -> #REF!
A82: 80 | B82: 60/3 | C82: 3DA+6 | D82: DRY | E82: No | F82: Yes | G82: Yes | H82: Completed | I82: 45953 | J82: 45976 | K82: SHRIARSHINI | L82: P T E | M82: 46075 | N82: Yes | O82: 41.88 | P82: Completed
A83: 81 | B83: 60/4 | C83: 3DA+0 | D83: WFR | E83: No | F83: Yes | G83: Yes | H83: One Pit Paddy | N83: Yes | O83: 35.089
A84: 82 | B84: 60/5 | C84: 3DB1+6 | D84: WFR | E84: No | F84: Yes | G84: Yes | H84: Paddy | N84: Yes | O84: 64.672
A85: 83 | B85: 60/6 | C85: 3DB1+9 | D85: SFR | E85: Yes | F85: Yes | G85: Yes | H85: Paddy | N85: Yes | O85: 66.436
A86: 84 | B86: 60/7 | C86: 3DB1+9 | D86: SFR | E86: Yes | F86: Yes | G86: Yes | H86: Paddy | N86: Yes | O86: 66.436
A87: 85 | B87: 60/8 | C87: 3DA+3 | D87: DFR | E87: No | F87: Yes | G87: Yes | H87: Completed | I87: 45973 | J87: 45984 | K87: SHRIARSHINI | L87: C P | M87: 46046 | N87: Yes | O87: 36.771 | P87: Completed
A88: 86 | B88: 61/0 | C88: 3DB1+0 | D88: DFR | E88: No | F88: Yes | G88: Yes | N88: Yes | O88: 54.72
A89: 87 | B89: 62/0 | C89: 3DC1+0 | D89: DFR | E89: No | F89: - | G89: Yes | N89: Yes | O89: 62.501
A90: 88 | B90: 62/1 | C90: 3DA+0 | D90: DFR | E90: Yes | F90: Yes | G90: Yes | N90: Yes | O90: 35.089
A91: 89 | B91: 62/2 | C91: 3DA+9 | D91: DFR | E91: No | F91: Yes | G91: Yes | N91: Yes | O91: 43.575
A92: 90 | B92: 62/3 | C92: 3DA+0 | D92: DFR | E92: Yes | F92: Yes | G92: Yes | N92: Yes | O92: 35.089
A93: 91 | B93: 62/4 | C93: 3DA+0 | D93: DFR | E93: Yes | F93: Yes | G93: Yes | N93: Yes | O93: 35.089
A94: 92 | B94: 63/0 | C94: 3DC2+0 | D94: DFR | E94: No | F94: - | G94: Yes
A95: 93 | B95: 63/1 | C95: 3DA+9 | D95: DFR | E95: No | F95: Yes | G95: Yes | N95: Yes | O95: 43.575
A96: 94 | B96: 63/2 | C96: 3DA+3 | D96: WET | E96: Yes | F96: Yes | G96: Yes | N96: Yes | O96: 36.771
A97: 95 | B97: 63/3 | C97: 3DA+9 | D97: WFR | E97: Yes | F97: Yes | G97: Yes | N97: Yes | O97: 43.575
A98: 96 | B98: 64/0 | C98: 3DD45+9 | D98: WC | E98: Yes | F98: - | G98: Yes | N98: Yes | O98: 83.716
A99: 97 | B99: 65/0 | C99: 3DC2+3 | D99: DFR | E99: Yes | F99: - | G99: Yes | N99: Yes | O99: 65.37
A100: 98 | B100: 65/1 | C100: 3DA+0 | D100: WFR | E100: No | F100: Yes | G100: Yes | N100: Yes | O100: 35.089
...

Sheet STRG Stretch 
A1: 765KV D/C K4 - Bidar TL Package -II
A2: Stringing Stretches | M2: Legend | N2: FS Completed | O2: RS Completed | P2: WIP | Q2: Row
A3: S.No | B3: Section From | C3: Section TO | D3: LENGTH (km) | E3: T(T) / M(M) | F3: Total Fdns | G3: Fdn completed | H3: Pending Fdns | I3: Fdn WIP | J3: Total erection | K3: Erection completed | L3: Pending erection | M3: Erection WIP | N3: Stringing Status | O3: Streach Ready Y/N | P3: OPGW Status | Q3: District | R3: POWER/ NH/ Railway crossings | S3: 11kV | T3: 33kV | U3: Tree Cutting status Pending/Clear
A4: 1 | B4: AP48 | C4: AP49 | D4: 3.30661 | E4: M | F4: 8 | H4: =F4-G4 -> 8 | J4: 8 | L4: =J4-K4 -> 8 | Q4: Vikarabad
A5: =A4+1 -> 2 | B5: AP49 | C5: AP50 | D5: 4.58177 | E5: M | F5: 12 | G5: 4 | H5: =F5-G5 -> 8 | J5: 12 | L5: =J5-K5 -> 12 | Q5: Vikarabad
A6: =A5+1 -> 3 | B6: AP50 | C6: AP51 | D6: 1.51904 | E6: M | F6: 4 | G6: 4 | H6: =F6-G6 -> 0 | I6: AP51 | J6: 4 | L6: =J6-K6 -> 4 | Q6: Vikarabad
A7: =A6+1 -> 4 | B7: AP51 | C7: AP52 | D7: 4.30037 | E7: M | F7: 11 | G7: 6 | H7: =F7-G7 -> 5 | J7: 11 | K7: 1 | L7: =J7-K7 -> 10 | O7: Y | Q7: Vikarabad
A8: =A7+1 -> 5 | B8: AP52 | C8: AP53 | D8: 1.995949 | E8: M | F8: 5 | G8: 2 | H8: =F8-G8 -> 3 | J8: 5 | K8: 1 | L8: =J8-K8 -> 4 | Q8: Vikarabad
A9: =A8+1 -> 6 | B9: AP53 | C9: AP54 | D9: 2.77169 | E9: M | F9: 7 | G9: 6 | H9: =F9-G9 -> 1 | I9: AP53 | J9: 7 | K9: 4 | L9: =J9-K9 -> 3 | Q9: Vikarabad
A10: =A9+1 -> 7 | B10: AP54 | C10: AP55 | D10: 0.23844 | E10: T | F10: 1 | G10: 0 | H10: =F10-G10 -> 1 | J10: 1 | L10: =J10-K10 -> 1 | Q10: Vikarabad | R10: Railway Crossing LOC-54/0 | S10: 1
A11: =A10+1 -> 8 | B11: AP55 | C11: AP56 | D11: 1.436452 | E11: M | F11: 4 | G11: 2 | H11: =F11-G11 -> 2 | J11: 4 | K11: 2 | L11: =J11-K11 -> 2 | Q11: Vikarabad | R11: Railway Crossing LOC-55/0
A12: =A11+1 -> 9 | B12: AP56 | C12: AP57 | D12: 5.232645 | E12: M | F12: 13 | G12: 8 | H12: =F12-G12 -> 5 | I12: AP56 | J12: 13 | K12: 7 | L12: =J12-K12 -> 6 | Q12: Vikarabad | T12: 2
A13: =A12+1 -> 10 | B13: AP57 | C13: AP58 | D13: 0.214742 | E13: T | F13: 1 | H13: =F13-G13 -> 1 | J13: 1 | L13: =J13-K13 -> 1 | Q13: Vikarabad | R13: Power Line Crossing LOC-57/0
A14: =A13+1 -> 11 | B14: AP58 | C14: AP59 | D14: 1.588054 | E14: M | F14: 4 | G14: 3 | H14: =F14-G14 -> 1 | J14: 4 | K14: 3 | L14: =J14-K14 -> 1 | Q14: Vikarabad | R14: Power Line Crossing LOC-58/0
A15: =A14+1 -> 12 | B15: AP59 | C15: AP60 | D15: 2.315837 | E15: M | F15: 6 | G15: 5 | H15: =F15-G15 -> 1 | J15: 6 | K15: 4 | L15: =J15-K15 -> 2 | Q15: Vikarabad
A16: =A15+1 -> 13 | B16: AP60 | C16: AP61 | D16: 3.845051 | E16: M | F16: 9 | G16: 4 | H16: =F16-G16 -> 5 | J16: 9 | K16: 1 | L16: =J16-K16 -> 8 | Q16: Vikarabad
A17: =A16+1 -> 14 | B17: AP61 | C17: AP62 | D17: 0.247492 | E17: T | F17: 1 | H17: =F17-G17 -> 1 | J17: 1 | L17: =J17-K17 -> 1 | Q17: Vikarabad | R17: NH Crossing LOC-61/0
A18: =A17+1 -> 15 | B18: AP62 | C18: AP63 | D18: 1.819982 | E18: M | F18: 5 | H18: =F18-G18 -> 5 | J18: 5 | L18: =J18-K18 -> 5 | Q18: Vikarabad | R18: NH Crossing LOC-62/0
A19: =A18+1 -> 16 | B19: AP63 | C19: AP64 | D19: 1.611927 | E19: M | F19: 4 | H19: =F19-G19 -> 4 | J19: 4 | L19: =J19-K19 -> 4 | Q19: Vikarabad
A20: =A19+1 -> 17 | B20: AP64 | C20: AP65 | D20: 0.439047 | E20: T | F20: 1 | H20: =F20-G20 -> 1 | J20: 1 | L20: =J20-K20 -> 1 | Q20: Vikarabad | T20: 2
A21: =A20+1 -> 18 | B21: AP65 | C21: AP66 | D21: 1.39949 | E21: M | F21: 4 | G21: 1 | H21: =F21-G21 -> 3 | J21: 4 | L21: =J21-K21 -> 4 | Q21: Vikarabad | S21: 1
A22: =A21+1 -> 19 | B22: AP66 | C22: AP67 | D22: 0.886818 | E22: M | F22: 2 | G22: 1 | H22: =F22-G22 -> 1 | J22: 2 | L22: =J22-K22 -> 2 | Q22: Vikarabad
A23: =A22+1 -> 20 | B23: AP67 | C23: AP68 | D23: 1.84124 | E23: M | F23: 5 | G23: 1 | H23: =F23-G23 -> 4 | J23: 5 | L23: =J23-K23 -> 5 | Q23: Vikarabad
A24: =A23+1 -> 21 | B24: AP68 | C24: AP69 | D24: 1.160851 | E24: M | F24: 3 | H24: =F24-G24 -> 3 | J24: 3 | L24: =J24-K24 -> 3 | Q24: Vikarabad
A25: =A24+1 -> 22 | B25: AP69 | C25: AP70 | D25: 1.261628 | E25: M | F25: 3 | H25: =F25-G25 -> 3 | J25: 3 | L25: =J25-K25 -> 3 | Q25: Vikarabad
A26: =A25+1 -> 23 | B26: AP70 | C26: AP71 | D26: 1.966984 | E26: M | F26: 5 | G26: 4 | H26: =F26-G26 -> 1 | I26: AP70 | J26: 5 | L26: =J26-K26 -> 5 | Q26: Vikarabad
A27: =A26+1 -> 24 | B27: AP71 | C27: AP72 | D27: 0.248518 | E27: T | F27: 1 | H27: =F27-G27 -> 1 | J27: 1 | L27: =J27-K27 -> 1 | Q27: NarayanPet | R27: Power Line Crossing LOC-71/0
A28: =A27+1 -> 25 | B28: AP72 | C28: AP73 | D28: 0.827684 | E28: M | F28: 2 | H28: =F28-G28 -> 2 | J28: 2 | L28: =J28-K28 -> 2 | Q28: NarayanPet | R28: Power Line Crossing LOC-72/0
A29: =A28+1 -> 26 | B29: AP73 | C29: AP74 | D29: 1.213353 | E29: M | F29: 3 | G29: 2 | H29: =F29-G29 -> 1 | J29: 3 | L29: =J29-K29 -> 3 | Q29: NarayanPet
A30: =A29+1 -> 27 | B30: AP74 | C30: AP75 | D30: 0.250119 | E30: T | F30: 1 | H30: =F30-G30 -> 1 | J30: 1 | L30: =J30-K30 -> 1 | Q30: NarayanPet
A31: =A30+1 -> 28 | B31: AP75 | C31: AP76 | D31: 1.6107 | E31: M | F31: 4 | H31: =F31-G31 -> 4 | J31: 4 | L31: =J31-K31 -> 4 | Q31: NarayanPet
A32: =A31+1 -> 29 | B32: AP76 | C32: AP77 | D32: 0.19645 | E32: T | F32: 1 | H32: =F32-G32 -> 1 | J32: 1 | L32: =J32-K32 -> 1 | N32: Fs completed | Q32: NarayanPet | R32: Power Line Crossing LOC-76/0
A33: =A32+1 -> 30 | B33: AP77 | C33: AP78 | D33: 4.26058 | E33: M | F33: 11 | G33: 9 | H33: =F33-G33 -> 2 | J33: 11 | K33: 7 | L33: =J33-K33 -> 4 | Q33: NarayanPet | R33: Power Line Crossing LOC-77/0
A34: =A33+1 -> 31 | B34: AP78 | C34: AP79 | D34: 1.55509 | E34: M | F34: 4 | G34: 1 | H34: =F34-G34 -> 3 | J34: 4 | L34: =J34-K34 -> 4 | Q34: NarayanPet
A35: =A34+1 -> 32 | B35: AP79 | C35: AP80 | D35: 1.577645 | E35: M | F35: 4 | G35: 3 | H35: =F35-G35 -> 1 | J35: 4 | K35: 2 | L35: =J35-K35 -> 2 | Q35: NarayanPet
A36: =A35+1 -> 33 | B36: AP80 | C36: AP81 | D36: 2.496207 | E36: M | F36: 6 | G36: 3 | H36: =F36-G36 -> 3 | J36: 6 | K36: 2 | L36: =J36-K36 -> 4 | Q36: NarayanPet
A37: =A36+1 -> 34 | B37: AP81 | C37: AP82 | D37: 1.644295 | E37: M | F37: 4 | G37: 2 | H37: =F37-G37 -> 2 | J37: 4 | K37: 1 | L37: =J37-K37 -> 3 | Q37: NarayanPet
A38: =A37+1 -> 35 | B38: AP82 | C38: AP83 | D38: 1.280796 | E38: M | F38: 3 | G38: 1 | H38: =F38-G38 -> 2 | J38: 3 | K38: 1 | L38: =J38-K38 -> 2 | Q38: NarayanPet
A39: =A38+1 -> 36 | B39: AP83 | C39: AP84 | D39: 1.153252 | E39: M | F39: 3 | G39: 2 | H39: =F39-G39 -> 1 | J39: 3 | K39: 2 | L39: =J39-K39 -> 1 | Q39: NarayanPet
A40: =A39+1 -> 37 | B40: AP84 | C40: AP85 | D40: 2.738949 | E40: M | F40: 7 | G40: 6 | H40: =F40-G40 -> 1 | J40: 7 | K40: 5 | L40: =J40-K40 -> 2 | Q40: NarayanPet
A41: =A40+1 -> 38 | B41: AP85 | C41: AP86 | D41: 1.81517 | E41: M | F41: 5 | G41: 2 | H41: =F41-G41 -> 3 | J41: 5 | K41: 2 | L41: =J41-K41 -> 3 | Q41: NarayanPet
A42: =A41+1 -> 39 | B42: AP86 | C42: AP87 | D42: 0.758849 | E42: M | F42: 2 | H42: =F42-G42 -> 2 | J42: 2 | L42: =J42-K42 -> 2 | Q42: NarayanPet
A43: =A42+1 -> 40 | B43: AP87 | C43: AP88 | D43: 0.468492 | E43: T | F43: 1 | H43: =F43-G43 -> 1 | J43: 1 | L43: =J43-K43 -> 1 | Q43: NarayanPet
A44: =A43+1 -> 41 | B44: AP88 | C44: AP89 | D44: 0.292001 | E44: T | F44: 1 | H44: =F44-G44 -> 1 | J44: 1 | L44: =J44-K44 -> 1 | Q44: NarayanPet | R44: Power Line Crossing LOC-88/0
A45: =A44+1 -> 42 | B45: AP89 | C45: AP90 | D45: 0.762497 | E45: M | F45: 2 | G45: 1 | H45: =F45-G45 -> 1 | J45: 2 | L45: =J45-K45 -> 2 | Q45: NarayanPet | R45: Power Line Crossing LOC-89/0
A46: =A45+1 -> 43 | B46: AP90 | C46: AP91 | D46: 2.459897 | E46: M | F46: 6 | G46: 1 | H46: =F46-G46 -> 5 | J46: 6 | L46: =J46-K46 -> 6 | Q46: NarayanPet
A47: =A46+1 -> 44 | B47: AP91 | C47: AP92 | D47: 1.141945 | E47: M | F47: 3 | H47: =F47-G47 -> 3 | J47: 3 | L47: =J47-K47 -> 3 | Q47: NarayanPet
A48: =A47+1 -> 45 | B48: AP92 | C48: AP93 | D48: 1.220743 | E48: M | F48: 3 | H48: =F48-G48 -> 3 | J48: 3 | L48: =J48-K48 -> 3 | Q48: NarayanPet
A49: =A48+1 -> 46 | B49: AP93 | C49: AP94 | D49: 1.727207 | E49: M | F49: 4 | H49: =F49-G49 -> 4 | J49: 4 | L49: =J49-K49 -> 4 | Q49: NarayanPet
A50: =A49+1 -> 47 | B50: AP94 | C50: AP95 | D50: 1.794759 | E50: M | F50: 4 | G50: 1 | H50: =F50-G50 -> 3 | J50: 4 | L50: =J50-K50 -> 4 | Q50: NarayanPet
A51: =A50+1 -> 48 | B51: AP95 | C51: AP96 | D51: 0.265465 | E51: T | F51: 1 | H51: =F51-G51 -> 1 | J51: 1 | L51: =J51-K51 -> 1 | Q51: NarayanPet | R51: Power Line Crossing LOC-95/0
A52: =A51+1 -> 49 | B52: AP96 | C52: AP97 | D52: 3.658098 | E52: M | F52: 9 | H52: =F52-G52 -> 9 | J52: 9 | L52: =J52-K52 -> 9 | Q52: NarayanPet | R52: Power Line Crossing LOC-96/0
A53: =A52+1 -> 50 | B53: AP97 | C53: AP98 | D53: 1.937659 | E53: M | F53: 5 | H53: =F53-G53 -> 5 | J53: 5 | L53: =J53-K53 -> 5 | P53: Completed | Q53: NarayanPet
A54: =A53+1 -> 51 | B54: AP98 | C54: AP99 | D54: 2.327997 | E54: M | F54: 6 | H54: =F54-G54 -> 6 | J54: 6 | L54: =J54-K54 -> 6 | Q54: NarayanPet | R54: NH Crossing LOC-98/0 And NH Crossing LOC-98/0 | S54: 1
A55: =A54+1 -> 52 | B55: AP99 | C55: AP100 | D55: 4.985834 | E55: M | F55: 13 | G55: 7 | H55: =F55-G55 -> 6 | J55: 13 | K55: 6 | L55: =J55-K55 -> 7 | Q55: NarayanPet
A56: =A55+1 -> 53 | B56: AP100 | C56: AP101 | D56: 3.64917 | E56: M | F56: 9 | G56: 9 | H56: =F56-G56 -> 0 | J56: 9 | K56: 8 | L56: =J56-K56 -> 1 | Q56: NarayanPet
A57: =A56+1 -> 54 | B57: AP101 | C57: AP102 | D57: 3.924005 | E57: M | F57: 10 | G57: 7 | H57: =F57-G57 -> 3 | J57: 10 | K57: 7 | L57: =J57-K57 -> 3 | Q57: NarayanPet
A58: =A57+1 -> 55 | B58: AP102 | C58: AP103 | D58: 2.704596 | E58: M | F58: 7 | G58: 5 | H58: =F58-G58 -> 2 | J58: 7 | K58: 5 | L58: =J58-K58 -> 2 | Q58: NarayanPet
A59: =A58+1 -> 56 | B59: AP103 | C59: AP104 | D59: 1.524132 | E59: M | F59: 4 | H59: =F59-G59 -> 4 | J59: 4 | L59: =J59-K59 -> 4 | Q59: NarayanPet
A60: =A59+1 -> 57 | B60: AP104 | C60: AP105 | D60: 4.698107 | E60: M | F60: 12 | H60: =F60-G60 -> 12 | J60: 12 | L60: =J60-K60 -> 12 | Q60: NarayanPet
A61: =A60+1 -> 58 | B61: AP105 | C61: AP106 | D61: 1.54841 | E61: M | F61: 4 | H61: =F61-G61 -> 4 | J61: 4 | L61: =J61-K61 -> 4 | N61: Row | Q61: NarayanPet
A62: =A61+1 -> 59 | B62: AP106 | C62: AP107 | D62: 0.263315 | E62: T | F62: 1 | H62: =F62-G62 -> 1 | J62: 1 | L62: =J62-K62 -> 1 | Q62: NarayanPet | R62: Railway Crossing LOC-106/0
A63: =A62+1 -> 60 | B63: AP107 | C63: AP108 | D63: 0.780805 | E63: M | F63: 2 | H63: =F63-G63 -> 2 | J63: 2 | L63: =J63-K63 -> 2 | Q63: NarayanPet | R63: Railway Crossing LOC-107/0
A64: =A63+1 -> 61 | B64: AP108 | C64: AP109 | D64: 1.126526 | E64: M | F64: 4 | H64: =F64-G64 -> 4 | J64: 4 | L64: =J64-K64 -> 4 | P64: Completed | Q64: NarayanPet | R64: Power Line Crossing LOC-109/0
A65: =A64+1 -> 62 | B65: AP109 | C65: AP110 | D65: 0.194628 | E65: T | F65: 1 | H65: =F65-G65 -> 1 | J65: 1 | L65: =J65-K65 -> 1 | P65: Completed | Q65: NarayanPet | R65: Power Line Crossing LOC-110/0
A66: =A65+1 -> 63 | B66: AP110 | C66: AP111 | D66: 0.203141 | E66: T | F66: 1 | H66: =F66-G66 -> 1 | J66: 1 | L66: =J66-K66 -> 1 | Q66: NarayanPet | R66: NH Crossing LOC-110/0 And NH Crossing LOC-111/0
B67: Grand Total | D67: =SUM(D4:D66) -> 113.26919 | F67: =SUM(F4:F66) -> 292 | G67: =SUM(G4:G66) -> 113 | H67: =SUM(H4:H66) -> 179 | I67: =SUM(I4:I66) -> 0 | J67: =SUM(J4:J66) -> 292 | K67: =SUM(K4:K66) -> 71 | L67: =SUM(L4:L66) -> 221 | M67: =SUM(M4:M63) -> 0 | N67: =SUM(N4:N63) -> 0 | O67: =SUM(O4:O63) -> 0 | P67: =SUM(P4:P63) -> 0 | S67: =SUM(S4:S66) -> 3 | T67: =SUM(T4:T66) -> 4 | U67: =SUM(U4:U63) -> 0
A71: S.No | B71: T/ M | C71: Total Section | E71: Final Sag Complted | G71: Rough Sag Completed | I71: Ready for STR | K71: WIP | M71: Row | O71: Balance | Q71: OPGW
C72: KM | D72: Nos | E72: km | F72: Nos | G72: km | H72: Nos | I72: km | J72: Nos | K72: km | L72: Nos | M72: KM | N72: Nos | O72: KM | P72: Nos | Q72: Completed | R72: Balance
A73: 1 | B73: * M | C73: =SUM(SUMIF(E4:E66,"M",D4:D66)) -> 109.74734 | D73: =COUNTIF(E4:E66,"M") -> 50 | E73: =SUMIFS(D4:D66,N4:N66,"FS Completed",E4:E66,"M") -> 0 | F73: =COUNTIFS(N4:N66,"FS Completed",E4:E66,"M") -> 0 | G73: =SUMIFS(D4:D66,N4:N66,"RS Completed",E4:E66,"M") -> 0 | H73: =COUNTIFS(N4:N66,"RS Completed",E4:E66,"M") -> 0 | I73: =SUMIFS(D4:D66,O4:O66,"Y",E4:E66,"M") -> 4.30037 | J73: =COUNTIFS(O4:O66,"Y",E4:E66,"M") -> 1 | K73: =SUMIFS(D4:D66,N4:N66,"WIP",E4:E66,"M") -> 0 | L73: =COUNTIFS(N4:N66,"WIP",E4:E66,"M") -> 0 | M73: =SUMIFS(D4:D66,N4:N66,"ROW",E4:E66,"M") -> 1.54841 | N73: =COUNTIFS(N4:N66,"ROW",E4:E66,"M") -> 1 | O73: =C73-E73 -> 109.74734 | P73: =D73-F73 -> 50 | Q73: =SUMIFS(D4:D66,P4:P66,"Completed",E4:E66,"M") -> 3.064185 | R73: =C73-Q73 -> 106.68316
A74: 2 | B74: * T | C74: =SUM(SUMIF(E4:E66,"T",D4:D66)) -> 3.52185 | D74: =COUNTIF(E5:E66,"T") -> 13 | E74: =SUMIFS(D4:D66,N4:N66,"FS Completed",E4:E66,"T") -> 0.19645 | F74: =COUNTIFS(N4:N66,"FS Completed",E4:E66,"T") -> 1 | G74: =SUMIFS(D4:D66,N4:N66,"RS Completed",E4:E66,"T") -> 0 | H74: =COUNTIFS(N4:N66,"RS Completed",E4:E66,"T") -> 0 | I74: =SUMIFS(D4:D66,O4:O66,"Y",E4:E66,"T") -> 0 | J74: =COUNTIFS(O4:O66,"Y",E4:E66,"T") -> 0 | K74: =SUMIFS(D4:D66,N4:N66,"WIP",E4:E66,"T") -> 0 | L74: =COUNTIFS(N4:N66,"WIP",E4:E66,"T") -> 0 | M74: =SUMIFS(D4:D66,N4:N66,"ROW",E4:E66,"T") -> 0 | N74: =COUNTIFS(N4:N66,"ROW",E4:E66,"M") -> 1 | O74: =C74-E74 -> 3.3254 | P74: =D74-F74 -> 12 | Q74: =SUMIFS(D4:D66,P4:P66,"Completed",E4:E66,"T") -> 0.194628 | R74: =C74-Q74 -> 3.327222
B75: Total | C75: =SUM(C73:C74) -> 113.26919 | D75: =SUM(D73:D74) -> 63 | E75: =SUM(E73:E74) -> 0.19645 | F75: =SUM(F73:F74) -> 1 | G75: =SUM(G73:G74) -> 0 | H75: =SUM(H73:H74) -> 0 | I75: =SUM(I73:I74) -> 4.30037 | J75: =SUM(J73:J74) -> 1 | ... P75: =SUM(P73:P74) -> 62 | Q75: =Q73+Q74 -> 3.258813 | R75: =R73+R74 -> 110.01038
F79: District | G79: Total Kms | H79: Total fdns | I79: fdns cmpld | J79: Erc cmpld | K79: Str Cmpld
F80: NarayanPet | G80: =SUMIFS(D4:D66,Q4:Q66,"Narayanpet") -> 67.287086 | H80: =SUMIFS(F4:F66,Q4:Q66,"Narayanpet") -> 174 | I80: =SUMIFS(G4:G66,Q4:Q66,"Narayanpet") -> 62 | J80: =SUMIFS(K4:K66,Q4:Q66,"Narayanpet") -> 48 | K80: =SUMIFS(D4:D66,N4:N66,"FS Completed",Q4:Q66,"Narayanpet") -> 0.19645
F81: Vikarabad | G81: =SUMIFS(D4:D66,Q4:Q66,"Vikarabad") -> 45.982109 | H81: =SUMIFS(F4:F66,Q4:Q66,"Vikarabad") -> 118 | I81: =SUMIFS(G4:G66,Q4:Q66,"Vikarabad") -> 51 | J81: =SUMIFS(K4:K66,Q4:Q66,"Vikarabad") -> 23 | K81: =SUMIFS(D4:D66,N4:N66,"FS Completed",Q4:Q66,"Vikarabad") -> 0
F82: Total | G82: =G80+G81 -> 113.26919 | H82: =H80+H81 -> 292 | I82: =I80+I81 -> 113 | J82: =J80+J81 -> 71 | K82: =K80+K81 -> 0.19645

Sheet Stringing Compiled
A1: S.no | B1: Sec | C1: From AP | D1: To AP | E1: Span (M) | F1: Method | G1: Section Readiness | H1: Insulator Hoisting | I1: P/O Starting Date | J1: P/O Completion Date | K1: P/O | L1: F/S Starting Date | M1: F/S/ Completion Date | N1: Jumpering | O1: Spacering | P1: Clipping | Q1: Length | R1: Status | S1: Gang Name | T1: Gang Strength | U1: Number of Fitters | V1: Hindrance | W1: Remarks
