Workbook
Name \0: #REF!
Name \A: #REF!
Name \A: #REF!
Name \A: #REF!
Name \A_1: "#REF!"
Name \aa: #REF!
Name \aa: #REF!
Name \aa: #REF!
Name \B: #REF!
Name \B: #REF!
Name \B: #REF!
Name \C: #REF!
Name \C: #REF!
Name \C: #REF!
Name \c1: #REF!
Name \D: #REF!
Name \DFC: #REF!
Name \DFC: #REF!
Name \DFC: #REF!
Name \E: #REF!
Name \E: #REF!
Name \E: #REF!
Name \g: #REF!
Name \H: #REF!
Name \H: #REF!
Name \H: #REF!
Name \i: #REF!
Name \jmns: #REF!
Name \jmns: #REF!
Name \jmns: #REF!
Name \L: #REF!
Name \L: #REF!
Name \L: #REF!
Name \LK: #REF!
Name \LK: #REF!
Name \LK: #REF!
Name \LKM: #REF!
Name \LKM: #REF!
Name \LKM: #REF!
Name \M: #REF!
Name \M: #REF!
Name \M: #REF!
Name \N: #REF!
Name \N: #REF!
Name \N: #REF!
Name \P: #REF!
Name \P: #REF!
Name \P: #REF!
Name \Q: #REF!
Name \Q: #REF!
Name \Q: #REF!
Name \R: #REF!
Name \R: #REF!
Name \R: #REF!
Name \S: #REF!
Name \S: #REF!
Name \S: #REF!
Name \Sv: #REF!
Name \Sv: #REF!
Name \Sv: #REF!

Sheet Completion Plan
B1: Construction Plan-TA-602
B3: PARTICULARS | D3: Unit | E3: Final | F3: Till 30 June’26 | G3: Bal | H3: June | K3: Jun’26 | L3: July'26 | M3: Aug'26 | N3: Sept'26 | O3: Oct'26 | P3: Nov'26 | Q3: Dec'26 | R3: Jan'27 | S3: Feb'27 | T3: Mar'27 | U3: Apri'27 | V3: Q2-27 | W3: Q3-27 | X3: Q4-27 | Y3: Q1-28 | Z3: Q2-28 | AA3: Remarks
E4: Qty | G4: 1st July | H4: Plan | I4: Act | J4: WIP
B5: TOWER Fdn | C5: Fdn | D5: Nos | E5: 494 | F5: 169 | G5: =E5-F5 -> 325 | H5: 30 | I5: 15 | J5: 0 | L5: 20 | M5: 40 | N5: 40 | O5: 40 | P5: 40 | Q5: 33 | R5: 33 | S5: 30 | T5: 34 | AA5: =SUM(K5:Z5)+I5+F5 -> 494
C6: Gangs | D6: Nos | H6: 6 | I6: 6 | J6: - | L6: 6 | M6: 8 | N6: 8 | O6: 8 | P6: 8 | Q6: 8 | R6: 8 | S6: 8 | T6: 8
B7: TOWER ERECTION | C7: Location | D7: Nos | E7: 494 | F7: 73 | G7: =E7-F7 -> 421 | H7: 40 | I7: 8 | J7: 3 | L7: 25 | M7: 35 | N7: 40 | O7: 40 | P7: 40 | Q7: 40 | R7: 40 | S7: 35 | T7: 35 | U7: 35 | V7: 48 | AA7: =SUM(K7:Z7)+I7+F7 -> 494
C8: Volume | D8: MT
C9: Gang | D9: No | F9: 2 | H9: 8 | I9: 4 | J9: 4 | L9: 8 | M9: 8 | N9: 10 | O9: 10 | P9: 10 | Q9: 10 | R9: 10 | S9: 10 | T9: 8 | U9: 8 | V9: 10
B10: STRINGING | C10: Stringing - P/O | D10: KMs | E10: 186 | F10: - | G10: - | H10: - | I10: - | J10: - | K10: - | L10: - | M10: - | N10: - | P10: 5 | Q10: 12 | R10: 18 | S10: 18 | T10: 18 | U10: 20 | V10: 20 | W10: 20 | X10: 20 | Y10: 18 | Z10: 17 | AA10: =SUM(O10:Z10) -> 186
C11: Stringing F/S | D11: Kms | E11: 186 | F11: - | G11: - | H11: - | I11: - | J11: - | K11: - | L11: - | M11: - | N11: - | P11: 5 | Q11: 12 | R11: 18 | S11: 18 | T11: 18 | U11: 20 | V11: 20 | W11: 20 | X11: 20 | Y11: 18 | Z11: 17 | AA11: =SUM(O11:Z11) -> 186
C12: Gang | D12: No | F12: - | G12: - | H12: - | I12: - | J12: - | K12: - | L12: - | M12: - | N12: - | P12: 2 | Q12: 4 | R12: 5 | S12: 5 | T12: 5 | U12: 5 | V12: 5 | W12: 5 | X12: 5 | Y12: 5 | Z12: 5
B13: OPGW | C13: Stringing | D13: KMs | E13: 186 | F13: - | G13: - | H13: - | I13: - | J13: - | K13: - | L13: - | M13: - | N13: - | P13: 5 | Q13: 12 | R13: 18 | S13: 18 | T13: 18 | U13: 20 | V13: 20 | W13: 20 | X13: 20 | Y13: 18 | Z13: 17 | AA13: =SUM(O13:Z13) -> 186
C14: Gang | D14: No | F14: - | G14: - | H14: - | I14: - | J14: - | K14: - | L14: - | M14: - | N14: - | P14: 2 | Q14: 4 | R14: 5 | S14: 5 | T14: 5 | U14: 5 | V14: 5 | W14: 5 | X14: 5 | Y14: 5 | Z14: 5

Sheet Project Details
A1: Project Code | B1: Project Name | C1: Client Name | D1: NOA Start Date | E1: LOA End Date | F1: Planning Engineer | G1: PCH | H1: Regional Manager | I1: Project Manager | J1: Section Incharge | K1: Employee Name | L1: Designation
A2: TA-602 | B2: Name of Line: Package TL-06 for ±800kV HVDC Bipole Line (Hexa Lapwing) between KPS2 (HVDC) & Nagpur (HVDC) (with dedicated metallic Return) -Part- 6 Transmission Line | C2: Powergrid West Central Transmission Ltd. | D2: 45790 | E2: 47069 | F2: Mr. Rishi Shukla | G2: Mr Arun Felbin R | H2: Mr. Vijay Govindrao Kute | I2: Mr. Minarul Alam | J2: Mr. Ajaya Kumar | K2: Mr. Vishnu R Nair | L2: Sr. Engineer
K3: Mr. Tapash Das | L3: Sr. Surveyour
K4: Mr. Rakesh Debnath | L4: Survey Officer
K5: Mr. Monnesh C.K. | L5: Syrvey Assist.
K6: Mr. Deep kumar Das | L6: Sr. Supervisor
K7: Mr. Soumen Khan | L7: Survey Officer
K8: Mr. Khokan Mandal | L8: Assit. Surveyour
J9: Mr. Tanmay Nayak | K9: Mr. Madhu Saran Prashad | L9: Supervisor
K10: Jaynta Ghosh | L10: Supervisor
K11: Uttam das | L11: Supervisor
K12: Md. Wahiddujaman Biswash | L12: Officer Project
K13: Mijanur Rahaman | L13: Officer Project
K14: Saddam Hossain | L14: Officer Project
K15: Sanjit Singh | L15: Erection Supervisor
K16: Hulash mahato | L16: Erection Supervisor
K17: Bhim mahato | L17: Erection Supervisor
K18: M Ganesan | L18: Assistant Officer - project

Sheet PGCIL - KEC
A1: TA-602 KEC INTERNATIONAL LIMITED | M1: =TODAY() -> 46204
A2: ='Project Details'!C2 -> Powergrid West Central Transmission Ltd.
A3: ='Project Details'!B2 -> Name of Line: Package TL-06 for ±800kV HVDC Bipole Line (Hexa Lapwing) between KPS2 (HVDC) & Nagpur (HVDC) (with dedicated metallic Return) -Part- 6 Transmission Line
A4: NOA No.: CC/T/W-TW/DOM/A06/24/04774/NOA-2/25-105721/01&02 Dt:13-05-2025
A5: Sr No. | B5: Activity | C5: Estimated Quantity | D5: Cumm. Progress up to till last Month (June'26) | E5: Target as per L2 Schedule Cummulative (upto July'26) | F5: L3 Plan for the month (July26 ) | G5: Today's Progress | H5: Progress in this month | I5: Cumm. Progress till date | J5: Cumm. Balance | K5: WIP | L5: No of Gangs | M5: Remark
A6: 1 | B6: Route Alignment (Km) | C6: ='800kV HVDC TA-602'!C8 -> 185.149 | D6: =C6 -> 185.149 | E6: =C6 -> 185.149 | F6: =C6-E6 -> 0 | I6: =D6+H6 -> 185.149 | J6: =C6-I6 -> 0
A7: 2 | B7: Detailed Survey (Km) | C7: 184.986 | D7: ='800kV HVDC TA-602'!K9 -> 178.3635 | E7: =C7 -> 184.986 | F7: =C7-D7 -> 6.6225 | I7: =D7 -> 178.3635 | J7: =C7-I7 -> 6.6225
A8: 3 | B8: Profiling (Km) | C8: =C7 -> 184.986 | D8: =C8 -> 184.986 | E8: =D8 -> 184.986 | F8: =C8-E8 -> 0 | I8: =D8+H8 -> 184.986 | J8: =C8-I8 -> 0
A9: 4 | B9: Check Survey (Km) | C9: =C8 -> 184.986 | D9: 178.364 | E9: =C9 -> 184.986 | F9: =C9-D9 -> 6.622 | I9: =D9+H9 -> 178.364 | J9: =C9-I9 -> 6.622
A10: 5 | B10: Soil Investigation (Nos.) | C10: 31 | D10: 17 | I10: =D10+H10 -> 17 | J10: =C10-I10 -> 14
A11: 6 | B11: Excavation | C11: 480 | D11: 169 | E11: 182 | F11: 25 | I11: =D11+H11 -> 169 | J11: =C11-I11 -> 311 | K11: 2
A12: 7 | B12: Foundation (Nos.) | C12: =C11 -> 480 | D12: 167 | E12: 182 | F12: =F11 -> 25 | I12: =D12+H12 -> 167 | J12: =C12-I12 -> 313 | K12: 3 | L12: 2 | M12: ROW"67/3"(10/06/2026)
A13: 8 | B13: Earthing (Nos.) | C13: =C12 -> 480 | D13: 107 | E13: =E12 -> 182 | F13: =F12 -> 25 | I13: =D13+H13 -> 107 | J13: =C13-I13 -> 373
A14: 9 | B14: Tower Erection (Nos) | C14: =C13 -> 480 | D14: 78 | E14: 120 | F14: 30 | I14: =D14+H14 -> 78 | J14: =C14-I14 -> 402 | K14: 4 | L14: 4
A15: 10 | B15: Tack Welding | C15: =C14 -> 480 | D15: 0 | E15: =E14 -> 120 | F15: =F14 -> 30 | H15: 0 | I15: =D15+H15 -> 0 | J15: =C15-I15 -> 480 | K15: 0 | L15: 0
A16: 11 | B16: Stringing (Km) | C16: =$C$9 -> 184.986 | D16: 0 | E16: 16 | F16: 0 | H16: 0 | I16: =H16+D16 -> 0 | J16: =C16-I16 -> 184.986 | K16: 0 | L16: 0
A17: a) | B17: Paying Out | C17: =$C$9 -> 184.986 | D17: 0 | E17: 16 | F17: 0 | H17: 0 | I17: =H17+D17 -> 0 | J17: =C17-I17 -> 184.986
A18: b) | B18: Final Sag | C18: =$C$9 -> 184.986 | D18: 0 | E18: 16 | F18: 0 | H18: 0 | I18: =H18+D18 -> 0 | J18: =C18-I18 -> 184.986
A19: 12 | B19: OPGW (Km) | C19: =$C$9 -> 184.986 | D19: 0 | E19: 0 | F19: 0 | I19: =D19+H19 -> 0 | J19: =C19-I19 -> 184.986

Sheet PPT-Erection Part
A1: LOA DT -13-May-2026 Completion Schedule 12-Nov-2028 Project Value-613.31Cr
A2: Sl No | B2: PARTICULARS | D2: Unit | E2: Total | F2: Comp Till 31-May’26 | G2: Balance Till 01-Jun’26 | H2: June’26 | K2: July’26 | L2: Aug’26 | M2: Support / Issue
E3: Qty | H3: Plan | I3: Actual | J3: WIP | K3: Plan | L3: Plan
A4: 1 | B4: Survey | C4: Details | D4: KMs | E4: 185.149 | F4: 166.531 | G4: 18.455 | H4: 18.455 | J4: 8.123 | K4: - | L4: -
C5: Check | D5: Kms | E5: 185.149 | F5: 136.139 | G5: 48.847 | H5: =G5 -> 48.847 | J5: =F4-F5 -> 30.392
A6: 2 | B6: FOUNDATION | C6: Location | D6: Nos | E6: 480 | F6: 154 | G6: =E6-F6 -> 326 | H6: 30 | I6: 4 | J6: 5 | K6: 20 | L6: 40
C7: Gang | D7: No | H7: 6 | I7: 5 | J7: 5 | K7: 5 | L7: 6
C8: Earthing | D8: No | E8: 480 | F8: 96 | G8: =E8-F8 -> 384 | H8: 40 | I8: 4 | J8: - | K8: 20 | L8: 30
A9: 3 | B9: TOWER ERECTION | C9: Location | D9: Nos | E9: 480 | F9: 52 | G9: =E9-F9 -> 428 | H9: 35 | I9: 4 | J9: 5 | K9: 25 | L9: 35
C10: Volume | D10: MT | E10: 13208 | F10: 1321 | G10: =E10-F10 -> 11887 | H10: =H9*24 -> 840 | I10: =I9*26 -> 104 | J10: =J9*24 -> 120 | K10: =K9*25 -> 625 | L10: =L9*24 -> 840
C11: Gang | D11: No | H11: 5 | I11: 5 | J11: 5 | K11: 5 | L11: 5
C12: Tack Welding | D12: No | E12: 480 | G12: =E12-F12 -> 480
A13: 4 | B13: STRINGING | C13: Stringing - P/O | D13: KMs | E13: 185.1 | G13: =E13-F13 -> 185.1
C14: Stringing Final Sag | D14: Kms | E14: =E13 -> 185.1 | G14: 185.1
C15: TSE - Section | D15: No | E15: =E14-E16 -> 166.083 | G15: =E15-F15 -> 166.083
C16: Manual - Section | D16: No | E16: 19.017 | G16: =E16 -> 19.017
C17: Gang | D17: No
A18: 5 | B18: OPGW | C18: Stringing | D18: KMs | E18: 185.1 | G18: =E18-F18 -> 185.1
B19: STRINGING | C19: Gang | D19: No
A20: 6 | B20: Revenue | D20: CR. | E20: 100.47 | F20: 10 | G20: 10

Sheet CMD-1
A1: Activity | B1: UoM | C1: As Per LOA (Qty) | D1: Revised | E1: As per L2 | F1: Completed | G1: Balance | H1: Front Availability | J1: Gangs Available | L1: Plan | O1: Plan | P1: Plan | Q1: Remarks
D2: (Qty) | E2: (June'26) | F2: (as on 30.06.26) | G2: (Up to 01.06.26) | L2: 46204 | O2: 46204 | P2: 46235
L3: Plan | N3: Act
A4: Check Survey | B4: Km | C4: 186 | D4: 185 | E4: 185 | F4: 178.36 | G4: =D4-F4 -> 6.64 | H4: - | J4: - | L4: 48.85 | N4: 42.22 | O4: 6.622 | P4: - | Q4: Narmada River Approval WIP(6.622 Kms)
A5: Foundation | B5: No | C5: 494 | D5: 480 | E5: 177 | F5: 169 | G5: =D5-F5 -> 311 | H5: 1 | J5: 3 | L5: 35 | N5: 15 | O5: 20 | P5: 30
A6: Erection | B6: No | C6: 494 | D6: 480 | E6: 112 | F6: 77 | G6: =D6-F6 -> 403 | H6: 7 | J6: 4 | L6: 40 | N6: 25 | O6: 25 | P6: 35
A7: Stringing | B7: Km | C7: 186 | D7: 185 | E7: 15 | F7: - | G7: 185 | H7: - | J7: - | L7: - | N7: - | O7: - | P7: - | Q7: -
A8: OPGW Stringing | B8: Km | C8: 186 | D8: 185 | E8: - | F8: - | G8: - | H8: - | J8: - | L8: - | N8: - | O8: - | P8: - | Q8: L2 Schedule from Oct’26
A9: Supply Status:
A10: Item | B10: UoM | C10: As Per LOA (Qty) | D10: Revised | E10: As per L2 | F10: Actual Supplied | G10: Balance | H10: Plan for June'26 | I10: Plan for July'26 | K10: Plan for Aug'26 | M10: Remarks
D11: (Qty) | E11: (July'26)
A12: Stub | B12: Nos | C12: 494 | D12: 480 | E12: 410 | F12: 282 | G12: =D12-F12 -> 198 | H12: =117-40 -> 77
A13: Tower | B13: Nos | C13: 494 | D13: 480 | E13: 330 | F13: 193 | G13: =D13-F13 -> 287 | H13: 45 | I13: 48
A14: Conductor | B14: Km | C14: 3030 | D14: 3030 | E14: 2121 | F14: 1209.512 | G14: =D14-F14 -> 1820.488 | H14: 70 | K14: 500
A15: Earthwire | B15: Km | C15: 192 | D15: 192 | E15: 135 | F15: 77 | G15: 115 | K15: 60
A16: 160KN CLR | B16: Nos | C16: 1202 | D16: 1202 | E16: 842 | F16: - | G16: 1202 | H16: - | I16: - | K16: - | M16: Insulator being delayed due to delay in Design/Type Testing Stage Cat-II
A17: 210KN CLR | B17: Nos | C17: 1438 | D17: 1438 | E17: 1006 | F17: - | G17: 1438 | H17: - | I17: - | K17: - | M17: Insulator being delayed due to delay in Design/Type Testing Stage Cat-II
A18: 410 KN CLR | B18: Nos | C18: 10142 | D18: 10142 | E18: 7100 | F18: - | G18: =D18 -> 10142 | M18: Insulator being delayed due to delay in Design/Type Testing Stage Cat-II
A19: HW Fittings | B19: % | C19: 100 | D19: 100 | E19: 70 | F19: - | G19: 100
A20: Front Availability Status
A21: Activity | B21: UoM | C21: Mar’26 | F21: April’26 | I21: May’26
C22: Front | D22: Completed | E22: Gang | F22: Front | G22: Completed | H22: Gang | I22: Front | J22: Completed | K22: Gang
A23: Foundation | B23: No | C23: 10 | D23: 5 | E23: 3 | F23: 25 | G23: 22 | H23: 2 | I23: 25 | J23: 22 | K23: 4
A24: Tower Erection | B24: No | C24: 15 | D24: 12 | E24: 2 | F24: 12 | G24: 8 | H24: 2 | I24: 20 | J24: 18 | K24: 4
A25: Stringing | B25: Km | C25: - | D25: - | E25: - | F25: - | G25: - | H25: - | I25: - | J25: - | K25: -

Sheet CMD-2
A1: No. of month from NOA | C1: UoM | D1: Qty. | E1: Upto June-26 | F1: July-26 | G1: 46235 | H1: 46266 | I1: Oct-26 | J1: 46327 | K1: Dec-26 | L1: Jan-27 | M1: Feb-27 | N1: Mar-27 | O1: Apr-28 | P1: May-28 | Q1: June-27
A2: Activity
A3: Foundation | B3: As per L2 | C3: Nos | D3: 494 | E3: 177 | F3: 5 | G3: 5 | H3: 5 | I3: 15 | J3: 20 | K3: 25 | L3: 25 | M3: 25 | N3: 25 | O3: 25 | P3: 25 | Q3: 10
B4: Completion Plan | C4: Nos | D4: 494 | E4: 184 | F4: 25 | G4: 25 | H4: 40 | I4: 40 | J4: 40 | K4: 40 | L4: 36 | M4: 36 | N4: =D4-466 -> 28
B5: Front Required from POWERGRID | C5: Nos | D5: 494 | E5: 184 | F5: 22 | G5: 25 | H5: 40 | I5: 40 | J5: 40 | K5: 40 | L5: 36 | M5: 36 | N5: =D5-466 -> 28
B6: Gangs Planned | C6: Nos | F6: 6 | G6: 8 | H6: 8 | I6: 8 | J6: 8 | K6: 10 | L6: 10 | M6: 10 | N6: 10
B7: Stubs Supply as per L2 | C7: Nos | D7: 515 | E7: 290 | F7: 120 | I7: 105
B8: Stub Supply Actual | C8: Nos | D8: 515 | E8: 282
A10: Erection | B10: As per L2 | C10: Nos | D10: 494 | E10: 77 | F10: 8 | G10: 8 | H10: 8 | I10: 15 | J10: 20 | K10: 25 | L10: 25 | M10: 25 | N10: 25 | O10: 25 | P10: 25 | Q10: 10
B11: Completion Plan | C11: Nos | D11: 494 | E11: 77 | F11: 25 | G11: 35 | H11: 36 | I11: 40 | J11: 40 | K11: 40 | L11: 40 | M11: 35 | N11: 35 | O11: 35 | P11: 30 | Q11: 18
B12: Front Required from POWERGRID | C12: Nos | D12: 494 | E12: 77 | F12: 25 | G12: 35 | H12: 36 | I12: 40 | J12: 40 | K12: 40 | L12: 40 | M12: 35 | N12: 35 | O12: 35 | P12: 30 | Q12: 18
B13: Gangs Planned | C13: Nos | F13: 6 | G13: 8 | H13: 8 | I13: 8 | J13: 8 | K13: 10 | L13: 10 | M13: 10 | N13: 10 | O13: 10 | P13: 10 | Q13: 8
B14: Tower Supply as per L2 | C14: Nos | D14: 515 | E14: 230 | F14: 100 | J14: 100 | N14: 85
B15: Tower Supply Actual | C15: Nos | D15: 515 | E15: 192
A17: Stringing | B17: As per L2 | C17: Kms | D17: 186.3 | E17: 15 | F17: 1 | G17: 1 | H17: 1 | I17: 6 | J17: 8 | K17: 8 | L17: 10 | M17: 10 | N17: 10 | O17: 10 | P17: 10 | Q17: 10
B18: Completion Plan | C18: Kms | D18: 186.3 | L18: 5 | M18: 12 | N18: 18 | O18: 18 | P18: 18 | Q18: 5
B19: Front Required from POWERGRID | C19: Kms | D19: 186.3 | L19: 5 | M19: 12 | N19: 18 | O19: 18 | P19: 18 | Q19: 5
B20: Gangs Planned | C20: TSE (Nos) | D20: 186.3 | L20: 5 | M20: 12 | N20: 18 | O20: 18 | P20: 18 | Q20: 5
C21: Manual (Nos)
B22: Conductor Supply as per L2 | C22: Nos | D22: 3030 | E22: 1212 | F22: 909 | K22: 606
B23: Conductor Supply Actual | C23: Nos | D23: 3030 | E23: 1209.519
B24: Insulator Supply as per L2 | C24: Nos | D24: 12782 | E24: 5113 | F24: 3835 | K24: 2556
B25: Insulator Supply Actual | C25: Nos | D25: 12782 | E25: - | F25: - | G25: - | H25: - | I25: - | J25: - | K25: - | L25: - | M25: - | N25: - | O25: - | P25: - | Q25: -
B26: Hardware Supply as per L2 | C26: % | D26: 1 | E26: 0.4 | F26: 0.3 | I26: 0.3 | K26: 0.2
B27: Hardware Supply Actual | C27: % | D27: 1 | E27: - | F27: - | G27: - | H27: - | I27: - | J27: - | K27: - | L27: - | M27: - | N27: - | O27: - | P27: - | Q27: -

Sheet PPT _Statutory
A1: Statuary Clearances :
A2: Sl No | B2: Name Statuary Clearances | C2: Total | D2: Submitted | E2: Approved | F2: Balance to Submit | G2: Balance to Approve | H2: Status of submitted Proposals
A3: 1 | B3: Railway X-ing | C3: 2 | D3: 0 | E3: 0 | F3: =C3-D3 -> 2 | G3: =C3-E3 -> 2 | H3: • AP50–AP51: Foundation drawing awaited (D60+6, D60+9) • 111A–111B: Railway crossing – details awaited
A4: 2 | B4: Powerline X-ing | C4: 12 | D4: 12 | E4: 0 | F4: =C4-D4 -> 0 | G4: =C4-E4 -> 12 | H4: 11 No's Location Site Visit done.
A5: 3 | B5: NH X-ing | C5: 4 | D5: 4 | E5: 0 | F5: =C5-D5 -> 0 | G5: =C5-F5 -> 4 | H5: Two No's Site Visit Done( AP 118 to AP119 & AP133 to AP34).
A6: 4 | B6: River X-ing | C6: 1 | D6: 1 | E6: 0 | F6: =C6-E6 -> 1 | G6: 0 | H6: Awaitiing/Dependency @ Approval of Detail Survey & Soil Investigation Testing Underprocess.
A7: 5 | B7: Civil Aviation Proposal | C7: 1 | D7: 0 | E7: 0 | F7: =C7-E7 -> 1 | G7: 1 | H7: Under Process
A8: 6 | B8: Defence Aviation | C8: 1 | D8: 0 | E8: 0 | F8: =C8-E8 -> 1 | G8: 1 | H8: Under Process
A9: 7 | B9: PTCC Proposal | C9: 1 | D9: 0 | E9: 0 | F9: =C9-E9 -> 1 | G9: 1
A10: 8 | B10: Pipe line X-ings | C10: 1 | D10: 1 | E10: 0 | F10: =C10-D10 -> 0 | G10: 1

Sheet PPT Supply
A1: Supply & BOI Details
A2: SL No. | B2: Type of Tower | C2: UOM | D2: BOQ Qty | E2: Final line Qty (Amended) | F2: Received as on dated | G2: Balance to be supply | H2: Remark
A3: 1 | B3: Stubs | C3: Nos | D3: 494 | E3: U/P | F3: 282 | G3: =D3-F3 -> 212
A4: 2 | B4: Towers | C4: Nos | D4: 494 | E4: U/P | F4: 193 | G4: =D4-F4 -> 301
A5: 3 | B5: Conductor | C5: Km | D5: 3030.64 | E5: U/P | F5: 1209.519 | G5: =D5-F5 -> 1821.121
A6: 4 | B6: Insulators | C6: Nos | D6: 12782 | E6: U/P | F6: 0 | G6: =D6-F6 -> 12782
A7: 5 | B7: Earthwire | C7: Km | D7: 192.165 | E7: U/P | F7: 77 | G7: =D7-F7 -> 115.165
A8: 6 | B8: HW for Cond & EW | C8: % | D8: 100 | E8: U/P | F8: 0 | G8: =D8-F8 -> 100 | H8: 25% Material under dispatch
A9: 7 | B9: OPGW Cable | C9: Km | D9: 199 | E9: U/P | F9: 0 | G9: =D9-F9 -> 199
A10: 8 | B10: OPGW Accessories | C10: % | D10: 100 | E10: U/P | F10: 0 | G10: =D10-F10 -> 100

Sheet Supply Status
A1: Supply & BOI Details
A2: SL No. | B2: Type of Tower | C2: UOM | D2: BOQ Qty | E2: DSL | F2: PRS Released | G2: Balance to Release | H2: Remark's
A3: 1 | B3: Stubs | C3: Nos | D3: 494 | E3: 410 | F3: 351 | G3: =E3-F3 -> 59 | H3: DSL UPTO-July
A4: 2 | B4: Towers | C4: Nos | D4: 494 | E4: 330 | F4: 286 | G4: =E4-F4 -> 44 | H4: DSL UPTO-July
A5: 3 | B5: Conductor | C5: Km | D5: 3030.64 | E5: 2121 | F5: 2200 | G5: =E5-F5 -> -79 | H5: DSL UPTO-July
A6: 4 | B6: Insulators | C6: Nos | D6: 12782 | E6: 8948 | F6: 8948 | G6: =E6-F6 -> 0 | H6: DSL UPTO-July
A7: 5 | B7: Earthwire | C7: Km | D7: 192.165 | E7: 135 | F7: 188 | G7: =E7-F7 -> -53 | H7: DSL UPTO-July
A8: 6 | B8: HW for Cond & EW | C8: % | D8: 100 | E8: 0.25 | F8: 0.7 | G8: =E8-F8 -> -0.45 | H8: DSL UPTO-July
A9: 7 | B9: OPGW Cable | C9: Km | D9: 199 | E9: 100 | F9: 0 | G9: =E9-F9 -> 100 | H9: DSL UPTO-July
A10: 8 | B10: OPGW Accessories | C10: % | D10: 100 | E10: 0.5 | F10: 0.7 | G10: =E10-F10 -> -0.2 | H10: DSL UPTO-June

Sheet 800kV HVDC TA-602
B1: Project Code | C1: ='Project Details'!A2 -> TA-602 | D1: Date | E1: =TODAY() -> 46204 | H1: President-T&D | I1: Mr. Ganesh Srinivasan
B2: Project Name | C2: ='Project Details'!B2 -> Name of Line: Package TL-06 for ±800kV HVDC Bipole Line (Hexa Lapwing) between KPS2 (HVDC) & Nagpur (HVDC) (with dedicated metallic Return) -Part- 6 Transmission Line | F2: NOA Start Date | G2: ='Project Details'!D2 -> 45790 | H2: PCH | I2: Mr. Arun Felbin
B3: Client Name | C3: ='Project Details'!C2 -> Powergrid West Central Transmission Ltd. | F3: LOA End Date | G3: ='Project Details'!E2 -> 47069 | H3: Regional Manager | I3: ='Project Details'!H2 -> Mr. Vijay Govindrao Kute
F4: Planning Engineer | G4: ='Project Details'!F2 -> Mr. Rishi Shukla | H4: Project Manger | I4: ='Project Details'!I2 -> Mr. Minarul Alam
A5: \
A6: Check Survey
A7: Activity | B7: Unit | C7: Final Est. Qty | D7: L2 till Last Month | E7: Submitted till Last Month | F7: Approved till Last Month | G7: Balance to Submit | H7: Balance to Approve | I7: L2 Submission Plan for Current Month | J7: Progress For Month | K7: Approved till Current Month | L7: Remarks
A8: Rout Alignment | B8: km | C8: 185.149 | D8: =C8 -> 185.149 | E8: =D8 -> 185.149 | F8: =E8 -> 185.149 | G8: =C8-E8 -> 0 | H8: =C8-F8 -> 0 | I8: - | K8: =F8 -> 185.149
A9: Detailed Survey | B9: km | C9: 184.986 | D9: =C9 -> 184.986 | E9: =D9 -> 184.986 | F9: 166.531 | G9: =D9-E9 -> 0 | H9: =C9-F9 -> 18.455 | I9: - | J9: ='Survey details 11-06-2026'!F5 -> 11.8325 | K9: =J9+F9 -> 178.3635
A10: Check Survey | B10: km | C10: =C9 -> 184.986 | D10: =C10 -> 184.986 | E10: 166.531 | F10: 136.139 | G10: =D10-E10 -> 18.455 | H10: =C10-F10 -> 48.847 | I10: - | K10: =F10 -> 136.139
A12: Progress Status
A13: Activity | B13: Final Estimated Quantity | C13: Cumulative L2 till Last Month (May'26) | D13: Cumulative Progress till Last Month(May'26) | E13: L2 for present Month | F13: Plan for the Month | G13: Today's Progress | H13: Progress till Date for the Month | I13: L2 till Current Month | J13: Completed till Date | K13: Balance Work | L13: Under Progress | M13: Gangs at Present | N13: Remarks
A14: Soil Investigation | B14: 31 | D14: 16 | E14: 0 | F14: 0 | I14: =C14+E14 -> 0 | J14: 17 | K14: =B14-J14 -> 14 | L14: 1
A15: Foundation | B15: 480 | C15: 167 | D15: 154 | E15: 10 | F15: ='PGCIL - KEC'!F12 -> 25 | G15: ='PGCIL - KEC'!G12 -> 0 | H15: ='PGCIL - KEC'!H12 -> 0 | I15: =C15+E15 -> 177 | J15: ='PGCIL - KEC'!I12 -> 167 | K15: =B15-J15 -> 313 | L15: ='PGCIL - KEC'!K12 -> 3 | M15: ='PGCIL - KEC'!L12 -> 2
A16: Earthing | B16: =B15 -> 480 | C16: =C15 -> 167 | D16: ='PGCIL - KEC'!D13 -> 107 | E16: =E15 -> 10 | F16: ='PGCIL - KEC'!F13 -> 25 | G16: ='PGCIL - KEC'!G13 -> 0 | H16: ='PGCIL - KEC'!H13 -> 0 | I16: =C16+E16 -> 177 | J16: ='PGCIL - KEC'!I13 -> 107 | K16: =B16-J16 -> 373
A17: Tower Erection | B17: =B16 -> 480 | C17: 102 | D17: ='PGCIL - KEC'!D14 -> 78 | E17: 10 | F17: ='PGCIL - KEC'!F14 -> 30 | G17: 2 | H17: ='PGCIL - KEC'!H14 -> 0 | I17: =C17+E17 -> 112 | J17: ='PGCIL - KEC'!I14 -> 78 | K17: =B17-J17 -> 402 | L17: ='PGCIL - KEC'!K14 -> 4 | M17: ='PGCIL - KEC'!L14 -> 4
A18: Tack welding | B18: =B17 -> 480 | C18: =C17 -> 102 | D18: ='PGCIL - KEC'!D15 -> 0 | E18: =E17 -> 10 | F18: ='PGCIL - KEC'!F15 -> 30 | G18: 0 | H18: ='PGCIL - KEC'!H15 -> 0 | I18: =C18+E18 -> 112 | J18: ='PGCIL - KEC'!I15 -> 0 | K18: =B18-J18 -> 480 | L18: 2 | M18: 2
A19: Stringing(Km) | B19: =C9 -> 184.986 | C19: 10 | D19: ='PGCIL - KEC'!D16 -> 0 | E19: 5 | F19: 0 | H19: ='PGCIL - KEC'!H16 -> 0 | I19: =C19+E19 -> 15 | J19: ='PGCIL - KEC'!I16 -> 0 | K19: =B19-J19 -> 184.986 | L19: ='PGCIL - KEC'!K16 -> 0 | M19: ='PGCIL - KEC'!L16 -> 0

Sheet DPR Sheet
B2: contract No. & Date :
B3: DAILY PROGRESS REPORT : SUBMISSION STATUS AS ON | G3: ='PGCIL - KEC'!M1 -> 46204
B4: Name of the Project: | D4: ±800kV HVDC Bipole Line (Hexa Lapwing) between KPS2 (HVDC) & Nagpur (HVDC) (with dedicated metallic Return) -Part- 6
B5: Contract No. & Date : | D5: CC/T/W/-TW/DOM/A06/24/04774/CA-1/25-105721,01&02 Dt.13.05.25
B7: ROUTE ALIGNMENT PROGRESS SUMMARY
B8: TOTAL QTY (Tentative) | C8: COMPLETED UP TO PREV MONTH | D8: COMP. IN CURRENT MONTH | E8: CUMULATIVE | F8: BAL.QTY
B9: ='PGCIL - KEC'!C7 -> 184.986 | C9: ='PGCIL - KEC'!D6 -> 185.149 | D9: ='PGCIL - KEC'!F6 -> 0 | E9: ='PGCIL - KEC'!I6 -> 185.149 | F9: ='PGCIL - KEC'!J6 -> 0
B10: SOIL INVESTIGATION PROGRESS SUMMARY
B11: TOTAL QTY (Tentative) | C11: COMPLETED UP TO PREV MONTH | D11: COMP. IN CURRENT MONTH | E11: CUMULATIVE | F11: BAL.QTY
B12: ='PGCIL - KEC'!C10 -> 31 | C12: ='PGCIL - KEC'!D10 -> 17 | D12: ='PGCIL - KEC'!H10 -> 0 | E12: ='PGCIL - KEC'!I10 -> 17 | F12: ='PGCIL - KEC'!J10 -> 14
B13: DETAILED SURVEY PROGRESS SUMMARY
B14: TOTAL QTY (Tentative) | C14: COMPLETED UP TO PREV MONTH | D14: COMP. IN CURRENT MONTH | E14: CUMULATIVE | F14: BAL.QTY
B15: ='PGCIL - KEC'!C7 -> 184.986 | C15: ='PGCIL - KEC'!D7 -> 178.3635 | D15: ='PGCIL - KEC'!H7 -> 0 | E15: ='PGCIL - KEC'!I7 -> 178.3635 | F15: ='PGCIL - KEC'!J7 -> 6.6225
B16: CHECK SURVEY PROGRESS SUMMARY
B17: TOTAL QTY (Tentative) | C17: COMPLETED UP TO PREV MONTH | D17: COMP. IN CURRENT MONTH | E17: CUMULATIVE | F17: BAL.QTY
B18: ='PGCIL - KEC'!C9 -> 184.986 | C18: ='PGCIL - KEC'!D9 -> 178.364 | D18: ='PGCIL - KEC'!H9 -> 0 | E18: ='PGCIL - KEC'!I9 -> 178.364 | F18: ='PGCIL - KEC'!J9 -> 6.622
B19: FOUNDATION PROGRESS SUMMARY
B20: TOTAL QTY (Tentative) | C20: COMPLETED UP TO PREV MONTH | D20: COMP. IN CURRENT MONTH | E20: CUMULATIVE | F20: BAL.QTY
B21: ='PGCIL - KEC'!C12 -> 480 | C21: ='PGCIL - KEC'!D12 -> 167 | D21: ='PGCIL - KEC'!H12 -> 0 | E21: ='PGCIL - KEC'!I12 -> 167 | F21: ='PGCIL - KEC'!J12 -> 313
B22: EARTHING PROGRESS SUMMARY
B23: TOTAL QTY | C23: COMPLETED UP TO PREV MONTH | D23: COMP. IN CURRENT MONTH | E23: CUMULATIVE | F23: BAL.QTY
B24: ='PGCIL - KEC'!C13 -> 480 | C24: ='PGCIL - KEC'!D13 -> 107 | D24: ='PGCIL - KEC'!H13 -> 0 | E24: ='PGCIL - KEC'!I13 -> 107 | F24: ='PGCIL - KEC'!J13 -> 373
B25: TOWER ERECTION PROGRESS SUMMARY
B26: TOTAL QTY | C26: COMPLETED UP TO PREV MONTH | D26: COMP. IN CURRENT MONTH | E26: CUMULATIVE | F26: BAL.QTY
B27: ='PGCIL - KEC'!C14 -> 480 | C27: ='PGCIL - KEC'!D14 -> 78 | D27: ='PGCIL - KEC'!H14 -> 0 | E27: ='PGCIL - KEC'!I14 -> 78 | F27: ='PGCIL - KEC'!J14 -> 402
B28: STRINGING PROGRESS SUMMARY
B29: TOTAL QTY | C29: COMPLETED UP TO PREV MONTH | D29: COMP. IN CURRENT MONTH | E29: CUMULATIVE | F29: BAL.QTY(KM)
B30: ='PGCIL - KEC'!C16 -> 184.986 | C30: ='PGCIL - KEC'!D16 -> 0 | D30: ='PGCIL - KEC'!H16 -> 0 | E30: =C30+D30 -> 0 | F30: =B30-E30 -> 184.986
B31: OPGW STRINGING PROGRESS SUMMARY
B32: TOTAL QTY | C32: COMPLETED UP TO PREV MONTH | D32: COMP. IN CURRENT MONTH | E32: CUMULATIVE | F32: BAL.QTY
B33: ='PGCIL - KEC'!C18 -> 184.986 | C33: 0 | D33: 0 | E33: 0 | F33: =B33-E33 -> 184.986

Sheet Survey details 11-06-2026
A1: Survey Status | L1: Date: 10-06-2026 | M1: 46092
A2: Project Name & Code | D2: TA-602
A3: Sl No | B3: Section | C3: Kms | D3: Detailed Survey | I3: Check Survey
D4: Completed | E4: Submitted | F4: Approved | G4: Remarks | H4: Surveyor | I4: Completed | J4: Submitted | K4: Approved | L4: Remarks | M4: Surveyor
A5: 1 | B5: AP0 to AP16 | C5: 11.8325 | D5: 11.8325 | E5: 11.8325 | F5: 11.8325 | G5: Approved | I5: 11.8325 | J5: 11.8325 | K5: 11.833 | L5: Approved
A6: 3 | B6: AP16 to AP29 | C6: 7.454 | D6: 7.454 | E6: =D6 -> 7.454 | F6: =E6 -> 7.454 | G6: Approved | H6: Mr. Hemanta/Mr. Tapas Das | I6: 30.3921 | J6: =I6 -> 30.3921 | K6: =J6 -> 30.3921 | L6: Approved
A7: 4 | B7: AP29 to AP35 | C7: 4.653 | D7: 4.6525 | E7: =D7 -> 4.6525 | F7: =E7 -> 4.6525 | G7: Approved | H7: Mr. Hemanta/Mr. Tapas Das
A8: 5 | B8: AP35 to AP 40 | C8: 6.557 | D8: 6.557 | E8: =D8 -> 6.557 | F8: =E8 -> 6.557 | G8: Approved | H8: Mr. Hemanta/Mr. Tapas Das
A9: 6 | B9: AP 40 to AP 51 | C9: 11.729 | D9: 11.7286 | E9: =D9 -> 11.7286 | F9: =E9 -> 11.7286 | G9: Approved | H9: Mr. Hemanta/Mr. Tapas Das | P9: =D6+D8+#REF!+#REF! -> #REF!
A10: 10 | E10: =D10 -> 0 | F10: =E10 -> 0
A11: 11 | B11: AP0 to AP23 | E11: =D11 -> 0 | F11: =E11 -> 0 | G11: Route Diversion due to Newly under constrction house (Alternate Route Submitted) | H11: Hemanta Malik/Tapas Das/Rakesh Debnath | I11: =D11 -> 0 | K11: =J11 -> 0
A12: 12 | B12: AP33 to AP38A | E12: =D12 -> 0 | F12: =E12 -> 0 | H12: Hemanta Malik/Tapas Das/Rakesh Debnath | I12: =D12 -> 0 | K12: =J12 -> 0
A13: 13 | B13: AP38 to AP51 | E13: =D13 -> 0 | F13: =E13 -> 0 | H13: Hemanta Malik/Tapas Das/Rakesh Debnath | I13: =D13 -> 0 | K13: =J13 -> 0
A14: 7 | B14: AP51 to AP62 | C14: 8.344 | D14: 8.345 | E14: =D14 -> 8.345 | F14: =E14 -> 8.345 | G14: Approved | H14: Hemanta Malik/Tapas Das/Rakesh Debnath | I14: =F14 -> 8.345 | J14: =I14 -> 8.345 | K14: =J14 -> 8.345 | L14: Approved | M14: Hemanta Malik/Tapas Das/Rakesh Debnath
A15: 8 | B15: AP62 to AP 64 | C15: 3.615 | D15: 3.615 | E15: =D15 -> 3.615 | F15: =E15 -> 3.615 | G15: Approved | H15: Hemanta Malik/Tapas Das/Rakesh Debnath | I15: =F15 -> 3.615 | J15: =I15 -> 3.615 | K15: =J15 -> 3.615 | L15: Approved | M15: Hemanta Malik/Tapas Das/Rakesh Debnath
A16: 9 | B16: AP64 to AP71 | C16: 9.709 | D16: 9.71 | E16: =D16 -> 9.71 | F16: =E16 -> 9.71 | G16: Approved | H16: Hemanta Malik/Tapas Das/Rakesh Debnath | I16: =F16 -> 9.71 | J16: =I16 -> 9.71 | K16: =J16 -> 9.71 | L16: Approved | M16: Hemanta Malik/Tapas Das/Rakesh Debnath
A17: 13 | B17: AP71 to AP75 | C17: 3.714 | D17: 3.787 | E17: =D17 -> 3.787 | F17: =E17 -> 3.787 | G17: Approved | H17: Hemanta Malik/Tapas Das/Rakesh Debnath | I17: =F17 -> 3.787 | J17: =I17 -> 3.787 | K17: =J17 -> 3.787 | L17: Approved | M17: Hemanta Malik/Tapas Das/Rakesh Debnath
A18: 14 | B18: AP75 to AP76 | C18: 1.238 | D18: 1.178 | E18: =D18 -> 1.178 | F18: =E18 -> 1.178 | G18: Approved | H18: Hemanta Malik/Tapas Das/Rakesh Debnath | I18: =F18 -> 1.178 | J18: =I18 -> 1.178 | K18: =J18 -> 1.178 | L18: Approved | M18: Hemanta Malik/Tapas Das/Rakesh Debnath
A19: 15 | B19: AP76 to AP83 | C19: 7.242 | D19: 7.241 | E19: =D19 -> 7.241 | F19: =E19 -> 7.241 | G19: Approved | H19: Hemanta Malik/Tapas Das/Rakesh Debnath | I19: =F19 -> 7.241 | J19: =I19 -> 7.241 | K19: =J19 -> 7.241 | L19: Approved | M19: Hemanta Malik/Tapas Das/Rakesh Debnath
A20: 16 | B20: AP83 to AP92 | C20: 22.602 | D20: 22.602 | E20: =D20 -> 22.602 | F20: =E20 -> 22.602 | G20: Approved | H20: Hemanta Malik/Tapas Das/Rakesh Debnath | I20: =F20 -> 22.602 | J20: =I20 -> 22.602 | K20: =J20 -> 22.602 | L20: Approved | M20: Hemanta Malik/Tapas Das/Rakesh Debnath
A21: 17 | B21: AP92 to AP94 | C21: 4.351 | D21: 4.351 | E21: =D21 -> 4.351 | F21: =E21 -> 4.351 | G21: Approved | H21: Hemanta Malik/Tapas Das/Rakesh Debnath | I21: =F21 -> 4.351 | J21: =I21 -> 4.351 | K21: =J21 -> 4.351 | L21: Approved | M21: Hemanta Malik/Tapas Das/Rakesh Debnath
A22: 18 | B22: AP94 to AP99 | C22: 6.622 | D22: 6.622 | E22: =D22 -> 6.622 | G22: Narmada River Crossing | H22: Hemanta Malik/Tapas Das | I22: 0 | J22: 0 | K22: =J22 -> 0
A23: 19 | B23: AP 99 to AP 106 | C23: 11.413 | D23: 11.413 | E23: =D23 -> 11.413 | F23: =E23 -> 11.413 | G23: Approved | H23: Hemanta Malik/Tapas Das/Rakesh Debnath | I23: =D23 -> 11.413 | J23: =I23 -> 11.413 | K23: =J23 -> 11.413 | L23: Approved | M23: Hemanta Malik/Tapas Das/Rakesh Debnath
A24: 20 | B24: AP106 to AP110 | C24: 10.77 | D24: 10.77 | E24: =D24 -> 10.77 | F24: =E24 -> 10.77 | G24: Approved | H24: Hemanta Malik/Tapas Das/Rakesh Debnath | I24: =D24 -> 10.77 | J24: =I24 -> 10.77 | K24: =J24 -> 10.77 | L24: Approved | M24: Hemanta Malik/Tapas Das/Rakesh Debnath
A25: 21 | B25: AP110 to AP118 | C25: 10.198 | D25: 10.198 | E25: =D25 -> 10.198 | F25: =E25 -> 10.198 | G25: Approved | H25: Hemanta Malik/Tapas Das/Rakesh Debnath | I25: =D25 -> 10.198 | J25: =I25 -> 10.198 | K25: =J25 -> 10.198 | L25: Approved | M25: Hemanta Malik/Tapas Das/Rakesh Debnath
A26: 22 | B26: AP118 to AP 123 | C26: 6.502 | D26: 6.502349 | E26: =D26 -> 6.502349 | F26: =E26 -> 6.502349 | G26: Approved | H26: Hemanta Malik/Tapas Das/Rakesh Debnath | I26: =D26 -> 6.502349 | J26: =I26 -> 6.502349 | K26: =J26 -> 6.502349 | L26: Approved | M26: Hemanta Malik/Tapas Das/Rakesh Debnath
A27: 23 | B27: AP123 to AP126 | C27: 6.516 | D27: 6.516 | E27: =D27 -> 6.516 | F27: =E27 -> 6.516 | G27: Approved | H27: Hemanta Malik/Tapas Das/Rakesh Debnath | I27: =D27 -> 6.516 | J27: =I27 -> 6.516 | K27: =J27 -> 6.516 | L27: Approved | M27: Hemanta Malik/Tapas Das/Rakesh Debnath
A28: 24 | B28: AP126 to Ap127 | C28: 4.34 | D28: 4.34 | E28: =D28 -> 4.34 | F28: =E28 -> 4.34 | G28: Approved | H28: Hemanta Malik/Rakesh Debnath | I28: =D28 -> 4.34 | J28: =I28 -> 4.34 | K28: =J28 -> 4.34 | L28: Approved | M28: Hemanta Malik/Rakesh Debnath
A29: 25 | B29: AP127 to AP129A | C29: 4.836 | D29: 4.836 | E29: =D29 -> 4.836 | F29: =E29 -> 4.836 | G29: Approved | H29: Hemanta Malik/Tapas Das/Rakesh Debnath | I29: =D29 -> 4.836 | J29: =I29 -> 4.836 | K29: =J29 -> 4.836 | L29: Approved | M29: Hemanta Malik/Tapas Das/Rakesh Debnath
A30: 26 | B30: AP129A to AP130 | C30: 4.41 | D30: 4.41 | E30: =D30 -> 4.41 | F30: =E30 -> 4.41 | G30: Approved | H30: Hemanta Malik/Tapas Das/Rakesh Debnath | I30: =D30 -> 4.41 | J30: =I30 -> 4.41 | K30: =J30 -> 4.41 | L30: Approved | M30: Hemanta Malik/Tapas Das/Rakesh Debnath
A31: 27 | B31: AP130 to AP134 | C31: 4.122 | D31: 4.122 | E31: =D31 -> 4.122 | F31: =E31 -> 4.122 | G31: Approved | H31: Hemanta Malik/Tapas Das/Rakesh Debnath | I31: =D31 -> 4.122 | J31: =I31 -> 4.122 | K31: =J31 -> 4.122 | L31: Approved | M31: Hemanta Malik/Tapas Das/Rakesh Debnath
A32: 28 | B32: AP134 to AP141 | C32: 12.203 | D32: 12.203 | E32: =D32 -> 12.203 | F32: =E32 -> 12.203 | G32: Approved | H32: Hemanta Malik/Tapas Das/Rakesh Debnath | I32: =D32 -> 12.203 | J32: =I32 -> 12.203 | K32: =J32 -> 12.203 | L32: Approved | M32: Hemanta Malik/Tapas Das/Rakesh Debnath
C33: =SUM(C5:C32) -> 184.9725 | D33: =SUM(D5:D32) -> 184.98595 | E33: =SUM(E5:E32) -> 184.98595 | F33: =SUM(F5:F32) -> 178.36395 | I33: =SUM(I5:I32) -> 178.36395 | J33: =SUM(J5:J32) -> 178.36395 | K33: =SUM(K5:K32) -> 178.36445

Sheet FDN
A1: ±800kV HVDC Bipole Line (Hexa Lapwing) between KPS2 (HVDC) & Nagpur (HVDC) (Part- 6) Foundation
A2: Sl. No. | B2: Location No. | C2: Tower Type | D2: Classification | E2: Concreting Volume in M3 | F2: Starting Date | G2: Todays Status | H2: Pit A | I2: Pit B | J2: Pit C | K2: Pit D | L2: Cummulative Status | M2: Completion Date | N2: Remarks | O2: Gang name | P2: Earthing Status | Q2: Earthing Completion Date
A3: 1 | B3: 125/2 | C3: A+3 | D3: DFR | F3: 45902 | H3: RCC Complete | I3: RCC Complete | J3: RCC Complete | K3: RCC Complete | L3: Completed | M3: 45915 | O3: Balaji Enterprises | R3: 11
A4: 2 | B4: 125/3 | C4: A+6 | D4: DFR | F4: 45909 | H4: RCC Complete | I4: RCC Complete | J4: RCC Complete | K4: RCC Complete | L4: Completed | M4: 45933 | O4: Balaji Enterprises | R4: 11
A5: 3 | B5: 123/1 | C5: A+0 | D5: WFR | F5: 45931 | H5: RCC Complete | I5: RCC Complete | J5: RCC Complete | K5: RCC Complete | L5: Completed | M5: 45937 | O5: R.K . Enterprises | P5: C | Q5: 45940 | R5: 11
A6: 4 | B6: 124/1 | C6: A+6 | D6: WET Paddy | F6: 45921 | H6: RCC Complete | I6: RCC Complete | J6: RCC Complete | K6: RCC Complete | L6: Completed | M6: 45938 | O6: Balaji Enterprises | P6: C | Q6: 45982 | R6: 11
A7: 5 | B7: 124/2 | C7: A+6 | D7: WFR | F7: 45907 | H7: RCC Complete | I7: RCC Complete | J7: RCC Complete | K7: RCC Complete | L7: Completed | M7: 45945 | O7: Jai Shri Ram Enterprises | P7: C | Q7: 45950 | R7: 11
A8: 6 | B8: 121/7 | C8: A+0 | D8: WFR | F8: 45924 | H8: RCC Complete | I8: RCC Complete | J8: RCC Complete | K8: RCC Complete | L8: Completed | M8: 45946 | O8: Pawan enterprises | P8: C | Q8: 45968 | R8: 11
A9: 7 | B9: 121/2 | C9: A+6 | D9: DFR | F9: 45938 | H9: RCC Complete | I9: RCC Complete | J9: RCC Complete | K9: RCC Complete | L9: Completed | M9: 45949 | O9: Balaji Enterprises | P9: C | Q9: 45950 | R9: 11
A10: 8 | B10: 123/3 | C10: A+9 | D10: DFR | F10: 45938 | H10: RCC Complete | I10: RCC Complete | J10: RCC Complete | K10: RCC Complete | L10: Completed | M10: 45949 | O10: R.K . Enterprises | P10: C | Q10: 45952 | R10: 11
A11: 9 | B11: 122/2 | C11: A+0 | D11: WFR | F11: 45940 | H11: RCC Complete | I11: RCC Complete | J11: RCC Complete | K11: RCC Complete | L11: Completed | M11: 45955 | O11: Jai Shri Ram Enterprises | P11: C | Q11: 45963 | R11: 11
A12: 10 | B12: 126/5 | C12: A+3 | D12: DFR | F12: 45941 | H12: RCC Complete | I12: RCC Complete | J12: RCC Complete | K12: RCC Complete | L12: Completed | M12: 45958 | O12: Rajiya Infra. | P12: C | Q12: 45964 | R12: 11
A13: 11 | B13: 116/1 | C13: A+3 | D13: DFR | F13: 45942 | H13: RCC Complete | I13: RCC Complete | J13: RCC Complete | K13: RCC Complete | L13: Completed | M13: 45962 | O13: B.L Construction | P13: C | Q13: 45965 | R13: 11
A14: 12 | B14: 126/4 | C14: A+0 | D14: DFR | F14: 45942 | H14: RCC Complete | I14: RCC Complete | J14: RCC Complete | K14: RCC Complete | L14: Completed | M14: 45962 | O14: Rajiya Infra. | P14: C | Q14: 45968 | R14: 11
A15: 13 | B15: 116/2 | C15: A+3 | D15: DFR | F15: 45942 | H15: RCC Complete | I15: RCC Complete | J15: RCC Complete | K15: RCC Complete | L15: Completed | M15: 45964 | O15: B.L Construction | P15: C | Q15: 45969 | R15: 11
A16: 14 | B16: 124/3 | C16: A+9 | D16: WFR | F16: 45910 | H16: RCC Complete | I16: RCC Complete | J16: RCC Complete | K16: RCC Complete | L16: Completed | M16: 45965 | O16: Jai Shri Ram Enterprises | R16: 11
A17: 15 | B17: 123/4 | C17: A+0 | D17: WET | F17: 45930 | H17: RCC Complete | I17: RCC Complete | J17: RCC Complete | K17: RCC Complete | L17: Completed | M17: 45967 | O17: Shri Balaji Construction | P17: C | Q17: 45969 | R17: 11
A18: 16 | B18: 126/3 | C18: A+3 | D18: DFR | F18: 45960 | H18: RCC Complete | I18: RCC Complete | J18: RCC Complete | K18: RCC Complete | L18: Completed | M18: 45967 | O18: Rajiya Infra. | P18: C | Q18: 45974 | R18: 11
A19: 17 | B19: 130/1 | C19: A+0 | D19: DFR | F19: 45957 | H19: RCC Complete | I19: RCC Complete | J19: RCC Complete | K19: RCC Complete | L19: Completed | M19: 45969 | O19: R.K . Enterprises | P19: C | Q19: 45995 | R19: 11
A20: 18 | B20: 111/1 | C20: A+0 | D20: DFR | F20: 45961 | H20: RCC Complete | I20: RCC Complete | J20: RCC Complete | K20: RCC Complete | L20: Completed | M20: 45970 | O20: B.L Construction | R20: 11
A21: 19 | B21: 126/9 | C21: A+3 | D21: DFR | F21: 45941 | H21: RCC Complete | I21: RCC Complete | J21: RCC Complete | K21: RCC Complete | L21: Completed | M21: 45972 | O21: Rajiya Infra. | P21: C | Q21: 45985 | R21: 11
A22: 20 | B22: 123/2 | C22: A+0 | D22: WFR | F22: 45958 | H22: RCC Complete | I22: RCC Complete | J22: RCC Complete | K22: RCC Complete | L22: Completed | M22: 45974 | O22: Jai Shri Ram Enterprises | P22: C | Q22: 45981 | R22: 11
A23: 21 | B23: 111/2 | C23: A+3 | D23: DFR | F23: 45969 | H23: RCC Complete | I23: RCC Complete | J23: RCC Complete | K23: RCC Complete | L23: Completed | M23: 45975 | O23: B.L Construction | P23: C | Q23: 45985 | R23: 11
A24: 22 | B24: 126/10 | C24: A+0 | D24: DFR | F24: 45940 | H24: RCC Complete | I24: RCC Complete | J24: RCC Complete | K24: RCC Complete | L24: Completed | M24: 45975 | O24: Rajiya Infra. | P24: C | Q24: 45986 | R24: 11
A25: 23 | B25: 121/6 | C25: A+0 | D25: DFR | F25: 45968 | H25: RCC Complete | I25: RCC Complete | J25: RCC Complete | K25: RCC Complete | L25: Completed | M25: 45976 | O25: Pawan enterprises | R25: 11
A26: 24 | B26: 121/1 | C26: A+0 | D26: DFR | F26: 45968 | H26: RCC Complete | I26: RCC Complete | J26: RCC Complete | K26: RCC Complete | L26: Completed | M26: 45977 | O26: Shri Balaji Construction | P26: C | Q26: 45980 | R26: 11
A27: 25 | B27: 111/3 | C27: A+0 | D27: WFR | F27: 45968 | H27: RCC Complete | I27: RCC Complete | J27: RCC Complete | K27: RCC Complete | L27: Completed | M27: 45980 | O27: B.L Construction | P27: C | Q27: 45987 | R27: 11
A28: 26 | B28: 130/3 | C28: A+3 | D28: WFR | F28: 45970 | H28: RCC Complete | I28: RCC Complete | J28: RCC Complete | K28: RCC Complete | L28: Completed | M28: 45980 | O28: R.K . Enterprises | P28: C | Q28: 45987 | R28: 11
A29: 27 | B29: 103/2 | C29: A+0 | D29: WET PADDY | F29: 45970 | H29: RCC Complete | I29: RCC Complete | J29: RCC Complete | K29: RCC Complete | L29: Completed | M29: 45981 | O29: MUKESH MEHTA | P29: C | Q29: 45984 | R29: 11
A30: 28 | B30: 124/4 | C30: A+3 | D30: WFR | F30: 45969 | H30: RCC Complete | I30: RCC Complete | J30: RCC Complete | K30: RCC Complete | L30: Completed | M30: 45982 | O30: Jai Shri Ram Enterprises | P30: C | Q30: 45984 | R30: 11
A31: 29 | B31: 126/2 | C31: A+9 | D31: WFR | F31: 45974 | H31: RCC Complete | I31: RCC Complete | J31: RCC Complete | K31: RCC Complete | L31: Completed | M31: 45982 | O31: Rajiya Infra. | P31: C | Q31: 45984 | R31: 11
A32: 30 | B32: 121/4 | C32: A+0 | D32: DFR | F32: 45977 | H32: RCC Complete | I32: RCC Complete | J32: RCC Complete | K32: RCC Complete | L32: Completed | M32: 45983 | O32: Pawan enterprises | P32: C | Q32: 45986 | R32: 11
A33: 31 | B33: 111/4 | C33: A+0 | D33: DFR | F33: 45975 | H33: RCC Complete | I33: RCC Complete | J33: RCC Complete | K33: RCC Complete | L33: Completed | M33: 45984 | O33: B.L Construction | P33: C | Q33: 45986 | R33: 11
A34: 32 | B34: 103/3 | C34: A+3 | D34: WET PADDY | F34: 45968 | H34: RCC Complete | I34: RCC Complete | J34: RCC Complete | K34: RCC Complete | L34: Completed | M34: 45985 | O34: MUKESH MEHTA | P34: C | Q34: 45987 | R34: 11
A35: 33 | B35: 134/2 | C35: A+3 | D35: WFR | F35: 45976 | H35: RCC Complete | I35: RCC Complete | J35: RCC Complete | K35: RCC Complete | L35: Completed | M35: 45985 | O35: R.K . Enterprises | R35: 11
A36: 34 | B36: 103/1 | C36: A+6 | D36: WET PADDY | F36: 45984 | H36: RCC Complete | I36: RCC Complete | J36: RCC Complete | K36: RCC Complete | L36: Completed | M36: 45989 | O36: MUKESH MEHTA | P36: C | Q36: 45993 | R36: 11
A37: 35 | B37: 111/5 | C37: A+6 | D37: DFR | F37: 45981 | H37: RCC Complete | I37: RCC Complete | J37: RCC Complete | K37: RCC Complete | L37: Completed | M37: 45989 | O37: B.L Construction | P37: C | Q37: 45991 | R37: 11
A38: 36 | B38: 134/3 | C38: A+6 | D38: WFR | F38: 45985 | H38: RCC Complete | I38: RCC Complete | J38: RCC Complete | K38: RCC Complete | L38: Completed | M38: 45989 | O38: R.K . Enterprises | R38: 11
A39: 37 | B39: 102/7 | C39: A+0 | D39: WET PADDY | F39: 45968 | H39: RCC Complete | I39: RCC Complete | J39: RCC Complete | K39: RCC Complete | L39: Completed | M39: 45991 | O39: Rajiya Infra. | P39: C | Q39: 46000 | R39: 11
A40: 38 | B40: 110/2 | C40: A+0 | D40: DFR | F40: 45984 | H40: RCC Complete | I40: RCC Complete | J40: RCC Complete | K40: RCC Complete | L40: Completed | M40: 45991 | O40: Shri Balaji Construction | P40: C | Q40: 45996 | R40: 11
A41: 39 | B41: 121/5 | C41: A+0 | D41: DFR | F41: 45984 | H41: RCC Complete | I41: RCC Complete | J41: RCC Complete | K41: RCC Complete | L41: Completed | M41: 45991 | O41: Pawan enterprises | R41: 11
A42: 40 | B42: 134/5 | C42: A+0 | D42: DFR | F42: 45984 | H42: RCC Complete | I42: RCC Complete | J42: RCC Complete | K42: RCC Complete | L42: Completed | M42: 45991 | O42: Jai Shri Ram Enterprises | R42: 11
A43: 41 | B43: 110/1 | C43: A+7.5 | D43: DFR | F43: 45989 | H43: RCC Complete | I43: RCC Complete | J43: RCC Complete | K43: RCC Complete | L43: Completed | M43: 45994 | O43: B.L Construction | P43: C | Q43: 45996 | R43: 10
A44: 42 | B44: 134/4 | C44: A+3 | D44: DFR | F44: 45981 | H44: RCC Complete | I44: RCC Complete | J44: RCC Complete | K44: RCC Complete | L44: Completed | M44: 45994 | O44: R.K . Enterprises | R44: 10
A45: 43 | B45: 99/1 | C45: A+3 | D45: WET PADDY | F45: 45985 | H45: RCC Complete | I45: RCC Complete | J45: RCC Complete | K45: RCC Complete | L45: Completed | M45: 45997 | O45: Dhanraj construction | P45: C | Q45: 46000 | R45: 10
A46: 44 | B46: 109/1 | C46: A+3 | D46: WET PADDY | F46: 45991 | H46: RCC Complete | I46: RCC Complete | J46: RCC Complete | K46: RCC Complete | L46: Completed | M46: 45997 | O46: MUKESH MEHTA | P46: C | Q46: 45998 | R46: 10
A47: 45 | B47: 134/6 | C47: A+3 | D47: DFR | F47: 45986 | H47: RCC Complete | I47: RCC Complete | J47: RCC Complete | K47: RCC Complete | L47: Completed | M47: 45997 | O47: Jai Shri Ram Enterprises | R47: 10
A48: 46 | B48: 102/9 | C48: A+3 | D48: WET PADDY | F48: 45982 | H48: RCC Complete | I48: RCC Complete | J48: RCC Complete | K48: RCC Complete | L48: Completed | M48: 45998 | O48: Rajiya Infra. | P48: C | Q48: 46000 | R48: 10
A49: 47 | B49: 109/10 | C49: A-3 | D49: DFR | F49: 45994 | H49: RCC Complete | I49: RCC Complete | J49: RCC Complete | K49: RCC Complete | L49: Completed | M49: 45998 | O49: B.L Construction | R49: 10
A50: 48 | B50: 134/9 | C50: A+0 | D50: WET PADDY | F50: 45992 | H50: RCC Complete | I50: RCC Complete | J50: RCC Complete | K50: RCC Complete | L50: Completed | M50: 45998 | O50: R.K . Enterprises | P50: C | Q50: 45999 | R50: 10
A51: 49 | B51: 134/7 | C51: A+3 | D51: DFR | F51: 45992 | H51: RCC Complete | I51: RCC Complete | J51: RCC Complete | K51: RCC Complete | L51: Completed | M51: 45999 | O51: Jai Shri Ram Enterprises | R51: 10
A52: 50 | B52: 136/2 | C52: A+3 | D52: WET Paddy | F52: 45992 | H52: RCC Complete | I52: RCC Complete | J52: RCC Complete | K52: RCC Complete | L52: Completed | M52: 46001 | O52: R.K . Enterprises | P52: C | Q52: 46012 | R52: 10
A53: 51 | B53: 110/3 | C53: A+0 | D53: DFR | F53: 45990 | H53: RCC Complete | I53: RCC Complete | J53: RCC Complete | K53: RCC Complete | L53: Completed | M53: 46002 | O53: Shri Balaji Construction | P53: C | Q53: 46004 | R53: 10
A54: 52 | B54: 109/2 | C54: A+0 | D54: WET PADDY | F54: 45998 | H54: RCC Complete | I54: RCC Complete | J54: RCC Complete | K54: RCC Complete | L54: Completed | M54: 46003 | O54: MUKESH MEHTA | P54: C | Q54: 46019 | R54: 10
A55: 53 | B55: 109/11 | C55: A+3 | D55: DFR | F55: 45995 | H55: RCC Complete | I55: RCC Complete | J55: RCC Complete | K55: RCC Complete | L55: Completed | M55: 46003 | O55: B.L Construction | R55: 10
A56: 54 | B56: 136/7 | C56: A+0 | D56: WET PADDY | F56: 45997 | H56: RCC Complete | I56: RCC Complete | J56: RCC Complete | K56: RCC Complete | L56: Completed | M56: 46003 | O56: R.K . Enterprises | P56: C | Q56: 46011 | R56: 10
A57: 55 | B57: 99/2 | C57: A+3 | D57: WET PADDY | F57: 45998 | H57: RCC Complete | I57: RCC Complete | J57: RCC Complete | K57: RCC Complete | L57: Completed | M57: 46004 | O57: Dhanraj construction | P57: C | Q57: 46011 | R57: 10
A58: 56 | B58: 102/8 | C58: A+0 | D58: WET PADDY | F58: 45998 | H58: RCC Complete | I58: RCC Complete | J58: RCC Complete | K58: RCC Complete | L58: Completed | M58: 46006 | O58: Rajiya Infra. | P58: C | Q58: 46012 | R58: 10
A59: 57 | B59: 108/7 | C59: A-3 | D59: WET PADDY | F59: 46001 | H59: RCC Complete | I59: RCC Complete | J59: RCC Complete | K59: RCC Complete | L59: Completed | M59: 46007 | O59: MUKESH MEHTA | P59: C | Q59: 46018 | R59: 10
A60: 58 | B60: 136/8 | C60: A+0 | D60: WET PADDY | F60: 45998 | H60: RCC Complete | I60: RCC Complete | J60: RCC Complete | K60: RCC Complete | L60: Completed | M60: 46007 | O60: R.K . Enterprises | P60: C | Q60: 46012 | R60: 10
A61: 59 | B61: 134/8 | C61: A+3 | D61: WFR | F61: 45987 | H61: RCC Complete | I61: RCC Complete | J61: RCC Complete | K61: RCC Complete | L61: Completed | M61: 46008 | N61: Drawing Approval Done | O61: Jai Shri Ram Enterprises | R61: 10
A62: 60 | B62: 136/5 | C62: A+0 | D62: WET PADDY | F62: 46004 | H62: RCC Complete | I62: RCC Complete | J62: RCC Complete | K62: RCC Complete | L62: Completed | M62: 46008 | O62: R.K . Enterprises | P62: C | Q62: 46011 | R62: 10
A63: 61 | B63: 110/4 | C63: A+0 | D63: DFR | F63: 46001 | H63: RCC Complete | I63: RCC Complete | J63: RCC Complete | K63: RCC Complete | L63: Completed | M63: 46010 | O63: Shri Balaji Construction | R63: 10
A64: 62 | B64: 136/9 | C64: A+0 | D64: WET PADDY | F64: 46005 | H64: RCC Complete | I64: RCC Complete | J64: RCC Complete | K64: RCC Complete | L64: Completed | M64: 46010 | O64: R.K . Enterprises | P64: C | Q64: 46012 | R64: 10
A65: 63 | B65: 109/7 | C65: A+3 | D65: DFR | F65: 46002 | H65: RCC Complete | I65: RCC Complete | J65: RCC Complete | K65: RCC Complete | L65: Completed | M65: 46011 | O65: B.L Construction | R65: 10
A66: 64 | B66: 108/5 | C66: A-3 | D66: WET PADDY | F66: 46003 | H66: RCC Complete | I66: RCC Complete | J66: RCC Complete | K66: RCC Complete | L66: Completed | M66: 46013 | O66: MUKESH MEHTA | P66: C | Q66: 46015 | R66: 10
A67: 65 | B67: 136/6 | C67: A+0 | D67: WET Paddy | F67: 45998 | H67: RCC Complete | I67: RCC Complete | J67: RCC Complete | K67: RCC Complete | L67: Completed | M67: 46013 | O67: R.K . Enterprises | P67: C | Q67: 46014 | R67: 10
A68: 66 | B68: 89/9 | C68: A+0 | D68: WFR | F68: 46013 | H68: RCC Complete | I68: RCC Complete | J68: RCC Complete | K68: RCC Complete | L68: Completed | M68: 46015 | O68: Shree Khatushyam | P68: C | Q68: 46018 | R68: 10
A69: 67 | B69: 109/9 | C69: A+3 | D69: DFR | F69: 46013 | H69: RCC Complete | I69: RCC Complete | J69: RCC Complete | K69: RCC Complete | L69: Completed | M69: 46015 | O69: B.L Construction | R69: 10
A70: 68 | B70: 139/3 | C70: A+3 | D70: DFR | F70: 46013 | H70: RCC Complete | I70: RCC Complete | J70: RCC Complete | K70: RCC Complete | L70: Completed | M70: 46015 | O70: Jai Shri Ram Enterprises | R70: 10
A71: 69 | B71: 107/2 | C71: A-3 | D71: WFR | F71: 46013 | H71: RCC Complete | I71: RCC Complete | J71: RCC Complete | K71: RCC Complete | L71: Completed | M71: 46017 | O71: Rajiya Infra. | R71: 10
A72: 70 | B72: 108/6 | C72: A-3 | D72: WET PADDY | F72: 46013 | H72: RCC Complete | I72: RCC Complete | J72: RCC Complete | K72: RCC Complete | L72: Completed | M72: 46017 | O72: MUKESH MEHTA | P72: C | Q72: 46018 | R72: 10
A73: 71 | B73: 109/6 | C73: A+3 | D73: DFR | F73: 46013 | H73: RCC Complete | I73: RCC Complete | J73: RCC Complete | K73: RCC Complete | L73: Completed | M73: 46018 | O73: B.L Construction | R73: 10
A74: 72 | B74: 130/2 | C74: A+6 | D74: DFR | F74: 45967 | H74: RCC Complete | I74: RCC Complete | J74: RCC Complete | K74: RCC Complete | L74: Completed | M74: 46018 | O74: R.K . Enterprises | P74: C | Q74: 46020 | R74: 10
A75: 73 | B75: 89/8 | C75: A+0 | D75: DFR | F75: 46013 | H75: RCC Complete | I75: RCC Complete | J75: RCC Complete | K75: RCC Complete | L75: Completed | M75: 46019 | O75: Afflux Construction | P75: C | Q75: 46021 | R75: 10
A76: 74 | B76: 136/1 | C76: A+0 | D76: WET PADDY | F76: 46016 | H76: RCC Complete | I76: RCC Complete | J76: RCC Complete | K76: RCC Complete | L76: Completed | M76: 46020 | O76: R.K . Enterprises | P76: C | Q76: 46021 | R76: 10
A77: 75 | B77: 89/7 | C77: A+0 | D77: DFR | F77: 46015 | H77: RCC Complete | I77: RCC Complete | J77: RCC Complete | K77: RCC Complete | L77: Completed | M77: 46021 | O77: Shree Khatushyam | P77: C | Q77: 46025 | R77: 10
A78: 76 | B78: 109/5 | C78: A+3 | D78: DFR | F78: 46013 | H78: RCC Complete | I78: RCC Complete | J78: RCC Complete | K78: RCC Complete | L78: Completed | M78: 46021 | O78: B.L Construction | R78: 10
A79: 77 | B79: 139/2 | C79: A+0 | D79: DFR | F79: 46016 | H79: RCC Complete | I79: RCC Complete | J79: RCC Complete | K79: RCC Complete | L79: Completed | M79: 46021 | O79: Jai Shri Ram Enterprises | R79: 10
A80: 78 | B80: 107/1 | C80: A+0 | D80: WFR | F80: 46014 | H80: RCC Complete | I80: RCC Complete | J80: RCC Complete | K80: RCC Complete | L80: Completed | M80: 46025 | O80: Rajiya Infra. | R80: 10
A81: 79 | B81: 89/6 | C81: A+0 | D81: DFR | F81: 46019 | H81: RCC Complete | I81: RCC Complete | J81: RCC Complete | K81: RCC Complete | L81: Completed | M81: 46026 | O81: Afflux Construction | P81: C | Q81: 46030 | R81: 11
A82: 80 | B82: 129A/1 | C82: A-3 | D82: DFR | F82: 46026 | H82: RCC Complete | I82: RCC Complete | J82: RCC Complete | K82: RCC Complete | L82: Completed | M82: 46029 | O82: R.K . Enterprises | R82: 11
A83: 81 | B83: 139/5 | C83: A+0 | D83: DFR | F83: 46022 | H83: RCC Complete | I83: RCC Complete | J83: RCC Complete | K83: RCC Complete | L83: Completed | M83: 46031 | O83: Jai Shri Ram Enterprises | R83: 10
A84: 82 | B84: 89/5 | C84: A+3 | D84: DFR | F84: 46024 | H84: RCC Complete | I84: RCC Complete | J84: RCC Complete | K84: RCC Complete | L84: Completed | M84: 46032 | O84: Shree Khatushyam | P84: C | Q84: 46034 | R84: 11
A85: 83 | B85: 108/4 | C85: A+3 | D85: WFR | F85: 46009 | H85: RCC Complete | I85: RCC Complete | J85: RCC Complete | K85: RCC Complete | L85: Completed | M85: 46033 | O85: B.L Construction | R85: 10
A86: 84 | B86: 129A/5 | C86: A+9 | D86: DFR | F86: 46026 | H86: RCC Complete | I86: RCC Complete | J86: RCC Complete | K86: RCC Complete | L86: Completed | M86: 46033 | O86: R.K . Enterprises | R86: 11
A87: 85 | B87: 108/1 | C87: A+9 | D87: DFR | F87: 46033 | H87: RCC Complete | I87: RCC Complete | J87: RCC Complete | K87: RCC Complete | L87: Completed | M87: 46039 | O87: B.L Construction | P87: C | Q87: 46041 | R87: 11
A88: 86 | B88: 76/2 | C88: A+6 | D88: DFR | F88: 46036 | H88: RCC Complete | I88: RCC Complete | J88: RCC Complete | K88: RCC Complete | L88: Completed | M88: 46042 | O88: Afflux Construction | P88: C | Q88: 46046 | R88: 11
A89: 87 | B89: 136/4 | C89: A+0 | D89: WET PADDY | F89: 46038 | H89: RCC Complete | I89: RCC Complete | J89: RCC Complete | K89: RCC Complete | L89: Completed | M89: 46042 | O89: R.K . Enterprises | P89: C | Q89: 46043 | R89: 10
A90: 88 | B90: 77/1 | C90: A-3 | D90: DFR | F90: 46040 | H90: RCC Complete | I90: RCC Complete | J90: RCC Complete | K90: RCC Complete | L90: Completed | M90: 46046 | O90: Shree Khatushyam | P90: C | Q90: 46055 | R90: 11
A91: 89 | B91: 107/4 | C91: A+3 | D91: DFR | F91: 46038 | H91: RCC Complete | I91: RCC Complete | J91: RCC Complete | K91: RCC Complete | L91: Completed | M91: 46047 | O91: B.L Construction | R91: 10
A92: 90 | B92: 76/1 | C92: A+6 | D92: DFR | F92: 46036 | H92: RCC Complete | I92: RCC Complete | J92: RCC Complete | K92: RCC Complete | L92: Completed | M92: 46049 | O92: Afflux Construction | P92: C | Q92: 46057 | R92: 11
A93: 91 | B93: 129A/7 | C93: A+1.5 | D93: DFR | F93: 46036 | H93: RCC Complete | I93: RCC Complete | J93: RCC Complete | K93: RCC Complete | L93: Completed | M93: 46049 | O93: R.K . Enterprises | R93: 10
A94: 92 | B94: 139/6 | C94: A+0 | D94: DFR | F94: 46033 | H94: RCC Complete | I94: RCC Complete | J94: RCC Complete | K94: RCC Complete | L94: Completed | M94: 46050 | O94: Jai Shri Ram Enterprises | R94: 10
A95: 93 | B95: 127/7 | C95: A-3 | D95: DFR | F95: 46041 | H95: RCC Complete | I95: RCC Complete | J95: RCC Complete | K95: RCC Complete | L95: Completed | M95: 46052 | O95: B.L Construction | P95: C | Q95: 46055 | R95: 10
A96: 94 | B96: 129A/2 | C96: A+7.5 | D96: DFR | F96: 46045 | H96: RCC Complete | I96: RCC Complete | J96: RCC Complete | K96: RCC Complete | L96: Completed | M96: 46052 | O96: R.K . Enterprises | P96: C | Q96: 46055 | R96: 10
A97: 95 | B97: 76/6 | C97: A+1.5 | D97: DFR | F97: 46042 | H97: RCC Complete | I97: RCC Complete | J97: RCC Complete | K97: RCC Complete | L97: Completed | M97: 46053 | O97: Shree Khatushyam | R97: 11
A98: 96 | B98: 129A/4 | C98: A+6 | D98: DFR | F98: 46045 | H98: RCC Complete | I98: RCC Complete | J98: RCC Complete | K98: RCC Complete | L98: Completed | M98: 46053 | O98: R.K . Enterprises | P98: C | Q98: 46056 | R98: 10
A99: 97 | B99: 136/3 | C99: A+3 | D99: DFR | F99: 46049 | H99: RCC Complete | I99: RCC Complete | J99: RCC Complete | K99: RCC Complete | L99: Completed | M99: 46053 | O99: Jai Shri Ram Enterprises | R99: 10
A100: 98 | B100: 82/2 | C100: A+7.5 | D100: WFR | F100: 46049 | H100: RCC Complete | I100: RCC Complete | J100: RCC Complete | K100: RCC Complete | L100: Completed | M100: 46055 | O100: Afflux Construction | P100: C | Q100: 46057 | R100: 10
...

Sheet FDN Completed
A1: Foundation
A2: Sl. No. | B2: Location No. | C2: Tower Type | D2: Classification | E2: Starting Date | F2: Cumulative Status | G2: Completion Date | H2: Remarks | I2: Gang name | J2: Earthing Status | K2: Earthing Completion Date
A3: 1 | B3: =FDN!B3 -> 125/2 | C3: =VLOOKUP($B3,FDN!$B3:D166,2,0) -> A+3 | D3: =VLOOKUP($B3,FDN!$B3:E166,3,0) -> DFR | E3: =VLOOKUP(B3,FDN!B3:F166,5,0) -> 45902 | F3: =VLOOKUP(B3,FDN!B3:L166,11,0) -> Completed | G3: =VLOOKUP(B3,FDN!B3:M166,12,0) -> 45915 | I3: =VLOOKUP(B3,FDN!B3:O166,14,0) -> Balaji Enterprises
A4: =A3+1 -> 2 | B4: =FDN!B4 -> 125/3 | C4: =VLOOKUP(B4,FDN!B4:D166,2,0) -> A+6 | D4: =VLOOKUP($B4,FDN!$B4:E166,3,0) -> DFR | E4: =VLOOKUP(B4,FDN!B4:F166,5,0) -> 45909 | F4: =VLOOKUP(B4,FDN!B4:L166,11,0) -> Completed | G4: =VLOOKUP(B4,FDN!B4:M166,12,0) -> 45933 | I4: =VLOOKUP(B4,FDN!B4:O166,14,0) -> Balaji Enterprises
A5: =A4+1 -> 3 | B5: =FDN!B5 -> 123/1 | C5: =VLOOKUP(B5,FDN!B5:D172,2,0) -> A+0 | D5: =VLOOKUP($B5,FDN!$B5:E172,3,0) -> WFR | E5: =VLOOKUP(B5,FDN!B5:F172,5,0) -> 45931 | F5: =VLOOKUP(B5,FDN!B5:L172,11,0) -> Completed | G5: =VLOOKUP(B5,FDN!B5:M172,12,0) -> 45937 | I5: =VLOOKUP(B5,FDN!B5:O172,14,0) -> R.K . Enterprises | J5: C | K5: 45940
A6: =A5+1 -> 4 | B6: =FDN!B6 -> 124/1 | C6: =VLOOKUP(B6,FDN!B6:D176,2,0) -> A+6 | D6: =VLOOKUP($B6,FDN!$B6:E176,3,0) -> WET Paddy | E6: =VLOOKUP(B6,FDN!B6:F176,5,0) -> 45921 | F6: =VLOOKUP(B6,FDN!B6:L176,11,0) -> Completed | G6: =VLOOKUP(B6,FDN!B6:M176,12,0) -> 45938 | I6: =VLOOKUP(B6,FDN!B6:O176,14,0) -> Balaji Enterprises | J6: C | K6: 45982
A7: =A6+1 -> 5 | B7: =FDN!B7 -> 124/2 | C7: =VLOOKUP(B7,FDN!B7:D177,2,0) -> A+6 | D7: =VLOOKUP($B7,FDN!$B7:E177,3,0) -> WFR | E7: =VLOOKUP(B7,FDN!B7:F177,5,0) -> 45907 | F7: =VLOOKUP(B7,FDN!B7:L177,11,0) -> Completed | G7: =VLOOKUP(B7,FDN!B7:M177,12,0) -> 45945 | I7: =VLOOKUP(B7,FDN!B7:O177,14,0) -> Jai Shri Ram Enterprises | J7: C | K7: 45950
A8: =A7+1 -> 6 | B8: =FDN!B8 -> 121/7 | C8: =VLOOKUP(B8,FDN!B8:D178,2,0) -> A+0 | D8: =VLOOKUP($B8,FDN!$B8:E178,3,0) -> WFR | E8: =VLOOKUP(B8,FDN!B8:F178,5,0) -> 45924 | F8: =VLOOKUP(B8,FDN!B8:L178,11,0) -> Completed | G8: =VLOOKUP(B8,FDN!B8:M178,12,0) -> 45946 | I8: =VLOOKUP(B8,FDN!B8:O178,14,0) -> Pawan enterprises | J8: C | K8: 45968
A9: =A8+1 -> 7 | B9: =FDN!B9 -> 121/2 | C9: =VLOOKUP(B9,FDN!B9:D179,2,0) -> A+6 | D9: =VLOOKUP($B9,FDN!$B9:E179,3,0) -> DFR | E9: =VLOOKUP(B9,FDN!B9:F179,5,0) -> 45938 | F9: =VLOOKUP(B9,FDN!B9:L179,11,0) -> Completed | G9: =VLOOKUP(B9,FDN!B9:M179,12,0) -> 45949 | I9: =VLOOKUP(B9,FDN!B9:O179,14,0) -> Balaji Enterprises | J9: C | K9: 45950
A10: =A9+1 -> 8 | B10: =FDN!B10 -> 123/3 | C10: =VLOOKUP(B10,FDN!B10:D180,2,0) -> A+9 | D10: =VLOOKUP($B10,FDN!$B10:E180,3,0) -> DFR | E10: =VLOOKUP(B10,FDN!B10:F180,5,0) -> 45938 | F10: =VLOOKUP(B10,FDN!B10:L180,11,0) -> Completed | G10: =VLOOKUP(B10,FDN!B10:M180,12,0) -> 45949 | I10: =VLOOKUP(B10,FDN!B10:O180,14,0) -> R.K . Enterprises | J10: C | K10: 45952
A11: =A10+1 -> 9 | B11: =FDN!B11 -> 122/2 | C11: =VLOOKUP(B11,FDN!B11:D181,2,0) -> A+0 | D11: =VLOOKUP($B11,FDN!$B11:E181,3,0) -> WFR | E11: =VLOOKUP(B11,FDN!B11:F181,5,0) -> 45940 | F11: =VLOOKUP(B11,FDN!B11:L181,11,0) -> Completed | G11: =VLOOKUP(B11,FDN!B11:M181,12,0) -> 45955 | I11: =VLOOKUP(B11,FDN!B11:O181,14,0) -> Jai Shri Ram Enterprises | J11: C | K11: 45963
A12: =A11+1 -> 10 | B12: =FDN!B12 -> 126/5 | C12: =VLOOKUP(B12,FDN!B12:D182,2,0) -> A+3 | D12: =VLOOKUP($B12,FDN!$B12:E182,3,0) -> DFR | E12: =VLOOKUP(B12,FDN!B12:F182,5,0) -> 45941 | F12: =VLOOKUP(B12,FDN!B12:L182,11,0) -> Completed | G12: =VLOOKUP(B12,FDN!B12:M182,12,0) -> 45958 | I12: =VLOOKUP(B12,FDN!B12:O182,14,0) -> Rajiya Infra. | J12: C | K12: 45964
A13: =A12+1 -> 11 | B13: =FDN!B13 -> 116/1 | C13: =VLOOKUP(B13,FDN!B13:D183,2,0) -> A+3 | D13: =VLOOKUP($B13,FDN!$B13:E183,3,0) -> DFR | E13: =VLOOKUP(B13,FDN!B13:F183,5,0) -> 45942 | F13: =VLOOKUP(B13,FDN!B13:L183,11,0) -> Completed | G13: =VLOOKUP(B13,FDN!B13:M183,12,0) -> 45962 | I13: =VLOOKUP(B13,FDN!B13:O183,14,0) -> B.L Construction | J13: C | K13: 45965
A14: =A13+1 -> 12 | B14: =FDN!B14 -> 126/4 | C14: =VLOOKUP(B14,FDN!B14:D184,2,0) -> A+0 | D14: =VLOOKUP($B14,FDN!$B14:E184,3,0) -> DFR | E14: =VLOOKUP(B14,FDN!B14:F184,5,0) -> 45942 | F14: =VLOOKUP(B14,FDN!B14:L184,11,0) -> Completed | G14: =VLOOKUP(B14,FDN!B14:M184,12,0) -> 45962 | I14: =VLOOKUP(B14,FDN!B14:O184,14,0) -> Rajiya Infra. | J14: C | K14: 45968
A15: =A14+1 -> 13 | B15: =FDN!B15 -> 116/2 | C15: =VLOOKUP(B15,FDN!B15:D185,2,0) -> A+3 | D15: =VLOOKUP($B15,FDN!$B15:E185,3,0) -> DFR | E15: =VLOOKUP(B15,FDN!B15:F185,5,0) -> 45942 | F15: =VLOOKUP(B15,FDN!B15:L185,11,0) -> Completed | G15: =VLOOKUP(B15,FDN!B15:M185,12,0) -> 45964 | I15: =VLOOKUP(B15,FDN!B15:O185,14,0) -> B.L Construction | J15: C | K15: 45969
A16: =A15+1 -> 14 | B16: =FDN!B16 -> 124/3 | C16: =VLOOKUP(B16,FDN!B16:D186,2,0) -> A+9 | D16: =VLOOKUP($B16,FDN!$B16:E186,3,0) -> WFR | E16: =VLOOKUP(B16,FDN!B16:F186,5,0) -> 45910 | F16: =VLOOKUP(B16,FDN!B16:L186,11,0) -> Completed | G16: =VLOOKUP(B16,FDN!B16:M186,12,0) -> 45965 | I16: =VLOOKUP(B16,FDN!B16:O186,14,0) -> Jai Shri Ram Enterprises
A17: =A16+1 -> 15 | B17: =FDN!B17 -> 123/4 | C17: =VLOOKUP(B17,FDN!B17:D187,2,0) -> A+0 | D17: =VLOOKUP($B17,FDN!$B17:E187,3,0) -> WET | E17: =VLOOKUP(B17,FDN!B17:F187,5,0) -> 45930 | F17: =VLOOKUP(B17,FDN!B17:L187,11,0) -> Completed | G17: =VLOOKUP(B17,FDN!B17:M187,12,0) -> 45967 | I17: =VLOOKUP(B17,FDN!B17:O187,14,0) -> Shri Balaji Construction | J17: C | K17: 45969
A18: =A17+1 -> 16 | B18: =FDN!B18 -> 126/3 | C18: =VLOOKUP(B18,FDN!B18:D188,2,0) -> A+3 | D18: =VLOOKUP($B18,FDN!$B18:E188,3,0) -> DFR | E18: =VLOOKUP(B18,FDN!B18:F188,5,0) -> 45960 | F18: =VLOOKUP(B18,FDN!B18:L188,11,0) -> Completed | G18: =VLOOKUP(B18,FDN!B18:M188,12,0) -> 45967 | I18: =VLOOKUP(B18,FDN!B18:O188,14,0) -> Rajiya Infra. | J18: C | K18: 45974
A19: =A18+1 -> 17 | B19: =FDN!B19 -> 130/1 | C19: =VLOOKUP(B19,FDN!B19:D189,2,0) -> A+0 | D19: =VLOOKUP($B19,FDN!$B19:E189,3,0) -> DFR | E19: =VLOOKUP(B19,FDN!B19:F189,5,0) -> 45957 | F19: =VLOOKUP(B19,FDN!B19:L189,11,0) -> Completed | G19: =VLOOKUP(B19,FDN!B19:M189,12,0) -> 45969 | I19: =VLOOKUP(B19,FDN!B19:O189,14,0) -> R.K . Enterprises | J19: C | K19: 45995
A20: =A19+1 -> 18 | B20: =FDN!B20 -> 111/1 | C20: =VLOOKUP(B20,FDN!B20:D190,2,0) -> A+0 | D20: =VLOOKUP($B20,FDN!$B20:E190,3,0) -> DFR | E20: =VLOOKUP(B20,FDN!B20:F190,5,0) -> 45961 | F20: =VLOOKUP(B20,FDN!B20:L190,11,0) -> Completed | G20: =VLOOKUP(B20,FDN!B20:M190,12,0) -> 45970 | I20: =VLOOKUP(B20,FDN!B20:O190,14,0) -> B.L Construction
A21: =A20+1 -> 19 | B21: =FDN!B21 -> 126/9 | C21: =VLOOKUP(B21,FDN!B21:D191,2,0) -> A+3 | D21: =VLOOKUP($B21,FDN!$B21:E191,3,0) -> DFR | E21: =VLOOKUP(B21,FDN!B21:F191,5,0) -> 45941 | F21: =VLOOKUP(B21,FDN!B21:L191,11,0) -> Completed | G21: =VLOOKUP(B21,FDN!B21:M191,12,0) -> 45972 | I21: =VLOOKUP(B21,FDN!B21:O191,14,0) -> Rajiya Infra. | J21: C | K21: 45985
A22: =A21+1 -> 20 | B22: =FDN!B22 -> 123/2 | C22: =VLOOKUP(B22,FDN!B22:D192,2,0) -> A+0 | D22: =VLOOKUP($B22,FDN!$B22:E192,3,0) -> WFR | E22: =VLOOKUP(B22,FDN!B22:F192,5,0) -> 45958 | F22: =VLOOKUP(B22,FDN!B22:L192,11,0) -> Completed | G22: =VLOOKUP(B22,FDN!B22:M192,12,0) -> 45974 | I22: =VLOOKUP(B22,FDN!B22:O192,14,0) -> Jai Shri Ram Enterprises | J22: C | K22: 45981
A23: =A22+1 -> 21 | B23: =FDN!B23 -> 111/2 | C23: =VLOOKUP(B23,FDN!B23:D193,2,0) -> A+3 | D23: =VLOOKUP($B23,FDN!$B23:E193,3,0) -> DFR | E23: =VLOOKUP(B23,FDN!B23:F193,5,0) -> 45969 | F23: =VLOOKUP(B23,FDN!B23:L193,11,0) -> Completed | G23: =VLOOKUP(B23,FDN!B23:M193,12,0) -> 45975 | I23: =VLOOKUP(B23,FDN!B23:O193,14,0) -> B.L Construction | J23: C | K23: 45985
A24: =A23+1 -> 22 | B24: =FDN!B24 -> 126/10 | C24: =VLOOKUP(B24,FDN!B24:D194,2,0) -> A+0 | D24: =VLOOKUP($B24,FDN!$B24:E194,3,0) -> DFR | E24: =VLOOKUP(B24,FDN!B24:F194,5,0) -> 45940 | F24: =VLOOKUP(B24,FDN!B24:L194,11,0) -> Completed | G24: =VLOOKUP(B24,FDN!B24:M194,12,0) -> 45975 | I24: =VLOOKUP(B24,FDN!B24:O194,14,0) -> Rajiya Infra. | J24: C | K24: 45986
A25: =A24+1 -> 23 | B25: =FDN!B25 -> 121/6 | C25: =VLOOKUP(B25,FDN!B25:D195,2,0) -> A+0 | D25: =VLOOKUP($B25,FDN!$B25:E195,3,0) -> DFR | E25: =VLOOKUP(B25,FDN!B25:F195,5,0) -> 45968 | F25: =VLOOKUP(B25,FDN!B25:L195,11,0) -> Completed | G25: =VLOOKUP(B25,FDN!B25:M195,12,0) -> 45976 | I25: =VLOOKUP(B25,FDN!B25:O195,14,0) -> Pawan enterprises
A26: =A25+1 -> 24 | B26: =FDN!B26 -> 121/1 | C26: =VLOOKUP(B26,FDN!B26:D196,2,0) -> A+0 | D26: =VLOOKUP($B26,FDN!$B26:E196,3,0) -> DFR | E26: =VLOOKUP(B26,FDN!B26:F196,5,0) -> 45968 | F26: =VLOOKUP(B26,FDN!B26:L196,11,0) -> Completed | G26: =VLOOKUP(B26,FDN!B26:M196,12,0) -> 45977 | I26: =VLOOKUP(B26,FDN!B26:O196,14,0) -> Shri Balaji Construction | J26: C | K26: 45980
A27: =A26+1 -> 25 | B27: =FDN!B27 -> 111/3 | C27: =VLOOKUP(B27,FDN!B27:D197,2,0) -> A+0 | D27: =VLOOKUP($B27,FDN!$B27:E197,3,0) -> WFR | E27: =VLOOKUP(B27,FDN!B27:F197,5,0) -> 45968 | F27: =VLOOKUP(B27,FDN!B27:L197,11,0) -> Completed | G27: =VLOOKUP(B27,FDN!B27:M197,12,0) -> 45980 | I27: =VLOOKUP(B27,FDN!B27:O197,14,0) -> B.L Construction | J27: C | K27: 45987
A28: =A27+1 -> 26 | B28: =FDN!B28 -> 130/3 | C28: =VLOOKUP(B28,FDN!B28:D198,2,0) -> A+3 | D28: =VLOOKUP($B28,FDN!$B28:E198,3,0) -> WFR | E28: =VLOOKUP(B28,FDN!B28:F198,5,0) -> 45970 | F28: =VLOOKUP(B28,FDN!B28:L198,11,0) -> Completed | G28: =VLOOKUP(B28,FDN!B28:M198,12,0) -> 45980 | I28: =VLOOKUP(B28,FDN!B28:O198,14,0) -> R.K . Enterprises | J28: C | K28: 45987
A29: =A28+1 -> 27 | B29: =FDN!B29 -> 103/2 | C29: =VLOOKUP(B29,FDN!B29:D199,2,0) -> A+0 | D29: =VLOOKUP($B29,FDN!$B29:E199,3,0) -> WET PADDY | E29: =VLOOKUP(B29,FDN!B29:F199,5,0) -> 45970 | F29: =VLOOKUP(B29,FDN!B29:L199,11,0) -> Completed | G29: =VLOOKUP(B29,FDN!B29:M199,12,0) -> 45981 | I29: =VLOOKUP(B29,FDN!B29:O199,14,0) -> MUKESH MEHTA | J29: C | K29: 45984
A30: =A29+1 -> 28 | B30: =FDN!B30 -> 124/4 | C30: =VLOOKUP(B30,FDN!B30:D200,2,0) -> A+3 | D30: =VLOOKUP($B30,FDN!$B30:E200,3,0) -> WFR | E30: =VLOOKUP(B30,FDN!B30:F200,5,0) -> 45969 | F30: =VLOOKUP(B30,FDN!B30:L200,11,0) -> Completed | G30: =VLOOKUP(B30,FDN!B30:M200,12,0) -> 45982 | I30: =VLOOKUP(B30,FDN!B30:O200,14,0) -> Jai Shri Ram Enterprises | J30: C | K30: 45984
A31: =A30+1 -> 29 | B31: =FDN!B31 -> 126/2 | C31: =VLOOKUP(B31,FDN!B31:D201,2,0) -> A+9 | D31: =VLOOKUP($B31,FDN!$B31:E201,3,0) -> WFR | E31: =VLOOKUP(B31,FDN!B31:F201,5,0) -> 45974 | F31: =VLOOKUP(B31,FDN!B31:L201,11,0) -> Completed | G31: =VLOOKUP(B31,FDN!B31:M201,12,0) -> 45982 | I31: =VLOOKUP(B31,FDN!B31:O201,14,0) -> Rajiya Infra. | J31: C | K31: 45984
A32: =A31+1 -> 30 | B32: =FDN!B32 -> 121/4 | C32: =VLOOKUP(B32,FDN!B32:D202,2,0) -> A+0 | D32: =VLOOKUP($B32,FDN!$B32:E202,3,0) -> DFR | E32: =VLOOKUP(B32,FDN!B32:F202,5,0) -> 45977 | F32: =VLOOKUP(B32,FDN!B32:L202,11,0) -> Completed | G32: =VLOOKUP(B32,FDN!B32:M202,12,0) -> 45983 | I32: =VLOOKUP(B32,FDN!B32:O202,14,0) -> Pawan enterprises | J32: C | K32: 45986
A33: =A32+1 -> 31 | B33: =FDN!B33 -> 111/4 | C33: =VLOOKUP(B33,FDN!B33:D203,2,0) -> A+0 | D33: =VLOOKUP($B33,FDN!$B33:E203,3,0) -> DFR | E33: =VLOOKUP(B33,FDN!B33:F203,5,0) -> 45975 | F33: =VLOOKUP(B33,FDN!B33:L203,11,0) -> Completed | G33: =VLOOKUP(B33,FDN!B33:M203,12,0) -> 45984 | I33: =VLOOKUP(B33,FDN!B33:O203,14,0) -> B.L Construction | J33: C | K33: 45986
A34: =A33+1 -> 32 | B34: =FDN!B34 -> 103/3 | C34: =VLOOKUP(B34,FDN!B34:D204,2,0) -> A+3 | D34: =VLOOKUP($B34,FDN!$B34:E204,3,0) -> WET PADDY | E34: =VLOOKUP(B34,FDN!B34:F204,5,0) -> 45968 | F34: =VLOOKUP(B34,FDN!B34:L204,11,0) -> Completed | G34: =VLOOKUP(B34,FDN!B34:M204,12,0) -> 45985 | I34: =VLOOKUP(B34,FDN!B34:O204,14,0) -> MUKESH MEHTA | J34: C | K34: 45987
A35: =A34+1 -> 33 | B35: =FDN!B35 -> 134/2 | C35: =VLOOKUP(B35,FDN!B35:D205,2,0) -> A+3 | D35: =VLOOKUP($B35,FDN!$B35:E205,3,0) -> WFR | E35: =VLOOKUP(B35,FDN!B35:F205,5,0) -> 45976 | F35: =VLOOKUP(B35,FDN!B35:L205,11,0) -> Completed | G35: =VLOOKUP(B35,FDN!B35:M205,12,0) -> 45985 | I35: =VLOOKUP(B35,FDN!B35:O205,14,0) -> R.K . Enterprises
A36: =A35+1 -> 34 | B36: =FDN!B36 -> 103/1 | C36: =VLOOKUP(B36,FDN!B36:D206,2,0) -> A+6 | D36: =VLOOKUP($B36,FDN!$B36:E206,3,0) -> WET PADDY | E36: =VLOOKUP(B36,FDN!B36:F206,5,0) -> 45984 | F36: =VLOOKUP(B36,FDN!B36:L206,11,0) -> Completed | G36: =VLOOKUP(B36,FDN!B36:M206,12,0) -> 45989 | I36: =VLOOKUP(B36,FDN!B36:O206,14,0) -> MUKESH MEHTA | J36: C | K36: 45993
A37: =A36+1 -> 35 | B37: =FDN!B37 -> 111/5 | C37: =VLOOKUP(B37,FDN!B37:D207,2,0) -> A+6 | D37: =VLOOKUP($B37,FDN!$B37:E207,3,0) -> DFR | E37: =VLOOKUP(B37,FDN!B37:F207,5,0) -> 45981 | F37: =VLOOKUP(B37,FDN!B37:L207,11,0) -> Completed | G37: =VLOOKUP(B37,FDN!B37:M207,12,0) -> 45989 | I37: =VLOOKUP(B37,FDN!B37:O207,14,0) -> B.L Construction | J37: C | K37: 45991
A38: =A37+1 -> 36 | B38: =FDN!B38 -> 134/3 | C38: =VLOOKUP(B38,FDN!B38:D208,2,0) -> A+6 | D38: =VLOOKUP($B38,FDN!$B38:E208,3,0) -> WFR | E38: =VLOOKUP(B38,FDN!B38:F208,5,0) -> 45985 | F38: =VLOOKUP(B38,FDN!B38:L208,11,0) -> Completed | G38: =VLOOKUP(B38,FDN!B38:M208,12,0) -> 45989 | I38: =VLOOKUP(B38,FDN!B38:O208,14,0) -> R.K . Enterprises
A39: =A38+1 -> 37 | B39: =FDN!B39 -> 102/7 | C39: =VLOOKUP(B39,FDN!B39:D209,2,0) -> A+0 | D39: =VLOOKUP($B39,FDN!$B39:E209,3,0) -> WET PADDY | E39: =VLOOKUP(B39,FDN!B39:F209,5,0) -> 45968 | F39: =VLOOKUP(B39,FDN!B39:L209,11,0) -> Completed | G39: =VLOOKUP(B39,FDN!B39:M209,12,0) -> 45991 | I39: =VLOOKUP(B39,FDN!B39:O209,14,0) -> Rajiya Infra. | J39: C | K39: 46000
A40: =A39+1 -> 38 | B40: =FDN!B40 -> 110/2 | C40: =VLOOKUP(B40,FDN!B40:D210,2,0) -> A+0 | D40: =VLOOKUP($B40,FDN!$B40:E210,3,0) -> DFR | E40: =VLOOKUP(B40,FDN!B40:F210,5,0) -> 45984 | F40: =VLOOKUP(B40,FDN!B40:L210,11,0) -> Completed | G40: =VLOOKUP(B40,FDN!B40:M210,12,0) -> 45991 | I40: =VLOOKUP(B40,FDN!B40:O210,14,0) -> Shri Balaji Construction | J40: C | K40: 45996
A41: =A40+1 -> 39 | B41: =FDN!B41 -> 121/5 | C41: =VLOOKUP(B41,FDN!B41:D211,2,0) -> A+0 | D41: =VLOOKUP($B41,FDN!$B41:E211,3,0) -> DFR | E41: =VLOOKUP(B41,FDN!B41:F211,5,0) -> 45984 | F41: =VLOOKUP(B41,FDN!B41:L211,11,0) -> Completed | G41: =VLOOKUP(B41,FDN!B41:M211,12,0) -> 45991 | I41: =VLOOKUP(B41,FDN!B41:O211,14,0) -> Pawan enterprises
A42: =A41+1 -> 40 | B42: =FDN!B42 -> 134/5 | C42: =VLOOKUP(B42,FDN!B42:D212,2,0) -> A+0 | D42: =VLOOKUP($B42,FDN!$B42:E212,3,0) -> DFR | E42: =VLOOKUP(B42,FDN!B42:F212,5,0) -> 45984 | F42: =VLOOKUP(B42,FDN!B42:L212,11,0) -> Completed | G42: =VLOOKUP(B42,FDN!B42:M212,12,0) -> 45991 | I42: =VLOOKUP(B42,FDN!B42:O212,14,0) -> Jai Shri Ram Enterprises
A43: =A42+1 -> 41 | B43: =FDN!B43 -> 110/1 | C43: =VLOOKUP(B43,FDN!B43:D213,2,0) -> A+7.5 | D43: =VLOOKUP($B43,FDN!$B43:E213,3,0) -> DFR | E43: =VLOOKUP(B43,FDN!B43:F213,5,0) -> 45989 | F43: =VLOOKUP(B43,FDN!B43:L213,11,0) -> Completed | G43: =VLOOKUP(B43,FDN!B43:M213,12,0) -> 45994 | I43: =VLOOKUP(B43,FDN!B43:O213,14,0) -> B.L Construction | J43: C | K43: 45996
A44: =A43+1 -> 42 | B44: =FDN!B44 -> 134/4 | C44: =VLOOKUP(B44,FDN!B44:D214,2,0) -> A+3 | D44: =VLOOKUP($B44,FDN!$B44:E214,3,0) -> DFR | E44: =VLOOKUP(B44,FDN!B44:F214,5,0) -> 45981 | F44: =VLOOKUP(B44,FDN!B44:L214,11,0) -> Completed | G44: =VLOOKUP(B44,FDN!B44:M214,12,0) -> 45994 | I44: =VLOOKUP(B44,FDN!B44:O214,14,0) -> R.K . Enterprises
A45: =A44+1 -> 43 | B45: =FDN!B45 -> 99/1 | C45: =VLOOKUP(B45,FDN!B45:D215,2,0) -> A+3 | D45: =VLOOKUP($B45,FDN!$B45:E215,3,0) -> WET PADDY | E45: =VLOOKUP(B45,FDN!B45:F215,5,0) -> 45985 | F45: =VLOOKUP(B45,FDN!B45:L215,11,0) -> Completed | G45: =VLOOKUP(B45,FDN!B45:M215,12,0) -> 45997 | I45: =VLOOKUP(B45,FDN!B45:O215,14,0) -> Dhanraj construction | J45: C | K45: 46000
A46: =A45+1 -> 44 | B46: =FDN!B46 -> 109/1 | C46: =VLOOKUP(B46,FDN!B46:D216,2,0) -> A+3 | D46: =VLOOKUP($B46,FDN!$B46:E216,3,0) -> WET PADDY | E46: =VLOOKUP(B46,FDN!B46:F216,5,0) -> 45991 | F46: =VLOOKUP(B46,FDN!B46:L216,11,0) -> Completed | G46: =VLOOKUP(B46,FDN!B46:M216,12,0) -> 45997 | I46: =VLOOKUP(B46,FDN!B46:O216,14,0) -> MUKESH MEHTA | J46: C | K46: 45998
A47: =A46+1 -> 45 | B47: =FDN!B47 -> 134/6 | C47: =VLOOKUP(B47,FDN!B47:D217,2,0) -> A+3 | D47: =VLOOKUP($B47,FDN!$B47:E217,3,0) -> DFR | E47: =VLOOKUP(B47,FDN!B47:F217,5,0) -> 45986 | F47: =VLOOKUP(B47,FDN!B47:L217,11,0) -> Completed | G47: =VLOOKUP(B47,FDN!B47:M217,12,0) -> 45997 | I47: =VLOOKUP(B47,FDN!B47:O217,14,0) -> Jai Shri Ram Enterprises
A48: =A47+1 -> 46 | B48: =FDN!B48 -> 102/9 | C48: =VLOOKUP(B48,FDN!B48:D218,2,0) -> A+3 | D48: =VLOOKUP($B48,FDN!$B48:E218,3,0) -> WET PADDY | E48: =VLOOKUP(B48,FDN!B48:F218,5,0) -> 45982 | F48: =VLOOKUP(B48,FDN!B48:L218,11,0) -> Completed | G48: =VLOOKUP(B48,FDN!B48:M218,12,0) -> 45998 | I48: =VLOOKUP(B48,FDN!B48:O218,14,0) -> Rajiya Infra. | J48: C | K48: 46000
A49: =A48+1 -> 47 | B49: =FDN!B49 -> 109/10 | C49: =VLOOKUP(B49,FDN!B49:D219,2,0) -> A-3 | D49: =VLOOKUP($B49,FDN!$B49:E219,3,0) -> DFR | E49: =VLOOKUP(B49,FDN!B49:F219,5,0) -> 45994 | F49: =VLOOKUP(B49,FDN!B49:L219,11,0) -> Completed | G49: =VLOOKUP(B49,FDN!B49:M219,12,0) -> 45998 | I49: =VLOOKUP(B49,FDN!B49:O219,14,0) -> B.L Construction
A50: =A49+1 -> 48 | B50: =FDN!B50 -> 134/9 | C50: =VLOOKUP(B50,FDN!B50:D220,2,0) -> A+0 | D50: =VLOOKUP($B50,FDN!$B50:E220,3,0) -> WET PADDY | E50: =VLOOKUP(B50,FDN!B50:F220,5,0) -> 45992 | F50: =VLOOKUP(B50,FDN!B50:L220,11,0) -> Completed | G50: =VLOOKUP(B50,FDN!B50:M220,12,0) -> 45998 | I50: =VLOOKUP(B50,FDN!B50:O220,14,0) -> R.K . Enterprises | J50: C | K50: 45999
A51: =A50+1 -> 49 | B51: =FDN!B51 -> 134/7 | C51: =VLOOKUP(B51,FDN!B51:D221,2,0) -> A+3 | D51: =VLOOKUP($B51,FDN!$B51:E221,3,0) -> DFR | E51: =VLOOKUP(B51,FDN!B51:F221,5,0) -> 45992 | F51: =VLOOKUP(B51,FDN!B51:L221,11,0) -> Completed | G51: =VLOOKUP(B51,FDN!B51:M221,12,0) -> 45999 | I51: =VLOOKUP(B51,FDN!B51:O221,14,0) -> Jai Shri Ram Enterprises
A52: =A51+1 -> 50 | B52: =FDN!B52 -> 136/2 | C52: =VLOOKUP(B52,FDN!B52:D222,2,0) -> A+3 | D52: =VLOOKUP($B52,FDN!$B52:E222,3,0) -> WET Paddy | E52: =VLOOKUP(B52,FDN!B52:F222,5,0) -> 45992 | F52: =VLOOKUP(B52,FDN!B52:L222,11,0) -> Completed | G52: =VLOOKUP(B52,FDN!B52:M222,12,0) -> 46001 | I52: =VLOOKUP(B52,FDN!B52:O222,14,0) -> R.K . Enterprises | J52: C | K52: 46012
A53: =A52+1 -> 51 | B53: =FDN!B53 -> 110/3 | C53: =VLOOKUP(B53,FDN!B53:D223,2,0) -> A+0 | D53: =VLOOKUP($B53,FDN!$B53:E223,3,0) -> DFR | E53: =VLOOKUP(B53,FDN!B53:F223,5,0) -> 45990 | F53: =VLOOKUP(B53,FDN!B53:L223,11,0) -> Completed | G53: =VLOOKUP(B53,FDN!B53:M223,12,0) -> 46002 | I53: =VLOOKUP(B53,FDN!B53:O223,14,0) -> Shri Balaji Construction | J53: C | K53: 46004
A54: =A53+1 -> 52 | B54: =FDN!B54 -> 109/2 | C54: =VLOOKUP(B54,FDN!B54:D224,2,0) -> A+0 | D54: =VLOOKUP($B54,FDN!$B54:E224,3,0) -> WET PADDY | E54: =VLOOKUP(B54,FDN!B54:F224,5,0) -> 45998 | F54: =VLOOKUP(B54,FDN!B54:L224,11,0) -> Completed | G54: =VLOOKUP(B54,FDN!B54:M224,12,0) -> 46003 | I54: =VLOOKUP(B54,FDN!B54:O224,14,0) -> MUKESH MEHTA | J54: C | K54: 46019
A55: =A54+1 -> 53 | B55: =FDN!B55 -> 109/11 | C55: =VLOOKUP(B55,FDN!B55:D225,2,0) -> A+3 | D55: =VLOOKUP($B55,FDN!$B55:E225,3,0) -> DFR | E55: =VLOOKUP(B55,FDN!B55:F225,5,0) -> 45995 | F55: =VLOOKUP(B55,FDN!B55:L225,11,0) -> Completed | G55: =VLOOKUP(B55,FDN!B55:M225,12,0) -> 46003 | I55: =VLOOKUP(B55,FDN!B55:O225,14,0) -> B.L Construction
A56: =A55+1 -> 54 | B56: =FDN!B56 -> 136/7 | C56: =VLOOKUP(B56,FDN!B56:D226,2,0) -> A+0 | D56: =VLOOKUP($B56,FDN!$B56:E226,3,0) -> WET PADDY | E56: =VLOOKUP(B56,FDN!B56:F226,5,0) -> 45997 | F56: =VLOOKUP(B56,FDN!B56:L226,11,0) -> Completed | G56: =VLOOKUP(B56,FDN!B56:M226,12,0) -> 46003 | I56: =VLOOKUP(B56,FDN!B56:O226,14,0) -> R.K . Enterprises | J56: C | K56: 46011
A57: =A56+1 -> 55 | B57: =FDN!B57 -> 99/2 | C57: =VLOOKUP(B57,FDN!B57:D227,2,0) -> A+3 | D57: =VLOOKUP($B57,FDN!$B57:E227,3,0) -> WET PADDY | E57: =VLOOKUP(B57,FDN!B57:F227,5,0) -> 45998 | F57: =VLOOKUP(B57,FDN!B57:L227,11,0) -> Completed | G57: =VLOOKUP(B57,FDN!B57:M227,12,0) -> 46004 | I57: =VLOOKUP(B57,FDN!B57:O227,14,0) -> Dhanraj construction | J57: C | K57: 46011
A58: =A57+1 -> 56 | B58: =FDN!B58 -> 102/8 | C58: =VLOOKUP(B58,FDN!B58:D228,2,0) -> A+0 | D58: =VLOOKUP($B58,FDN!$B58:E228,3,0) -> WET PADDY | E58: =VLOOKUP(B58,FDN!B58:F228,5,0) -> 45998 | F58: =VLOOKUP(B58,FDN!B58:L228,11,0) -> Completed | G58: =VLOOKUP(B58,FDN!B58:M228,12,0) -> 46006 | I58: =VLOOKUP(B58,FDN!B58:O228,14,0) -> Rajiya Infra. | J58: C | K58: 46012
A59: =A58+1 -> 57 | B59: =FDN!B59 -> 108/7 | C59: =VLOOKUP(B59,FDN!B59:D229,2,0) -> A-3 | D59: =VLOOKUP($B59,FDN!$B59:E229,3,0) -> WET PADDY | E59: =VLOOKUP(B59,FDN!B59:F229,5,0) -> 46001 | F59: =VLOOKUP(B59,FDN!B59:L229,11,0) -> Completed | G59: =VLOOKUP(B59,FDN!B59:M229,12,0) -> 46007 | I59: =VLOOKUP(B59,FDN!B59:O229,14,0) -> MUKESH MEHTA | J59: C | K59: 46018
A60: =A59+1 -> 58 | B60: =FDN!B60 -> 136/8 | C60: =VLOOKUP(B60,FDN!B60:D230,2,0) -> A+0 | D60: =VLOOKUP($B60,FDN!$B60:E230,3,0) -> WET PADDY | E60: =VLOOKUP(B60,FDN!B60:F230,5,0) -> 45998 | F60: =VLOOKUP(B60,FDN!B60:L230,11,0) -> Completed | G60: =VLOOKUP(B60,FDN!B60:M230,12,0) -> 46007 | I60: =VLOOKUP(B60,FDN!B60:O230,14,0) -> R.K . Enterprises | J60: C | K60: 46012
A61: =A60+1 -> 59 | B61: =FDN!B61 -> 134/8 | C61: =VLOOKUP(B61,FDN!B61:D231,2,0) -> A+3 | D61: =VLOOKUP($B61,FDN!$B61:E231,3,0) -> WFR | E61: =VLOOKUP(B61,FDN!B61:F231,5,0) -> 45987 | F61: =VLOOKUP(B61,FDN!B61:L231,11,0) -> Completed | G61: =VLOOKUP(B61,FDN!B61:M231,12,0) -> 46008 | I61: =VLOOKUP(B61,FDN!B61:O231,14,0) -> Jai Shri Ram Enterprises
A62: =A61+1 -> 60 | B62: =FDN!B62 -> 136/5 | C62: =VLOOKUP(B62,FDN!B62:D232,2,0) -> A+0 | D62: =VLOOKUP($B62,FDN!$B62:E232,3,0) -> WET PADDY | E62: =VLOOKUP(B62,FDN!B62:F232,5,0) -> 46004 | F62: =VLOOKUP(B62,FDN!B62:L232,11,0) -> Completed | G62: =VLOOKUP(B62,FDN!B62:M232,12,0) -> 46008 | I62: =VLOOKUP(B62,FDN!B62:O232,14,0) -> R.K . Enterprises | J62: C | K62: 46011
A63: =A62+1 -> 61 | B63: =FDN!B63 -> 110/4 | C63: =VLOOKUP(B63,FDN!B63:D233,2,0) -> A+0 | D63: =VLOOKUP($B63,FDN!$B63:E233,3,0) -> DFR | E63: =VLOOKUP(B63,FDN!B63:F233,5,0) -> 46001 | F63: =VLOOKUP(B63,FDN!B63:L233,11,0) -> Completed | G63: =VLOOKUP(B63,FDN!B63:M233,12,0) -> 46010 | I63: =VLOOKUP(B63,FDN!B63:O233,14,0) -> Shri Balaji Construction
A64: =A63+1 -> 62 | B64: =FDN!B64 -> 136/9 | C64: =VLOOKUP(B64,FDN!B64:D234,2,0) -> A+0 | D64: =VLOOKUP($B64,FDN!$B64:E234,3,0) -> WET PADDY | E64: =VLOOKUP(B64,FDN!B64:F234,5,0) -> 46005 | F64: =VLOOKUP(B64,FDN!B64:L234,11,0) -> Completed | G64: =VLOOKUP(B64,FDN!B64:M234,12,0) -> 46010 | I64: =VLOOKUP(B64,FDN!B64:O234,14,0) -> R.K . Enterprises | J64: C | K64: 46012
A65: =A64+1 -> 63 | B65: =FDN!B65 -> 109/7 | C65: =VLOOKUP(B65,FDN!B65:D235,2,0) -> A+3 | D65: =VLOOKUP($B65,FDN!$B65:E235,3,0) -> DFR | E65: =VLOOKUP(B65,FDN!B65:F235,5,0) -> 46002 | F65: =VLOOKUP(B65,FDN!B65:L235,11,0) -> Completed | G65: =VLOOKUP(B65,FDN!B65:M235,12,0) -> 46011 | I65: =VLOOKUP(B65,FDN!B65:O235,14,0) -> B.L Construction
A66: =A65+1 -> 64 | B66: =FDN!B66 -> 108/5 | C66: =VLOOKUP(B66,FDN!B66:D236,2,0) -> A-3 | D66: =VLOOKUP($B66,FDN!$B66:E236,3,0) -> WET PADDY | E66: =VLOOKUP(B66,FDN!B66:F236,5,0) -> 46003 | F66: =VLOOKUP(B66,FDN!B66:L236,11,0) -> Completed | G66: =VLOOKUP(B66,FDN!B66:M236,12,0) -> 46013 | I66: =VLOOKUP(B66,FDN!B66:O236,14,0) -> MUKESH MEHTA | J66: C | K66: 46015
A67: =A66+1 -> 65 | B67: =FDN!B67 -> 136/6 | C67: =VLOOKUP(B67,FDN!B67:D237,2,0) -> A+0 | D67: =VLOOKUP($B67,FDN!$B67:E237,3,0) -> WET Paddy | E67: =VLOOKUP(B67,FDN!B67:F237,5,0) -> 45998 | F67: =VLOOKUP(B67,FDN!B67:L237,11,0) -> Completed | G67: =VLOOKUP(B67,FDN!B67:M237,12,0) -> 46013 | I67: =VLOOKUP(B67,FDN!B67:O237,14,0) -> R.K . Enterprises | J67: C | K67: 46014
A68: =A67+1 -> 66 | B68: =FDN!B68 -> 89/9 | C68: =VLOOKUP(B68,FDN!B68:D238,2,0) -> A+0 | D68: =VLOOKUP($B68,FDN!$B68:E238,3,0) -> WFR | E68: =VLOOKUP(B68,FDN!B68:F238,5,0) -> 46013 | F68: =VLOOKUP(B68,FDN!B68:L238,11,0) -> Completed | G68: =VLOOKUP(B68,FDN!B68:M238,12,0) -> 46015 | I68: =VLOOKUP(B68,FDN!B68:O238,14,0) -> Shree Khatushyam | J68: C | K68: 46018
A69: =A68+1 -> 67 | B69: =FDN!B69 -> 109/9 | C69: =VLOOKUP(B69,FDN!B69:D239,2,0) -> A+3 | D69: =VLOOKUP($B69,FDN!$B69:E239,3,0) -> DFR | E69: =VLOOKUP(B69,FDN!B69:F239,5,0) -> 46013 | F69: =VLOOKUP(B69,FDN!B69:L239,11,0) -> Completed | G69: =VLOOKUP(B69,FDN!B69:M239,12,0) -> 46015 | I69: =VLOOKUP(B69,FDN!B69:O239,14,0) -> B.L Construction
A70: =A69+1 -> 68 | B70: =FDN!B70 -> 139/3 | C70: =VLOOKUP(B70,FDN!B70:D240,2,0) -> A+3 | D70: =VLOOKUP($B70,FDN!$B70:E240,3,0) -> DFR | E70: =VLOOKUP(B70,FDN!B70:F240,5,0) -> 46013 | F70: =VLOOKUP(B70,FDN!B70:L240,11,0) -> Completed | G70: =VLOOKUP(B70,FDN!B70:M240,12,0) -> 46015 | I70: =VLOOKUP(B70,FDN!B70:O240,14,0) -> Jai Shri Ram Enterprises
A71: =A70+1 -> 69 | B71: =FDN!B71 -> 107/2 | C71: =VLOOKUP(B71,FDN!B71:D241,2,0) -> A-3 | D71: =VLOOKUP($B71,FDN!$B71:E241,3,0) -> WFR | E71: =VLOOKUP(B71,FDN!B71:F241,5,0) -> 46013 | F71: =VLOOKUP(B71,FDN!B71:L241,11,0) -> Completed | G71: =VLOOKUP(B71,FDN!B71:M241,12,0) -> 46017 | I71: =VLOOKUP(B71,FDN!B71:O241,14,0) -> Rajiya Infra.
A72: =A71+1 -> 70 | B72: =FDN!B72 -> 108/6 | C72: =VLOOKUP(B72,FDN!B72:D242,2,0) -> A-3 | D72: =VLOOKUP($B72,FDN!$B72:E242,3,0) -> WET PADDY | E72: =VLOOKUP(B72,FDN!B72:F242,5,0) -> 46013 | F72: =VLOOKUP(B72,FDN!B72:L242,11,0) -> Completed | G72: =VLOOKUP(B72,FDN!B72:M242,12,0) -> 46017 | I72: =VLOOKUP(B72,FDN!B72:O242,14,0) -> MUKESH MEHTA | J72: C | K72: 46018
A73: =A72+1 -> 71 | B73: =FDN!B73 -> 109/6 | C73: =VLOOKUP(B73,FDN!B73:D243,2,0) -> A+3 | D73: =VLOOKUP($B73,FDN!$B73:E243,3,0) -> DFR | E73: =VLOOKUP(B73,FDN!B73:F243,5,0) -> 46013 | F73: =VLOOKUP(B73,FDN!B73:L243,11,0) -> Completed | G73: =VLOOKUP(B73,FDN!B73:M243,12,0) -> 46018 | I73: =VLOOKUP(B73,FDN!B73:O243,14,0) -> B.L Construction
A74: =A73+1 -> 72 | B74: =FDN!B74 -> 130/2 | C74: =VLOOKUP(B74,FDN!B74:D244,2,0) -> A+6 | D74: =VLOOKUP($B74,FDN!$B74:E244,3,0) -> DFR | E74: =VLOOKUP(B74,FDN!B74:F244,5,0) -> 45967 | F74: =VLOOKUP(B74,FDN!B74:L244,11,0) -> Completed | G74: =VLOOKUP(B74,FDN!B74:M244,12,0) -> 46018 | I74: =VLOOKUP(B74,FDN!B74:O244,14,0) -> R.K . Enterprises | J74: C | K74: 46020
A75: =A74+1 -> 73 | B75: =FDN!B75 -> 89/8 | C75: =VLOOKUP(B75,FDN!B75:D245,2,0) -> A+0 | D75: =VLOOKUP($B75,FDN!$B75:E245,3,0) -> DFR | E75: =VLOOKUP(B75,FDN!B75:F245,5,0) -> 46013 | F75: =VLOOKUP(B75,FDN!B75:L245,11,0) -> Completed | G75: =VLOOKUP(B75,FDN!B75:M245,12,0) -> 46019 | I75: =VLOOKUP(B75,FDN!B75:O245,14,0) -> Afflux Construction | J75: C | K75: 46021
A76: =A75+1 -> 74 | B76: =FDN!B76 -> 136/1 | C76: =VLOOKUP(B76,FDN!B76:D246,2,0) -> A+0 | D76: =VLOOKUP($B76,FDN!$B76:E246,3,0) -> WET PADDY | E76: =VLOOKUP(B76,FDN!B76:F246,5,0) -> 46016 | F76: =VLOOKUP(B76,FDN!B76:L246,11,0) -> Completed | G76: =VLOOKUP(B76,FDN!B76:M246,12,0) -> 46020 | I76: =VLOOKUP(B76,FDN!B76:O246,14,0) -> R.K . Enterprises | J76: C | K76: 46021
A77: =A76+1 -> 75 | B77: =FDN!B77 -> 89/7 | C77: =VLOOKUP(B77,FDN!B77:D247,2,0) -> A+0 | D77: =VLOOKUP($B77,FDN!$B77:E247,3,0) -> DFR | E77: =VLOOKUP(B77,FDN!B77:F247,5,0) -> 46015 | F77: =VLOOKUP(B77,FDN!B77:L247,11,0) -> Completed | G77: =VLOOKUP(B77,FDN!B77:M247,12,0) -> 46021 | I77: =VLOOKUP(B77,FDN!B77:O247,14,0) -> Shree Khatushyam | J77: C | K77: 46025
A78: =A77+1 -> 76 | B78: =FDN!B78 -> 109/5 | C78: =VLOOKUP(B78,FDN!B78:D248,2,0) -> A+3 | D78: =VLOOKUP($B78,FDN!$B78:E248,3,0) -> DFR | E78: =VLOOKUP(B78,FDN!B78:F248,5,0) -> 46013 | F78: =VLOOKUP(B78,FDN!B78:L248,11,0) -> Completed | G78: =VLOOKUP(B78,FDN!B78:M248,12,0) -> 46021 | I78: =VLOOKUP(B78,FDN!B78:O248,14,0) -> B.L Construction
A79: =A78+1 -> 77 | B79: =FDN!B79 -> 139/2 | C79: =VLOOKUP(B79,FDN!B79:D249,2,0) -> A+0 | D79: =VLOOKUP($B79,FDN!$B79:E249,3,0) -> DFR | E79: =VLOOKUP(B79,FDN!B79:F249,5,0) -> 46016 | F79: =VLOOKUP(B79,FDN!B79:L249,11,0) -> Completed | G79: =VLOOKUP(B79,FDN!B79:M249,12,0) -> 46021 | I79: =VLOOKUP(B79,FDN!B79:O249,14,0) -> Jai Shri Ram Enterprises
A80: =A79+1 -> 78 | B80: =FDN!B80 -> 107/1 | C80: =VLOOKUP(B80,FDN!B80:D250,2,0) -> A+0 | D80: =VLOOKUP($B80,FDN!$B80:E250,3,0) -> WFR | E80: =VLOOKUP(B80,FDN!B80:F250,5,0) -> 46014 | F80: =VLOOKUP(B80,FDN!B80:L250,11,0) -> Completed | G80: =VLOOKUP(B80,FDN!B80:M250,12,0) -> 46025 | I80: =VLOOKUP(B80,FDN!B80:O250,14,0) -> Rajiya Infra.
A81: =A80+1 -> 79 | B81: =FDN!B81 -> 89/6 | C81: =VLOOKUP(B81,FDN!B81:D251,2,0) -> A+0 | D81: =VLOOKUP($B81,FDN!$B81:E251,3,0) -> DFR | E81: =VLOOKUP(B81,FDN!B81:F251,5,0) -> 46019 | F81: =VLOOKUP(B81,FDN!B81:L251,11,0) -> Completed | G81: =VLOOKUP(B81,FDN!B81:M251,12,0) -> 46026 | I81: =VLOOKUP(B81,FDN!B81:O251,14,0) -> Afflux Construction | J81: C | K81: 46030
A82: =A81+1 -> 80 | B82: =FDN!B82 -> 129A/1 | C82: =VLOOKUP(B82,FDN!B82:D252,2,0) -> A-3 | D82: =VLOOKUP($B82,FDN!$B82:E252,3,0) -> DFR | E82: =VLOOKUP(B82,FDN!B82:F252,5,0) -> 46026 | F82: =VLOOKUP(B82,FDN!B82:L252,11,0) -> Completed | G82: =VLOOKUP(B82,FDN!B82:M252,12,0) -> 46029 | I82: =VLOOKUP(B82,FDN!B82:O252,14,0) -> R.K . Enterprises
A83: =A82+1 -> 81 | B83: =FDN!B83 -> 139/5 | C83: =VLOOKUP(B83,FDN!B83:D253,2,0) -> A+0 | D83: =VLOOKUP($B83,FDN!$B83:E253,3,0) -> DFR | E83: =VLOOKUP(B83,FDN!B83:F253,5,0) -> 46022 | F83: =VLOOKUP(B83,FDN!B83:L253,11,0) -> Completed | G83: =VLOOKUP(B83,FDN!B83:M253,12,0) -> 46031 | I83: =VLOOKUP(B83,FDN!B83:O253,14,0) -> Jai Shri Ram Enterprises
A84: =A83+1 -> 82 | B84: =FDN!B84 -> 89/5 | C84: =VLOOKUP(B84,FDN!B84:D254,2,0) -> A+3 | D84: =VLOOKUP($B84,FDN!$B84:E254,3,0) -> DFR | E84: =VLOOKUP(B84,FDN!B84:F254,5,0) -> 46024 | F84: =VLOOKUP(B84,FDN!B84:L254,11,0) -> Completed | G84: =VLOOKUP(B84,FDN!B84:M254,12,0) -> 46032 | I84: =VLOOKUP(B84,FDN!B84:O254,14,0) -> Shree Khatushyam | J84: C | K84: 46034
A85: =A84+1 -> 83 | B85: =FDN!B85 -> 108/4 | C85: =VLOOKUP(B85,FDN!B85:D255,2,0) -> A+3 | D85: =VLOOKUP($B85,FDN!$B85:E255,3,0) -> WFR | E85: =VLOOKUP(B85,FDN!B85:F255,5,0) -> 46009 | F85: =VLOOKUP(B85,FDN!B85:L255,11,0) -> Completed | G85: =VLOOKUP(B85,FDN!B85:M255,12,0) -> 46033 | I85: =VLOOKUP(B85,FDN!B85:O255,14,0) -> B.L Construction
A86: =A85+1 -> 84 | B86: =FDN!B86 -> 129A/5 | C86: =VLOOKUP(B86,FDN!B86:D256,2,0) -> A+9 | D86: =VLOOKUP($B86,FDN!$B86:E256,3,0) -> DFR | E86: =VLOOKUP(B86,FDN!B86:F256,5,0) -> 46026 | F86: =VLOOKUP(B86,FDN!B86:L256,11,0) -> Completed | G86: =VLOOKUP(B86,FDN!B86:M256,12,0) -> 46033 | I86: =VLOOKUP(B86,FDN!B86:O256,14,0) -> R.K . Enterprises
A87: =A86+1 -> 85 | B87: =FDN!B87 -> 108/1 | C87: =VLOOKUP(B87,FDN!B87:D257,2,0) -> A+9 | D87: =VLOOKUP($B87,FDN!$B87:E257,3,0) -> DFR | E87: =VLOOKUP(B87,FDN!B87:F257,5,0) -> 46033 | F87: =VLOOKUP(B87,FDN!B87:L257,11,0) -> Completed | G87: =VLOOKUP(B87,FDN!B87:M257,12,0) -> 46039 | I87: =VLOOKUP(B87,FDN!B87:O257,14,0) -> B.L Construction | J87: C | K87: 46041
A88: =A87+1 -> 86 | B88: =FDN!B88 -> 76/2 | C88: =VLOOKUP(B88,FDN!B88:D258,2,0) -> A+6 | D88: =VLOOKUP($B88,FDN!$B88:E258,3,0) -> DFR | E88: =VLOOKUP(B88,FDN!B88:F258,5,0) -> 46036 | F88: =VLOOKUP(B88,FDN!B88:L258,11,0) -> Completed | G88: =VLOOKUP(B88,FDN!B88:M258,12,0) -> 46042 | I88: =VLOOKUP(B88,FDN!B88:O258,14,0) -> Afflux Construction | J88: C | K88: 46046 | L88: ROW Cleared on 29/04/25
A89: =A88+1 -> 87 | B89: =FDN!B89 -> 136/4 | C89: =VLOOKUP(B89,FDN!B89:D259,2,0) -> A+0 | D89: =VLOOKUP($B89,FDN!$B89:E259,3,0) -> WET PADDY | E89: =VLOOKUP(B89,FDN!B89:F259,5,0) -> 46038 | F89: =VLOOKUP(B89,FDN!B89:L259,11,0) -> Completed | G89: =VLOOKUP(B89,FDN!B89:M259,12,0) -> 46042 | I89: =VLOOKUP(B89,FDN!B89:O259,14,0) -> R.K . Enterprises | J89: C | K89: 46043
A90: =A89+1 -> 88 | B90: =FDN!B90 -> 77/1 | C90: =VLOOKUP(B90,FDN!B90:D260,2,0) -> A-3 | D90: =VLOOKUP($B90,FDN!$B90:E260,3,0) -> DFR | E90: =VLOOKUP(B90,FDN!B90:F260,5,0) -> 46040 | F90: =VLOOKUP(B90,FDN!B90:L260,11,0) -> Completed | G90: =VLOOKUP(B90,FDN!B90:M260,12,0) -> 46046 | I90: =VLOOKUP(B90,FDN!B90:O260,14,0) -> Shree Khatushyam | J90: C | K90: 46055
A91: =A90+1 -> 89 | B91: =FDN!B91 -> 107/4 | C91: =VLOOKUP(B91,FDN!B91:D261,2,0) -> A+3 | D91: =VLOOKUP($B91,FDN!$B91:E261,3,0) -> DFR | E91: =VLOOKUP(B91,FDN!B91:F261,5,0) -> 46038 | F91: =VLOOKUP(B91,FDN!B91:L261,11,0) -> Completed | G91: =VLOOKUP(B91,FDN!B91:M261,12,0) -> 46047 | I91: =VLOOKUP(B91,FDN!B91:O261,14,0) -> B.L Construction
A92: =A91+1 -> 90 | B92: =FDN!B92 -> 76/1 | C92: =VLOOKUP(B92,FDN!B92:D262,2,0) -> A+6 | D92: =VLOOKUP($B92,FDN!$B92:E262,3,0) -> DFR | E92: =VLOOKUP(B92,FDN!B92:F262,5,0) -> 46036 | F92: =VLOOKUP(B92,FDN!B92:L262,11,0) -> Completed | G92: =VLOOKUP(B92,FDN!B92:M262,12,0) -> 46049 | I92: =VLOOKUP(B92,FDN!B92:O262,14,0) -> Afflux Construction | J92: C | K92: 46057
A93: =A92+1 -> 91 | B93: =FDN!B93 -> 129A/7 | C93: =VLOOKUP(B93,FDN!B93:D263,2,0) -> A+1.5 | D93: =VLOOKUP($B93,FDN!$B93:E263,3,0) -> DFR | E93: =VLOOKUP(B93,FDN!B93:F263,5,0) -> 46036 | F93: =VLOOKUP(B93,FDN!B93:L263,11,0) -> Completed | G93: =VLOOKUP(B93,FDN!B93:M263,12,0) -> 46049 | I93: =VLOOKUP(B93,FDN!B93:O263,14,0) -> R.K . Enterprises
A94: =A93+1 -> 92 | B94: =FDN!B94 -> 139/6 | C94: =VLOOKUP(B94,FDN!B94:D264,2,0) -> A+0 | D94: =VLOOKUP($B94,FDN!$B94:E264,3,0) -> DFR | E94: =VLOOKUP(B94,FDN!B94:F264,5,0) -> 46033 | F94: =VLOOKUP(B94,FDN!B94:L264,11,0) -> Completed | G94: =VLOOKUP(B94,FDN!B94:M264,12,0) -> 46050 | I94: =VLOOKUP(B94,FDN!B94:O264,14,0) -> Jai Shri Ram Enterprises
A95: =A94+1 -> 93 | B95: =FDN!B95 -> 127/7 | C95: =VLOOKUP(B95,FDN!B95:D265,2,0) -> A-3 | D95: =VLOOKUP($B95,FDN!$B95:E265,3,0) -> DFR | E95: =VLOOKUP(B95,FDN!B95:F265,5,0) -> 46041 | F95: =VLOOKUP(B95,FDN!B95:L265,11,0) -> Completed | G95: =VLOOKUP(B95,FDN!B95:M265,12,0) -> 46052 | I95: =VLOOKUP(B95,FDN!B95:O265,14,0) -> B.L Construction | J95: C | K95: 46055
A96: =A95+1 -> 94 | B96: =FDN!B96 -> 129A/2 | C96: =VLOOKUP(B96,FDN!B96:D266,2,0) -> A+7.5 | D96: =VLOOKUP($B96,FDN!$B96:E266,3,0) -> DFR | E96: =VLOOKUP(B96,FDN!B96:F266,5,0) -> 46045 | F96: =VLOOKUP(B96,FDN!B96:L266,11,0) -> Completed | G96: =VLOOKUP(B96,FDN!B96:M266,12,0) -> 46052 | I96: =VLOOKUP(B96,FDN!B96:O266,14,0) -> R.K . Enterprises | J96: C | K96: 46055
A97: =A96+1 -> 95 | B97: =FDN!B97 -> 76/6 | C97: =VLOOKUP(B97,FDN!B97:D267,2,0) -> A+1.5 | D97: =VLOOKUP($B97,FDN!$B97:E267,3,0) -> DFR | E97: =VLOOKUP(B97,FDN!B97:F267,5,0) -> 46042 | F97: =VLOOKUP(B97,FDN!B97:L267,11,0) -> Completed | G97: =VLOOKUP(B97,FDN!B97:M267,12,0) -> 46053 | I97: =VLOOKUP(B97,FDN!B97:O267,14,0) -> Shree Khatushyam
A98: =A97+1 -> 96 | B98: =FDN!B98 -> 129A/4 | C98: =VLOOKUP(B98,FDN!B98:D268,2,0) -> A+6 | D98: =VLOOKUP($B98,FDN!$B98:E268,3,0) -> DFR | E98: =VLOOKUP(B98,FDN!B98:F268,5,0) -> 46045 | F98: =VLOOKUP(B98,FDN!B98:L268,11,0) -> Completed | G98: =VLOOKUP(B98,FDN!B98:M268,12,0) -> 46053 | I98: =VLOOKUP(B98,FDN!B98:O268,14,0) -> R.K . Enterprises | J98: C | K98: 46056
A99: =A98+1 -> 97 | B99: =FDN!B99 -> 136/3 | C99: =VLOOKUP(B99,FDN!B99:D269,2,0) -> A+3 | D99: =VLOOKUP($B99,FDN!$B99:E269,3,0) -> DFR | E99: =VLOOKUP(B99,FDN!B99:F269,5,0) -> 46049 | F99: =VLOOKUP(B99,FDN!B99:L269,11,0) -> Completed | G99: =VLOOKUP(B99,FDN!B99:M269,12,0) -> 46053 | I99: =VLOOKUP(B99,FDN!B99:O269,14,0) -> Jai Shri Ram Enterprises
A100: =A99+1 -> 98 | B100: =FDN!B100 -> 82/2 | C100: =VLOOKUP(B100,FDN!B100:D270,2,0) -> A+7.5 | D100: =VLOOKUP($B100,FDN!$B100:E270,3,0) -> WFR | E100: =VLOOKUP(B100,FDN!B100:F270,5,0) -> 46049 | F100: =VLOOKUP(B100,FDN!B100:L270,11,0) -> Completed | G100: =VLOOKUP(B100,FDN!B100:M270,12,0) -> 46055 | I100: =VLOOKUP(B100,FDN!B100:O270,14,0) -> Afflux Construction | J100: C | K100: 46057
...

Sheet Erection 
A2: ±800kV HVDC Bipole Line (Hexa Lapwing) between KPS2 (HVDC) & Nagpur (HVDC) (Part- 6) Erection
A3: Sl. No. | B3: Location Number | C3: Type of Tower | E3: Starting Date | F3: Tower Weight (MT) | G3: Status | H3: Completion Date | I3: Gang Name | J3: Manpower | K3: Hindarnce Days | L3: Remarks | M3: Tackweldng Status | N3: Tackwelding start date | O3: Tackwelding Completion date | P3: Sub Contractor name
A4: 1 | B4: 125/2 | C4: A+3 | D4: A+3 | E4: 46071 | F4: =VLOOKUP(D4,'[1]Tower Weight Individual'!$S$13:$Y$50,7,0)/1000 -> 24.041023 | G4: C | H4: 46075 | I4: M/S Ratani Devi | J4: 18
A5: 2 | B5: 122/2 | C5: A+0 | D5: A+0 | E5: 46078 | F5: =VLOOKUP(D5,'[1]Tower Weight Individual'!$S$13:$Y$50,7,0)/1000 -> 22.923735 | G5: C | H5: 46081 | I5: M/S Ratani Devi | J5: 18
A6: 3 | B6: 130/1 | C6: A+0 | D6: A+0 | E6: 46075 | F6: =VLOOKUP(D6,'[1]Tower Weight Individual'!$S$13:$Y$50,7,0)/1000 -> 22.923735 | G6: C | H6: 46081 | I6: M/S Jwala | J6: 35
A7: 4 | B7: 126/10 | C7: A+0 | D7: A+0 | E7: 46084 | F7: =VLOOKUP(D7,'[1]Tower Weight Individual'!$S$13:$Y$50,7,0)/1000 -> 22.923735 | G7: C | H7: 46088 | I7: M/s Ratani Devi | J7: 23
A8: 5 | B8: 129A/3 | C8: A+3 | D8: A+3 | E8: 46082 | F8: =VLOOKUP(D8,'[1]Tower Weight Individual'!$S$13:$Y$50,7,0)/1000 -> 24.041023 | G8: C | H8: 46091 | I8: M/s Jwala | J8: 23
A9: 6 | B9: 126/9 | C9: A+3 | D9: A+3 | E9: 46082 | F9: =VLOOKUP(D9,'[1]Tower Weight Individual'!$S$13:$Y$50,7,0)/1000 -> 24.041023 | G9: C | H9: 46092 | I9: M/s Ratani Devi | J9: 38
A10: 7 | B10: 129A/4 | C10: A+6 | D10: A+6 | E10: 46092 | F10: =VLOOKUP(D10,'[1]Tower Weight Individual'!$S$13:$Y$50,7,0)/1000 -> 26.764163 | G10: C | H10: 46095 | I10: M/s Jwala | J10: 35
A11: 8 | B11: 126/5 | C11: A+3 | D11: A+3 | E11: 45717 | F11: =VLOOKUP(D11,'[1]Tower Weight Individual'!$S$13:$Y$50,7,0)/1000 -> 24.041023 | G11: C | H11: 46096 | I11: M/s Ratani Devi | J11: 35
A12: 9 | B12: 126/4 | C12: A+0 | D12: A+0 | E12: 46096 | F12: =VLOOKUP(D12,'[1]Tower Weight Individual'!$S$13:$Y$50,7,0)/1000 -> 22.923735 | G12: C | H12: 46100 | I12: M/s Ratani Devi | J12: 35
A13: 10 | B13: 130/2 | C13: A+6 | D13: A+6 | E13: 46096 | F13: =VLOOKUP(D13,'[1]Tower Weight Individual'!$S$13:$Y$50,7,0)/1000 -> 26.764163 | G13: C | H13: 46100 | I13: M/s Jwala | J13: 18
A14: 11 | B14: 130/3 | C14: A+3 | D14: A+3 | E14: 46100 | F14: =VLOOKUP(D14,'[1]Tower Weight Individual'!$S$13:$Y$50,7,0)/1000 -> 24.041023 | G14: C | H14: 46103 | I14: M/s Jwala | J14: 23
A15: 12 | B15: 126/3 | C15: A+3 | D15: A+3 | E15: 46100 | F15: =VLOOKUP(D15,'[1]Tower Weight Individual'!$S$13:$Y$50,7,0)/1000 -> 24.041023 | G15: C | H15: 46104 | I15: M/s Ratani Devi | J15: 19
... A42: 39 | B42: 111/2 | C42: A+3 | D42: A+3 | E42: 46157 | F42: =VLOOKUP(D42,'[1]Tower Weight Individual'!$S$13:$Y$50,7,0)/1000 -> 24.041023 | G42: C | H42: 46160 | I42: M/s Amrendra Prasad | J42: 26
A43: 40 | B43: 121/6 | C43: A+0 | D43: A+0 | E43: 46038 | F43: =VLOOKUP(D43,'[1]Tower Weight Individual'!$S$13:$Y$50,7,0)/1000 -> 22.923735 | G43: C | H43: 46160 | I43: M/S Gagan Entp.
A44: 41 | B44: 136/8 | C44: A+0 | D44: A+0 | E44: 46158 | F44: =VLOOKUP(D44,'[1]Tower Weight Individual'!$S$13:$Y$50,7,0)/1000 -> 22.923735 | G44: C | H44: 46160 | I44: M/s Jwala Singh | J44: 23
A45: 42 | B45: 121/5 | C45: A+0 | D45: A+0 | E45: 46160 | F45: =VLOOKUP(D45,'[1]Tower Weight Individual'!$S$13:$Y$50,7,0)/1000 -> 22.923735 | G45: C | H45: 46162 | I45: M/S Gagan Entp. | J45: 24
A46: 43 | B46: 109/5 | C46: A+3 | D46: A+3 | E46: 46159 | F46: =VLOOKUP(D46,'[1]Tower Weight Individual'!$S$13:$Y$50,7,0)/1000 -> 24.041023 | G46: C | H46: 46163 | I46: M/s Mukesh Kumar Verma | J46: 32
A47: 44 | B47: 139/1 | C47: A+3 | D47: A+3 | E47: 46160 | F47: =VLOOKUP(D47,'[1]Tower Weight Individual'!$S$13:$Y$50,7,0)/1000 -> 24.041023 | G47: C | H47: 46163 | I47: M/s Jwala Singh | J47: 23
A48: 45 | B48: 111/3 | C48: A+0 | D48: A+0 | E48: 46160 | F48: =VLOOKUP(D48,'[1]Tower Weight Individual'!$S$13:$Y$50,7,0)/1000 -> 22.923735 | G48: C | H48: 46164 | I48: M/s Amrendra Prasad | J48: 26
A49: 46 | B49: 124/5 | C49: A+6 | D49: A+6 | E49: 46163 | F49: =VLOOKUP(D49,'[1]Tower Weight Individual'!$S$13:$Y$50,7,0)/1000 -> 26.764163 | G49: C | H49: 46165 | I49: M/S Gagan Entp. | J49: 35
A50: 47 | B50: 125/1 | C50: A+3 | D50: A+3 | E50: 46165 | F50: =VLOOKUP(D50,'[1]Tower Weight Individual'!$S$13:$Y$50,7,0)/1000 -> 24.041023 | G50: C | H50: 46167 | I50: M/S Gagan Entp. | J50: 24
A51: 48 | B51: 111/4 | C51: A+0 | D51: A+0 | E51: 46165 | F51: =VLOOKUP(D51,'[1]Tower Weight Individual'!$S$13:$Y$50,7,0)/1000 -> 22.923735 | G51: C | H51: 46168 | I51: M/s Amrendra Prasad | J51: 32
A52: 49 | B52: 109/6 | C52: A+3 | D52: A+3 | E52: 46163 | F52: =VLOOKUP(D52,'[1]Tower Weight Individual'!$S$13:$Y$50,7,0)/1000 -> 24.041023 | G52: C | H52: 46170 | I52: M/s Mukesh Kumar Verma | J52: 26
A53: 50 | B53: 125/0 | C53: B2+3 | D53: B+3 | E53: 46168 | F53: =VLOOKUP(D53,'[1]Tower Weight Individual'!$S$13:$Y$50,7,0)/1000 -> 31.667057 | G53: C | H53: 46171 | I53: M/S Gagan Entp. | J53: 23
A54: 51 | B54: 136/0 | C54: C2+9 | D54: C+9 | E54: 111907 | F54: =VLOOKUP(D54,'[1]Tower Weight Individual'!$S$13:$Y$50,7,0)/1000 -> 42.197072 | G54: C | H54: 46171 | I54: M/s Jwala Singh | J54: 22
A55: 52 | B55: 109/7 | C55: A+3 | D55: A+3 | E55: 46163 | F55: =VLOOKUP(D55,'[1]Tower Weight Individual'!$S$13:$Y$50,7,0)/1000 -> 24.041023 | G55: C | H55: 46173 | I55: M/s Mukesh Kumar Verma | J55: 26
... A81: 78 | B81: 108/4 | C81: A+3 | D81: A+3 | E81: 46199 | F81: =VLOOKUP(D81,'[1]Tower Weight Individual'!$S$13:$Y$50,7,0)/1000 -> 24.041023 | G81: C | H81: 46203 | I81: M/s Mukesh Kumar Verma | J81: 24
A82: 79 | B82: 89/5 | C82: A+3 | D82: A+3 | E82: 46198 | F82: =VLOOKUP(D82,'[1]Tower Weight Individual'!$S$13:$Y$50,7,0)/1000 -> 24.041023 | G82: WIP | I82: M/s Amrendra Prasad | J82: 26
A83: 80 | B83: 103/2 | C83: A+0 | D83: A+0 | E83: 46198 | F83: =VLOOKUP(D83,'[1]Tower Weight Individual'!$S$13:$Y$50,7,0)/1000 -> 22.923735 | G83: WIP | I83: M/S Jwala | J83: 22
A84: 81 | B84: 76/2 | C84: A+0 | D84: A+0 | E84: 46203 | F84: =VLOOKUP(D84,'[1]Tower Weight Individual'!$S$13:$Y$50,7,0)/1000 -> 22.923735 | G84: WIP | I84: M/s Jwala Singh | J84: 26
A85: 82 | B85: 88/1 | C85: A+0 | D85: A+0 | E85: 46203 | F85: =VLOOKUP(D85,'[1]Tower Weight Individual'!$S$13:$Y$50,7,0)/1000 -> 22.923735 | G85: WIP | I85: M/s Amrendra Prasad | J85: 26

Sheet Erection Completed 
A1: SL No. | B1: Location No. | C1: Tower Type | D1: Starting Date | E1: Tower Weight | F1: Status | G1: Completion Date | H1: Gang Name | I1: Gang Strength | J1: Number of Fitters | K1: Tower Tightening | L1: Remark
A2: 1 | B2: ='Erection '!B4 -> 125/2 | C2: =VLOOKUP(B2,'Erection '!B4:C71,2,0) -> A+3 | D2: =VLOOKUP(B2,'Erection '!B4:E62,3,0) -> A+3 | E2: =VLOOKUP(B3,'Erection '!B4:F62,4,0) -> 46078 | F2: =VLOOKUP(B2,'Erection '!B4:G62,5,0) -> 24.041023 | G2: =VLOOKUP(B2,'Erection '!B4:H62,6,0) -> C | H2: =VLOOKUP(B2,'Erection '!B4:I62,7,0) -> 46075 | I2: 32 | K2: Yes
A3: 2 | B3: ='Erection '!B5 -> 122/2 | C3: =VLOOKUP(B3,'Erection '!B5:C71,2,0) -> A+0 | D3: =VLOOKUP(B3,'Erection '!B5:E65,3,0) -> A+0 | E3: =VLOOKUP(B4,'Erection '!B5:F65,4,0) -> 46075 | F3: =VLOOKUP(B3,'Erection '!B5:G65,5,0) -> 22.923735 | G3: =VLOOKUP(B3,'Erection '!B5:H65,6,0) -> C | H3: =VLOOKUP(B3,'Erection '!B5:I65,7,0) -> 46081 | I3: 24 | K3: Yes
A4: 3 | B4: ='Erection '!B6 -> 130/1 | C4: =VLOOKUP(B4,'Erection '!B6:C71,2,0) -> A+0 | D4: =VLOOKUP(B4,'Erection '!B6:E66,3,0) -> A+0 | E4: =VLOOKUP(B5,'Erection '!B6:F66,4,0) -> 46084 | F4: =VLOOKUP(B4,'Erection '!B6:G66,5,0) -> 22.923735 | G4: =VLOOKUP(B4,'Erection '!B6:H66,6,0) -> C | H4: =VLOOKUP(B4,'Erection '!B6:I66,7,0) -> 46081 | I4: 42 | K4: Yes
A5: 4 | B5: ='Erection '!B7 -> 126/10 | C5: =VLOOKUP(B5,'Erection '!B7:C73,2,0) -> A+0 | D5: =VLOOKUP(B5,'Erection '!B7:E69,3,0) -> A+0 | E5: =VLOOKUP(B6,'Erection '!B7:F69,4,0) -> 46082 | F5: =VLOOKUP(B5,'Erection '!B7:G69,5,0) -> 22.923735 | G5: =VLOOKUP(B5,'Erection '!B7:H69,6,0) -> C | H5: =VLOOKUP(B5,'Erection '!B7:I69,7,0) -> 46088 | I5: 32 | K5: Yes
A6: 5 | B6: ='Erection '!B8 -> 129A/3 | C6: =VLOOKUP(B6,'Erection '!B8:C73,2,0) -> A+3 | D6: =VLOOKUP(B6,'Erection '!B8:E71,3,0) -> A+3 | E6: =VLOOKUP(B7,'Erection '!B8:F71,4,0) -> 46082 | F6: =VLOOKUP(B6,'Erection '!B8:G71,5,0) -> 24.041023 | G6: =VLOOKUP(B6,'Erection '!B8:H71,6,0) -> C | H6: =VLOOKUP(B6,'Erection '!B8:I71,7,0) -> 46091 | I6: 32 | K6: Yes
A7: 6 | B7: ='Erection '!B9 -> 126/9 | C7: =VLOOKUP(B7,'Erection '!B9:C76,2,0) -> A+3 | D7: =VLOOKUP(B7,'Erection '!B9:E71,3,0) -> A+3 | E7: =VLOOKUP(B8,'Erection '!B9:F71,4,0) -> 46092 | F7: =VLOOKUP(B7,'Erection '!B9:G71,5,0) -> 24.041023 | G7: =VLOOKUP(B7,'Erection '!B9:H71,6,0) -> C | H7: =VLOOKUP(B7,'Erection '!B9:I71,7,0) -> 46092 | I7: 26 | K7: Yes
A8: 7 | B8: ='Erection '!B10 -> 129A/4 | C8: =VLOOKUP(B8,'Erection '!B10:C74,2,0) -> A+6 | D8: =VLOOKUP(B8,'Erection '!B10:E71,3,0) -> A+6 | E8: =VLOOKUP(B9,'Erection '!B10:F71,4,0) -> 45717 | F8: =VLOOKUP(B8,'Erection '!B10:G71,5,0) -> 26.764163 | G8: =VLOOKUP(B8,'Erection '!B10:H71,6,0) -> C | H8: =VLOOKUP(B8,'Erection '!B10:I71,7,0) -> 46095 | I8: 26 | K8: Yes
A9: 8 | B9: ='Erection '!B11 -> 126/5 | C9: =VLOOKUP(B9,'Erection '!B11:C76,2,0) -> A+3 | D9: =VLOOKUP(B9,'Erection '!B11:E73,3,0) -> A+3 | E9: =VLOOKUP(B10,'Erection '!B11:F73,4,0) -> 46096 | F9: =VLOOKUP(B9,'Erection '!B11:G73,5,0) -> 24.041023 | G9: =VLOOKUP(B9,'Erection '!B11:H73,6,0) -> C | H9: =VLOOKUP(B9,'Erection '!B11:I73,7,0) -> 46096 | I9: 26 | K9: Yes
A10: 9 | B10: ='Erection '!B12 -> 126/4 | C10: =VLOOKUP(B10,'Erection '!B12:C79,2,0) -> A+0 | D10: =VLOOKUP(B10,'Erection '!B12:E73,3,0) -> A+0 | E10: =VLOOKUP(B11,'Erection '!B12:F73,4,0) -> 46096 | F10: =VLOOKUP(B10,'Erection '!B12:G73,5,0) -> 22.923735 | G10: =VLOOKUP(B10,'Erection '!B12:H73,6,0) -> C | H10: =VLOOKUP(B10,'Erection '!B12:I73,7,0) -> 46100 | I10: 26 | K10: Yes
A11: 10 | B11: ='Erection '!B13 -> 130/2 | C11: =VLOOKUP(B11,'Erection '!B13:C77,2,0) -> A+6 | D11: =VLOOKUP(B11,'Erection '!B13:E76,3,0) -> A+6 | E11: =VLOOKUP(B12,'Erection '!B13:F76,4,0) -> 46100 | F11: =VLOOKUP(B11,'Erection '!B13:G76,5,0) -> 26.764163 | G11: =VLOOKUP(B11,'Erection '!B13:H76,6,0) -> C | H11: =VLOOKUP(B11,'Erection '!B13:I76,7,0) -> 46100 | I11: 26 | K11: Yes
A12: 11 | B12: ='Erection '!B14 -> 130/3 | C12: =VLOOKUP(B12,'Erection '!B14:C80,2,0) -> A+3 | D12: =VLOOKUP(B12,'Erection '!B14:E74,3,0) -> A+3 | E12: =VLOOKUP(B13,'Erection '!B14:F74,4,0) -> 46100 | F12: =VLOOKUP(B12,'Erection '!B14:G74,5,0) -> 24.041023 | G12: =VLOOKUP(B12,'Erection '!B14:H74,6,0) -> C | H12: =VLOOKUP(B12,'Erection '!B14:I74,7,0) -> 46103 | I12: 26 | K12: Yes
A13: 12 | B13: ='Erection '!B15 -> 126/3 | C13: =VLOOKUP(B13,'Erection '!B15:C82,2,0) -> A+3 | D13: =VLOOKUP(B13,'Erection '!B15:E76,3,0) -> A+3 | E13: =VLOOKUP(B14,'Erection '!B15:F76,4,0) -> 46104 | F13: =VLOOKUP(B13,'Erection '!B15:G76,5,0) -> 24.041023 | G13: =VLOOKUP(B13,'Erection '!B15:H76,6,0) -> C | H13: =VLOOKUP(B13,'Erection '!B15:I76,7,0) -> 46104 | I13: 32 | K13: Yes
A14: 13 | B14: ='Erection '!B16 -> 134/2 | C14: =VLOOKUP(B14,'Erection '!B16:C83,2,0) -> A+3 | D14: =VLOOKUP(B14,'Erection '!B16:E79,3,0) -> A+3 | E14: =VLOOKUP(B15,'Erection '!B16:F79,4,0) -> 46104 | F14: =VLOOKUP(B14,'Erection '!B16:G79,5,0) -> 24.041023 | G14: =VLOOKUP(B14,'Erection '!B16:H79,6,0) -> C | H14: =VLOOKUP(B14,'Erection '!B16:I79,7,0) -> 46108 | I14: 26 | K14: Yes
A15: 14 | B15: ='Erection '!B17 -> 125/3 | C15: =VLOOKUP(B15,'Erection '!B17:C83,2,0) -> A+6 | D15: =VLOOKUP(B15,'Erection '!B17:E77,3,0) -> A+6 | E15: =VLOOKUP(B16,'Erection '!B17:F77,4,0) -> 46108 | F15: =VLOOKUP(B15,'Erection '!B17:G77,5,0) -> 26.764163 | G15: =VLOOKUP(B15,'Erection '!B17:H77,6,0) -> C | H15: =VLOOKUP(B15,'Erection '!B17:I77,7,0) -> 46109 | I15: 28 | K15: Yes
A16: 15 | B16: ='Erection '!B18 -> 134/3 | C16: =VLOOKUP(B16,'Erection '!B18:C84,2,0) -> A+6 | D16: =VLOOKUP(B16,'Erection '!B18:E80,3,0) -> A+6 | E16: =VLOOKUP(B17,'Erection '!B18:F80,4,0) -> 46109 | F16: =VLOOKUP(B16,'Erection '!B18:G80,5,0) -> 26.764163 | G16: =VLOOKUP(B16,'Erection '!B18:H80,6,0) -> C | H16: =VLOOKUP(B16,'Erection '!B18:I80,7,0) -> 46111 | I16: 42 | K16: Yes
A17: 16 | B17: ='Erection '!B19 -> 124/4 | C17: =VLOOKUP(B17,'Erection '!B19:C85,2,0) -> A+3 | D17: =VLOOKUP(B17,'Erection '!B19:E82,3,0) -> A+3 | E17: =VLOOKUP(B18,'Erection '!B19:F82,4,0) -> 46112 | F17: =VLOOKUP(B17,'Erection '!B19:G82,5,0) -> 24.041023 | G17: =VLOOKUP(B17,'Erection '!B19:H82,6,0) -> C | H17: =VLOOKUP(B17,'Erection '!B19:I82,7,0) -> 46114 | I17: 33 | K17: Yes
A18: 17 | B18: ='Erection '!B20 -> 134/4 | C18: =VLOOKUP(B18,'Erection '!B20:C86,2,0) -> A+3 | D18: =VLOOKUP(B18,'Erection '!B20:E83,3,0) -> A+3 | E18: =VLOOKUP(B19,'Erection '!B20:F83,4,0) -> 46116 | F18: =VLOOKUP(B18,'Erection '!B20:G83,5,0) -> 24.041023 | G18: =VLOOKUP(B18,'Erection '!B20:H83,6,0) -> C | H18: =VLOOKUP(B18,'Erection '!B20:I83,7,0) -> 46115 | I18: 22 | K18: Yes
A19: 18 | B19: ='Erection '!B21 -> 134/8 | C19: =VLOOKUP(B19,'Erection '!B21:C87,2,0) -> A+3 | D19: =VLOOKUP(B19,'Erection '!B21:E83,3,0) -> A+3 | E19: =VLOOKUP(B20,'Erection '!B21:F83,4,0) -> 46119 | F19: =VLOOKUP(B19,'Erection '!B21:G83,5,0) -> 24.041023 | G19: =VLOOKUP(B19,'Erection '!B21:H83,6,0) -> C | H19: =VLOOKUP(B19,'Erection '!B21:I83,7,0) -> 46119 | I19: 24 | K19: Yes
A20: 19 | B20: ='Erection '!B22 -> 134/9 | C20: =VLOOKUP(B20,'Erection '!B22:C88,2,0) -> A+0 | D20: =VLOOKUP(B20,'Erection '!B22:E84,3,0) -> A+0 | E20: =VLOOKUP(B21,'Erection '!B22:F84,4,0) -> 46124 | F20: =VLOOKUP(B20,'Erection '!B22:G84,5,0) -> 22.923735 | G20: =VLOOKUP(B20,'Erection '!B22:H84,6,0) -> C | H20: =VLOOKUP(B20,'Erection '!B22:I84,7,0) -> 46123 | K20: Yes
A21: 20 | B21: ='Erection '!B23 -> 134/7 | C21: =VLOOKUP(B21,'Erection '!B23:C89,2,0) -> A+3 | D21: =VLOOKUP(B21,'Erection '!B23:E85,3,0) -> A+3 | E21: =VLOOKUP(B22,'Erection '!B23:F85,4,0) -> 46127 | F21: =VLOOKUP(B21,'Erection '!B23:G85,5,0) -> 24.041023 | G21: =VLOOKUP(B21,'Erection '!B23:H85,6,0) -> C | H21: =VLOOKUP(B21,'Erection '!B23:I85,7,0) -> 46127 | I21: 18 | K21: Yes
A22: 21 | B22: ='Erection '!B24 -> 134/5 | C22: =VLOOKUP(B22,'Erection '!B24:C90,2,0) -> A+0 | D22: =VLOOKUP(B22,'Erection '!B24:E86,3,0) -> A+0 | E22: =VLOOKUP(B23,'Erection '!B24:F86,4,0) -> 46131 | F22: =VLOOKUP(B22,'Erection '!B24:G86,5,0) -> 22.923735 | G22: =VLOOKUP(B22,'Erection '!B24:H86,6,0) -> C | H22: =VLOOKUP(B22,'Erection '!B24:I86,7,0) -> 46131 | I22: 18 | K22: Yes
A23: 22 | B23: ='Erection '!B25 -> 136/2 | C23: =VLOOKUP(B23,'Erection '!B25:C91,2,0) -> A+3 | D23: =VLOOKUP(B23,'Erection '!B25:E87,3,0) -> A+3 | E23: =VLOOKUP(B24,'Erection '!B25:F87,4,0) -> 46136 | F23: =VLOOKUP(B23,'Erection '!B25:G87,5,0) -> 24.041023 | G23: =VLOOKUP(B23,'Erection '!B25:H87,6,0) -> C | H23: =VLOOKUP(B23,'Erection '!B25:I87,7,0) -> 46135 | I23: 23 | K23: Yes
A24: 23 | B24: ='Erection '!B26 -> 136/1 | C24: =VLOOKUP(B24,'Erection '!B26:C92,2,0) -> A+0 | D24: =VLOOKUP(B24,'Erection '!B26:E88,3,0) -> A+0 | E24: =VLOOKUP(B25,'Erection '!B26:F88,4,0) -> 46140 | F24: =VLOOKUP(B24,'Erection '!B26:G88,5,0) -> 22.923735 | G24: =VLOOKUP(B24,'Erection '!B26:H88,6,0) -> C | H24: =VLOOKUP(B24,'Erection '!B26:I88,7,0) -> 46140 | I24: 35 | K24: Yes
A25: 24 | B25: ='Erection '!B27 -> 136/3 | C25: =VLOOKUP(B25,'Erection '!B27:C93,2,0) -> A+3 | D25: =VLOOKUP(B25,'Erection '!B27:E89,3,0) -> A+3 | E25: =VLOOKUP(B26,'Erection '!B27:F89,4,0) -> 46140 | F25: =VLOOKUP(B25,'Erection '!B27:G89,5,0) -> 24.041023 | G25: =VLOOKUP(B25,'Erection '!B27:H89,6,0) -> C | H25: =VLOOKUP(B25,'Erection '!B27:I89,7,0) -> 46144 | I25: 25 | K25: Yes
A26: 25 | B26: ='Erection '!B28 -> 102/7 | C26: =VLOOKUP(B26,'Erection '!B28:C94,2,0) -> A+0 | D26: =VLOOKUP(B26,'Erection '!B28:E90,3,0) -> A+0 | E26: =VLOOKUP(B27,'Erection '!B28:F90,4,0) -> 46140 | F26: =VLOOKUP(B26,'Erection '!B28:G90,5,0) -> 22.923735 | G26: =VLOOKUP(B26,'Erection '!B28:H90,6,0) -> C | H26: =VLOOKUP(B26,'Erection '!B28:I90,7,0) -> 46146 | I26: 21 | K26: Yes
A27: 26 | B27: ='Erection '!B29 -> 116/2 | C27: =VLOOKUP(B27,'Erection '!B29:C95,2,0) -> A+3 | D27: =VLOOKUP(B27,'Erection '!B29:E91,3,0) -> A+3 | E27: =VLOOKUP(B28,'Erection '!B29:F91,4,0) -> 46140 | F27: =VLOOKUP(B27,'Erection '!B29:G91,5,0) -> 24.041023 | G27: =VLOOKUP(B27,'Erection '!B29:H91,6,0) -> C | H27: =VLOOKUP(B27,'Erection '!B29:I91,7,0) -> 46146 | I27: 35 | K27: Yes
A28: 27 | B28: ='Erection '!B30 -> 121/2 | C28: =VLOOKUP(B28,'Erection '!B30:C96,2,0) -> A+6 | D28: =VLOOKUP(B28,'Erection '!B30:E92,3,0) -> A+6 | E28: =VLOOKUP(B29,'Erection '!B30:F92,4,0) -> 46144 | F28: =VLOOKUP(B28,'Erection '!B30:G92,5,0) -> 26.764163 | G28: =VLOOKUP(B28,'Erection '!B30:H92,6,0) -> C | H28: =VLOOKUP(B28,'Erection '!B30:I92,7,0) -> 46146 | I28: 23 | K28: Yes
A29: 28 | B29: ='Erection '!B31 -> 136/4 | C29: =VLOOKUP(B29,'Erection '!B31:C97,2,0) -> A+0 | D29: =VLOOKUP(B29,'Erection '!B31:E93,3,0) -> A+0 | E29: =VLOOKUP(B30,'Erection '!B31:F93,4,0) -> 46146 | F29: =VLOOKUP(B29,'Erection '!B31:G93,5,0) -> 22.923735 | G29: =VLOOKUP(B29,'Erection '!B31:H93,6,0) -> C | H29: =VLOOKUP(B29,'Erection '!B31:I93,7,0) -> 46146 | I29: 24 | K29: Yes
A30: 29 | B30: ='Erection '!B32 -> 121/1 | C30: =VLOOKUP(B30,'Erection '!B32:C98,2,0) -> A+0 | D30: =VLOOKUP(B30,'Erection '!B32:E94,3,0) -> A+0 | E30: =VLOOKUP(B31,'Erection '!B32:F94,4,0) -> 46146 | F30: =VLOOKUP(B30,'Erection '!B32:G94,5,0) -> 22.923735 | G30: =VLOOKUP(B30,'Erection '!B32:H94,6,0) -> C | H30: =VLOOKUP(B30,'Erection '!B32:I94,7,0) -> 46150 | I30: 18 | K30: Yes
A31: 30 | B31: ='Erection '!B33 -> 136/5 | C31: =VLOOKUP(B31,'Erection '!B33:C99,2,0) -> A+0 | D31: =VLOOKUP(B31,'Erection '!B33:E95,3,0) -> A+0 | E31: =VLOOKUP(B32,'Erection '!B33:F95,4,0) -> 46146 | F31: =VLOOKUP(B31,'Erection '!B33:G95,5,0) -> 22.923735 | G31: =VLOOKUP(B31,'Erection '!B33:H95,6,0) -> C | H31: =VLOOKUP(B31,'Erection '!B33:I95,7,0) -> 46150 | I31: 24 | K31: Yes
A32: 31 | B32: ='Erection '!B34 -> 116/1 | C32: =VLOOKUP(B32,'Erection '!B34:C100,2,0) -> A+3 | D32: =VLOOKUP(B32,'Erection '!B34:E96,3,0) -> A+3 | E32: =VLOOKUP(B33,'Erection '!B34:F96,4,0) -> 46145 | F32: =VLOOKUP(B32,'Erection '!B34:G96,5,0) -> 24.041023 | G32: =VLOOKUP(B32,'Erection '!B34:H96,6,0) -> C | H32: =VLOOKUP(B32,'Erection '!B34:I96,7,0) -> 46151 | I32: 19 | K32: Yes
... A57: 56 | B57: ='Erection '!B59 -> 127/3 | C57: =VLOOKUP(B57,'Erection '!B59:C125,2,0) -> A+0 | D57: =VLOOKUP(B57,'Erection '!B59:E121,3,0) -> A+0 | E57: =VLOOKUP(B58,'Erection '!B59:F121,4,0) -> 46173 | F57: =VLOOKUP(B57,'Erection '!B59:G121,5,0) -> 22.923735 | G57: =VLOOKUP(B57,'Erection '!B59:H121,6,0) -> C | H57: =VLOOKUP(B57,'Erection '!B59:I121,7,0) -> 46176 | I57: 21 | K57: Yes
A58: 57 | B58: ='Erection '!B64 -> 108/1 | C58: =VLOOKUP(B58,'Erection '!B61:C126,2,0) -> A+9 | D58: =VLOOKUP(B58,'Erection '!B61:E122,3,0) -> A+9 | E58: =VLOOKUP(B59,'Erection '!B61:F122,4,0) -> 46174 | F58: =VLOOKUP(B58,'Erection '!B61:G122,5,0) -> 27.965095 | G58: =VLOOKUP(B58,'Erection '!B61:H122,6,0) -> C | H58: =VLOOKUP(B58,'Erection '!B61:I122,7,0) -> 46181 | I58: 24 | K58: Yes
A59: 58 | B59: ='Erection '!B61 -> 110/3 | C59: =VLOOKUP(B59,'Erection '!B61:C127,2,0) -> A+0 | D59: =VLOOKUP(B59,'Erection '!B61:E123,3,0) -> A+0 | E59: =VLOOKUP(B60,'Erection '!B61:F123,4,0) -> 46180 | F59: =VLOOKUP(B59,'Erection '!B61:G123,5,0) -> 22.923735 | G59: =VLOOKUP(B59,'Erection '!B61:H123,6,0) -> C | H59: =VLOOKUP(B59,'Erection '!B61:I123,7,0) -> 46180 | I59: 22 | K59: Yes
A60: 59 | B60: ='Erection '!B69 -> 123/3 | C60: =VLOOKUP(B60,'Erection '!B60:C128,2,0) -> A+9 | D60: =VLOOKUP(B60,'Erection '!B60:E124,3,0) -> A+9 | E60: =VLOOKUP(B61,'Erection '!B60:F124,4,0) -> 46176 | F60: =VLOOKUP(B60,'Erection '!B60:G124,5,0) -> 27.965095 | G60: =VLOOKUP(B60,'Erection '!B60:H124,6,0) -> C | H60: =VLOOKUP(B60,'Erection '!B60:I124,7,0) -> 46187 | I60: 20 | K60: Yes
A61: 60 | B61: ='Erection '!B60 -> 124/2 | C61: =VLOOKUP(B61,'Erection '!B62:C152,2,0) -> #N/A | D61: =VLOOKUP(B61,'Erection '!B60:E125,3,0) -> A+6 | E61: =VLOOKUP(B62,'Erection '!B60:F125,4,0) -> 46176 | F61: =VLOOKUP(B61,'Erection '!B60:G125,5,0) -> 26.764163 | H61: =VLOOKUP(B61,'Erection '!B60:I125,7,0) -> 46179 | I61: 19 | K61: Yes
A62: 61 | B62: ='Erection '!B62 -> 127/1 | C62: =VLOOKUP(B62,'Erection '!B65:C130,2,0) -> #N/A | D62: =VLOOKUP(B62,'Erection '!B62:E126,3,0) -> A+3 | E62: 22.925 | F62: =VLOOKUP(B62,'Erection '!B62:G126,5,0) -> 24.041023 | H62: =VLOOKUP(B62,'Erection '!B62:I126,7,0) -> 46180 | I62: 35 | K62: Yes

Sheet Erection Compiled
A1: SL No. | B1: Location No. | C1: Tower Type | D1: Starting Date | E1: Tower Weight | F1: Status | G1: Completion Date | H1: Gang Name | I1: Gang Strength | J1: Number of Fitters | K1: Tower Tightening | L1: Remark
A2: 1 | B2: 117/1 | C2: DA-3 | D2: =VLOOKUP(B2,'Erection Completed '!$B$2:$J$62,3,FALSE) -> #N/A | E2: 36.044834 | F2: =IF(G2>=1-1-2024,"Completed","Not Completed") -> #N/A | G2: =VLOOKUP(B2,'Erection Completed '!$B$2:$J$62,6,FALSE) -> #N/A | H2: =VLOOKUP(B2,'Erection Completed '!$B$2:$J$62,7,FALSE) -> #N/A | I2: =VLOOKUP(B2,'Erection Completed '!$B$2:$J$62,8,FALSE) -> #N/A | K2: =VLOOKUP(B2,'Erection Completed '!$B$2:$K$62,10,FALSE) -> #N/A
A3: 2 | B3: 117/2 | C3: DA+6 | D3: =VLOOKUP(B3,'Erection Completed '!$B$2:$J$62,3,FALSE) -> #N/A | E3: 44.794098 | F3: =IF(G3>=1-1-2024,"Completed","Not Completed") -> #N/A | G3: =VLOOKUP(B3,'Erection Completed '!$B$2:$J$62,6,FALSE) -> #N/A | H3: =VLOOKUP(B3,'Erection Completed '!$B$2:$J$62,7,FALSE) -> #N/A | I3: =VLOOKUP(B3,'Erection Completed '!$B$2:$J$62,8,FALSE) -> #N/A | K3: =VLOOKUP(B3,'Erection Completed '!$B$2:$K$62,10,FALSE) -> #N/A
A4: 3 | B4: 118/0 | C4: DB2+0 | D4: =VLOOKUP(B4,'Erection Completed '!$B$2:$J$62,3,FALSE) -> #N/A | E4: 54.417844 | F4: =IF(G4>=1-1-2024,"Completed","Not Completed") -> #N/A | G4: =VLOOKUP(B4,'Erection Completed '!$B$2:$J$62,6,FALSE) -> #N/A | H4: =VLOOKUP(B4,'Erection Completed '!$B$2:$J$62,7,FALSE) -> #N/A | I4: =VLOOKUP(B4,'Erection Completed '!$B$2:$J$62,8,FALSE) -> #N/A | K4: =VLOOKUP(B4,'Erection Completed '!$B$2:$K$62,10,FALSE) -> #N/A
A5: 4 | B5: 119/0 | C5: DD60+0 | D5: =VLOOKUP(B5,'Erection Completed '!$B$2:$J$62,3,FALSE) -> #N/A | E5: 80.408017 | F5: =IF(G5>=1-1-2024,"Completed","Not Completed") -> #N/A | G5: =VLOOKUP(B5,'Erection Completed '!$B$2:$J$62,6,FALSE) -> #N/A | H5: =VLOOKUP(B5,'Erection Completed '!$B$2:$J$62,7,FALSE) -> #N/A | I5: =VLOOKUP(B5,'Erection Completed '!$B$2:$J$62,8,FALSE) -> #N/A | K5: =VLOOKUP(B5,'Erection Completed '!$B$2:$K$62,10,FALSE) -> #N/A
A6: 5 | B6: 119/1 | C6: DA-3 | D6: =VLOOKUP(B6,'Erection Completed '!$B$2:$J$62,3,FALSE) -> #N/A | E6: 36.044834 | F6: =IF(G6>=1-1-2024,"Completed","Not Completed") -> #N/A | G6: =VLOOKUP(B6,'Erection Completed '!$B$2:$J$62,6,FALSE) -> #N/A | H6: =VLOOKUP(B6,'Erection Completed '!$B$2:$J$62,7,FALSE) -> #N/A | I6: =VLOOKUP(B6,'Erection Completed '!$B$2:$J$62,8,FALSE) -> #N/A | K6: =VLOOKUP(B6,'Erection Completed '!$B$2:$K$62,10,FALSE) -> #N/A
A7: 6 | B7: 119/2 | C7: DA-3 | D7: =VLOOKUP(B7,'Erection Completed '!$B$2:$J$62,3,FALSE) -> #N/A | E7: 36.044834 | F7: =IF(G7>=1-1-2024,"Completed","Not Completed") -> #N/A | G7: =VLOOKUP(B7,'Erection Completed '!$B$2:$J$62,6,FALSE) -> #N/A | H7: =VLOOKUP(B7,'Erection Completed '!$B$2:$J$62,7,FALSE) -> #N/A | I7: =VLOOKUP(B7,'Erection Completed '!$B$2:$J$62,8,FALSE) -> #N/A | K7: =VLOOKUP(B7,'Erection Completed '!$B$2:$K$62,10,FALSE) -> #N/A
A8: 7 | B8: 119/3 | C8: DA+9 | D8: =VLOOKUP(B8,'Erection Completed '!$B$2:$J$62,3,FALSE) -> #N/A | E8: 46.689358 | F8: =IF(G8>=1-1-2024,"Completed","Not Completed") -> #N/A | G8: =VLOOKUP(B8,'Erection Completed '!$B$2:$J$62,6,FALSE) -> #N/A | H8: =VLOOKUP(B8,'Erection Completed '!$B$2:$J$62,7,FALSE) -> #N/A | I8: =VLOOKUP(B8,'Erection Completed '!$B$2:$J$62,8,FALSE) -> #N/A | K8: =VLOOKUP(B8,'Erection Completed '!$B$2:$K$62,10,FALSE) -> #N/A
A9: 8 | B9: 120/0 | C9: DD60+3 | D9: =VLOOKUP(B9,'Erection Completed '!$B$2:$J$62,3,FALSE) -> #N/A | E9: 84.299299 | F9: =IF(G9>=1-1-2024,"Completed","Not Completed") -> #N/A | G9: =VLOOKUP(B9,'Erection Completed '!$B$2:$J$62,6,FALSE) -> #N/A | H9: =VLOOKUP(B9,'Erection Completed '!$B$2:$J$62,7,FALSE) -> #N/A | I9: =VLOOKUP(B9,'Erection Completed '!$B$2:$J$62,8,FALSE) -> #N/A | K9: =VLOOKUP(B9,'Erection Completed '!$B$2:$K$62,10,FALSE) -> #N/A
A10: 9 | B10: 120/1 | C10: DA-3 | D10: =VLOOKUP(B10,'Erection Completed '!$B$2:$J$62,3,FALSE) -> #N/A | E10: 36.044834 | F10: =IF(G10>=1-1-2024,"Completed","Not Completed") -> #N/A | G10: =VLOOKUP(B10,'Erection Completed '!$B$2:$J$62,6,FALSE) -> #N/A | H10: =VLOOKUP(B10,'Erection Completed '!$B$2:$J$62,7,FALSE) -> #N/A | I10: =VLOOKUP(B10,'Erection Completed '!$B$2:$J$62,8,FALSE) -> #N/A | K10: =VLOOKUP(B10,'Erection Completed '!$B$2:$K$62,10,FALSE) -> #N/A
A11: 10 | B11: 120/2 | C11: DA+0 | D11: =VLOOKUP(B11,'Erection Completed '!$B$2:$J$62,3,FALSE) -> #N/A | E11: 37.796346 | F11: =IF(G11>=1-1-2024,"Completed","Not Completed") -> #N/A | G11: =VLOOKUP(B11,'Erection Completed '!$B$2:$J$62,6,FALSE) -> #N/A | H11: =VLOOKUP(B11,'Erection Completed '!$B$2:$J$62,7,FALSE) -> #N/A | I11: =VLOOKUP(B11,'Erection Completed '!$B$2:$J$62,8,FALSE) -> #N/A | K11: =VLOOKUP(B11,'Erection Completed '!$B$2:$K$62,10,FALSE) -> #N/A
A12: 11 | B12: 120/3 | C12: DA+6 | D12: =VLOOKUP(B12,'Erection Completed '!$B$2:$J$62,3,FALSE) -> #N/A | E12: 44.794098 | F12: =IF(G12>=1-1-2024,"Completed","Not Completed") -> #N/A | G12: =VLOOKUP(B12,'Erection Completed '!$B$2:$J$62,6,FALSE) -> #N/A | H12: =VLOOKUP(B12,'Erection Completed '!$B$2:$J$62,7,FALSE) -> #N/A | I12: =VLOOKUP(B12,'Erection Completed '!$B$2:$J$62,8,FALSE) -> #N/A | K12: =VLOOKUP(B12,'Erection Completed '!$B$2:$K$62,10,FALSE) -> #N/A
A13: 12 | B13: 120/4 | C13: DA+0 | D13: =VLOOKUP(B13,'Erection Completed '!$B$2:$J$62,3,FALSE) -> #N/A | E13: 37.796346 | F13: =IF(G13>=1-1-2024,"Completed","Not Completed") -> #N/A | G13: =VLOOKUP(B13,'Erection Completed '!$B$2:$J$62,6,FALSE) -> #N/A | H13: =VLOOKUP(B13,'Erection Completed '!$B$2:$J$62,7,FALSE) -> #N/A | I13: =VLOOKUP(B13,'Erection Completed '!$B$2:$J$62,8,FALSE) -> #N/A | K13: =VLOOKUP(B13,'Erection Completed '!$B$2:$K$62,10,FALSE) -> #N/A
... A42: 41 | B42: 127/2 | C42: DB1+9 | D42: =VLOOKUP(B42,'Erection Completed '!$B$2:$J$62,3,FALSE) -> #N/A | E42: 65.756548 | F42: =IF(G42>=1-1-2024,"Completed","Not Completed") -> #N/A | G42: =VLOOKUP(B42,'Erection Completed '!$B$2:$J$62,6,FALSE) -> #N/A | H42: =VLOOKUP(B42,'Erection Completed '!$B$2:$J$62,7,FALSE) -> #N/A | I42: =VLOOKUP(B42,'Erection Completed '!$B$2:$J$62,8,FALSE) -> #N/A | K42: =VLOOKUP(B42,'Erection Completed '!$B$2:$K$62,10,FALSE) -> #N/A
A43: 42 | B43: 128/0 | C43: DD60+25 (4X2MRC) | D43: =VLOOKUP(B43,'Erection Completed '!$B$2:$J$62,3,FALSE) -> #N/A | E43: #N/A | F43: =IF(G43>=1-1-2024,"Completed","Not Completed") -> #N/A | G43: =VLOOKUP(B43,'Erection Completed '!$B$2:$J$62,6,FALSE) -> #N/A | H43: =VLOOKUP(B43,'Erection Completed '!$B$2:$J$62,7,FALSE) -> #N/A | I43: =VLOOKUP(B43,'Erection Completed '!$B$2:$J$62,8,FALSE) -> #N/A | K43: =VLOOKUP(B43,'Erection Completed '!$B$2:$K$62,10,FALSE) -> #N/A
A44: 43 | B44: 129/0 | C44: DD45+25 | D44: =VLOOKUP(B44,'Erection Completed '!$B$2:$J$62,3,FALSE) -> #N/A | E44: 122.80482 | F44: =IF(G44>=1-1-2024,"Completed","Not Completed") -> #N/A | G44: =VLOOKUP(B44,'Erection Completed '!$B$2:$J$62,6,FALSE) -> #N/A | H44: =VLOOKUP(B44,'Erection Completed '!$B$2:$J$62,7,FALSE) -> #N/A | I44: =VLOOKUP(B44,'Erection Completed '!$B$2:$J$62,8,FALSE) -> #N/A | K44: =VLOOKUP(B44,'Erection Completed '!$B$2:$K$62,10,FALSE) -> #N/A
A45: 44 | B45: 130/0 | C45: DD45+25 | D45: =VLOOKUP(B45,'Erection Completed '!$B$2:$J$62,3,FALSE) -> #N/A | E45: 122.80482 | F45: =IF(G45>=1-1-2024,"Completed","Not Completed") -> #N/A | G45: =VLOOKUP(B45,'Erection Completed '!$B$2:$J$62,6,FALSE) -> #N/A | H45: =VLOOKUP(B45,'Erection Completed '!$B$2:$J$62,7,FALSE) -> #N/A | I45: =VLOOKUP(B45,'Erection Completed '!$B$2:$J$62,8,FALSE) -> #N/A | K45: =VLOOKUP(B45,'Erection Completed '!$B$2:$K$62,10,FALSE) -> #N/A
A46: 45 | B46: 131/0 | C46: DD60+9 (4X7MRC) | D46: =VLOOKUP(B46,'Erection Completed '!$B$2:$J$62,3,FALSE) -> #N/A | E46: #N/A | F46: =IF(G46>=1-1-2024,"Completed","Not Completed") -> #N/A | G46: =VLOOKUP(B46,'Erection Completed '!$B$2:$J$62,6,FALSE) -> #N/A | H46: =VLOOKUP(B46,'Erection Completed '!$B$2:$J$62,7,FALSE) -> #N/A | I46: =VLOOKUP(B46,'Erection Completed '!$B$2:$J$62,8,FALSE) -> #N/A | K46: =VLOOKUP(B46,'Erection Completed '!$B$2:$K$62,10,FALSE) -> #N/A
A47: 46 | B47: 131/1 | C47: DA+3 | D47: =VLOOKUP(B47,'Erection Completed '!$B$2:$J$62,3,FALSE) -> #N/A | E47: 39.458914 | F47: =IF(G47>=1-1-2024,"Completed","Not Completed") -> #N/A | G47: =VLOOKUP(B47,'Erection Completed '!$B$2:$J$62,6,FALSE) -> #N/A | H47: =VLOOKUP(B47,'Erection Completed '!$B$2:$J$62,7,FALSE) -> #N/A | I47: =VLOOKUP(B47,'Erection Completed '!$B$2:$J$62,8,FALSE) -> #N/A | K47: =VLOOKUP(B47,'Erection Completed '!$B$2:$K$62,10,FALSE) -> #N/A
A48: 47 | B48: 131/2 | C48: DA+0 | D48: =VLOOKUP(B48,'Erection Completed '!$B$2:$J$62,3,FALSE) -> #N/A | E48: 37.796346 | F48: =IF(G48>=1-1-2024,"Completed","Not Completed") -> #N/A | G48: =VLOOKUP(B48,'Erection Completed '!$B$2:$J$62,6,FALSE) -> #N/A | H48: =VLOOKUP(B48,'Erection Completed '!$B$2:$J$62,7,FALSE) -> #N/A | I48: =VLOOKUP(B48,'Erection Completed '!$B$2:$J$62,8,FALSE) -> #N/A | K48: =VLOOKUP(B48,'Erection Completed '!$B$2:$K$62,10,FALSE) -> #N/A
A49: 48 | B49: 131/3 | C49: DA+3 | D49: =VLOOKUP(B49,'Erection Completed '!$B$2:$J$62,3,FALSE) -> #N/A | E49: 39.458914 | F49: =IF(G49>=1-1-2024,"Completed","Not Completed") -> #N/A | G49: =VLOOKUP(B49,'Erection Completed '!$B$2:$J$62,6,FALSE) -> #N/A | H49: =VLOOKUP(B49,'Erection Completed '!$B$2:$J$62,7,FALSE) -> #N/A | I49: =VLOOKUP(B49,'Erection Completed '!$B$2:$J$62,8,FALSE) -> #N/A | K49: =VLOOKUP(B49,'Erection Completed '!$B$2:$K$62,10,FALSE) -> #N/A
A50: 49 | B50: 131/4 | C50: DA-3 | D50: =VLOOKUP(B50,'Erection Completed '!$B$2:$J$62,3,FALSE) -> #N/A | E50: 36.044834 | F50: =IF(G50>=1-1-2024,"Completed","Not Completed") -> #N/A | G50: =VLOOKUP(B50,'Erection Completed '!$B$2:$J$62,6,FALSE) -> #N/A | H50: =VLOOKUP(B50,'Erection Completed '!$B$2:$J$62,7,FALSE) -> #N/A | I50: =VLOOKUP(B50,'Erection Completed '!$B$2:$J$62,8,FALSE) -> #N/A | K50: =VLOOKUP(B50,'Erection Completed '!$B$2:$K$62,10,FALSE) -> #N/A
A51: 50 | B51: 131/5 | C51: DA-3 | D51: =VLOOKUP(B51,'Erection Completed '!$B$2:$J$62,3,FALSE) -> #N/A | E51: 36.044834 | F51: =IF(G51>=1-1-2024,"Completed","Not Completed") -> #N/A | G51: =VLOOKUP(B51,'Erection Completed '!$B$2:$J$62,6,FALSE) -> #N/A | H51: =VLOOKUP(B51,'Erection Completed '!$B$2:$J$62,7,FALSE) -> #N/A | I51: =VLOOKUP(B51,'Erection Completed '!$B$2:$J$62,8,FALSE) -> #N/A | K51: =VLOOKUP(B51,'Erection Completed '!$B$2:$K$62,10,FALSE) -> #N/A
A52: 51 | B52: 132/0 | C52: DB2+0 | D52: =VLOOKUP(B52,'Erection Completed '!$B$2:$J$62,3,FALSE) -> #N/A | E52: 54.417844 | F52: =IF(G52>=1-1-2024,"Completed","Not Completed") -> #N/A | G52: =VLOOKUP(B52,'Erection Completed '!$B$2:$J$62,6,FALSE) -> #N/A | H52: =VLOOKUP(B52,'Erection Completed '!$B$2:$J$62,7,FALSE) -> #N/A | I52: =VLOOKUP(B52,'Erection Completed '!$B$2:$J$62,8,FALSE) -> #N/A | K52: =VLOOKUP(B52,'Erection Completed '!$B$2:$K$62,10,FALSE) -> #N/A
A53: 52 | B53: 132/1 | C53: DA-3 | D53: =VLOOKUP(B53,'Erection Completed '!$B$2:$J$62,3,FALSE) -> #N/A | E53: 36.044834 | F53: =IF(G53>=1-1-2024,"Completed","Not Completed") -> #N/A | G53: =VLOOKUP(B53,'Erection Completed '!$B$2:$J$62,6,FALSE) -> #N/A | H53: =VLOOKUP(B53,'Erection Completed '!$B$2:$J$62,7,FALSE) -> #N/A | I53: =VLOOKUP(B53,'Erection Completed '!$B$2:$J$62,8,FALSE) -> #N/A | K53: =VLOOKUP(B53,'Erection Completed '!$B$2:$K$62,10,FALSE) -> #N/A
A54: 53 | B54: 132/2 | C54: DA-3 | D54: =VLOOKUP(B54,'Erection Completed '!$B$2:$J$62,3,FALSE) -> #N/A | E54: 36.044834 | F54: =IF(G54>=1-1-2024,"Completed","Not Completed") -> #N/A | G54: =VLOOKUP(B54,'Erection Completed '!$B$2:$J$62,6,FALSE) -> #N/A | H54: =VLOOKUP(B54,'Erection Completed '!$B$2:$J$62,7,FALSE) -> #N/A | I54: =VLOOKUP(B54,'Erection Completed '!$B$2:$J$62,8,FALSE) -> #N/A | K54: =VLOOKUP(B54,'Erection Completed '!$B$2:$K$62,10,FALSE) -> #N/A
A55: 54 | B55: 132/3 | C55: DA-3 | D55: =VLOOKUP(B55,'Erection Completed '!$B$2:$J$62,3,FALSE) -> #N/A | E55: 36.044834 | F55: =IF(G55>=1-1-2024,"Completed","Not Completed") -> #N/A | G55: =VLOOKUP(B55,'Erection Completed '!$B$2:$J$62,6,FALSE) -> #N/A | H55: =VLOOKUP(B55,'Erection Completed '!$B$2:$J$62,7,FALSE) -> #N/A | I55: =VLOOKUP(B55,'Erection Completed '!$B$2:$J$62,8,FALSE) -> #N/A | K55: =VLOOKUP(B55,'Erection Completed '!$B$2:$K$62,10,FALSE) -> #N/A
A56: 55 | B56: 133/0 | C56: DC1+0 | D56: =VLOOKUP(B56,'Erection Completed '!$B$2:$J$62,3,FALSE) -> #N/A | E56: 64.253809 | F56: =IF(G56>=1-1-2024,"Completed","Not Completed") -> #N/A | G56: =VLOOKUP(B56,'Erection Completed '!$B$2:$J$62,6,FALSE) -> #N/A | H56: =VLOOKUP(B56,'Erection Completed '!$B$2:$J$62,7,FALSE) -> #N/A | I56: =VLOOKUP(B56,'Erection Completed '!$B$2:$J$62,8,FALSE) -> #N/A | K56: =VLOOKUP(B56,'Erection Completed '!$B$2:$K$62,10,FALSE) -> #N/A
A57: 56 | B57: 133/1 | C57: DA+0 | D57: =VLOOKUP(B57,'Erection Completed '!$B$2:$J$62,3,FALSE) -> #N/A | E57: 37.796346 | F57: =IF(G57>=1-1-2024,"Completed","Not Completed") -> #N/A | G57: =VLOOKUP(B57,'Erection Completed '!$B$2:$J$62,6,FALSE) -> #N/A | H57: =VLOOKUP(B57,'Erection Completed '!$B$2:$J$62,7,FALSE) -> #N/A | I57: =VLOOKUP(B57,'Erection Completed '!$B$2:$J$62,8,FALSE) -> #N/A | K57: =VLOOKUP(B57,'Erection Completed '!$B$2:$K$62,10,FALSE) -> #N/A
A58: 57 | B58: 133/2 | C58: DB1+0 | D58: =VLOOKUP(B58,'Erection Completed '!$B$2:$J$62,3,FALSE) -> #N/A | E58: 54.417844 | F58: =IF(G58>=1-1-2024,"Completed","Not Completed") -> #N/A | G58: =VLOOKUP(B58,'Erection Completed '!$B$2:$J$62,6,FALSE) -> #N/A | H58: =VLOOKUP(B58,'Erection Completed '!$B$2:$J$62,7,FALSE) -> #N/A | I58: =VLOOKUP(B58,'Erection Completed '!$B$2:$J$62,8,FALSE) -> #N/A | K58: =VLOOKUP(B58,'Erection Completed '!$B$2:$K$62,10,FALSE) -> #N/A
... A112: 111 | B112: 156/1 | C112: DB2+9 | D112: =VLOOKUP(B112,'Erection Completed '!$B$2:$J$62,3,FALSE) -> #N/A | E112: 65.756548 | F112: =IF(G112>=1-1-2024,"Completed","Not Completed") -> #N/A | G112: =VLOOKUP(B112,'Erection Completed '!$B$2:$J$62,6,FALSE) -> #N/A | H112: =VLOOKUP(B112,'Erection Completed '!$B$2:$J$62,7,FALSE) -> #N/A | I112: =VLOOKUP(B112,'Erection Completed '!$B$2:$J$62,8,FALSE) -> #N/A | K112: =VLOOKUP(B112,'Erection Completed '!$B$2:$K$62,10,FALSE) -> #N/A
A113: 112 | B113: 157/0 | C113: CDDN+41 | D113: =VLOOKUP(B113,'Erection Completed '!$B$2:$J$62,3,FALSE) -> #N/A | E113: #N/A | F113: =IF(G113>=1-1-2024,"Completed","Not Completed") -> #N/A | G113: =VLOOKUP(B113,'Erection Completed '!$B$2:$J$62,6,FALSE) -> #N/A | H113: =VLOOKUP(B113,'Erection Completed '!$B$2:$J$62,7,FALSE) -> #N/A | I113: =VLOOKUP(B113,'Erection Completed '!$B$2:$J$62,8,FALSE) -> #N/A | K113: =VLOOKUP(B113,'Erection Completed '!$B$2:$K$62,10,FALSE) -> #N/A
A114: 113 | B114: 158/0 | C114: CDDN+41 | D114: =VLOOKUP(B114,'Erection Completed '!$B$2:$J$62,3,FALSE) -> #N/A | E114: #N/A | F114: =IF(G114>=1-1-2024,"Completed","Not Completed") -> #N/A | G114: =VLOOKUP(B114,'Erection Completed '!$B$2:$J$62,6,FALSE) -> #N/A | H114: =VLOOKUP(B114,'Erection Completed '!$B$2:$J$62,7,FALSE) -> #N/A | I114: =VLOOKUP(B114,'Erection Completed '!$B$2:$J$62,8,FALSE) -> #N/A | K114: =VLOOKUP(B114,'Erection Completed '!$B$2:$K$62,10,FALSE) -> #N/A
A115: 114 | B115: 159/0 | C115: DD60+9 | D115: =VLOOKUP(B115,'Erection Completed '!$B$2:$J$62,3,FALSE) -> #N/A | E115: 98.835633 | F115: =IF(G115>=1-1-2024,"Completed","Not Completed") -> #N/A | G115: =VLOOKUP(B115,'Erection Completed '!$B$2:$J$62,6,FALSE) -> #N/A | H115: =VLOOKUP(B115,'Erection Completed '!$B$2:$J$62,7,FALSE) -> #N/A | I115: =VLOOKUP(B115,'Erection Completed '!$B$2:$J$62,8,FALSE) -> #N/A | K115: =VLOOKUP(B115,'Erection Completed '!$B$2:$K$62,10,FALSE) -> #N/A
A116: 115 | B116: 160/0 | C116: DC2+0 | D116: =VLOOKUP(B116,'Erection Completed '!$B$2:$J$62,3,FALSE) -> #N/A | E116: 64.253809 | F116: =IF(G116>=1-1-2024,"Completed","Not Completed") -> #N/A | G116: =VLOOKUP(B116,'Erection Completed '!$B$2:$J$62,6,FALSE) -> #N/A | H116: =VLOOKUP(B116,'Erection Completed '!$B$2:$J$62,7,FALSE) -> #N/A | I116: =VLOOKUP(B116,'Erection Completed '!$B$2:$J$62,8,FALSE) -> #N/A | K116: =VLOOKUP(B116,'Erection Completed '!$B$2:$K$62,10,FALSE) -> #N/A
A117: 116 | B117: 161/0 | C117: DB1+3 | D117: =VLOOKUP(B117,'Erection Completed '!$B$2:$J$62,3,FALSE) -> #N/A | E117: 56.863204 | F117: =IF(G117>=1-1-2024,"Completed","Not Completed") -> #N/A | G117: =VLOOKUP(B117,'Erection Completed '!$B$2:$J$62,6,FALSE) -> #N/A | H117: =VLOOKUP(B117,'Erection Completed '!$B$2:$J$62,7,FALSE) -> #N/A | I117: =VLOOKUP(B117,'Erection Completed '!$B$2:$J$62,8,FALSE) -> #N/A | K117: =VLOOKUP(B117,'Erection Completed '!$B$2:$K$62,10,FALSE) -> #N/A
A118: 117 | B118: 162/0 | C118: DD60+25 | D118: =VLOOKUP(B118,'Erection Completed '!$B$2:$J$62,3,FALSE) -> #N/A | E118: 141.87402 | F118: =IF(G118>=1-1-2024,"Completed","Not Completed") -> #N/A | G118: =VLOOKUP(B118,'Erection Completed '!$B$2:$J$62,6,FALSE) -> #N/A | H118: =VLOOKUP(B118,'Erection Completed '!$B$2:$J$62,7,FALSE) -> #N/A | I118: =VLOOKUP(B118,'Erection Completed '!$B$2:$J$62,8,FALSE) -> #N/A | K118: =VLOOKUP(B118,'Erection Completed '!$B$2:$K$62,10,FALSE) -> #N/A
A119: 118 | B119: 163/0 | C119: DD60+30 | D119: =VLOOKUP(B119,'Erection Completed '!$B$2:$J$62,3,FALSE) -> #N/A | E119: 0 | F119: =IF(G119>=1-1-2024,"Completed","Not Completed") -> #N/A | G119: =VLOOKUP(B119,'Erection Completed '!$B$2:$J$62,6,FALSE) -> #N/A | H119: =VLOOKUP(B119,'Erection Completed '!$B$2:$J$62,7,FALSE) -> #N/A | I119: =VLOOKUP(B119,'Erection Completed '!$B$2:$J$62,8,FALSE) -> #N/A | K119: =VLOOKUP(B119,'Erection Completed '!$B$2:$K$62,10,FALSE) -> #N/A
A120: 119 | B120: 163/1 | C120: DB1+6 | D120: =VLOOKUP(B120,'Erection Completed '!$B$2:$J$62,3,FALSE) -> #N/A | E120: 63.508956 | F120: =IF(G120>=1-1-2024,"Completed","Not Completed") -> #N/A | G120: =VLOOKUP(B120,'Erection Completed '!$B$2:$J$62,6,FALSE) -> #N/A | H120: =VLOOKUP(B120,'Erection Completed '!$B$2:$J$62,7,FALSE) -> #N/A | I120: =VLOOKUP(B120,'Erection Completed '!$B$2:$J$62,8,FALSE) -> #N/A | K120: =VLOOKUP(B120,'Erection Completed '!$B$2:$K$62,10,FALSE) -> #N/A
A121: 120 | B121: 164/0 | C121: DC2+6 | D121: =VLOOKUP(B121,'Erection Completed '!$B$2:$J$62,3,FALSE) -> #N/A | E121: 74.632071 | F121: =IF(G121>=1-1-2024,"Completed","Not Completed") -> #N/A | G121: =VLOOKUP(B121,'Erection Completed '!$B$2:$J$62,6,FALSE) -> #N/A | H121: =VLOOKUP(B121,'Erection Completed '!$B$2:$J$62,7,FALSE) -> #N/A | I121: =VLOOKUP(B121,'Erection Completed '!$B$2:$J$62,8,FALSE) -> #N/A | K121: =VLOOKUP(B121,'Erection Completed '!$B$2:$K$62,10,FALSE) -> #N/A
A122: 121 | B122: 165/0 | C122: DB1+25 | D122: =VLOOKUP(B122,'Erection Completed '!$B$2:$J$62,3,FALSE) -> #N/A | E122: 91.055462 | F122: =IF(G122>=1-1-2024,"Completed","Not Completed") -> #N/A | G122: =VLOOKUP(B122,'Erection Completed '!$B$2:$J$62,6,FALSE) -> #N/A | H122: =VLOOKUP(B122,'Erection Completed '!$B$2:$J$62,7,FALSE) -> #N/A | I122: =VLOOKUP(B122,'Erection Completed '!$B$2:$J$62,8,FALSE) -> #N/A | K122: =VLOOKUP(B122,'Erection Completed '!$B$2:$K$62,10,FALSE) -> #N/A
A123: 122 | B123: 165/1 | C123: DA+9 | D123: =VLOOKUP(B123,'Erection Completed '!$B$2:$J$62,3,FALSE) -> #N/A | E123: 46.689358 | F123: =IF(G123>=1-1-2024,"Completed","Not Completed") -> #N/A | G123: =VLOOKUP(B123,'Erection Completed '!$B$2:$J$62,6,FALSE) -> #N/A | H123: =VLOOKUP(B123,'Erection Completed '!$B$2:$J$62,7,FALSE) -> #N/A | I123: =VLOOKUP(B123,'Erection Completed '!$B$2:$J$62,8,FALSE) -> #N/A | K123: =VLOOKUP(B123,'Erection Completed '!$B$2:$K$62,10,FALSE) -> #N/A
A124: 123 | B124: 165/2 | C124: DA+6 | D124: =VLOOKUP(B124,'Erection Completed '!$B$2:$J$62,3,FALSE) -> #N/A | E124: 44.794098 | F124: =IF(G124>=1-1-2024,"Completed","Not Completed") -> #N/A | G124: =VLOOKUP(B124,'Erection Completed '!$B$2:$J$62,6,FALSE) -> #N/A | H124: =VLOOKUP(B124,'Erection Completed '!$B$2:$J$62,7,FALSE) -> #N/A | I124: =VLOOKUP(B124,'Erection Completed '!$B$2:$J$62,8,FALSE) -> #N/A | K124: =VLOOKUP(B124,'Erection Completed '!$B$2:$K$62,10,FALSE) -> #N/A
A125: 124 | B125: 165/3 | C125: DA+6 | D125: =VLOOKUP(B125,'Erection Completed '!$B$2:$J$62,3,FALSE) -> #N/A | E125: 44.794098 | F125: =IF(G125>=1-1-2024,"Completed","Not Completed") -> #N/A | G125: =VLOOKUP(B125,'Erection Completed '!$B$2:$J$62,6,FALSE) -> #N/A | H125: =VLOOKUP(B125,'Erection Completed '!$B$2:$J$62,7,FALSE) -> #N/A | I125: =VLOOKUP(B125,'Erection Completed '!$B$2:$J$62,8,FALSE) -> #N/A | K125: =VLOOKUP(B125,'Erection Completed '!$B$2:$K$62,10,FALSE) -> #N/A
A126: 125 | B126: 165/4 | C126: DA-3 | D126: =VLOOKUP(B126,'Erection Completed '!$B$2:$J$62,3,FALSE) -> #N/A | E126: 36.044834 | F126: =IF(G126>=1-1-2024,"Completed","Not Completed") -> #N/A | G126: =VLOOKUP(B126,'Erection Completed '!$B$2:$J$62,6,FALSE) -> #N/A | H126: =VLOOKUP(B126,'Erection Completed '!$B$2:$J$62,7,FALSE) -> #N/A | I126: =VLOOKUP(B126,'Erection Completed '!$B$2:$J$62,8,FALSE) -> #N/A | K126: =VLOOKUP(B126,'Erection Completed '!$B$2:$K$62,10,FALSE) -> #N/A
A127: 126 | B127: 165/5 | C127: DA-3 | D127: =VLOOKUP(B127,'Erection Completed '!$B$2:$J$62,3,FALSE) -> #N/A | E127: 36.044834 | F127: =IF(G127>=1-1-2024,"Completed","Not Completed") -> #N/A | G127: =VLOOKUP(B127,'Erection Completed '!$B$2:$J$62,6,FALSE) -> #N/A | H127: =VLOOKUP(B127,'Erection Completed '!$B$2:$J$62,7,FALSE) -> #N/A | I127: =VLOOKUP(B127,'Erection Completed '!$B$2:$J$62,8,FALSE) -> #N/A | K127: =VLOOKUP(B127,'Erection Completed '!$B$2:$K$62,10,FALSE) -> #N/A
A128: 127 | B128: 165/6 | C128: DCT+0 | D128: =VLOOKUP(B128,'Erection Completed '!$B$2:$J$62,3,FALSE) -> #N/A | E128: #N/A | F128: =IF(G128>=1-1-2024,"Completed","Not Completed") -> #N/A | G128: =VLOOKUP(B128,'Erection Completed '!$B$2:$J$62,6,FALSE) -> #N/A | H128: =VLOOKUP(B128,'Erection Completed '!$B$2:$J$62,7,FALSE) -> #N/A | I128: =VLOOKUP(B128,'Erection Completed '!$B$2:$J$62,8,FALSE) -> #N/A | K128: =VLOOKUP(B128,'Erection Completed '!$B$2:$K$62,10,FALSE) -> #N/A
A129: 128 | B129: 165/7 | C129: DA+0 | D129: =VLOOKUP(B129,'Erection Completed '!$B$2:$J$62,3,FALSE) -> #N/A | E129: 37.796346 | F129: =IF(G129>=1-1-2024,"Completed","Not Completed") -> #N/A | G129: =VLOOKUP(B129,'Erection Completed '!$B$2:$J$62,6,FALSE) -> #N/A | H129: =VLOOKUP(B129,'Erection Completed '!$B$2:$J$62,7,FALSE) -> #N/A | I129: =VLOOKUP(B129,'Erection Completed '!$B$2:$J$62,8,FALSE) -> #N/A | K129: =VLOOKUP(B129,'Erection Completed '!$B$2:$K$62,10,FALSE) -> #N/A
A130: 129 | B130: 166/0 | C130: DD60+0 | D130: =VLOOKUP(B130,'Erection Completed '!$B$2:$J$62,3,FALSE) -> #N/A | E130: 80.408017 | F130: =IF(G130>=1-1-2024,"Completed","Not Completed") -> #N/A | G130: =VLOOKUP(B130,'Erection Completed '!$B$2:$J$62,6,FALSE) -> #N/A | H130: =VLOOKUP(B130,'Erection Completed '!$B$2:$J$62,7,FALSE) -> #N/A | I130: =VLOOKUP(B130,'Erection Completed '!$B$2:$J$62,8,FALSE) -> #N/A | K130: =VLOOKUP(B130,'Erection Completed '!$B$2:$K$62,10,FALSE) -> #N/A
A131: 130 | B131: 167/0 | C131: DD60+9 | D131: =VLOOKUP(B131,'Erection Completed '!$B$2:$J$62,3,FALSE) -> #N/A | E131: 98.835633 | F131: =IF(G131>=1-1-2024,"Completed","Not Completed") -> #N/A | G131: =VLOOKUP(B131,'Erection Completed '!$B$2:$J$62,6,FALSE) -> #N/A | H131: =VLOOKUP(B131,'Erection Completed '!$B$2:$J$62,7,FALSE) -> #N/A | I131: =VLOOKUP(B131,'Erection Completed '!$B$2:$J$62,8,FALSE) -> #N/A | K131: =VLOOKUP(B131,'Erection Completed '!$B$2:$K$62,10,FALSE) -> #N/A
A132: 131 | B132: 168/0 | C132: DD60+30 | D132: =VLOOKUP(B132,'Erection Completed '!$B$2:$J$62,3,FALSE) -> #N/A | E132: 0 | F132: =IF(G132>=1-1-2024,"Completed","Not Completed") -> #N/A | G132: =VLOOKUP(B132,'Erection Completed '!$B$2:$J$62,6,FALSE) -> #N/A | H132: =VLOOKUP(B132,'Erection Completed '!$B$2:$J$62,7,FALSE) -> #N/A | I132: =VLOOKUP(B132,'Erection Completed '!$B$2:$J$62,8,FALSE) -> #N/A | K132: =VLOOKUP(B132,'Erection Completed '!$B$2:$K$62,10,FALSE) -> #N/A
A133: 132 | B133: 169/0 | C133: DD60+25 | D133: =VLOOKUP(B133,'Erection Completed '!$B$2:$J$62,3,FALSE) -> #N/A | E133: 141.87402 | F133: =IF(G133>=1-1-2024,"Completed","Not Completed") -> #N/A | G133: =VLOOKUP(B133,'Erection Completed '!$B$2:$J$62,6,FALSE) -> #N/A | H133: =VLOOKUP(B133,'Erection Completed '!$B$2:$J$62,7,FALSE) -> #N/A | I133: =VLOOKUP(B133,'Erection Completed '!$B$2:$J$62,8,FALSE) -> #N/A | K133: =VLOOKUP(B133,'Erection Completed '!$B$2:$K$62,10,FALSE) -> #N/A
A134: 133 | B134: 170/0 | C134: DD60+6 | D134: =VLOOKUP(B134,'Erection Completed '!$B$2:$J$62,3,FALSE) -> #N/A | E134: 94.407669 | F134: =IF(G134>=1-1-2024,"Completed","Not Completed") -> #N/A | G134: =VLOOKUP(B134,'Erection Completed '!$B$2:$J$62,6,FALSE) -> #N/A | H134: =VLOOKUP(B134,'Erection Completed '!$B$2:$J$62,7,FALSE) -> #N/A | I134: =VLOOKUP(B134,'Erection Completed '!$B$2:$J$62,8,FALSE) -> #N/A | K134: =VLOOKUP(B134,'Erection Completed '!$B$2:$K$62,10,FALSE) -> #N/A
A135: 134 | B135: 171/0 | C135: DB1+18 | D135: =VLOOKUP(B135,'Erection Completed '!$B$2:$J$62,3,FALSE) -> #N/A | E135: 82.238802 | F135: =IF(G135>=1-1-2024,"Completed","Not Completed") -> #N/A | G135: =VLOOKUP(B135,'Erection Completed '!$B$2:$J$62,6,FALSE) -> #N/A | H135: =VLOOKUP(B135,'Erection Completed '!$B$2:$J$62,7,FALSE) -> #N/A | I135: =VLOOKUP(B135,'Erection Completed '!$B$2:$J$62,8,FALSE) -> #N/A | K135: =VLOOKUP(B135,'Erection Completed '!$B$2:$K$62,10,FALSE) -> #N/A
A136: 135 | B136: 172/0 | C136: DD45+9 | D136: =VLOOKUP(B136,'Erection Completed '!$B$2:$J$62,3,FALSE) -> #N/A | E136: 89.142759 | F136: =IF(G136>=1-1-2024,"Completed","Not Completed") -> #N/A | G136: =VLOOKUP(B136,'Erection Completed '!$B$2:$J$62,6,FALSE) -> #N/A | H136: =VLOOKUP(B136,'Erection Completed '!$B$2:$J$62,7,FALSE) -> #N/A | I136: =VLOOKUP(B136,'Erection Completed '!$B$2:$J$62,8,FALSE) -> #N/A | K136: =VLOOKUP(B136,'Erection Completed '!$B$2:$K$62,10,FALSE) -> #N/A
A137: 136 | B137: 172/1 | C137: DA+9 | D137: =VLOOKUP(B137,'Erection Completed '!$B$2:$J$62,3,FALSE) -> #N/A | E137: 46.689358 | F137: =IF(G137>=1-1-2024,"Completed","Not Completed") -> #N/A | G137: =VLOOKUP(B137,'Erection Completed '!$B$2:$J$62,6,FALSE) -> #N/A | H137: =VLOOKUP(B137,'Erection Completed '!$B$2:$J$62,7,FALSE) -> #N/A | I137: =VLOOKUP(B137,'Erection Completed '!$B$2:$J$62,8,FALSE) -> #N/A | K137: =VLOOKUP(B137,'Erection Completed '!$B$2:$K$62,10,FALSE) -> #N/A
A138: 137 | B138: 173/0 | C138: DC2+18 | D138: =VLOOKUP(B138,'Erection Completed '!$B$2:$J$62,3,FALSE) -> #N/A | E138: 97.933587 | F138: =IF(G138>=1-1-2024,"Completed","Not Completed") -> #N/A | G138: =VLOOKUP(B138,'Erection Completed '!$B$2:$J$62,6,FALSE) -> #N/A | H138: =VLOOKUP(B138,'Erection Completed '!$B$2:$J$62,7,FALSE) -> #N/A | I138: =VLOOKUP(B138,'Erection Completed '!$B$2:$J$62,8,FALSE) -> #N/A | K138: =VLOOKUP(B138,'Erection Completed '!$B$2:$K$62,10,FALSE) -> #N/A
A139: 138 | B139: 174/0 | C139: DD60+9 | D139: =VLOOKUP(B139,'Erection Completed '!$B$2:$J$62,3,FALSE) -> #N/A | E139: 98.835633 | F139: =IF(G139>=1-1-2024,"Completed","Not Completed") -> #N/A | G139: =VLOOKUP(B139,'Erection Completed '!$B$2:$J$62,6,FALSE) -> #N/A | H139: =VLOOKUP(B139,'Erection Completed '!$B$2:$J$62,7,FALSE) -> #N/A | I139: =VLOOKUP(B139,'Erection Completed '!$B$2:$J$62,8,FALSE) -> #N/A | K139: =VLOOKUP(B139,'Erection Completed '!$B$2:$K$62,10,FALSE) -> #N/A
A140: 139 | B140: 174/1 | C140: DA+3 | D140: =VLOOKUP(B140,'Erection Completed '!$B$2:$J$62,3,FALSE) -> #N/A | E140: 39.458914 | F140: =IF(G140>=1-1-2024,"Completed","Not Completed") -> #N/A | G140: =VLOOKUP(B140,'Erection Completed '!$B$2:$J$62,6,FALSE) -> #N/A | H140: =VLOOKUP(B140,'Erection Completed '!$B$2:$J$62,7,FALSE) -> #N/A | I140: =VLOOKUP(B140,'Erection Completed '!$B$2:$J$62,8,FALSE) -> #N/A | K140: =VLOOKUP(B140,'Erection Completed '!$B$2:$K$62,10,FALSE) -> #N/A
... A205: 204 | B205: 204/0 | C205: DD60+25 | D205: =VLOOKUP(B205,'Erection Completed '!$B$2:$J$62,3,FALSE) -> #N/A | E205: 141.87402 | F205: =IF(G205>=1-1-2024,"Completed","Not Completed") -> #N/A | G205: =VLOOKUP(B205,'Erection Completed '!$B$2:$J$62,6,FALSE) -> #N/A | H205: =VLOOKUP(B205,'Erection Completed '!$B$2:$J$62,7,FALSE) -> #N/A | I205: =VLOOKUP(B205,'Erection Completed '!$B$2:$J$62,8,FALSE) -> #N/A | K205: =VLOOKUP(B205,'Erection Completed '!$B$2:$K$62,10,FALSE) -> #N/A
A206: 205 | B206: 205/0 | C206: DD60+25 (4X3MRC) | D206: =VLOOKUP(B206,'Erection Completed '!$B$2:$J$62,3,FALSE) -> #N/A | E206: #N/A | F206: =IF(G206>=1-1-2024,"Completed","Not Completed") -> #N/A | G206: =VLOOKUP(B206,'Erection Completed '!$B$2:$J$62,6,FALSE) -> #N/A | H206: =VLOOKUP(B206,'Erection Completed '!$B$2:$J$62,7,FALSE) -> #N/A | I206: =VLOOKUP(B206,'Erection Completed '!$B$2:$J$62,8,FALSE) -> #N/A | K206: =VLOOKUP(B206,'Erection Completed '!$B$2:$K$62,10,FALSE) -> #N/A
A207: 206 | B207: 205/1 | C207: DC1+9 | D207: =VLOOKUP(B207,'Erection Completed '!$B$2:$J$62,3,FALSE) -> #N/A | E207: 77.718057 | F207: =IF(G207>=1-1-2024,"Completed","Not Completed") -> #N/A | G207: =VLOOKUP(B207,'Erection Completed '!$B$2:$J$62,6,FALSE) -> #N/A | H207: =VLOOKUP(B207,'Erection Completed '!$B$2:$J$62,7,FALSE) -> #N/A | I207: =VLOOKUP(B207,'Erection Completed '!$B$2:$J$62,8,FALSE) -> #N/A | K207: =VLOOKUP(B207,'Erection Completed '!$B$2:$K$62,10,FALSE) -> #N/A
A208: 207 | B208: 205/2 | C208: DA+9 | D208: =VLOOKUP(B208,'Erection Completed '!$B$2:$J$62,3,FALSE) -> #N/A | E208: 46.689358 | F208: =IF(G208>=1-1-2024,"Completed","Not Completed") -> #N/A | G208: =VLOOKUP(B208,'Erection Completed '!$B$2:$J$62,6,FALSE) -> #N/A | H208: =VLOOKUP(B208,'Erection Completed '!$B$2:$J$62,7,FALSE) -> #N/A | I208: =VLOOKUP(B208,'Erection Completed '!$B$2:$J$62,8,FALSE) -> #N/A | K208: =VLOOKUP(B208,'Erection Completed '!$B$2:$K$62,10,FALSE) -> #N/A
A209: 208 | B209: 206/0 | C209: DC2+0 | D209: =VLOOKUP(B209,'Erection Completed '!$B$2:$J$62,3,FALSE) -> #N/A | E209: 64.253809 | F209: =IF(G209>=1-1-2024,"Completed","Not Completed") -> #N/A | G209: =VLOOKUP(B209,'Erection Completed '!$B$2:$J$62,6,FALSE) -> #N/A | H209: =VLOOKUP(B209,'Erection Completed '!$B$2:$J$62,7,FALSE) -> #N/A | I209: =VLOOKUP(B209,'Erection Completed '!$B$2:$J$62,8,FALSE) -> #N/A | K209: =VLOOKUP(B209,'Erection Completed '!$B$2:$K$62,10,FALSE) -> #N/A
A210: 209 | B210: 206/1 | C210: DB1+6 | D210: =VLOOKUP(B210,'Erection Completed '!$B$2:$J$62,3,FALSE) -> #N/A | E210: 63.508956 | F210: =IF(G210>=1-1-2024,"Completed","Not Completed") -> #N/A | G210: =VLOOKUP(B210,'Erection Completed '!$B$2:$J$62,6,FALSE) -> #N/A | H210: =VLOOKUP(B210,'Erection Completed '!$B$2:$J$62,7,FALSE) -> #N/A | I210: =VLOOKUP(B210,'Erection Completed '!$B$2:$J$62,8,FALSE) -> #N/A | K210: =VLOOKUP(B210,'Erection Completed '!$B$2:$K$62,10,FALSE) -> #N/A
A211: 210 | B211: 207/0 | C211: DD60+25 | D211: =VLOOKUP(B211,'Erection Completed '!$B$2:$J$62,3,FALSE) -> #N/A | E211: 141.87402 | F211: =IF(G211>=1-1-2024,"Completed","Not Completed") -> #N/A | G211: =VLOOKUP(B211,'Erection Completed '!$B$2:$J$62,6,FALSE) -> #N/A | H211: =VLOOKUP(B211,'Erection Completed '!$B$2:$J$62,7,FALSE) -> #N/A | I211: =VLOOKUP(B211,'Erection Completed '!$B$2:$J$62,8,FALSE) -> #N/A | K211: =VLOOKUP(B211,'Erection Completed '!$B$2:$K$62,10,FALSE) -> #N/A
A212: 211 | B212: 208/0 | C212: DD45+35 | D212: =VLOOKUP(B212,'Erection Completed '!$B$2:$J$62,3,FALSE) -> #N/A | E212: 0 | F212: =IF(G212>=1-1-2024,"Completed","Not Completed") -> #N/A | G212: =VLOOKUP(B212,'Erection Completed '!$B$2:$J$62,6,FALSE) -> #N/A | H212: =VLOOKUP(B212,'Erection Completed '!$B$2:$J$62,7,FALSE) -> #N/A | I212: =VLOOKUP(B212,'Erection Completed '!$B$2:$J$62,8,FALSE) -> #N/A | K212: =VLOOKUP(B212,'Erection Completed '!$B$2:$K$62,10,FALSE) -> #N/A
A213: 212 | B213: 209/0 | C213: DD60+9 | D213: =VLOOKUP(B213,'Erection Completed '!$B$2:$J$62,3,FALSE) -> #N/A | E213: 98.835633 | F213: =IF(G213>=1-1-2024,"Completed","Not Completed") -> #N/A | G213: =VLOOKUP(B213,'Erection Completed '!$B$2:$J$62,6,FALSE) -> #N/A | H213: =VLOOKUP(B213,'Erection Completed '!$B$2:$J$62,7,FALSE) -> #N/A | I213: =VLOOKUP(B213,'Erection Completed '!$B$2:$J$62,8,FALSE) -> #N/A | K213: =VLOOKUP(B213,'Erection Completed '!$B$2:$K$62,10,FALSE) -> #N/A
A214: 213 | B214: 209/1 | C214: DA+0 | D214: =VLOOKUP(B214,'Erection Completed '!$B$2:$J$62,3,FALSE) -> #N/A | E214: 37.796346 | F214: =IF(G214>=1-1-2024,"Completed","Not Completed") -> #N/A | G214: =VLOOKUP(B214,'Erection Completed '!$B$2:$J$62,6,FALSE) -> #N/A | H214: =VLOOKUP(B214,'Erection Completed '!$B$2:$J$62,7,FALSE) -> #N/A | I214: =VLOOKUP(B214,'Erection Completed '!$B$2:$J$62,8,FALSE) -> #N/A | K214: =VLOOKUP(B214,'Erection Completed '!$B$2:$K$62,10,FALSE) -> #N/A
A215: 214 | B215: 209/2 | C215: DA-3 | D215: =VLOOKUP(B215,'Erection Completed '!$B$2:$J$62,3,FALSE) -> #N/A | E215: 36.044834 | F215: =IF(G215>=1-1-2024,"Completed","Not Completed") -> #N/A | G215: =VLOOKUP(B215,'Erection Completed '!$B$2:$J$62,6,FALSE) -> #N/A | H215: =VLOOKUP(B215,'Erection Completed '!$B$2:$J$62,7,FALSE) -> #N/A | I215: =VLOOKUP(B215,'Erection Completed '!$B$2:$J$62,8,FALSE) -> #N/A | K215: =VLOOKUP(B215,'Erection Completed '!$B$2:$K$62,10,FALSE) -> #N/A
A216: 215 | B216: 210/0 | C216: DB2+9 (4X2MRC) | D216: =VLOOKUP(B216,'Erection Completed '!$B$2:$J$62,3,FALSE) -> #N/A | E216: #N/A | F216: =IF(G216>=1-1-2024,"Completed","Not Completed") -> #N/A | G216: =VLOOKUP(B216,'Erection Completed '!$B$2:$J$62,6,FALSE) -> #N/A | H216: =VLOOKUP(B216,'Erection Completed '!$B$2:$J$62,7,FALSE) -> #N/A | I216: =VLOOKUP(B216,'Erection Completed '!$B$2:$J$62,8,FALSE) -> #N/A | K216: =VLOOKUP(B216,'Erection Completed '!$B$2:$K$62,10,FALSE) -> #N/A
A217: 216 | B217: 211/0 | C217: DB2+9 | D217: =VLOOKUP(B217,'Erection Completed '!$B$2:$J$62,3,FALSE) -> #N/A | E217: 65.756548 | F217: =IF(G217>=1-1-2024,"Completed","Not Completed") -> #N/A | G217: =VLOOKUP(B217,'Erection Completed '!$B$2:$J$62,6,FALSE) -> #N/A | H217: =VLOOKUP(B217,'Erection Completed '!$B$2:$J$62,7,FALSE) -> #N/A | I217: =VLOOKUP(B217,'Erection Completed '!$B$2:$J$62,8,FALSE) -> #N/A | K217: =VLOOKUP(B217,'Erection Completed '!$B$2:$K$62,10,FALSE) -> #N/A
A218: 217 | B218: 211/1 | C218: DA-3 | D218: =VLOOKUP(B218,'Erection Completed '!$B$2:$J$62,3,FALSE) -> #N/A | E218: 36.044834 | F218: =IF(G218>=1-1-2024,"Completed","Not Completed") -> #N/A | G218: =VLOOKUP(B218,'Erection Completed '!$B$2:$J$62,6,FALSE) -> #N/A | H218: =VLOOKUP(B218,'Erection Completed '!$B$2:$J$62,7,FALSE) -> #N/A | I218: =VLOOKUP(B218,'Erection Completed '!$B$2:$J$62,8,FALSE) -> #N/A | K218: =VLOOKUP(B218,'Erection Completed '!$B$2:$K$62,10,FALSE) -> #N/A
A219: 218 | B219: 211/2 | C219: DA+0 | D219: =VLOOKUP(B219,'Erection Completed '!$B$2:$J$62,3,FALSE) -> #N/A | E219: 37.796346 | F219: =IF(G219>=1-1-2024,"Completed","Not Completed") -> #N/A | G219: =VLOOKUP(B219,'Erection Completed '!$B$2:$J$62,6,FALSE) -> #N/A | H219: =VLOOKUP(B219,'Erection Completed '!$B$2:$J$62,7,FALSE) -> #N/A | I219: =VLOOKUP(B219,'Erection Completed '!$B$2:$J$62,8,FALSE) -> #N/A | K219: =VLOOKUP(B219,'Erection Completed '!$B$2:$K$62,10,FALSE) -> #N/A
A220: 219 | B220: 211/3 | C220: DA+9 | D220: =VLOOKUP(B220,'Erection Completed '!$B$2:$J$62,3,FALSE) -> #N/A | E220: 46.689358 | F220: =IF(G220>=1-1-2024,"Completed","Not Completed") -> #N/A | G220: =VLOOKUP(B220,'Erection Completed '!$B$2:$J$62,6,FALSE) -> #N/A | H220: =VLOOKUP(B220,'Erection Completed '!$B$2:$J$62,7,FALSE) -> #N/A | I220: =VLOOKUP(B220,'Erection Completed '!$B$2:$J$62,8,FALSE) -> #N/A | K220: =VLOOKUP(B220,'Erection Completed '!$B$2:$K$62,10,FALSE) -> #N/A
A221: 220 | B221: 211/4 | C221: DA-3 | D221: =VLOOKUP(B221,'Erection Completed '!$B$2:$J$62,3,FALSE) -> #N/A | E221: 36.044834 | F221: =IF(G221>=1-1-2024,"Completed","Not Completed") -> #N/A | G221: =VLOOKUP(B221,'Erection Completed '!$B$2:$J$62,6,FALSE) -> #N/A | H221: =VLOOKUP(B221,'Erection Completed '!$B$2:$J$62,7,FALSE) -> #N/A | I221: =VLOOKUP(B221,'Erection Completed '!$B$2:$J$62,8,FALSE) -> #N/A | K221: =VLOOKUP(B221,'Erection Completed '!$B$2:$K$62,10,FALSE) -> #N/A
A222: 221 | B222: 211/5 | C222: DB1+9 | D222: =VLOOKUP(B222,'Erection Completed '!$B$2:$J$62,3,FALSE) -> #N/A | E222: 65.756548 | F222: =IF(G222>=1-1-2024,"Completed","Not Completed") -> #N/A | G222: =VLOOKUP(B222,'Erection Completed '!$B$2:$J$62,6,FALSE) -> #N/A | H222: =VLOOKUP(B222,'Erection Completed '!$B$2:$J$62,7,FALSE) -> #N/A | I222: =VLOOKUP(B222,'Erection Completed '!$B$2:$J$62,8,FALSE) -> #N/A | K222: =VLOOKUP(B222,'Erection Completed '!$B$2:$K$62,10,FALSE) -> #N/A
A223: 222 | B223: 212/0 | C223: DD45+30 (4X2MRC) | D223: =VLOOKUP(B223,'Erection Completed '!$B$2:$J$62,3,FALSE) -> #N/A | E223: #N/A | F223: =IF(G223>=1-1-2024,"Completed","Not Completed") -> #N/A | G223: =VLOOKUP(B223,'Erection Completed '!$B$2:$J$62,6,FALSE) -> #N/A | H223: =VLOOKUP(B223,'Erection Completed '!$B$2:$J$62,7,FALSE) -> #N/A | I223: =VLOOKUP(B223,'Erection Completed '!$B$2:$J$62,8,FALSE) -> #N/A | K223: =VLOOKUP(B223,'Erection Completed '!$B$2:$K$62,10,FALSE) -> #N/A
A224: 223 | B224: 213/0 | C224: DD60+35 | D224: =VLOOKUP(B224,'Erection Completed '!$B$2:$J$62,3,FALSE) -> #N/A | E224: 172.51945 | F224: =IF(G224>=1-1-2024,"Completed","Not Completed") -> #N/A | G224: =VLOOKUP(B224,'Erection Completed '!$B$2:$J$62,6,FALSE) -> #N/A | H224: =VLOOKUP(B224,'Erection Completed '!$B$2:$J$62,7,FALSE) -> #N/A | I224: =VLOOKUP(B224,'Erection Completed '!$B$2:$J$62,8,FALSE) -> #N/A | K224: =VLOOKUP(B224,'Erection Completed '!$B$2:$K$62,10,FALSE) -> #N/A
A225: 224 | B225: 214/0 | C225: DD60+25 (4X2MRC) | D225: =VLOOKUP(B225,'Erection Completed '!$B$2:$J$62,3,FALSE) -> #N/A | E225: #N/A | F225: =IF(G225>=1-1-2024,"Completed","Not Completed") -> #N/A | G225: =VLOOKUP(B225,'Erection Completed '!$B$2:$J$62,6,FALSE) -> #N/A | H225: =VLOOKUP(B225,'Erection Completed '!$B$2:$J$62,7,FALSE) -> #N/A | I225: =VLOOKUP(B225,'Erection Completed '!$B$2:$J$62,8,FALSE) -> #N/A | K225: =VLOOKUP(B225,'Erection Completed '!$B$2:$K$62,10,FALSE) -> #N/A
A226: 225 | B226: 214/1 | C226: DA+6 | D226: =VLOOKUP(B226,'Erection Completed '!$B$2:$J$62,3,FALSE) -> #N/A | E226: 44.794098 | F226: =IF(G226>=1-1-2024,"Completed","Not Completed") -> #N/A | G226: =VLOOKUP(B226,'Erection Completed '!$B$2:$J$62,6,FALSE) -> #N/A | H226: =VLOOKUP(B226,'Erection Completed '!$B$2:$J$62,7,FALSE) -> #N/A | I226: =VLOOKUP(B226,'Erection Completed '!$B$2:$J$62,8,FALSE) -> #N/A | K226: =VLOOKUP(B226,'Erection Completed '!$B$2:$K$62,10,FALSE) -> #N/A
A227: 226 | B227: 214/2 | C227: DA-3 | D227: =VLOOKUP(B227,'Erection Completed '!$B$2:$J$62,3,FALSE) -> #N/A | E227: 36.044834 | F227: =IF(G227>=1-1-2024,"Completed","Not Completed") -> #N/A | G227: =VLOOKUP(B227,'Erection Completed '!$B$2:$J$62,6,FALSE) -> #N/A | H227: =VLOOKUP(B227,'Erection Completed '!$B$2:$J$62,7,FALSE) -> #N/A | I227: =VLOOKUP(B227,'Erection Completed '!$B$2:$J$62,8,FALSE) -> #N/A | K227: =VLOOKUP(B227,'Erection Completed '!$B$2:$K$62,10,FALSE) -> #N/A
A228: 227 | B228: 214/3 | C228: DA-3 | D228: =VLOOKUP(B228,'Erection Completed '!$B$2:$J$62,3,FALSE) -> #N/A | E228: 36.044834 | F228: =IF(G228>=1-1-2024,"Completed","Not Completed") -> #N/A | G228: =VLOOKUP(B228,'Erection Completed '!$B$2:$J$62,6,FALSE) -> #N/A | H228: =VLOOKUP(B228,'Erection Completed '!$B$2:$J$62,7,FALSE) -> #N/A | I228: =VLOOKUP(B228,'Erection Completed '!$B$2:$J$62,8,FALSE) -> #N/A | K228: =VLOOKUP(B228,'Erection Completed '!$B$2:$K$62,10,FALSE) -> #N/A
A229: 228 | B229: 214/4 | C229: DA-3 | D229: =VLOOKUP(B229,'Erection Completed '!$B$2:$J$62,3,FALSE) -> #N/A | E229: 36.044834 | F229: =IF(G229>=1-1-2024,"Completed","Not Completed") -> #N/A | G229: =VLOOKUP(B229,'Erection Completed '!$B$2:$J$62,6,FALSE) -> #N/A | H229: =VLOOKUP(B229,'Erection Completed '!$B$2:$J$62,7,FALSE) -> #N/A | I229: =VLOOKUP(B229,'Erection Completed '!$B$2:$J$62,8,FALSE) -> #N/A | K229: =VLOOKUP(B229,'Erection Completed '!$B$2:$K$62,10,FALSE) -> #N/A
A230: 229 | B230: 214/5 | C230: DA+0 | D230: =VLOOKUP(B230,'Erection Completed '!$B$2:$J$62,3,FALSE) -> #N/A | E230: 37.796346 | F230: =IF(G230>=1-1-2024,"Completed","Not Completed") -> #N/A | G230: =VLOOKUP(B230,'Erection Completed '!$B$2:$J$62,6,FALSE) -> #N/A | H230: =VLOOKUP(B230,'Erection Completed '!$B$2:$J$62,7,FALSE) -> #N/A | I230: =VLOOKUP(B230,'Erection Completed '!$B$2:$J$62,8,FALSE) -> #N/A | K230: =VLOOKUP(B230,'Erection Completed '!$B$2:$K$62,10,FALSE) -> #N/A
A231: 230 | B231: 214/6 | C231: DA+3 | D231: =VLOOKUP(B231,'Erection Completed '!$B$2:$J$62,3,FALSE) -> #N/A | E231: 39.458914 | F231: =IF(G231>=1-1-2024,"Completed","Not Completed") -> #N/A | G231: =VLOOKUP(B231,'Erection Completed '!$B$2:$J$62,6,FALSE) -> #N/A | H231: =VLOOKUP(B231,'Erection Completed '!$B$2:$J$62,7,FALSE) -> #N/A | I231: =VLOOKUP(B231,'Erection Completed '!$B$2:$J$62,8,FALSE) -> #N/A | K231: =VLOOKUP(B231,'Erection Completed '!$B$2:$K$62,10,FALSE) -> #N/A
A232: 231 | B232: 214/7 | C232: DA+3 | D232: =VLOOKUP(B232,'Erection Completed '!$B$2:$J$62,3,FALSE) -> #N/A | E232: 39.458914 | F232: =IF(G232>=1-1-2024,"Completed","Not Completed") -> #N/A | G232: =VLOOKUP(B232,'Erection Completed '!$B$2:$J$62,6,FALSE) -> #N/A | H232: =VLOOKUP(B232,'Erection Completed '!$B$2:$J$62,7,FALSE) -> #N/A | I232: =VLOOKUP(B232,'Erection Completed '!$B$2:$J$62,8,FALSE) -> #N/A | K232: =VLOOKUP(B232,'Erection Completed '!$B$2:$K$62,10,FALSE) -> #N/A
A233: 232 | B233: 215/0 | C233: DD60+3 | D233: =VLOOKUP(B233,'Erection Completed '!$B$2:$J$62,3,FALSE) -> #N/A | E233: 84.299299 | F233: =IF(G233>=1-1-2024,"Completed","Not Completed") -> #N/A | G233: =VLOOKUP(B233,'Erection Completed '!$B$2:$J$62,6,FALSE) -> #N/A | H233: =VLOOKUP(B233,'Erection Completed '!$B$2:$J$62,7,FALSE) -> #N/A | I233: =VLOOKUP(B233,'Erection Completed '!$B$2:$J$62,8,FALSE) -> #N/A | K233: =VLOOKUP(B233,'Erection Completed '!$B$2:$K$62,10,FALSE) -> #N/A
A234: 233 | B234: 216/0 | C234: DD60+3 | D234: =VLOOKUP(B234,'Erection Completed '!$B$2:$J$62,3,FALSE) -> #N/A | E234: 84.299299 | F234: =IF(G234>=1-1-2024,"Completed","Not Completed") -> #N/A | G234: =VLOOKUP(B234,'Erection Completed '!$B$2:$J$62,6,FALSE) -> #N/A | H234: =VLOOKUP(B234,'Erection Completed '!$B$2:$J$62,7,FALSE) -> #N/A | I234: =VLOOKUP(B234,'Erection Completed '!$B$2:$J$62,8,FALSE) -> #N/A | K234: =VLOOKUP(B234,'Erection Completed '!$B$2:$K$62,10,FALSE) -> #N/A
A235: 234 | B235: 216/1 | C235: DA+9 (4X2MRC) | D235: =VLOOKUP(B235,'Erection Completed '!$B$2:$J$62,3,FALSE) -> #N/A | E235: #N/A | F235: =IF(G235>=1-1-2024,"Completed","Not Completed") -> #N/A | G235: =VLOOKUP(B235,'Erection Completed '!$B$2:$J$62,6,FALSE) -> #N/A | H235: =VLOOKUP(B235,'Erection Completed '!$B$2:$J$62,7,FALSE) -> #N/A | I235: =VLOOKUP(B235,'Erection Completed '!$B$2:$J$62,8,FALSE) -> #N/A | K235: =VLOOKUP(B235,'Erection Completed '!$B$2:$K$62,10,FALSE) -> #N/A
A236: 235 | B236: 216/2 | C236: DB1+18 (4X2MRC) | D236: =VLOOKUP(B236,'Erection Completed '!$B$2:$J$62,3,FALSE) -> #N/A | E236: #N/A | F236: =IF(G236>=1-1-2024,"Completed","Not Completed") -> #N/A | G236: =VLOOKUP(B236,'Erection Completed '!$B$2:$J$62,6,FALSE) -> #N/A | H236: =VLOOKUP(B236,'Erection Completed '!$B$2:$J$62,7,FALSE) -> #N/A | I236: =VLOOKUP(B236,'Erection Completed '!$B$2:$J$62,8,FALSE) -> #N/A | K236: =VLOOKUP(B236,'Erection Completed '!$B$2:$K$62,10,FALSE) -> #N/A
A237: 236 | B237: 216/3 | C237: DA+9 | D237: =VLOOKUP(B237,'Erection Completed '!$B$2:$J$62,3,FALSE) -> #N/A | E237: 46.689358 | F237: =IF(G237>=1-1-2024,"Completed","Not Completed") -> #N/A | G237: =VLOOKUP(B237,'Erection Completed '!$B$2:$J$62,6,FALSE) -> #N/A | H237: =VLOOKUP(B237,'Erection Completed '!$B$2:$J$62,7,FALSE) -> #N/A | I237: =VLOOKUP(B237,'Erection Completed '!$B$2:$J$62,8,FALSE) -> #N/A | K237: =VLOOKUP(B237,'Erection Completed '!$B$2:$K$62,10,FALSE) -> #N/A
A238: 237 | B238: 217/0 | C238: DC2+9 | D238: =VLOOKUP(B238,'Erection Completed '!$B$2:$J$62,3,FALSE) -> #N/A | E238: 77.718057 | F238: =IF(G238>=1-1-2024,"Completed","Not Completed") -> #N/A | G238: =VLOOKUP(B238,'Erection Completed '!$B$2:$J$62,6,FALSE) -> #N/A | H238: =VLOOKUP(B238,'Erection Completed '!$B$2:$J$62,7,FALSE) -> #N/A | I238: =VLOOKUP(B238,'Erection Completed '!$B$2:$J$62,8,FALSE) -> #N/A | K238: =VLOOKUP(B238,'Erection Completed '!$B$2:$K$62,10,FALSE) -> #N/A
A239: 238 | B239: 217/1 | C239: DA+3 | D239: =VLOOKUP(B239,'Erection Completed '!$B$2:$J$62,3,FALSE) -> #N/A | E239: 39.458914 | F239: =IF(G239>=1-1-2024,"Completed","Not Completed") -> #N/A | G239: =VLOOKUP(B239,'Erection Completed '!$B$2:$J$62,6,FALSE) -> #N/A | H239: =VLOOKUP(B239,'Erection Completed '!$B$2:$J$62,7,FALSE) -> #N/A | I239: =VLOOKUP(B239,'Erection Completed '!$B$2:$J$62,8,FALSE) -> #N/A | K239: =VLOOKUP(B239,'Erection Completed '!$B$2:$K$62,10,FALSE) -> #N/A
A240: 239 | B240: 217/2 | C240: DA+0 | D240: =VLOOKUP(B240,'Erection Completed '!$B$2:$J$62,3,FALSE) -> #N/A | E240: 37.796346 | F240: =IF(G240>=1-1-2024,"Completed","Not Completed") -> #N/A | G240: =VLOOKUP(B240,'Erection Completed '!$B$2:$J$62,6,FALSE) -> #N/A | H240: =VLOOKUP(B240,'Erection Completed '!$B$2:$J$62,7,FALSE) -> #N/A | I240: =VLOOKUP(B240,'Erection Completed '!$B$2:$J$62,8,FALSE) -> #N/A | K240: =VLOOKUP(B240,'Erection Completed '!$B$2:$K$62,10,FALSE) -> #N/A
A241: 240 | B241: 217/3 | C241: DA+9 | D241: =VLOOKUP(B241,'Erection Completed '!$B$2:$J$62,3,FALSE) -> #N/A | E241: 46.689358 | F241: =IF(G241>=1-1-2024,"Completed","Not Completed") -> #N/A | G241: =VLOOKUP(B241,'Erection Completed '!$B$2:$J$62,6,FALSE) -> #N/A | H241: =VLOOKUP(B241,'Erection Completed '!$B$2:$J$62,7,FALSE) -> #N/A | I241: =VLOOKUP(B241,'Erection Completed '!$B$2:$J$62,8,FALSE) -> #N/A | K241: =VLOOKUP(B241,'Erection Completed '!$B$2:$K$62,10,FALSE) -> #N/A
A242: 241 | B242: 217/4 | C242: DA+9 | D242: =VLOOKUP(B242,'Erection Completed '!$B$2:$J$62,3,FALSE) -> #N/A | E242: 46.689358 | F242: =IF(G242>=1-1-2024,"Completed","Not Completed") -> #N/A | G242: =VLOOKUP(B242,'Erection Completed '!$B$2:$J$62,6,FALSE) -> #N/A | H242: =VLOOKUP(B242,'Erection Completed '!$B$2:$J$62,7,FALSE) -> #N/A | I242: =VLOOKUP(B242,'Erection Completed '!$B$2:$J$62,8,FALSE) -> #N/A | K242: =VLOOKUP(B242,'Erection Completed '!$B$2:$K$62,10,FALSE) -> #N/A
A243: 242 | B243: 217/5 | C243: DA+0 | D243: =VLOOKUP(B243,'Erection Completed '!$B$2:$J$62,3,FALSE) -> #N/A | E243: 37.796346 | F243: =IF(G243>=1-1-2024,"Completed","Not Completed") -> #N/A | G243: =VLOOKUP(B243,'Erection Completed '!$B$2:$J$62,6,FALSE) -> #N/A | H243: =VLOOKUP(B243,'Erection Completed '!$B$2:$J$62,7,FALSE) -> #N/A | I243: =VLOOKUP(B243,'Erection Completed '!$B$2:$J$62,8,FALSE) -> #N/A | K243: =VLOOKUP(B243,'Erection Completed '!$B$2:$K$62,10,FALSE) -> #N/A
A244: 243 | B244: 218/0 | C244: DD60+3 | D244: =VLOOKUP(B244,'Erection Completed '!$B$2:$J$62,3,FALSE) -> #N/A | E244: 84.299299 | F244: =IF(G244>=1-1-2024,"Completed","Not Completed") -> #N/A | G244: =VLOOKUP(B244,'Erection Completed '!$B$2:$J$62,6,FALSE) -> #N/A | H244: =VLOOKUP(B244,'Erection Completed '!$B$2:$J$62,7,FALSE) -> #N/A | I244: =VLOOKUP(B244,'Erection Completed '!$B$2:$J$62,8,FALSE) -> #N/A | K244: =VLOOKUP(B244,'Erection Completed '!$B$2:$K$62,10,FALSE) -> #N/A
A245: 244 | B245: 219/0 | C245: DD45+3 | D245: =VLOOKUP(B245,'Erection Completed '!$B$2:$J$62,3,FALSE) -> #N/A | E245: 75.452399 | F245: =IF(G245>=1-1-2024,"Completed","Not Completed") -> #N/A | G245: =VLOOKUP(B245,'Erection Completed '!$B$2:$J$62,6,FALSE) -> #N/A | H245: =VLOOKUP(B245,'Erection Completed '!$B$2:$J$62,7,FALSE) -> #N/A | I245: =VLOOKUP(B245,'Erection Completed '!$B$2:$J$62,8,FALSE) -> #N/A | K245: =VLOOKUP(B245,'Erection Completed '!$B$2:$K$62,10,FALSE) -> #N/A
...

Sheet Stringing
A1: VNTL Stringing | D1: =SUBTOTAL(9,D4:D10485) -> 12.751649 | Q1: =SUBTOTAL(9,Q8:Q119) -> 416
A2: Sr. No. | B2: Section | C2: No of Towers | D2: length( km) | E2: Manual/TSE | F2: Insulator and hardware fitting done | G2: Engaged Date | H2: Paying Out | J2: Final Sag | L2: P/O Completed | M2: F/S Completed | N2: Stringing Status As on Today | O2: Cumulative Status | P2: Sub Contractor name | Q2: Manpower | R2: Hindarnce Days | S2: Remarks
H3: Start Date | I3: End Date | J3: Start Date | K3: End Date
A4: 1 | B4: 175/1-176/0 | C4: 2 | D4: 0.445528 | E4: Manual | F4: 2/2 done | G4: 46107 | H4: 46118 | I4: 46124 | J4: 46119 | K4: 46124 | L4: 46123 | M4: 46124 | N4: 6 phase final sag complete | O4: Completed | P4: Maa Singhvasini | Q4: 27
A5: 2 | B5: 176/0-177/0 | C5: 4 | D5: 1.043334 | E5: TSE | F5: 1/4 done | G5: 46114 | H5: 46136 | I5: 46139 | J5: 46136 | K5: 46140 | L5: 46139 | M5: 46140 | N5: 6 phase final sag done | O5: Completed | P5: Maa Singhvasini | Q5: 27
A6: 3 | B6: 180/2-182/0 | C6: 7 | D6: 2.41262 | E6: TSE | F6: 7/7 done | G6: 46114 | H6: 46118 | I6: 46125 | J6: 46126 | K6: 46128 | L6: 46125 | M6: 46128 | N6: cliping done spacer u/p | O6: Completed | P6: Alam Construction | Q6: =30+38 -> 68 | R6: 5 | S6: Gang idle due to 180/3 to 182/0 corridor area row
A7: 4 | B7: 182/0-183/0 | C7: 2 | D7: 0.208909 | E7: Hotline | F7: 2/2 done | G7: 46113 | H7: 46117 | I7: 46123 | J7: 46117 | K7: 46123 | L7: 46123 | M7: 46123 | N7: 6 phase final sag complete | O7: Completed | P7: Sanjay Singh | Q7: 20 | S7: Hotline
A8: 5 | B8: 119/0-120/0 | C8: 5 | D8: 1.421595 | E8: TSE | F8: 5/5 done | G8: 46114 | H8: 46128 | I8: 46160 | L8: =I8 -> 46160 | M8: =K8 -> 0 | N8: 119/3-120/0 6 phase paying out done,ew paying out done | O8: EW paying out, 6 phase paying out 119/0-119/3 | P8: Enamul Haque 119/0-119/3,Dharmendra singh 119/3-120/0 | Q8: =45+18 -> 63 | R8: 22 | S8: Gang idle due to 66kv shutdown till 30.04.26
A9: 6 | B9: 121/1-121/7 | C9: 7 | D9: 2.284 | E9: TSE | F9: 7/7 done | G9: 46118 | H9: 46125 | I9: 46128 | J9: 46161 | K9: 46163 | L9: =I9 -> 46128 | M9: =K9 -> 46163 | N9: 6 phase final sag complete,EW final Sag Done | O9: Completed | P9: Enamul Haque | Q9: 49 | R9: 1
A10: 7 | B10: 197/0-198/0 | C10: 4 | D10: 0.98372 | E10: TSE | F10: 4/4 Done | G10: 46120 | H10: 46160 | L10: =I10 -> 0 | M10: =K10 -> 0 | N10: middle right Phase conductor paying out u/p | O10: 11 kv 3 cable bypass complete,Conductor paying out aarengment complete 11 kv 4 cable bypass complete | P10: Abdul Odut | Q10: 20 | R10: 4 | S10: Due to non availablity of shutdown of 11kv cable bypass work could not be carried,so gang remain idle.
A11: 8 | B11: 183/0-184/0 | C11: 5 | D11: 1.47941 | E11: TSE | F11: 5/5 done | G11: 46121 | H11: 46130 | I11: 46133 | J11: 46132 | K11: 46134 | L11: 46133 | M11: 46134 | N11: 6 phase final sag,EW final sag,cliping done | O11: Completed | P11: Alam Construction | Q11: 40 | R11: 1 | S11: Row due to 40 workers remain idle,shutdown cable 11kv removed 24-4-26
A12: 9 | B12: 245/0-246/0 | C12: 3 | D12: 0.791626 | E12: Manual | F12: 3/3 Done | G12: 46121 | H12: 46123 | I12: 46126 | J12: 46126 | K12: 46127 | L12: 46126 | M12: 46127 | N12: Cliping And Spacer Completed | O12: Completed | P12: Bhola Prasad+ Deepak Sarkar | Q12: 27
A13: 9 | B13: 120/0-121/0 | C13: 9 | D13: 2.861678 | E13: TSE | F13: 9/9 done | G13: 46122 | H13: 46145 | I13: 46150 | J13: 46152 | K13: 46157 | L13: =I13 -> 46150 | M13: =K13 -> 46157 | N13: 6 phase final sag complete, EW final sag u/p | O13: Completed | P13: Enamul Haque | Q13: 45
A14: 10 | B14: 178/0-179/0 | C14: 5 | D14: 1.326507 | E14: TSE | F14: 5/5 done | G14: 46122 | H14: 46156 | J14: 46159 | L14: =I14 -> 0 | M14: =K14 -> 0 | N14: bottom phase final sag u/p,178/0-178/1 bottom left phase paying complete,bottom right phase final sag u/p | O14: top left phase final sag done,178/0-178/1 top right phase paying out u/p | P14: Alam Construction 178/1-178/3 + Sanjay Singh-2 178/0-178/1 and 178/3 -179/0 | Q14: =51+23 -> 74 | R14: 2 | S14: Due to non availablity of shutdown of 11kv cable bypass work could not be carried.
A15: 11 | B15: 198/0-199/0 | C15: 2 | D15: 0.24674 | E15: Hotline | F15: 1/2 Done | G15: 46125 | H15: 46129 | I15: 46135 | J15: 46129 | K15: 46135 | L15: 46135 | M15: 46135 | N15: 6 phase final sag,EW final sag,spacer done | O15: Completed | P15: Sanjay Singh | Q15: 20 | R15: 1 | S15: Due to ROW at 199/0 back stay arrangement not done
A16: 12 | B16: 196/0-197/0 | C16: 4 | D16: 1.14842 | E16: TSE | F16: 2/4 done | G16: 46128 | L16: =I16 -> 0 | M16: =K16 -> 0 | N16: backstay arrangement done,11kv cable laying done | P16: Abdul Odut | Q16: 20 | R16: 2 | S16: Due to non availablity of shutdown of 11kv cable bypass work could not be carried,so gang remain idle.
A17: 13 | B17: 184/0-185/0 | C17: 2 | D17: 0.21017 | E17: Hotline | F17: 2/2 Done | G17: 46137 | H17: 46148 | I17: 46155 | J17: 46148 | K17: 46155 | L17: =I17 -> 46155 | M17: =K17 -> 46155 | N17: 6 phase final sag complete,EW finag sag done ,Spacer u/p | O17: Completed | P17: Sanjay Singh-1 | Q17: 20
A18: 14 | B18: 174/0-175/0 | C18: 8 | D18: 2.633369 | E18: TSE | F18: 7/8 Done | G18: 46138 | H18: 46145 | I18: 46151 | L18: =I18 -> 46151 | M18: =K18 -> 0 | N18: 6 phase Conductor paying out complete | O18: right phase pilot wire has been tightened,11kV 2 cable bypass complete | P18: Alam Construction | Q18: 68 | R18: 2 | S18: ROW from 29-4-26, clear on 02-05-26 evening 4:00 PM
A19: 15 | B19: 175/0-175/1 | C19: 2 | D19: 0.468001 | E19: Hotline | F19: 2/2 done | G19: 46139 | H19: 46144 | I19: 46149 | J19: 46145 | K19: 46149 | L19: =I19 -> 46149 | M19: =K19 -> 46149 | N19: 6 phase final sag complete, EW final Sag Complete, spacer complete | O19: Completed | P19: Alam Construction | Q19: 40 | R19: 1 | S19: ROW
A20: 16 | B20: 177/0-178/0 | C20: 2 | D20: 0.228 | E20: Hotline | F20: 2/2 done | G20: 46157 | H20: 46157 | I20: 46162 | J20: 46157 | K20: 46162 | L20: =I20 -> 46162 | M20: =K20 -> 46162 | N20: 5 Phase conductor finag sag done | O20: Completed | P20: Sanjay singh 2 | Q20: 33
A21: 17 | B21: 191/0-192/0 | C21: 3 | D21: 0.85499 | E21: Manual | F21: 3/3 done | G21: 46158 | L21: =I21 -> 0 | M21: =K21 -> 0 | N21: backstay arrangement done,11kv shifting work | P21: Alamgir | Q21: 20
A22: 18 | B22: 126/0-127/0 | C22: 5 | D22: 1.584224 | E22: TSE | F22: 3/5 done | G22: 46159 | L22: =I22 -> 0 | M22: =K22 -> 0 | N22: top left phase paying out complete, middle phase paying out u/p | P22: Enamul Haque | Q22: 45
A23: 19 | B23: 118/0-119/0 | C23: 2 | D23: 0.243824 | E23: Hotline | F23: 2/2 done | G23: 46162 | H23: 46165 | J23: 46165 | L23: =I23 -> 0 | M23: =K23 -> 0 | N23: top phase conductor final sag done, middle phase final sag u/p | P23: Dharmendra | Q23: 24
A24: 20 | B24: 185/0-186/0 | C24: 2 | D24: 0.271 | E24: Hotline | F24: 2/2 done | G24: 46162 | H24: 46166 | L24: =I24 -> 0 | M24: =K24 -> 0 | N24: EW finag sag done,top left phase final sag done | P24: Sanjay singh 2 | Q24: 33

Sheet Stringing Completed
A1: VNTL Stringing
D2: =SUM(D5:D55) -> 12.680016
A3: Sr. No. | B3: Section | C3: No of Towers | D3: length( km) | E3: Manual/TSE | F3: Insulator and hardware fitting done | G3: Engaged Date | H3: Paying Out | J3: Final Sag | L3: P/O Completed | M3: F/S Completed | N3: Cumulative Status | O3: Sub Contractor name | P3: Manpower | Q3: Hindarnce Days | R3: Remarks
H4: Start Date | I4: End Date | J4: Start Date | K4: End Date
A5: 1 | B5: 182/0-183/0 | C5: 2 | D5: 0.208909 | E5: Hotline | F5: 2/2 done | G5: 46113 | H5: 46117 | I5: 46123 | J5: 46117 | K5: 46123 | L5: 46123 | M5: 46123 | N5: Complete | O5: Sanjay Singh | P5: 20 | R5: Hotline
A6: =A5+1 -> 2 | B6: 175/1-176/0 | C6: 2 | D6: 0.445528 | E6: Manual | F6: 2/2 done | G6: 46107 | H6: 46118 | I6: 46124 | J6: 46119 | K6: 46124 | L6: 46123 | M6: 46124 | N6: Completed | O6: Maa Singhvasini | P6: 27
A7: =A6+1 -> 3 | B7: 245/0-246/0 | C7: 3 | D7: 0.791626 | E7: Manual | F7: 3/3 Done | G7: 46121 | H7: 46123 | I7: 46126 | J7: 46126 | K7: 46127 | L7: 46126 | M7: 46127 | N7: Completed | O7: Bhola Prasad+ Deepak Sarkar | P7: 27
A8: =A7+1 -> 4 | B8: 180/2-182/0 | C8: 7 | D8: 2.41262 | E8: TSE | F8: 7/7 done | G8: 46114 | H8: 46118 | I8: 46125 | J8: 46126 | K8: 46128 | L8: 46125 | M8: 46128 | N8: Complete | O8: Alam Construction | P8: =30+38 -> 68 | Q8: 5 | R8: Gang idle due to 180/3 to 182/0 corridor area row
A9: =A8+1 -> 5 | B9: 183/0-184/0 | C9: 5 | D9: 1.47941 | E9: TSE | F9: 5/5 done | G9: 46121 | H9: 46130 | I9: 46133 | J9: 46132 | K9: 46134 | L9: 46133 | M9: 46134 | N9: Complete | O9: Alam Construction | P9: 40 | Q9: 1 | R9: Row due to 40 workers remain idle,shutdown cable 11kv removed 24-4-26
A10: =A9+1 -> 6 | B10: 198/0-199/0 | C10: 2 | D10: 0.24674 | E10: Hotline | F10: 2/2 Done | G10: 46125 | H10: 46129 | I10: 46135 | J10: 46129 | K10: 46135 | L10: 46135 | M10: 46135 | N10: Completed | O10: Sanjay Singh | P10: 20 | Q10: 1 | R10: Due to ROW at 199/0 back stay arrangement not done
A11: =A10+1 -> 7 | B11: 176/0-177/0 | C11: 4 | D11: 1.043334 | E11: TSE | F11: 4/4 done | G11: 46114 | H11: 46136 | I11: 46139 | J11: 46136 | K11: 46140 | L11: 46139 | M11: 46140 | N11: Complete | O11: Alam Construction | P11: 40
A12: =A11+1 -> 8 | B12: 175/0-175/1 | C12: 2 | D12: 0.468001 | E12: Hotline | F12: 2/2 done | G12: 46139 | H12: 46144 | I12: 46149 | J12: 46145 | K12: 46149 | L12: =I12 -> 46149 | M12: =K12 -> 46149 | N12: Complete | O12: Alam Construction | P12: 40 | Q12: 1 | R12: Hotline
A13: =A12+1 -> 9 | B13: 184/0-185/0 | C13: 2 | D13: 0.21017 | E13: Hotline | F13: 2/2 Done | G13: 46137 | H13: 46148 | I13: 46155 | J13: 46148 | K13: 46155 | L13: =I13 -> 46155 | M13: =K13 -> 46155 | N13: Complete | O13: Sanjay Singh-1 | P13: 20
A14: =A13+1 -> 10 | B14: 120/0-121/0 | C14: 9 | D14: 2.861678 | E14: TSE | F14: 9/9 done | G14: 46122 | H14: 46145 | I14: 46150 | J14: 46152 | K14: 46157 | L14: =I14 -> 46150 | M14: =K14 -> 46157 | N14: Completed | O14: Enamul Haque | P14: 45
A15: =A14+1 -> 11 | B15: 177/0-178/0 | C15: 2 | D15: 0.228 | E15: Hotline | F15: 2/2 done | G15: 46157 | H15: 46157 | I15: 46162 | J15: 46157 | K15: 46162 | L15: =I15 -> 46162 | M15: =K15 -> 46162 | N15: Completed | O15: Sanjay singh 2 | P15: 33
A16: =A15+1 -> 12 | B16: 121/1-121/7 | C16: 7 | D16: 2.284 | E16: TSE | F16: 7/7 done | G16: 46118 | H16: 46125 | I16: 46128 | J16: 46161 | K16: 46163 | L16: =I16 -> 46128 | M16: =K16 -> 46163 | N16: Completed | O16: Enamul Haque | P16: 49 | Q16: 1

Sheet Stringing Compiled
D1: Number of TSE | E1: 2 | F1: =SUBTOTAL(9,F3:F174)/1000 -> 9.319215
A2: S.no | B2: Sec | C2: From AP | D2: To AP | E2: Location Nos. | F2: Span (M) | G2: Method | H2: Section Readiness | I2: Insulator Hoisting | J2: P/O Starting Date | K2: P/O Completion Date | L2: P/O | M2: F/S Starting Date | N2: F/S/ Completion Date | O2: Jumpering | P2: Spacering | Q2: Clipping | R2: Length | S2: Status | T2: Gang Name | U2: Gang Strength | V2: Number of Fitters | W2: Hindrance | X2: Remarks
A3: 1 | C3: 117/0 | D3: 118/0 | E3: 117/1,117/2 | F3: 1142.762 | G3: TSE | H3: Ready
A4: 2 | C4: 118/0 | D4: 119/0 | F4: 243.824 | G4: Manual | H4: WIP | I4: Done
A5: 3 | C5: 119/0 | D5: 120/0 | E5: 119/1,119/2,119/3 | F5: 1421.595 | G5: TSE | H5: WIP | I5: Done | T5: Enamul Haque | U5: 49
A6: 4 | C6: 120/0 | D6: 121/0 | E6: 120/1,120/2,120/3,120/4,120/5,120/6,120/7 | F6: 2861.678 | G6: TSE | H6: Complete | I6: Done | J6: 46145 | K6: 46150 | L6: Completed | M6: 46152 | N6: 46157 | P6: Done | Q6: Done | T6: Enamul Haque | U6: 49
A7: 5 | C7: 121/0 | D7: 121/1 | F7: 276.141 | G7: Hotline | H7: Ready | T7: Enamul Haque | U7: 49
A8: 6 | C8: 121/1 | D8: 121/7 | E8: 121/2,121/3,121/4,121/5,121/6 | F8: 2284 | G8: TSE | H8: Complete | I8: Done | J8: 46125 | K8: 46128 | L8: Completed | M8: 46161 | N8: 46163 | T8: Enamul Haque | U8: 45
A9: 7 | C9: 121/7 | D9: 124/0 | E9: 121/8,121/9,121/10,121/11 | F9: 1937.394 | G9: TSE | H9: Not Ready
A10: 8 | C10: 124/0 | D10: 125/0 | E10: 124/1,124/2,124/3 | F10: 1472.589 | G10: TSE | H10: Not Ready
A11: 9 | C11: 125/0 | D11: 126/0 | E11: 125/1,125/2 | F11: 1288.931 | G11: TSE | H11: Ready
A12: 10 | C12: 126/0 | D12: 127/0 | E12: 126/1,126/2,126/3 | F12: 1584.22 | G12: TSE | H12: WIP
A13: 11 | C13: 127/0 | D13: 127/2 | E13: 127/1 | F13: 709.979 | G13: Manual | H13: Not Ready
A14: 12 | C14: 127/2 | D14: 128/0 | F14: 339.13 | G14: Manual | H14: Not Ready
A15: 13 | C15: 128/0 | D15: 129/0 | F15: 620 | G15: Manual | H15: Not Ready
A16: 14 | C16: 129/0 | D16: 130/0 | F16: 620.06 | G16: Manual | H16: Not Ready
A17: 15 | C17: 130/0 | D17: 131/0 | F17: 535.07 | G17: Manual | H17: Not Ready
A18: 16 | C18: 131/0 | D18: 132/0 | E18: 131/1,131/2,131/3,131/4,131/5 | F18: 2201.62 | G18: TSE | H18: Not Ready
A19: 17 | C19: 132/0 | D19: 133/0 | E19: 132/1,132/2,132/3 | F19: 1217.54 | G19: TSE | H19: Not Ready
A20: 18 | C20: 133/0 | D20: 133/2 | E20: 133/1 | F20: 767 | G20: Manual | H20: Not Ready
A21: 19 | C21: 133/2 | D21: 133/3 | F21: 250 | G21: Hotline | H21: Ready
A22: 20 | C22: 133/3 | D22: 134/0 | E22: 133/4 | F22: 833.85 | G22: Manual | H22: Ready
A23: 21 | C23: 134/0 | D23: 135/0 | F23: 360.67 | G23: Manual | H23: Not Ready
A24: 22 | C24: 135/0 | D24: 136/0 | F24: 247.871 | G24: Hotline | H24: Not Ready
A25: 23 | C25: 136/0 | D25: 136/1 | F25: 459.998 | G25: Manual | H25: Ready
A26: 24 | C26: 136/1 | D26: 137/0 | F26: 455.963 | G26: Hotline | H26: Ready
A27: 25 | C27: 137/0 | D27: 138/0 | E27: 137/1,137/2 | F27: 1116.114 | G27: TSE | H27: Ready
A28: 26 | C28: 138/0 | D28: 139/0 | F28: 460.541 | G28: Manual | H28: Ready
A29: 27 | C29: 139/0 | D29: 139/2 | E29: 139/1 | F29: 716.09 | G29: Manual | H29: Ready
A30: 28 | C30: 139/2 | D30: 139/3 | F30: 340 | G30: Manual | H30: Not Ready
A31: 29 | C31: 139/3 | D31: 140/0 | F31: 360.1 | G31: Manual | H31: Not Ready
A32: 30 | C32: 140/0 | D32: 141/0 | F32: 204 | G32: Hotline | H32: Ready
A33: 31 | C33: 141/0 | D33: 142/0 | E33: 141/1,141/2,141/3,141/4,141/5,141/6 | F33: 2659.63 | G33: TSE | H33: Ready
A34: 32 | C34: 142/0 | D34: 143/0 | F34: 164.303 | G34: Manual | H34: Ready
A35: 33 | C35: 143/0 | D35: 144/0 | F35: 277.27 | G35: Hotline | H35: Ready
A36: 34 | C36: 144/0 | D36: 145/0 | F36: 451.679 | G36: Hotline | H36: Ready
A37: 35 | C37: 145/0 | D37: 145/7 | E37: 145/1,145/2,145/3,145/4,145/5,145/6 | F37: 2776 | G37: TSE | H37: Not Ready
A38: 36 | C38: 145/7 | D38: 147/0 | F38: 344.268 | G38: Manual | H38: Ready
A39: 37 | C39: 147/0 | D39: 148/0 | F39: 251.645 | G39: Hotline | H39: Ready
A40: 38 | C40: 148/0 | D40: 148/5 | E40: 148/1,148/2,148/3,148/4 | F40: 2077.997 | G40: TSE | H40: Ready
A41: 39 | C41: 148/5 | D41: 149/0 | F41: 508.088 | G41: Manual | H41: Ready
A42: 40 | C42: 149/0 | D42: 150/0 | F42: 258.002 | G42: Hotline | H42: Not Ready
A43: 41 | C43: 150/0 | D43: 150/1 | F43: 281 | G43: Manual | H43: Not Ready
A44: 42 | C44: 150/1 | D44: 151/0 | F44: 367.61 | G44: Manual | H44: Not Ready
A45: 43 | C45: 151/0 | D45: 151A/0 | F45: 266.99 | G45: Manual | H45: Not Ready
A46: 44 | C46: 151A/0 | D46: 152/0 | F46: 500.05 | G46: Manual | H46: Not Ready
A47: 45 | C47: 152/0 | D47: 153/0 | F47: 295 | G47: Hotline | H47: Not Ready
A48: 46 | C48: 153/0 | D48: 153A/0 | E48: 153/1,153/2 | F48: 1184.01 | G48: TSE | H48: Not Ready
A49: 47 | C49: 153A/0 | D49: 154/0 | F49: 490.15 | G49: Manual | H49: Not Ready
A50: 48 | C50: 154/0 | D50: 155/0 | F50: 295.36 | G50: Manual | H50: Not Ready
A51: 49 | C51: 155/0 | D51: 156/0 | F51: 257.34 | G51: Hotline | H51: Not Ready
A52: 50 | C52: 156/0 | D52: 156/1 | F52: 342.99 | G52: Manual | H52: Not Ready
A53: 51 | C53: 156/1 | D53: 157/0 | F53: 335.33 | G53: Manual | H53: Not Ready
A54: 52 | C54: 157/0 | D54: 158/0 | F54: 230 | G54: Hotline | H54: Not Ready
A55: 53 | C55: 158/0 | D55: 159/0 | F55: 253.62 | G55: Manual | H55: Not Ready
A56: 54 | C56: 159/0 | D56: 160/0 | F56: 333.34 | G56: Hotline | H56: Not Ready
A57: 55 | C57: 160/0 | D57: 161/0 | F57: 392.23 | G57: Manual | H57: Ready
A58: 56 | C58: 161/0 | D58: 162/0 | F58: 248.002 | G58: Hotline | H58: Not Ready
A59: 57 | C59: 162/0 | D59: 163/0 | F59: 328.496 | G59: Hotline | H59: Not Ready
A60: 58 | C60: 163/0 | D60: 163/1 | F60: 382.995 | G60: Hotline | H60: Not Ready
... A62: 60 | C62: 164/0 | D62: 165/0 | F62: 285.055 | G62: Hotline | H62: Not Ready
A63: 61 | C63: 165/0 | D63: 165/6 | E63: 165/1,165/2,165/3,165/4,165/5 | F63: 2297.996 | G63: TSE | H63: Not Ready
A64: 62 | C64: 165/6 | D64: 166/0 | E64: 165/7 | F64: 730.096 | G64: Manual | H64: Not Ready
A65: 63 | C65: 166/0 | D65: 167/0 | F65: 280 | G65: Manual | H65: Ready
A66: 64 | C66: 167/0 | D66: 168/0 | F66: 576.145 | G66: Manual | H66: Not Ready
A67: 65 | C67: 168/0 | D67: 169/0 | F67: 255.601 | G67: Hotline | H67: Not Ready
A68: 66 | C68: 169/0 | D68: 170/0 | F68: 521.312 | G68: Manual | H68: Not Ready
A69: 67 | C69: 170/0 | D69: 171/0 | F69: 261.446 | G69: Hotline | H69: Not Ready
A70: 68 | C70: 171/0 | D70: 172/0 | F70: 186.772 | G70: Hotline | H70: Not Ready
A71: 69 | C71: 172/0 | D71: 173/0 | E71: 172/1 | F71: 689.629 | G71: Manual | H71: Not Ready
A72: 70 | C72: 173/0 | D72: 174/0 | F72: 215.227 | G72: Hotline | H72: Not Ready
A73: 71 | C73: 174/0 | D73: 175/0 | E73: 174/1,174/2,174/3,174/4,174/5,174/6 | F73: 2633.369 | G73: TSE | H73: WIP | I73: Done
A74: 72 | C74: 175/0 | D74: 175/1 | F74: 468.001 | G74: Hotline | H74: Complete | I74: Done | J74: 46144 | K74: 46149 | L74: Completed | M74: 46145 | N74: 46149 | T74: Alam Construction | U74: 40 | X74: Hotline
A75: 73 | C75: 175/1 | D75: 176/0 | F75: 445.528 | G75: Manual | H75: Complete | I75: Done | J75: 46118 | K75: 46124 | L75: Completed | M75: 46119 | N75: 46124 | P75: Completed | Q75: Completed | S75: Completed | T75: Maa Singhvahini | U75: 27
A76: 74 | C76: 176/0 | D76: 177/0 | E76: 176/1,176/2 | F76: 1043.334 | G76: TSE | H76: Complete | I76: Done | J76: 46136 | K76: 46139 | L76: Completed | M76: 46136 | N76: 46140 | P76: Completed | Q76: Completed | S76: Completed | T76: Alam Construction | U76: 40
A77: 75 | C77: 177/0 | D77: 178/0 | F77: 228.09 | G77: Hotline | H77: Complete | I77: Done | J77: 46157 | K77: 46162 | L77: Completed | M77: 46162 | N77: 46162 | P77: Completed | T77: Sanjay singh 2 | U77: 33
A78: 76 | C78: 178/0 | D78: 179/0 | E78: 178/1,178/2,178/3 | F78: 1326.507 | G78: TSE | H78: WIP | I78: Done
A79: 77 | C79: 179/0 | D79: 180/0 | E79: 179/1,179/2,179/3 | F79: 1582.474 | G79: TSE | H79: Not Ready
A80: 78 | C80: 180/0 | D80: 180/2 | E80: 180/1 | F80: 821.997 | G80: Manual | H80: Not Ready
A81: 79 | C81: 180/2 | D81: 182/0 | E81: 180/3,180/4,180/5,180/6,180/7 | F81: 2412.62 | G81: TSE | H81: Complete | I81: Done | J81: 46118 | K81: 46125 | L81: Completed | M81: 46126 | N81: 46128 | P81: Completed | Q81: Completed | S81: Completed | T81: Alam Construction | U81: 68 | W81: 5
A82: 80 | C82: 182/0 | D82: 183/0 | F82: 208.909 | G82: Hotline | H82: Complete | I82: Done | J82: 46117 | K82: 46123 | L82: Completed | M82: 46117 | N82: 46123 | P82: Completed | Q82: Completed | S82: Completed | T82: Sanjay Singh | U82: 20 | X82: Hotline
A83: 81 | C83: 183/0 | D83: 184/0 | E83: 183/1,183/2,183/3 | F83: 1479.41 | G83: TSE | H83: Complete | I83: Done | J83: 46130 | K83: 46133 | L83: Completed | M83: 46132 | N83: 46134 | P83: Completed | Q83: Completed | S83: Completed | T83: Alam Construction | U83: 40 | W83: 1
A84: 82 | C84: 184/0 | D84: 185/0 | F84: 210.17 | G84: Hotline | H84: Complete | I84: Done | J84: 46148 | K84: 46155 | L84: Completed | M84: 46148 | N84: 46155
A85: 83 | C85: 185/0 | D85: 186/0 | F85: 271 | G85: Hotline | H85: WIP | I85: Done
A86: 84 | C86: 186/0 | D86: 187/0 | F86: 390.65 | G86: Hotline | H86: Ready | I86: Done
A87: 85 | C87: 187/0 | D87: 188/0 | F87: 428.21 | G87: Manual | H87: Not Ready
A88: 86 | C88: 188/0 | D88: 189/0 | F88: 672.59 | G88: Manual | H88: Not Ready
A89: 87 | C89: 189/0 | D89: 190/0 | E89: 189/1 | F89: 807.98 | G89: Manual | H89: Not Ready
A90: 88 | C90: 190/0 | D90: 191/0 | F90: 226.48 | G90: Hotline | H90: Ready
A91: 89 | C91: 191/0 | D91: 191/1 | F91: 465.47 | G91: Manual | H91: WIP | I91: Done
A92: 90 | C92: 191/1 | D92: 192/0 | F92: 389.51 | G92: Manual | H92: WIP | I92: Done
A93: 91 | C93: 192/0 | D93: 193/0 | F93: 222.83 | G93: Hotline | H93: Not Ready
A94: 92 | C94: 193/0 | D94: 194/0 | F94: 277.42 | G94: Hotline | H94: Not Ready
A95: 93 | C95: 194/0 | D95: 194/1 | F95: 470 | G95: Manual | H95: Not Ready
A96: 94 | C96: 194/1 | D96: 195/0 | F96: 479.7 | G96: Manual | H96: Not Ready
A97: 95 | C97: 195/0 | D97: 196/0 | F97: 239.69 | G97: Hotline | H97: Not Ready
A98: 96 | C98: 196/0 | D98: 197/0 | E98: 196/1,196/2 | F98: 1148.42 | G98: TSE | H98: Ready
A99: 97 | C99: 197/0 | D99: 198/0 | E99: 197/1,197/2 | F99: 983.72 | G99: Manual | H99: WIP | I99: Done
A100: 98 | C100: 198/0 | D100: 199/0 | F100: 246.74 | G100: Hotline | H100: Complete | I100: Done | J100: 46129 | K100: 46135 | L100: Completed | M100: 46129 | N100: 46135 | P100: Completed | Q100: NA | S100: Completed
A101: 99 | C101: 199/0 | D101: 200/0 | E101: 199/1,199/2 | F101: 1266.29 | G101: TSE | H101: Not Ready
...

Sheet TA-602Visual Chart 
B1: KEC INTERNATIONAL LIMITED
A4: l
B5: Name of Line: ±800kV HVDC Bipole Line (Hexa Lapwing) between KPS2 (HVDC) & Nagpur (HVDC) (with dedicated metallic Return) -Part- 6 Transmission Line
B6: CLIENT : M/S Powergrid West Central Transmission Ltd.
B7: Date of Commencemen : 13-05-2025
B9: VISUAL CHART | AV9: Progress as on date : | AY9: =+NOW() -> 46204.442
AU11: CUM. | AV11: Total Loc. | AW11: BALANCE
AW12: FDN. | AX12: Erec. | AY12: Earth | AZ12: Tack Weld | BA12: String ing
J13: Route Diversion Proposed | R13: No Diversion DS Submitted | AN13: Route Diversion Proposed
J16: C | K16: B | M16: C | N16: B | P16: C | Q16: B | S16: C | T16: B | V16: C | W16: B | Y16: C | Z16: B | AB16: C | AC16: B | AE16: C | AF16: B | AH16: C | AI16: B | AK16: C | AL16: B | AN16: C | AO16: B | AQ16: C1 | AR16: B1 | AV16: 12 | AW16: =COUNTIF(K15:AR15,"FC") -> 0 | AX16: =COUNTIF(J14:AR14,"EC") -> 0 | AY16: =COUNTIF(J18:AR18,"E") -> 0 | AZ16: =COUNTIF(J15:AR15,"TW") -> 0
J17: D | K17: A | M17: D | N17: A | P17: D | Q17: A | S17: D | T17: A | V17: D | W17: A | Y17: D | Z17: A | AB17: D | AC17: A | AE17: D | AF17: A | AH17: D | AI17: A | AK17: D | AL17: A | AN17: D | AO17: A | AQ17: D1 | AR17: A1
J18: 0 | K18: - | L18: 337 | M18: 0 | N18: - | O18: 404 | P18: 0 | Q18: - | R18: 309 | S18: 0 | T18: - | U18: 317 | V18: 0 | W18: - | X18: 395 | Y18: 0 | Z18: - | AA18: 361 | AB18: 0 | AC18: - | AD18: 434 | AE18: 0 | AF18: - | AG18: 347 | AH18: 0 | AI18: - | AJ18: 344 | AK18: 0 | AL18: - | AM18: 379 | AN18: 0 | AO18: - | AP18: 336 | AQ18: 0 | AR18: - | AS18: 439.86 | BB18: =SUM(F18:AS18) -> 4402.86
J19: 0/0 | M19: 0/1 | P19: 0/2 | S19: 1/0 | V19: 2/0 | Y19: 2/1 | AB19: 3/0 | AE19: 3/1 | AH19: 3/2 | AK19: 3/3 | AN19: 4/0 | AQ19: 5/0
J20: D60+9 | M20: A+9 | P20: A+9 | S20: D60(-)3 | V20: D45+3 | Y20: A+0 | AB20: C2+0 | AE20: A+1.5 | AH20: A(-)3 | AK20: A(-)3 | AN20: D60+0 | AQ20: B2+9
J22: 1 | M22: =J22+1 -> 2 | P22: =M22+1 -> 3 | S22: =P22+1 -> 4 | V22: =S22+1 -> 5 | Y22: =V22+1 -> 6 | AB22: =Y22+1 -> 7 | AE22: =AB22+1 -> 8 | AH22: =AE22+1 -> 9 | AK22: =AH22+1 -> 10 | AN22: =AK22+1 -> 11 | AQ22: =AN22+1 -> 12
C23: Route Diversion Proposed | R23: DS Submitted | S23: Route Diverison Proposed
D27: C | E27: B | G27: C | H27: B | J27: C | K27: B | M27: C | N27: B | P27: C | Q27: B | S27: C | T27: B | V27: C | W27: B | Y27: C | Z27: B | AB27: C | AC27: B | AE27: C | AF27: B | AH27: C | AI27: B | AK27: C | AL27: B | AN27: C | AO27: B | AQ27: C | AR27: B | AV27: =COUNTA(D30:AR30) -> 14 | AW27: =COUNTIF(K26:AR26,"FC") -> 0 | AX27: =COUNTIF(J25:AR25,"EC") -> 0 | AY27: =COUNTIF(J29:AR29,"E") -> 0 | AZ27: =COUNTIF(J26:AR26,"TW") -> 0
D28: D | E28: A | G28: D | H28: A | J28: D | K28: A | M28: D | N28: A | P28: D | Q28: A | S28: D | T28: A | V28: D | W28: A | Y28: D | Z28: A | AB28: D | AC28: A | AE28: D | AF28: A | AH28: D | AI28: A | AK28: D | AL28: A | AN28: D | AO28: A | AQ28: D | AR28: A
D29: 0 | E29: - | F29: 437 | G29: 0 | H29: - | I29: 335.734 | J29: 0 | K29: - | M29: 0 | N29: - | O29: 341.753 | P29: 0 | Q29: - | R29: 407.786 | S29: 0 | T29: - | U29: 412 | V29: 0 | W29: - | X29: 426.82 | Y29: 0 | Z29: - | AA29: 337 | AB29: 0 | AC29: - | AD29: 454 | AE29: 0 | AF29: - | AG29: 344.906 | AH29: 0 | AI29: - | AJ29: 399 | AK29: 0 | AL29: - | AM29: 379.984 | AN29: 0 | AO29: - | AP29: 464 | AQ29: 0 | AR29: - | AS29: 364 | BB29: =SUM(F29:AS29) -> 5103.983
D30: 6/0 | G30: 6/1 | J30: 7/0 | M30: 8/0 | P30: 9/0 | S30: 10/0 | V30: 10/1 | Y30: 11/0 | AB30: 11/1 | AE30: 11/2 | AH30: 12/0 | AK30: 12/1 | AN30: 13/0 | AQ30: 13/1
D31: D45+3 | G31: A+6 | J31: B2(-)3 | M31: C1+9 | P31: D45+9 | S31: C1+3 | V31: A+6 | Y31: C1+3 | AB31: A+6 | AE31: A+6 | AH31: C1+9 | AK31: A+6 | AN31: D45+0 | AQ31: A+9
D33: =AQ22+1 -> 13 | G33: =D33+1 -> 14 | J33: =G33+1 -> 15 | M33: =J33+1 -> 16 | P33: =M33+1 -> 17 | S33: =P33+1 -> 18 | V33: =S33+1 -> 19 | Y33: =V33+1 -> 20 | AB33: =Y33+1 -> 21 | AE33: =AB33+1 -> 22 | AH33: =AE33+1 -> 23 | AK33: =AH33+1 -> 24 | AN33: =AK33+1 -> 25 | AQ33: =AN33+1 -> 26
C34: Route Diversion Proposed | U34: No Diversion DS Submitted
D38: C | E38: B | G38: C | H38: B | J38: C | K38: B | M38: C1 | N38: B1 | P38: C | Q38: B | S38: C | T38: B | V38: C | W38: B | Y38: C | Z38: B | AB38: C | AC38: B | AE38: C1 | AF38: B1 | AH38: C | AI38: B | AK38: C | AL38: B | AN38: C | AO38: B | AQ38: C | AR38: B | AV38: 14 | AW38: =COUNTIF(K37:AR37,"FC") -> 0 | AX38: =COUNTIF(J36:AR36,"EC") -> 0 | AY38: =COUNTIF(J40:AR40,"E") -> 0 | AZ38: =COUNTIF(J37:AR37,"TW") -> 0
D39: D | E39: A | G39: D | H39: A | J39: D | K39: A | M39: D1 | N39: A1 | P39: D | Q39: A | S39: D | T39: A | V39: D | W39: A | Y39: D | Z39: A | AB39: D | AC39: A | AE39: D1 | AF39: A1 | AH39: D | AI39: A | AK39: D | AL39: A | AN39: D | AO39: A | AQ39: D | AR39: A
D40: 0 | E40: - | F40: 454 | G40: 0 | H40: - | I40: 379.923 | J40: 0 | K40: - | L40: 422.762 | M40: 0 | N40: - | O40: 446 | P40: 0 | Q40: - | R40: 389.71 | S40: 0 | T40: - | U40: 480.749 | V40: 0 | W40: - | X40: 176 | Y40: 0 | Z40: - | AA40: 212 | AB40: 0 | AC40: - | AD40: 220 | AE40: 0 | AF40: - | AG40: 434 | AH40: 0 | AI40: - | AJ40: 431 | AK40: 0 | AL40: - | AM40: 440 | AN40: 0 | AO40: - | AP40: 0 | AQ40: 0 | AR40: - | AS40: 362 | BB40: =SUM(F40:AS40) -> 4848.144
D41: 13/2 | G41: 13/3 | J41: 14/0 | M41: 15/0 | P41: 15/1 | S41: 16/0 | V41: 17/0 | Y41: 18/0 | AA41: NH-56 | AB41: 19/0 | AE41: 20/0 | AH41: 21/0 | AK41: 22/0 | AN41: 23/0 | AQ41: 23/1
D42: A+6 | G42: A+6 | J42: D45+3 | M42: B2+0 | P42: A+3 | S42: B2+6 | V42: D45+3 | Y42: D45+0 | AB42: D60(-)3 | AE42: D45+6 | AH42: C2+9 | AK42: D60+0 | AN42: D60+3 | AQ42: A+0
D44: =AQ33+1 -> 27 | G44: =D44+1 -> 28 | J44: =G44+1 -> 29 | M44: =J44+1 -> 30 | P44: =M44+1 -> 31 | S44: =P44+1 -> 32 | V44: =S44+1 -> 33 | Y44: =V44+1 -> 34 | AB44: =Y44+1 -> 35 | AE44: =AB44+1 -> 36 | AH44: =AE44+1 -> 37 | AK44: =AH44+1 -> 38 | AN44: =AK44+1 -> 39 | AQ44: =AN44+1 -> 40
AQ45: Route Diveriosn Proposed
D49: C2 | E49: B2 | G49: C2 | H49: B2 | J49: C2 | K49: B2 | M49: C | N49: B | P49: C | Q49: B | S49: C | T49: B | V49: C | W49: B | Y49: C | Z49: B | AB49: C | AC49: B | AE49: C | AF49: B | AH49: C | AI49: B | AK49: C | AL49: B | AN49: C | AO49: B | AQ49: C | AR49: B | AV49: =COUNTA(D52:AR52) -> 14 | AW49: =COUNTIF(K48:AR48,"FC") -> 0 | AX49: =COUNTIF(J47:AR47,"EC") -> 0 | AY49: =COUNTIF(J51:AR51,"E") -> 0 | AZ49: =COUNTIF(J48:AR48,"TW") -> 0
D50: D2 | E50: A2 | G50: D2 | H50: A2 | J50: D2 | K50: A2 | M50: D | N50: A | P50: D | Q50: A | S50: D | T50: A | V50: D | W50: A | Y50: D | Z50: A | AB50: D | AC50: A | AE50: D | AF50: A | AH50: D | AI50: A | AK50: D | AL50: A | AN50: D | AO50: A | AQ50: D | AR50: A
D51: 0 | E51: - | F51: 365 | G51: 0 | H51: - | I51: 365 | J51: 0 | K51: - | L51: 390 | M51: 0 | N51: - | O51: 390 | P51: 0 | Q51: - | R51: 381 | S51: 0 | T51: - | U51: 390 | V51: 0 | W51: - | X51: 369 | Y51: 0 | Z51: - | AA51: 432 | AB51: 0 | AC51: - | AD51: 446 | AE51: 0 | AF51: - | AG51: 395 | AH51: 0 | AI51: - | AJ51: 400 | AK51: 0 | AL51: - | AM51: 440 | AN51: 0 | AO51: - | AP51: 439 | AQ51: 0 | AR51: - | AS51: 372 | BB51: =SUM(F51:AS51) -> 5574
D52: 23/2 | G52: 23/3 | J52: AP24 | M52: 24/1 | P52: 24/2 | S52: 24/3 | V52: AP25 | Y52: AP26 | AB52: AP27 | AE52: AP28 | AH52: 28/1 | AK52: AP29 | AN52: 29/1 | AQ52: AP30
D53: A+0 | G53: A+0 | J53: D45+0 | M53: A+6 | P53: A+3 | S53: A+6 | V53: C2+0 | Y53: D45+0 | AB53: D45+0 | AE53: C1+0 | AH53: A+3 | AK53: C1+6 | AN53: B1+9 | AQ53: C2+6
D55: =AQ44+1 -> 41 | G55: =D55+1 -> 42 | J55: =G55+1 -> 43 | M55: =J55+1 -> 44 | P55: =M55+1 -> 45 | S55: =P55+1 -> 46 | V55: =S55+1 -> 47 | Y55: =V55+1 -> 48 | AB55: =Y55+1 -> 49 | AE55: =AB55+1 -> 50 | AH55: =AE55+1 -> 51 | AK55: =AH55+1 -> 52 | AN55: =AK55+1 -> 53 | AQ55: =AN55+1 -> 54
D56: Route Diversion Proposed | AE56: DS Submiited
D60: C | E60: B | G60: C | H60: B | J60: C | K60: B | M60: C | N60: B | P60: C | Q60: B | S60: C | T60: B | V60: C | W60: B | Y60: C | Z60: B | AB60: C | AC60: B | AE60: C | AF60: B | AH60: C | AI60: B | AK60: C | AL60: B | AN60: C | AO60: B | AQ60: C | AR60: B | AV60: =COUNTA(D63:AR63) -> 14 | AW60: =COUNTIF(K59:AR59,"FC") -> 0 | AX60: =COUNTIF(J58:AR58,"EC") -> 0 | AY60: =COUNTIF(J62:AR62,"E") -> 0 | AZ60: =COUNTIF(J59:AR59,"TW") -> 0
D61: D | E61: A | G61: D | H61: A | J61: D | K61: A | M61: D | N61: A | P61: D | Q61: A | S61: D | T61: A | V61: D | W61: A | Y61: D | Z61: A | AB61: D | AC61: A | AE61: D | AF61: A | AH61: D | AI61: A | AK61: D | AL61: A | AN61: D | AO61: A | AQ61: D | AR61: A
D62: 0 | E62: - | F62: 372 | G62: 0 | H62: - | I62: 370 | J62: 0 | K62: - | L62: 400 | M62: 0 | N62: - | O62: 360 | P62: 0 | Q62: - | R62: 365 | S62: 0 | T62: - | U62: 428 | V62: 0 | W62: - | X62: 360.723 | Y62: 0 | Z62: - | AA62: 260.002 | AB62: 0 | AC62: - | AD62: 456.806 | AE62: 0 | AF62: - | AG62: 444.778 | AH62: 0 | AI62: - | AJ62: 407 | AK62: 0 | AL62: - | AM62: 400.912 | AN62: 0 | AO62: - | AP62: 407 | AQ62: 0 | AR62: - | AS62: 378 | BB62: =SUM(F62:AS62) -> 5410.221
D63: 30/1 | G63: 30/2 | J63: AP31 | M63: AP32 | P63: 32/1 | S63: AP33 | V63: 33/1 | Y63: AP34 | AB63: 34/1 | AE63: AP35 | AH63: AP36 | AK63: 36/1 | AN63: AP37 | AQ63: 37/1
D64: A+0 | G64: A+0 | J64: C1+3 | M64: D45+3 | P64: A+0 | S64: C1-3 | V64: A+0 | Y64: C2+0 | AB64: A+6 | AE64: B2+3 | AH64: C1+3 | AK64: A+0 | AN64: C1+3 | AQ64: A+6
D66: =AQ55+1 -> 55 | G66: =D66+1 -> 56 | J66: =G66+1 -> 57 | M66: =J66+1 -> 58 | P66: =M66+1 -> 59 | S66: =P66+1 -> 60 | V66: =S66+1 -> 61 | Y66: =V66+1 -> 62 | AB66: =Y66+1 -> 63 | AE66: =AB66+1 -> 64 | AH66: =AE66+1 -> 65 | AK66: =AH66+1 -> 66 | AN66: =AK66+1 -> 67 | AQ66: =AN66+1 -> 68
C67: DS Submitted | AK67: Route Diversion Proposed
D71: C | E71: B | G71: C | H71: B | J71: C | K71: B | M71: C | N71: B | P71: C | Q71: B | S71: C | T71: B | V71: C | W71: B | Y71: C | Z71: B | AB71: C | AC71: B | AE71: C | AF71: B | AH71: C | AI71: B | AK71: C | AL71: B | AN71: C | AO71: B | AQ71: C | AR71: B | AV71: =COUNTA(D74:AR74) -> 14 | AW71: =COUNTIF(K70:AR70,"FC") -> 0 | AX71: =COUNTIF(J69:AR69,"EC") -> 0 | AY71: =COUNTIF(J73:AR73,"E") -> 0 | AZ71: =COUNTIF(J70:AR70,"TW") -> 0
D72: D | E72: A | G72: D | H72: A | J72: D | K72: A | M72: D | N72: A | P72: D | Q72: A | S72: D | T72: A | V72: D | W72: A | Y72: D | Z72: A | AB72: D | AC72: A | AE72: D | AF72: A | AH72: D | AI72: A | AK72: D | AL72: A | AN72: D | AO72: A | AQ72: D | AR72: A
D73: 0 | E73: - | F73: 468 | G73: 0 | H73: - | I73: 379 | J73: 0 | K73: - | L73: 354 | M73: 0 | N73: - | O73: 388 | P73: 0 | Q73: - | R73: 442.971 | S73: 0 | T73: - | U73: 508 | V73: 0 | W73: - | X73: 313.962 | Y73: 0 | Z73: - | AA73: 386 | AB73: 0 | AC73: - | AD73: 439 | AE73: 0 | AF73: - | AG73: 362 | AH73: 0 | AI73: - | AJ73: 477.962 | AK73: 0 | AL73: - | AM73: 350 | AN73: 0 | AO73: - | AP73: 350 | AQ73: 0 | AR73: - | AS73: 325 | BB73: =SUM(F73:AS73) -> 5543.895
D74: 37/2 | G74: 37/3 | J74: 37/4 | M74: 37/5 | P74: 37/6 | S74: 38/0 | V74: 38/1 | Y74: 39/0 | AB74: 39/1 | AE74: 39/2 | AH74: 39/3 | AK74: 40/0 | AN74: 40/1 | AQ74: 40/2
D75: A+4.5 | G75: A+4.5 | J75: A+7.5 | M75: A+4.5 | P75: A+9 | S75: B2+6 | V75: A+6 | Y75: C2+3 | AB75: A+9 | AE75: A+0 | AH75: A+9 | AK75: C1+9 | AN75: A+1.5 | AQ75: A+0
D77: =AQ66+1 -> 69 | G77: =D77+1 -> 70 | J77: =G77+1 -> 71 | M77: =J77+1 -> 72 | P77: =M77+1 -> 73 | S77: =P77+1 -> 74 | V77: =S77+1 -> 75 | Y77: =V77+1 -> 76 | AB77: =Y77+1 -> 77 | AE77: =AB77+1 -> 78 | AH77: =AE77+1 -> 79 | AK77: =AH77+1 -> 80 | AN77: =AK77+1 -> 81 | AQ77: =AN77+1 -> 82
C78: Route Diversion Proposed
D82: C | E82: B | G82: C | H82: B | J82: C | K82: B | M82: C | N82: B | P82: C2 | Q82: B2 | S82: C | T82: B | V82: C | W82: B | Y82: C | Z82: B | AB82: C | AC82: B | AE82: C3 | AF82: B3 | AH82: C | AI82: B | AK82: C | AL82: B | AN82: C | AO82: B | AQ82: C | AR82: B | AV82: 14 | AW82: =COUNTIF(K81:AR81,"FC") -> 0 | AX82: =COUNTIF(J80:AR80,"EC") -> 0 | AY82: =COUNTIF(J84:AR84,"E") -> 0 | AZ82: =COUNTIF(J81:AR81,"TW") -> 0
D83: D | E83: A | G83: D | H83: A | J83: D | K83: A | M83: D | N83: A | P83: D2 | Q83: A2 | S83: D | T83: A | V83: D | W83: A | Y83: D | Z83: A | AB83: D | AC83: A | AE83: D3 | AF83: A3 | AH83: D | AI83: A | AK83: D | AL83: A | AN83: D | AO83: A | AQ83: D | AR83: A
D84: 0 | E84: - | F84: 386 | G84: 0 | H84: - | I84: 458.967 | J84: 0 | K84: - | L84: 329.873 | M84: 0 | N84: - | O84: 369 | P84: 0 | Q84: - | R84: 466.935 | S84: 0 | T84: - | U84: 304.854 | V84: 0 | W84: - | X84: 214.003 | Y84: 0 | Z84: - | AA84: 433.999 | AB84: 0 | AC84: - | AD84: 414 | AE84: 0 | AF84: - | AG84: 416 | AH84: 0 | AI84: - | AJ84: 334.881 | AK84: 0 | AL84: - | AM84: 356 | AN84: 0 | AO84: - | AP84: 385 | AQ84: 0 | AR84: - | AS84: 379.877 | BB84: =SUM(F84:AS84) -> 5249.389
D85: 42/1 | G85: 42/2 | J85: 43/0 | M85: 44/0 | P85: 44/1 | S85: 45/0 | U85: SH-26 | V85: 46/0 | X85: 400 kV SC PL | Y85: 47/0 | AB85: 47/1 | AE85: 47/2 | AH85: 47/3 | AK85: 48/0 | AN85: 48/1 | AQ85: 48/2
D86: A+7.5 | G86: A+9 | J86: D45(-)3 | M86: C2(-)3 | P86: A+6 | S86: C1+6 | V86: D60+18 | Y86: D60+25 | AB86: A+3 | AE86: A+9 | AH86: A+3 | AK86: C1+0 | AN86: A+0 | AQ86: A+3
D88: =AQ77+11 -> 93 | G88: =D88+1 -> 94 | J88: =G88+1 -> 95 | M88: =J88+1 -> 96 | P88: =M88+1 -> 97 | S88: =P88+1 -> 98 | V88: =S88+1 -> 99 | Y88: =V88+1 -> 100 | AB88: =Y88+1 -> 101 | AE88: =AB88+1 -> 102 | AH88: =AE88+1 -> 103 | AK88: =AH88+1 -> 104 | AN88: =AK88+1 -> 105 | AQ88: =AN88+1 -> 106
C89: Route Diversion Proposed | T89: CS Appproved
D93: C | E93: B | G93: C | H93: B | J93: C | K93: B | M93: C | N93: B | P93: C | Q93: B | S93: C | T93: B | V93: C | W93: B | Y93: C | Z93: B | AB93: C | AC93: B | AE93: C | AF93: B | AH93: C | AI93: B | AK93: C | AL93: B | AN93: C | AO93: B | AQ93: C | AR93: B | AV93: =COUNTA(D96:AR96) -> 15 | AW93: =COUNTIF(K92:AR92,"FC") -> 0 | AX93: =COUNTIF(J91:AR91,"EC") -> 0 | AY93: =COUNTIF(J95:AR95,"E") -> 0 | AZ93: =COUNTIF(J92:AR92,"TW") -> 0
D94: D | E94: A | G94: D | H94: A | J94: D | K94: A | M94: D | N94: A | P94: D | Q94: A | S94: D | T94: A | V94: D | W94: A | Y94: D | Z94: A | AB94: D | AC94: A | AE94: D | AF94: A | AH94: D | AI94: A | AK94: D | AL94: A | AN94: D | AO94: A | AQ94: D | AR94: A
D95: 0 | E95: - | F95: 357.966 | G95: 0 | H95: - | I95: 323.998 | J95: 0 | K95: - | L95: 412 | M95: 0 | N95: - | O95: 430.869 | P95: 0 | Q95: - | R95: 230 | S95: 0 | T95: - | U95: 523 | V95: 0 | W95: - | X95: 464 | Y95: 0 | Z95: - | AA95: 397 | AB95: 0 | AC95: - | AD95: 372.208 | AE95: 0 | AF95: - | AG95: 456.278 | AH95: 0 | AI95: - | AJ95: 424.237 | AK95: 0 | AL95: - | AM95: 363 | AN95: 0 | AO95: - | AP95: 384.003 | AQ95: 0 | AR95: - | AS95: 450.001 | BB95: =SUM(F95:AS95) -> 5588.56
D96: 49/0 | G96: 49A/0 | J96: 49B/0 | M96: 49B/1 | P96: 50/0 | R96: Rly | S96: 51/0 | V96: 51/1 | Y96: 52/0 | AB96: 52/1 | AE96: 53/0 | AH96: 54/0 | AK96: 55/0 | AN96: 55/1 | AQ96: 55/2
D97: D45+6 | G97: D45(-)3 | J97: D45+3 | M97: A+0 | P97: D60+6 | S97: D60+9 | V97: B1+9 | Y97: C2+9 | AB97: A+0 | AE97: D45(-)3 | AH97: D60+18 | AK97: C1+9 | AN97: A(-)3 | AQ97: A+9
D99: =AQ88+1 -> 107 | G99: =D99+1 -> 108 | J99: =G99+1 -> 109 | M99: =J99+1 -> 110 | P99: =M99+1 -> 111 | S99: =P99+1 -> 112 | V99: =S99+1 -> 113 | Y99: =V99+1 -> 114 | AB99: =Y99+1 -> 115 | AE99: =AB99+1 -> 116 | AH99: =AE99+1 -> 117 | AK99: =AH99+1 -> 118 | AN99: =AK99+1 -> 119 | AQ99: =AN99+1 -> 120
C100: CS Approved
D104: C | E104: B | G104: C | H104: B | J104: C | K104: B | M104: C | N104: B | P104: C | Q104: B | S104: C | T104: B | V104: C | W104: B | Y104: C | Z104: B | AB104: C | AC104: B | AE104: C | AF104: B | AH104: C | AI104: B | AK104: C | AL104: B | AN104: C | AO104: B | AQ104: C | AR104: B | AV104: 14 | AW104: =COUNTIF(K103:AR103,"FC") -> 0 | AX104: =COUNTIF(J102:AR102,"EC") -> 0 | AY104: =COUNTIF(J106:AR106,"E") -> 0 | AZ104: =COUNTIF(J103:AR103,"TW") -> 0
D105: D | E105: A | G105: D | H105: A | J105: D | K105: A | M105: D | N105: A | P105: D | Q105: A | S105: D | T105: A | V105: D | W105: A | Y105: D | Z105: A | AB105: D | AC105: A | AE105: D | AF105: A | AH105: D | AI105: A | AK105: D | AL105: A | AN105: D | AO105: A | AQ105: D | AR105: A
D106: 0 | E106: - | F106: 362.999 | G106: 0 | H106: - | I106: 373 | J106: 0 | K106: - | L106: 333 | M106: 0 | N106: - | O106: 497.019 | P106: 0 | Q106: - | R106: 355 | S106: 0 | T106: - | U106: 439 | V106: 0 | W106: - | X106: 408 | Y106: 0 | Z106: - | AA106: 438 | AB106: 0 | AC106: - | AD106: 258 | AE106: 0 | AF106: - | AG106: 323 | AH106: 0 | AI106: - | AJ106: 331.079 | AK106: 0 | AL106: - | AM106: 392.003 | AN106: 0 | AO106: - | AP106: 400 | AQ106: 0 | AR106: - | AS106: 400 | BB106: =SUM(F106:AS106) -> 5310.1
D107: 56/0 | G107: 56/1 | J107: 57/0 | M107: 57/1 | P107: 58/0 | S107: 58/1 | V107: 58/2 | Y107: 58/3 | AB107: 59/0 | AD107: 132 kV SC PL | AE107: 60/0 | AH107: 60/1 | AK107: 61/0 | AN107: 62/0 | AQ107: 62/1
D108: B2+9 | G108: A+9 | J108: C1+3 | M108: A+9 | P108: C2+9 | S108: A+9 | V108: A+9 | Y108: A+6 | AB108: D45+9 | AE108: D45+6 | AH108: A+0 | AK108: D45+0 | AN108: C2+0 | AQ108: A+6
D110: =AQ99+1 -> 121 | G110: =D110+1 -> 122 | J110: =G110+1 -> 123 | M110: =J110+1 -> 124 | P110: =M110+1 -> 125 | S110: =P110+1 -> 126 | V110: =S110+1 -> 127 | Y110: =V110+1 -> 128 | AB110: =Y110+1 -> 129 | AE110: =AB110+1 -> 130 | AH110: =AE110+1 -> 131 | AK110: =AH110+1 -> 132 | AN110: =AK110+1 -> 133 | AQ110: =AN110+1 -> 134
C111: CS Appprved
D115: C | E115: B | G115: C | H115: B | J115: C | K115: B | M115: C | N115: B | P115: C | Q115: B | S115: C | T115: B | V115: C | W115: B | Y115: C | Z115: B | AB115: C | AC115: B | AE115: C | AF115: B | AH115: C | AI115: B | AK115: C | AL115: B | AN115: C | AO115: B | AQ115: C | AR115: B | AV115: 14 | AW115: =COUNTIF(K114:AR114,"FC") -> 0 | AX115: =COUNTIF(J113:AR113,"EC") -> 0 | AY115: =COUNTIF(J117:AR117,"E") -> 0 | AZ115: =COUNTIF(J114:AR114,"TW") -> 0
D116: D | E116: A | G116: D | H116: A | J116: D | K116: A | M116: D | N116: A | P116: D | Q116: A | S116: D | T116: A | V116: D | W116: A | Y116: D | Z116: A | AB116: D | AC116: A | AE116: D | AF116: A | AH116: D | AI116: A | AK116: D | AL116: A | AN116: D | AO116: A | AQ116: D | AR116: A
D117: 0 | E117: - | F117: 400 | G117: 0 | H117: - | I117: 402 | J117: 0 | K117: - | L117: 400 | M117: 0 | N117: - | O117: 400 | P117: 0 | Q117: - | R117: 410 | S117: 0 | T117: - | U117: 410 | V117: 0 | W117: - | X117: 395 | Y117: 0 | Z117: - | AA117: 388 | AB117: 0 | AC117: - | AD117: 382 | AE117: 0 | AF117: - | AG117: 406 | AH117: 0 | AI117: - | AJ117: 380 | AK117: 0 | AL117: - | AM117: 436 | AN117: 0 | AO117: - | AP117: 409.052 | AQ117: 0 | AR117: - | AS117: 423 | BB117: =SUM(F117:AS117) -> 5641.052
D118: 62/2 | G118: 62/3 | J118: AP63 | M118: 63/1 | P118: 63/2 | S118: 63/3 | V118: 63/4 | Y118: AP-64 | AB118: 64/1 | AE118: 64/2 | AH118: 64/3 | AK118: 64/4 | AN118: 64/5 | AQ118: 65/0
D119: A+6 | G119: A+6 | J119: C1+3 | M119: A+9 | P119: A+6 | S119: A+6 | V119: A+3 | Y119: B2+0 | AB119: A+0 | AE119: A+0 | AH119: A+3 | AK119: A+0 | AN119: A+3 | AQ119: B2+0
AK120: =AH121+1 -> 146
D121: =AQ110+1 -> 135 | G121: =D121+1 -> 136 | J121: =G121+1 -> 137 | M121: =J121+1 -> 138 | P121: =M121+1 -> 139 | S121: =P121+1 -> 140 | V121: =S121+1 -> 141 | Y121: =V121+1 -> 142 | AB121: =Y121+1 -> 143 | AE121: =AB121+1 -> 144 | AH121: =AE121+1 -> 145 | AK121: =AH121+1 -> 146 | AN121: =AK121+1 -> 147 | AQ121: =AN121+1 -> 148
C122: CS Approved
AH125: FC | AK125: FC | AN125: FC | AQ125: FC | AV125: =COUNTA(J129:AR129) -> 12 | AW125: =COUNTIF(K124:AR124,"FC") -> 0 | AX125: =COUNTIF(J123:AR123,"EC") -> 0 | AY125: =COUNTIF(J127:AR127,"E") -> 0 | AZ125: =COUNTIF(J124:AR124,"TW") -> 0
D126: C | E126: B | G126: C | H126: B | J126: C | K126: B | M126: C | N126: B | P126: C | Q126: B | S126: C | T126: B | V126: C | W126: B | Y126: C | Z126: B | AB126: C | AC126: B | AE126: C | AF126: B | AH126: C | AI126: B | AK126: C | AL126: B | AN126: C | AO126: B | AQ126: C | AR126: B | AV126: 14 | AW126: =COUNTIF(K125:AR125,"FC") -> 4 | AX126: =COUNTIF(J124:AR124,"EC") -> 0 | AY126: =COUNTIF(J128:AR128,"E") -> 3 | AZ126: =COUNTIF(J125:AR125,"TW") -> 0
D127: D | E127: A | G127: D | H127: A | J127: D | K127: A | M127: D | N127: A | P127: D | Q127: A | S127: D | T127: A | V127: D | W127: A | Y127: D | Z127: A | AB127: D | AC127: A | AE127: D | AF127: A | AH127: D | AI127: A | AK127: D | AL127: A | AN127: D | AO127: A | AQ127: D | AR127: A
D128: 0 | E128: - | F128: 372.008 | G128: 0 | H128: - | I128: 369.995 | J128: 0 | K128: - | L128: 352 | M128: 0 | N128: - | O128: 432 | P128: 0 | Q128: - | R128: 417 | S128: 0 | T128: - | U128: 428.062 | V128: 0 | W128: - | X128: 379 | Y128: 0 | Z128: DFR | AA128: 396 | AB128: 0 | AC128: - | AD128: 396.008 | AE128: 0 | AF128: - | AG128: 400 | AH128: E | AI128: - | AJ128: 397 | AK128: E | AL128: - | AM128: 378.998 | AN128: E | AO128: - | AP128: 379 | AQ128: 0 | AR128: - | AS128: 352.701 | BB128: =SUM(F128:AS128) -> 5449.772
D129: 65/1 | G129: 66/0 | J129: 67/0 | M129: 67/1 | P129: 67/2 | S129: 67/3 | V129: 68/0 | Y129: 68/1 | AB129: 68/2 | AE129: 69/0 | AH129: 69/1 | AK129: 69/2 | AN129: 69/3 | AQ129: 69/4
D130: A+0 | G130: D45+0 | J130: D60+0 | M130: A+0 | P130: A+6 | S130: A+6 | V130: D45+0 | Y130: A+0 | AB130: A+3 | AE130: D45+0 | AH130: A+0 | AK130: A+0 | AN130: A+0 | AQ130: A+0
D132: =AQ121+1 -> 149 | G132: =D132+1 -> 150 | J132: =G132+1 -> 151 | M132: =J132+1 -> 152 | P132: =M132+1 -> 153 | S132: =P132+1 -> 154 | V132: =S132+1 -> 155 | Y132: =V132+1 -> 156 | AB132: =Y132+1 -> 157 | AE132: =AB132+1 -> 158 | AH132: =AE132+1 -> 159 | AK132: =AH132+1 -> 160 | AN132: =AK132+1 -> 161 | AQ132: =AN132+1 -> 162
C133: CS Approved
AV134: =COUNTA(J137:AR137) -> 24 | AW134: =COUNTIF(#REF!,"FC") -> #REF! | AX134: =COUNTIF(#REF!,"EC") -> #REF! | AY134: =COUNTIF(J136:AR136,"E") -> 0 | AZ134: =COUNTIF(#REF!,"TW") -> #REF!
G136: FC | J136: FC | M136: FC | S136: FC | V136: FC | Y136: FC | AB136: FC
