Workbook
Name \0: #REF!
Name \0: #REF!
Name \0: #REF!
Name \0: #REF!
Name \0: #REF!
Name \0: #REF!
Name \0: #REF!
Name \0: #REF!
Name \A: #REF!
Name \A: #REF!
Name \A: #REF!
Name \A: #REF!
Name \A: #REF!
Name \A: #REF!
Name \A: #REF!
Name \A: #REF!
Name \B: #REF!
Name \B: #REF!
Name \B: #REF!
Name \B: #REF!
Name \B: #REF!
Name \B: #REF!
Name \B: #REF!
Name \B: #REF!
Name \C: #REF!
Name \C: #REF!
Name \C: #REF!
Name \C: #REF!
Name \C: #REF!
Name \C: #REF!
Name \C: #REF!
Name \C: #REF!
Name \i: #REF!
Name \i: #REF!
Name \i: #REF!
Name \i: #REF!
Name \i: #REF!
Name \i: #REF!
Name \i: #REF!
Name \i: #REF!
Name \M: #REF!
Name \M: #REF!
Name \M: #REF!
Name \M: #REF!
Name \M: #REF!
Name \M: #REF!
Name \M: #REF!
Name \M: #REF!
Name \N: #REF!
Name \N: #REF!
Name \N: #REF!
Name \N: #REF!
Name \N: #REF!
Name \N: #REF!
Name \N: #REF!
Name \N: #REF!
Name \P: #REF!
Name \P: #REF!
Name \P: #REF!
Name \P: #REF!

Sheet TB-412 SUMMARY
A2: Daily Progress Report Summary
L3: ='Summary-'!M3:M3 -> Date-24/06/2026
B4: Contractual Start Date | C4: 45287 | D4: Project | E4: TB-412 TL
B5: Contractual Finish Date | C5: 45831 | D5: Client | E5: Bihar State Power Transmission corporation Limited
B6: TOE | C6: 46081 | D6: NOA Supply: | E6: 18. Dated - | F6: 27/12/2023
D7: NOA Service: | E7: 19. Dated - | F7: 45287
A8: TB-412 Chhapra- TL
A9: Sr no. | B9: Activity | C9: Total Quantity | E9: Cumm. Progress up to Last Month (May'26) | F9: Target as per L2 Schedule Cummulative (upto June'26) | G9: Target of Month for (June'2026) | H9: Comp This Month (June'2026) | I9: Cumulative Progress | J9: WIP | K9: Balance | L9: No of Gangs | M9: Remark
C10: LOA | D10: Estimated
A11: 1 | B11: Route Alignment (Km) | C11: ='Summary-'!C11+'Summary-'!C28+'Summary-'!C47 -> 165 | D11: ='Summary-'!D11+'Summary-'!D28+'Summary-'!D47 -> 150.833 | E11: ='Summary-'!E11+'Summary-'!E28+'Summary-'!E47 -> 150.833 | F11: ='Summary-'!F11+'Summary-'!F28+'Summary-'!F47 -> 150.833 | G11: ='Summary-'!G11+'Summary-'!G28+'Summary-'!G47 -> 0 | H11: ='Summary-'!H11+'Summary-'!H28+'Summary-'!H47 -> 0 | I11: ='Summary-'!I11+'Summary-'!I28+'Summary-'!I47 -> 150.833 | J11: ='Summary-'!J11+'Summary-'!J28+'Summary-'!J47 -> 0 | K11: =D11-I11-J11 -> 0 | L11: ='Summary-'!L11+'Summary-'!L28+'Summary-'!L47 -> 0 | M11: Completed
A12: 2 | B12: Detailed Survey (Km) | C12: ='Summary-'!C12+'Summary-'!C29+'Summary-'!C48 -> 165 | D12: ='Summary-'!D12+'Summary-'!D29+'Summary-'!D48 -> 150.833 | E12: ='Summary-'!E12+'Summary-'!E29+'Summary-'!E48 -> 149.21 | F12: ='Summary-'!F12+'Summary-'!F29+'Summary-'!F48 -> 150.833 | G12: ='Summary-'!G12+'Summary-'!G29+'Summary-'!G48 -> 1.623 | H12: ='Summary-'!H12+'Summary-'!H29+'Summary-'!H48 -> 0 | I12: ='Summary-'!I12+'Summary-'!I29+'Summary-'!I48 -> 149.21 | J12: ='Summary-'!J12+'Summary-'!J29+'Summary-'!J48 -> 0 | K12: =D12-I12-J12 -> 1.623 | L12: ='Summary-'!L12+'Summary-'!L29+'Summary-'!L48 -> 0
A13: 3 | B13: Detailed Survey Profiling (Km) | C13: ='Summary-'!C13+'Summary-'!C30+'Summary-'!C49 -> 165 | D13: ='Summary-'!D13+'Summary-'!D30+'Summary-'!D49 -> 150.833 | E13: ='Summary-'!E13+'Summary-'!E30+'Summary-'!E49 -> 147.635 | F13: ='Summary-'!F13+'Summary-'!F30+'Summary-'!F49 -> 150.833 | G13: ='Summary-'!G13+'Summary-'!G30+'Summary-'!G49 -> 3.198 | H13: ='Summary-'!H13+'Summary-'!H30+'Summary-'!H49 -> 0 | I13: ='Summary-'!I13+'Summary-'!I30+'Summary-'!I49 -> 147.635 | J13: ='Summary-'!J13+'Summary-'!J30+'Summary-'!J49 -> 0 | K13: =D13-I13-J13 -> 3.198 | L13: ='Summary-'!L13+'Summary-'!L30+'Summary-'!L49 -> 0
A14: 4 | B14: Approved detail survey (Km) | C14: ='Summary-'!C14+'Summary-'!C31+'Summary-'!C50 -> 165 | D14: ='Summary-'!D14+'Summary-'!D31+'Summary-'!D50 -> 150.833 | E14: ='Summary-'!E14+'Summary-'!E31+'Summary-'!E50 -> 142.919 | F14: ='Summary-'!F14+'Summary-'!F31+'Summary-'!F50 -> 150.833 | G14: ='Summary-'!G14+'Summary-'!G31+'Summary-'!G50 -> 7.914 | H14: ='Summary-'!H14+'Summary-'!H31+'Summary-'!H50 -> 0 | I14: ='Summary-'!I14+'Summary-'!I31+'Summary-'!I50 -> 142.919 | J14: ='Summary-'!J14+'Summary-'!J31+'Summary-'!J50 -> 0 | K14: =D14-I14-J14 -> 7.914 | L14: ='Summary-'!L14+'Summary-'!L31+'Summary-'!L50 -> 0
A15: 5 | B15: Check Survey (Km) | C15: ='Summary-'!C15+'Summary-'!C32+'Summary-'!C51 -> 165 | D15: ='Summary-'!D15+'Summary-'!D32+'Summary-'!D51 -> 150.833 | E15: ='Summary-'!E15+'Summary-'!E32+'Summary-'!E51 -> 119.962 | F15: ='Summary-'!F15+'Summary-'!F32+'Summary-'!F51 -> 150.833 | G15: ='Summary-'!G15+'Summary-'!G32+'Summary-'!G51 -> 25.288 | H15: ='Summary-'!H15+'Summary-'!H32+'Summary-'!H51 -> 0 | I15: ='Summary-'!I15+'Summary-'!I32+'Summary-'!I51 -> 119.962 | J15: ='Summary-'!J15+'Summary-'!J32+'Summary-'!J51 -> 0 | K15: =D15-I15-J15 -> 30.871 | L15: ='Summary-'!L15+'Summary-'!L32+'Summary-'!L51 -> 0 | M15: U/P
A16: 6 | B16: Approved check survey ( Km) | C16: ='Summary-'!C16+'Summary-'!C33+'Summary-'!C52 -> 165 | D16: ='Summary-'!D16+'Summary-'!D33+'Summary-'!D52 -> 150.833 | E16: ='Summary-'!E16+'Summary-'!E33+'Summary-'!E52 -> 102.416 | F16: ='Summary-'!F16+'Summary-'!F33+'Summary-'!F52 -> 150.833 | G16: ='Summary-'!G16+'Summary-'!G33+'Summary-'!G52 -> 36.061 | H16: ='Summary-'!H16+'Summary-'!H33+'Summary-'!H52 -> 0 | I16: ='Summary-'!I16+'Summary-'!I33+'Summary-'!I52 -> 102.416 | J16: ='Summary-'!J16+'Summary-'!J33+'Summary-'!J52 -> 0 | K16: =D16-I16-J16 -> 48.417 | L16: ='Summary-'!L16+'Summary-'!L33+'Summary-'!L52 -> 0
A17: 7 | B17: Soil Investigation (Nos) | C17: ='Summary-'!C17+'Summary-'!C34+'Summary-'!C53 -> 165 | D17: ='Summary-'!D17+'Summary-'!D34+'Summary-'!D53 -> 147 | E17: ='Summary-'!E17+'Summary-'!E34+'Summary-'!E53 -> 147 | F17: ='Summary-'!F17+'Summary-'!F34+'Summary-'!F53 -> 147 | G17: ='Summary-'!G17+'Summary-'!G34+'Summary-'!G53 -> 0 | H17: ='Summary-'!H17+'Summary-'!H34+'Summary-'!H53 -> 0 | I17: ='Summary-'!I17+'Summary-'!I34+'Summary-'!I53 -> 147 | J17: ='Summary-'!J17+'Summary-'!J34+'Summary-'!J53 -> 0 | K17: =D17-I17-J17 -> 0 | L17: ='Summary-'!L17+'Summary-'!L34+'Summary-'!L53 -> 0 | M17: Completed
A18: 8 | B18: Excavation (Nos) | C18: ='Summary-'!C18+'Summary-'!C35+'Summary-'!C54 -> 564 | D18: ='Summary-'!D18+'Summary-'!D35+'Summary-'!D54 -> 505 | E18: ='Summary-'!E18+'Summary-'!E35+'Summary-'!E54 -> 274 | F18: ='Summary-'!F18+'Summary-'!F35+'Summary-'!F54 -> 505 | G18: ='Summary-'!G18+'Summary-'!G35+'Summary-'!G54 -> 80 | H18: ='Summary-'!H18+'Summary-'!H35+'Summary-'!H54 -> 30 | I18: ='Summary-'!I18+'Summary-'!I35+'Summary-'!I54 -> 304 | J18: ='Summary-'!J18+'Summary-'!J35+'Summary-'!J54 -> 0 | K18: =D18-I18-J18 -> 201 | L18: ='Summary-'!L18+'Summary-'!L35+'Summary-'!L54 -> 0
A19: 9 | B19: Foundation (Nos) | C19: ='Summary-'!C19+'Summary-'!C36+'Summary-'!C55 -> 564 | D19: ='Summary-'!D19+'Summary-'!D36+'Summary-'!D55 -> 505 | E19: ='Summary-'!E19+'Summary-'!E36+'Summary-'!E55 -> 264 | F19: ='Summary-'!F19+'Summary-'!F36+'Summary-'!F55 -> 505 | G19: ='Summary-'!G19+'Summary-'!G36+'Summary-'!G55 -> 80 | H19: ='Summary-'!H19+'Summary-'!H36+'Summary-'!H55 -> 32 | I19: ='Summary-'!I19+'Summary-'!I36+'Summary-'!I55 -> 296 | J19: ='Summary-'!J19+'Summary-'!J36+'Summary-'!J55 -> 13 | K19: =D19-I19-J19 -> 196 | L19: ='Summary-'!L19+'Summary-'!L36+'Summary-'!L55 -> 13
A20: 10 | B20: Earthing (Nos) | C20: ='Summary-'!C20+'Summary-'!C37+'Summary-'!C56 -> 564 | D20: ='Summary-'!D20+'Summary-'!D37+'Summary-'!D56 -> 505 | E20: ='Summary-'!E20+'Summary-'!E37+'Summary-'!E56 -> 185 | F20: ='Summary-'!F20+'Summary-'!F37+'Summary-'!F56 -> 505 | G20: ='Summary-'!G20+'Summary-'!G37+'Summary-'!G56 -> 80 | H20: ='Summary-'!H20+'Summary-'!H37+'Summary-'!H56 -> 29 | I20: ='Summary-'!I20+'Summary-'!I37+'Summary-'!I56 -> 214 | J20: ='Summary-'!J20+'Summary-'!J37+'Summary-'!J56 -> 0 | K20: =D20-I20-J20 -> 291 | L20: ='Summary-'!L20+'Summary-'!L37+'Summary-'!L56 -> 0
A21: 11 | B21: Tower Erection (Nos) | C21: ='Summary-'!C21+'Summary-'!C38+'Summary-'!C57 -> 564 | D21: ='Summary-'!D21+'Summary-'!D38+'Summary-'!D57 -> 505 | E21: ='Summary-'!E21+'Summary-'!E38+'Summary-'!E57 -> 87 | F21: ='Summary-'!F21+'Summary-'!F38+'Summary-'!F57 -> 505 | G21: ='Summary-'!G21+'Summary-'!G38+'Summary-'!G57 -> 70 | H21: ='Summary-'!H21+'Summary-'!H38+'Summary-'!H57 -> 38 | I21: ='Summary-'!I21+'Summary-'!I38+'Summary-'!I57 -> 125 | J21: ='Summary-'!J21+'Summary-'!J38+'Summary-'!J57 -> 8 | K21: =D21-I21-J21 -> 372 | L21: ='Summary-'!L21+'Summary-'!L38+'Summary-'!L57 -> 8
A22: 12 | B22: Tack Welding (Nos) | C22: ='Summary-'!C22+'Summary-'!C39+'Summary-'!C58 -> 564 | D22: ='Summary-'!D22+'Summary-'!D39+'Summary-'!D58 -> 505 | E22: ='Summary-'!E22+'Summary-'!E39+'Summary-'!E58 -> 21 | F22: ='Summary-'!F22+'Summary-'!F39+'Summary-'!F58 -> 505 | G22: ='Summary-'!G22+'Summary-'!G39+'Summary-'!G58 -> 55 | H22: ='Summary-'!H22+'Summary-'!H39+'Summary-'!H58 -> 0 | I22: ='Summary-'!I22+'Summary-'!I39+'Summary-'!I58 -> 21 | J22: ='Summary-'!J22+'Summary-'!J39+'Summary-'!J58 -> 0 | K22: =D22-I22-J22 -> 484 | L22: ='Summary-'!L22+'Summary-'!L39+'Summary-'!L58 -> 0
A23: 13 | B23: Stringing (Km) | C23: ='Summary-'!C23+'Summary-'!C40+'Summary-'!C59 -> 165 | D23: ='Summary-'!D23+'Summary-'!D40+'Summary-'!D59 -> 150.833 | E23: ='Summary-'!E23+'Summary-'!E40+'Summary-'!E59 -> 0 | F23: ='Summary-'!F23+'Summary-'!F40+'Summary-'!F59 -> 150.833 | G23: ='Summary-'!G23+'Summary-'!G40+'Summary-'!G59 -> 12 | H23: ='Summary-'!H23+'Summary-'!H40+'Summary-'!H59 -> 3.199 | I23: ='Summary-'!I23+'Summary-'!I40+'Summary-'!I59 -> 3.199 | J23: ='Summary-'!J23+'Summary-'!J40+'Summary-'!J59 -> 0.349 | K23: =D23-I23-J23 -> 147.285 | L23: 2
A24: 14 | B24: OPGW Stringing (Km) | C24: ='Summary-'!C24+'Summary-'!C41+'Summary-'!C60 -> 165 | D24: ='Summary-'!D24+'Summary-'!D41+'Summary-'!D60 -> 150.833 | E24: ='Summary-'!E24+'Summary-'!E41+'Summary-'!E60 -> 0 | F24: ='Summary-'!F24+'Summary-'!F41+'Summary-'!F60 -> 150.833 | G24: ='Summary-'!G24+'Summary-'!G41+'Summary-'!G60 -> 0 | H24: ='Summary-'!H24+'Summary-'!H41+'Summary-'!H60 -> 0 | I24: ='Summary-'!I24+'Summary-'!I41+'Summary-'!I60 -> 0 | J24: ='Summary-'!J24+'Summary-'!J41+'Summary-'!J60 -> 0 | K24: =D24-I24-J24 -> 150.833 | L24: ='Summary-'!L24+'Summary-'!L41+'Summary-'!L60 -> 0
B27: Key Challenges-
B28: FOUNDATION | C28: 03 Nos Supervisors required
C29: 01 Nos store assistant required
B31: ERCTION | C31: 02 Nos Gang required urgently
B33: STRINGING | C33: 02 Nos Gang required urgently

Sheet Summary-
C1: Daily Progress Report
M3: Date-24/06/2026
B4: Contractual Start Date | C4: 45287 | D4: Project | E4: TB-412 TL
B5: Contractual Finish Date | C5: 45831 | D5: Client | E5: Bihar State Power Transmission corporation Limited
B6: TOE | C6: 46081 | D6: NOA Supply: | E6: 18. Dated - | F6: 27/12/2023
D7: NOA Service: | E7: 19. Dated - | F7: 45287
A8: 220 KV DC Twin Moose Chhapra - Amnour TL
A9: Sr no. | B9: Activity | C9: Total Quantity | E9: Cumm. Progress up to Last Month (May'26) | F9: Target as per L2 Schedule Cummulative (upto June'26) | G9: Target of Month for (June'2026) | H9: Comp This Month (June'2026) | I9: Cumulative Progress | J9: WIP | K9: Balance | L9: No of Gangs | M9: Remark
C10: LOA | D10: Estimated
A11: 1 | B11: Route Alignment (Km) | C11: 25 | D11: 6.6 | E11: 6.6 | F11: 6.6 | G11: 0 | H11: 0 | I11: =E11+H11 -> 6.6 | J11: 0 | K11: =D11-I11-J11 -> 0
A12: 2 | B12: Detailed Survey (Km) | C12: 25 | D12: 6.6 | E12: 6.6 | F12: 6.6 | G12: 0 | H12: 0 | I12: =E12+H12 -> 6.6 | J12: 0 | K12: =D12-I12-J12 -> 0
A13: 3 | B13: Detailed Survey Profiling (Km) | C13: 25 | D13: 6.6 | E13: 6.6 | F13: 6.6 | I13: =E13+H13 -> 6.6 | J13: 0 | K13: =D13-I13-J13 -> 0 | M13: Revised 0.33 KM Profile Submitted to BSPTCL HO from 23.12.2025
A14: 4 | B14: Approved detail survey (Km) | C14: 25 | D14: 6.6 | E14: 6.27 | F14: 6.6 | G14: 0.33 | H14: 0 | I14: =E14+H14 -> 6.27 | J14: 0 | K14: =D14-I14-J14 -> 0.33
A15: 5 | B15: Check Survey (Km) | C15: 25 | D15: 6.6 | E15: 5.539 | F15: 6.6 | G15: 1.061 | H15: 0 | I15: =E15+H15 -> 5.539 | J15: 0 | K15: =D15-I15-J15 -> 1.061
A16: 6 | B16: Approved check survey ( Km) | C16: 25 | D16: 6.6 | E16: 5.539 | F16: 6.6 | G16: 1.061 | H16: 0 | I16: =E16+H16 -> 5.539 | J16: 0 | K16: =D16-I16-J16 -> 1.061
A17: 7 | B17: Soil Investigation (Nos) | C17: 25 | D17: 7 | E17: 7 | F17: 7 | G17: 0 | H17: 0 | I17: =E17+H17 -> 7 | J17: 0 | K17: =D17-I17-J17 -> 0 | M17: Completed
A18: 8 | B18: Excavation (Nos) | C18: 82 | D18: 28 | E18: 23 | F18: 28 | G18: 5 | H18: 0 | I18: =E18+H18 -> 23 | J18: 0 | K18: =D18-I18-J18 -> 5
A19: 9 | B19: Foundation (Nos) | C19: 82 | D19: 28 | E19: 21 | F19: 28 | G19: 7 | H19: 2 | I19: =E19+H19 -> 23 | J19: 1 | K19: =D19-I19-J19 -> 4 | L19: 1
A20: 10 | B20: Earthing (Nos) | C20: 82 | D20: 28 | E20: 14 | F20: 28 | G20: 7 | H20: 1 | I20: =E20+H20 -> 15 | K20: =D20-I20-J20 -> 13
A21: 11 | B21: Tower Erection (Nos) | C21: 82 | D21: 28 | E21: 8 | F21: 28 | G21: 10 | H21: 3 | I21: =E21+H21 -> 11 | J21: 2 | K21: =D21-I21-J21 -> 15 | L21: 2
A22: 12 | B22: Tack Welding (Nos) | C22: 82 | D22: 28 | E22: 0 | F22: 28 | G22: 10 | H22: 0 | I22: =E22+H22 -> 0 | J22: 0 | K22: =D22-I22-J22 -> 28
A23: 13 | B23: Stringing (Km) | C23: 25 | D23: 6.6 | E23: 0 | F23: 6.6 | G23: 2 | H23: 0 | I23: =E23+H23 -> 0 | J23: 0 | K23: =D23-I23-J23 -> 6.6
A24: 14 | B24: OPGW Stringing (Km) | C24: 25 | D24: 6.6 | E24: 0 | F24: 6.6 | G24: 0 | H24: 0 | I24: =E24+H24 -> 0 | J24: 0 | K24: =D24-I24-J24 -> 6.6
A25: LILO 400 KV DC QUAD ACSR
A26: Sr no. | B26: Activity | C26: Total Quantity | E26: Cumm. Progress up to Last Month (May'26) | F26: Target as per L2 Schedule Cummulative (upto June'26) | G26: Target of Month for (June'2026) | H26: Comp This Month (June'2026) | I26: Cumulative Progress | J26: WIP | K26: Balance | L26: No of Gangs | M26: Remark
C27: LOA | D27: Estimated
A28: 1 | B28: Route Alignment (Km) | C28: 40 | D28: =21.266+20.007 -> 41.273 | E28: 41.273 | F28: 41.273 | G28: 0 | H28: 0 | I28: =E28+H28 -> 41.273 | J28: 0 | K28: =D28-I28-J28 -> 0 | L28: 0
A29: 2 | B29: Detailed Survey (Km) | C29: 40 | D29: 41.273 | E29: 41.273 | F29: 41.273 | G29: 0 | H29: 0 | I29: =E29+H29 -> 41.273 | J29: 0 | K29: =D29-I29-J29 -> 0 | L29: 0
A30: 3 | B30: Detailed Survey Profiling (Km) | C30: 40 | D30: 41.273 | E30: 39.698 | F30: 41.273 | G30: =D30-E30 -> 1.575 | H30: 0 | I30: =E30+H30 -> 39.698 | J30: 0 | K30: =D30-I30-J30 -> 1.575 | L30: 0 | M30: Pendig for MC tower
A31: 4 | B31: Approved detail survey (Km) | C31: 40 | D31: 41.273 | E31: 37.576 | F31: 41.273 | G31: =F31-E31 -> 3.697 | H31: 0 | I31: =E31+H31 -> 37.576 | J31: 0 | K31: =D31-I31-J31 -> 3.697 | L31: 0
A32: 5 | B32: Check Survey (Km) | C32: 40 | D32: 41.273 | E32: 32.046 | F32: 41.273 | G32: =F32-E32 -> 9.227 | H32: 0 | I32: =E32+H32 -> 32.046 | J32: 0 | K32: =D32-I32-J32 -> 9.227 | L32: 0
A33: 6 | B33: Approved check survey ( Km) | C33: 40 | D33: 41.273 | E33: 14.5 | F33: 41.273 | G33: 20 | H33: 0 | I33: =E33+H33 -> 14.5 | J33: 0 | K33: =D33-I33-J33 -> 26.773 | L33: 0
A34: 7 | B34: Soil Investigation (Nos) | C34: 40 | D34: 40 | E34: 40 | F34: 40 | G34: 0 | H34: 0 | I34: =E34+H34 -> 40 | J34: 0 | K34: =D34-I34-J34 -> 0 | L34: 0 | M34: Completed
A35: 8 | B35: Excavation (Nos) | C35: 122 | D35: 129 | E35: 86 | F35: 129 | G35: 20 | H35: 5 | I35: =E35+H35 -> 91 | K35: =D35-I35-J35 -> 38 | L35: 0
A36: 9 | B36: Foundation (Nos) | C36: 122 | D36: 129 | E36: 80 | F36: 129 | G36: 16 | H36: 6 | I36: =E36+H36 -> 86 | J36: 4 | K36: =D36-I36-J36 -> 39 | L36: 4
A37: 10 | B37: Earthing (Nos) | C37: 122 | D37: 129 | E37: 52 | F37: 129 | G37: 16 | H37: 9 | I37: =E37+H37 -> 61 | J37: 0 | K37: =D37-I37-J37 -> 68 | L37: 0
A38: 11 | B38: Tower Erection (Nos) | C38: 122 | D38: 129 | E38: 31 | F38: 129 | G38: 25 | H38: 12 | I38: =E38+H38 -> 43 | J38: 3 | K38: =D38-I38-J38 -> 83 | L38: 3
A39: 12 | B39: Tack Welding (Nos) | C39: 122 | D39: =+D35 -> 129 | E39: 10 | F39: =+F35 -> 129 | G39: 25 | H39: 0 | I39: 10 | J39: 0 | K39: =D39-I39-J39 -> 119
A40: 13 | B40: Stringing (Km) | C40: 40 | D40: 41.273 | E40: 0 | F40: 41.273 | G40: 5 | H40: 0 | I40: =E40+H40 -> 0 | K40: =D40-I40-J40 -> 41.273 | L40: 1 | M40: Gang Reached at store
A41: 14 | B41: OPGW Stringing (Km) | C41: 40 | D41: 41.273 | E41: 0 | F41: 41.273 | G41: 0 | H41: 0 | I41: =E41+H41 -> 0 | J41: 0 | K41: =D41-I41-J41 -> 41.273 | L41: 0
A43: 220 KV D/C Chhapra -Gopalganj TL
A45: Sr no. | B45: Activity | C45: Total Quantity | E45: Cumm. Progress up to Last Month (May'26) | F45: Target as per L2 Schedule Cummulative (upto June'26) | G45: Target of Month for (June'2026) | H45: Comp This Month (June'2026) | I45: Cumulative Progress | J45: WIP | K45: Balance | L45: No of Gangs | M45: Remark
C46: LOA | D46: Estimated
A47: 1 | B47: Route Alignment (Km) | C47: 100 | D47: 102.96 | E47: 102.96 | F47: 102.96 | G47: 0 | H47: 0 | I47: =E47+H47 -> 102.96 | J47: 0 | K47: =D47-I47-J47 -> 0 | M47: Completed
A48: 2 | B48: Detailed Survey (Km) | C48: 100 | D48: =D47 -> 102.96 | E48: 101.337 | F48: =F47 -> 102.96 | G48: =D48-E48 -> 1.623 | H48: 0 | I48: =E48+H48 -> 101.337 | J48: 0 | K48: =D48-I48-J48 -> 1.623
A49: 3 | B49: Detailed Survey Profiling (Km) | C49: 100 | D49: =D48 -> 102.96 | E49: 101.337 | F49: =F48 -> 102.96 | G49: =D49-E49 -> 1.623 | H49: 0 | I49: =E49+H49 -> 101.337 | J49: 0 | K49: =D49-I49-J49 -> 1.623 | M49: Pendig for MC tower
A50: 4 | B50: Approved detail survey (Km) | C50: 100 | D50: =D49 -> 102.96 | E50: 99.073 | F50: =F49 -> 102.96 | G50: =F50-E50 -> 3.887 | H50: 0 | I50: =E50+H50 -> 99.073 | J50: 0 | K50: =D50-I50-J50 -> 3.887 | M50: 1.051 km profile submitted to BSPTCL HO
A51: 5 | B51: Check Survey (Km) | C51: 100 | D51: =D47 -> 102.96 | E51: 82.377 | F51: =F47 -> 102.96 | G51: 15 | H51: 0 | I51: =E51+H51 -> 82.377 | J51: 0 | K51: =D51-I51-J51 -> 20.583 | M51: Under Progress
A52: 6 | B52: Approved check survey ( Km) | C52: 100 | D52: =D48 -> 102.96 | E52: 82.377 | F52: =F48 -> 102.96 | G52: 15 | H52: 0 | I52: =E52+H52 -> 82.377 | J52: 0 | K52: =D52-I52-J52 -> 20.583
A53: 7 | B53: Soil Investigation (Nos) | C53: 100 | D53: 100 | E53: 100 | F53: 100 | G53: =D53-E53 -> 0 | H53: 0 | I53: =E53+H53 -> 100 | J53: 0 | K53: =D53-I53-J53 -> 0 | M53: 21 Loc Approved
A54: 8 | B54: Excavation (Nos) | C54: 360 | D54: 348 | E54: 165 | F54: 348 | G54: 55 | H54: 25 | I54: =E54+H54 -> 190 | J54: 0 | K54: =D54-I54-J54 -> 158
A55: 9 | B55: Foundation (Nos) | C55: 360 | D55: 348 | E55: 163 | F55: 348 | G55: 57 | H55: 24 | I55: =E55+H55 -> 187 | J55: 8 | K55: =D55-I55-J55 -> 153 | L55: 8
A56: 10 | B56: Earthing (Nos) | C56: 360 | D56: 348 | E56: 119 | F56: 348 | G56: 57 | H56: 19 | I56: =E56+H56 -> 138 | J56: 0 | K56: =D56-I56-J56 -> 210
A57: 11 | B57: Tower Erection (Nos) | C57: 360 | D57: 348 | E57: 48 | F57: 348 | G57: 35 | H57: 23 | I57: =E57+H57 -> 71 | J57: 3 | K57: =D57-I57-J57 -> 274 | L57: 3
A58: 12 | B58: Tack Welding (Nos) | C58: 360 | D58: =+D54 -> 348 | E58: 11 | F58: =+F54 -> 348 | G58: 20 | H58: 0 | I58: =E58+H58 -> 11 | J58: 0 | K58: =D58-I58-J58 -> 337
A59: 13 | B59: Stringing (Km) | C59: 100 | D59: 102.96 | E59: 0 | F59: 102.96 | G59: 5 | H59: 3.199 | I59: =E59+H59 -> 3.199 | J59: 0.349 | K59: =D59-I59-J59 -> 99.412 | L59: 1
A60: 14 | B60: OPGW Stringing (Km) | C60: 100 | D60: 102.96 | E60: 0 | F60: 102.96 | G60: 0 | H60: 0 | I60: =E60+H60 -> 0 | J60: 0 | K60: =D60-I60-J60 -> 102.96

Sheet Survey Status
A1: TB412 BSPTCL - Survey Status
A2: Sl | B2: Line Name | C2: Activity | E2: Length | F2: Location | G2: Remarks / Plan for completion
E3: km | F3: Nos.
A4: 1 | B4: LILO of 400 kv Barh (NTPC)- Motihari (DMTCL) D/C ( QUAD) Transmission line at Chhapra (New) | C4: NOA | D4: - | E4: 40 | F4: 122
C5: Route Alignment | D5: Submitted | E5: 41.27 | F5: 128
D6: Approved | E6: 41.27 | F6: 128
C7: Detailed Survey | D7: Completed | E7: 36.884 | F7: 122 | G7: 1.575KM Pending at BSPTCL HO MC TSD Required
D8: Submitted | E8: 36.884 | F8: 112
D9: Approved | E9: 36.884 | F9: 112
C10: Check Survey | D10: Completed | E10: 32.046 | F10: 52 | G10: Balance Check Survey Under progress
D11: Submitted | E11: 14.5 | F11: 0
D12: Approved | E12: 14.5 | F12: 0
A14: 2 | B14: 220 KV D/C Chapra - Gopalganj Transmission Line with ACSR Zebra Conductor | C14: NOA | D14: - | E14: 100 | F14: 360
C15: Route Alignment | D15: Submitted | E15: 102.96 | F15: 348
D16: Approved | E16: 102.96 | F16: 348
C17: Detailed Survey | D17: Completed | E17: 101.44 | F17: 340
D18: Submitted | E18: 99.073 | F18: 312 | G18: 1.051 km profile submitted to BSPTCL HO from 15.12.2025
D19: Approved | E19: 99.073 | F19: 312
C20: Check Survey | D20: Completed | E20: 82.377 | F20: 276
D21: Submitted | E21: 82.377 | F21: 276
D22: Approved | E22: 82.377 | F22: 276
A24: 3 | B24: Construction of 220 KV D/C Twin Moose Chhapra- Amnaur Transmission line- | C24: NOA | D24: - | E24: 25 | F24: 82
C25: Route Alignment | D25: Submitted | E25: 6.6 | F25: 28
D26: Approved | E26: 6.6 | F26: 28
C27: Detailed Survey | D27: Completed | E27: 6.6 | F27: 28
D28: Submitted | E28: 6.475 | F28: 25 | G28: 0.33 Revised Profile Submitted to BSPTCL site office from 15.12.2025
D29: Approved | E29: 6.475 | F29: 25
C30: Check Survey | D30: Completed | E30: 5.5 | F30: 22
D31: Submitted | E31: 5.5 | F31: 22
D32: Approved | E32: 5.5 | F32: 22

Sheet Sheet3
A1: PROGRESS SUMMARY PLAN VS ACTUAL
A2: Foundation | B2: Nos. | C2: Comp Till Jan-26 | D2: Comp Till Feb-26 | E2: Plan Feb-26 | F2: Actual Feb-26 | G2: WIP | H2: Gang | I2: Balance | J2: Remarks
A4: 400kV LILO | B4: 128 | C4: 25 | D4: 28 | E4: 25 | F4: =D4-C4 -> 3 | G4: 5 | H4: 5 | I4: =B4-D4-G4 -> 95
A5: 220kV Gopalganj | B5: 348 | C5: 42 | D5: 50 | E5: 45 | F5: =D5-C5 -> 8 | G5: 5 | H5: 5 | I5: =B5-D5-G5 -> 293
A6: 220kV Amnour | B6: 28 | C6: 12 | D6: 12 | E6: 5 | F6: =D6-C6 -> 0 | G6: 0 | H6: 0 | I6: =B6-D6-G6 -> 16
A7: Total Nos | B7: =SUM(B4:B6) -> 504 | C7: =SUM(C4:C6) -> 79 | D7: =SUM(D4:D6) -> 90 | E7: =SUM(E4:E6) -> 75 | F7: =SUM(F4:F6) -> 11 | G7: =SUM(G4:G6) -> 10 | H7: =SUM(H4:H6) -> 10 | I7: =SUM(I4:I6) -> 404
A9: Erection | B9: Nos. | C9: Comp Till Jan-26 | D9: Comp Till Feb-26 | E9: Plan Feb-26 | F9: Actual Feb-26 | G9: WIP | H9: Gang | I9: Balance | J9: Remarks
A11: 400kV LILO | B11: 128 | C11: 0 | D11: 0 | E11: 10 | F11: 0 | G11: 1 | H11: 1 | I11: =B11-D11-G11 -> 127
A12: 220kV Gopalganj | B12: 348 | C12: 0 | D12: 0 | E12: 4 | F12: 0 | G12: 0 | H12: 0 | I12: =B12-D12-G12 -> 348
A13: 220kV Amnour | B13: 28 | C13: 1 | D13: 2 | E13: 6 | F13: 1 | G13: 1 | H13: 1 | I13: =B13-D13-G13 -> 25
A14: Total Nos | B14: =SUM(B11:B13) -> 504 | C14: =SUM(C11:C13) -> 1 | D14: =SUM(D11:D13) -> 2 | E14: =SUM(E11:E13) -> 20 | F14: =SUM(F11:F13) -> 1 | G14: =SUM(G11:G13) -> 2 | H14: =SUM(H11:H13) -> 2 | I14: =SUM(I11:I13) -> 500

Sheet DPR Sheet 
A1: KEC INTERNATIONAL LIMITED
A2: DAILY PROGRESS REPORT : STATUS AS ON | F2: ='Summary-'!M3 -> Date-24/06/2026
A3: Name of the Project: | B3: TB-412 T/L
A4: Contract No. & Date : | B4: NOA Supply/Service-18,19, Dated 27.12.2023
A5: ROUTE ALIGNMENT PROGRESS SUMMARY
A6: T/L Name | B6: TOTAL QTY (Tentative) | C6: COMPLETED UP TO PREV MONTH | D6: COMP. IN CURRENT MONTH | E6: CUMULATIVE | F6: BAL.QTY
A7: 400kV D/C QM LILO | B7: ='Summary-'!D28 -> 41.273 | C7: ='Summary-'!E28 -> 41.273 | D7: ='Summary-'!H28 -> 0 | E7: =C7+D7 -> 41.273 | F7: =B7-E7 -> 0
A8: 220 D/C SZ Chapra-Gopalganj | B8: ='Summary-'!D47 -> 102.96 | C8: ='Summary-'!E47 -> 102.96 | D8: ='Summary-'!H47 -> 0 | E8: =C8+D8 -> 102.96 | F8: =B8-E8 -> 0
A9: 220 D/C TM Chapra-Amnour | B9: ='Summary-'!D11 -> 6.6 | C9: ='Summary-'!E11 -> 6.6 | D9: ='Summary-'!H11 -> 0 | E9: =C9+D9 -> 6.6 | F9: =B9-E9 -> 0
A10: TOTAL | B10: =SUM(B7:B9) -> 150.833 | C10: =SUM(C7:C9) -> 150.833 | D10: =SUM(D7:D9) -> 0 | E10: =SUM(E7:E9) -> 150.833 | F10: =SUM(F7:F9) -> 0
A11: SOIL INVESTIGATION PROGRESS SUMMARY
A12: T/L Name | B12: TOTAL QTY (Tentative) | C12: COMPLETED UP TO PREV MONTH | D12: COMP. IN CURRENT MONTH | E12: CUMULATIVE | F12: BAL.QTY
A13: 400kV D/C QM LILO | B13: ='Summary-'!D34 -> 40 | C13: ='Summary-'!I34 -> 40 | D13: ='Summary-'!H34 -> 0 | E13: =C13+D13 -> 40 | F13: =B13-E13 -> 0
A14: 220 D/C SZ Chapra-Gopalganj | B14: ='Summary-'!D53 -> 100 | C14: ='Summary-'!D53 -> 100 | D14: ='Summary-'!H53 -> 0 | E14: =C14+D14 -> 100 | F14: =B14-E14 -> 0
A15: 220 D/C TM Chapra-Amnour | B15: ='Summary-'!D17 -> 7 | C15: ='Summary-'!E17 -> 7 | D15: ='Summary-'!H17 -> 0 | E15: =C15+D15 -> 7 | F15: =B15-E15 -> 0
A16: TOTAL | B16: =SUM(B13:B15) -> 147 | C16: =SUM(C13:C15) -> 147 | D16: =SUM(D13:D15) -> 0 | E16: =SUM(E13:E15) -> 147 | F16: =SUM(F13:F15) -> 0
A17: DETAILED SURVEY PROGRESS SUMMARY
A18: T/L Name | B18: TOTAL QTY (Tentative) | C18: COMPLETED UP TO PREV MONTH | D18: COMP. IN CURRENT MONTH | E18: CUMULATIVE | F18: BAL.QTY
A19: 400kV D/C QM LILO | B19: ='Summary-'!D31 -> 41.273 | C19: ='Summary-'!E31 -> 37.576 | D19: ='Summary-'!H31 -> 0 | E19: =C19+D19 -> 37.576 | F19: =B19-E19 -> 3.697
A20: 220 D/C SZ Chapra-Gopalganj | B20: ='Summary-'!D50 -> 102.96 | C20: ='Summary-'!E50 -> 99.073 | D20: ='Summary-'!H50 -> 0 | E20: =C20+D20 -> 99.073 | F20: =B20-E20 -> 3.887
A21: 220 D/C TM Chapra-Amnour | B21: ='Summary-'!D14 -> 6.6 | C21: ='Summary-'!E14 -> 6.27 | D21: ='Summary-'!H14 -> 0 | E21: =C21+D21 -> 6.27 | F21: =B21-E21 -> 0.33
A22: TOTAL | B22: =SUM(B19:B21) -> 150.833 | C22: =SUM(C19:C21) -> 142.919 | D22: =SUM(D19:D21) -> 0 | E22: =SUM(E19:E21) -> 142.919 | F22: =SUM(F19:F21) -> 7.914
A23: CHECK SURVEY PROGRESS SUMMARY
A24: T/L Name | B24: TOTAL QTY (Tentative) | C24: COMPLETED UP TO PREV MONTH | D24: COMP. IN CURRENT MONTH | E24: CUMULATIVE | F24: BAL.QTY
A25: 400kV D/C QM LILO | B25: ='Summary-'!D33 -> 41.273 | C25: ='Summary-'!E33 -> 14.5 | D25: ='Summary-'!H33 -> 0 | E25: =C25+D25 -> 14.5 | F25: =B25-E25 -> 26.773
A26: 220 D/C SZ Chapra-Gopalganj | B26: ='Summary-'!D52 -> 102.96 | C26: ='Summary-'!E52 -> 82.377 | D26: ='Summary-'!H52 -> 0 | E26: =C26+D26 -> 82.377 | F26: =B26-E26 -> 20.583
A27: 220 D/C TM Chapra-Amnour | B27: ='Summary-'!D16 -> 6.6 | C27: ='Summary-'!E16 -> 5.539 | D27: ='Summary-'!H16 -> 0 | E27: =C27+D27 -> 5.539 | F27: =B27-E27 -> 1.061
A28: TOTAL | B28: =SUM(B25:B27) -> 150.833 | C28: =SUM(C25:C27) -> 102.416 | D28: =SUM(D25:D27) -> 0 | E28: =SUM(E25:E27) -> 102.416 | F28: =SUM(F25:F27) -> 48.417
A29: FOUNDATION PROGRESS SUMMARY
A30: T/L Name | B30: TOTAL QTY (Tentative) | C30: COMPLETED UP TO PREV MONTH | D30: COMP. IN CURRENT MONTH | E30: CUMULATIVE | F30: BAL.QTY
A31: 400kV D/C QM LILO | B31: ='Summary-'!D36 -> 129 | C31: ='Summary-'!E36 -> 80 | D31: ='Summary-'!H36 -> 6 | E31: =C31+D31 -> 86 | F31: =B31-E31 -> 43
A32: 220 D/C SZ Chapra-Gopalganj | B32: ='Summary-'!D55 -> 348 | C32: ='Summary-'!E55 -> 163 | D32: ='Summary-'!H55 -> 24 | E32: =C32+D32 -> 187 | F32: =B32-E32 -> 161
A33: 220 D/C TM Chapra-Amnour | B33: ='Summary-'!D19 -> 28 | C33: ='Summary-'!E19 -> 21 | D33: ='Summary-'!H19 -> 2 | E33: =C33+D33 -> 23 | F33: =B33-E33 -> 5
A34: TOTAL | B34: =SUM(B31:B33) -> 505 | C34: =SUM(C31:C33) -> 264 | D34: =SUM(D31:D33) -> 32 | E34: =SUM(E31:E33) -> 296 | F34: =SUM(F31:F33) -> 209
A35: EARTHING PROGRESS SUMMARY
A36: T/L Name | B36: TOTAL QTY (Tentative) | C36: COMPLETED UP TO PREV MONTH | D36: COMP. IN CURRENT MONTH | E36: CUMULATIVE | F36: BAL.QTY
A37: 400kV D/C QM LILO | B37: ='Summary-'!D37 -> 129 | C37: ='Summary-'!E37 -> 52 | D37: ='Summary-'!H37 -> 9 | E37: =C37+D37 -> 61 | F37: =B37-E37 -> 68
A38: 220 D/C SZ Chapra-Gopalganj | B38: ='Summary-'!D56 -> 348 | C38: ='Summary-'!E56 -> 119 | D38: ='Summary-'!H56 -> 19 | E38: =C38+D38 -> 138 | F38: =B38-E38 -> 210
A39: 220 D/C TM Chapra-Amnour | B39: ='Summary-'!D20 -> 28 | C39: ='Summary-'!E20 -> 14 | D39: ='Summary-'!H20 -> 1 | E39: =C39+D39 -> 15 | F39: =B39-E39 -> 13
A40: TOTAL | B40: =SUM(B37:B39) -> 505 | C40: =SUM(C37:C39) -> 185 | D40: =SUM(D37:D39) -> 29 | E40: =SUM(E37:E39) -> 214 | F40: =SUM(F37:F39) -> 291
A41: TOWER ERECTION PROGRESS SUMMARY
A42: T/L Name | B42: TOTAL QTY (Tentative) | C42: COMPLETED UP TO PREV MONTH | D42: COMP. IN CURRENT MONTH | E42: CUMULATIVE | F42: BAL.QTY
A43: 400kV D/C QM LILO | B43: ='Summary-'!D38 -> 129 | C43: ='Summary-'!E38 -> 31 | D43: ='Summary-'!H38 -> 12 | E43: =C43+D43 -> 43 | F43: =B43-E43 -> 86
A44: 220 D/C SZ Chapra-Gopalganj | B44: ='Summary-'!D57 -> 348 | C44: ='Summary-'!E57 -> 48 | D44: ='Summary-'!H57 -> 23 | E44: =C44+D44 -> 71 | F44: =B44-E44 -> 277
A45: 220 D/C TM Chapra-Amnour | B45: ='Summary-'!D21 -> 28 | C45: ='Summary-'!E21 -> 8 | D45: ='Summary-'!H21 -> 3 | E45: =C45+D45 -> 11 | F45: =B45-E45 -> 17
A46: TOTAL | B46: =SUM(B43:B45) -> 505 | C46: =SUM(C43:C45) -> 87 | D46: =SUM(D43:D45) -> 38 | E46: =SUM(E43:E45) -> 125 | F46: =SUM(F43:F45) -> 380
A47: STRINGING PROGRESS SUMMARY
A48: T/L Name | B48: TOTAL QTY (Tentative) | C48: COMPLETED UP TO PREV MONTH | D48: COMP. IN CURRENT MONTH | E48: CUMULATIVE | F48: BAL.QTY
A49: 400kV D/C QM LILO | B49: ='Summary-'!D40 -> 41.273 | C49: ='Summary-'!E40 -> 0 | D49: ='Summary-'!H40 -> 0 | E49: =C49+D49 -> 0 | F49: =B49-E49 -> 41.273
A50: 220 D/C SZ Chapra-Gopalganj | B50: ='Summary-'!D59 -> 102.96 | C50: ='Summary-'!E59 -> 0 | D50: ='Summary-'!H59 -> 3.199 | E50: =C50+D50 -> 3.199 | F50: =B50-E50 -> 99.761
A51: 220 D/C TM Chapra-Amnour | B51: ='Summary-'!D23 -> 6.6 | C51: ='Summary-'!E23 -> 0 | D51: ='Summary-'!H23 -> 0 | E51: =C51+D51 -> 0 | F51: =B51-E51 -> 6.6
A52: TOTAL | B52: =SUM(B49:B51) -> 150.833 | C52: =SUM(C49:C51) -> 0 | D52: =SUM(D49:D51) -> 3.199 | E52: =SUM(E49:E51) -> 3.199 | F52: =SUM(F49:F51) -> 147.634
A53: OPGW STRINGING PROGRESS SUMMARY
A54: T/L Name | B54: TOTAL QTY (Tentative) | C54: COMPLETED UP TO PREV MONTH | D54: COMP. IN CURRENT MONTH | E54: CUMULATIVE | F54: BAL.QTY
A55: 400kV D/C QM LILO | B55: ='Summary-'!D41 -> 41.273 | C55: ='Summary-'!E41 -> 0 | D55: ='Summary-'!H41 -> 0 | E55: =C55+D55 -> 0 | F55: =B55-E55 -> 41.273
A56: 220 D/C SZ Chapra-Gopalganj | B56: ='Summary-'!D60 -> 102.96 | C56: ='Summary-'!E60 -> 0 | D56: ='Summary-'!H60 -> 0 | E56: =C56+D56 -> 0 | F56: =B56-E56 -> 102.96
A57: 220 D/C TM Chapra-Amnour | B57: ='Summary-'!D24 -> 6.6 | C57: ='Summary-'!E24 -> 0 | D57: ='Summary-'!H24 -> 0 | E57: =C57+D57 -> 0 | F57: =B57-E57 -> 6.6
A58: TOTAL | B58: =SUM(B55:B57) -> 150.833 | C58: =SUM(C55:C57) -> 0 | D58: =SUM(D55:D57) -> 0 | E58: =SUM(E55:E57) -> 0 | F58: =SUM(F55:F57) -> 150.833
A59: TACK WELDING PROGRESS SUMMARY
A60: 400kV D/C QM LILO | B60: ='Summary-'!D39 -> 129 | C60: ='Summary-'!E39 -> 10 | D60: ='Summary-'!H39 -> 0 | E60: =C60+D60 -> 10 | F60: =B60-E60 -> 119
A61: 220 D/C SZ Chapra-Gopalganj | B61: ='Summary-'!D58 -> 348 | C61: ='Summary-'!E58 -> 11 | D61: ='Summary-'!H58 -> 0 | E61: =C61+D61 -> 11 | F61: =B61-E61 -> 337
A62: 220 D/C TM Chapra-Amnour | B62: ='Summary-'!D22 -> 28 | C62: ='Summary-'!E22 -> 0 | D62: ='Summary-'!H22 -> 0 | E62: =C62+D62 -> 0 | F62: =B62-E62 -> 28
A63: TOTAL | B63: =SUM(B60:B62) -> 505 | C63: =SUM(C60:C62) -> 21 | D63: =SUM(D60:D62) -> 0 | E63: =SUM(E60:E62) -> 21 | F63: =SUM(F60:F62) -> 484

Sheet WIP
A1: ='DPR Sheet '!A1:F1 -> KEC INTERNATIONAL LIMITED
A2: ='DPR Sheet '!A2:E2 -> DAILY PROGRESS REPORT : STATUS AS ON | J2: ='Summary-'!M3 -> Date-24/06/2026
A3: Name of the Project: | D3: ='DPR Sheet '!B3 -> TB-412 T/L
A4: Contract No. & Date : | D4: ='DPR Sheet '!B4 -> NOA Supply/Service-18,19, Dated 27.12.2023
A5: FOUNDATION
A6: T/L Name | B6: SR.NO. | C6: GANG NAME | D6: LOC. NO. | E6: T.O.T | F6: T.O.CL | G6: D.O.S | H6: D.O.C | I6: MP | J6: REMARKS
A7: 400 KV LOOP IN | B7: 1 | C7: Nav Durga Traders | D7: 27/1 | E7: DA+6 | F7: PS | G7: 46169 | H7: =G7+9 -> 46178 | J7: Completed
A8: 400 KV LOOP IN | B8: 2 | C8: Nav Durga Traders | D8: 20/0 | E8: DC+0 | F8: PS | G8: 46178 | H8: =G8+5 -> 46183 | J8: Completed
A9: 400 KV LOOP OUT | B9: 3 | C9: Rajeshwar | D9: 5/0 | E9: DD+0 | F9: PS | G9: 46178 | H9: =G9+9 -> 46187 | J9: Completed
A10: 400 KV LOOP OUT | B10: 4 | C10: Nav Durga Traders | D10: 10/0 | E10: DD+0 | F10: PS | G10: 46184 | H10: =G10+5 -> 46189 | J10: Completed
A11: 400 KV LOOP OUT | B11: 5 | C11: Nav Durga Traders | D11: 9/0 | E11: DB+0 | F11: PS | G11: 46190 | H11: =G11+4 -> 46194 | J11: Completed
A12: 400 KV LOOP OUT | B12: 6 | C12: Nav Durga Traders | D12: 8/0 | E12: DD+0 | F12: PS | G12: 46190 | H12: =G12+7 -> 46197 | J12: Completed
A13: 400 KV LOOP OUT | B13: 7 | C13: AR | D13: 16/0 | E13: DD+9 | F13: PS | G13: 46184 | I13: 12 | J13: RCC WIP
A14: 400 KV LOOP IN | B14: 8 | C14: Nav Durga Traders | D14: 12/0 | E14: DB+3 | F14: PS | G14: 46194 | I14: 12 | J14: PROP SETTING WIP
A15: 400 KV LOOP OUT | B15: 9 | C15: Rajeshwar | D15: 5/1 | E15: DD+0 | F15: PS | G15: 46193 | I15: 12 | J15: RCC WIP
A16: 400 KV LOOP OUT | B16: 10 | C16: Nav Durga Traders | D16: 7/0 | E16: DB+0 | F16: PS | G16: 46198 | I16: 12 | J16: Excavation WIP
A26: 220 TM Chapra-Amnour | B26: 1 | C26: Nav Durga Traders | D26: 18/0 | E26: 2TDD+3 | F26: FS | G26: 46178 | H26: 46192 | J26: Completed
B27: 2 | C27: Nav Durga Traders | D27: 17/0 | E27: 2TDD+0 | F27: FS | G27: 46192 | H27: 46197 | J27: Completed
B28: 3 | C28: Nav Durga Traders | D28: 16/0 | E28: 2TDD+3 | F28: FS | G28: =H27 -> 46197 | I28: 12 | J28: Excavation WIP
A33: 220 SZ Chapra-Gopalganj | B33: 1 | C33: Shakti | D33: 145/0 | E33: DD+0 | F33: PS | G33: 46172 | H33: 46177 | J33: Completed
B34: =B33+1 -> 2 | C34: Hetansh | D34: 151/2 | E34: DA+6 | F34: PS | G34: 46175 | H34: 46178 | J34: Completed
B35: =B34+1 -> 3 | C35: Dharmendra Mishra | D35: 89/1 | E35: DA+3 | F35: FS | G35: 46175 | H35: 46180 | J35: Completed
B36: =B35+1 -> 4 | C36: Shakti | D36: 145/2 | E36: DA+3 | F36: PS | G36: 46175 | H36: 46181 | J36: Completed
B37: =B36+1 -> 5 | C37: Maa | D37: 69/0 | E37: DD+3 | F37: FS | G37: 46177 | H37: 46183 | J37: Completed
B38: =B37+1 -> 6 | C38: Anmol | D38: 105/2 | E38: DA+6 | F38: PS | G38: 46175 | H38: 46183 | J38: Completed
B39: =B38+1 -> 7 | C39: Suman Kumar Singh | D39: 79/0 | E39: DC+6 | F39: FS | G39: 46175 | H39: 46185 | J39: Completed
B40: =B39+1 -> 8 | C40: Dharmendra Mishra | D40: 90/0 | E40: DD+0 1MRC | F40: FS | G40: 46180 | H40: 46186 | J40: Completed
B41: =B40+1 -> 9 | C41: Construction Wala | D41: 106/0 | E41: DD+9 | F41: PS | G41: 46175 | H41: 46187 | J41: Completed
B42: =B41+1 -> 10 | C42: Shakti | D42: 146/0 | E42: DC+6 | F42: PS | G42: 46182 | H42: 46187 | J42: Completed
B43: =B42+1 -> 11 | C43: Hetansh | D43: 151/1 | E43: DA+9 | F43: PS | G43: 46179 | H43: 46185 | J43: Completed
B44: =B43+1 -> 12 | C44: Shakti | D44: 138/0 | E44: DD+25 | F44: PS | G44: 46182 | H44: 46189 | J44: Completed
B45: =B44+1 -> 13 | C45: Dharmendra Mishra | D45: 91/0 | E45: DD+6 1MRC | F45: FS | G45: 46186 | H45: 46190 | J45: Completed
... B56: =B55+1 -> 24 | C56: Shakti | D56: 148/0 | E56: DC+3 | F56: PS | G56: 46193 | H56: 46197 | J56: Completed
B57: =B56+1 -> 25 | C57: Tarush Projects | D57: 80/0 | E57: DD+0 1MRC | F57: FS | G57: 46187 | I57: 8 | J57: RCC WIP
B58: =B57+1 -> 26 | C58: Suman Kumar Singh | D58: 80/2 | E58: DA+3 1MRC | F58: FS | G58: 46189 | I58: 9 | J58: RCC WIP
B59: =B58+1 -> 27 | C59: Construction Wala | D59: 104/1 | E59: DA+3 | F59: PS | G59: 46194 | I59: 10 | J59: Excavation WIP
B60: =B59+1 -> 28 | C60: Hetansh | D60: 149/1 | E60: DA+3 | F60: FS | G60: 46192 | I60: 8 | J60: RCC WIP
B61: =B60+1 -> 29 | C61: Maa | D61: 68/0 | E61: DD+3 | F61: FS | G61: 46195 | I61: 10 | J61: Excavation WIP
B62: =B61+1 -> 30 | C62: Dharmendra Mishra | D62: 76/1 | E62: DA+6 | F62: PS | G62: 46197 | I62: 10 | J62: Excavation WIP
B63: =B62+1 -> 31 | C63: Anmol | D63: 144/0 | E63: DD+9 | F63: PS | G63: 46197 | I63: 10 | J63: Prop Setting WIP
B64: =B63+1 -> 32 | C64: Shakti | D64: 148/1 | E64: DA+3 | F64: PS | G64: 46197 | I64: 10 | J64: Prop Setting WIP
A70: ERECTION
A71: T/L Name | B71: SR.NO. | C71: GANG | D71: LOC. NO. | E71: T.O.T | F71: D.O.S | G71: D.O.C | H71: MP | I71: Remarks
A72: 400 KV LOOP OUT | B72: 1 | C72: Rang | D72: 20/0 | E72: DD+0 | F72: 46170 | G72: 46174 | I72: COMPLETED
A73: 400 KV LOOP IN | B73: =B72+1 -> 2 | C73: Pinki | D73: 27/0 | E73: DB+3 | F73: 46173 | G73: 46177 | I73: COMPLETED
A74: 400 KV LOOP IN | B74: =B73+1 -> 3 | C74: Rang | D74: 20/1 | E74: DA+6 | F74: 46173 | G74: 46178 | I74: COMPLETED
A75: 220 SZ Chapra-Gopalganj | B75: =B74+1 -> 4 | C75: Sanjeev | D75: 59/0 | E75: DD+0 | F75: 46173 | G75: 46178 | I75: COMPLETED
A76: 220 SZ Chapra-Gopalganj | B76: =B75+1 -> 5 | C76: Dhruvika | D76: 54/0 | E76: DD+3 | F76: 46173 | G76: 46178 | I76: COMPLETED
A77: 220 SZ Chapra-Gopalganj | B77: =B76+1 -> 6 | C77: Exel Power | D77: 119/0 | E77: DD+3 | F77: 46177 | G77: 46180 | I77: COMPLETED
A78: 220 SZ Chapra-Gopalganj | B78: =B77+1 -> 7 | C78: Sanjeev | D78: 59/1 | E78: DA+3 | F78: 46177 | G78: 46180 | I78: COMPLETED
A79: 400 KV LOOP IN | B79: =B78+1 -> 8 | C79: Rang | D79: 11/3 | E79: DA+0 | F79: 46179 | G79: 46183 | I79: COMPLETED
A80: 400 KV LOOP OUT | B80: =B79+1 -> 9 | C80: Nirajan | D80: 43/0 | E80: DD+3 | F80: 46162 | G80: 46183 | I80: COMPLETED
A81: 220 SZ Chapra-Gopalganj | B81: =B80+1 -> 10 | C81: Sanjeev | D81: 59/2 | E81: DA+3 | F81: 46177 | G81: 46183 | I81: COMPLETED
A82: 220 SZ Chapra-Gopalganj | B82: =B81+1 -> 11 | C82: Reyansh | D82: 101/2 | E82: DA+0 | F82: 46180 | G82: 46183 | I82: COMPLETED
A83: 220 SZ Chapra-Gopalganj | B83: =B82+1 -> 12 | C83: Dhruvika | D83: 58/0 | E83: DC+0 | F83: 46177 | G83: 46184 | I83: COMPLETED
A84: 220 TM Chapra-Amnour | B84: =B83+1 -> 13 | C84: SGSE India Pvt Ltd | D84: 8/0 | E84: DC+0 | F84: 46177 | G84: 46186 | I84: COMPLETED
... A109: 400 KV LOOP OUT | B109: =B108+1 -> 38 | C109: Rang | D109: 21/0 | E109: DC+9 | F109: 46191 | G109: 46197 | I109: COMPLETED
A110: 400 KV LOOP OUT | B110: =B109+1 -> 39 | C110: Pinki | D110: 41/1 | E110: DD+0 | F110: 46198 | H110: 10 | I110: Middle Section WIP
A111: 220 SZ Chapra-Gopalganj | B111: =B110+1 -> 40 | C111: Sanjeev | D111: 63/0 | E111: DD+0 | F111: 46198 | H111: 17 | I111: Middle Section WIP
A112: 400 KV LOOP IN | B112: =B111+1 -> 41 | C112: RANG | D112: 20/0 | E112: DD+3 | F112: 46198 | H112: 17 | I112: 2nd Section WIP
A113: 220 SZ Chapra-Gopalganj | B113: =B112+1 -> 42 | C113: Reyansh | D113: 106/1 | E113: DA+0 | F113: 46198 | H113: 25 | I113: 2nd Section WIP
A114: 400 KV LOOP OUT | B114: =B113+1 -> 43 | C114: SGSE India Pvt Ltd | D114: 39/1 | E114: DA+6 | F114: 46198 | H114: 25 | I114: 2nd Section WIP
A115: 220 TM Chapra-Amnour | B115: =B114+1 -> 44 | C115: Yashoda Devi | D115: 6/1 | E115: DA+3 | F115: 46198 | H115: 17 | I115: Ground Assembly WIP
A116: 220 SZ Chapra-Gopalganj | B116: =B115+1 -> 45 | C116: Dhruvika | D116: 80/3 | E116: DA+3 | F116: 46193 | H116: 17 | I116: Top Section WIP
A121: STRINGING
A122: Insulatour Hoisting
A123: T/L Name | B123: SR.NO. | C123: GANG | D123: FROM | E123: TO | F123: Section (Km) | G123: D.O.S | H123: D.O.S | I123: MP | J123: Remarks
A124: 220 SZ Chapra-Gopalganj | B124: 1 | C124: Anjum Construction | D124: 98/0 | E124: 99/0 | F124: 0.344 | G124: 46176 | H124: 46177 | I124: 21 | J124: Completed
C125: Anjum Construction | D125: 99/0 | E125: 100/0 | F125: 1.373 | G125: 46178 | H125: 46179 | I125: 21 | J125: Completed
C126: Anjum Construction | D126: 100/0 | E126: 101/0 | F126: 1.483 | G126: 46179 | H126: 46180 | I126: 21 | J126: Completed
D127: 82/0 | E127: 83/0 | F127: 0.349 | I127: Material Shifting WIP
A129: Conductor Paying Out,Rough Sag & Final Sag
A130: T/L Name | B130: SR.NO. | C130: GANG | D130: FROM | E130: TO | F130: Section (Km) | G130: D.O.S | H130: D.O.S | I130: MP | J130: Remarks
A131: 220 SZ Chapra-Gopalganj | B131: 1 | C131: Anjum Construction | D131: 98/0 | E131: 99/0 | F131: 0.344 | G131: 46187 | H131: 46188 | J131: Final Sag Completed
B132: 2 | C132: Anjum Construction | D132: 99/0 | E132: 100/0 | F132: 1.373 | G132: 46189 | H132: 46191 | J132: Final Sag Completed
B133: 3 | C133: Anjum Construction | D133: 100/0 | E133: 101/0 | F133: 1.483 | G133: 46192 | H133: 46197 | J133: Final Sag Completed

Sheet GANG Mapping MAY-26 
A1: FOUNDATION
A2: T/L Name | B2: Total Planned Locations for May'26 | C2: Total Gang Deployed (Nos) | D2: Total Man Power (Nos) | E2: Total Completed Locations for May'26 | F2: WIP | G2: Balanced Locations for May'26 as per planned | H2: Remarks
A3: 400kV D/C QM LILO | B3: 25 | C3: 5 | D3: =I85+I90+I95+I100+I105 -> 46 | E3: 11 | F3: 5 | G3: =B3-E3-F3 -> 9
A4: 220 D/C SZ Chapra-Gopalganj | B4: 65 | C4: 8 | D4: =I10+I16+I25+I40+I45+I50+I55+I60+I65 -> 68 | E4: 27 | F4: 8 | G4: =B4-E4-F4 -> 30
A5: 220 D/C TM Chapra-Amnour | B5: 10 | C5: 2 | D5: =I75+I80 -> 18 | E5: 4 | F5: 2 | G5: =B5-E5-F5 -> 4
A6: TOTAL | B6: =SUM(B3:B5) -> 100 | C6: =SUM(C3:C5) -> 15 | D6: =SUM(D3:D5) -> 132 | E6: =SUM(E3:E5) -> 42 | F6: =SUM(F3:F5) -> 15 | G6: =SUM(G3:G5) -> 43
A8: Foundation Plan of May-2026 for TB-412 TL
A9: S.n | B9: LOC N. | C9: TOT | D9: RC | E9: CLASSIFICATION | F9: START DATE | G9: COMPLETION DATE | H9: GANG | I9: Man Power | J9: Exc. Volume (In CUM) | K9: M10 In CUM | L9: M20 In CUM | M9: Steel in MT | N9: Excavation/CUM | O9: M10/CUM | P9: M20/CUM | Q9: Steel Per MT | R9: Revenue | S9: Remarks
A10: 1 | B10: 80/3 | C10: DA+3 | D10: 1 | E10: FS | F10: 46143 | G10: =F10+4 -> 46147 | H10: Exel Power | I10: 8 | J10: 140.36 | K10: 1.96 | L10: 14.51 | M10: 0.945 | N10: 204 | O10: 8390 | P10: 9675 | Q10: 78403 | R10: =(J10*N10+K10*O10+L10*P10+M10*Q10) -> 259552.92 | S10: Completed
A11: 2 | B11: 80/1 | C11: DA+0 | D11: 1 | E11: PS | F11: =G10 -> 46147 | G11: =F11+5 -> 46152 | H11: Exel Power | J11: 84.27 | K11: 1.1 | L11: 11.09 | M11: 0.751 | N11: 204 | O11: 8390 | P11: 9675 | Q11: 78403 | R11: =(J11*N11+K11*O11+L11*P11+M11*Q11) -> 192596.48 | S11: WIP
A12: 3 | B12: 80/2 | C12: DA+3 | D12: 1 | E12: FS | F12: =G11 -> 46152 | G12: =F12+5 -> 46157 | H12: Exel Power | J12: 140.36 | K12: 1.96 | L12: 14.51 | M12: 0.945 | N12: 204 | O12: 8390 | P12: 9675 | Q12: 78403 | R12: =(J12*N12+K12*O12+L12*P12+M12*Q12) -> 259552.92
A13: 4 | B13: 80/0 | C13: DD+0 | D13: 1 | E13: FS | F13: =G12 -> 46157 | G13: =F13+5 -> 46162 | H13: Exel Power | J13: 329.49 | K13: 4.88 | L13: 32.62 | M13: 2.607 | N13: 204 | O13: 8390 | P13: 9675 | Q13: 78403 | R13: =(J13*N13+K13*O13+L13*P13+M13*Q13) -> 628154.28
A14: 5 | B14: 79/0 | C14: DC+6 | E14: PS | F14: =G13 -> 46162 | G14: =F14+5 -> 46167 | H14: Exel Power | J14: 166.06 | K14: 2.34 | L14: 16.38 | M14: 0.951 | N14: 204 | O14: 8390 | P14: 9675 | Q14: 78403 | R14: =(J14*N14+K14*O14+L14*P14+M14*Q14) -> 286546.59
A15: 6 | B15: 78/0 | C15: DD+9 | E15: PS | F15: =G14 -> 46167 | G15: =F15+6 -> 46173 | H15: Exel Power | J15: 270.75 | K15: 3.96 | L15: 25.67 | M15: 1.84 | N15: 204 | O15: 8390 | P15: 9675 | Q15: 78403 | R15: =(J15*N15+K15*O15+L15*P15+M15*Q15) -> 481076.17
A16: 7 | B16: 64/1 | C16: DA+0 | E16: FS | F16: 46143 | G16: =F16+3 -> 46146 | H16: MAA | I16: 8 | J16: 108 | K16: 1.46 | L16: 10.98 | M16: 0.606 | N16: 204 | O16: 8390 | P16: 9675 | Q16: 78403 | R16: =(J16*N16+K16*O16+L16*P16+M16*Q16) -> 188025.12 | S16: Completed
A17: 8 | B17: 64/2 | C17: DA+0 | E17: FS | F17: =G16 -> 46146 | G17: =F17+3 -> 46149 | H17: MAA | J17: 133.87 | K17: 1.85 | L17: 11.71 | M17: 0.697 | N17: 204 | O17: 8390 | P17: 9675 | Q17: 78403 | R17: =(J17*N17+K17*O17+L17*P17+M17*Q17) -> 210772.12 | S17: Completed
A18: 9 | B18: 63/1 | C18: DA+3 | E18: FS | F18: =G17 -> 46149 | G18: =F18+3 -> 46152 | H18: MAA | J18: 133.87 | K18: 1.85 | L18: 11.71 | M18: 0.697 | N18: 204 | O18: 8390 | P18: 9675 | Q18: 78403 | R18: =(J18*N18+K18*O18+L18*P18+M18*Q18) -> 210772.12
A19: 10 | B19: 63/0 | C19: DD+0 | E19: FS | F19: =G18 -> 46152 | G19: =F19+3 -> 46155 | H19: MAA | J19: 329.49 | K19: 4.88 | L19: 31.12 | M19: 2.312 | N19: 204 | O19: 8390 | P19: 9675 | Q19: 78403 | R19: =(J19*N19+K19*O19+L19*P19+M19*Q19) -> 590512.9
A20: 11 | B20: 62A/0 | C20: DB+3 | E20: FS | F20: =G19 -> 46155 | G20: =F20+3 -> 46158 | H20: MAA | J20: 161.63 | K20: 2.27 | L20: 15.51 | M20: 0.848 | N20: 204 | O20: 8390 | P20: 9675 | Q20: 78403 | R20: =(J20*N20+K20*O20+L20*P20+M20*Q20) -> 268562.81
A21: 12 | B21: 62/2 | C21: DA+6 | E21: FS | F21: =G20 -> 46158 | G21: =F21+3 -> 46161 | H21: MAA | J21: 133.87 | K21: 1.85 | L21: 11.71 | M21: 0.697 | N21: 204 | O21: 8390 | P21: 9675 | Q21: 78403 | R21: =(J21*N21+K21*O21+L21*P21+M21*Q21) -> 210772.12
A22: 13 | B22: 53/0 | C22: DB+6 | D22: 1 | E22: FS | F22: =G21 -> 46161 | G22: =F22+3 -> 46164 | H22: MAA | J22: 161.63 | K22: 2.27 | L22: 18.32 | M22: 1.099 | N22: 204 | O22: 8390 | P22: 9675 | Q22: 78403 | R22: =(J22*N22+K22*O22+L22*P22+M22*Q22) -> 315428.72
A23: 14 | B23: 52/0 | C23: DD+6 | D23: 1 | E23: FS | F23: =G22 -> 46164 | G23: 46167 | H23: MAA | J23: 329.49 | K23: 4.88 | L23: 32.62 | M23: 2.607 | N23: 204 | O23: 8390 | P23: 9675 | Q23: 78403 | R23: =(J23*N23+K23*O23+L23*P23+M23*Q23) -> 628154.28
A24: 15 | B24: 51/0 | C24: DD+0 | D24: 1 | E24: FS | F24: 46167 | G24: 46173 | H24: MAA | J24: 329.49 | K24: 4.88 | L24: 32.62 | M24: 2.607 | N24: 204 | O24: 8390 | P24: 9675 | Q24: 78403 | R24: =(J24*N24+K24*O24+L24*P24+M24*Q24) -> 628154.28
A25: 16 | B25: 111A/0 | C25: DD+18 | D25: 1 | E25: FS | F25: 46143 | G25: =F25+2 -> 46145 | H25: Shakti | I25: 12 | J25: 344.76 | K25: 5.12 | L25: 34.77 | M25: 2.726 | N25: 204 | O25: 8390 | P25: 9675 | Q25: 78403 | R25: =(J25*N25+K25*O25+L25*P25+M25*Q25) -> 663414.17 | S25: Completed
A26: 17 | B26: 112/0 | C26: DD+18 | D26: 1 | E26: FS | F26: =G25 -> 46145 | G26: =F26+2 -> 46147 | H26: Shakti | J26: 344.76 | K26: 5.12 | L26: 34.77 | M26: 2.726 | N26: 204 | O26: 8390 | P26: 9675 | Q26: 78403 | R26: =(J26*N26+K26*O26+L26*P26+M26*Q26) -> 663414.17 | S26: Completed
A27: 18 | B27: 144/0 | C27: DD+9 | E27: FS | F27: =G26 -> 46147 | G27: =F27+2 -> 46149 | H27: Shakti | J27: 329.49 | K27: 4.88 | L27: 31.12 | M27: 2.312 | N27: 204 | O27: 8390 | P27: 9675 | Q27: 78403 | R27: =(J27*N27+K27*O27+L27*P27+M27*Q27) -> 590512.9 | S27: WIP
A28: 19 | B28: 145/0 | C28: DD+0 | E28: FS | F28: =G27 -> 46149 | G28: =F28+2 -> 46151 | H28: Shakti | J28: 329.49 | K28: 4.88 | L28: 31.12 | M28: 2.312 | N28: 204 | O28: 8390 | P28: 9675 | Q28: 78403 | R28: =(J28*N28+K28*O28+L28*P28+M28*Q28) -> 590512.9
A29: 20 | B29: 145/1 | C29: DA+0 | E29: FS | F29: =G28 -> 46151 | G29: =F29+2 -> 46153 | H29: Shakti | J29: 108 | K29: 1.46 | L29: 10.98 | M29: 0.606 | N29: 204 | O29: 8390 | P29: 9675 | Q29: 78403 | R29: =(J29*N29+K29*O29+L29*P29+M29*Q29) -> 188025.12
A30: 21 | B30: 145/2 | C30: DA+3 | E30: PS | F30: =G29 -> 46153 | G30: =F30+2 -> 46155 | H30: Shakti | J30: 108 | K30: 1.46 | L30: 9.71 | M30: 0.613 | N30: 204 | O30: 8390 | P30: 9675 | Q30: 78403 | R30: =(J30*N30+K30*O30+L30*P30+M30*Q30) -> 176286.69
A31: 22 | B31: 146/0 | C31: DC+6 | E31: FS | F31: =G30 -> 46155 | G31: =F31+2 -> 46157 | H31: Shakti | J31: 206.67 | K31: 2.96 | L31: 20.24 | M31: 1.129 | N31: 204 | O31: 8390 | P31: 9675 | Q31: 78403 | R31: =(J31*N31+K31*O31+L31*P31+M31*Q31) -> 351334.07
A32: 23 | B32: 147/0 | C32: DC+9 | E32: PS | F32: =G31 -> 46157 | G32: =F32+2 -> 46159 | H32: Shakti | J32: 166.06 | K32: 2.34 | L32: 16.38 | M32: 0.951 | N32: 204 | O32: 8390 | P32: 9675 | Q32: 78403 | R32: =(J32*N32+K32*O32+L32*P32+M32*Q32) -> 286546.59
A33: 24 | B33: AP147A/0 | C33: DD+6 | E33: FS | F33: =G32 -> 46159 | G33: =F33+2 -> 46161 | H33: Shakti | J33: 329.49 | K33: 4.88 | L33: 31.12 | M33: 2.312 | N33: 204 | O33: 8390 | P33: 9675 | Q33: 78403 | R33: =(J33*N33+K33*O33+L33*P33+M33*Q33) -> 590512.9
A34: 25 | B34: 148/0 | C34: DC+3 | E34: FS | F34: =G33 -> 46161 | G34: =F34+2 -> 46163 | H34: Shakti | J34: 206.67 | K34: 2.96 | L34: 20.24 | M34: 1.129 | N34: 204 | O34: 8390 | P34: 9675 | Q34: 78403 | R34: =(J34*N34+K34*O34+L34*P34+M34*Q34) -> 351334.07
A35: 26 | B35: 148/1 | C35: DA+3 | E35: PS | F35: =G34 -> 46163 | G35: =F35+2 -> 46165 | H35: Shakti | J35: 108 | K35: 1.46 | L35: 9.71 | M35: 0.613 | N35: 204 | O35: 8390 | P35: 9675 | Q35: 78403 | R35: =(J35*N35+K35*O35+L35*P35+M35*Q35) -> 176286.69
A36: 27 | B36: 148/2 | C36: DA+3 | E36: PS | F36: =G35 -> 46165 | G36: =F36+2 -> 46167 | H36: Shakti | J36: 108 | K36: 1.46 | L36: 9.71 | M36: 0.613 | N36: 204 | O36: 8390 | P36: 9675 | Q36: 78403 | R36: =(J36*N36+K36*O36+L36*P36+M36*Q36) -> 176286.69
A37: 28 | B37: 148/3 | C37: DA+6 | E37: PS | F37: =G36 -> 46167 | G37: =F37+2 -> 46169 | H37: Shakti | J37: 108 | K37: 1.46 | L37: 9.71 | M37: 0.613 | N37: 204 | O37: 8390 | P37: 9675 | Q37: 78403 | R37: =(J37*N37+K37*O37+L37*P37+M37*Q37) -> 176286.69
A38: 29 | B38: 149/0 | C38: DD+0 | E38: FS | F38: =G37 -> 46169 | G38: =F38+2 -> 46171 | H38: Shakti | J38: 329.49 | K38: 4.88 | L38: 31.12 | M38: 2.312 | N38: 204 | O38: 8390 | P38: 9675 | Q38: 78403 | R38: =(J38*N38+K38*O38+L38*P38+M38*Q38) -> 590512.9
A39: 30 | B39: 149/1 | C39: DA+3 | E39: PS | F39: =G38 -> 46171 | G39: =F39+2 -> 46173 | H39: Shakti | J39: 108 | K39: 1.46 | L39: 9.71 | M39: 0.613 | N39: 204 | O39: 8390 | P39: 9675 | Q39: 78403 | R39: =(J39*N39+K39*O39+L39*P39+M39*Q39) -> 176286.69
A40: 31 | B40: 132/5 | C40: DA+3 | E40: PS | F40: 46143 | G40: =F40+7 -> 46150 | H40: Hetansh | I40: 8 | J40: 108 | K40: 1.46 | L40: 9.71 | M40: 0.613 | N40: 204 | O40: 8390 | P40: 9675 | Q40: 78403 | R40: =(J40*N40+K40*O40+L40*P40+M40*Q40) -> 176286.69 | S40: Completed
A41: 32 | B41: 132/1 | C41: DA+3 | E41: PS | F41: =G40 -> 46150 | G41: =F41+7 -> 46157 | H41: Hetansh | J41: 108 | K41: 1.46 | L41: 9.71 | M41: 0.613 | N41: 204 | O41: 8390 | P41: 9675 | Q41: 78403 | R41: =(J41*N41+K41*O41+L41*P41+M41*Q41) -> 176286.69
A42: 33 | B42: 132/2 | C42: DA+6 | E42: PS | F42: =G41 -> 46157 | G42: =F42+7 -> 46164 | H42: Hetansh | J42: 108 | K42: 1.46 | L42: 9.71 | M42: 0.613 | N42: 204 | O42: 8390 | P42: 9675 | Q42: 78403 | R42: =(J42*N42+K42*O42+L42*P42+M42*Q42) -> 176286.69
A43: 34 | B43: 132/3 | C43: DA+6 | E43: PS | F43: =G42 -> 46164 | G43: =F43+5 -> 46169 | H43: Hetansh | J43: 108 | K43: 1.46 | L43: 9.71 | M43: 0.613 | N43: 204 | O43: 8390 | P43: 9675 | Q43: 78403 | R43: =(J44*N43+K44*O43+L44*P43+M44*Q43) -> 210772.12
A44: 35 | B44: 132/4 | C44: DA+9 | E44: FS | F44: =G43 -> 46169 | G44: =F44+4 -> 46173 | H44: Hetansh | J44: 133.87 | K44: 1.85 | L44: 11.71 | M44: 0.697 | N44: 204 | O44: 8390 | P44: 9675 | Q44: 78403 | R44: =(J45*N44+K45*O44+L45*P44+M45*Q44) -> 176286.69 | S44: WIP
A45: 36 | B45: 154/2 | C45: DA+3 | E45: PS | F45: 46143 | G45: =F45+7 -> 46150 | H45: AR | I45: 8 | J45: 108 | K45: 1.46 | L45: 9.71 | M45: 0.613 | N45: 204 | O45: 8390 | P45: 9675 | Q45: 78403 | R45: =(J46*N45+K46*O45+L46*P45+M46*Q45) -> 188025.12 | S45: Completed
A46: 37 | B46: 154/3 | C46: DA+0 | E46: FS | F46: =G45 -> 46150 | G46: =F46+7 -> 46157 | H46: AR | J46: 108 | K46: 1.46 | L46: 10.98 | M46: 0.606 | N46: 204 | O46: 8390 | P46: 9675 | Q46: 78403 | R46: =(J47*N46+K47*O46+L47*P46+M47*Q46) -> 210772.12 | S46: WIP
A47: 38 | B47: 151/2 | C47: DA+6 | E47: FS | F47: =G46 -> 46157 | G47: =F47+7 -> 46164 | H47: AR | J47: 133.87 | K47: 1.85 | L47: 11.71 | M47: 0.697 | N47: 204 | O47: 8390 | P47: 9675 | Q47: 78403 | R47: =(J48*N47+K48*O47+L48*P47+M48*Q47) -> 286546.59
A48: 39 | B48: 152/0 | C48: DC+3 | E48: PS | F48: =G47 -> 46164 | G48: =F48+5 -> 46169 | H48: AR | J48: 166.06 | K48: 2.34 | L48: 16.38 | M48: 0.951 | N48: 204 | O48: 8390 | P48: 9675 | Q48: 78403 | R48: =(J43*N48+K43*O48+L43*P48+M43*Q48) -> 176286.69
A49: 40 | B49: 152/1 | C49: DA+3 | E49: PS | F49: =G48 -> 46169 | G49: =F49+4 -> 46173 | H49: AR | J49: 108 | K49: 1.46 | L49: 9.71 | M49: 0.613 | N49: 204 | O49: 8390 | P49: 9675 | Q49: 78403 | R49: =(J49*N49+K49*O49+L49*P49+M49*Q49) -> 176286.69
A50: 41 | B50: 106/3 | C50: DA+0 | D50: 1 | E50: PS | F50: 46143 | G50: =F50+7 -> 46150 | H50: Construction Wala | I50: 8 | J50: 84.27 | K50: 1.1 | L50: 11.09 | M50: 0.751 | N50: 204 | O50: 8390 | P50: 9675 | Q50: 78403 | R50: =(J50*N50+K50*O50+L50*P50+M50*Q50) -> 192596.48 | S50: WIP
A51: 42 | B51: 106/2 | C51: DA+0 | D51: 1 | E51: PS | F51: =G50 -> 46150 | G51: =F51+7 -> 46157 | H51: Construction Wala | J51: 84.27 | K51: 1.1 | L51: 11.09 | M51: 0.751 | N51: 204 | O51: 8390 | P51: 9675 | Q51: 78403 | R51: =(J51*N51+K51*O51+L51*P51+M51*Q51) -> 192596.48
A52: 43 | B52: 95/1 | C52: DA+3 | E52: FS | F52: =G51 -> 46157 | G52: =F52+7 -> 46164 | H52: Construction Wala | J52: 133.87 | K52: 1.85 | L52: 11.77 | M52: 0.697 | N52: 204 | O52: 8390 | P52: 9675 | Q52: 78403 | R52: =(J52*N52+K52*O52+L52*P52+M52*Q52) -> 211352.62
A53: 44 | B53: 95/2 | C53: DA+0 | E53: FS | F53: =G52 -> 46164 | G53: =F53+5 -> 46169 | H53: Construction Wala | J53: 108 | K53: 1.46 | L53: 10.98 | M53: 0.606 | N53: 204 | O53: 8390 | P53: 9675 | Q53: 78403 | R53: =(J53*N53+K53*O53+L53*P53+M53*Q53) -> 188025.12
A54: 45 | B54: 95/3 | C54: DA+0 | E54: FS | F54: =G53 -> 46169 | G54: =F54+4 -> 46173 | H54: Construction Wala | J54: 108 | K54: 1.46 | L54: 10.98 | M54: 0.606 | N54: 204 | O54: 8390 | P54: 9675 | Q54: 78403 | R54: =(J54*N54+K54*O54+L54*P54+M54*Q54) -> 188025.12
A55: 46 | B55: 105/1 | C55: DA+3 | E55: FS | F55: 46143 | G55: =F55+7 -> 46150 | H55: Anmol | I55: 8 | J55: 108 | K55: 1.46 | L55: 10.98 | M55: 0.606 | N55: 204 | O55: 8390 | P55: 9675 | Q55: 78403 | R55: =(J55*N55+K55*O55+L55*P55+M55*Q55) -> 188025.12
A56: 47 | B56: 104/5 | C56: DA+3 | E56: PS | F56: =G55 -> 46150 | G56: =F56+7 -> 46157 | H56: Anmol | J56: 108 | K56: 1.46 | L56: 9.71 | M56: 0.613 | N56: 204 | O56: 8390 | P56: 9675 | Q56: 78403 | R56: =(J56*N56+K56*O56+L56*P56+M56*Q56) -> 176286.69
A57: 48 | B57: 104/4 | C57: DA+0 | E57: PS | F57: =G56 -> 46157 | G57: =F57+7 -> 46164 | H57: Anmol | J57: 108 | K57: 1.46 | L57: 9.71 | M57: 0.613 | N57: 204 | O57: 8390 | P57: 9675 | Q57: 78403 | R57: =(J57*N57+K57*O57+L57*P57+M57*Q57) -> 176286.69
A58: 49 | B58: 105/2 | C58: DA+6 | E58: PS | F58: =G57 -> 46164 | G58: =F58+5 -> 46169 | H58: Anmol | J58: 108 | K58: 1.46 | L58: 9.71 | M58: 0.613 | N58: 204 | O58: 8390 | P58: 9675 | Q58: 78403 | R58: =(J58*N58+K58*O58+L58*P58+M58*Q58) -> 176286.69
A59: 50 | B59: 106/0 | C59: DD+9 | E59: PS | F59: =G58 -> 46169 | G59: =F59+4 -> 46173 | H59: Anmol | J59: 270.75 | K59: 3.96 | L59: 25.67 | M59: 1.84 | N59: 204 | O59: 8390 | P59: 9675 | Q59: 78403 | R59: =(J59*N59+K59*O59+L59*P59+M59*Q59) -> 481076.17
A60: 51 | B60: 102/2 | C60: DA+6 | D60: 1 | E60: FS | F60: 46143 | G60: =F60+7 -> 46150 | H60: UKC | I60: 8 | J60: 140.36 | K60: 1.96 | L60: 14.51 | M60: 0.945 | N60: 204 | O60: 8390 | P60: 9675 | Q60: 78403 | R60: =(J60*N60+K60*O60+L60*P60+M60*Q60) -> 259552.92 | S60: WIP
A61: 52 | B61: 104/0 | C61: DD+0 | E61: PS | F61: =G60 -> 46150 | G61: =F61+7 -> 46157 | H61: UKC | J61: 270.75 | K61: 3.96 | L61: 25.67 | M61: 1.84 | N61: 204 | O61: 8390 | P61: 9675 | Q61: 78403 | R61: =(J61*N61+K61*O61+L61*P61+M61*Q61) -> 481076.17
A62: 53 | B62: 104/1 | C62: DA+3 | E62: PS | F62: =G61 -> 46157 | G62: =F62+7 -> 46164 | H62: UKC | J62: 108 | K62: 1.46 | L62: 9.71 | M62: 0.613 | N62: 204 | O62: 8390 | P62: 9675 | Q62: 78403 | R62: =(J62*N62+K62*O62+L62*P62+M62*Q62) -> 176286.69
A63: 54 | B63: 104/2 | C63: DA+6 | E63: FS | F63: =G62 -> 46164 | G63: =F63+5 -> 46169 | H63: UKC | J63: 133.87 | K63: 1.85 | L63: 11.71 | M63: 0.697 | N63: 204 | O63: 8390 | P63: 9675 | Q63: 78403 | R63: =(J63*N63+K63*O63+L63*P63+M63*Q63) -> 210772.12
A64: 55 | B64: 104/3 | C64: DA+3 | E64: FS | F64: =G63 -> 46169 | G64: =F64+4 -> 46173 | H64: UKC | J64: 133.87 | K64: 1.85 | L64: 11.71 | M64: 0.697 | N64: 204 | O64: 8390 | P64: 9675 | Q64: 78403 | R64: =(J64*N64+K64*O64+L64*P64+M64*Q64) -> 210772.12
A65: 56 | B65: 61/2 | C65: DA+9 | E65: PS | F65: 46145 | G65: =F65+2 -> 46147 | H65: Suman Kumar Singh moblized by 03.05.2026 | J65: 108 | K65: 1.46 | L65: 9.71 | M65: 0.613 | N65: 204 | O65: 8390 | P65: 9675 | Q65: 78403 | R65: =(J65*N65+K65*O65+L65*P65+M65*Q65) -> 176286.69
A66: 57 | B66: 61/3 | C66: DA+3 | E66: PS | F66: =G65 -> 46147 | G66: =F66+3 -> 46150 | J66: 108 | K66: 1.46 | L66: 9.71 | M66: 0.613 | N66: 204 | O66: 8390 | P66: 9675 | Q66: 78403 | R66: =(J66*N66+K66*O66+L66*P66+M66*Q66) -> 176286.69
A67: 58 | B67: 61/4 | C67: DA+3 | E67: PS | F67: =G66 -> 46150 | G67: =F67+3 -> 46153 | J67: 108 | K67: 1.46 | L67: 9.71 | M67: 0.613 | N67: 204 | O67: 8390 | P67: 9675 | Q67: 78403 | R67: =(J67*N67+K67*O67+L67*P67+M67*Q67) -> 176286.69
A68: 59 | B68: 61/5 | C68: DA+6 | E68: PS | F68: =G67 -> 46153 | G68: =F68+3 -> 46156 | J68: 108 | K68: 1.46 | L68: 9.71 | M68: 0.613 | N68: 204 | O68: 8390 | P68: 9675 | Q68: 78403 | R68: =(J68*N68+K68*O68+L68*P68+M68*Q68) -> 176286.69
A69: 60 | B69: 48/2 | C69: DA+6 | E69: PS | F69: =G68 -> 46156 | G69: =F69+3 -> 46159 | J69: 108 | K69: 1.46 | L69: 9.71 | M69: 0.613 | N69: 204 | O69: 8390 | P69: 9675 | Q69: 78403 | R69: =(J69*N69+K69*O69+L69*P69+M69*Q69) -> 176286.69
A70: 61 | B70: 48/1 | C70: DA+3 | E70: FS | F70: =G69 -> 46159 | G70: =F70+3 -> 46162 | J70: 133.87 | K70: 1.85 | L70: 11.71 | M70: 0.697 | N70: 204 | O70: 8390 | P70: 9675 | Q70: 78403 | R70: =(J70*N70+K70*O70+L70*P70+M70*Q70) -> 210772.12
A71: 62 | B71: 47/1 | C71: DA+6 | E71: FS | F71: =G70 -> 46162 | G71: =F71+3 -> 46165 | J71: 133.87 | K71: 1.85 | L71: 11.71 | M71: 0.697 | N71: 204 | O71: 8390 | P71: 9675 | Q71: 78403 | R71: =(J71*N71+K71*O71+L71*P71+M71*Q71) -> 210772.12
A72: 63 | B72: 47/2 | C72: DA+0 | E72: FS | F72: =G71 -> 46165 | G72: =F72+3 -> 46168 | J72: 133.87 | K72: 1.85 | L72: 11.71 | M72: 0.697 | N72: 204 | O72: 8390 | P72: 9675 | Q72: 78403 | R72: =(J72*N72+K72*O72+L72*P72+M72*Q72) -> 210772.12
A73: 64 | B73: 47/3 | C73: DA+9 | E73: FS | F73: =G72 -> 46168 | G73: =F73+3 -> 46171 | J73: 133.87 | K73: 1.85 | L73: 11.71 | M73: 0.697 | N73: 204 | O73: 8390 | P73: 9675 | Q73: 78403 | R73: =(J73*N73+K73*O73+L73*P73+M73*Q73) -> 210772.12
A74: 65 | B74: 48/0 | C74: DD+3 | E74: FS | F74: =G73 -> 46171 | G74: =F74+2 -> 46173 | J74: 133.87 | K74: 1.85 | L74: 11.71 | M74: 0.697 | N74: 204 | O74: 8390 | P74: 9675 | Q74: 78403 | R74: =(J74*N74+K74*O74+L74*P74+M74*Q74) -> 210772.12
A75: 66 | B75: 3/1 | C75: 2TDD+9 | E75: PS | F75: 46141 | G75: =F75+7 -> 46148 | H75: Navdurga | I75: 10 | J75: 374.98 | K75: 5.6 | L75: 41.61 | M75: 3.201 | N75: 256 | O75: 10487 | P75: 12093 | Q75: 98000 | R75: =(J75*N75+K75*O75+L75*P75+M75*Q75) -> 971609.81 | S75: Completed
A76: 67 | B76: 12/0 | C76: 2TDD+0 | E76: PS | F76: =G75 -> 46148 | G76: =F76+7 -> 46155 | H76: Navdurga | J76: 238.7 | K76: 3.46 | L76: 23.6 | M76: 1.741 | N76: 256 | O76: 10487 | P76: 12093 | Q76: 98000 | R76: =(J76*N76+K76*O76+L76*P76+M76*Q76) -> 553405.02
A77: 68 | B77: 16/0 | C77: 2TDD+3 | E77: PS | F77: =G76 -> 46155 | G77: =F77+8 -> 46163 | H77: Navdurga | J77: 374.98 | K77: 5.6 | L77: 41.61 | M77: 3.201 | N77: 256 | O77: 10487 | P77: 12093 | Q77: 98000 | R77: =(J77*N77+K77*O77+L77*P77+M77*Q77) -> 971609.81 | S77: ROW
A78: 69 | B78: 17/0 | C78: 2TDD+0 | E78: PS | F78: =G77 -> 46163 | G78: =F78+4 -> 46167 | H78: Navdurga | J78: 374.98 | K78: 5.6 | L78: 41.61 | M78: 3.201 | N78: 256 | O78: 10487 | P78: 12093 | Q78: 98000 | R78: =(J78*N78+K78*O78+L78*P78+M78*Q78) -> 971609.81 | S78: ROW
A79: 70 | B79: 18/0 | C79: 2TDD+3 | E79: PS | F79: =G78 -> 46167 | G79: =F79+5 -> 46172 | H79: Navdurga | J79: 374.98 | K79: 5.6 | L79: 41.61 | M79: 3.201 | N79: 256 | O79: 10487 | P79: 12093 | Q79: 98000 | R79: =(J79*N79+K79*O79+L79*P79+M79*Q79) -> 971609.81 | S79: ROW
A80: 71 | B80: 6/0 | C80: DC+0 | E80: PS | F80: 46141 | G80: =F80+7 -> 46148 | H80: AR | I80: 8 | J80: 374.98 | K80: 5.6 | L80: 41.61 | M80: 3.201 | N80: 256 | O80: 10487 | P80: 12093 | Q80: 98000 | R80: =(J80*N80+K80*O80+L80*P80+M80*Q80) -> 971609.81 | S80: WIP
A81: 72 | B81: 12/1 | C81: 2TDA+6 | E81: PS | F81: =G80 -> 46148 | G81: =F81+7 -> 46155 | H81: AR | J81: 116.81 | K81: 1.69 | L81: 11.78 | M81: 0.733 | N81: 256 | O81: 10487 | P81: 12093 | Q81: 98000 | R81: =(J81*N81+K81*O81+L81*P81+M81*Q81) -> 261915.93 | S81: WIP
A82: 73 | B82: 13/0 | C82: 2TDD+18 | E82: FS | F82: =G81 -> 46155 | G82: =F82+8 -> 46163 | H82: Navdurga | J82: 462.8 | K82: 7 | L82: 52.1 | M82: 3.601 | N82: 256 | O82: 10487 | P82: 12093 | Q82: 98000 | R82: =(J82*N82+K82*O82+L82*P82+M82*Q82) -> 1174829.1
A83: 74 | B83: 14/0 | C83: 2TDD+25 | E83: PS | F83: =G82 -> 46163 | G83: =F83+4 -> 46167 | H83: AR | J83: 385.5 | K83: 5.77 | L83: 43.5 | M83: 3.201 | N83: 256 | O83: 10487 | P83: 12093 | Q83: 98000 | R83: =(J83*N83+K83*O83+L83*P83+M83*Q83) -> 998941.49
A84: 75 | B84: 15/0 | C84: 2TDD+9 | E84: FS | F84: =G83 -> 46167 | G84: =F84+5 -> 46172 | H84: AR | J84: 449.45 | K84: 6.77 | L84: 64.18 | M84: 4.417 | N84: 256 | O84: 10487 | P84: 12093 | Q84: 98000 | R84: =(J84*N84+K84*O84+L84*P84+M84*Q84) -> 1395050.9
A85: 76 | B85: 39/4 LO | C85: DA+3 | E85: FS | F85: 46141 | G85: =F85+6 -> 46147 | H85: Navdurga-1 | I85: 12 | J85: 370 | K85: 5.51 | L85: 41.93 | M85: 2.783 | N85: 256 | O85: 10487 | P85: 12093 | Q85: 98000 | R85: =(J85*N85+K85*O85+L85*P85+M85*Q85) -> 932296.86 | S85: Completed
A86: 93 | B86: 27/1 LI | C86: DA+6 | E86: PS | F86: =G85 -> 46147 | G86: =F86+8 -> 46155 | H86: Dharmendra | J86: 306 | K86: 4.51 | L86: 36.02 | M86: 2.419 | N86: 256 | O86: 10487 | P86: 12093 | Q86: 98000 | R86: =(J86*N86+K86*O86+L86*P86+M86*Q86) -> 798284.23
A87: 78 | B87: 45/0 LO | C87: DD+3 | E87: FS | F87: =G86 -> 46155 | G87: =F87+4 -> 46159 | H87: Navdurga-1 | J87: 306 | K87: 4.51 | L87: 36.02 | M87: 2.419 | N87: 256 | O87: 10487 | P87: 12093 | Q87: 98000 | R87: =(J87*N87+K87*O87+L87*P87+M87*Q87) -> 798284.23 | S87: WIP
A88: 79 | B88: 8/0 LI | C88: DB+0 | E88: PS | F88: =G87 -> 46159 | G88: =F88+8 -> 46167 | H88: Navdurga-1 | J88: 555 | K88: 8.45 | L88: 70.78 | M88: 5.233 | N88: 256 | O88: 10487 | P88: 12093 | Q88: 98000 | R88: =(J88*N88+K88*O88+L88*P88+M88*Q88) -> 1599471.7
A89: 80 | B89: 20/1 LI | C89: DA+6 | E89: FS | F89: =G88 -> 46167 | G89: =F89+5 -> 46172 | H89: Navdurga-1 | J89: 370 | K89: 5.51 | L89: 41.93 | M89: 2.783 | N89: 256 | O89: 10487 | P89: 12093 | Q89: 98000 | R89: =(J89*N89+K89*O89+L89*P89+M89*Q89) -> 932296.86
A90: 81 | B90: 39/5 LO | C90: DA+3 | E90: FS | F90: 46143 | G90: =F90+5 -> 46148 | H90: Navdurga-2 | I90: 14 | J90: 370 | K90: 5.51 | L90: 41.93 | M90: 2.783 | N90: 256 | O90: 10487 | P90: 12093 | Q90: 98000 | R90: =(J90*N90+K90*O90+L90*P90+M90*Q90) -> 932296.86 | S90: Completed
A91: 82 | B91: 12/0 LI | C91: DB+3 | E91: PS | F91: =G90 -> 46148 | G91: =F91+6 -> 46154 | H91: Navdurga-2 | J91: 555 | K91: 8.45 | L91: 70.78 | M91: 5.233 | N91: 256 | O91: 10487 | P91: 12093 | Q91: 98000 | R91: =(J91*N91+K91*O91+L91*P91+M91*Q91) -> 1599471.7 | S91: ROW
A92: 83 | B92: 26/0 LI | C92: DD+0 | E92: PS | F92: =G91 -> 46154 | G92: =F92+8 -> 46162 | H92: Navdurga-2 | J92: 908.28 | K92: 14.11 | L92: 135.68 | M92: 12.17 | N92: 256 | O92: 10487 | P92: 12093 | Q92: 98000 | R92: =(J92*N92+K92*O92+L92*P92+M92*Q92) -> 3213929.5 | S92: ROW
A93: 84 | B93: 9/0 LO | C93: DB+0 | E93: PS | F93: =G92 -> 46162 | G93: =F93+6 -> 46168 | H93: Navdurga-2 | J93: 555 | K93: 8.45 | L93: 70.78 | M93: 5.233 | N93: 256 | O93: 10487 | P93: 12093 | Q93: 98000 | R93: =(J93*N93+K93*O93+L93*P93+M93*Q93) -> 1599471.7 | S93: Hold for DS
A94: 85 | B94: 10/0 LO | C94: DD+0 | E94: PS | F94: =G93 -> 46168 | G94: =F94+5 -> 46173 | H94: Navdurga-2 | J94: 908.28 | K94: 14.11 | L94: 135.68 | M94: 12.17 | N94: 256 | O94: 10487 | P94: 12093 | Q94: 98000 | R94: =(J94*N94+K94*O94+L94*P94+M94*Q94) -> 3213929.5 | S94: Hold for DS
A95: 86 | B95: 36/1 LO | C95: DA+3 | E95: FS | F95: 46143 | G95: =F95+5 -> 46148 | H95: Rajeshwar | I95: 10 | J95: 370 | K95: 5.51 | L95: 41.93 | M95: 2.783 | N95: 256 | O95: 10487 | P95: 12093 | Q95: 98000 | R95: =(J95*N95+K95*O95+L95*P95+M95*Q95) -> 932296.86 | S95: WIP
A96: 87 | B96: 37/0 LO | C96: DD+9 | E96: FS | F96: =G95 -> 46148 | G96: =F96+6 -> 46154 | H96: Rajeshwar | J96: 1083 | K96: 16.93 | L96: 160.88 | M96: 13.832 | N96: 256 | O96: 10487 | P96: 12093 | Q96: 98000 | R96: =(J96*N96+K96*O96+L96*P96+M96*Q96) -> 3755850.8 | S96: WIP
A97: 88 | B97: 39/0 LO | C97: DB+0 | E97: FS | F97: =G96 -> 46154 | G97: =F97+8 -> 46162 | H97: Rajeshwar | J97: 1083 | K97: 16.93 | L97: 160.88 | M97: 13.832 | N97: 256 | O97: 10487 | P97: 12093 | Q97: 98000 | R97: =(J97*N97+K97*O97+L97*P97+M97*Q97) -> 3755850.8
A98: 89 | B98: 7/0 LO | C98: DB+0 | E98: PS | F98: =G97 -> 46162 | G98: =F98+6 -> 46168 | H98: Rajeshwar | J98: 555 | K98: 8.45 | L98: 70.78 | M98: 5.233 | N98: 256 | O98: 10487 | P98: 12093 | Q98: 98000 | R98: =(J98*N98+K98*O98+L98*P98+M98*Q98) -> 1599471.7 | S98: Hold for DS
A99: 90 | B99: 8/0 LO | C99: DD+0 | E99: PS | F99: =G98 -> 46168 | G99: =F99+5 -> 46173 | H99: Rajeshwar | J99: 908.28 | K99: 14.11 | L99: 135.68 | M99: 12.17 | N99: 256 | O99: 10487 | P99: 12093 | Q99: 98000 | R99: =(J99*N99+K99*O99+L99*P99+M99*Q99) -> 3213929.5 | S99: Hold for DS
A100: 91 | B100: 25/1 LI | C100: DA+3 | E100: PS | F100: 46143 | G100: =F100+5 -> 46148 | H100: Dharmendra | I100: 10 | J100: 306 | K100: 4.51 | L100: 36.02 | M100: 2.419 | N100: 256 | O100: 10487 | P100: 12093 | Q100: 98000 | R100: =(J100*N100+K100*O100+L100*P100+M100*Q100) -> 798284.23 | S100: Completed
A101: 92 | B101: 26/1 LI | C101: DA+3 | E101: PS | F101: =G100 -> 46148 | G101: =F101+6 -> 46154 | H101: Dharmendra | J101: 306 | K101: 4.51 | L101: 36.02 | M101: 2.419 | N101: 256 | O101: 10487 | P101: 12093 | Q101: 98000 | R101: =(J101*N101+K101*O101+L101*P101+M101*Q101) -> 798284.23 | S101: Completed
...

Sheet Soil Investigation
A1: Soil Investigation Status
A2: LILO of 400 KV Barh (NTPC) Motihari (DMTCL) D/C (Quad Moose) TL at Chhapra (New) | G2: Status as on | H2: ='DPR Sheet '!F2 -> Date-24/06/2026
A3: SL.No. | B3: Tower No. | C3: Soil Investigation date | D3: Classification | E3: Remarks | G3: LINE NAME | H3: Discription | I3: Qty
A4: 1 | B4: AP 1 | C4: 45896 | D4: WET | E4: LOOP IN (21.266RKM) | G4: LILO of 400 KV Barh (NTPC) Motihari (DMTCL) D/C (Quad Moose) TL at Chhapra (New) | H4: SCOPE | I4: 40
A5: 2 | B5: AP 4 | C5: 45896 | D5: PS | H5: COMPLETED | I5: 40
A6: 3 | B6: AP 5 | C6: 45896 | D6: PS | H6: Report Submiteed | I6: 40
A7: 4 | B7: AP 7 | C7: 45896 | D7: PS | H7: Report Approved | I7: 40
A8: 5 | B8: AP 7A | C8: 45896 | D8: PS | H8: Balanced | I8: 0
A9: 6 | B9: AP 9 | C9: 45897 | D9: PS
A10: 7 | B10: AP 10 | C10: 45897 | D10: PS | G10: 220 KV Chhapra(NEW) to Amnour DCDS Transmission Line with Twin Moose | H10: SCOPE | I10: 7
A11: 8 | B11: AP 11 | C11: 45896 | D11: PS | H11: COMPLETED | I11: 7
A12: 9 | B12: AP 13 | C12: 45897 | D12: WET | H12: Report Submiteed | I12: 7
A13: 10 | B13: AP 14 | C13: 45897 | D13: WET | H13: Report Approved | I13: 7
A14: 11 | B14: AP 15 | C14: 45897 | D14: PS | H14: Balanced | I14: 0
A15: 12 | B15: AP 17 | C15: 45898 | D15: PS
A16: 13 | B16: AP 18 | C16: 45898 | D16: PS | G16: 220 KV D/C Chhapra - Gopalganj Transmission Line with ACSR Zebra Conductor | H16: SCOPE | I16: 100
A17: 14 | B17: AP 20 | C17: 45898 | D17: FS | H17: COMPLETED | I17: 100
A18: 15 | B18: AP 21 | C18: 45898 | D18: FS | H18: Report Submited | I18: 25
A19: 16 | B19: AP 24 | C19: 45898 | D19: PS | H19: Report Approved | I19: 21
A20: 17 | B20: AP 25 | C20: 45898 | D20: PS | H20: Report Awaited | I20: 36
A21: 18 | B21: AP 26 | C21: 45899 | D21: PS | H21: Balanced | I21: =I16-I17 -> 0
A22: 19 | B22: AP 28 | C22: 45899 | D22: PS
A23: 20 | B23: AP 32 | C23: 45899 | D23: FS
A24: 21 | B24: AP 1 | C24: 45905 | D24: WET | E24: LOOP OUT (20.007RKM)
A25: 22 | B25: AP 3A | C25: 45899 | D25: WET
A26: 23 | B26: AP 5A | C26: 45899 | D26: PS
A27: 24 | B27: AP 8A | C27: 45900 | D27: PS
A28: 25 | B28: AP 9 | C28: 45900 | D28: PS
A29: 26 | B29: AP 11 | C29: 45900 | D29: PS
A30: 27 | B30: AP 12 | C30: 45901 | D30: PS
A31: 28 | B31: AP 15 | C31: 45901 | D31: PS
A32: 29 | B32: AP 15 A | C32: 45901 | D32: PS
A33: 30 | B33: AP 17 | C33: 45902 | D33: PS
A34: 31 | B34: AP 18 | C34: 45902 | D34: WET
A35: 32 | B35: AP 19 | C35: 45903 | D35: PS
A36: 33 | B36: AP 21 | C36: 45902 | D36: PS
... A43: 40 | B43: AP 37 | C43: 45905 | D43: FS
A44: Total Completed | C44: =COUNTA(C4:C43) -> 40
A46: 220 KV D/C Chhapra - Gopalganj T L with ACSR Zebra Conductor
A47: SL.No. | B47: Location No. | C47: Soil Investigation date | D47: Classification | E47: Remarks
A48: 1 | B48: 7/0 | C48: 45459 | D48: Wet | E48: Approved from BSPTCL
A49: 2 | B49: 8/0 | C49: 45459 | D49: Wet
A50: 3 | B50: 10/0 | C50: 45459 | D50: Wet
A51: 4 | B51: 12/0 | C51: 45459 | D51: Wet
A52: 5 | B52: 14/0 | C52: 45458 | D52: Wet
A53: 6 | B53: 15/0 | C53: 45458 | D53: FS
A54: 7 | B54: 17/0 | C54: 45460 | D54: Wet
A55: 8 | B55: 19/0 | C55: 45460 | D55: Wet
A56: 9 | B56: 22/0 | C56: 45460 | D56: Wet
A57: 10 | B57: 26/0 | C57: 45460 | D57: Wet
A58: 11 | B58: 29/0 | C58: 45461 | D58: Wet
A59: 12 | B59: 32/0 | C59: 45461 | D59: Wet
A60: 13 | B60: 34/0 | C60: 45461 | D60: Wet
... A70: 23 | B70: AP 9A | C70: 46005 | D70: FS
A71: 24 | B71: AP 11 | C71: 45986 | D71: PS | E71: Report Submitted to BSPTCL Site Office
A72: 25 | B72: AP 13 | C72: 45986 | D72: FS
A73: 26 | B73: AP 18 | C73: 45986 | D73: PS
A74: 27 | B74: AP 22 (NEW) | C74: 45985 | D74: FS
A75: 28 | B75: AP 24 | C75: 45985 | D75: PS
A76: 29 | B76: AP 30 | C76: 45985 | D76: FS
A77: 30 | B77: AP 33 | C77: 45984 | D77: FS
A78: 31 | B78: AP 34 (NEW) | C78: 45984 | D78: FS
A79: 32 | B79: AP 41 | C79: 45984 | D79: FS
A80: 33 | B80: AP 48 | C80: 45983 | D80: PS
A81: 34 | B81: AP 49 | C81: 45983 | D81: PS
A82: 35 | B82: AP 51 | C82: 45983 | D82: FS
A83: 36 | B83: AP 54 | C83: 45982 | D83: FS | E83: Report Submitted to BSPTCL Site Office
A84: 37 | B84: AP 55 | C84: 45982 | D84: PS
A85: 38 | B85: AP 57 | C85: 45982 | D85: WET
A86: 39 | B86: AP 59 | C86: 45981 | D86: FS
A87: 40 | B87: AP 60 | C87: 45981 | D87: FS
A88: 41 | B88: AP 61 | C88: 45981 | D88: FS
A89: 42 | B89: AP 62 | C89: 45980 | D89: FS
A90: 43 | B90: AP 63 | C90: 45980 | D90: FS
A91: 44 | B91: AP 64 | C91: 45980 | D91: FS
A92: 45 | B92: AP 65 | C92: 45978 | D92: FS
A93: 46 | B93: AP 67 | C93: 45978 | D93: FS
A94: 47 | B94: AP 68 | C94: 45978 | D94: FS
A95: 48 | B95: AP 69 | C95: 45977 | D95: FS
... A109: 62 | B109: AP 93 | C109: 45973 | D109: PS
A110: 63 | B110: AP 95 | C110: 45972 | D110: PS | E110: Report Submitted to BSPTCL Site Office
A111: 64 | B111: AP 97 | C111: 45972 | D111: PS
A112: 65 | B112: AP 98 | C112: 45971 | D112: PS
A113: 66 | B113: AP 100 | C113: 45971 | D113: PS
A114: 67 | B114: AP 101 | C114: 46005 | D114: FS | E114: PS
A115: 68 | B115: AP 102 | C115: 46005 | D115: FS
A116: 69 | B116: AP 103 | C116: 46004 | D116: PS
A117: 70 | B117: AP 105 | C117: 46004 | D117: FS
A118: 71 | B118: AP 106 | C118: 46004 | D118: PS
A119: 72 | B119: AP 107 | C119: 46004 | D119: FS
A120: 73 | B120: AP 109 | C120: 46003 | D120: FS
A121: 74 | B121: AP 110 | C121: 46003 | D121: FS
A122: 75 | B122: AP 111 | C122: 46003 | D122: FS
A123: 76 | B123: AP 112 | C123: 46003 | D123: FS
A124: 77 | B124: AP 114 | C124: 11-12-025 | D124: FS
A125: 78 | B125: AP 117 | C125: 11-12-025 | D125: PS
A126: 79 | B126: AP 119 | C126: 11-12-025 | D126: FS
A127: 80 | B127: AP 121 | C127: 11-12-025 | D127: FS
A128: 81 | B128: AP 122 | C128: 10-12-025 | D128: FS
A129: 82 | B129: AP 125 | C129: 10-12-025 | D129: FS
...

Sheet Sheet1
A1: 220 KV D/C Chhapra - Gopalganj Transmission Line with ACSR Zebra Conductor
A2: SL.No. | B2: Location No. | C2: Soil Investigation date | D2: Type of Soil | E2: GPS Co-ordinates (in degree) | G2: Remarks/Crossings
E3: Latitude | F3: Longitude
A4: 1 | B4: AP 54 | C4: 45982 | D4: FS | E4: 26°14'50.9" | F4: 84°33'51.9"
A5: 2 | B5: AP 55 | C5: 45982 | D5: PS | E5: 26°14'17.5" | F5: 84°34'9.6"
A6: 3 | B6: AP 57 | C6: 45982 | D6: WET | E6: 26°13'56.9" | F6: 84°34'40.8"
A7: 4 | B7: AP 59 | C7: 45981 | D7: FS | E7: 26°13'32" | F7: 84°35'20.1"
A8: 5 | B8: AP 60 | C8: 45981 | D8: FS | E8: 26°12'9.6" | F8: 84°35'24.2"
A9: 6 | B9: AP 61 | C9: 45981 | D9: FS | E9: 26°12'2.6" | F9: 84°35'24.5"
A10: 7 | B10: AP 62 | C10: 45980 | D10: FS | E10: 26°11'7" | F10: 84°35'19"
A11: 8 | B11: AP 63 | C11: 45980 | D11: FS | E11: 26°10'37.2" | F11: 84°35'35.6"
A12: 9 | B12: AP 64 | C12: 45980 | D12: FS | E12: 26°10'21.2" | F12: 84°36'6.6"
A13: 10 | B13: AP 65 | C13: 45978 | D13: PS | E13: 26°10'24.8" | F13: 84°36'44.8"
A14: 11 | B14: AP 67 | C14: 45978 | D14: PS | E14: 26°9'58.2" | F14: 84°36'53.3"
A15: 12 | B15: AP 68 | C15: 45978 | D15: FS | E15: 26°9'25.1" | F15: 84°36'43.7" | G15: 800kV HVDC (GPJ_GKP)
A16: 13 | B16: AP 69 | C16: 45977 | D16: FS | E16: 26°9'19.3" | F16: 84°36'41.9"
A17: 14 | B17: AP 71 | C17: 45977 | D17: FS | E17: 26°8'26.3" | F17: 84°36'37.2" | G17: 400kV D/C (BAR_GKP)
A18: 15 | B18: AP 72 | C18: 45977 | D18: FS | E18: 26°8'17" | F18: 84°36'33.2"
A19: 16 | B19: AP 73 | C19: 45976 | D19: FS | E19: 26°8'10.9" | F19: 84°36'36.4" | G19: Railway Crossing
A20: 17 | B20: AP 74 | C20: 45976 | D20: PS | E20: 26°7'28" | F20: 84°36'34.1"
A21: 18 | B21: AP 76 | C21: 45976 | D21: PS | E21: 26°6'58.1" | F21: 84°36'18.9"
A22: 19 | B22: AP 78 | C22: 45975 | D22: PS | E22: 26°6'32.1" | F22: 84°36'38.3"
A23: 20 | B23: AP 80 | C23: 45975 | D23: FS | E23: 26°6'21.7" | F23: 84°36'54.9"
A24: 21 | B24: AP 81 | C24: 45975 | D24: FS | E24: 26°5'42.3" | F24: 84°36'47"
A25: 22 | B25: AP 83 | C25: 45974 | D25: FS | E25: 26°5'11.7" | F25: 84°36'58.6"
A26: 23 | B26: AP 85 | C26: 45974 | D26: FS | E26: 26°4'43" | F26: 84°37'8.9"
A27: 24 | B27: AP 87 | C27: 45974 | D27: FS | E27: 26°4'43.5" | F27: 84°37'44.3"
A28: 25 | B28: AP 89 | C28: 45973 | D28: PS | E28: 26°4'1.7" | F28: 84°38'18.1"
A29: 26 | B29: AP 92 | C29: 45973 | D29: PS | E29: 26°3'5.9" | F29: 84°39'0.9" | G29: 132kV D/C (CHO_SWN)
A30: 27 | B30: AP 93 | C30: 45973 | D30: PS | E30: 26°2'57.1" | F30: 84°38'55.3"

Sheet Progress 400kV QM
A1: Client:- | C1: BIHAR STATE POWER TRANSMISSION COMPANY LIMITED (BSPTCL)
A2: Line Name:- | C2: LILO of 400 KV Barh (NTPC) Motihari (DMTCL) D/C (Quad Moose) Transmission Line at Chhapra (New) LOOP IN & LOOP OUT
A3: EPC:- | C3: KEC International Limited
A4: S.NO. | B4: LOC. NO. | C4: TYPE OF TOWER | D4: ANGLE OF DEVATION | E4: RAISED CHIMNEY | F4: RAISED CHIMNEY | J4: SPAN | K4: Crossing Detail/Statutary | L4: ROW Status | M4: Foundation Status | N4: Contractor Name | O4: Earthing Status | P4: Erection Status | Q4: Contractor Name | R4: Tack Welding Status | S4: VILLAGES | T4: Remarks
F5: A | G5: B | H5: C | I5: D
A6: 1 | B6: 1/0 | C6: 4DD+0 | D6: 45° 33' 45"RT | J6: 112.764 | M6: HOLD | S6: ARNA | T6: LOOP IN
A7: =A6+1 -> 2 | B7: 2/0 | C7: 4DD+0 | D7: 35° 58' 12"RT | J7: 158.659 | M7: HOLD | S7: SANDALPUR | T7: LOOP IN
A8: =A7+1 -> 3 | B8: 3/0 | C8: 4DD+0 | D8: 30° 18' 41"RT | J8: 296 | M8: HOLD | S8: SANDALPUR | T8: LOOP IN
A9: =A8+1 -> 4 | B9: 3/1 | C9: 4DA+0 | J9: 332 | M9: HOLD | S9: SANDALPUR | T9: LOOP IN
A10: =A9+1 -> 5 | B10: 3/2 | C10: 4DA+0 | J10: 277 | M10: HOLD | S10: SANDALPUR | T10: LOOP IN
A11: =A10+1 -> 6 | B11: 3/3 | C11: 4DA+0 | J11: 340.684 | M11: HOLD | S11: MOLNAPUR | T11: LOOP IN
A12: =A11+1 -> 7 | B12: 4/0 | C12: 4DC+0 | D12: 18° 12' 5"RT | J12: 229.841 | K12: NH-722 | M12: HOLD | S12: MOLNAPUR | T12: LOOP IN
A13: =A12+1 -> 8 | B13: 5/0 | C13: 4DD+0 | D13: 50° 6' 30"LT | J13: 276.925 | M13: HOLD | S13: GANESHPATTI | T13: LOOP IN
A14: =A13+1 -> 9 | B14: 6/0 | C14: 4DD+0 | D14: 53° 5' 45"RT | J14: 357 | M14: HOLD | S14: GANESHPATTI | T14: LOOP IN
A15: =A14+1 -> 10 | B15: 6/1 | C15: 4DA+3 | J15: 243.767 | M15: HOLD | S15: BASAUTI | T15: LOOP IN
A16: =A15+1 -> 11 | B16: 7/0 | C16: 4DB+0 | D16: 8° 59' 29"RT | J16: 338 | M16: HOLD | S16: BASAUTI | T16: LOOP IN
A17: =A16+1 -> 12 | B17: 7/1 | C17: 4DA+0 | J17: 309 | M17: WIP | N17: Dharmendra Mishra | O17: WIP | S17: MURLI SIRSIA | T17: LOOP IN
A18: =A17+1 -> 13 | B18: 7/2 | C18: 4DA+0 | J18: 381.534 | M18: WIP | N18: AR | S18: MURLI SIRSIA | T18: LOOP IN
A19: =A18+1 -> 14 | B19: 8/0 | C19: 4DB+0 | D19: 5° 20' 56"LT | J19: 331.87 | M19: Completed | N19: AR | S19: MURLI SIRSIA | T19: LOOP IN
A20: =A19+1 -> 15 | B20: 9/0 | C20: 4DC+0 | D20: 18° 23' 40"LT | J20: 341.212 | M20: Completed | N20: Kutir Vihar | O20: Completed | S20: MURLI SIRSIA | T20: LOOP IN
A21: =A20+1 -> 16 | B21: 10/0 | C21: 4DB+0 | D21: 2° 36' 19"LT | J21: 243.495 | M21: Completed | N21: Kutir Vihar | O21: Completed | S21: MURLI SIRSIA | T21: LOOP IN
A22: =A21+1 -> 17 | B22: 11/0 | C22: 4DD+0 | D22: 30° 45' 23"LT | J22: 316 | M22: Completed | N22: Kutir Vihar | O22: Completed | S22: JAGARNATHPUR | T22: LOOP IN
A23: =A22+1 -> 18 | B23: 11/1 | C23: 4DA+0 | J23: 325 | M23: Completed | N23: Dharmendra Mishra | O23: Completed | S23: JAGARNATHPUR | T23: LOOP IN
A24: =A23+1 -> 19 | B24: 11/2 | C24: 4DA+0 | J24: 269 | M24: Completed | N24: Rajeswar Singh | S24: BARKI SIRSIA | T24: LOOP IN
A25: =A24+1 -> 20 | B25: 11/3 | C25: 4DA+0 | J25: 281.828 | M25: Completed | N25: Dharmendra Mishra | S25: BARKI SIRSIA | T25: LOOP IN
A26: =A25+1 -> 21 | B26: 12/0 | C26: 4DB+3 | D26: 7° 1' 5"LT | J26: 423 | L26: ROW | M26: ROW | S26: BARKI SIRSIA | T26: LOOP IN
A27: =A26+1 -> 22 | B27: 12/1 | C27: 4DA+9 | J27: 376.095 | M27: Completed | N27: Dharmendra Mishra | S27: BHIMA BANDH | T27: LOOP IN
A28: =A27+1 -> 23 | B28: 13/0 | C28: 4DD+6 | D28: 53° 3' 22"LT | J28: 439.076 | L28: ROW | M28: ROW | S28: PIROZPUR | T28: LOOP IN
A29: =A28+1 -> 24 | B29: 14/0 | C29: 4DC+6 | D29: 28° 21' 50"LT | J29: 317.989 | L29: ROW | M29: ROW | S29: PACHRUKHI | T29: LOOP IN
A30: =A29+1 -> 25 | B30: 15/0 | C30: 4DC+0 | D30: 22° 22' 10"LT | J30: 350 | L30: ROW | M30: ROW | S30: BHIMA BANDH | T30: LOOP IN
A31: =A30+1 -> 26 | B31: 15/1 | C31: 4DA+3 | J31: 434.141 | L31: ROW | M31: ROW | S31: LANGARPURA | T31: LOOP IN
A32: =A31+1 -> 27 | B32: 16/0 | C32: 4DD+18 | D32: 42° 12' 40"RT | J32: 271.003 | K32: 220kV D/C OHTL BGCL (HJP- CHP) | L32: Stub NA | S32: LANGARPURA | T32: LOOP IN
A33: =A32+1 -> 28 | B33: 17/0 | C33: 4DD+25 | D33: 51° 38' 13"RT | J33: 190.909 | L33: Stub NA | S33: LANGARPURA | T33: LOOP IN
A34: =A33+1 -> 29 | B34: 18/0 | C34: 4DC+6 | D34: 16° 4' 36"RT | J34: 411 | M34: Completed | N34: Rajeshwar Singh | O34: Completed | P34: Completed | Q34: Rang | S34: LANGARPURA | T34: LOOP IN
A35: =A34+1 -> 30 | B35: 18/1 | C35: 4DA+3 | J35: 387 | M35: Completed | N35: Rajeshwar Singh | O35: Completed | P35: Completed | Q35: Rang | S35: PACHRUKHI | T35: LOOP IN
A36: =A35+1 -> 31 | B36: 18/2 | C36: 4DA+6 | J36: 377.351 | M36: Completed | N36: Rajeshwar Singh | O36: Completed | P36: Completed | Q36: Rang | S36: PACHRUKHI | T36: LOOP IN
A37: =A36+1 -> 32 | B37: 19/0 | C37: 4DB+3 | D37: 12° 30' 39"RT | J37: 392 | M37: Completed | N37: Rajeshwar Singh | O37: Completed | P37: Completed | Q37: Rang | S37: PACHRUKHI | T37: LOOP IN
A38: =A37+1 -> 33 | B38: 19/1 | C38: 4DA+0 | J38: 313 | M38: Completed | N38: Rajeshwar Singh | O38: Completed | P38: Completed | Q38: Rang | S38: PACHRUKHI | T38: LOOP IN
A39: =A38+1 -> 34 | B39: 19/2 | C39: 4DA+0 | J39: 318 | M39: Completed | N39: Rajeshwar Singh | O39: Completed | P39: Completed | Q39: Rang | S39: BANKERWA BHAW | T39: LOOP IN
A40: =A39+1 -> 35 | B40: 19/3 | C40: 4DA+0 | J40: 347 | M40: Completed | N40: Rajeshwar Singh | P40: Completed | Q40: Rang | S40: BANKERWA BHAW | T40: LOOP IN
A41: =A40+1 -> 36 | B41: 19/4 | C41: 4DA+0 | J41: 387.515 | M41: Completed | N41: Nav Durga Traders | P41: Completed | Q41: Rang | S41: BANKERWA BHAW | T41: LOOP IN
A42: =A41+1 -> 37 | B42: 20/0 | C42: 4DC+0 | D42: 16° 3' 32"LT | J42: 345 | L42: ROW | M42: ROW | S42: BAKSANDA | T42: LOOP IN
A43: =A42+1 -> 38 | B43: 20/1 | C43: 4DA+6 | J43: 410.293 | M43: Completed | N43: Nav Durga Traders | S43: BAKSANDA | T43: LOOP IN
A44: =A43+1 -> 39 | B44: 21/0 | C44: 4DB+6 | D44: 12° 27' 57"RT | J44: 391.73 | M44: Completed | N44: Nav Durga Traders | O44: Completed | S44: BISHUNPURA | T44: LOOP IN
A45: =A44+1 -> 40 | B45: 22/0 | C45: 4DD+3 | D45: 48° 46' 50"LT | J45: 300 | M45: Completed | N45: Nav Durga Traders | O45: Completed | S45: BISHUNPURA | T45: LOOP IN
A46: =A45+1 -> 41 | B46: 22/1 | C46: 4DD+18 | J46: 458.616 | S46: UTTIMPUR | T46: LOOP IN
A47: =A46+1 -> 42 | B47: 23/0 | C47: 4DD+9 | D47: 57° 37' 41"RT | E47: 3 | F47: 3 | G47: 3 | H47: 3 | I47: 3 | J47: 306.18 | L47: fdn Drawing NA | S47: LALAPUR | T47: LOOP IN
A48: =A47+1 -> 43 | B48: 24/0 | C48: 4DD+3 | D48: 46° 55' 37"RT | J48: 385.738 | M48: Completed | N48: Nav Durga Traders | O48: Completed | P48: Completed | Q48: Pinki Devi | S48: PARSA BAZAR (NP) | T48: LOOP IN
A49: =A48+1 -> 44 | B49: 25/0 | C49: 4DD+0 | D49: 49° 55' 28"LT | J49: 340 | M49: Completed | N49: Nav Durga Traders | O49: Completed | P49: Completed | Q49: Pinki Devi | S49: PARSA BAZAR (NP) | T49: LOOP IN
A50: =A49+1 -> 45 | B50: 25/1 | C50: 4DA+3 | J50: 407.566 | M50: Completed | N50: Dharmendra Mishra | S50: PARSA BAZAR (NP) | T50: LOOP IN
A51: =A50+1 -> 46 | B51: 26/0 | C51: 4DD+0 | D51: 41° 0' 20"LT | J51: 324 | L51: ROW | M51: 02 Leg Com | S51: PARSA BAZAR (NP) | T51: LOOP IN
A52: =A51+1 -> 47 | B52: 26/1 | C52: 4DA+3 | J52: 381 | M52: Completed | N52: Dharmendra Mishra | S52: PARSA BAZAR (NP) | T52: LOOP IN
A53: =A52+1 -> 48 | B53: 26/2 | C53: 4DA+6 | J53: 369.15 | M53: Completed | N53: Nav Durga Traders | O53: Completed | P53: WIP | Q53: Pinki Devi | S53: PARSA BAZAR (NP) | T53: LOOP IN
A54: =A53+1 -> 49 | B54: 27/0 | C54: 4DB+3 | D54: 4° 8' 7"LT | J54: 414 | M54: Completed | N54: Nav Durga Traders | O54: Completed | S54: FATEHPUR | T54: LOOP IN
A55: =A54+1 -> 50 | B55: 27/1 | C55: 4DA+6 | J55: 370 | L55: ROW | M55: WIP | N55: Nav Durga Traders | S55: FATEHPUR | T55: LOOP IN
A56: =A55+1 -> 51 | B56: 27/2 | C56: 4DA+0 | J56: 307 | L56: ROW | M56: WIP | N56: Nav Durga Traders | S56: BANAUTA MAKUND | T56: LOOP IN
A57: =A56+1 -> 52 | B57: 27/3 | C57: 4DA+0 | J57: 291 | M57: Completed | N57: Dharmendra Mishra | S57: BANAUTA MAKUND | T57: LOOP IN
A58: =A57+1 -> 53 | B58: 27/4 | C58: 4DA+0 | J58: 334.029 | M58: Completed | N58: Nav Durga Traders | O58: Completed | P58: Completed | Q58: Pinki Devi | S58: BANAUTA MAKUND | T58: LOOP IN
A59: =A58+1 -> 54 | B59: 28/0 | C59: 4DD+3 | D59: 36° 17' 57"RT | J59: 266 | M59: Completed | N59: Nav Durga Traders | O59: Completed | P59: Completed | Q59: Rang | S59: BANAUTA MAKUND | T59: LOOP IN
A60: =A59+1 -> 55 | B60: 28/1 | C60: 4DA+0 | J60: 255.445 | M60: Completed | N60: Nav Durga Traders | O60: Completed | S60: BANAUTA MAKUND | T60: LOOP IN
A61: =A60+1 -> 56 | B61: 29/0 | C61: 4DD+0 | D61: 37° 36' 50"RT | J61: 351 | M61: Completed | N61: Nav Durga Traders | O61: Completed | P61: Completed | Q61: Pinki Devi | S61: BANAUTA MAKUND | T61: LOOP IN
A62: =A61+1 -> 57 | B62: 29/1 | C62: 4DA+6 | J62: 422.029 | M62: Completed | N62: Nav Durga Traders | O62: Completed | S62: MUJAUNA | T62: LOOP IN
A63: =A62+1 -> 58 | B63: 30/0 | C63: 4DC+3 | D63: 15° 4' 15"LT | J63: 384.086 | M63: Completed | N63: Nav Durga Traders | O63: Completed | S63: PATTI MUJAUNA | T63: LOOP IN
A64: =A63+1 -> 59 | B64: 31/0 | C64: 4DD+0 | D64: 53° 31' 11"LT | J64: 366.151 | M64: Completed | N64: Nav Durga Traders | O64: Completed | S64: MUJAUNA | T64: LOOP IN
A65: =A64+1 -> 60 | B65: 32/0 | C65: 4DB+6 | D65: 10° 20' 48"LT | J65: 358 | M65: Completed | N65: Nav Durga Traders | O65: Completed | S65: PATTI MUJAUNA | T65: LOOP IN
A66: =A65+1 -> 61 | B66: 32/1 | C66: 4DA+6 | J66: 404.497 | M66: Completed | N66: Nav Durga Traders | O66: Completed | P66: Completed | Q66: Pinki Devi | S66: PATTI MUJAUNA | T66: LOOP IN
A67: =A66+1 -> 62 | B67: 33/0 | C67: 4DD+3 | D67: 39° 19' 42"RT | J67: 339.162 | S67: SULTANPUR | T67: LOOP IN
A68: =A67+1 -> 63 | B68: 34/0 | C68: 4DD+0 | D68: 57° 41' 28"RT | J68: - | M68: HOLD | S68: ARIAEN | T68: LOOP IN
A69: =A68+1 -> 64 | B69: 1/0 | C69: 4DD+0 | D69: 33° 21' 33"RT | J69: 106.18 | M69: HOLD
A70: =A69+1 -> 65 | B70: 2/0 | C70: 4DD+0 | D70: 43° 35' 18"RT | J70: 224.288 | M70: HOLD
A71: =A70+1 -> 66 | B71: 3/0 | C71: 4DB+3 | D71: 12° 23' 41"RT | J71: 422 | M71: HOLD
A72: =A71+1 -> 67 | B72: 3/1 | C72: 4DA+9 | J72: 364.195 | M72: HOLD
A73: =A72+1 -> 68 | B73: 4/0 | C73: 4DB+3 | D73: 1° 46' 30"LT | J73: 397.753 | M73: Completed | N73: Dharmendra Mishra | O73: Completed
A74: =A73+1 -> 69 | B74: 5/0 | C74: 4DD+0 | D74: 52° 53' 51"LT | J74: 253 | M74: HOLD
A75: =A74+1 -> 70 | B75: 5/1 | C75: 4DD+0 | J75: 97.983 | M75: HOLD
A76: =A75+1 -> 71 | B76: 6/0 | C76: 4DD+0(Aux) | D76: 65° 12' 29"RT | J76: 184.709 | M76: HOLD
A77: =A76+1 -> 72 | B77: 7/0 | C77: 4DB+0 | D77: 4° 47' 11"LT | J77: 165.679 | M77: HOLD
A78: =A77+1 -> 73 | B78: 8/0 | C78: 4DD+0 | D78: 48° 49' 53"LT | J78: 181.223 | M78: HOLD
A79: =A78+1 -> 74 | B79: 9/0 | C79: 4DB+0 | D79: 7° 53' 54"LT | J79: 205.952 | S79: BASAUTA
A80: =A79+1 -> 75 | B80: 10/0 | C80: 4DD+0 | D80: 53° 51' 6"RT | J80: 311.523 | S80: UMARPUR
A81: =A80+1 -> 76 | B81: 11/0 | C81: 4DD+0 | D81: 44° 45' 6"RT | J81: 241.033 | M81: HOLD | S81: UMARPUR
A82: =A81+1 -> 77 | B82: 12/0 | C82: 4DB+0 | D82: 6° 16' 34"LT | J82: 130.699 | M82: HOLD | S82: HELA
A83: =A82+1 -> 78 | B83: 13/0 | C83: 4DD+0 | D83: 43° 40' 22"LT | J83: 318.825 | M83: HOLD | S83: HELA
A84: =A83+1 -> 79 | B84: 14/0 | C84: 4DC+0 | D84: 24° 18' 58"RT | J84: 205.018 | M84: HOLD | S84: ARNA
A85: =A84+1 -> 80 | B85: 15/0 | C85: 4DD+0 | D85: 46° 36' 23"LT | J85: 136.578 | M85: HOLD | S85: ARNA
A86: =A85+1 -> 81 | B86: 16/0 | C86: 4DC+6 | D86: 27° 22' 26"RT | J86: 134.69 | M86: HOLD | S86: BARIARPUR
A87: =A86+1 -> 82 | B87: 17/0 | C87: 4DD+18 | D87: 43° 34' 28"LT | J87: 254 | M87: HOLD
A88: =A87+1 -> 83 | B88: 18A/0 | C88: 4DD+3 | D88: 52° 35' 58"RT | J88: 209.69 | M88: WIP | N88: Rajeshwar Singh
A89: =A88+1 -> 84 | B89: 19/0 | C89: 4DC+0 | D89: 27° 52' 30"RT | J89: 268.08 | M89: Completed | N89: Rajeshwar Singh
A90: =A89+1 -> 85 | B90: 20/0 | C90: 4DD+0 | D90: 61° 28' 55"LT | J90: 323.24 | M90: Completed | N90: Dharmendra Mishra | P90: WIP | Q90: RANG
A91: =A90+1 -> 86 | B91: 21/0 | C91: 4DC+9 | D91: 25° 14' 32"RT | J91: 360.98 | M91: Completed | N91: Rajeshwar Singh
A92: =A91+1 -> 87 | B92: 22/0 | C92: 4DB+6 | D92: 4° 22' 25"RT | J92: 253.41 | M92: Completed | N92: Rajeshwar Singh
A93: =A92+1 -> 88 | B93: 23/0 | C93: 4DB+0 | D93: 10° 6' 21"RT | J93: 315 | M93: Completed | N93: Rajeshwar Singh | S93: BHELDI G.P.
A94: =A93+1 -> 89 | B94: 23/1 | C94: 4DA+0 | J94: 297.881 | M94: Completed | N94: Rajeshwar Singh | S94: LANGARPURA
A95: =A94+1 -> 90 | B95: 24/0 | C95: 4DD+0 | D95: 32° 37' 58"LT | J95: 420 | M95: Completed | N95: Rajeshwar Singh | O95: Completed | S95: LANGARPURA
A96: =A95+1 -> 91 | B96: 24/1 | C96: 4DA+6 | J96: 356 | M96: Completed | N96: Rajeshwar Singh | O96: Completed | P96: Completed | Q96: rang | S96: LANGARPURA
A97: =A96+1 -> 92 | B97: 24/2 | C97: 4DA+0 | J97: 358 | M97: Completed | N97: Rajeshwar Singh | O97: Completed | P97: Completed | Q97: rang | S97: PACHRUKHI
A98: =A97+1 -> 93 | B98: 24/3 | C98: 4DA+0 | J98: 317.518 | M98: Completed | N98: Rajeshwar Singh | O98: Completed | P98: Completed | Q98: rang | S98: PACHRUKHI
A99: =A98+1 -> 94 | B99: 25/0 | C99: 4DD+0 | D99: 38° 17' 16"RT | J99: 269 | M99: Completed | N99: Rajeshwar Singh | O99: Completed | P99: Completed | Q99: Pinki Devi | S99: PACHRUKHI
A100: =A99+1 -> 95 | B100: 25/1 | C100: 4DA+0 | J100: 240.129 | M100: Completed | N100: Rajeshwar Singh | O100: Completed | S100: PACHRUKHI
...

Sheet VC 400 KV QM
C1: 46197
A2: LILO of 400 KV Barh (NTPC) Motihari (DMTCL) D/C (Quad Moose) Transmission Line at Chhapra (New) LOOP IN & LOOP OUT
A3: M/S KEC INTERNATIONAL LIMITED
A4: Progress Visual Chart
P6: HOLD
B7: Foundation Cumulative | G7: Nos. | I7: 86/129 | Q7: MC,Design and Special Tower & DS
B8: Earthing Cumulative | G8: Nos. | I8: 61/129 | Q8: ROW
B9: Erection Cumulative | G9: Nos. | I9: 43/129 | P9: Statutary | Q9: RLY XING
B10: Stringing Payingout (RS) | G10: Km. | I10: 0.00/41.381 | N10: =20.778+19.678 -> 40.456 | Q10: NH
B11: Stringing Final sag Cumulative | G11: Km. | I11: 0.00/41.381 | Q11: PL
Q12: IOCL
C13: =C1 -> 46197
A14: LILO of 400 KV Barh (NTPC) Motihari (DMTCL) D/C (Quad Moose) Transmission Line at Chhapra (New) LOOP IN
A15: M/S KEC INTERNATIONAL LIMITED
A16: Progress Visual Chart
N18: LEGENDS
O19: TE Dt | P19: STG | T19: Major Power Line Crossing | W19: Railway Crossing | Y19: River Crossing | AA19: Highway Crossing (EH & NH)
C20: Foundation Cumulative | H20: Nos. | J20: 40/63 | P20: Dt | S20: STG UP
C21: Earthing Cumulative | H21: Nos. | J21: 31/63 | M21: ERECTION
C22: Erection Cumulative | H22: Nos. | J22: 21/63 | O22: Date | P22: SPAN
C23: Stringing Payingout (RS) | H23: Km. | J23: 0.00/21.279 | M23: FOUNDATION | O23: Type
C24: Stringing Final sag Cumulative | H24: Km. | J24: 0.00/21.279
I25: ` | M25: Tower+Extn | O25: X+Y | Q25: Earthing | S25: U/P
P26: Suspn Tower | Q26: Angle Tower
M27: TOWER NO | O27: YY
W29: Cum Length | X29: Fdn Comp | Y29: Ear Comp | Z29: TE Comp | AA29: STG Comp
B33: 146.26 | D33: 112.78 | F33: 158.66 | H33: 296 | J33: 332 | L33: 277 | N33: 340.68 | P33: 229.84 | R33: 276.93 | T33: 357 | V33: New Proposed Railway | W33: =SUM(A33:V33) -> 2527.15 | X33: 0 | Y33: 0 | Z33: 0 | AA33: 0
A35: Ext.TWR | C35: 1/0 | E35: 2/0 | G35: 3/0 | I35: 3/1 | K35: 3/2 | M35: 3/3 | O35: 4/0 | Q35: 5/0 | S35: 6/0 | U35: 6/1
C36: 4DD+0 | E36: 4DD+0 | G36: 4DD+0 | I36: 4DA+0 | K36: 4DA+0 | M36: 4DA+0 | O36: 4DD+6 | P36: NH - 722 | Q36: 4DD+6 | S36: 4DD+0 | U36: 4DD+9
C37: HOLD MC | E37: HOLD MC | G37: HOLD MC | I37: HOLD MC | K37: HOLD MC | M37: HOLD NH | O37: HOLD NH | Q37: HOLD NH | S37: HOLD NH | U37: HOLD RLW
R39: `
B41: 243.77 | D41: 338 | F41: 309 | H41: 381.53 | J41: 331.87 | L41: 341.21 | N41: 243.5 | P41: 316 | R41: 325 | S41: PS 15.01.26 | T41: 269 | W41: =SUM(A41:V41) -> 3098.88 | X41: 9 | Y41: 8 | Z41: 3 | AA41: 0
C43: 7/0 | E43: 7/1 | G43: 7/2 | I43: 8/0 | K43: 9/0 | M43: 10/0 | O43: 11/0 | Q43: 11/1 | S43: 11/2 | U43: 11/3
C44: 4DD+9 | E44: 4DA+0 | G44: 4DA+0 | I44: 4DB+0 | K44: 4DC+0 | M44: 4DB+0 | O44: 4DD+0 | Q44: 4DA+0 | S44: 4DA+0 | U44: 4DA+0
C45: HOLD RLW
R47: `
B49: 281.83 | D49: 423 | F49: 376.1 | H49: 439.08 | J49: 317.99 | L49: 350 | N49: 434.14 | P49: 271 | R49: 190.91 | T49: 411 | U49: PS 09.01.26 | W49: =SUM(A49:V49) -> 3495.05 | X49: 3 | Y49: 2 | Z49: 2 | AA49: 0
P50: 220kV D/C OHTL BGCL (HJP- CHP)
C51: 12/0 | E51: 12/1 | G51: 13/0 | I51: 14/0 | K51: 15/0 | M51: 15/1 | O51: 16/0 | Q51: 17/0 | S51: 18/0 | U51: 18/1
C52: 4DB+3 | E52: 4DA+9 | G52: 4DD+6 | I52: 4DC+6 | K52: 4DC+0 | M52: 4DA+3 | O52: 4DD+18 | Q52: 4DD+25 | S52: 4DC+6 | U52: 4DA+3
C53: 02 Leg ROW | G53: ROW | I53: ROW | K53: ROW | M53: ROW | O53: HOLD Design | Q53: HOLD Design
R55: `
B57: 387 | C57: PS | D57: 377.35 | E57: PS 05.01.26 | F57: 392 | G57: PS 28.12.25 | H57: 313 | I57: PS 17.12.25 | J57: 318 | L57: 347 | M57: PS 23.12.25 | N57: 387.52 | P57: 345 | R57: 410.29 | T57: 391.73 | W57: =SUM(A57:V57) -> 3668.89 | X57: 10 | Y57: 6 | Z57: 7 | AA57: 0
C58: 11.12.25
C59: 18/2 | E59: 19/0 | G59: 19/1 | I59: 19/2 | K59: 19/3 | M59: 19/4 | O59: 20/0 | Q59: 20/1 | S59: 21/0 | U59: 22/0
C60: 4DA+6 | E60: 4DB+3 | G60: 4DA+0 | I60: 4DA+0 | K60: 4DA+0 | M60: 4DA+0 | O60: 4DC+0 | Q60: 4DA+6 | S60: 4DB+6 | U60: 4DD+3
R63: `
B65: 300 | D65: 458.62 | F65: 306.18 | G65: PS 31.01.26 | H65: 385.74 | I65: PS 25.01.26 | J65: 340 | L65: 407.57 | N65: 324 | P65: 381 | R65: 369.15 | S65: PS 15.01.26 | T65: 414 | W65: =SUM(A65:V65) -> 3686.26 | X65: 7 | Y65: 5 | Z65: 4 | AA65: 0
C67: 22/1 | E67: 23/0 | G67: 24/0 | I67: 25/0 | K67: 25/1 | M67: 26/0 | O67: 26/1 | Q67: 26/2 | S67: 27/0 | U67: 27/1
C68: 4DD+`8 | E68: 4DD+9 | G68: 4DD+3 | I68: 4DD+0 | K68: 4DA+3 | M68: 4DD+0 | O68: 4DA+3 | Q68: 4DA+6 | S68: 4DB+3 | U68: 4DA+6
C69: HOLD Design | E69: 3 MRC | M69: ROW 02 Pit RCC Done
E70: HOLD Design
B74: 370 | D74: 307 | F74: 291 | G74: PS 15.12.25 | H74: 334.03 | I74: PS 24.12.25 | J74: 266 | K74: PS 05.01.26 | L74: 255.45 | M74: PS 06.01.26 | N74: 351 | O74: PS 19.12.25 | P74: 422.03 | Q74: PS 30.11.25 | R74: 384.09 | S74: PS 11.12.25 | T74: 366.15 | U74: FS 30.12.25 | W74: =SUM(A74:V74) -> 3346.75 | X74: 10 | Y74: 9 | Z74: 4 | AA74: 0
C76: 27/2 | E76: 27/3 | G76: 27/4 | I76: 28/0 | K76: 28/1 | M76: 29/0 | O76: 29/1 | Q76: 30/0 | S76: 31/0 | U76: 32/0
C77: 4DA+0 | E77: 4DA+0 | G77: 4DA+0 | I77: 4DD+3 | K77: 4DA+0 | M77: 4DD+0 | O77: 4DA+6 | Q77: 4DC+3 | S77: 4DD+0 | U77: 4DB+6
B82: 358 | C82: FS 12.01.26 | D82: 404.5 | F82: 339.16 | H82: 354 | W82: =SUM(A82:V82) -> 1455.66 | X82: 1 | Y82: 1 | Z82: 1 | AA82: 0
C84: 32/1 | E84: 33/0 | G84: 34/0 | I84: Ext TWR
C85: 4DA+6 | E85: 4DD+3 | G85: 4DD+0
E86: HOLD Spl Tower | G86: HOLD Spl Tower | P86: TOTAL | W86: =SUM(W32:W85)/1000 -> 21.27864 | X86: =SUM(X32:X85) -> 40 | Y86: =SUM(Y32:Y85) -> 31 | Z86: =SUM(Z32:Z85) -> 21 | AA86: =SUM(AA32:AA85)/1000 -> 0
C90: =C13 -> 46197
A91: LILO of 400 KV Barh (NTPC) Motihari (DMTCL) D/C (Quad Moose) Transmission Line at Chhapra (New) LOOP OUT
A92: M/S KEC INTERNATIONAL LIMITED
A93: Progress Visual Chart
N95: LEGENDS
O96: TE Dt | P96: STG | T96: Major Power Line Crossing | W96: Railway Crossing | Y96: River Crossing | AA96: Highway Crossing (EH & NH)
C97: Foundation Cumulative | H97: Nos. | J97: 46/66 | P97: Dt | S97: STG UP
C98: Earthing Cumulative | H98: Nos. | J98: 30/66 | M98: ERECTION
C99: Erection Cumulative | H99: Nos. | J99: 22/66 | O99: Date | P99: SPAN
C100: Stringing Payingout (RS) | H100: Km. | J100: 0.00/20.102 | M100: FOUNDATION | O100: Type
C101: Stringing Final sag Cumulative | H101: Km. | J101: 0.00/20.102
I102: ` | M102: Tower+Extn | O102: X+Y | Q102: Earthing | S102: U/P
P103: Suspn Tower | Q103: Angle Tower
M104: TOWER NO | O104: YY
W106: Cum Length | X106: Fdn Comp | Y106: Ear Comp | Z106: TE Comp | AA106: STG Comp
R109: `
B111: 105.77 | D111: 106.18 | F111: 224.288 | H111: 422 | J111: 364.195 | L111: 397.75 | N111: 253 | P111: 97.98 | R111: 184.71 | T111: 165.68 | W111: =SUM(A111:V111) -> 2321.553 | X111: 3 | Y111: 1 | Z111: 0 | AA111: 0
A113: Ext.TWR | C113: 1/0 | E113: 2/0 | G113: 3/0 | I113: 3/1 | K113: 4/0 | M113: 5/0 | O113: 5/1 | Q113: 6/0 | S113: 7/0 | U113: 8/0
C114: DD+0 | E114: DD+0 | G114: DB+3 | I114: DA+9 | K114: DB+3 | M114: DD+0 | O114: DD+0 | Q114: 4DD+0(Aux) | S114: 4DB+0 | U114: 4DD+0
C115: HOLD MC | E115: HOLD MC | G115: HOLD MC | I115: HOLD MC | Q115: HOLD DRW
R117: `
B119: 181.22 | D119: 205.95 | F119: 311.52 | H119: 218.54 | J119: 153.03 | L119: 364.73 | N119: 224.22 | P119: 210.619 | R119: 176.79 | T119: 190.21 | V119: 146.15 | W119: =SUM(A119:V119) -> 2382.979 | X119: 2 | Y119: 1 | Z119: 0 | AA119: 0
T120: 220kV D/C OHTL BGCL (HJP- CHP)
C121: 9/0 | E121: 10/0 | G121: 11/0 | I121: 12/0 | K121: 13/0 | M121: 14/0 | N121: New Proposed Railway | O121: 15/0 | Q121: 16/0 | S121: 17/0 | U121: 18/0
C122: 4DB+0 | E122: 4DD+0 | G122: 4DD+0 | I122: 4DD+3 | J122: NH-722 | K122: 4DD+3 | M122: 4DD+9 | O122: 4DD+9 | Q122: 4DD+9 | S122: DD+18 | U122: DD+18
G123: HOLD NH | I123: HOLD NH | K123: HOLD NH | M123: HOLD NH/RLY | O123: HOLD RLY | S123: HOLD Design | U123: HOLD Design
B124: `
B126: 79.03 | D126: 255.14 | F126: 322.94 | H126: 360.98 | J126: 253.41 | L126: 315 | N126: 297.88 | P126: 420 | R126: 356 | S126: PS 03.02.26 | T126: 358 | W126: =SUM(A126:V126) -> 3018.38 | X126: 11 | Y126: 6 | Z126: 5 | AA126: 0
A128: 18A/0 | C128: 19/0 | E128: 20/0 | G128: 21/0 | I128: 22/0 | K128: 23/0 | M128: 23/1 | O128: 24/0 | Q128: 24/1 | S128: 24/2 | U128: 24/3
A129: 4DD+9 | C129: DC+0 | E129: 4DD+0 | G129: DC+9 | I129: 4DB+6 | K129: 4DB+0 | M129: 4DA+0 | O129: 4DD+0 | Q129: 4DA+6 | S129: 4DA+0 | U129: 4DA+0
D132: `
B134: 317.52 | D134: 269 | F134: 240.13 | H134: 351 | J134: 357.01 | L134: 397.81 | N134: 299 | O134: PS 22.01.26 | P134: 382.3 | Q134: PS 31.01.26 | R134: 348.04 | T134: 278.55 | W134: =SUM(A134:V134) -> 3240.36 | X134: 10 | Y134: 9 | Z134: 7 | AA134: 0
C136: 25/0 | E136: 25/1 | G136: 26/0 | I136: 26/1 | K136: 27/0 | M136: 28/0 | O136: 28/1 | Q136: 29/0 | S136: 30/0 | U136: 31/0
C137: 4DD+0 | E137: 4DA+0 | G137: 4DC+0 | I137: 4DA+0 | K137: 4DB+3 | M137: 4DD+0 | O137: 4DA+6 | Q137: 4DD+3 | S137: 4DD+0 | U137: 4DD+0
D140: `
B142: 213.96 | D142: 243.72 | F142: 330 | H142: 283.11 | J142: 375 | L142: 406.01 | N142: 398 | P142: 335 | R142: 402.9 | T142: 385.2 | W142: =SUM(A142:V142) -> 3372.9 | X142: 8 | Y142: 7 | Z142: 7 | AA142: 0
C144: 32/0 | E144: 33/0 | G144: 33/1 | I144: 34/0 | K144: 34/1 | M144: 35/0 | O144: 36/0 | Q144: 36/1 | S144: 37/0 | U144: 38/0
C145: 4DD+0 | E145: 4DD+0 | G145: DA+0 | I145: DD+3 | K145: 4DA+9 | M145: 4DD+3 | O145: DD+0 | Q145: 4DA+3 | S145: 4DD+9 | U145: 4DD+6
C146: 1 MRC HOLD
C147: HOLD Design
N148: `
...

Sheet Progress 220KV TM
A1: Client:- | C1: BIHAR STATE POWER TRANSMISSION COMPANY LIMITED (BSPTCL)
A2: Line Name:- | C2: 220kV Chhapra(New) Amnour DCDS with Twin Moose Conductor
A3: EPC:- | C3: KEC International Limited
A4: S.NO. | B4: LOC. NO. | C4: TYPE OF TOWER | D4: ANGLE OF DEVATION | E4: RAISED CHIMNEY | F4: RAISED CHIMNEY | J4: SPAN | K4: Crossing Detail/Statutary | L4: ROW Status | M4: Foundation Status | N4: Contractor Name | O4: Earthing Status | P4: Erection Status | Q4: Contractor Name | R4: Tack Welding Status | S4: VILLAGES
F5: A | G5: B | H5: C | I5: D
A6: 1 | B6: 1/0 | C6: 2TNMD+0 | D6: 4° 59' 40"RT | F6: 0 | G6: 0 | H6: 0 | I6: 0 | J6: 102.49 | M6: HOLD | S6: KASTA
A7: =A6+1 -> 2 | B7: 2/0 | C7: 2TNMD+0 | D7: 29° 43' 51"RT | F7: 0 | G7: 0 | H7: 0 | I7: 0 | J7: 217.2 | M7: COMPLETED | N7: Nav Durga Traders | O7: COMPLETED | S7: KASTA
A8: =A7+1 -> 3 | B8: 3/0 | C8: 2TNMD+0 | D8: 29° 2' 31"RT | F8: 0 | G8: 0 | H8: 0 | I8: 0 | J8: 331.422 | M8: COMPLETED | N8: Nav Durga Traders | S8: KASTA
A9: =A8+1 -> 4 | B9: 3/1 | C9: 2TDD+9 | D9: 15° 32' 23"RT | F9: 0 | G9: 0 | H9: 0 | I9: 0 | J9: 186 | K9: Dabra River | M9: COMPLETED | N9: Nav Durga Traders | S9: KASTA
A10: =A9+1 -> 5 | B10: 6/0 | C10: 2TDC+0 | D10: 24° 37' 47"RT | F10: 0 | G10: 0 | H10: 0 | I10: 0 | J10: 217.97 | M10: COMPLETED | N10: Nav Durga Traders | O10: COMPLETED | P10: completed | Q10: YASHODA DEVI | S10: KASTA
A11: =A10+1 -> 6 | B11: 6/1 | C11: 2TDA+3 | F11: 0 | G11: 0 | H11: 0 | I11: 0 | J11: 330.8 | K11: Dabra River | M11: COMPLETED | N11: Nav Durga Traders | O11: COMPLETED | P11: WIP | Q11: YASHODA DEVI | S11: KASTA
A12: =A11+1 -> 7 | B12: 7/0 | C12: 2TDD+0 | D12: 32° 58' 11"RT | F12: 0 | G12: 0 | H12: 0 | I12: 0 | J12: 218 | M12: COMPLETED | N12: Nav Durga Traders | O12: COMPLETED | P12: completed | Q12: SGSE | S12: MADARPUR
A13: =A12+1 -> 8 | B13: 7/1 | C13: 2TDA+0 | F13: 0 | G13: 0 | H13: 0 | I13: 0 | J13: 220.351 | M13: COMPLETED | N13: Nav Durga Traders | O13: COMPLETED | P13: completed | Q13: kumar k2 | S13: GOSI CHHAPRA
A14: =A13+1 -> 9 | B14: 8/0 | C14: 2TDC+0 | D14: 23° 15' 49"LT | F14: 0 | G14: 0 | H14: 0 | I14: 0 | J14: 190 | M14: COMPLETED | N14: Nav Durga Traders | P14: completed | Q14: RABISH | S14: GOSI CHHAPRA
A15: =A14+1 -> 10 | B15: 8/1 | C15: 2TDA+3 | F15: 0 | G15: 0 | H15: 0 | I15: 0 | J15: 260 | M15: COMPLETED | N15: Nav Durga Traders | O15: COMPLETED | P15: completed | Q15: kumar k2 | S15: GOSI CHHAPRA
A16: =A15+1 -> 11 | B16: 8/2 | C16: 2TDA+6 | F16: 0 | G16: 0 | H16: 0 | I16: 0 | J16: 323.052 | K16: Dabra River | M16: COMPLETED | N16: Nav Durga Traders | O16: COMPLETED | S16: MADARPUR
A17: =A16+1 -> 12 | B17: 9/0 | C17: 2TDC+6 | D17: 28° 36' 34"RT | F17: 0 | G17: 0 | H17: 0 | I17: 0 | J17: 246.023 | M17: COMPLETED | N17: Nav Durga Traders | O17: COMPLETED | S17: MADARPUR
A18: =A17+1 -> 13 | B18: 10/0 | C18: 2TDD+0 | D18: 32° 7' 44"RT | F18: 0 | G18: 0 | H18: 0 | I18: 0 | J18: 255 | K18: Dabra River | M18: COMPLETED | N18: Nav Durga Traders | O18: COMPLETED | P18: completed | Q18: SR Enterprises | S18: GAWANDRI
A19: =A18+1 -> 14 | B19: 10/1 | C19: 2TDA+3 | F19: 0 | G19: 0 | H19: 0 | I19: 0 | J19: 152 | M19: COMPLETED | N19: Nav Durga Traders | O19: COMPLETED | P19: completed | Q19: SR Enterprises | S19: MALAHI
A20: =A19+1 -> 15 | B20: 10/2 | C20: 2TDA+3 | F20: 0 | G20: 0 | H20: 0 | I20: 0 | J20: 294.498 | K20: Dabra River | M20: COMPLETED | N20: Nav Durga Traders | O20: COMPLETED | P20: completed | Q20: SR Enterprises | S20: MALAHI
A21: =A20+1 -> 16 | B21: 11/0 | C21: 2TDC+0 | D21: 22° 19' 24"RT | F21: 0 | G21: 0 | H21: 0 | I21: 0 | J21: 269 | M21: COMPLETED | N21: AR | S21: HAKMA
A22: =A21+1 -> 17 | B22: 11/1 | C22: 2TDA+3 | F22: 0 | G22: 0 | H22: 0 | I22: 0 | J22: 333 | M22: COMPLETED | N22: Nav Durga Traders | O22: COMPLETED | P22: completed | Q22: SR Enterprises | S22: HAKMA
A23: =A22+1 -> 18 | B23: 11/2 | C23: 2TDA+3 | F23: 0 | G23: 0 | H23: 0 | I23: 0 | J23: 257 | M23: COMPLETED | N23: Nav Durga Traders | O23: COMPLETED | P23: completed | Q23: SR Enterprises | S23: HAKMA
A24: =A23+1 -> 19 | B24: 11/3 | C24: 2TDA+0 | F24: 0 | G24: 0 | H24: 0 | I24: 0 | J24: 297 | M24: COMPLETED | N24: Nav Durga Traders | O24: COMPLETED | P24: completed | Q24: SR Enterprises | S24: SHIKARPUR
A25: =A24+1 -> 20 | B25: 11/4 | C25: 2TDA+0 | F25: 0 | G25: 0 | H25: 0 | I25: 0 | J25: 291.09 | M25: COMPLETED | N25: Nav Durga Traders | O25: COMPLETED | S25: SHIKARPUR
A26: =A25+1 -> 21 | B26: 12/0 | C26: 2TDD+0 | D26: 31° 35' 34"LT | F26: 0 | G26: 0 | H26: 0 | I26: 0 | J26: 235 | L26: ROW | S26: TARWAR
A27: =A26+1 -> 22 | B27: 12/1 | C27: 2TDA+6 | F27: 0 | G27: 0 | H27: 0 | I27: 0 | J27: 358.489 | S27: TARWAR
A28: =A27+1 -> 23 | B28: 13/0 | C28: 2TDD+18 | D28: 1° 10' 58"RT | F28: 0 | G28: 0 | H28: 0 | I28: 0 | J28: 231.686 | K28: 220kV D/C OHTL BGCL HJP-CHP | M28: COMPLETED | N28: Nav Durga Traders | S28: TARWAR
A29: =A28+1 -> 24 | B29: 14/0 | C29: 2TDD+25 | D29: 31° 48' 49"LT | F29: 0 | G29: 0 | H29: 0 | I29: 0 | J29: 209.429 | M29: COMPLETED | N29: Nav Durga Traders | S29: TARWAR
A30: =A29+1 -> 25 | B30: 15/0 | C30: 2TDD+9 | D30: 59° 5' 38"LT | E30: 2 | F30: 2 | G30: 2 | H30: 2 | I30: 2 | J30: 104.552 | K30: 220kV D/C OHTL BSPTCL ANR-MZP | S30: TARWAR
A31: =A30+1 -> 26 | B31: 16/0 | C31: 2TDD+3 | D31: 59° 0' 51"LT | F31: 0 | G31: 0 | H31: 0 | I31: 0 | J31: 88.059 | M31: WIP | N31: Nav Durga Traders
A32: =A31+1 -> 27 | B32: 17/0 | C32: 2TDD+0 | D32: 39° 49' 50"RT | F32: 0 | G32: 0 | H32: 0 | I32: 0 | J32: 72.888 | M32: COMPLETED | N32: Nav Durga Traders
A33: =A32+1 -> 28 | B33: 18/0 | C33: 2TDD+3 | D33: 54° 21' 38"RT | F33: 0 | G33: 0 | H33: 0 | I33: 0 | M33: COMPLETED | N33: Nav Durga Traders
J34: =SUM(J6:J33)/1000 -> 6.291999 | L34: FOUNDATION SUMMARY | N34: ERECTION SUMMARY
L35: Scope | M35: =COUNT(A6:A33) -> 28 | N35: Scope | O35: =COUNT(A6:A33) -> 28
L36: Completed | M36: =COUNTIF(M6:M33, "Completed") -> 23 | N36: Completed | O36: =COUNTIF(P6:P33,"Completed") -> 11
L37: WIP | M37: =COUNTIF(M6:M33, "WIP") -> 1 | N37: WIP | O37: =COUNTIF(P6:P33, "WIP") -> 1
L38: Frount Available | M38: =COUNTBLANK(M6:M33) -> 3 | N38: Frount Available | O38: =COUNTBLANK(P6:P33) -> 16
L39: Hold | M39: =COUNTIF(M6:M33, "HOLD") -> 1 | N39: Hold | O39: =COUNTIF(P6:P33, "HOLD") -> 0
L40: ROW | M40: =COUNTIF(L6:L33, "ROW") -> 1 | N40: ROW | O40: =COUNTIF(P6:P33, "ROW") -> 0
L41: Earthing Completed | M41: =COUNTIF(O6:O33, "Completed") -> 15 | N41: Tack Welding Completed | O41: =COUNTIF(R6:R33, "Completed") -> 0

Sheet VC 220 TM
C2: 46197
A3: 220kV Chhapra(New) Amnour DCDS with Twin Moose Conductor
A4: M/S KEC INTERNATIONAL LIMITED
A5: Progress Visual Chart
M7: LEGENDS
O8: TE Dt | P8: STG | T8: Major Power Line Crossing | W8: Railway Crossing | X8: River Crossing | Y8: Highway Crossing (SH & NH)
C9: Foundation Cumulative | H9: Nos. | J9: 23/28 | P9: Dt | S9: STG UP
C10: Earthing Cumulative | H10: Nos. | J10: 15/28 | M10: ERECTION
C11: Erection Cumulative | H11: Nos. | J11: 11/28 | O11: Date | P11: SPAN
C12: Stringing Payingout (RS) | H12: Km. | J12: 0.00/6.61 | M12: FOUNDATION | O12: Type
C13: Stringing Final sag Cumulative | H13: Km. | J13: 0.00/6.61
I14: ` | M14: Tower+Extn | O14: X+Y | P14: Suspn Tower | Q14: Earthing | S14: U/P
Q15: Angle Tower
M16: TOWER NO | O16: X/Y
W18: Cum Length | X18: Fdn Comp | Y18: Ear Comp | Z18: TE Comp | AA18: STG Comp
D22: 102.49 | F22: 217.2 | H22: 331.422 | J22: 186 | L22: 217.97 | N22: 253 | O22: WET | P22: 330.8 | Q22: WET 16.11.25 | R22: 218 | S22: WET | T22: 220.351 | W22: =SUM(A22:V22) -> 2077.233 | X22: 8 | Y22: 4 | Z22: 4 | AA22: 0 | AC22: 1022
O23: 23.09.25 | S23: 18.09.25
C24: GANTRY | E24: 1/0 | G24: 2/0 | I24: 3/0 | K24: 3/1 | M24: 6/0 | O24: 6/1 | P24: Dabra | Q24: 7/0 | S24: 7/1 | U24: 8/0
E25: 2TNMD+0 | G25: 2TNMD+0 | I25: 2TNMD+0 | K25: 2TDD+9 | M25: 2TDC+0 | O25: 2TDA+3 | P25: River | Q25: 2TDD+0 | S25: 2TDA+0 | U25: 2TDC+0
E26: HOLD
R28: `
B30: 190 | C30: WET | D30: 260 | E30: WET | F30: 323 | H30: 246 | I30: PS 30.11.25 | J30: 255 | K30: PS 03.12.25 | L30: 152 | M30: PS | N30: 294.5 | P30: 269 | Q30: PS | R30: 333 | S30: PS | T30: 257 | U30: PS | W30: =SUM(A30:V30) -> 2579.5 | X30: 10 | Y30: 10 | Z30: 7 | AA30: 0 | AC30: =W30-P30-R30-T30 -> 1720.5
C31: 20.11.25 | E31: 11.11.25 | M31: 24.11.25 | Q31: 07.12.25 | S31: 11.12.25 | U31: 24.12.25
C32: 8/1 | E32: 8/2 | F32: Dabra | G32: 9/0 | I32: 10/0 | J32: Dabra | K32: 10/1 | M32: 10/2 | N32: Dabra | O32: 11/0 | Q32: 11/1 | S32: 11/2 | U32: 11/3
C33: 2TDA+3 | E33: 2TDA+6 | F33: River | G33: 2TDC+6 | I33: 2TDD+0 | J33: River | K33: 2TDA+3 | M33: 2TDA+3 | N33: River | O33: 2TDC+0 | Q33: 2TDA+3 | S33: 2TDA+3 | U33: 2TDA+0
B38: 297 | C38: PS 15.12.25 | D38: 291.09 | F38: 235 | H38: 359 | J38: 232 | L38: 209 | N38: 104.55 | P38: 88.06 | R38: 72.89 | T38: 64.5 | W38: =SUM(A38:V38) -> 1953.09 | X38: 5 | Y38: 1 | Z38: 0 | AA38: 0 | AC38: =J38 -> 232
H39: 33kV line | J39: 220kV D/C OHTL BGCL HJP-CHP | L39: 220kV D/C OHTL BSPTCL ANR-MZP
C40: 11/4 | E40: 12/0 | G40: 12/1 | I40: 13/0 | K40: 14/0 | M40: 15/0 | O40: 16/0 | Q40: 17/0 | S40: 18/0 | U40: Gantry
C41: 2TDA+0 | E41: 2TDD+0 | G41: 2TDA+6 | I41: 2TDD+18 | K41: 2TDD+25 | M41: 2TDD+9 | O41: 2TDD+3 | Q41: 2TDD+0 | S41: 2TDD+3
E42: ROW | M42: 2 MRC
F44: BREDA HOLD
F45: ROW | P45: TOTAL | W45: =SUM(W21:W43)/1000 -> 6.609823 | X45: =SUM(X21:X43) -> 23 | Y45: =SUM(Y21:Y43) -> 15 | Z45: =SUM(Z21:Z43) -> 11 | AA45: =SUM(AA21:AA43)/1000 -> 0
H47: TOWER ABSTRACT 220kV D/C TM CHAP-AMNR
H48: SL NO | I48: TOT | J48: NORMAL TOWER WITH EXTENSION | P48: TOTAL TOWER
J49: 0M | K49: +3M | L49: +6M | M49: +9M | N49: +18M | O49: +25M
H50: 1 | I50: 2TDA | J50: =COUNTIF('[13]DS-220 KV TM'!$D$10:$D$66,"*2TDA+0*") -> #VALUE! | K50: =COUNTIF('[13]DS-220 KV TM'!$D$10:$D$66,"*2TDA+3*") -> #VALUE! | L50: =COUNTIF('[13]DS-220 KV TM'!$D$10:$D$66,"*2TDA+6*") -> #VALUE! | M50: =COUNTIF('[13]DS-220 KV TM'!$D$10:$D$66,"*2TDA+9*") -> #VALUE! | N50: =COUNTIF('[13]DS-220 KV TM'!$D$10:$D$66,"*2TDA+18*") -> #VALUE! | O50: =COUNTIF('[13]DS-220 KV TM'!$D$10:$D$66,"*2TDA+25*") -> #VALUE! | P50: =SUM(J50:O50) -> #VALUE!
H51: 3 | I51: 2TDB | J51: =COUNTIF('[13]DS-220 KV TM'!$D$10:$D$66,"*2TDB+0*") -> #VALUE! | K51: =COUNTIF('[13]DS-220 KV TM'!$D$10:$D$66,"*2TDB+3*") -> #VALUE! | L51: =COUNTIF('[13]DS-220 KV TM'!$D$10:$D$66,"*2TDB+6*") -> #VALUE! | M51: =COUNTIF('[13]DS-220 KV TM'!$D$10:$D$66,"*2TDB+9*") -> #VALUE! | N51: =COUNTIF('[13]DS-220 KV TM'!$D$10:$D$66,"*2TDB+18*") -> #VALUE! | O51: =COUNTIF('[13]DS-220 KV TM'!$D$10:$D$66,"*2TDB+25*") -> #VALUE! | P51: =SUM(J51:O51) -> #VALUE!
H52: 4 | I52: 2TDC | J52: =COUNTIF('[13]DS-220 KV TM'!$D$10:$D$66,"*2TDC+0*") -> #VALUE! | K52: =COUNTIF('[13]DS-220 KV TM'!$D$10:$D$66,"*2TDC+3*") -> #VALUE! | L52: =COUNTIF('[13]DS-220 KV TM'!$D$10:$D$66,"*2TDC+6*") -> #VALUE! | M52: =COUNTIF('[13]DS-220 KV TM'!$D$10:$D$66,"*2TDC+9*") -> #VALUE! | N52: =COUNTIF('[13]DS-220 KV TM'!$D$10:$D$66,"*2TDC+18*") -> #VALUE! | O52: =COUNTIF('[13]DS-220 KV TM'!$D$10:$D$66,"*2TDC+25*") -> #VALUE! | P52: =SUM(J52:O52) -> #VALUE!
H53: 5 | I53: 2TDD | J53: =COUNTIF('[13]DS-220 KV TM'!$D$10:$D$66,"*2TDD+0*") -> #VALUE! | K53: =COUNTIF('[13]DS-220 KV TM'!$D$10:$D$66,"*2TDD+3*") -> #VALUE! | L53: =COUNTIF('[13]DS-220 KV TM'!$D$10:$D$66,"*2TDD+6*") -> #VALUE! | M53: =COUNTIF('[13]DS-220 KV TM'!$D$10:$D$66,"*2TDD+9*") -> #VALUE! | N53: =COUNTIF('[13]DS-220 KV TM'!$D$10:$D$66,"*2TDD+18*") -> #VALUE! | O53: =COUNTIF('[13]DS-220 KV TM'!$D$10:$D$66,"*2TDD+25*") -> #VALUE! | P53: =SUM(J53:O53) -> #VALUE!
H54: Total Tower | J54: =SUM(J50:J53) -> #VALUE! | K54: =SUM(K50:K53) -> #VALUE! | L54: =SUM(L50:L53) -> #VALUE! | M54: =SUM(M50:M53) -> #VALUE! | N54: =SUM(N50:N53) -> #VALUE! | O54: =SUM(O50:O53) -> #VALUE! | P54: =SUM(P50:P53) -> #VALUE!

Sheet VC 220 SZ
AE2: Date- | AF2: 46197
B6: PJOJECT SUMMARY | R6: LEGENDS
T7: TE Dt | U7: STG | Y7: Major Power Line Crossing | Z7: Railway Crossing | AA7: River Crossing | AB7: Highway Crossing (SH & NH)
B8: Foundation Cumulative | G8: Nos. | I8: 184/336 | U8: Dt | X8: STG UP
B9: Earthing Cumulative | G9: Nos. | I9: 138/336 | R9: ERECTION
B10: Erection Cumulative | G10: Nos. | I10: 71/336 | T10: Date | U10: SPAN
B11: Stringing Payingout (RS) | G11: Km. | I11: 0.00/101.101 | R11: FOUNDATION | T11: Type
B12: Stringing Final sag Cumulative | G12: Km. | I12: 0.00/101.101
H13: ` | R13: Tower+Extn | T13: X+Y | U13: Suspn Tower | V13: Earthing | X13: U/P
V14: Angle Tower
R15: TOWER NO | T15: X/Y
AB17: Cum Length | AC17: Fdn Comp | AD17: Ear Comp | AE17: TE Comp | AF17: STG Comp
B20: 9/0 | D20: 9/1 | F20: 9A/0 | H20: 10/0 | J20: 11/0 | L20: 11/1 | N20: 11/2 | P20: 11/3 | R20: 12/0 | T20: 13/0 | V20: 13/1 | X20: 13/2 | Z20: 14/0
C23: 360 | E23: 328 | G23: 360 | I23: 409 | K23: 360 | M23: 340 | O23: 360 | Q23: 314 | S23: 341 | U23: 307 | V23: 26-9-24 | W23: 287 | X23: 11-10-24 | Y23: 319 | Z23: 22-9-24 | AA23: 320 | AB23: =SUM(C23:AA23) -> 4405 | AC23: 3 | AD23: 3 | AE23: 0 | AF23: 0 | AG23: 12 | AH23: =AG23 -> 12
B25: NMB+0 | D25: DA+9 | F25: DB+6 | H25: DB+6 | J25: DB+6 | L25: DA+0 | N25: DA+6 | P25: DA+9 | R25: DC+3 | T25: DD+6 | V25: DA+6 | X25: DA+9 | Z25: DC+3
B26: HOLD | D26: HOLD | F26: 1.5 MRC | H26: ROW | J26: HOLD | L26: HOLD | N26: HOLD | P26: HOLD | R26: HOLD | T26: ROW
B29: 14/1 | D29: 15/0 | F29: 16/0 | H29: 17/0 | J29: 17/1 | L29: 18/0 | N29: 18/1 | P29: 19/0 | R29: 19/1 | T29: 21/0 | V29: 22/0 | X29: 23/0 | Z29: Gan-1
B32: 23-6-24 | C32: 320 | D32: 5-7-24 | E32: 341 | F32: 24-08-24 | G32: 309 | H32: 03-8-24 | I32: 326 | J32: 08-08-2024 | K32: 325 | M32: 340 | N32: 23-1024 | O32: 350 | P32: 18-10-24 | Q32: 330 | S32: 330 | T32: 26-1024 | U32: 369 | W32: 375 | Y32: 72 | AA32: 50 | AB32: =SUM(C32:AA32) -> 3837 | AC32: 9 | AD32: 9 | AE32: 0 | AF32: 0 | AG32: 13 | AH32: =AH23+AG32 -> 25
AA33: 400 kV TL
B34: DA+0 | D34: DD+6 | F34: DD+6 | H34: DD+3 | J34: DA+6 | L34: DC+6 | N34: DA+6 | P34: DD+6 | R34: DA+6 | T34: DC+3 | V34: DD+6 | X34: DD+0 | Z34: GANTRY
R35: ROW | V35: HOLD | X35: HOLD | Z35: HOLD
B36: Gan-2 | D36: 24/0 | F36: 25/0 | H36: 26/0 | J36: Gan-3 | L36: Gan-4 | N36: 27/0 | P36: 28/0 | R36: 29/0 | T36: 30/0 | V36: 31/0 | X36: 31/1 | Z36: 31/2
C39: 48 | E39: 263 | G39: 231 | I39: 84 | K39: 50 | M39: 56 | O39: 333 | Q39: 337 | S39: 342 | U39: 307 | W39: 344 | Y39: 265 | AA39: 265 | AB39: =SUM(C39:AA39) -> 2925 | AC39: 0 | AD39: 0 | AE39: 0 | AF39: 0 | AG39: 13 | AH39: =AH32+AG39 -> 38
K40: 400 kV BARH-MOTIHARI TL
B41: GANTRY | D41: DD+0 | F41: DC+3 | H41: DD+0 | J41: GANTRY | L41: GANTRY | N41: DD+0 | P41: DD+6 | R41: DB+3 | T41: DC+3 | V41: DD+6 | X41: DA+9 | Z41: DA+6
B42: HOLD | D42: HOLD | F42: HOLD | X42: ROW | Z42: ROW
B43: 33/0 | D43: 34/0 | F43: 35/0 | H43: 36/0 | J43: 37/0 | L43: 38/0 | N43: 38/1 | P43: 38/2 | R43: 38/3 | T43: 38/4 | V43: 38/5 | X43: 39/0 | Z43: 40/0
C46: 335 | E46: 308 | G46: 293 | I46: 290 | J46: 26-10-25 | K46: 329 | L46: 06-10-24 | M46: 320 | N46: 11-12-25 | O46: 318 | Q46: 325 | S46: 340 | U46: 335 | W46: 340 | Y46: 332 | AA46: 325 | AB46: =SUM(C46:AA46) -> 4190 | AC46: 6 | AD46: 6 | AE46: 0 | AF46: 0 | AG46: 13 | AH46: =AH39+AG46 -> 51
B48: DC+6 | D48: DD+0 | F48: DD+0 | H48: DD+3 | J48: DC+3 | L48: DB+6 | N48: DA+0 | P48: DA+0 | R48: DA+6 | T48: DA+6 | V48: DA+3 | X48: DC+0 | Z48: DC+0
B49: ROW | D49: ROW | P49: HOLD | R49: HOLD | T49: HOLD | V49: HOLD
B50: 41/0 | D50: 42/0 | F50: 43/0 | H50: 44/0 | J50: 44/1 | L50: 44/2 | N50: 45/0 | P50: 45/1 | R50: 45/2 | T50: 45/3 | V50: 45/4 | X50: 44/0 (New) | Z50: 44/1 New
C53: 350 | E53: 344 | G53: 343 | H53: 20-9-25 | I53: 334 | J53: 02 Leg RCC Done | K53: 350 | M53: 350 | O53: 345 | Q53: 348 | S53: 340 | U53: 315 | W53: 315 | Y53: 206 | AA53: 280.46 | AB53: =SUM(C53:AA53) -> 4220.46 | AC53: 1 | AD53: 1 | AE53: 0 | AF53: 0 | AG53: 13 | AH53: =AH46+AG53 -> 64 | AI53: =AB23+AB32+AB39+AB46+AB53-AA53-Y53 -> 19091
B55: DD+3 | D55: DD+3 | F55: DD+3 | H55: DD+3 | J55: DA+3 | L55: DA+0 | N55: DD+3 | P55: DA+3 | R55: DA+3 | T55: DA+0 | V55: DA+0 | X55: DC+0 | Z55: DA+0
B56: ROW | J56: ROW | L56: ROW | N56: ROW | R56: ROW | X56: HOLD | Z56: HOLD
B57: 44A/0 | D57: 44B/0 | F57: 44C/0 | H57: 45/0 New | J57: 45/1 New | L57: 45/2 New | N57: 46/0 | P57: 46/1 | R57: 46/2 | T57: 46/3 | V57: 46/4 | X57: 47/0 | Z57: 47/1
C60: 274.06 | E60: 215.58 | G60: 342.41 | I60: 308 | K60: 308 | M60: 290.87 | O60: 353 | Q60: 345 | S60: 344 | U60: 351 | W60: 256.65 | Y60: 306 | AA60: 353 | AB60: =SUM(C60:AA60) -> 4047.57 | AC60: 0 | AD60: 0 | AE60: 0 | AF60: 0 | AG60: 13 | AH60: =AH53+AG60 -> 77
B62: DC+0 | D62: DD+0 | F62: DD+6 | H62: DC+3 | J62: DA+3 | L62: DA+6 | N62: DD+6 | P62: DA+6 | R62: DA+0 | T62: DA+3 | V62: DA+0 | X62: DC+3 | Z62: DA+6
B63: HOLD | D63: HOLD | F63: HOLD | H63: HOLD | V63: 1 MRC | X63: 1 MRC
B64: 47/2 | D64: 47/3 | F64: 48/0 | H64: 48/1 | J64: 48/2 | L64: 49/0 | N64: 50/0 | P64: 50/1 | R64: 51/0 | T64: 52/0 | V64: 53/0 | X64: 54/0 | Z64: 54/1
C67: 340 | E67: 349.73 | G67: 290 | I67: 334 | K67: 345.07 | M67: 337.23 | O67: 289 | Q67: 253.12 | S67: 336.03 | U67: 345.27 | W67: 430.26 | Y67: 316 | AA67: 280 | AB67: =SUM(C67:AA67) -> 4245.71 | AC67: 2 | AD67: 0 | AE67: 2 | AF67: 0 | AG67: 13 | AH67: =AH60+AG67 -> 90
B69: DA+0 | D69: DA+9 | F69: DD+3 | H69: DA+3 | J69: DA+6 | L69: DD+6 | N69: DD+6 | P69: DA+0 | R69: DD+0 | T69: DD+6 | V69: DB+6 | X69: DD+3 | Z69: DA+3
N70: 1 MRC | P70: 1 MRC | R70: 1 MRC | T70: 1 MRC | V70: 1 MRC | X70: 1 MRC | Z70: 1 MRC
B71: 54/2 | D71: 54/3 | F71: 55/0 | H71: 55/1 | J71: 56/0 | L71: 56/1 | N71: 57/0 | P71: 57/1 | R71: 58/0 | T71: 58/1 | V71: 59/0 | X71: 59/1 | Z71: 59/2
C74: 276 | E74: 266.21 | G74: 251 | I74: 242.51 | K74: 317 | M74: 348.39 | O74: 339 | Q74: 347.05 | S74: 331 | U74: 339.85 | V74: PS | W74: 366 | Y74: 328 | AA74: 305 | AB74: =SUM(C74:AA74) -> 4057.01 | AC74: 10 | AD74: 10 | AE74: 10 | AF74: 0 | AG74: 13 | AH74: =AH67+AG74 -> 103
B76: DA+6 | D76: DA+0 | F76: DD+0 | H76: DA+3 | J76: DC+0 | L76: DA+0 | N76: DC+3 | P76: DA+6 | R76: DC+0 | T76: DA+3 | V76: DD+0 | X76: DA+3 | Z76: DA+3
L77: ROW | N77: ROW | P77: ROW | T77: 1 MRC
B78: 59/3 | D78: 59/4 | F78: 59/5 | H78: 60/0 | J78: 60A/0 | L78: 60B/0 | N78: 61/0 | P78: 61/1 | R78: 61/2 | T78: 61/3 | V78: 61/4 | X78: 61/5 | Z78: 61/6
C81: 339 | E81: 321 | G81: 351.07 | I81: 271.07 | K81: 134.92 | M81: 209.03 | O81: 165 | Q81: 322 | S81: 223 | U81: 360 | W81: 296 | Y81: 346 | AA81: 207.09 | AB81: =SUM(C81:AA81) -> 3545.18 | AC81: 4 | AD81: 4 | AE81: 4 | AF81: 0 | AG81: 13 | AH81: =AH74+AG81 -> 116
O82: 132KV D/C (MSK-SIW) PGCIL
B83: DA+6 | D83: DA+6 | F83: DA+0 | H83: DB+3 | J83: DD+3 | L83: DD+6 | N83: DD+18 | P83: DD+18 | R83: DA+9 | T83: DA+3 | V83: DA+3 | X83: DA+6 | Z83: DD+6 | AA83: NH-227A
D84: 1 MRC | F84: 1 MRC | J84: 1 MRC | L84: 1 MRC | P84: 1 MRC | V84: 1 MRC | X84: HOLD | Z84: HOLD
B85: 62/0 | D85: 62A/0 | F85: 62/2 | H85: 63/0
C88: 383.88 | E88: 306 | G88: 287 | AB88: =SUM(C88:AA88) -> 976.88 | AC88: 3 | AD88: 0 | AE88: 2 | AF88: 0 | AG88: 4 | AH88: =AH81+AG88 -> 120
B90: DD+3 | D90: DB+3 | F90: DA+6 | H90: DD+0
B91: HOLD
B92: 63/0 | D92: 63/1 | F92: 63/2 | H92: 64/0 | J92: 64/1 | L92: 64/2 | N92: 65/0 | P92: 66/0 | R92: 66/1 | T92: 66/2 | V92: 67/0 | X92: 67/1 | Z92: 67/2
C95: 356 | E95: 311 | G95: 324.56 | I95: 356 | K95: 340 | M95: 357.17 | N95: 27.12.25 | O95: 262.52 | P95: 09.01.26 | Q95: 251 | R95: 05.1.26 | S95: 222 | T95: 30.12.25 | U95: 228.52 | W95: 333 | Y95: 363.3 | AA95: 327.2 | AB95: =SUM(C95:AA95) -> 4032.27 | AC95: 10 | AD95: 8 | AE95: 2 | AF95: 0 | AG95: 12 | AH95: =AH88+AG95 -> 132
B97: DD+0 | D97: DA+3 | F97: DA+3 | H97: DD+3 | J97: DA+0 | L97: DA+0 | N97: DD+3 | P97: DD+3 | R97: DA+3 | T97: DA+3 | V97: DC+3 | X97: DA+6 | Z97: DA+6
X98: 1 MRC | Z98: 1 MRC
B99: 68/0 | D99: 68/1 | F99: 68/2 | H99: 69/0 | J99: 70/0 | L99: 70/1 | N99: 70/2 | P99: 70/3 | R99: 71/0 | T99: 71A/0 | V99: 71B/0 | X99: 71C/0 | Z99: 72/0
C102: 90 | E102: 90 | G102: 97 | I102: 266.75 | K102: 290 | M102: 338 | O102: 344 | Q102: 303.12 | S102: 90.48 | U102: 71.96 | W102: 124.51 | Y102: 92.34 | AA102: 244.97 | AB102: =SUM(C102:AA102) -> 2443.13 | AC102: 3 | AD102: 2 | AE102: 0 | AF102: 0 | AG102: 13 | AH102: =AH95+AG102 -> 145
E103: 800KV HVDC (GPJ-GKP) | U103: 400KV D/C (BAR-GKP) | AA103: RLY X-ING
B104: DD+3 | D104: GANTRY 220KV | F104: GANTRY 220KV | H104: DD+3 | J104: DB+3 | L104: DA+0 | N104: DA+3 | P104: DA+9 | R104: DD+0 | T104: GANTRY 220KV | V104: GANTRY 220KV | X104: DD+6 | Z104: DD+18
J105: 1 MRC | L105: 1 MRC | N105: 1 MRC | P105: 1 MRC | R105: 1 MRC | X105: HOLD | Z105: HOLD
B107: 73/0 | D107: 73/1 | F107: 73/2 | H107: 73/3 | J107: 74/0 | L107: 74/1 | N107: 75/0 | P107: 75/1 | R107: 76/0 | T107: 76/1 | V107: 77/0 | X107: 78/0 | Z107: 79/0
C110: 275 | E110: 367 | G110: 331 | I110: 299.87 | K110: 229 | M110: 233.14 | O110: 277 | Q110: 303 | S110: 286 | U110: 346.18 | W110: 325.29 | Y110: 347.32 | AA110: 233.33 | AB110: =SUM(C110:AA110) -> 3853.13 | AC110: 1 | AD110: 0 | AE110: 0 | AF110: 0 | AG110: 13 | AH110: =AH102+AG110 -> 158
B112: DD+9 | D112: DA+9 | F112: DA+6 | H112: DA+9 | J112: DD+3 | L112: DA+3 | N112: DC+0 | P112: DA+0 | R112: DD+6 | T112: DA+6 | V112: DC+6 | X112: DD+9 | Z112: DC+6
B113: 2 MRC | D113: 1 MRC | F113: 1 MRC | L113: ROW | N113: ROW | X113: ROW
B114: HOLD | D114: HOLD
B115: 80/0 | D115: 80/1 | F115: 80/2 | H115: 80/3 | J115: 81/0 | L115: 81/1 | N115: 82/0 | P115: 83/0 | R115: 83/1 | T115: 84/0 | V115: 85/0 | X115: 85/1 | Z115: 86/0
C118: 338 | E118: 320 | G118: 290 | I118: 284.92 | K118: 365 | M118: 328.9 | N118: 15.01.26 | O118: 348.96 | P118: FS 31.01.26 | Q118: 351 | S118: 321.51 | U118: 346.3 | W118: 274 | X118: 18.01.26 | Y118: 336.92 | AA118: 239 | AB118: =SUM(C118:AA118) -> 4144.51 | AC118: 11 | AD118: 10 | AE118: 9 | AF118: 0 | AG118: 13 | AH118: =AH110+AG118 -> 171
B120: DD+0 | D120: DA+0 | F120: DA+3 | H120: DA+3 | J120: DC+0 | L120: DA+3 | N120: DD+9 | P120: DD+3 | R120: DA+0 | T120: DD+0 | V120: DD+9 | X120: DA+3 | Z120: DD+0
B121: 1 MRC | D121: 1 MRC | F121: 1 MRC | H121: 1 MRC | J121: 1 MRC | L121: 1 MRC
B123: 86/1 | D123: 87/0 | F123: 87/1 | H123: 87/2 | J123: 88/0 | L123: 88/1 | N123: 89/0 | P123: 89/1 | R123: 90/0 | T123: 90/1 | V123: 90/2 | X123: 91/0 | Z123: 91/1
C126: 200.34 | E126: 276 | G126: 337 | I126: 316.76 | K126: 352 | M126: 331.24 | O126: 358 | Q126: 341.04 | S126: 286 | U126: 357 | W126: 337.63 | Y126: 282 | AA126: 348.04 | AB126: =SUM(C126:AA126) -> 4123.05 | AC126: 10 | AD126: 7 | AE126: 6 | AF126: 0 | AG126: 13 | AH126: =AH118+AG126 -> 184
B128: DA+3 | D128: DD+3 | F128: DA+3 | H128: DA+6 | J128: DC+3 | L128: DA+6 | N128: DB+0 | P128: DA+6 | R128: DC+6 | T128: DA+0 | V128: DA+3 | X128: DD+6 | Z128: DA+9
B129: ROW | R129: 1 MRC | T129: 1 MRC | V129: 1 MRC | X129: 1 MRC
B131: 92/0 | D131: 93/0 | F131: 93/1 | H131: 94/0 | J131: 95/0 | L131: 95/1 | N131: 95/2 | P131: 95/3 | R131: 95/4 | T131: 96/0 | V131: 96/1 | X131: 96/2 | Z131: 97/0
C134: 233.78 | E134: 334 | G134: 257.67 | I134: 344.79 | K134: 247 | M134: 275 | O134: 262 | Q134: 236 | S134: 233.07 | U134: 256 | V134: 29-2-25 | W134: 326 | X134: 31-12-25 | Y134: 359 | AA134: 393 | AB134: =SUM(C134:AA134) -> 3757.31 | AC134: 2 | AD134: 2 | AE134: 2 | AF134: 0 | AG134: 13 | AH134: =AH126+AG134 -> 197
C135: 132KV D/C (CHO-SWN) BGCIL
B136: DD+25 | D136: DD+18 | F136: DA+9 | H136: DD+0 | J136: DD+3 | L136: DA+3 | N136: DA+0 | P136: DA+0 | R136: DA+0 | T136: DD+0 | V136: DA+6 | X136: DA+6 | Z136: DB+3
H137: ROW | J137: ROW | L137: 1 MRC | N137: 1 MRC | P137: 1 MRC | R137: 1 MRC | T137: 1 MRC | Z137: ROW
B139: 97/1 | D139: 97/2 | F139: 98/0 | H139: 99/0 | J139: 99/1 | L139: 99/2 | N139: 99/3 | P139: 100/0 | R139: 100/1 | T139: 100/2 | V139: 100/3 | X139: 100/4 | Z139: 101/0
C142: 303 | D142: 02-12-25 | E142: 395.2 | F142: 04-12-25 | G142: 343.79 | H142: 11-12-25 | I142: 351 | J142: 07-12-25 | K142: 347 | L142: 9-12-25 | M142: 351 | N142: 14-12-25 | O142: 323.83 | Q142: 253 | R142: 16-12-25 | S142: 274 | T142: 1-12-25 | U142: 282 | V142: 18-12-25 | W142: 321 | X142: 20-12-25 | Y142: 353.24 | AA142: 207 | AB142: =SUM(C142:AA142) -> 4105.06 | AC142: 12 | AD142: 11 | AE142: 12 | AF142: 0 | AG142: 13 | AH142: =AH134+AG142 -> 210
B144: DA+3 | D144: DA+3 | F144: DC+3 | H144: DC+3 | J144: DA+0 | L144: DA+3 | N144: DA+6 | P144: DC+0 | R144: DA+6 | T144: DA+3 | V144: DA+3 | X144: DA+3 | Z144: DC+0
B145: ROW
B146: 101/1 | D146: 101/2 | F146: 101/3 | H146: 101/4 | J146: 102/0 | L146: 102/1 | N146: 102/2 | P146: 102/3 | R146: 102/4 | T146: 103/0 | V146: 104/0 | X146: 104/1 | Z146: 104/2
B149: 25-12-25 | C149: 329 | E149: 334 | G149: 331 | I149: 209.59 | K149: 304 | M149: 302 | O149: 315 | Q149: 285 | S149: 348.77 | U149: 281.67 | W149: 322 | Y149: 293 | AA149: 314 | AB149: =SUM(C149:AA149) -> 3969.03 | AC149: 11 | AD149: 4 | AE149: 8 | AF149: 0 | AG149: 13 | AH149: =AH142+AG149 -> 223
B151: DA+0 | D151: DA+0 | F151: DA+0 | H151: DA+3 | J151: DC+0 | L151: DA+3 | N151: DA+6 | P151: DA+3 | R151: DA+6 | T151: DD+9 | V151: DD+0 | X151: DA+3 | Z151: DA+6
F152: 1 MRC | J152: 1 MRC | L152: 1 MRC | N152: 1 MRC | P152: 1 MRC | R152: 1 MRC | T152: 1 MRC
B154: 104/3 | D154: 104/4 | F154: 104/5 | H154: 105/0 | J154: 105/1 | L154: 105/2 | N154: 106/0 | P154: 106/1 | R154: 106/2 | T154: 106/3 | V154: 107/0 | X154: 107/1 | Z154: 108/0
C157: 342 | E157: 269 | G157: 318.97 | I157: 251 | K157: 302 | M157: 338.05 | O157: 326 | Q157: 291 | S157: 288 | U157: 202.34 | V157: FS 31.01.26 | W157: 250 | Y157: 186.62 | AA157: 277 | AB157: =SUM(C157:AA157) -> 3641.98 | AC157: 12 | AD157: 5 | AE157: 3 | AF157: 0 | AG157: 13 | AH157: =AH149+AG157 -> 236
B159: DA+3 | D159: DA+0 | F159: DA+3 | H159: DC+6 | J159: DA+3 | L159: DA+6 | N159: DD+9 | P159: DA+0 | R159: DA+0 | T159: DA+0 | V159: DD+0 | X159: DA+3 | Z159: DD+3
D160: 1 MRC | R160: 1 MRC | T160: 1 MRC
B161: 108/1 | D161: 109/0 | F161: 110/0 | H161: 110/1 | J161: 110/2 | L161: 111/0 | N161: 111A/0 | P161: 112/0 | R161: 113/0 | T161: 113/1 | V161: 113/2 | X161: 113/3 | Z161: 114/0
E163: 216.63
C164: 229.01 | G164: 260 | I164: 296 | K164: 287.11 | M164: 241.7 | O164: 143.96 | Q164: 360.45 | S164: 302 | U164: 353 | W164: 341 | Y164: 353.1 | AA164: 343 | AB164: =SUM(C164:AA164) -> 3510.33 | AC164: 9 | AD164: 6 | AE164: 0 | AF164: 0 | AG164: 13 | AH164: =AH157+AG164 -> 249
E165: NH-331 | O165: 132KV D/C BSPTCL CPRN-EKMA
B166: DA+3 | D166: DD+0 | F166: DD+3 | H166: DA+3 | J166: DA+3 | L166: DD+6 | N166: DD+18 | P166: DD+18 | R166: DD+3 | T166: DA+6 | V166: DA+6 | X166: DA+0 | Z166: DC+3
L167: 1 MRC | N167: 1 MRC | P167: 1 MRC | R167: 1 MRC | T167: 1 MRC | V167: 1 MRC | X167: 1 MRC | Z167: 1 MRC
...

Sheet ROW
A1: Right of Way Issues
A2: Sl No. | B2: Districts | C2: Issues
C3: 220 KV D/C Chhapra -Gopalganj TL Single Zebra
A4: 1 | B4: Gopalganj | C4: Location No. 13/0 – Dhankhar village, Majha, Gopalganj Sadar – Dharmendra S/o Khedu Prasad (Mob: 9031470755) asking for line diversion.
A5: 2 | B5: Gopalganj | C5: Location No. 31/2 – Ahirawlia village, Majha, Gopalganj Sadar – Bittu Singh S/o Jaswant Singh (Mob: 9852021237) asking for line diversion. SDM Gopalganj Sadar issued letter to C.O. Manjha.
A6: 3 | B6: Siwan | C6: Location No. 38/4 – Puraina village, Barhariya, Siwan – Amin Gaddi S/o Raja Gaddi (Mob: 6200734293) asking for line diversion. Letter issued to SDM Siwan.
A7: 4 | B7: Siwan | C7: Location No. 41/0 – Puraina village, Barhariya, Siwan – Bablu Singh S/o Mukhlal Singh (Mob: 9835999788) asking for line diversion.
A8: 5 | B8: Siwan | C8: Location No. 44/1 – Paltuhasa village, Jamo Bazar, Siwan – Ramnath Singh S/o Vikram Singh (Mob: 9810866758) asking for line diversion.
A9: 6 | B9: Siwan | C9: Location No. 45/2 – Jogapur village, Jamo Bazar, Siwan – Navsad Alam S/o Dr. Noor Alam (Mob: 9006174820) asking for line diversion.
A10: 7 | B10: Siwan | C10: Location No. 66/2 – Chorma village, Bhagwanpur Hat, Maharajganj – Abhishek Singh @ Tuntun S/o Vishundev Singh (Mob: 9473062695) demanding higher crop compensation. Letter issued from SDM Maharajganj to Goriyakothi & Bhagwanpur BDO and police station on 03.02.2026.
A11: 8 | B11: Siwan | C11: Location No. 74/1 – Mora Khas village, Bhagwanpur Hat, Maharajganj – Ratnesh Singh @ Sonu S/o Late Surendra Singh (Mob: 8481000021) asking for line diversion.
A12: 9 | B12: Siwan | C12: Location No. 75/0 – Banpur village, Bhagwanpur Hat, Maharajganj – Sunil Singh S/o Dinanath Singh (Mob: 9931838464) asking for line diversion.
A13: 10 | B13: Siwan | C13: Location No. 57/1 – Chainpur village, Goreyakothi, Maharajganj – Shrinivas Singh asking for land compensation.
A14: 11 | B14: Siwan | C14: Location No. 57/0 – Chainpur village, Goreyakothi, Maharajganj – Taukir Miya S/o Serajuddin Ahmad (Mob: 7070530148) asking for land compensation.
A15: 12 | B15: Siwan | C15: Location No. 57/0 – Govindapur village, Goreyakothi, Maharajganj – MD Anish S/o Fajelhaq (Mob: 7549177807) asking for land compensation.
... A26: 23 | B26: Saran | C26: Location No. 136/0 – Fulwariya Tola Jorani village, Garkha, Chapra Sadar – Dharmendra Ray S/o Avdesh Ray asking for line diversion.
C27: FOR 220 KV D/C Chhapra - Amnour TL Twin Moose
A28: 1 | B28: Saran | C28: Location No. 12/0 – Tarwar village, Madaura Sub Division – Raju Singh & Mrigendra Singh (Mob: 7464007290) asking for line diversion. Letter issued from SDM Madaura to BDO Amnor on 21.02.2026.
A29: 2 | B29: Saran | C29: Location No. 17/0 – Mura village, Madaura Sub Division – Arun Pandey S/o Janakdev Pandey reported ROW issue at location.
A30: 3 | B30: Saran | C30: Location No. 18/0 – Mura village, Madaura Sub Division – Bijendra Pandey S/o Kesav Pandey reported ROW issue at location.
C31: LILO of 400 KV Barh (NTPC) - Motihari (DMTCL) D/C (Quad Moose) transmission line at Chhapra (New)
A32: 1 | B32: Saran | C32: Location No. 26 LI – Babhanganwa village, Parsa, Chapra Sadar – Janak Singh S/o Late Rupak Singh (Mob: 9852671518) raised issue regarding shifting of tower. 02 Leg RCC done and letter issued from SDM Chapra to BDO Parsa on 13.02.2026.
A33: 2 | B33: Saran | C33: Location No. 20 LI – Baksanda village, Parsa – Kameshwar Singh S/o Satyanarayan Singh (Mob: 7277175252 / 7519311278) reported ROW issue at location.
A34: 3 | B34: Saran | C34: Location No. 13/0 LI – Pirozpur village, Parsa – Gopaleshwar Singh (Mob: 9097745422) reported ROW issue. Letter issued from BSPTCL to SDM Chapra on 15.04.2026.
A35: 4 | B35: Saran | C35: Location No. 15/0 LI – Bhima Bandh village, Parsa – Bablu Singh (Mob: 9801016674) reported ROW issue at location.
A36: 5 | B36: Saran | C36: Location No. 12/0 LI PIT A & PIT B – Firojpur village, Pachrukhi, Parsa – Suresh Singh S/o Terash Singh (Mob: 7488054101) reported ROW issue. Letter issued from BSPTCL to SDM Chapra on 07.05.2026.
A37: 6 | B37: Saran | C37: Location No. 12/0 LI PIT D – Bhima Bandh village, Pachrukhi, Parsa – Bageshwar Mahto reported ROW issue at location.
A38: 7 | B38: Saran | C38: Location No. 15/1 LI – Laganpura village, Pachrukhi, Parsa – Rajeshwar Rai (Mob: 9199649156) reported ROW issue at location.

Sheet 220 SZ Status
A1: Sr No. | B1: Sections | C1: Tower No. | D1: Tower Type | E1: Span | F1: Status
F3: Foundation | G3: Earthing | H3: Erection | I3: Stringing
A5: 1 | B5: Ap-9 | C5: 9/0 | D5: DC+3 | E5: 0
A6: 2 | C6: 9/1 | D6: DA+9 | E6: 360
A7: 3 | B7: AP-9A | C7: 9A/0 | D7: DB+6 | E7: 328
A8: 4 | B8: AP -10 | C8: 10/0 | D8: DB+6 | E8: 360
A9: 5 | B9: AP -11 | C9: 11/0 | D9: DB+6 | E9: 409
A10: 6 | C10: 11/1 | D10: DA+0 | E10: 360
A11: 7 | C11: 11/2 | D11: DA+6 | E11: 340
A12: 8 | C12: 11/3 | D12: DA+9 | E12: 360
A13: 9 | B13: AP-12 | C13: 12/0 | D13: DC+3 | E13: 314
A14: 10 | B14: AP-13 | C14: 13/0 | D14: DD+6 | E14: 341
A15: 11 | C15: 13/1 | D15: DA+6 | E15: 307 | F15: Completed | G15: Completed
A16: 12 | C16: 13/2 | D16: DA+9 | E16: 287 | F16: Completed | G16: Completed
A17: 13 | B17: AP-14 | C17: 14/0 | D17: DC+3 | E17: 319 | F17: Completed | G17: Completed
A18: 14 | C18: 14/1 | D18: DA+0 | E18: 320 | F18: Completed | G18: Completed
A19: 15 | B19: AP-15 | C19: 15/0 | D19: DD+6 | E19: 320 | F19: Completed | G19: Completed
A20: 16 | B20: AP-16 | C20: 16/0 | D20: DD+6 | E20: 341 | F20: Completed | G20: Completed
A21: 17 | B21: AP-17 | C21: 17/0 | D21: DD+3 | E21: 309 | F21: Completed | G21: Completed
A22: 18 | C22: 17/1 | D22: DA+6 | E22: 326 | F22: Completed | G22: Completed
A23: 19 | B23: AP-18 | C23: 18/0 | D23: DC+6 | E23: 325 | F23: Completed | G23: Completed
A24: 20 | C24: 18/1 | D24: DA+9 | E24: 340 | F24: Completed | G24: Completed
A25: 21 | B25: AP-19 | C25: 19/0 | D25: DD+6 | E25: 350 | F25: Completed | G25: Completed
A26: 22 | C26: 19/1 | D26: DA+6 | E26: 330
A27: 23 | B27: AP-21 | C27: 21/0 | D27: DC+3 | E27: 330 | F27: Completed | G27: Completed
A28: 24 | B28: Ap-22 | C28: 22/0 | D28: DD+6 | E28: 369
A29: 25 | B29: Ap-23 | C29: 23/0 | D29: DD+0 | E29: 375
A30: 26 | C30: Gan-1 | D30: GANTRY | E30: 72
A31: 27 | C31: Gan-2 | D31: GANTRY | E31: 50
A32: 28 | B32: Ap-24 | C32: 24/0 | D32: DD+0 | E32: 48
A33: 29 | B33: AP-25 | C33: 25/0 | D33: DC+3 | E33: 263
A34: 30 | B34: AP-26 | C34: 26/0 | D34: DD+0 | E34: 231
A35: 31 | C35: Gan-3 | D35: GANTRY | E35: 84
A36: 32 | C36: Gan-4 | D36: GANTRY | E36: 50
A37: 33 | B37: AP-27 | C37: 27/0 | D37: DD+0 | E37: 56
A38: 34 | B38: AP-28 | C38: 28/0 | D38: DD+6 | E38: 333
A39: 35 | B39: AP-29 | C39: 29/0 | D39: DB+3 | E39: 337
A40: 36 | B40: AP-30 | C40: 30/0 | D40: DC+3 | E40: 342
A41: 37 | B41: AP-31 | C41: 31/0 | D41: DD+6 | E41: 307
A42: 38 | C42: 31/1 | D42: DA+9 | E42: 344
A43: 39 | C43: 31/2 | D43: DA+6 | E43: 265
A44: 40 | B44: AP-33 | C44: 33/0 | D44: DC+6 | E44: 265
A45: 41 | B45: AP-34 | C45: 34/0 | D45: DD+0 | E45: 335
A46: 42 | B46: AP-35 | C46: 35/0 | D46: DD+0 | E46: 308 | F46: Completed
A47: 43 | B47: AP-36 | C47: 36/0 | D47: DD+3 | E47: 293 | F47: WIP
A48: 44 | B48: AP-37 | C48: 37/0 | D48: DC+3 | E48: 290 | F48: Completed | G48: Completed
A49: 45 | B49: AP-38 | C49: 38/0 | D49: DB+6 | E49: 329 | F49: Completed | G49: Completed
A50: 46 | C50: 38/1 | D50: DA+0 | E50: 320 | F50: WIP
A51: 47 | C51: 38/2 | D51: DA+0 | E51: 318
A52: 48 | C52: 38/3 | D52: DA+3 | E52: 325
A53: 49 | C53: 38/4 | D53: DA+0 | E53: 340
A54: 50 | C54: 38/5 | D54: DA+3 | E54: 335
A55: 51 | B55: AP-39 | C55: 39/0 | D55: DC+0 | E55: 340
A56: 52 | B56: AP-40 | C56: 40/0 | D56: DC+0 | E56: 332 | F56: Completed | G56: Completed
A57: 53 | B57: AP-41 | C57: 41/0 | D57: DD+3 | E57: 325
A58: 54 | B58: AP-42 | C58: 42/0 | D58: DD+3 | E58: 350
A59: 55 | B59: AP-43 | C59: 43/0 | D59: DD+3 | E59: 344
A60: 56 | B60: AP-44 | C60: 44/0 | D60: DD+3 | E60: 343 | F60: Completed | G60: Completed
A61: 57 | C61: 44/1 | D61: DA+3 | E61: 334
A62: 58 | C62: 44/2 | D62: DA+0 | E62: 350
A63: 59 | B63: AP-45 | C63: 45/0 | D63: DD+3 | E63: 350
A64: 60 | C64: 45/1 | D64: DA+3 | E64: 345
A65: 61 | C65: 45/2 | D65: DA+3 | E65: 348
A66: 62 | C66: 45/3 | D66: DA+0 | E66: 340
A67: 63 | C67: 45/4 | D67: DA+0 | E67: 315
A68: 64 | B68: AP-46 | C68: 46/0 | D68: DD+3 | E68: 315
A69: 65 | C69: 46/1 | D69: DA+3 | E69: 359
A70: 66 | C70: 46/2 | D70: DA+6 | E70: 322
A71: 67 | B71: AP-47 | C71: 47/0 | D71: DC+6 | E71: 335
A72: 68
A73: 69
A74: 70
A75: 71
A76: 72 | B76: AP-63 | C76: 63/0 | D76: 2SDD+0 | E76: 0
A77: 73 | C77: 63/1 | D77: 2SDA+3 | E77: 356
A78: 74 | C78: 63/2 | D78: 2SDA+3 | E78: 311
A79: 75 | B79: Ap-64 | C79: 64/0 | D79: 2SDD+3 | E79: 324.56
A80: 76 | C80: 64/1 | D80: 2SDA+0 | E80: 356
A81: 77 | C81: 64/2 | D81: 2SDA+0 | E81: 340
A82: 78 | B82: AP-65 | C82: 65/0 | D82: 2SDD+3 | E82: 357.17
A83: 79 | B83: AP-66 | C83: 66/0 | D83: 2SDD+3 | E83: 262.52
A84: 80 | C84: 66/1 | D84: 2SDA+3 | E84: 251
A85: 81 | C85: 66/2 | D85: 2SDA+3 | E85: 222
A86: 82 | B86: AP-67 | C86: 67/0 | D86: 2SDC+3 | E86: 228.52
A87: 83 | C87: 67/1 | D87: 2SDA+6 | E87: 333
A88: 84 | C88: 67/2 | D88: 2SDA+6 | E88: 363.3
A89: 85 | B89: AP-68 | C89: 68/0 | D89: 2SDD+3 | E89: 327.2
A90: 86 | C90: 68/1 | D90: GANTRY 220KV | E90: 90
A91: 87 | C91: 68/2 | D91: GANTRY 220KV | E91: 90
A92: 88 | B92: AP-69 | C92: 69/0 | D92: 2SDD+3 | E92: 97
A93: 89 | B93: AP-70 | C93: 70/0 | D93: 2SDB+3 | E93: 266.75
A94: 90 | C94: 70/1 | D94: 2SDA+3 | E94: 290
A95: 91 | C95: 70/2 | D95: 2SDA+3 | E95: 338
A96: 92 | C96: 70/3 | D96: 2SDA+9 | E96: 344
A97: 93 | B97: AP-71 | C97: 71/0 | D97: 2SDD+0 | E97: 303.12
A98: 94 | B98: AP-71 A | C98: 71A/0 | D98: GANTRY 220KV | E98: 90.48
A99: 95 | B99: AP - 71 B | C99: 71B/0 | D99: GANTRY 220KV | E99: 71.96
A100: 96 | B100: AP 71C | C100: 71C/0 | D100: 2SDD+6 | E100: 124.51
A101: 97 | B101: AP-72 | C101: 72/0 | D101: 2TDD+18 | E101: 92.34
A102: 98 | B102: AP-73 | C102: 73/0 | D102: 2SDD+9 | E102: 244.97
...

Sheet CS-220kV TM 
A1: NAME OF LINE : 220kV Chhapra(New) Amnour DCDS with Twin Moose Conductor
A2: Name of Client : BIHAR STATE POWER TRANSMISSION COMPANY LIMITED (BSPTCL) | AK2: W.O.TB 412
A3: Executing Agency : M/S KEC INTERNATIONAL LIMITED | AK3: DATE :09.09.2025
A4: NIT No. : 23/PR/BSPTCL/2023 | AK4: REV-00
A5: NOA No. : 18(Supply), 19(Service) Dated. 27.12.2023
A6: Check Survey Report (AP 5 to AP 15) 5.539KM
A7: AS PER DETAILS SURVEY | H7: AS PER CHECK SURVEY
A8: Sl.No | B8: AP NO. | C8: TOWER NO. | D8: TYPE OF TOWER | E8: RAISED CHIMNEY | F8: SPAN (Mtr) | G8: CUMULATIVE SPAN | H8: AP NO. | I8: TOWER NO. | J8: TYPE OF TOWER | K8: HT of Tower (Mtr) | L8: SPAN (Mtr) | M8: CUMULATIVE SPAN | N8: SECTION LENGTH | O8: LEG EXTENSION | S8: RAISED CHIMNEY | T8: BENCHING VOLUME (Cum) | U8: REVETMENT VOLUME (Cum) | V8: R.L (Mtr) | W8: DEVIATION ANGLE (Deg) | X8: Sum of Adjacent Spans | Y8: WIND SPAN (Mtr) | Z8: WEIGHT SPAN IN Mtr (Cold) | AC8: WEIGHT SPAN IN Mtr (Hot) | AF8: LONGITUDE (E) | AG8: LATITUDE (N) | AH8: UTM Coordinates (Zone-45R) | AJ8: CROSSING DETAILS & REMARKS | AK8: NAME OF VILLAGE | AL8: NAME OF TEHSIL | AM8: NAME OF POLICE STATION
O9: A | P9: B | Q9: C | Z9: Left | AA9: Right | AB9: Total | AC9: Left | AD9: Right | AE9: Total | AH9: Easting (m) | AI9: Northing (m)
A10: 1 | B10: AP 5 | C10: 5/0 | D10: 2TDC+0 | G10: 0 | H10: AP 5 | I10: 5/0 | J10: 2TDC+0 | K10: 38.33 | M10: 0 | N10: 0 | V10: 55.383 | W10: 16° 36' 15"LT TENTATIVE | X10: 592.312 | Y10: 296.156 | Z10: 135 | AA10: 161 | AB10: 296 | AC10: 137 | AD10: 160 | AE10: 297 | AF10: 84d53'57.126"E | AG10: 25d52'56.338"N | AH10: 289518.57 | AI10: 2864336.1 | AK10: KASTA
F11: 314.773 | L11: 314.773 | AJ11: Cart track
A12: 2 | B12: AP 6 | C12: 6/0 | D12: 2TDC+0 | G12: =G10+F11 -> 314.773 | H12: AP 6 | I12: 6/0 | J12: 2TDC+0 | K12: 38.33 | M12: =M10+L11 -> 314.773 | N12: =SUM(L10:L11) -> 314.773 | V12: 54.869 | W12: 24° 37' 47"RT | X12: 567.773 | Y12: 283.8865 | Z12: 154 | AA12: 97 | AB12: 251 | AC12: 155 | AD12: 109 | AE12: 264 | AF12: 84d53'46.659"E | AG12: 25d52'52.472"N | AH12: 289225.29 | AI12: 2864221.8 | AK12: KASTA
F13: 253 | L13: 253 | AJ13: LT line
A14: 3 | C14: 6/1 | D14: 2TDA+3 | G14: =G12+F13 -> 567.773 | I14: 6/1 | J14: 2TDA+3 | K14: 40.53 | M14: =M12+L13 -> 567.773 | V14: 55.082 | X14: 583.8 | Y14: 291.9 | Z14: 156 | AA14: 184 | AB14: 340 | AC14: 145 | AD14: 177 | AE14: 322 | AF14: 84d53'37.581"E | AG14: 25d52'52.818"N | AH14: 288972.72 | AI14: 2864236.5 | AK14: KASTA
F15: 330.8 | L15: 330.8 | AJ15: Cart track, LT line, Dabra river
A16: 4 | B16: AP 7 | C16: 7/0 | D16: 2TDD+0 | G16: =G14+F15 -> 898.573 | H16: AP 7 | I16: 7/0 | J16: 2TDD+0 | K16: 38.33 | M16: =M14+L15 -> 898.573 | N16: =SUM(L12:L15) -> 583.8 | V16: 55.472 | W16: 32° 58' 11"RT | X16: 548.8 | Y16: 274.4 | Z16: 147 | AA16: 95 | AB16: 242 | AC16: 154 | AD16: 102 | AE16: 257 | AF16: 84d53'25.71"E | AG16: 25d52'53.271"N | AH16: 288642.48 | AI16: 2864255.8 | AK16: MADARPUR
F17: 218 | L17: 218
A18: 5 | C18: 7/1 | D18: 2TDA+0 | G18: =G16+F17 -> 1116.573 | I18: 7/1 | J18: 2TDA+0 | K18: 37.53 | M18: =M16+L17 -> 1116.573 | V18: 56.622 | X18: 438.351 | Y18: 219.1755 | Z18: 123 | AA18: 120 | AB18: 243 | AC18: 116 | AD18: 115 | AE18: 231 | AF18: 84d53'19.327"E | AG18: 25d52'57.373"N | AH18: 288466.8 | AI18: 2864384.9 | AK18: GOSI CHHAPRA
F19: 220.351 | L19: 220.351
A20: 6 | B20: AP 8 | C20: 8/0 | D20: 2TDC+0 | G20: =G18+F19 -> 1336.924 | H20: AP 8 | I20: 8/0 | J20: 2TDC+0 | K20: 38.33 | M20: =M18+L19 -> 1336.924 | N20: =SUM(L16:L19) -> 438.351 | V20: 55.876 | W20: 23° 15' 49"LT | X20: 410.351 | Y20: 205.1755 | Z20: 101 | AA20: 55 | AB20: 156 | AC20: 106 | AD20: 72 | AE20: 178 | AF20: 84d53'12.874"E | AG20: 25d53'1.518"N | AH20: 288289.22 | AI20: 2864515.3 | AK20: GOSI CHHAPRA
F21: 190 | L21: 190
A22: 7 | C22: 8/1 | D22: 2TDA+3 | G22: =G20+F21 -> 1526.924 | I22: 8/1 | J22: 2TDA+3 | K22: 40.53 | M22: =M20+L21 -> 1526.924 | V22: 56.057 | X22: 450 | Y22: 225 | Z22: 135 | AA22: 100 | AB22: 235 | AC22: 118 | AD22: 113 | AE22: 231 | AF22: 84d53'6.202"E | AG22: 25d53'2.814"N | AH22: 288104.12 | AI22: 2864558.2 | AJ22: (+3m Extension used to maintain minimum weight span of 200m limit as per Tower spotting Data) | AK22: GOSI CHHAPRA
F23: 260 | L23: 260 | AJ23: Cart track
A24: 8 | C24: 8/2 | D24: 2TDA+6 | G24: =G22+F23 -> 1786.924 | I24: 8/2 | J24: 2TDA+6 | K24: 43.53 | M24: =M22+L23 -> 1786.924 | V24: 56.426 | X24: 583.052 | Y24: 291.526 | Z24: 160 | AA24: 170 | AB24: 330 | AC24: 148 | AD24: 167 | AE24: 314 | AF24: 84d52'57.072"E | AG24: 25d53'4.587"N | AH24: 287850.83 | AI24: 2864616.9 | AK24: MADARPUR
F25: 323.052 | L25: 323.052 | AJ25: Dabra river, Tar road, Bridge
A26: 9 | B26: AP 9 | C26: 9/0 | D26: 2TDC+6 | G26: =G24+F25 -> 2109.976 | H26: AP 9 | I26: 9/0 | J26: 2TDC+6 | K26: 44.33 | M26: =M24+L25 -> 2109.976 | N26: =SUM(L20:L25) -> 773.052 | V26: 55.334 | W26: 28° 36' 34"RT | X26: 569.075 | Y26: 284.5375 | Z26: 153 | AA26: 189 | AB26: 342 | AC26: 157 | AD26: 159 | AE26: 316 | AF26: 84d52'45.727"E | AG26: 25d53'6.79"N | AH26: 287536.11 | AI26: 2864689.8 | AK26: MADARPUR
F27: 246.023 | L27: 246.023 | AJ27: 11kV line
A28: 10 | B28: AP 10 | C28: 10/0 | D28: 2TDD+0 | G28: =G26+F27 -> 2355.999 | H28: AP 10 | I28: 10/0 | J28: 2TDD+0 | K28: 38.33 | M28: =M26+L27 -> 2355.999 | N28: =SUM(L26:L27) -> 246.023 | V28: 54.551 | W28: 32° 7' 44"RT | X28: 501.023 | Y28: 250.5115 | Z28: 57 | AA28: 102 | AB28: 159 | AC28: 88 | AD28: 114 | AE28: 202 | AF28: 84d52'39.03"E | AG28: 25d53'12.006"N | AH28: 287352.28 | AI28: 2864853.3 | AK28: GAWANDRI
F29: 255 | L29: 255 | AJ29: Dabra river
A30: 11 | C30: 10/1 | D30: 2TDA+3 | G30: =G28+F29 -> 2610.999 | I30: 10/1 | J30: 2TDA+3 | K30: 40.53 | M30: =M28+L29 -> 2610.999 | V30: 54.201 | X30: 407 | Y30: 203.5 | Z30: 153 | AA30: 70 | AB30: 223 | AC30: 142 | AD30: 73 | AE30: 215 | AF30: 84d52'36.33"E | AG30: 25d53'19.922"N | AH30: 287281.06 | AI30: 2865098.1 | AJ30: (+3m Extension used to maintain minimum weight span of 200m limit as per Tower spotting Data) | AK30: MALAHI
F31: 152 | L31: 152 | AJ31: Cart track, 11kV line
A32: 12 | C32: 10/2 | D32: 2TDA+3 | G32: =G30+F31 -> 2762.999 | I32: 10/2 | J32: 2TDA+3 | K32: 40.53 | M32: =M30+L31 -> 2762.999 | V32: 54.569 | X32: 446.498 | Y32: 223.249 | Z32: 82 | AA32: 172 | AB32: 253 | AC32: 79 | AD32: 161 | AE32: 240 | AF32: 84d52'34.72"E | AG32: 25d53'24.641"N | AH32: 287238.6 | AI32: 2865244.1 | AJ32: (+3m Extension used to maintain minimum weight span of 200m limit as per Tower spotting Data) | AK32: MALAHI
F33: 294.498 | L33: 294.498 | AJ33: 11kV line, Dabra river
A34: 13 | B34: AP 11 | C34: 11/0 | D34: 2TDC+0 | G34: =G32+F33 -> 3057.497 | H34: AP 11 | I34: 11/0 | J34: 2TDC+0 | K34: 38.33 | M34: =M32+L33 -> 3057.497 | N34: =SUM(L28:L33) -> 701.498 | V34: 54.659 | W34: 22° 19' 24"RT | X34: 563.498 | Y34: 281.749 | Z34: 123 | AA34: 110 | AB34: 233 | AC34: 134 | AD34: 120 | AE34: 254 | AF34: 84d52'31.602"E | AG34: 25d53'33.784"N | AH34: 287156.34 | AI34: 2865526.9 | AK34: HAKMA
F35: 269 | L35: 269 | AJ35: LT line
A36: 14 | C36: 11/1 | D36: 2TDA+3 | G36: =G34+F35 -> 3326.497 | I36: 11/1 | J36: 2TDA+3 | K36: 40.53 | M36: =M34+L35 -> 3326.497 | V36: 54.458 | X36: 602 | Y36: 301 | Z36: 159 | AA36: 168 | AB36: 327 | AC36: 149 | AD36: 168 | AE36: 317 | AF36: 84d52'32.473"E | AG36: 25d53'42.488"N | AH36: 287184.95 | AI36: 2865794.3 | AK36: HAKMA
F37: 333 | L37: 333 | AJ37: Cart track
A38: 15 | C38: 11/2 | D38: 2TDA+3 | G38: =G36+F37 -> 3659.497 | I38: 11/2 | J38: 2TDA+3 | K38: 40.53 | M38: =M36+L37 -> 3659.497 | V38: 54.264 | X38: 590 | Y38: 295 | Z38: 165 | AA38: 147 | AB38: 312 | AC38: 166 | AD38: 140 | AE38: 306 | AF38: 84d52'33.552"E | AG38: 25d53'53.263"N | AH38: 287220.35 | AI38: 2866125.5 | AK38: HAKMA
F39: 257 | L39: 257 | AJ39: Trar road, LT line
A40: 16 | C40: 11/3 | D40: 2TDA+0 | G40: =G38+F39 -> 3916.497 | I40: 11/3 | J40: 2TDA+0 | K40: 37.53 | M40: =M38+L39 -> 3916.497 | V40: 55.203 | X40: 554 | Y40: 277 | Z40: 110 | AA40: 153 | AB40: 263 | AC40: 118 | AD40: 151 | AE40: 269 | AF40: 84d52'34.385"E | AG40: 25d54'1.579"N | AH40: 287247.68 | AI40: 2866381 | AK40: SHIKARPUR
F41: 297 | L41: 297
A42: 17 | C42: 11/4 | D42: 2TDA+0 | G42: =G40+F41 -> 4213.497 | I42: 11/4 | J42: 2TDA+0 | K42: 37.53 | M42: =M40+L41 -> 4213.497 | V42: 54.618 | X42: 588.09 | Y42: 294.045 | Z42: 144 | AA42: 144 | AB42: 288 | AC42: 146 | AD42: 145 | AE42: 291 | AF42: 84d52'35.348"E | AG42: 25d54'11.189"N | AH42: 287279.26 | AI42: 2866676.3 | AK42: SHIKARPUR
F43: 291.09 | L43: 291.09 | AJ43: Cart track
A44: 18 | B44: AP 12 | C44: 12/0 | D44: 2TDD+0 | G44: =G42+F43 -> 4504.587 | H44: AP 12 | I44: 12/0 | J44: 2TDD+0 | K44: 38.33 | M44: =M42+L43 -> 4504.587 | N44: =SUM(L34:L43) -> 1447.09 | V44: 54.903 | W44: 31° 35' 34"LT | X44: 526.09 | Y44: 263.045 | Z44: 147 | AA44: 59 | AB44: 206 | AC44: 147 | AD44: 81 | AE44: 227 | AF44: 84d52'36.291"E | AG44: 25d54'20.608"N | AH44: 287310.21 | AI44: 2866965.8 | AK44: TARWAR
F45: 235 | L45: 235 | AJ45: Cart track, 33kV line
A46: 19 | C46: 12/1 | D46: 2TDA+6 | G46: =G44+F45 -> 4739.587 | I46: 12/1 | J46: 2TDA+6 | K46: 43.53 | M46: =M44+L45 -> 4739.587 | V46: 54.987 | X46: 593.489 | Y46: 296.7445 | Z46: 176 | AA46: 108 | AB46: 284 | AC46: 155 | AD46: 135 | AE46: 289 | AF46: 84d52'32.535"E | AG46: 25d54'27.446"N | AH46: 287209.08 | AI46: 2867177.9 | AK46: TARWAR
F47: 358.489 | L47: 358.489 | AJ47: 33kV line, Tar road, 11kV line, Nala
A48: 20 | B48: AP 13 | C48: 13/0 | D48: 2TDD+18 | G48: =G46+F47 -> 5098.076 | H48: AP 13 | I48: 13/0 | J48: 2TDD+18 | K48: 56.33 | M48: =M46+L47 -> 5098.076 | N48: =SUM(L44:L47) -> 593.489 | V48: 54.601 | W48: 1° 10' 58"RT | X48: 590.175 | Y48: 295.0875 | Z48: 251 | AA48: 38 | AB48: 289 | AC48: 225 | AD48: 76 | AE48: 302 | AF48: 84d52'26.805"E | AG48: 25d54'37.877"N | AH48: 287054.81 | AI48: 2867501.5 | AK48: TARWAR
F49: 231.686 | L49: 231.686 | AJ49: 220kV D/C OHTL BGCL HJP-CHP
A50: 21 | B50: AP 14 | C50: 14/0 | D50: 2TDD+25 | G50: =G48+F49 -> 5329.762 | H50: AP 14 | I50: 14/0 | J50: 2TDD+25 | K50: 63.33 | M50: =M48+L49 -> 5329.762 | N50: =SUM(L48:L49) -> 231.686 | V50: 54.97 | W50: 31° 48' 49"LT | X50: 441.115 | Y50: 220.5575 | Z50: 194 | AA50: 273 | AB50: 467 | AC50: 156 | AD50: 184 | AE50: 340 | AF50: 84d52'23.257"E | AG50: 25d54'44.686"N | AH50: 286959.45 | AI50: 2867712.6 | AK50: TARWAR
F51: 209.429 | L51: 209.429 | AJ51: 220kV D/C OHTL BSPTCL ANR-MZP
A52: 22 | B52: AP 15 | C52: 15/0 | D52: 2TDD+9 | E52: 2 | G52: =G50+F51 -> 5539.191 | H52: AP 15 | I52: 15/0 | J52: 2TDD+9 | K52: 47.33 | M52: =M50+L51 -> 5539.191 | N52: =SUM(L50:L51) -> 209.429 | S52: 2 | V52: 55.049 | W52: 59° 5' 38"LT TENTATIVE | X52: 313.981 | Y52: 156.9905 | Z52: -63 | AA52: 150 | AB52: 86 | AC52: 26 | AD52: 94 | AE52: 120 | AF52: 84d52'16.943"E | AG52: 25d54'48.387"N | AH52: 286785.58 | AI52: 2867829.4 | AJ52: RC = 2m | AK52: TARWAR
H53: Total length = | L53: =SUM(L10:L52)/1000 -> 5.539191 | M53: Km
A54: For KEC International Ltd | W54: BIHAR STATE POWER TRANSMISSION COMPANY LIMITED, PATNA (WHOLLY OWNED SUBSIDIARY OF POWERGRID)
A55: Surveyed By | F55: Checked By | K55: Submitted By | W55: Checked By | AB55: Recommended By | AI55: Approved By
K58: Structure Summary
K60: 2TDA+0 | L60: = | M60: =COUNTIF($J$10:$J$1239,K60) -> 3
K61: 2TDA+3 | L61: = | M61: =COUNTIF($J$10:$J$1239,K61) -> 6
K62: 2TDA+6 | L62: = | M62: =COUNTIF($J$10:$J$1239,K62) -> 2
K63: 2TDA+9 | L63: = | M63: =COUNTIF($J$10:$J$1239,K63) -> 0
K64: 2TDB+0 | L64: = | M64: =COUNTIF($J$10:$J$1239,K64) -> 0
K65: 2TDB+3 | L65: = | M65: =COUNTIF($J$10:$J$1239,K65) -> 0
K66: 2TDB+6 | L66: = | M66: =COUNTIF($J$10:$J$1239,K66) -> 0
K67: 2TDB+9 | L67: = | M67: =COUNTIF($J$10:$J$1239,K67) -> 0
K68: 2TDC+0 | L68: = | M68: =COUNTIF($J$10:$J$1239,K68) -> 4
K69: 2TDC+3 | L69: = | M69: =COUNTIF($J$10:$J$1239,K69) -> 0
K70: 2TDC+6 | L70: = | M70: =COUNTIF($J$10:$J$1239,K70) -> 1
K71: 2TDC+9 | L71: = | M71: =COUNTIF($J$10:$J$1239,K71) -> 0
... K77: 2TDD+9 | L77: = | M77: =COUNTIF($J$10:$J$1239,K77) -> 1
K78: Total | L78: = | M78: =SUM(M60:M77) -> 22

Sheet DS-220 KV TM
A1: NAME OF LINE : 220kV Chhapra(New) Amnour DCDS with Twin Moose Conductor
A2: Name of Client : BIHAR STATE POWER TRANSMISSION COMPANY LIMITED (BSPTCL) | AI2: W.O.TB 412
A3: Executing Agency : M/S KEC INTERNATIONAL LIMITED | AI3: DATE :21.08.2025
A4: NIT No. : 23/PR/BSPTCL/2023 | AI4: REV-00
A5: NOA No. : 18(Supply), 19(Service) Dated. 27.12.2023
A6: Details Survey Report (AP 1 to AP 18) 6.475KM
A8: Sl.No | B8: AP NO. | C8: TOWER NO. | D8: TYPE OF TOWER | E8: Survey Clearance for FDN | F8: HT of Tower (Mtr) | G8: SPAN (Mtr) | H8: CUMULATIVE SPAN | I8: SECTION LENGTH | J8: LEG EXTENSION | N8: RAISED CHIMNEY | O8: BENCHING VOLUME (Cum) | P8: REVETMENT VOLUME (Cum) | Q8: R.L (Mtr) | R8: DEVIATION ANGLE (Deg) | S8: Sum of Adjacent Spans | T8: WIND SPAN (Mtr) | U8: WEIGHT SPAN IN Mtr (Cold) | X8: WEIGHT SPAN IN Mtr (Hot) | AA8: LONGITUDE (E) | AB8: LATITUDE (N) | AC8: UTM Coordinates | AE8: CROSSING DETAILS | AF8: NAME OF VILLAGE | AG8: NAME OF TEHSIL | AH8: NAME OF POLICE STATION | AI8: REMARKS
J9: A | K9: B | L9: C | U9: Left | V9: Right | W9: Total | X9: Left | Y9: Right | Z9: Total | AC9: Easting (m) | AD9: Northing (m)
A10: 1 | B10: AP 1 | C10: 1/0 | D10: 2TDD+0 | E10: Hold | F10: 38.33 | H10: 0 | Q10: 55.382 | R10: 4° 59' 40"RT | S10: 112.78 | T10: 56.39 | U10: 0 | V10: 67 | W10: 67 | X10: 0 | Y10: 59 | Z10: 59 | AA10: 84d54'15.934"E | AB10: 25d53'5.602"N | AC10: 290046.73 | AD10: 2864612.9
G11: 112.78 | AE11: Substation boundary, Nala
A12: 2 | B12: AP 2 | C12: 2/0 | D12: 2TDC+0 | E12: Hold | F12: 38.33 | H12: 112.78 | I12: =SUM(G10:G11) -> 112.78 | Q12: 54.985 | R12: 29° 43' 51"RT | S12: 225.954 | T12: 112.977 | U12: 46 | V12: 40 | W12: 87 | X12: 53 | Y12: 52 | Z12: 105 | AA12: 84d54'15.225"E | AB12: 25d53'1.994"N | AC12: 290025.22 | AD12: 2864502.1
G13: 113.174 | AE13: Cart track
A14: 3 | B14: AP 3 | C14: 3/0 | D14: 2TDC+0 | E14: Hold | F14: 38.33 | H14: 225.954 | I14: =SUM(G12:G13) -> 113.174 | Q14: 55.617 | R14: 29° 2' 31"RT | S14: 279.632 | T14: 139.816 | U14: 73 | V14: 80 | W14: 153 | X14: 61 | Y14: 82 | Z14: 143 | AA14: 84d54'12.623"E | AB14: 25d52'59.17"N | AC14: 289951.37 | AD14: 2864416.4
G15: 166.458 | AE15: Tar road, Nala, 11kV line
A16: 4 | B16: AP 4 | C16: 4/0 | D16: 2TDC+0 | E16: Hold | F16: 38.33 | H16: 392.412 | I16: =SUM(G14:G15) -> 166.458 | N16: 2 | Q16: 53.831 | R16: 15° 32' 23"RT | S16: 443.997 | T16: 221.9985 | U16: 87 | V16: 143 | W16: 229 | X16: 85 | Y16: 141 | Z16: 226 | AA16: 84d54'7.047"E | AB16: 25d52'57.219"N | AC16: 289795.18 | AD16: 2864358.8 | AI16: RC = 2m
G17: 277.539 | AE17: Dabra river
A18: 5 | B18: AP 5 | C18: 5/0 | D18: 2TDC+0 | E18: Hold | F18: 38.33 | H18: 669.951 | I18: =SUM(G16:G17) -> 277.539 | Q18: 55.383 | R18: 16° 36' 15"LT | S18: 592.312 | T18: 296.156 | U18: 135 | V18: 161 | W18: 296 | X18: 137 | Y18: 160 | Z18: 297 | AA18: 84d53'57.126"E | AB18: 25d52'56.338"N | AC18: 289518.57 | AD18: 2864336.1
G19: 314.773 | AE19: Cart track
A20: 6 | B20: AP 6 | C20: 6/0 | D20: 2TDC+0 | E20: Hold | F20: 38.33 | H20: 984.724 | I20: =SUM(G18:G19) -> 314.773 | Q20: 54.869 | R20: 24° 37' 47"RT | S20: 567.773 | T20: 283.8865 | U20: 154 | V20: 97 | W20: 251 | X20: 155 | Y20: 109 | Z20: 264 | AA20: 84d53'46.659"E | AB20: 25d52'52.472"N | AC20: 289225.29 | AD20: 2864221.8
G21: 253 | AE21: LT line
A22: 7 | C22: 6/1 | D22: 2TDA+3 | E22: OK | F22: 40.53 | H22: 1237.724 | Q22: 55.082 | S22: 583.8 | T22: 291.9 | U22: 156 | V22: 184 | W22: 340 | X22: 145 | Y22: 177 | Z22: 322 | AA22: 84d53'37.581"E | AB22: 25d52'52.818"N | AC22: 288972.72 | AD22: 2864236.5
G23: 330.8 | AE23: Cart track, LT line, Dabra river
A24: 8 | B24: AP 7 | C24: 7/0 | D24: 2TDD+0 | E24: OK | F24: 38.33 | H24: 1568.524 | I24: =SUM(G20:G23) -> 583.8 | Q24: 55.472 | R24: 32° 58' 11"RT | S24: 548.8 | T24: 274.4 | U24: 147 | V24: 95 | W24: 242 | X24: 154 | Y24: 102 | Z24: 257 | AA24: 84d53'25.71"E | AB24: 25d52'53.271"N | AC24: 288642.48 | AD24: 2864255.8
G25: 218
A26: 9 | C26: 7/1 | D26: 2TDA+0 | E26: OK | F26: 37.53 | H26: 1786.524 | Q26: 56.622 | S26: 438.351 | T26: 219.1755 | U26: 123 | V26: 120 | W26: 243 | X26: 116 | Y26: 115 | Z26: 231 | AA26: 84d53'19.327"E | AB26: 25d52'57.373"N | AC26: 288466.8 | AD26: 2864384.9
G27: 220.351
A28: 10 | B28: AP 8 | C28: 8/0 | D28: 2TDC+0 | E28: OK | F28: 38.33 | H28: 2006.875 | I28: =SUM(G24:G27) -> 438.351 | Q28: 55.876 | R28: 23° 15' 49"LT | S28: 410.351 | T28: 205.1755 | U28: 101 | V28: 55 | W28: 156 | X28: 106 | Y28: 72 | Z28: 178 | AA28: 84d53'12.874"E | AB28: 25d53'1.518"N | AC28: 288289.22 | AD28: 2864515.3
G29: 190
A30: 11 | C30: 8/1 | D30: 2TDA+3 | E30: OK | F30: 40.53 | H30: 2196.875 | Q30: 56.057 | S30: 450 | T30: 225 | U30: 135 | V30: 100 | W30: 235 | X30: 118 | Y30: 113 | Z30: 231 | AA30: 84d53'6.202"E | AB30: 25d53'2.814"N | AC30: 288104.12 | AD30: 2864558.2 | AI30: (+3m Extension used to maintain minimum weight span of 200m limit as per Tower spotting Data)
G31: 260 | AE31: Cart track
A32: 12 | C32: 8/2 | D32: 2TDA+6 | E32: Hold | F32: 43.53 | H32: 2456.875 | Q32: 56.426 | S32: 583.052 | T32: 291.526 | U32: 160 | V32: 170 | W32: 330 | X32: 148 | Y32: 167 | Z32: 314 | AA32: 84d52'57.072"E | AB32: 25d53'4.587"N | AC32: 287850.83 | AD32: 2864616.9
G33: 323.052 | AE33: Dabra river, Tar road, Bridge
A34: 13 | B34: AP 9 | C34: 9/0 | D34: 2TDC+6 | E34: Hold | F34: 44.33 | H34: 2779.927 | I34: =SUM(G28:G33) -> 773.052 | Q34: 55.334 | R34: 28° 36' 34"RT | S34: 569.075 | T34: 284.5375 | U34: 153 | V34: 189 | W34: 342 | X34: 157 | Y34: 159 | Z34: 316 | AA34: 84d52'45.727"E | AB34: 25d53'6.79"N | AC34: 287536.11 | AD34: 2864689.8
G35: 246.023 | AE35: 11kV line
A36: 14 | B36: AP 10 | C36: 10/0 | D36: 2TDD+0 | E36: Hold | F36: 38.33 | H36: 3025.95 | I36: =SUM(G34:G35) -> 246.023 | Q36: 54.551 | R36: 32° 7' 44"RT | S36: 501.023 | T36: 250.5115 | U36: 57 | V36: 102 | W36: 159 | X36: 88 | Y36: 114 | Z36: 202 | AA36: 84d52'39.03"E | AB36: 25d53'12.006"N | AC36: 287352.28 | AD36: 2864853.3
G37: 255 | AE37: Dabra river
A38: 15 | C38: 10/1 | D38: 2TDA+3 | E38: OK | F38: 40.53 | H38: 3280.95 | Q38: 54.201 | S38: 407 | T38: 203.5 | U38: 153 | V38: 70 | W38: 223 | X38: 142 | Y38: 73 | Z38: 215 | AA38: 84d52'36.33"E | AB38: 25d53'19.922"N | AC38: 287281.06 | AD38: 2865098.1 | AI38: (+3m Extension used to maintain minimum weight span of 200m limit as per Tower spotting Data)
G39: 152 | AE39: Cart track, 11kV line
A40: 16 | C40: 10/2 | D40: 2TDA+3 | E40: OK | F40: 40.53 | H40: 3432.95 | Q40: 54.569 | S40: 446.498 | T40: 223.249 | U40: 82 | V40: 172 | W40: 253 | X40: 79 | Y40: 161 | Z40: 240 | AA40: 84d52'34.72"E | AB40: 25d53'24.641"N | AC40: 287238.6 | AD40: 2865244.1 | AI40: (+3m Extension used to maintain minimum weight span of 200m limit as per Tower spotting Data)
G41: 294.498 | AE41: 11kV line, Dabra river
A42: 17 | B42: AP 11 | C42: 11/0 | D42: 2TDC+0 | E42: OK | F42: 38.33 | H42: 3727.448 | I42: =SUM(G36:G41) -> 701.498 | Q42: 54.659 | R42: 22° 19' 24"RT | S42: 563.498 | T42: 281.749 | U42: 123 | V42: 110 | W42: 233 | X42: 134 | Y42: 120 | Z42: 254 | AA42: 84d52'31.602"E | AB42: 25d53'33.784"N | AC42: 287156.34 | AD42: 2865526.9
G43: 269 | AE43: LT line
A44: 18 | C44: 11/1 | D44: 2TDA+3 | E44: OK | F44: 40.53 | H44: 3996.448 | Q44: 54.458 | S44: 602 | T44: 301 | U44: 159 | V44: 168 | W44: 327 | X44: 149 | Y44: 168 | Z44: 317 | AA44: 84d52'32.473"E | AB44: 25d53'42.488"N | AC44: 287184.95 | AD44: 2865794.3
G45: 333 | AE45: Cart track
A46: 19 | C46: 11/2 | D46: 2TDA+3 | E46: OK | F46: 40.53 | H46: 4329.448 | Q46: 54.264 | S46: 590 | T46: 295 | U46: 165 | V46: 147 | W46: 312 | X46: 166 | Y46: 140 | Z46: 306 | AA46: 84d52'33.552"E | AB46: 25d53'53.263"N | AC46: 287220.35 | AD46: 2866125.5
G47: 257 | AE47: Trar road, LT line
A48: 20 | C48: 11/3 | D48: 2TDA+0 | E48: OK | F48: 37.53 | H48: 4586.448 | Q48: 55.203 | S48: 554 | T48: 277 | U48: 110 | V48: 153 | W48: 263 | X48: 118 | Y48: 151 | Z48: 269 | AA48: 84d52'34.385"E | AB48: 25d54'1.579"N | AC48: 287247.68 | AD48: 2866381
G49: 297
A50: 21 | C50: 11/4 | D50: 2TDA+0 | E50: OK | F50: 37.53 | H50: 4883.448 | Q50: 54.618 | S50: 588.09 | T50: 294.045 | U50: 144 | V50: 144 | W50: 288 | X50: 146 | Y50: 145 | Z50: 291 | AA50: 84d52'35.348"E | AB50: 25d54'11.189"N | AC50: 287279.26 | AD50: 2866676.3
G51: 291.09 | AE51: Cart track
A52: 22 | B52: AP 12 | C52: 12/0 | D52: 2TDD+0 | E52: OK | F52: 38.33 | H52: 5174.538 | I52: =SUM(G42:G51) -> 1447.09 | Q52: 54.903 | R52: 31° 35' 34"LT | S52: 526.09 | T52: 263.045 | U52: 147 | V52: 59 | W52: 206 | X52: 147 | Y52: 81 | Z52: 227 | AA52: 84d52'36.291"E | AB52: 25d54'20.608"N | AC52: 287310.21 | AD52: 2866965.8
G53: 235 | AE53: Cart track, 33kV line
A54: 23 | C54: 12/1 | D54: 2TDA+6 | E54: Hold | F54: 43.53 | H54: 5409.538 | Q54: 54.987 | S54: 593.489 | T54: 296.7445 | U54: 176 | V54: 108 | W54: 284 | X54: 155 | Y54: 135 | Z54: 289 | AA54: 84d52'32.535"E | AB54: 25d54'27.446"N | AC54: 287209.08 | AD54: 2867177.9
G55: 358.489 | AE55: 33kV line, Tar road, 11kV line, Nala
A56: 24 | B56: AP 13 | C56: 13/0 | D56: 2TDD+18 | E56: Hold | F56: 56.33 | H56: 5768.027 | I56: =SUM(G52:G55) -> 593.489 | Q56: 54.601 | R56: 1° 10' 58"RT | S56: 590.175 | T56: 295.0875 | U56: 251 | V56: 38 | W56: 289 | X56: 225 | Y56: 76 | Z56: 302 | AA56: 84d52'26.805"E | AB56: 25d54'37.877"N | AC56: 287054.81 | AD56: 2867501.5
G57: 231.686 | AE57: 220kV D/C OHTL BGCL HJP-CHP
A58: 25 | B58: AP 14 | C58: 14/0 | D58: 2TDD+25 | E58: Hold | F58: 63.33 | H58: 5999.713 | I58: =SUM(G56:G57) -> 231.686 | Q58: 54.97 | R58: 31° 48' 49"LT | S58: 441.115 | T58: 220.5575 | U58: 194 | V58: 273 | W58: 467 | X58: 156 | Y58: 184 | Z58: 340 | AA58: 84d52'23.257"E | AB58: 25d54'44.686"N | AC58: 286959.45 | AD58: 2867712.6
G59: 209.429 | AE59: 220kV D/C OHTL BSPTCL ANR-MZP
A60: 26 | B60: AP 15 | C60: 15/0 | D60: 2TDD+9 | E60: Hold | F60: 47.33 | H60: 6209.142 | I60: =SUM(G58:G59) -> 209.429 | N60: 2 | Q60: 55.049 | R60: 59° 5' 38"LT | S60: 313.981 | T60: 156.9905 | U60: -63 | V60: 150 | W60: 86 | X60: 26 | Y60: 94 | Z60: 120 | AA60: 84d52'16.943"E | AB60: 25d54'48.387"N | AC60: 286785.58 | AD60: 2867829.4 | AI60: RC = 2m
G61: 104.552
A62: 27 | B62: AP 16 | C62: 16/0 | D62: 2TDD+3 | E62: Hold | F62: 41.33 | H62: 6313.694 | I62: =SUM(G60:G61) -> 104.552 | Q62: 54.843 | R62: 59° 0' 51"LT | S62: 192.611 | T62: 96.3055 | U62: -45 | V62: 70 | W62: 25 | X62: 11 | Y62: 59 | Z62: 70 | AA62: 84d52'13.571"E | AB62: 25d54'46.89"N | AC62: 286690.99 | AD62: 2867784.8
G63: 88.059
A64: 28 | B64: AP 17 | C64: 17/0 | D64: 2TDD+0 | E64: Hold | F64: 38.33 | H64: 6401.753 | I64: =SUM(G62:G63) -> 88.059 | Q64: 54.436 | R64: 39° 49' 50"RT | S64: 160.947 | T64: 80.4735 | U64: 19 | V64: 4 | W64: 23 | X64: 29 | Y64: 22 | Z64: 51 | AA64: 84d52'13.304"E | AB64: 25d54'44.039"N | AC64: 286682.13 | AD64: 2867697.2
G65: 72.888
A66: 29 | B66: AP 18 | C66: 18/0 | D66: 2TDD+3 | E66: Hold | F66: 41.33 | H66: 6474.641 | I66: =SUM(G64:G65) -> 72.888 | Q66: 54.569 | R66: 54° 21' 38"RT | S66: 72.888 | T66: 36.444 | U66: 69 | V66: 0 | W66: 69 | X66: 52 | Y66: 0 | Z66: 52 | AA66: 84d52'11.463"E | AB66: 25d54'42.355"N | AC66: 286630.05 | AD66: 2867646.2
B67: Total length = | G67: =SUM(G10:G66)/1000 -> 6.474641 | H67: Km
A68: For KEC International Ltd | T68: BIHAR STATE POWER TRANSMISSION COMPANY LIMITED, PATNA (WHOLLY OWNED SUBSIDIARY OF POWERGRID)
A69: Surveyed By | F69: Checked By | J69: Submitted By | K69: Submitted By | L69: Submitted By | M69: Submitted By | N69: Submitted By | T69: Checked By | Y69: Recommended By | AE69: Approved By
F72: Structure Summary
F74: 2TDA+0 | G74: = | H74: =COUNTIF($D$10:$D$1253,F74) -> 3
F75: 2TDA+3 | G75: = | H75: =COUNTIF($D$10:$D$1253,F75) -> 6
F76: 2TDA+6 | G76: = | H76: =COUNTIF($D$10:$D$1253,F76) -> 2
F77: 2TDA+9 | G77: = | H77: =COUNTIF($D$10:$D$1253,F77) -> 0
F78: 2TDB+0 | G78: = | H78: =COUNTIF($D$10:$D$1253,F78) -> 0
F79: 2TDB+3 | G79: = | H79: =COUNTIF($D$10:$D$1253,F79) -> 0
F80: 2TDB+6 | G80: = | H80: =COUNTIF($D$10:$D$1253,F80) -> 0
F81: 2TDB+9 | G81: = | H81: =COUNTIF($D$10:$D$1253,F81) -> 0
F82: 2TDC+0 | G82: = | H82: =COUNTIF($D$10:$D$1253,F82) -> 7
F83: 2TDC+3 | G83: = | H83: =COUNTIF($D$10:$D$1253,F83) -> 0
F84: 2TDC+6 | G84: = | H84: =COUNTIF($D$10:$D$1253,F84) -> 1
F85: 2TDC+9 | G85: = | H85: =COUNTIF($D$10:$D$1253,F85) -> 0
... F91: 2TDD+9 | G91: = | H91: =COUNTIF($D$10:$D$1253,F91) -> 1
F92: Total | G92: = | H92: =SUM(H74:H91) -> 29

Sheet DS 400kV LI
A1: NAME OF LINE : LILO of 400 KV Barh (NTPC) Motihari (DMTCL) D/C (Quad Moose) Transmission Line at Chhapra (New) (Loop In)
A2: Name of Client : BIHAR STATE POWER TRANSMISSION COMPANY LIMITED (BSPTCL)
A3: Executing Agency : M/S KEC INTERNATIONAL LIMITED | AI3: W.O.TB 412
A4: NIT No. : 23/PR/BSPTCL/2023 | AI4: DT :30.07.2020
A5: NOA No. : 18(Supply), 19(Service) Dated. 27.12.2023 | AI5: REV-00
A6: Details Survey Report (AP 1 to AP 34) 20.778KM
C7: =41.273-20.778 -> 20.495 | AI7: REV-02
A8: Sl.No | B8: AP NO. | C8: TOWER NO. | D8: TYPE OF TOWER | E8: Survey Clearance for FDN | F8: HT of Tower (Mtr) | G8: SPAN (Mtr) | H8: SECTION LENGTH | I8: CUMULATIVE SPAN | J8: LEG EXTENSION | N8: RAISED CHIMNEY | O8: BENCHING VOLUME (Cum) | P8: REVETMENT VOLUME (Cum) | Q8: R.L (Mtr) | R8: DEVIATION ANGLE (Deg) | S8: Sum of Adjacent Spans | T8: WIND SPAN (Mtr) | U8: WEIGHT SPAN IN Mtr (Cold) | X8: WEIGHT SPAN IN Mtr (Hot) | AA8: LONGITUDE (E) | AB8: LATITUDE (N) | AC8: UTM Coordinates | AE8: CROSSING DETAILS | AF8: NAME OF VILLAGE | AG8: NAME OF TEHSIL | AH8: NAME OF POLICE STATION | AI8: REMARKS
J9: A | K9: B | L9: C | U9: Left | V9: Right | W9: Total | X9: Left | Y9: Right | Z9: Total | AC9: Easting (m) | AD9: Northing (m)
A10: 1 | B10: AP 1 | C10: 1/0 | D10: 4DD+0 | E10: Hold | F10: 47.74 | I10: 0 | Q10: 55.909 | R10: 45° 33' 45"RT | S10: =G11 -> 112.764 | T10: 56.382 | U10: 0 | V10: 66 | W10: =U10+V10 -> 66 | X10: 0 | Y10: 61 | Z10: =X10+Y10 -> 61 | AA10: 84d54'16.634"E | AB10: 25d53'19.85"N | AC10: 290073.21 | AD10: 2865051 | AF10: ARNA
G11: 112.764 | AE11: Hut
A12: 2 | B12: AP 2 | C12: 2/0 | D12: 4DD+0 | E12: Hold | F12: 47.74 | H12: =SUM(G11:G12) -> 112.764 | I12: =I10+G11 -> 112.764 | Q12: 55.625 | R12: 35° 58' 12"RT | S12: =(G11+G13) -> 271.423 | T12: =(G11+G13)/2 -> 135.7115 | U12: 52 | V12: 84 | W12: =U12+V12 -> 136 | X12: 57 | Y12: 83 | Z12: =X12+Y12 -> 140 | AA12: 84d54'19.095"E | AB12: 25d53'22.76"N | AC12: 290143.14 | AD12: 2865139.5 | AF12: SANDALPUR
G13: 158.659
A14: 3 | B14: AP 3 | C14: 3/0 | D14: 4DD+0 | E14: Hold | F14: 47.74 | H14: =SUM(G13:G14) -> 158.659 | I14: =I12+G13 -> 271.423 | Q14: 55.476 | R14: 30° 18' 41"RT | S14: =(G13+G15) -> 454.659 | T14: =(G13+G15)/2 -> 227.3295 | U14: 79 | V14: 153 | W14: =U14+V14 -> 232 | X14: 81 | Y14: 152 | Z14: =X14+Y14 -> 233 | AA14: 84d54'24.555"E | AB14: 25d53'24.235"N | AC14: 290295.87 | AD14: 2865182.4 | AF14: SANDALPUR
G15: 296 | AE15: Cart track, Nala, LT line, Hut, Borewell
A16: 4 | C16: 3/1 | D16: 4DA+0 | E16: Hold | F16: 48.16 | I16: =I14+G15 -> 567.423 | Q16: 54.966 | S16: =(G15+G17) -> 628 | T16: =(G15+G17)/2 -> 314 | U16: 146 | V16: 168 | W16: =U16+V16 -> 314 | X16: 147 | Y16: 168 | Z16: =X16+Y16 -> 315 | AA16: 84d54'34.885"E | AB16: 25d53'21.959"N | AC16: 290582.31 | AD16: 2865107.8 | AF16: SANDALPUR
G17: 332
A18: 5 | C18: 3/2 | D18: 4DA+0 | E18: Hold | F18: 48.16 | I18: =I16+G17 -> 899.423 | Q18: 54.7 | S18: =(G17+G19) -> 609 | T18: =(G17+G19)/2 -> 304.5 | U18: 164 | V18: 138 | W18: =U18+V18 -> 302 | X18: 165 | Y18: 138 | Z18: =X18+Y18 -> 303 | AA18: 84d54'46.472"E | AB18: 25d53'19.405"N | AC18: 290903.58 | AD18: 2865024.1 | AF18: SANDALPUR
G19: 277 | AE19: Cart track, Nala, 11kV line
A20: 6 | C20: 3/3 | D20: 4DA+0 | E20: Hold | F20: 48.16 | I20: =I18+G19 -> 1176.423 | Q20: 54.83 | S20: =(G19+G21) -> 617.684 | T20: =(G19+G21)/2 -> 308.842 | U20: 140 | V20: 165 | W20: =U20+V20 -> 305 | X20: 139 | Y20: 167 | Z20: =X20+Y20 -> 306 | AA20: 84d54'56.138"E | AB20: 25d53'17.275"N | AC20: 291171.63 | AD20: 2864954.3 | AF20: MOLNAPUR
G21: 340.684 | AE21: 2No's Pond
A22: 7 | B22: AP 4 | C22: 4/0 | D22: 4DC+0 | E22: Hold | F22: 47.74 | H22: =SUM(G15:G22) -> 1245.684 | I22: =I20+G21 -> 1517.107 | Q22: 55.869 | R22: 18° 12' 5"RT | S22: =(G21+G23) -> 570.525 | T22: =(G21+G23)/2 -> 285.2625 | U22: 178 | V22: 109 | W22: =U22+V22 -> 287 | X22: 176 | Y22: 112 | Z22: =X22+Y22 -> 288 | AA22: 84d55'8.027"E | AB22: 25d53'14.655"N | AC22: 291501.31 | AD22: 2864868.4 | AF22: MOLNAPUR
G23: 229.841 | AE23: NH - 722, 2 No's 11kV lines | AI23: 11kV line to be diverted
A24: 8 | B24: AP 5 | C24: 5/0 | D24: 4DD+0 | E24: Hold | F24: 47.74 | H24: =SUM(G23:G24) -> 229.841 | I24: =I22+G23 -> 1746.948 | Q24: 56.286 | R24: 50° 6' 30"LT | S24: =(G23+G25) -> 506.766 | T24: =(G23+G25)/2 -> 253.383 | U24: 118 | V24: 140 | W24: =U24+V24 -> 258 | X24: 116 | Y24: 140 | Z24: =X24+Y24 -> 256 | AA24: 84d55'15.036"E | AB24: 25d53'10.709"N | AC24: 291694.5 | AD24: 2864743.8 | AF24: GANESHPATTI
G25: 276.925 | AE25: 2No's Cart track, 2No's 11kV lines, Well | AI25: 11kV line to be diverted
A26: 9 | B26: AP 6 | C26: 6/0 | D26: 4DD+0 | E26: Hold | F26: 47.74 | H26: =SUM(G25:G26) -> 276.925 | I26: =I24+G25 -> 2023.873 | Q26: 56.119 | R26: 53° 5' 45"RT | S26: =(G25+G27) -> 633.925 | T26: =(G25+G27)/2 -> 316.9625 | U26: 137 | V26: 168 | W26: =U26+V26 -> 305 | X26: 138 | Y26: 173 | Z26: =X26+Y26 -> 311 | AA26: 84d55'24.485"E | AB26: 25d53'13.521"N | AC26: 291958.89 | AD26: 2864826.2 | AF26: GANESHPATTI
G27: 357 | AE27: 11kV lines, Well
A28: 10 | C28: 6/1 | D28: 4DA+3 | E28: Hold | F28: 51.16 | I28: =I26+G27 -> 2380.873 | Q28: 55.075 | S28: =(G27+G29) -> 600.767 | T28: =(G27+G29)/2 -> 300.3835 | U28: 193 | V28: 150 | W28: =U28+V28 -> 343 | X28: 189 | Y28: 140 | Z28: =X28+Y28 -> 329 | AA28: 84d55'35.003"E | AB28: 25d53'6.887"N | AC28: 292248.47 | AD28: 2864617.4 | AF28: BASAUTI
G29: 243.767 | AE29: Nala
A30: 11 | B30: AP 7 | C30: 7/0 | D30: 4DB+0 | E30: Hold | F30: 47.74 | H30: =SUM(G27:G30) -> 600.767 | I30: =I28+G29 -> 2624.64 | Q30: 54.996 | R30: 8° 59' 29"RT | S30: =(G29+G31) -> 581.767 | T30: =(G29+G31)/2 -> 290.8835 | U30: 94 | V30: 170 | W30: =U30+V30 -> 264 | X30: 104 | Y30: 170 | Z30: =X30+Y30 -> 274 | AA30: 84d55'42.185"E | AB30: 25d53'2.357"N | AC30: 292446.2 | AD30: 2864474.8 | AF30: BASAUTI
G31: 338 | AE31: Cart track, Tar road, Nala, 11kV line,Hand pump
A32: 12 | C32: 7/1 | D32: 4DA+0 | E32: Hold | F32: 48.16 | I32: =I30+G31 -> 2962.64 | Q32: 54.828 | S32: =(G31+G33) -> 647 | T32: =(G31+G33)/2 -> 323.5 | U32: 169 | V32: 156 | W32: =U32+V32 -> 325 | X32: 169 | Y32: 156 | Z32: =X32+Y32 -> 325 | AA32: 84d55'50.936"E | AB32: 25d52'54.745"N | AC32: 292686.1 | AD32: 2864236.7 | AF32: MURLI SIRSIA
G33: 309 | AE33: 3No's LT lines, Cart track
A34: 13 | C34: 7/2 | D34: 4DA+0 | E34: ok | F34: 48.16 | I34: =I32+G33 -> 3271.64 | Q34: 54.601 | S34: =(G33+G35) -> 690.534 | T34: =(G33+G35)/2 -> 345.267 | U34: 153 | V34: 194 | W34: =U34+V34 -> 347 | X34: 154 | Y34: 193 | Z34: =X34+Y34 -> 347 | AA34: 84d55'58.935"E | AB34: 25d52'47.785"N | AC34: 292905.42 | AD34: 2864019.1 | AF34: MURLI SIRSIA
G35: 381.534 | AE35: Tar road, Bargad tree
A36: 14 | B36: AP 8 | C36: 8/0 | D36: 4DB+0 | E36: ok | F36: 47.74 | H36: =SUM(G31:G36) -> 1028.534 | I36: =I34+G35 -> 3653.174 | Q36: 54.119 | R36: 5° 20' 56"LT | S36: =(G35+G37) -> 713.404 | T36: =(G35+G37)/2 -> 356.702 | U36: 188 | V36: 165 | W36: =U36+V36 -> 353 | X36: 189 | Y36: 165 | Z36: =X36+Y36 -> 354 | AA36: 84d56'8.812"E | AB36: 25d52'39.193"N | AC36: 293176.22 | AD36: 2863750.3 | AF36: MURLI SIRSIA
G37: 331.87 | AE37: 2No's 11kV lines, Cart track | AI37: 11kV line to be diverted
A38: 15 | B38: AP 9 | C38: 9/0 | D38: 4DC+0 | E38: ok | F38: 47.74 | H38: =SUM(G37:G38) -> 331.87 | I38: =I36+G37 -> 3985.044 | Q38: 54.134 | R38: 18° 23' 40"LT | S38: =(G37+G39) -> 673.082 | T38: =(G37+G39)/2 -> 336.541 | U38: 165 | V38: 169 | W38: =U38+V38 -> 334 | X38: 165 | Y38: 170 | Z38: =X38+Y38 -> 335 | AA38: 84d56'18.136"E | AB38: 25d52'32.475"N | AC38: 293432.54 | AD38: 2863539.5 | AF38: MURLI SIRSIA
G39: 341.212 | AE39: 11kV line
A40: 16 | B40: AP 10 | C40: 10/0 | D40: 4DB+0 | E40: ok | F40: 47.74 | H40: =SUM(G39:G40) -> 341.212 | I40: =I38+G39 -> 4326.256 | Q40: 54.248 | R40: 2° 36' 19"LT | S40: =(G39+G41) -> 584.707 | T40: =(G39+G41)/2 -> 292.3535 | U40: 171 | V40: 118 | W40: =U40+V40 -> 289 | X40: 171 | Y40: 119 | Z40: =X40+Y40 -> 290 | AA40: 84d56'29.641"E | AB40: 25d52'28.658"N | AC40: 293751 | AD40: 2863417 | AF40: MURLI SIRSIA
G41: 243.495 | AE41: Tar road, LT line
A42: 17 | B42: AP 11 | C42: 11/0 | D42: 4DD+0 | E42: ok | F42: 47.74 | H42: =SUM(G41:G42) -> 243.495 | I42: =I40+G41 -> 4569.751 | Q42: 54.506 | R42: 30° 45' 23"LT | S42: =(G41+G43) -> 559.495 | T42: =(G41+G43)/2 -> 279.7475 | U42: 123 | V42: 157 | W42: =U42+V42 -> 280 | X42: 122 | Y42: 157 | Z42: =X42+Y42 -> 279 | AA42: 84d56'37.98"E | AB42: 25d52'26.274"N | AC42: 293982 | AD42: 2863340 | AF42: JAGARNATHPUR
G43: 316 | AE43: 2No's LT lines, Well
A44: 18 | C44: 11/1 | D44: 4DA+0 | E44: ok | F44: 48.16 | I44: =I42+G43 -> 4885.751 | Q44: 54.523 | S44: =(G43+G45) -> 641 | T44: =(G43+G45)/2 -> 320.5 | U44: 157 | V44: 161 | W44: =U44+V44 -> 318 | X44: 157 | Y44: 162 | Z44: =X44+Y44 -> 319 | AA44: 84d56'49.029"E | AB44: 25d52'28.622"N | AC44: 294290.72 | AD44: 2863407.4 | AF44: JAGARNATHPUR
G45: 325 | AE45: Pond, Tar road
A46: 19 | C46: 11/2 | D46: 4DA+0 | E46: ok | F46: 48.16 | I46: =I44+G45 -> 5210.751 | Q46: 54.695 | S46: =(G45+G47) -> 594 | T46: =(G45+G47)/2 -> 297 | U46: 164 | V46: 136 | W46: =U46+V46 -> 300 | X46: 164 | Y46: 135 | Z46: =X46+Y46 -> 299 | AA46: 84d57'0.392"E | AB46: 25d52'31.036"N | AC46: 294608.23 | AD46: 2863476.8 | AF46: BARKI SIRSIA
G47: 269 | AE47: Cart track, 11kV lie, LT line
A48: 20 | C48: 11/3 | D48: 4DA+0 | E48: ok | F48: 48.16 | I48: =I46+G47 -> 5479.751 | Q48: 54.582 | S48: =(G47+G49) -> 550.828 | T48: =(G47+G49)/2 -> 275.414 | U48: 134 | V48: 116 | W48: =U48+V48 -> 250 | X48: 134 | Y48: 125 | Z48: =X48+Y48 -> 259 | AA48: 84d57'9.797"E | AB48: 25d52'33.034"N | AC48: 294871.04 | AD48: 2863534.2 | AF48: BARKI SIRSIA
G49: 281.828 | AE49: 2No's LT line | AI49: LT line to be diverted
A50: 21 | B50: AP 12 | C50: 12/0 | D50: 4DB+3 | E50: ok | F50: 50.74 | H50: =SUM(G43:G50) -> 1191.828 | I50: =I48+G49 -> 5761.579 | Q50: 54.762 | R50: 7° 1' 5"LT | S50: =(G49+G51) -> 704.828 | T50: =(G49+G51)/2 -> 352.414 | U50: 166 | V50: 177 | W50: =U50+V50 -> 343 | X50: 156 | Y50: 187 | Z50: =X50+Y50 -> 343 | AA50: 84d57'19.651"E | AB50: 25d52'35.127"N | AC50: 295146.38 | AD50: 2863594.3 | AF50: BARKI SIRSIA
G51: 423 | AE51: Cart track, 2No's 11kV lie, LT line, Tar road, Hand pump | AI51: LT line to be diverted
A52: 22 | C52: 12/1 | D52: 4DA+9 | E52: ok | F52: 57.16 | I52: =I50+G51 -> 6184.579 | Q52: 55.779 | S52: =(G51+G53) -> 799.095 | T52: =(G51+G53)/2 -> 399.5475 | U52: 246 | V52: 204 | W52: =U52+V52 -> 450 | X52: 237 | Y52: 199 | Z52: =X52+Y52 -> 436 | AA52: 84d57'33.907"E | AB52: 25d52'39.88"N | AC52: 295545.51 | AD52: 2863734.4 | AF52: BHIMA BANDH
G53: 376.095 | AE53: State highway, 11kV lins, Nala
A54: 23 | B54: AP 13 | C54: 13/0 | D54: 4DD+6 | E54: ok | F54: 53.74 | H54: =SUM(G51:G54) -> 799.095 | I54: =I52+G53 -> 6560.674 | Q54: 55.676 | R54: 53° 3' 22"LT | S54: =(G53+G55) -> 815.171 | T54: =(G53+G55)/2 -> 407.5855 | U54: 169 | V54: 217 | W54: =U54+V54 -> 386 | X54: 174 | Y54: 217 | Z54: =X54+Y54 -> 391 | AA54: 84d57'46.581"E | AB54: 25d52'44.106"N | AC54: 295900.38 | AD54: 2863859 | AF54: PIROZPUR
G55: 439.076 | AE55: LT line, Semal garden, Sagwan garden, 33kV line, Cart track, Nala, Tar road, 11kV line, Mango garden, Foot track | AI55: LT line to be diverted
A56: 24 | B56: AP 14 | C56: 14/0 | D56: 4DC+6 | E56: ok | F56: 53.74 | H56: =SUM(G55:G56) -> 439.076 | I56: =I54+G55 -> 6999.75 | Q56: 55.774 | R56: 28° 21' 50"LT | S56: =(G55+G57) -> 757.065 | T56: =(G55+G57)/2 -> 378.5325 | U56: 218 | V56: 203 | W56: =U56+V56 -> 421 | X56: 218 | Y56: 186 | Z56: =X56+Y56 -> 404 | AA56: 84d57'51.117"E | AB56: 25d52'57.769"N | AC56: 296033.18 | AD56: 2864277.5 | AF56: PACHRUKHI
G57: 317.989 | AE57: Mango garden, Foot track, Tar road
A58: 25 | B58: AP 15 | C58: 15/0 | D58: 4DC+0 | E58: ok | F58: 47.74 | H58: =SUM(G57:G58) -> 317.989 | I58: =I56+G57 -> 7317.739 | Q58: 55.311 | R58: 22° 22' 10"LT | S58: =(G57+G59) -> 667.989 | T58: =(G57+G59)/2 -> 333.9945 | U58: 112 | V58: 166 | W58: =U58+V58 -> 278 | X58: 128 | Y58: 168 | Z58: =X58+Y58 -> 296 | AA58: 84d57'48.811"E | AB58: 25d53'7.888"N | AC58: 295973.81 | AD58: 2864589.9 | AF58: BHIMA BANDH
G59: 350 | AE59: 2No's 11kV lines, LT line, Damage pump house
A60: 26 | C60: 15/1 | D60: 4DA+3 | E60: Hold | F60: 51.16 | I60: =I58+G59 -> 7667.739 | Q60: 53.686 | S60: =(G59+G61) -> 784.141 | T60: =(G59+G61)/2 -> 392.0705 | U60: 183 | V60: 145 | W60: =U60+V60 -> 328 | X60: 181 | Y60: 165 | Z60: =X60+Y60 -> 346 | AA60: 84d57'41.778"E | AB60: 25d53'17.314"N | AC60: 295782.53 | AD60: 2864883 | AF60: LANGARPURA
G61: 434.141 | AE61: 4No's 11kV lines
A62: 27 | B62: AP 16 | C62: 16/0 | D62: 4DD+18 | E62: Hold | F62: 65.74 | H62: =SUM(G59:G62) -> 784.141 | I62: =I60+G61 -> 8101.88 | Q62: 54.27 | R62: 42° 12' 40"RT | S62: =(G61+G63) -> 705.144 | T62: =(G61+G63)/2 -> 352.572 | U62: 293 | V62: 80 | W62: =U62+V62 -> 373 | X62: 273 | Y62: 105 | Z62: =X62+Y62 -> 378 | AA62: 84d57'33.053"E | AB62: 25d53'29.005"N | AC62: 295545.27 | AD62: 2865246.5 | AF62: LANGARPURA
G63: 271.003 | AE63: 220kV D/C OHTL BGCL (HJP- CHP), LT line
A64: 28 | B64: AP 17 | C64: 17/0 | D64: 4DD+25 | E64: Hold | F64: 72.74 | H64: =SUM(G63:G64) -> 271.003 | I64: =I62+G63 -> 8372.883 | Q64: 54.364 | R64: 51° 38' 13"RT | S64: =(G63+G65) -> 461.912 | T64: =(G63+G65)/2 -> 230.956 | U64: 198 | V64: 339 | W64: =U64+V64 -> 537 | X64: 173 | Y64: 206 | Z64: =X64+Y64 -> 379 | AA64: 84d57'34.44"E | AB64: 25d53'37.721"N | AC64: 295588.04 | AD64: 2865514.2 | AF64: LANGARPURA
G65: 190.909 | AE65: 4No's 11kV lines
A66: 29 | B66: AP 18 | C66: 18/0 | D66: 4DC+6 | E66: Hold | F66: 53.74 | H66: =SUM(G65:G66) -> 190.909 | I66: =I64+G65 -> 8563.792 | Q66: 55.085 | R66: 16° 4' 36"RT | S66: =(G65+G67) -> 601.909 | T66: =(G65+G67)/2 -> 300.9545 | U66: -142 | V66: 223 | W66: =U66+V66 -> 81 | X66: -9 | Y66: 219 | Z66: =X66+Y66 -> 210 | AA66: 84d57'40.369"E | AB66: 25d53'40.838"N | AC66: 295754.56 | AD66: 2865607.5 | AF66: LANGARPURA
G67: 411 | AE67: LT line, Cart track
A68: 30 | C68: 18/1 | D68: 4DA+3 | E68: ok | F68: 51.16 | I68: =I66+G67 -> 8974.792 | Q68: 54.845 | S68: =(G67+G69) -> 798 | T68: =(G67+G69)/2 -> 399 | U68: 190 | V68: 176 | W68: =U68+V68 -> 366 | X68: 195 | Y68: 181 | Z68: =X68+Y68 -> 376 | AA68: 84d57'54.688"E | AB68: 25d53'44.09"N | AC68: 296154.7 | AD68: 2865701.4 | AF68: PACHRUKHI
G69: 387 | AE69: 11kV line, LT line, Pond
A70: 31 | C70: 18/2 | D70: 4DA+6 | E70: ok | F70: 54.16 | I70: =I68+G69 -> 9361.792 | Q70: 55.199 | S70: =(G69+G71) -> 764.351 | T70: =(G69+G71)/2 -> 382.1755 | U70: 212 | V70: 207 | W70: =U70+V70 -> 419 | X70: 207 | Y70: 202 | Z70: =X70+Y70 -> 409 | AA70: 84d58'8.172"E | AB70: 25d53'47.151"N | AC70: 296531.47 | AD70: 2865789.8 | AF70: PACHRUKHI
G71: 377.351 | AE71: 2No's 11kV lines, 2No's Tar road
A72: 32 | B72: AP 19 | C72: 19/0 | D72: 4DB+3 | E72: ok | F72: 50.74 | H72: =SUM(G67:G72) -> 1175.351 | I72: =I70+G71 -> 9739.143 | Q72: 55.095 | R72: 12° 30' 39"RT | S72: =(G71+G73) -> 769.351 | T72: =(G71+G73)/2 -> 384.6755 | U72: 172 | V72: 213 | W72: =U72+V72 -> 385 | X72: 177 | Y72: 209 | Z72: =X72+Y72 -> 386 | AA72: 84d58'21.319"E | AB72: 25d53'50.136"N | AC72: 296898.84 | AD72: 2865876 | AF72: PACHRUKHI
G73: 392 | AE73: 11kV line, Cart track, Pump
A74: 33 | C74: 19/1 | D74: 4DA+0 | E74: ok | F74: 48.16 | I74: =I72+G73 -> 10131.143 | Q74: 55.002 | S74: =(G73+G75) -> 705 | T74: =(G73+G75)/2 -> 352.5 | U74: 180 | V74: 158 | W74: =U74+V74 -> 338 | X74: 186 | Y74: 158 | Z74: =X74+Y74 -> 344 | AA74: 84d58'35.396"E | AB74: 25d53'50.487"N | AC74: 297290.81 | AD74: 2865880.7 | AF74: PACHRUKHI
G75: 313 | AE75: LT line
A76: 34 | C76: 19/2 | D76: 4DA+0 | E76: ok | F76: 48.16 | I76: =I74+G75 -> 10444.143 | Q76: 54.82 | S76: =(G75+G77) -> 631 | T76: =(G75+G77)/2 -> 315.5 | U76: 155 | V76: 158 | W76: =U76+V76 -> 313 | X76: 156 | Y76: 158 | Z76: =X76+Y76 -> 314 | AA76: 84d58'46.635"E | AB76: 25d53'50.767"N | AC76: 297603.79 | AD76: 2865884.5 | AF76: BANKERWA BHAW
G77: 318 | AE77: 11kV line
A78: 35 | C78: 19/3 | D78: 4DA+0 | E78: ok | F78: 48.16 | I78: =I76+G77 -> 10762.143 | Q78: 55.017 | S78: =(G77+G79) -> 665 | T78: =(G77+G79)/2 -> 332.5 | U78: 160 | V78: 173 | W78: =U78+V78 -> 333 | X78: 160 | Y78: 173 | Z78: =X78+Y78 -> 333 | AA78: 84d58'58.054"E | AB78: 25d53'51.051"N | AC78: 297921.77 | AD78: 2865888.4 | AF78: BANKERWA BHAW
G79: 347 | AE79: Pond
A80: 36 | C80: 19/4 | D80: 4DA+0 | E80: ok | F80: 48.16 | I80: =I78+G79 -> 11109.143 | Q80: 55.197 | S80: =(G79+G81) -> 734.515 | T80: =(G79+G81)/2 -> 367.2575 | U80: 175 | V80: 195 | W80: =U80+V80 -> 370 | X80: 175 | Y80: 195 | Z80: =X80+Y80 -> 370 | AA80: 84d59'10.515"E | AB80: 25d53'51.36"N | AC80: 298268.74 | AD80: 2865892.6 | AF80: BANKERWA BHAW
G81: 387.515 | AE81: 11kV line
A82: 37 | B82: AP 20 | C82: 20/0 | D82: 4DC+0 | E82: ok | F82: 47.74 | H82: =SUM(G73:G82) -> 1757.515 | I82: =I80+G81 -> 11496.658 | Q82: 54.939 | R82: 16° 3' 32"LT | S82: =(G81+G83) -> 732.515 | T82: =(G81+G83)/2 -> 366.2575 | U82: 192 | V82: 132 | W82: =U82+V82 -> 324 | X82: 193 | Y82: 144 | Z82: =X82+Y82 -> 337 | AA82: 84d59'24.43"E | AB82: 25d53'51.706"N | AC82: 298656.23 | AD82: 2865897.2 | AF82: BAKSANDA
G83: 345 | AE83: 2No's 11kV lines, Tar road
A84: 38 | C84: 20/1 | D84: 4DA+6 | E84: ok | F84: 54.16 | I84: =I82+G83 -> 11841.658 | Q84: 55.437 | S84: =(G83+G85) -> 755.293 | T84: =(G83+G85)/2 -> 377.6465 | U84: 212 | V84: 203 | W84: =U84+V84 -> 415 | X84: 201 | Y84: 204 | Z84: =X84+Y84 -> 405 | AA84: 84d59'36.242"E | AB84: 25d53'55.101"N | AC84: 298986.59 | AD84: 2865996.7 | AF84: BAKSANDA
G85: 410.293 | AE85: 11kV line, LT line, Cart track
A86: 39 | B86: AP 21 | C86: 21/0 | D86: 4DB+6 | E86: ok | F86: 53.74 | H86: =SUM(G83:G86) -> 755.293 | I86: =I84+G85 -> 12251.951 | Q86: 56.058 | R86: 12° 27' 57"RT | S86: =(G85+G87) -> 802.023 | T86: =(G85+G87)/2 -> 401.0115 | U86: 209 | V86: 211 | W86: =U86+V86 -> 420 | X86: 208 | Y86: 206 | Z86: =X86+Y86 -> 414 | AA86: 84d59'50.289"E | AB86: 25d53'59.138"N | AC86: 299379.47 | AD86: 2866114.9 | AF86: BISHUNPURA
G87: 391.73 | AE87: 2No's 11kV lines
A88: 40 | B88: AP 22 | C88: 22/0 | D88: 4DD+3 | E88: ok | F88: 50.74 | H88: =SUM(G87:G88) -> 391.73 | I88: =I86+G87 -> 12643.681 | Q88: 56.137 | R88: 48° 46' 50"LT | S88: =(G87+G89) -> 691.73 | T88: =(G87+G89)/2 -> 345.865 | U88: 179 | V88: 36 | W88: =U88+V88 -> 215 | X88: 184 | Y88: 80 | Z88: =X88+Y88 -> 264 | AA88: 85d0'4.304"E | AB88: 25d54'0.283"N | AC88: 299770.1 | AD88: 2866144.2 | AF88: BISHUNPURA
G89: 300 | AE89: Cart track, 2No's Nala, Tar road, 11kV line
A90: 41 | C90: 22/1 | D90: 4DD+18 | E90: ok | F90: 65.74 | I90: =I88+G89 -> 12943.681 | Q90: 55.929 | S90: =(G89+G91) -> 758.616 | T90: =(G89+G91)/2 -> 379.308 | U90: 261 | V90: 257 | W90: =U90+V90 -> 518 | X90: 218 | Y90: 253 | Z90: =X90+Y90 -> 471 | AA90: 85d0'10.648"E | AB90: 25d54'8.162"N | AC90: 299950.37 | AD90: 2866384 | AF90: UTTIMPUR
G91: 458.616 | AE91: 2No's Nala, 2No's Tar road, 33kV line, 11kV line | AI91: 11kV line to be diverted
A92: 42 | B92: AP 23 | C92: 23/0 | D92: 4DD+9 | E92: ok | F92: 56.74 | H92: =SUM(G89:G92) -> 758.616 | I92: =I90+G91 -> 13402.297 | N92: 3 | Q92: 55.68 | R92: 57° 37' 41"RT | S92: =(G91+G93) -> 764.796 | T92: =(G91+G93)/2 -> 382.398 | U92: 206 | V92: 219 | W92: =U92+V92 -> 425 | X92: 212 | Y92: 196 | Z92: =X92+Y92 -> 408 | AA92: 85d0'20.347"E | AB92: 25d54'20.208"N | AC92: 300225.95 | AD92: 2866750.6 | AF92: LALAPUR
G93: 306.18 | AE93: Tar road, 2No's Nala, 11kV lines
A94: 43 | B94: AP 24 | C94: 24/0 | D94: 4DD+3 | E94: ok | F94: 50.74 | H94: =SUM(G93:G94) -> 306.18 | I94: =I92+G93 -> 13708.477 | Q94: 55.944 | R94: 46° 55' 37"RT | S94: =(G93+G95) -> 691.918 | T94: =(G93+G95)/2 -> 345.959 | U94: 95 | V94: 211 | W94: =U94+V94 -> 306 | X94: 118 | Y94: 206 | Z94: =X94+Y94 -> 324 | AA94: 85d0'31.324"E | AB94: 25d54'19.568"N | AC94: 300531.16 | AD94: 2866726.3 | AF94: PARSA BAZAR (NP)
G95: 385.738 | AE95: 11kV lins, Pond
A96: 44 | B96: AP 25 | C96: 25/0 | D96: 4DD+0 | E96: ok | F96: 47.74 | H96: =SUM(G95:G96) -> 385.738 | I96: =I94+G95 -> 14094.215 | Q96: 55.629 | R96: 49° 55' 28"LT | S96: =(G95+G97) -> 725.738 | T96: =(G95+G97)/2 -> 362.869 | U96: 175 | V96: 151 | W96: =U96+V96 -> 326 | X96: 180 | Y96: 156 | Z96: =X96+Y96 -> 336 | AA96: 85d0'40.116"E | AB96: 25d54'9.88"N | AC96: 300771.34 | AD96: 2866424.4 | AF96: PARSA BAZAR (NP)
G97: 340 | AE97: 11kV line, LT line, House, Nala, Tar road | AI97: 11kV line to be diverted
A98: 45 | C98: 25/1 | D98: 4DA+3 | E98: ok | F98: 51.16 | I98: =I96+G97 -> 14434.215 | Q98: 55.396 | S98: =(G97+G99) -> 747.566 | T98: =(G97+G99)/2 -> 373.783 | U98: 186 | V98: 216 | W98: =U98+V98 -> 402 | X98: 181 | Y98: 213 | Z98: =X98+Y98 -> 394 | AA98: 85d0'52.33"E | AB98: 25d54'9.746"N | AC98: 301111.22 | AD98: 2866415.1 | AF98: PARSA BAZAR (NP)
G99: 407.566
A100: 46 | B100: AP 26 | C100: 26/0 | D100: 4DD+0 | E100: ok | F100: 47.74 | H100: =SUM(G97:G100) -> 747.566 | I100: =I98+G99 -> 14841.781 | Q100: 55.787 | R100: 41° 0' 20"LT | S100: =(G99+G101) -> 731.566 | T100: =(G99+G101)/2 -> 365.783 | U100: 189 | V100: 141 | W100: =U100+V100 -> 330 | X100: 193 | Y100: 147 | Z100: =X100+Y100 -> 340 | AA100: 85d1'6.97"E | AB100: 25d54'9.585"N | AC100: 301518.63 | AD100: 2866404 | AF100: PARSA BAZAR (NP)
...

Sheet DS 400 kV LO
A1: NAME OF LINE : LILO of 400 KV Barh (NTPC) Motihari (DMTCL) D/C (Quad Moose) Transmission Line at Chhapra (New) (Loop OUT)
A2: Name of Client : BIHAR STATE POWER TRANSMISSION COMPANY LIMITED (BSPTCL)
A3: Executing Agency : M/S KEC INTERNATIONAL LIMITED
A4: NIT No. : 23/PR/BSPTCL/2023 | AG4: W.O.TB 412
A5: NOA No. : 18(Supply), 19(Service) Dated. 27.12.2023 | AG5: DATE :01.10.2025 | AH5: DT :30.07.2020
A6: Details Survey Report (AP 8 to AP 16) 1.731KM & (AP 22 to AP 33) 5.698KM & (AP 37 to AP 45) 5.194KM | AG6: REV-00 | AH6: REV-02
A8: Sl.No | B8: AP NO. | C8: TOWER NO. | D8: TYPE OF TOWER | E8: HT of Tower (Mtr) | F8: SPAN (Mtr) | G8: CUMULATIVE SPAN | H8: SECTION LENGTH | I8: LEG EXTENSION | M8: RAISED CHIMNEY | N8: BENCHING VOLUME (Cum) | O8: REVETMENT VOLUME (Cum) | P8: R.L (Mtr) | Q8: DEVIATION ANGLE (Deg) | R8: Sum of Adjacent Spans | S8: WIND SPAN (Mtr) | T8: WEIGHT SPAN IN Mtr (Cold) | W8: WEIGHT SPAN IN Mtr (Hot) | Z8: LONGITUDE (E) | AA8: LATITUDE (N) | AB8: UTM Coordinates | AD8: CROSSING DETAILS | AE8: NAME OF VILLAGE | AF8: NAME OF TEHSIL | AG8: NAME OF POLICE STATION | AH8: REMARKS
I9: A | J9: B | K9: C | T9: Left | U9: Right | V9: Total | W9: Left | X9: Right | Y9: Total | AB9: Easting (m) | AC9: Northing (m)
A10: 1 | B10: AP 8 | C10: 8/0 | D10: 4DD+0 | E10: 47.74 | G10: 0 | H10: 0 | P10: 53.046 | Q10: 48° 49' 53"LT | R10: 346.902 | S10: =(F11)/2 -> 90.6115 | T10: 76 | U10: 94 | V10: =T10+U10 -> 170 | W10: 81 | X10: 93 | Y10: =W10+X10 -> 174 | Z10: 84d55'25.98"E | AA10: 25d53'38.769"N | AB10: 292012.81 | AC10: 2865602.5 | AE10: BASAUTA | AH10: TENTATIVE
F11: 181.223 | AD11: LT Line, 11KV Line, Tar Road, Houses | AH11: House Available in 21.64 meter and 17.60 meter.
A12: 2 | B12: AP 9 | C12: 9/0 | D12: 4DB+0 | E12: 47.74 | G12: =G10+F11 -> 181.223 | H12: =SUM(F11:F12) -> 181.223 | P12: 52.928 | Q12: 7° 53' 54"LT | R12: =F11+F13 -> 387.175 | S12: =(F11+F13)/2 -> 193.5875 | T12: 91 | U12: 103 | V12: =T12+U12 -> 194 | W12: 92 | X12: 102 | Y12: =W12+X12 -> 194 | Z12: 84d55'30.355"E | AA12: 25d53'43.129"N | AB12: 292136.71 | AC12: 2865734.8 | AE12: BASAUTA
F13: 205.952 | AD13: 11KV Line, 33KV Line, Pond, 2No's Cart Track, Nala
A14: 3 | B14: AP 10 | C14: 10/0 | D14: 4DD+0 | E14: 47.74 | G14: =G12+F13 -> 387.175 | H14: =SUM(F13:F14) -> 205.952 | P14: 52.775 | Q14: 53° 51' 6"RT | R14: =F13+F15 -> 517.475 | S14: =(F13+F15)/2 -> 258.7375 | T14: 100 | U14: 154 | V14: =T14+U14 -> 254 | W14: 101 | X14: 153 | Y14: =W14+X14 -> 254 | Z14: 84d55'34.527"E | AA14: 25d53'48.655"N | AB14: 292255.52 | AC14: 2865903 | AE14: UMARPUR
F15: 311.523 | AD15: 2No's 11KV Lines. | AH15: 11kV Available in 11.07 meter.
A16: 4 | B16: AP 11 | C16: 11/0 | D16: 4DD+0 | E16: 47.74 | G16: =G14+F15 -> 698.698 | H16: =SUM(F15:F16) -> 311.523 | P16: 52.65 | Q16: 44° 45' 6"RT | R16: =F15+F17 -> 552.556 | S16: =(F15+F17)/2 -> 276.278 | T16: 152 | U16: 122 | V16: =T16+U16 -> 274 | W16: 152 | X16: 121 | Y16: =W16+X16 -> 273 | Z16: 84d55'45.712"E | AA16: 25d53'48.977"N | AB16: 292567.01 | AC16: 2865908 | AE16: UMARPUR
F17: 241.033 | AD17: LT Line, Pond, Tar Road
A18: 5 | B18: AP 12 | C18: 12/0 | D18: 4DB+0 | E18: 47.74 | G18: =G16+F17 -> 939.731 | H18: =SUM(F17:F18) -> 241.033 | P18: 52.358 | Q18: 6° 16' 34"LT | R18: =F17+F19 -> 371.732 | S18: =(F17+F19)/2 -> 185.866 | T18: 116 | U18: 59 | V18: =T18+U18 -> 175 | W18: 118 | X18: 64 | Y18: =W18+X18 -> 182 | Z18: 84d55'52.051"E | AA18: 25d53'43.643"N | AB18: 292740.87 | AC18: 2865741.1 | AE18: HELA
F19: 130.699 | AD19: LT Line, 33KV Line, Tar Road | AH19: LT Line Available in 17.48 meter.
A20: 6 | B20: AP 13 | C20: 13/0 | D20: 4DD+0 | E20: 47.74 | G20: =G18+F19 -> 1070.43 | H20: =SUM(F19:F20) -> 130.699 | P20: 52.759 | Q20: 43° 40' 22"LT | R20: =F19+F21 -> 449.524 | S20: =(F19+F21)/2 -> 224.762 | T20: 75 | U20: 161 | V20: =T20+U20 -> 236 | W20: 70 | X20: 161 | Y20: =W20+X20 -> 231 | Z20: 84d55'55.817"E | AA20: 25d53'41.107"N | AB20: 292844.48 | AC20: 2865661.4 | AE20: HELA
F21: 318.825 | AD21: LT Line, Tar Road, Cart Track, Poultry Farm, Hand Pump | AH21: Poultry Farm Available in 21.74 meter.
A22: 7 | B22: AP 14 | C22: 14/0 | D22: 4DC+0 | E22: 47.74 | G22: =G20+F21 -> 1389.255 | H22: =SUM(F21:F22) -> 318.825 | P22: 52.635 | Q22: 24° 18' 58"RT | R22: =F21+F23 -> 523.843 | S22: =(F21+F23)/2 -> 261.9215 | T22: 159 | U22: 104 | V22: =T22+U22 -> 263 | W22: 160 | X22: 104 | Y22: =W22+X22 -> 264 | Z22: 84d56'7.184"E | AA22: 25d53'42.373"N | AB22: 293161.49 | AC22: 2865695.3 | AE22: ARNA
F23: 205.018 | AD23: Cart Track
A24: 8 | B24: AP 15 | C24: 15/0 | D24: 4DD+0 | E24: 47.74 | G24: =G22+F23 -> 1594.273 | H24: =SUM(F23:F24) -> 205.018 | P24: 52.592 | Q24: 46° 36' 23"LT | R24: =F23+F25 -> 341.596 | S24: =(F23+F25)/2 -> 170.798 | T24: 103 | U24: -47 | V24: =T24+U24 -> 56 | W24: 103 | X24: 29 | Y24: =W24+X24 -> 132 | Z24: 84d56'14.215"E | AA24: 25d53'40.392"N | AB24: 293356.25 | AC24: 2865631.3 | AE24: ARNA
F25: 136.578 | AD25: LT Line, Tar Road
A26: 9 | B26: AP 16 | C26: 16/0 | D26: 4DC+6 | E26: 53.74 | G26: =G24+F25 -> 1730.851 | H26: =SUM(F25:F26) -> 136.578 | P26: 52.317 | Q26: 27° 22' 26"RT | R26: 271.267 | S26: =(F25)/2 -> 68.289 | T26: 185 | U26: -176 | V26: =T26+U26 -> 9 | W26: 109 | X26: -14 | Y26: =W26+X26 -> 95 | Z26: 84d56'18.494"E | AA26: 25d53'42.563"N | AB26: 293476.38 | AC26: 2865696.2 | AE26: BARIARPUR | AH26: TENTATIVE
A28: 10 | B28: AP 22 | C28: 22/0 | D28: 4DB+6 | E28: 53.74 | G28: 0 | H28: 0 | P28: 52.901 | Q28: 4° 22' 25"RT | R28: 614.39 | S28: =(F29)/2 -> 126.706 | T28: 159 | U28: 184 | V28: =T28+U28 -> 343 | W28: 166 | X28: 158 | Y28: =W28+X28 -> 324 | Z28: 84d57'8.444"E | AA28: 25d53'47.709"N | AB28: 294869.23 | AC28: 2865832.8 | AE28: BHELDI G.P. | AH28: TENTATIVE
F29: 253.412
A30: 11 | B30: AP 23 | C30: 23/0 | D30: 4DB+0 | E30: 47.74 | G30: =G28+F29 -> 253.412 | H30: =SUM(F29:F30) -> 253.412 | P30: 52.769 | Q30: 10° 6' 21"RT | R30: =F29+F31 -> 568.412 | S30: =(F29+F31)/2 -> 284.206 | T30: 69 | U30: 164 | V30: =T30+U30 -> 233 | W30: 95 | X30: 162 | Y30: =W30+X30 -> 257 | Z30: 84d57'17.534"E | AA30: 25d53'47.262"N | AB30: 295122.02 | AC30: 2865815.1 | AE30: BHELDI G.P.
F31: 315 | AD31: 2No's 11KV Lines, Cart Track, Houses | AH31: 11kV Available in 11.82 meter.
A32: 12 | C32: 23/1 | D32: 4DA+0 | E32: 48.16 | G32: =G30+F31 -> 568.412 | P32: 51.823 | R32: =F31+F33 -> 612.881 | S32: =(F31+F33)/2 -> 306.4405 | T32: 151 | U32: 145 | V32: =T32+U32 -> 296 | W32: 153 | X32: 147 | Y32: =W32+X32 -> 300 | Z32: 84d57'28.549"E | AA32: 25d53'44.922"N | AB32: 295427.52 | AC32: 2865738.3 | AE32: LANGARPURA
F33: 297.881 | AD33: 6No's 11KV Lines, 33KV Line | AH33: 11kV Available in 19.27 meter.
A34: 13 | B34: AP 24 | C34: 24/0 | D34: 4DD+0 | E34: 47.74 | G34: =G32+F33 -> 866.293 | H34: =SUM(F31:F34) -> 612.881 | P34: 52.537 | Q34: 32° 37' 58"LT | R34: =F33+F35 -> 717.881 | S34: =(F33+F35)/2 -> 358.9405 | T34: 155 | U34: 184 | V34: =T34+U34 -> 339 | W34: 154 | X34: 193 | Y34: =W34+X34 -> 347 | Z34: 84d57'38.966"E | AA34: 25d53'42.709"N | AB34: 295716.41 | AC34: 2865665.7 | AE34: LANGARPURA
F35: 420 | AD35: Cart Track
A36: 14 | C36: 24/1 | D36: 4DA+6 | E36: 54.16 | G36: =G34+F35 -> 1286.293 | P36: 51.901 | R36: =F35+F37 -> 776 | S36: =(F35+F37)/2 -> 388 | T36: 238 | U36: 213 | V36: =T36+U36 -> 451 | W36: 231 | X36: 203 | Y36: =W36+X36 -> 434 | Z36: 84d57'53.196"E | AA36: 25d53'47.244"N | AB36: 296114.66 | AC36: 2865799.1 | AE36: LANGARPURA
F37: 356 | AD37: LT Line, 11KV Line
A38: 15 | C38: 24/2 | D38: 4DA+0 | E38: 48.16 | G38: =G36+F37 -> 1642.293 | P38: 52.107 | R38: =F37+F39 -> 714 | S38: =(F37+F39)/2 -> 357 | T38: 144 | U38: 176 | V38: =T38+U38 -> 320 | W38: 154 | X38: 177 | Y38: =W38+X38 -> 331 | Z38: 84d58'5.257"E | AA38: 25d53'51.088"N | AB38: 296452.22 | AC38: 2865912.2 | AE38: PACHRUKHI
F39: 358 | AD39: LT Line, Pond, 2No's Tar Road
A40: 16 | C40: 24/3 | D40: 4DA+0 | E40: 48.16 | G40: =G38+F39 -> 2000.293 | P40: 52.613 | R40: =F39+F41 -> 675.518 | S40: =(F39+F41)/2 -> 337.759 | T40: 182 | U40: 157 | V40: =T40+U40 -> 339 | W40: 182 | X40: 158 | Y40: =W40+X40 -> 340 | Z40: 84d58'17.387"E | AA40: 25d53'54.954"N | AB40: 296791.67 | AC40: 2866025.9 | AE40: PACHRUKHI
F41: 317.518 | AD41: LT Line
A42: 17 | B42: AP 25 | C42: 25/0 | D42: 4DD+0 | E42: 47.74 | G42: =G40+F41 -> 2317.811 | H42: =SUM(F35:F42) -> 1451.518 | P42: 52.682 | Q42: 38° 17' 16"RT | R42: =F41+F43 -> 586.518 | S42: =(F41+F43)/2 -> 293.259 | T42: 158 | U42: 133 | V42: =T42+U42 -> 291 | W42: 158 | X42: 133 | Y42: =W42+X42 -> 291 | Z42: 84d58'28.145"E | AA42: 25d53'58.382"N | AB42: 297092.74 | AC42: 2866126.8 | AE42: PACHRUKHI
F43: 269 | AD43: 2No's LT Lines, 11KV Line, Hand Pump
A44: 18 | C44: 25/1 | D44: 4DA+0 | E44: 48.16 | G44: =G42+F43 -> 2586.811 | P44: 52.67 | R44: =F43+F45 -> 509.129 | S44: =(F43+F45)/2 -> 254.5645 | T44: 133 | U44: 124 | V44: =T44+U44 -> 257 | W44: 133 | X44: 123 | Y44: =W44+X44 -> 256 | Z44: 84d58'37.288"E | AA44: 25d53'55.554"N | AB44: 297345.9 | AC44: 2866035.8 | AE44: PACHRUKHI
F45: 240.129 | AD45: 3No's LT Lines, Cart Track | AH45: 11kV Available in 1.22 meter.
A46: 19 | B46: AP 26 | C46: 26/0 | D46: 4DC+0 | E46: 47.74 | G46: =G44+F45 -> 2826.94 | H46: =SUM(F43:F46) -> 509.129 | P46: 52.387 | Q46: 25° 56' 57"LT | R46: =F45+F47 -> 591.129 | S46: =(F45+F47)/2 -> 295.5645 | T46: 118 | U46: 174 | V46: =T46+U46 -> 292 | W46: 119 | X46: 175 | Y46: =W46+X46 -> 294 | Z46: 84d58'45.45"E | AA46: 25d53'53.029"N | AB46: 297571.88 | AC46: 2865954.6 | AE46: BANKERWA BHAW
F47: 351 | AD47: LT Line | AH47: 11kV Available in 15.42 meter.
A48: 20 | C48: 26/1 | D48: 4DA+0 | E48: 48.16 | G48: =G46+F47 -> 3177.94 | P48: 52.823 | R48: =F47+F49 -> 708.009 | S48: =(F47+F49)/2 -> 354.0045 | T48: 179 | U48: 160 | V48: =T48+U48 -> 339 | W48: 179 | X48: 166 | Y48: =W48+X48 -> 345 | Z48: 84d58'57.963"E | AA48: 25d53'54.431"N | AB48: 297920.83 | AC48: 2865992.4 | AE48: BANKERWA BHAW
F49: 357.009 | AD49: LT Line, Cart Track
A50: 21 | B50: AP 27 | C50: 27/0 | D50: 4DB+3 | E50: 50.74 | G50: =G48+F49 -> 3534.949 | H50: =SUM(F47:F50) -> 708.009 | P50: 52.839 | Q50: 14° 17' 42"RT | R50: =F49+F51 -> 754.814 | S50: =(F49+F51)/2 -> 377.407 | T50: 196 | U50: 218 | V50: =T50+U50 -> 414 | W50: 191 | X50: 213 | Y50: =W50+X50 -> 404 | Z50: 84d59'10.691"E | AA50: 25d53'55.858"N | AB50: 298275.77 | AC50: 2866030.9 | AE50: BANKERWA BHAW
F51: 397.805 | AD51: 11KV Line,Hand Pump | AH51: HandPump Available in 19.73 meter.
A52: 22 | B52: AP 28 | C52: 28/0 | D52: 4DD+0 | E52: 47.74 | G52: =G50+F51 -> 3932.754 | H52: =SUM(F51:F52) -> 397.805 | P52: 52.571 | Q52: 57° 18' 15"LT | R52: =F51+F53 -> 696.805 | S52: =(F51+F53)/2 -> 348.4025 | T52: 184 | U52: 106 | V52: =T52+U52 -> 290 | W52: 189 | X52: 121 | Y52: =W52+X52 -> 310 | Z52: 84d59'24.868"E | AA52: 25d53'54.231"N | AB52: 298669.59 | AC52: 2865974.8 | AE52: BAKSANDA
F53: 299 | AD53: Tar Road, Hand Pump
A54: 23 | C54: 28/1 | D54: 4DA+6 | E54: 54.16 | G54: =G52+F53 -> 4231.754 | P54: 52.998 | R54: =F53+F55 -> 681.297 | S54: =(F53+F55)/2 -> 340.6485 | T54: 197 | U54: 207 | V54: =T54+U54 -> 404 | W54: 183 | X54: 202 | Y54: =W54+X54 -> 385 | Z54: 84d59'31.762"E | AA54: 25d54'1.681"N | AB54: 298864.99 | AC54: 2866201.1 | AE54: BAKSANDA
F55: 382.297 | AD55: 11KV Line, Tar Road
A56: 24 | B56: AP 29 | C56: 29/0 | D56: 4DD+3 | E56: 50.74 | G56: =G54+F55 -> 4614.051 | H56: =SUM(F53:F56) -> 681.297 | P56: 53.143 | Q56: 32° 6' 47"RT | R56: =F55+F57 -> 730.339 | S56: =(F55+F57)/2 -> 365.1695 | T56: 174 | U56: 190 | V56: =T56+U56 -> 364 | W56: 180 | X56: 185 | Y56: =W56+X56 -> 365 | Z56: 84d59'40.577"E | AA56: 25d54'11.206"N | AB56: 299114.83 | AC56: 2866490.4 | AE56: BAKSANDA
F57: 348.042
A58: 25 | B58: AP 30 | C58: 30/0 | D58: 4DD+0 | E58: 47.74 | G58: =G56+F57 -> 4962.093 | H58: =SUM(F57:F58) -> 348.042 | P58: 53.66 | Q58: 41° 49' 34"LT | R58: =F57+F59 -> 626.587 | S58: =(F57+F59)/2 -> 313.2935 | T58: 159 | U58: 137 | V58: =T58+U58 -> 296 | W58: 164 | X58: 138 | Y58: =W58+X58 -> 302 | Z58: 84d59'52.471"E | AA58: 25d54'14.692"N | AB58: 299447.52 | AC58: 2866592.7 | AE58: UTTIMPUR
F59: 278.545 | AD59: 3No's 11KV Lines, Tar Road, Nala, House
A60: 26 | B60: AP 31 | C60: 31/0 | D60: 4DD+0 | E60: 47.74 | G60: =G58+F59 -> 5240.638 | H60: =SUM(F59:F60) -> 278.545 | P60: 53.92 | Q60: 56° 43' 6"RT | R60: =F59+F61 -> 492.502 | S60: =(F59+F61)/2 -> 246.251 | T60: 141 | U60: 101 | V60: =T60+U60 -> 242 | W60: 140 | X60: 104 | Y60: =W60+X60 -> 244 | Z60: 84d59'57.508"E | AA60: 25d54'22.512"N | AB60: 299591.38 | AC60: 2866831.2 | AE60: LALAPUR
F61: 213.957 | AD61: 11KV Lines | AH61: 11kV Line Available in 7.96 meter.
A62: 27 | B62: AP 32 | C62: 32/0 | D62: 4DD+0 | E62: 47.74 | G62: =G60+F61 -> 5454.595 | H62: =SUM(F61:F62) -> 213.957 | M62: 1 | P62: 53.379 | Q62: 42° 22' 50"LT | R62: =F61+F63 -> 457.68 | S62: =(F61+F63)/2 -> 228.84 | T62: 112 | U62: 131 | V62: =T62+U62 -> 243 | W62: 109 | X62: 127 | Y62: =W62+X62 -> 236 | Z62: 85d0'5.183"E | AA62: 25d54'22.884"N | AB62: 299805.18 | AC62: 2866839.4 | AE62: LALAPUR | AH62: RC = 1M
F63: 243.723 | AD63: 11KV Lines, 33KV Line, Tar Road | AH63: 11kV Line Available in 3.53 meter.
A64: 28 | B64: AP 33 | C64: 33/0 | D64: 4DD+0 | E64: 47.74 | G64: =G62+F63 -> 5698.318 | H64: =SUM(F63:F64) -> 243.723 | P64: 53.442 | Q64: 45° 21' 58"RT | R64: 573.723 | S64: =(F63)/2 -> 121.8615 | T64: 113 | U64: 161 | V64: =T64+U64 -> 274 | W64: 117 | X64: 163 | Y64: =W64+X64 -> 280 | Z64: 85d0'11.327"E | AA64: 25d54'28.526"N | AB64: 299978.81 | AC64: 2867010.4 | AE64: SAGUNI | AH64: TENTATIVE
A66: 29 | B66: AP 37 | C66: 37/0 | D66: 4DD+9 | E66: 56.74 | G66: 0 | H66: 0 | P66: 52.973 | Q66: 56° 10' 21"LT | R66: 786.096 | S66: =(F67)/2 -> 192.5995 | T66: 230 | U66: 210 | V66: =T66+U66 -> 440 | W66: 222 | X66: 207 | Y66: =W66+X66 -> 429 | Z66: 85d1'20.622"E | AA66: 25d54'33.088"N | AB66: 301909.49 | AC66: 2867121.5 | AE66: PARSA BAZAR (NP) | AH66: TENTATIVE
F67: 385.199 | AD67: LT Line, 2No's 11KV Lines, Tar Road Pond, Cart Track
A68: 30 | B68: AP 38 | C68: 38/0 | D68: 4DD+6 | E68: 53.74 | G68: =G66+F67 -> 385.199 | H68: =SUM(F67:F68) -> 385.199 | P68: 53.235 | Q68: 33° 13' 52"LT | R68: =F67+F69 -> 763.669 | S68: =(F67+F69)/2 -> 381.8345 | T68: 181 | U68: 224 | V68: =T68+U68 -> 405 | W68: 186 | X68: 215 | Y68: =W68+X68 -> 401 | Z68: 85d1'34.243"E | AA68: 25d54'35.301"N | AB68: 302289.61 | AC68: 2867183.9 | AE68: FATEHPUR
F69: 378.47 | AD69: 3No's LT Lines, 11KV Line, Cart Track
A70: 31 | B70: AP 39 | C70: 39/0 | D70: 4DB+0 | E70: 47.74 | G70: =G68+F69 -> 763.669 | H70: =SUM(F69:F70) -> 378.47 | P70: 53.277 | Q70: 11° 2' 36"LT | R70: =F69+F71 -> 791.47 | S70: =(F69+F71)/2 -> 395.735 | T70: 158 | U70: 180 | V70: =T70+U70 -> 338 | W70: 168 | X70: 188 | Y70: =W70+X70 -> 356 | Z70: 85d1'44.12"E | AA70: 25d54'43.752"N | AB70: 302568.42 | AC70: 2867439.9 | AE70: FATEHPUR
F71: 413 | AD71: 2No's LT Lines, 11KV Line, Cart Track
A72: 32 | C72: 39/1 | D72: 4DA+6 | E72: 54.16 | G72: =G70+F71 -> 1176.669 | P72: 52.687 | R72: =F71+F73 -> 799 | S72: =(F71+F73)/2 -> 399.5 | T72: 234 | U72: 212 | V72: =T72+U72 -> 446 | W72: 227 | X72: 207 | Y72: =W72+X72 -> 434 | Z72: 85d1'52.747"E | AA72: 25d54'54.671"N | AB72: 302813.54 | AC72: 2867772.3 | AE72: FATEHPUR
F73: 386 | AD73: 11KV Line
A74: 33 | C74: 39/2 | D74: 4DA+3 | E74: 51.16 | G74: =G72+F73 -> 1562.669 | P74: 52.138 | R74: =F73+F75 -> 784 | S74: =(F73+F75)/2 -> 392 | T74: 174 | U74: 217 | V74: =T74+U74 -> 391 | W74: 180 | X74: 213 | Y74: =W74+X74 -> 393 | Z74: 85d2'0.809"E | AA74: 25d55'4.876"N | AB74: 303042.64 | AC74: 2868082.9 | AE74: BANAUTA MAKUND
F75: 398 | AD75: 11KV Line
A76: 34 | C76: 39/3 | D76: 4DA+0 | E76: 48.16 | G76: =G74+F75 -> 1960.669 | P76: 51.659 | R76: =F75+F77 -> 799 | S76: =(F75+F77)/2 -> 399.5 | T76: 181 | U76: 181 | V76: =T76+U76 -> 362 | W76: 186 | X76: 187 | Y76: =W76+X76 -> 373 | Z76: 85d2'9.123"E | AA76: 25d55'15.398"N | AB76: 303278.86 | AC76: 2868403.2 | AE76: BANAUTA MAKUND
F77: 401 | AD77: Cart Track
A78: 35 | C78: 39/4 | D78: 4DA+3 | E78: 51.16 | G78: =G76+F77 -> 2361.669 | P78: 52.432 | R78: =F77+F79 -> 768 | S78: =(F77+F79)/2 -> 384 | T78: 220 | U78: 183 | V78: =T78+U78 -> 403 | W78: 215 | X78: 183 | Y78: =W78+X78 -> 398 | Z78: 85d2'17.5"E | AA78: 25d55'25.999"N | AB78: 303516.85 | AC78: 2868726 | AE78: ANJNI
F79: 367 | AD79: LT Line, 11KV Line, Tar Road, Bore Pump
A80: 36 | C80: 39/5 | D80: 4DA+3 | E80: 51.16 | G80: =G78+F79 -> 2728.669 | P80: 52.557 | R80: =F79+F81 -> 799.743 | S80: =(F79+F81)/2 -> 399.8715 | T80: 184 | U80: 199 | V80: =T80+U80 -> 383 | W80: 184 | X80: 204 | Y80: =W80+X80 -> 388 | Z80: 85d2'25.167"E | AA80: 25d55'35.701"N | AB80: 303734.67 | AC80: 2869021.3 | AE80: BANAUTA
F81: 432.743
A82: 37 | B82: AP 40 | C82: 40/0 | D82: 4DB+6 | E82: 53.74 | G82: =G80+F81 -> 3161.412 | H82: =SUM(F71:F82) -> 2397.743 | P82: 53.261 | Q82: 8° 19' 26"LT | R82: =F81+F83 -> 769.82 | S82: =(F81+F83)/2 -> 384.91 | T82: 235 | U82: 209 | V82: =T82+U82 -> 444 | W82: 230 | X82: 196 | Y82: =W82+X82 -> 426 | Z82: 85d2'34.208"E | AA82: 25d55'47.141"N | AB82: 303991.51 | AC82: 2869369.6 | AE82: BANAUTA
F83: 337.077 | AD83: 11KV Line, 3No's Tar Road, Nala
A84: 38 | B84: AP 41 | C84: 41/0 | D84: 4DC+0 | E84: 47.74 | G84: =G82+F83 -> 3498.489 | H84: =SUM(F83:F84) -> 337.077 | P84: 52.931 | Q84: 21° 51' 59"RT | R84: =F83+F85 -> 652.077 | S84: =(F83+F85)/2 -> 326.0385 | T84: 127 | U84: 162 | V84: =T84+U84 -> 289 | W84: 141 | X84: 160 | Y84: =W84+X84 -> 301 | Z84: 85d2'39.75"E | AA84: 25d55'56.88"N | AB84: 304150.19 | AC84: 2869667 | AE84: BANAUTA
F85: 315 | AD85: LT Line
A86: 39 | C86: 41/1 | D86: 4DA+0 | E86: 48.16 | G86: =G84+F85 -> 3813.489 | P86: 52.226 | R86: =F85+F87 -> 631.645 | S86: =(F85+F87)/2 -> 315.8225 | T86: 152 | U86: 157 | V86: =T86+U86 -> 309 | W86: 154 | X86: 157 | Y86: =W86+X86 -> 311 | Z86: 85d2'48.305"E | AA86: 25d56'3.582"N | AB86: 304391.31 | AC86: 2869869.7 | AE86: BANAUTA
F87: 316.645 | AD87: Pond
A88: 40 | B88: AP 42 | C88: 42/0 | D88: 4DD+0 | E88: 47.74 | G88: =G86+F87 -> 4130.134 | H88: =SUM(F85:F88) -> 631.645 | P88: 52.202 | Q88: 53° 20' 50"RT | R88: =F87+F89 -> 693.695 | S88: =(F87+F89)/2 -> 346.8475 | T88: 156 | U88: 164 | V88: =T88+U88 -> 320 | W88: 157 | X88: 170 | Y88: =W88+X88 -> 327 | Z88: 85d2'56.905"E | AA88: 25d56'10.319"N | AB88: 304633.7 | AC88: 2870073.5 | AE88: BANAUTA
F89: 377.05 | AD89: LT Line, Pond, Cart Track
A90: 41 | B90: AP 43 | C90: 43/0 | D90: 4DD+3 | E90: 50.74 | G90: =G88+F89 -> 4507.184 | H90: =SUM(F89:F90) -> 377.05 | P90: 52.964 | Q90: 55° 59' 58"RT | R90: =F89+F91 -> 723.153 | S90: =(F89+F91)/2 -> 361.5765 | T90: 207 | U90: 193 | V90: =T90+U90 -> 400 | W90: 200 | X90: 186 | Y90: =W90+X90 -> 386 | Z90: 85d3'10.136"E | AA90: 25d56'7.679"N | AB90: 305000.64 | AC90: 2869986.7 | AE90: EKDERWA MASURIYA
F91: 346.103 | AD91: Tar Road
A92: 42 | B92: AP 44 | C92: 44/0 | D92: 4DD+0 | E92: 47.74 | G92: =G90+F91 -> 4853.287 | H92: =SUM(F91:F92) -> 346.103 | P92: 52.769 | Q92: 35° 35' 57"LT | R92: =F91+F93 -> 686.983 | S92: =(F91+F93)/2 -> 343.4915 | T92: 153 | U92: 153 | V92: =T92+U92 -> 306 | W92: 159 | X92: 160 | Y92: =W92+X92 -> 319 | Z92: 85d3'14.706"E | AA92: 25d55'57.22"N | AB92: 305123 | AC92: 2869663 | AE92: KOHRA
F93: 340.88 | AD93: Pond, Tar Road, Bore Pump
A94: 43 | B94: AP 45 | C94: 45/0 | D94: 4DD+3 | E94: 50.74 | G94: =G92+F93 -> 5194.167 | H94: =SUM(F93:F94) -> 340.88 | P94: 53.027 | Q94: 56° 35' 11"LT | R94: 679.806 | S94: =(F93)/2 -> 170.44 | T94: 194 | U94: 173 | V94: =T94+U94 -> 367 | W94: 188 | X94: 174 | Y94: =W94+X94 -> 362 | Z94: 85d3'24.997"E | AA94: 25d55'51.212"N | AB94: 305406.61 | AC94: 2869473.9 | AE94: KOHRA | AH94: TENTATIVE
D95: Total length = | F95: =SUM(F10:F94)/1000 -> 12.623336 | G95: Km
A96: For KEC International Ltd | S96: BIHAR STATE POWER TRANSMISSION COMPANY LIMITED, PATNA (WHOLLY OWNED SUBSIDIARY OF POWERGRID)
A97: Surveyed By | E97: Checked By | I97: Submitted By | J97: Submitted By | K97: Submitted By | L97: Submitted By | M97: Submitted By | S97: Checked By | X97: Recommended By | AD97: Approved By
E100: Structure Summary
E102: 4DA+0 | F102: = | G102: =COUNTIF($D$10:$D$1281,E102) -> 7
E103: 4DA+3 | F103: = | G103: =COUNTIF($D$10:$D$1281,E103) -> 3
E104: 4DA+6 | F104: = | G104: =COUNTIF($D$10:$D$1281,E104) -> 3
E105: 4DA+9 | F105: = | G105: =COUNTIF($D$10:$D$1281,E105) -> 0
E106: 4DB+0 | F106: = | G106: =COUNTIF($D$10:$D$1281,E106) -> 4
...

Sheet Survey Report
A1: TB412 BSPTCL - Survey Status
A3: Sl | B3: Line Name | C3: Activity | E3: Length | F3: Location | G3: Remarks / Plan for completion
E4: km | F4: Nos.
A5: 1 | B5: LILO of 400 kv Barh (NTPC)- Motihari (DMTCL) D/C ( QUAD) Transmission line at Chhapra (New) | C5: NOA | D5: - | E5: 40 | F5: 122
C6: Route Alignment | D6: Submitted | E6: 41.27 | F6: 127
D7: Approved | E7: 41.27 | F7: 127
C8: Detailed Survey | D8: Completed | E8: 41.27 | F8: 127
D9: Submitted | E9: =20.778+12.623 -> 33.401 | F9: 63 | G9: Loop Out Detail survey 7.869 km PLS data Sended to KEC H.O For Profiling and Tower Shedule.
D10: Approved | E10: 18.7 | F10: 53
C11: Check Survey | D11: Completed | E11: 13.583 | F11: 44 | G11: Check Survey Under progress.
D12: Submitted | E12: 0 | F12: 0
D13: Approved | E13: 0 | F13: 0
A15: 2 | B15: 220 KV D/C Chapra - Gopalganj Transmission Line with ACSR Zebra Conductor | C15: NoA | D15: - | E15: 100 | F15: 360
C16: Route Alignment | D16: Submitted | E16: 102.96 | F16: 343
D17: Approved | E17: 102.96 | F17: 343
C18: Detailed Survey | D18: Completed | E18: 102.96 | F18: 343
D19: Submitted | E19: 20.11 | F19: 67 | G19: Balance Detail survey PLS data Sended to KEC H.O For Profiling and Tower Shedule.
D20: Approved | E20: 20.11 | F20: 67
C21: Check Survey | D21: Completed | E21: 20.11 | F21: 67
D22: Submitted | E22: 20.11 | F22: 67
D23: Approved | E23: 20.11 | F23: 67
A25: 3 | B25: Construction of 220 KV D/C Twin Moose Chhapra- Amnaur Transmission line- | C25: NoA | D25: - | E25: 25 | F25: 82
C26: Route Alignment | D26: Submitted | E26: 6.6 | F26: 28
D27: Approved | E27: 6.4 | F27: 28 | G27: 6.475 km Approved by Client, balance 0.200 km is hold due to both side gantry co-ordinate fixing.
C28: Detailed Survey | D28: Completed | E28: 6.6 | F28: 29
D29: Submitted | E29: 6.6 | F29: 29
D30: Approved | E30: 6.4 | F30: 29
