Workbook

Sheet TB401 DPR.....
B1: Project Code | D1: TB-401 | F1: Date | H1: =TODAY() -> 46017 | I1: LOA Start Date | L1: 45041 | M1: Business Head (T&D)- India & Sri Lanka | P1: Rajinder Gupta
B2: Project Name | D2: 765KV D/C Fategarh-III Beawar Transmission Line | I2: LOA End Date | L2: 45498 | M2: PCH | P2: Sivaraman Nataraajan
B3: Client Name | D3: Strelite Power | I3: Time Extn | L3: 45498 | M3: Regional Manager | P3: Sandeep Singh Kumar
B4: LE Value | D4: Rs 312 Cr -Supply -Rs 227.5 Cr.; Service.-Rs 84.4 Cr | I4: Planning | L4: Shah Ali Khan | M4: Project Manager | P4: Virender Gupta
A5: Activity | B5: Unit | C5: LOA Qty. | D5: LE Qty | E5: Progress till Last Month | F5: Balance | G5: L2 for Dec'23 | H5: Plan for Dec.'23 | I5: Today's Progress | J5: Month Progress | K5: WIP | L5: Gangs at Present | M5: L2 Till Month-Dec.23 | N5: Progress Till Date | O5: Balance Work | P5: Remarks
A6: Route Alignment | B6: km | C6: 215 | D6: 202 | E6: 167 | F6: =D6-E6 -> 35 | G6: 0 | H6: 35 | M6: 215 | N6: =E6+J6 -> 167 | O6: =D6-N6 -> 35 | P6: 35 Km is hold due to ROW issues
A7: Detailed Survey | B7: km | C7: 215 | D7: 202 | E7: 202 | F7: =D7-E7 -> 0 | G7: 0 | M7: 215 | N7: =E7+J7 -> 202 | O7: =D7-N7 -> 0 | P7: SPTL Approved -202/202-Kms
A8: Check Survey | B8: km | C8: 215 | D8: 202 | E8: 92.704 | F8: =D8-E8 -> 109.296 | G8: 20 | H8: 50 | J8: 17.852 | M8: 160 | N8: =E8+J8 -> 110.556 | O8: =D8-N8 -> 91.444 | P8: 1. Total 7.854 Km is under review of SPTL. 2. Total check survey completed (Field work) 167 Km. 3. Total 60 Km check survey is hold due to row issues & Other issues.
A9: Foundation | B9: Nos | C9: 534 | D9: 521 | E9: 109 | F9: =D9-E9 -> 412 | G9: 75 | H9: 30 | J9: 1 | K9: 4 | L9: 3 | M9: 399 | N9: =E9+J9 -> 110 | O9: =D9-N9 -> 411 | AA9: =65/D9 -> 0.12476008 | AC9: =(D11-C9)/C9 -> -0.024344569 | AD9: =C9*AC9 -> -13 | AE9: =366-318 -> 48 | AF9: =318-12 -> 306
A10: Earthing | B10: Nos | C10: 534 | D10: 521 | E10: 106 | F10: =D10-E10 -> 415 | G10: 75 | H10: 30 | J10: 2 | M10: 399 | N10: =E10+J10 -> 108 | O10: =D10-N10 -> 413 | AA10: =65/D10 -> 0.12476008
A11: Tower Erection | B11: Nos | C11: 534 | D11: 521 | E11: 45 | F11: =D11-E11 -> 476 | G11: 75 | H11: 40 | I11: 2 | J11: 6 | K11: 5 | L11: 5 | M11: 260 | N11: =E11+J11 -> 51 | O11: =D11-N11 -> 470 | P11: 56/2 58/15 Complete | AA11: =65/D11 -> 0.12476008
A12: Tack welding | B12: Nos | C12: 534 | D12: 521 | E12: 15 | F12: =D12-E12 -> 506 | G12: 75 | H12: 40 | I12: 1 | J12: 3 | K12: 1 | L12: 1 | M12: 260 | N12: =E12+J12 -> 18 | O12: =D12-N12 -> 503 | P12: 56/7 complete | AA12: =65/D12 -> 0.12476008
A13: Stringing | B13: Km | C13: 215 | D13: 202 | E13: 0 | F13: =D13-E13 -> 202 | G13: 20 | M13: 25 | N13: =E13+J13 -> 0 | O13: =D13-N13 -> 202 | AA13: =20.635/D13 -> 0.10215347 | AD13: =103/151 -> 0.68211921
AA14: =20.635/D14 -> #DIV/0!

Sheet Eng.
A2: Tower | B2: Tower Design | D2: Test Tower | F2: Balance Structural Drawing. | H2: Tower | I2: Stub & Template Drawings | J2: Foundation
A3: Types | D3: Structural Drawing(BTB+0) | F3: (3M/6M/9M) | H3: Testing | J3: Design/Drg
B4: Target | C4: Status | D4: Target | E4: Status | F4: Target | G4: Status | J4: Target | K4: Status
A5: DA Tower | B5: 45058 | C5: Approved | D5: 45081 | E5: Approved | F5: 45101 | G5: Approved for proto | H5: Completed | I5: Approved | J5: 15-July | K5: Approved
A6: DB Tower | B6: 45076 | C6: Approved | D6: 45137 | E6: Approved | F6: 45126 | G6: Approvedin Cat-B | H6: Completed | I6: Approved for Proto | J6: DB all Fdn. By 25 -July | K6: Approved
A8: DD Tower | B8: 45098 | C8: Approved | D8: 30-Sept. | E8: Approved in Cat -B | F8: 45158 | G8: Approved in Cat -B | H8: Completed | I8: Approved in Cat -B | J8: 45138 | K8: Approved
A9: DC Tower | B9: 45123 | C9: Approved | D9: 45207 | E9: Approved in Cat -B | F9: 45188 | G9: Approved in Cat -B | H9: Completed | I9: Approved in Cat -B | J9: 45163 | K9: Approved

Sheet Fdn (Pkg -G Section -I)
A1: KEC INTERNATIONAL LIMITED | L1: Date: | M1: =TODAY() -> 46017
A2: LILO of 765 Kv DV Fatehgarh 3 Beawar TL
A3: FOUNDATION
A4: Sl. No. | B4: Month Sl. No. | C4: JMC No. | D4: Location No. | E4: Tower Type | F4: Classification | G4: Excavation Start | H4: Dt. of Start | I4: Dt. of Concrete | J4: Name of Sub-Contractor | K4: KEC representative | L4: KEC Section In-Charge | M4: Remarks
A6: 1 | B6: 1 | D6: 32/7 | E6: DA+0 | F6: SANDY | G6: 23.10.23 | H6: 25.10.23 | I6: 28.10.23 | J6: Shakti Construction | K6: Kumar Nayak | L6: Jish C Verghese | M6: Complete
A7: 2 | B7: 2 | D7: 32/5 | E7: DA+6 | F7: SANDY | G7: 29.10.23 | H7: 31.10.23 | I7: 04.11.2023 | J7: Shakti Construction | K7: Kumar Nayak | L7: Jish C Verghese | M7: Complete
A8: 3 | B8: 3 | D8: 32/1 | E8: DA+9 | F8: SANDY | G8: 03.11.23 | H8: 06.11.23 | I8: 10.11.23 | J8: Shakti Construction | K8: Kumar Nayak | L8: Jish C Verghese | M8: Complete
A9: 4 | B9: 4 | D9: 30/2 | E9: DA+0 | F9: SANDY | G9: 13.11.23 | H9: 15.11.23 | I9: 16.11.23 | J9: Shakti Construction | K9: Kumar Nayak | L9: Jish C Verghese | M9: Complete
A10: 5 | B10: 5 | D10: 32/0 | E10: DB2+6 | F10: SANDY | G10: 18.11.23 | H10: 20.11.23 | I10: 28.11.23 | J10: Shakti Construction | K10: Dipesh | L10: Jish C Verghese | M10: Complete
B11: Dec-23
A12: 1 | B12: 6 | D12: 31/3 | E12: DA+0 | F12: SANDY | G12: 28.11.23 | H12: 30.11.23 | I12: 04.12.23 | J12: Shakti Construction | K12: Dipesh | L12: Jish C Verghese | M12: Complete

Sheet TB401 DPR
A1: Project Progress for TB-401/408,Section-II
A2: 765KV D/C Fategarh-III Beawar Transmission Line | D2: TB-401 | G2: LOA Date | I2: Pkg-G -26.04.23 | L2: Completion Period | N2: 45747 | Q2: Date: | R2: =TODAY() -> 46017
D3: TB-408 | I3: Pkg-F - 11.09.23 | L3: Completion Period | N3: 45747
A4: .
A5: Activity | B5: Qty as per LOA | C5: Qty Received | D5: L2 | F5: Overall Progress | H5: Mar'25 | J5: Balance | K5: Apr'25 | O5: Plan | Q5: Remarks
D6: 45656 | E6: Till Mar-25 | F6: As on date | G6: Till Mar-25 | H6: Plan | I6: Actual | J6: As on date | K6: Plan | L6: WIP | M6: Today comp | N6: Actual | O6: 45536 | P6: 45474
A7: Details Survey | B7: 215 | C7: =C8+C9 -> 189.53 | E7: =E8+E9 -> 203 | F7: =F8+F9 -> 199.841 | G7: =G8+G9 -> 199.841
A8: Pkg-G (Section-II) | C8: 101.1 | E8: =215/2 -> 107.5 | F8: 101.1 | G8: 101.1
A9: Pkg-F (Section-II) | C9: 88.43 | E9: =(65+65+41+20)/2 -> 95.5 | F9: 98.741 | G9: 98.741
A10: Check Survey | B10: 215 | C10: =C11+C12 -> 189.53 | D10: =D11+D12 -> 0 | E10: =E11+E12 -> 203 | F10: =F11+F12 -> 189.526 | G10: =G11+G12 -> 184.552 | H10: =H11+H12 -> 14.88 | I10: =I11+I12 -> 6.08 | J10: =J11+J12 -> 0.004 | ... L10: =L11+L12 -> 0 | N10: =N11+N12 -> 4.974 | O10: =O11+O12 -> 0
A11: Pkg-G (Section-II) | C11: 101.1 | E11: =215/2 -> 107.5 | F11: =G11+N11 -> 101.096 | G11: 101.096 | H11: 6.08 | I11: 6.08 | J11: =C11-G11-N11 -> 0.004
A12: Pkg-F (Section-II) | C12: 88.43 | E12: =(65+65+41+20)/2 -> 95.5 | F12: =G12+N12 -> 88.43 | G12: =79.653+3.803 -> 83.456 | H12: 8.8 | J12: =C12-G12-N12 -> 0 | N12: 4.974
A13: Foundation | B13: 534 | C13: =C14+C15 -> 488 | D13: =D14+D15 -> 0 | E13: =E14+E15 -> 488 | F13: =F14+F15 -> 486 | G13: =G14+G15 -> 485 | H13: =H14+H15 -> 9 | I13: =I14+I15 -> 6 | J13: =J14+J15 -> 2 | ... L13: =L14+L15 -> 2 | N13: =N14+N15 -> 1 | O13: =O14+O15 -> 0 | P13: =P14+P15 -> 0
A14: Pkg-G (Section-II) | C14: 265 | E14: 265 | F14: =G14+N14 -> 265 | G14: 265 | H14: 5 | I14: 5 | J14: =C14-G14-N14 -> 0 | S14: 9649905358 | T14: D S Jangid
A15: Pkg-F (Section-II) | C15: 223 | E15: 223 | F15: =G15+N15 -> 221 | G15: 220 | H15: 4 | I15: 1 | J15: =C15-G15-N15 -> 2 | L15: 2 | M15: 1 | N15: 1 | Q15: 46/0 Complete | S15: 7014675307 | T15: jangid
A16: Gang / Worker | K16: 10/180 | L16: 02/55
A17: Erection | B17: 534 | C17: =C18+C19 -> 488 | D17: =D18+D19 -> 0 | E17: =E18+E19 -> 488 | F17: =F18+F19 -> 369 | G17: =G18+G19 -> 365 | H17: =H18+H19 -> 36 | I17: =I18+I19 -> 24 | J17: =J18+J19 -> 119 | ... P17: =P18+P19 -> 0
A18: Pkg-G (Section-II) | C18: 265 | E18: 265 | F18: =G18+N18 -> 201 | G18: 201 | H18: 20 | I18: 11 | J18: =C18-G18-N18 -> 64 | L18: 2
A19: Pkg-F (Section-II) | C19: 223 | E19: 223 | F19: =G19+N19 -> 168 | G19: 164 | H19: 16 | I19: 13 | J19: =C19-G19-N19 -> 55 | L19: 2 | M19: 1 | N19: 4 | Q19: 70/9 Complete
A20: Gang / Worker | K20: 7/240 | L20: 4/241
A21: Stringing Payout | B21: 215 | C21: =C22+C23 -> 189.53 | D21: =D22+D23 -> 0 | E21: =E22+E23 -> 189.53 | F21: =F22+F23 -> 95.792 | G21: =G22+G23 -> 94.743 | H21: =H22+H23 -> 0 | I21: =I22+I23 -> 9.18 | J21: =J22+J23 -> 93.738 | ... O21: =O22+O23 -> 0 | P21: 15
A22: Pkg-G (Section-II) | C22: 101.1 | E22: 101.1 | F22: =G22+N22 -> 52.284 | G22: 52.284 | J22: =C22-G22-N22 -> 48.816
A23: Pkg-F (Section-II) | C23: 88.43 | E23: 88.43 | F23: =G23+N23 -> 43.508 | G23: 42.459 | I23: 9.18 | J23: =C23-G23-N23 -> 44.922 | L23: 0.832 | N23: 1.049
A24: Gang / Worker | L24: 2/154
A25: Stringing Final sag | B25: 215 | C25: =C26+C27 -> 189.53 | D25: =D26+D27 -> 0 | E25: =E26+E27 -> 189.53 | F25: =F26+F27 -> 89.984 | G25: =G26+G27 -> 88.935 | H25: =H26+H27 -> 0 | I25: =I26+I27 -> 14.161 | J25: =J26+J27 -> 99.546 | ... O25: =O26+O27 -> 0 | P25: 15
A26: Pkg-G (Section-II) | C26: 101.1 | E26: 101.1 | F26: =G26+N26 -> 49.703 | G26: 49.703 | I26: 4.981 | J26: =C26-G26-N26 -> 51.397 | L26: =7.562-4.981 -> 2.581
A27: Pkg-F (Section-II) | C27: 88.43 | E27: 88.43 | F27: =G27+N27 -> 40.281 | G27: 39.232 | I27: 9.18 | J27: =C27-G27-N27 -> 48.149 | L27: 3.227 | M27: 1.049 | N27: 1.049 | Q27: 51/0 to 52/0 Complete
A28: Gang / Worker | L28: 2/154

Sheet Foundation (Pkg-F) 
A1: KEC INTERNATIONAL LIMITED | L1: Date: | M1: =TODAY() -> 46017
A2: LILO of 765 Kv DV Fatehgarh 3 Beawar TL
A3: FOUNDATION Pkg -F (Section -II)
A4: Sl. No. | B4: Month Sl. No. | C4: JMC No. | D4: Location No. | E4: Tower Type | F4: Classification | G4: Excavation Start | H4: Dt. of Start | I4: Dt. of Concrete | J4: Name of Sub-Contractor | K4: KEC representative | L4: KEC Section In-Charge | M4: Remarks
B6: 45261
A7: 1 | B7: 1 | D7: 61/3 | E7: DA+6 | F7: DRY | G7: 11.12.23 | H7: 13.12.23 | I7: 14.12.23 | J7: Manoj Sharma | K7: Dipesh | L7: RT Singh | M7: Complete
A8: 2 | B8: 2 | D8: 62/6 | E8: DA+3 | F8: DRY | G8: 08.12.23 | H8: 16.12.23 | I8: 18.12.23 | J8: Shakti Construction | K8: sanjay | L8: Rakesh Pathak | M8: Complete
A9: 3 | B9: 3 | D9: 59/14 | E9: DA+6 | F9: DRY | G9: 13.12.23 | H9: 17.12.23 | I9: 18.12.23 | J9: Manoj Sharma | K9: Dipesh | L9: RT Singh | M9: Complete
A10: 4 | B10: 4 | D10: 62/7 | E10: DA+3 | F10: DRY | G10: 08.12.23 | H10: 19.12.23 | I10: 21.12.23 | J10: Shakti Construction | K10: Umesh Kumar | L10: Rakesh Pathak | M10: Complete
A11: 5 | B11: 5 | D11: 59/13 | E11: DA+3 | F11: DRY | G11: 17.12.23 | H11: 21.12.23 | I11: 21.12.23 | J11: Manoj Sharma | K11: Dipesh | L11: RT Singh | M11: Complete
A12: 6 | B12: 6 | D12: 63/8 | E12: DA+3 | F12: DRY | G12: 08.12.23 | H12: 22.12..23 | I12: 24.12.23 | J12: Mahadev Eng | K12: Dipesh | L12: Rakesh Pathak | M12: Complete
A13: 7 | B13: 7 | D13: 59/10 | E13: DA+0 | F13: DRY | G13: 20.12.23 | H13: 23.12.23 | I13: 24.12.23 | J13: Manoj Sharma | K13: Dipesh | L13: RT Singh | M13: Complete
A14: 8 | B14: 8 | D14: 62/5 | E14: DA+0 | F14: DRY | G14: 18.12.23 | H14: 22.12..23 | I14: 25.12.23 | J14: Shakti Construction | K14: sanjay | L14: Rakesh Pathak | M14: Complete
A15: 9 | B15: 9 | D15: 59/9 | E15: DA+3 | F15: DRY | G15: 21.12.23 | H15: 25.12.23 | I15: 26.12.23 | J15: Manoj Sharma | K15: Dipesh | L15: RT Singh | M15: Complete
A16: 10 | B16: 10 | D16: 60/9 | E16: DA+3 | F16: DRY | G16: 20.12.23 | H16: 26.12.23 | I16: 27.12.23 | J16: Imran | K16: Ganesh | L16: Sumit | M16: Complete
A17: 11 | B17: 11 | D17: 62/4 | E17: DA+3 | F17: DRY | G17: 08.12.23 | H17: 26.12.23 | I17: 28.12.23 | J17: Shakti Construction | K17: sanjay | L17: Rakesh Pathak | M17: Complete | N17: Excavation & Rod binding - Amirul
A18: 12 | B18: 12 | D18: 59/8 | E18: DB+3 | F18: DRY | G18: 24.12.23 | H18: 27.12.23 | I18: 28.12.23 | J18: Manoj Sharma | K18: Kumar nayak | L18: Sumit | M18: Complete
A19: 13 | B19: 13 | D19: 59/6 | E19: DA+3 | F19: DFR | G19: 17.12.23 | H19: 27.12.23 | I19: 29.12.23 | J19: OM Const | K19: Umesh Kumar | L19: Rakesh Pathak | M19: Complete
A20: 14 | B20: 14 | D20: 63/6 | E20: DA+3 | F20: DRY | G20: 18.12.23 | H20: 27.12.23 | I20: 29.12.23 | J20: Mahadev Eng | K20: Dipesh | L20: Rakesh Pathak | M20: Complete
A21: 15 | B21: 15 | D21: 60/8 | E21: DA+0 | F21: DRY | G21: 24.12.23 | H21: 26.12.23 | I21: 29.12.23 | J21: Imran | K21: Ganesh | L21: Sumit | M21: Complete
A22: 16 | B22: 16 | D22: 59/7 | E22: DA+3 | F22: DRY | G22: 25.12.23 | H22: 29.12.23 | I22: 30.12.23 | J22: Manoj Sharma | K22: Kumar nayak | L22: RT Singh | M22: Complete
A23: 17 | B23: 17 | D23: 59/5 | E23: DA+3 | F23: DFR | G23: 15.12.23 | H23: 25.12.23 | I23: 31.12.23 | J23: OM Const | K23: Umesh Kumar | L23: RT Singh | M23: Complete
A24: 18 | B24: 18 | D24: 62/3 | E24: DA+0 | F24: DRY | G24: 25.12.23 | H24: 30.12.23 | I24: 31.12.23 | J24: Shakti Construction | K24: sanjay | L24: Rakesh Pathak | M24: Complete
B25: 45292
A26: 19 | B26: 1 | D26: 59/12 | E26: DA+6 | F26: DFR | G26: 19.12.23 | H26: 04.01.24 | I26: 05.01.24 | J26: Manoj Sharma | K26: Kumar nayak | L26: RT Singh | M26: Complete | N26: 284
A27: 20 | B27: 2 | D27: 60/7 | E27: DA+3 | F27: DRY | G27: 24.12.23 | H27: 01.01.24 | I27: 05.01.24 | J27: Imran | K27: Ganesh | L27: RT Singh | M27: Complete
A28: 21 | B28: 3 | D28: 62/2 | E28: DA+3(RC) | F28: DRY | G28: 29.12.23 | H28: 02.01.24 | I28: 05.01.24 | J28: Shakti Construction | K28: sanjay | L28: Rakesh Pathak | M28: Complete
A29: 22 | B29: 4 | D29: 59/3 | E29: DA+3(RC) | F29: DFR | G29: 30.12.23 | H29: 03.01.24 | I29: 05.01.24 | J29: OM Const | K29: Umesh Kumar | L29: RT Singh | M29: Complete
A30: 23 | B30: 5 | D30: 64/0 | E30: DB2+0 | F30: DRY | G30: 20.12.23 | H30: 04.01.24 | I30: 08.01.24 | J30: Mahadev Eng | K30: Dipesh | L30: Rakesh Pathak | M30: Complete
A31: 24 | B31: 6 | D31: 57/3 | E31: DA+0 | F31: DRY | G31: 04.01.24 | H31: 06.01.24 | I31: 08.01.24 | J31: OM Const | L31: RT Singh | M31: Complete
A32: 25 | B32: 7 | D32: 60/5 | E32: DA+3 | F32: DRY | G32: 02.01.24 | H32: 08.01.24 | I32: 09.01.24 | J32: Manoj Sharma | K32: Kumar nayak | L32: RT Singh | M32: Complete | N32: 249
A33: 26 | B33: 8 | D33: 65/2 | E33: DA+0 | F33: DRY | G33: 30.12.23 | H33: 08.01.24 | I33: 10.01.24 | J33: Veerteja Enterprises | K33: Rakesh Pathak | L33: Rakesh Pathak | M33: Complete
A34: 27 | B34: 9 | D34: 62/11 | E34: DA+3 | F34: DRY | G34: 05.01.24 | H34: 09.01.24 | I34: 10..01.24 | J34: Shakti Construction | K34: Rakesh Pathak | L34: Rakesh Pathak | M34: Complete
A35: 28 | B35: 10 | D35: 65/11 | E35: DA+0 | F35: DRY | G35: 05.01.24 | H35: 09.01.24 | I35: 10.01.24 | J35: Bhati Const. | K35: R Pandey | L35: Rakesh Pathak | M35: Complete
A36: 29 | B36: 11 | D36: 60/6 | E36: DA+0 | F36: DRY | G36: 7.0124 | H36: 10.01.24 | I36: 11.01.24 | J36: Manoj Sharma | K36: Kumar nayak | L36: RT Singh | M36: Complete
A37: 30 | B37: 12 | D37: 57/2 | E37: DA+3 | F37: DRY | G37: 07.01.24 | H37: 09.01.24 | I37: 11.01.24 | J37: OM Const | K37: RT Singh | L37: RT Singh | M37: Complete | N37: =249+74 -> 323
A38: 31 | B38: 13 | D38: 62/10 | E38: DA+0 | F38: DFR | G38: 06.01.24 | H38: 11.01.24 | I38: 13.01.24 | J38: Shakti Construction | K38: Rakesh Pathak | L38: Rakesh Pathak | M38: Complete
A39: 32 | B39: 14 | D39: 65/9 | E39: DA+0 | F39: DRY | G39: 05.01.24 | H39: 11.01.24 | I39: 13.01.24 | J39: Bhati Const. | K39: Rakesh Pathak | L39: Rakesh Pathak | M39: Complete
A40: 33 | B40: 15 | D40: 57/4 | E40: DA+0 | F40: SANDY | G40: 07.01.24 | H40: 12.01.24 | I40: 45305 | J40: OM Const | K40: RT Singh | L40: RT Singh | M40: Complete
A41: 34 | B41: 16 | D41: 64/4 | E41: DA+3 | F41: DRY | G41: 09.01.24 | H41: 45304 | I41: 45305 | J41: Mahadev Eng | L41: Rakesh Pathak | M41: Complete
A42: 35 | B42: 17 | D42: 65/3 | E42: DA+3 | F42: DRY | G42: 03.01.24 | H42: 13.01.24 | I42: 15.01.2024 | J42: Veerteja Enterprises | K42: Dipesh | L42: Rakesh Pathak | M42: Complete
A43: 36 | B43: 18 | D43: 55/3 | E43: DA+0 | F43: SANDY | G43: 06.01.24 | H43: 09.01.24 | I43: 15.01.2024 | J43: Imran | K43: RT Singh | L43: RT Singh | M43: Complete | N43: 348
A44: 37 | B44: 19 | D44: 60/10 | E44: DA+0 | F44: DFR | G44: 10.01.24 | H44: 14.01.2024 | I44: 15.01.2024 | J44: Manoj Sharma | L44: RT Singh | M44: Complete | N44: =249+3 -> 252
A45: 38 | B45: 20 | D45: 62/8 | E45: DA+0 | F45: DFR | G45: 11.01.24 | H45: 15.01.2024 | I45: 16.01.2024 | J45: Shakti Construction | L45: Rakesh Pathak | M45: Complete | N45: 270
A46: 39 | B46: 21 | D46: 55/4 | E46: DA+0(RC) | F46: SANDY | G46: 11.01.24 | H46: 12.01.24 | I46: 17.01.2024 | J46: Imran | K46: RT Singh | L46: RT Singh | M46: Complete | N46: 215
A47: 40 | B47: 22 | D47: 57/5 | E47: DA+3 RC | F47: SANDY | G47: 10.01.24 | H47: 14.01.2024 | I47: 17.01.2024 | J47: OM Const | L47: RT Singh | M47: Complete | N47: 134
A48: 41 | B48: 23 | D48: 64/1 | E48: DA+0 | F48: DRY | G48: 31.12.23 | H48: 10.01.24 | I48: 18.01.24 | J48: Mahadev Eng | K48: Mahesh | L48: Rakesh Pathak | M48: Complete | N48: 215
A49: 42 | B49: 24 | D49: 64/5 | E49: DA+3 | F49: DRY | H49: 16.01.2024 | I49: 18.01.24 | J49: Mahadev Eng | L49: Rakesh Pathak | M49: Complete | N49: 249
A50: 43 | B50: 25 | D50: 65/6 | E50: DA+0 | F50: DRY | G50: 11.01.24 | H50: 16.01.2024 | I50: 18.01.24 | J50: Bhati Const. | L50: Rakesh Pathak | M50: Complete | N50: =220+29 -> 249
A51: 44 | B51: 26 | D51: 61/0 | E51: DB2+0 | F51: DRY | G51: 14.01.24 | H51: 17.01.2024 | I51: 19.01.24 | J51: Manoj Sharma | K51: Kumar nayak | L51: RT Singh | M51: Complete | N51: =226+200 -> 426
A52: 45 | B52: 27 | D52: 62/9 | E52: DA+3 | F52: DFR | H52: 18.01.24 | I52: 19.01.24 | J52: Shakti Construction | K52: Rakesh Pathak | L52: Rakesh Pathak | M52: Complete | N52: 254
A53: 46 | B53: 28 | D53: 65/5 | E53: DA+0 | F53: DRY | G53: 17.01.24 | H53: 20.01.24 | I53: 21.01.2024 | J53: Bhati Const. | L53: Rakesh Pathak | M53: Complete | O53: 249
A54: 47 | B54: 29 | D54: 64/2 | E54: DA+3 | F54: DRY | G54: 16.01.2024 | H54: 20.01.24 | I54: 21.01.2024 | J54: Mahadev Eng | K54: Dipesh | L54: Rakesh Pathak | M54: Complete | O54: 249
A55: 48 | B55: 30 | D55: 57/6 | E55: DA+3 RC | F55: SANDY | H55: 18.01.24 | I55: 21.01.2024 | J55: OM Const | L55: RT Singh | M55: Complete | O55: 249
A56: 49 | B56: 31 | D56: 63/1 | E56: DA+3 | F56: DFR | G56: 16.01.2024 | H56: 21.01.24 | I56: 23.01.24 | J56: Shakti Construction | L56: Rakesh Pathak | M56: Complete | N56: 100 | O56: =249-100 -> 149
A57: 50 | B57: 32 | D57: 64/9 | E57: DA+3 | F57: DRY | G57: 10.01.24 | H57: 22.01.24 | I57: 24.01.24 | J57: Veerteja Enterprises | L57: Rakesh Pathak | M57: Complete | O57: 249
A58: 51 | B58: 33 | D58: 60/11 | E58: DA+3 | F58: DRY | G58: 19.01.24 | H58: 23.01.24 | I58: 24.01.24 | J58: Manoj Sharma | L58: RT Singh | M58: Complete
A59: 52 | B59: 34 | D59: 65/4 | E59: DA+0 | F59: DRY | G59: 17.01.24 | H59: 23.01.24 | I59: 24.01.24 | J59: Bhati Const. | L59: Rakesh Pathak | M59: Complete
A60: 53 | B60: 35 | D60: 63/7 | E60: DA+3 | F60: DRY | G60: 23.12.23 | H60: 24.01.24 | I60: 25.01.24 | J60: Mahadev Eng | K60: Dipesh | L60: Rakesh Pathak | M60: Complete | O60: 249
A61: 54 | B61: 36 | D61: 55/5 | E61: DA+0 RC | F61: SANDY | H61: 17.01.24 | I61: 25.01.24 | J61: Imran | K61: RT Singh | L61: RT Singh | M61: Complete | N61: 310
A62: 55 | B62: 37 | D62: 55/6 | E62: DA+0 RC | F62: SANDY | G62: 18.01.24 | H62: 20.01.24 | I62: 25.01.24 | J62: Imran | K62: RT Singh | L62: RT Singh | M62: Complete
A63: 56 | B63: 38 | D63: 63/2 | E63: DA+0 | F63: DFR | G63: 20.01.24 | H63: 24.01.24 | I63: 25.01.24 | J63: Shakti Construction | L63: Rakesh Pathak | M63: Complete
A64: 57 | B64: 39 | D64: 61/1 | E64: DA+6 | F64: DFR | G64: 16.01.2024 | H64: 27.01.24 | I64: 28.01.24 | J64: Manoj Sharma | L64: RT Singh | M64: Complete | O64: 249
A65: 58 | B65: 40 | D65: 55/7 | E65: DA+0 RC | F65: SANDY | G65: 23.01.24 | H65: 27.01.24 | I65: 29.01.24 | J65: Imran | K65: RT Singh | L65: RT Singh | M65: Complete
A66: 59 | B66: 41 | D66: 64/3 | E66: DA+0 | F66: DRY | G66: 20.01.24 | H66: 29.01.24 | I66: 30.01.24 | J66: Mahadev Eng | L66: Rakesh Pathak | M66: Complete
A67: 60 | B67: 42 | D67: 63/3 | E67: DA+3 | F67: DFR | G67: 23.01.24 | H67: 29.01.24 | I67: 30.01.24 | J67: Shakti Construction | L67: Rakesh Pathak | M67: Complete
A68: 61 | B68: 43 | D68: 64/8 | E68: DA+3 | F68: DRY | G68: 20.01.24 | H68: 29.01.24 | I68: 31.01.24 | J68: Veerteja Enterprises | L68: Rakesh Pathak | M68: Complete
A69: 62 | B69: 44 | D69: 61/2 | E69: DA+6 | F69: DFR | G69: 22.01.24 | H69: 30.01.24 | I69: 31.01.24 | J69: Manoj Sharma | L69: RT Singh | M69: Complete
B70: Feb-24
A71: 63 | B71: 1 | D71: 64/7 | E71: DA+3 | F71: DRY | G71: 23.01.24 | H71: 01.02.24 | I71: 02.02.24 | J71: Mahadev Eng | L71: Rakesh Pathak | M71: Complete
A72: 64 | B72: 2 | D72: 52/5 | E72: DA+9 RC | F72: SANDY | G72: 28.01.24 | H72: 31.01.24 | I72: 02.02.24 | J72: Imran | K72: RT Singh | L72: RT Singh | M72: Complete
A73: 65 | B73: 3 | D73: 63/4 | E73: DA+0 | F73: DRY | G73: 28.01.24 | H73: 01.02.24 | I73: 02.02.24 | J73: Shakti Construction | L73: Rakesh Pathak | M73: Complete
A74: 66 | B74: 4 | D74: 67/2 | E74: DA+0 | F74: DRY | G74: 01.02.24 | H74: 03.02.24 | I74: 04.02.24 | J74: Bhati Const. | L74: Rakesh Pathak | M74: Complete | P74: JMC not done
A75: 67 | B75: 5 | D75: 52/6 | E75: DA+6 | F75: SANDY | G75: 30.01.24 | H75: 03.02.24 | I75: 06.02.24 | J75: Imran | K75: RT Singh | L75: RT Singh | M75: Complete
A76: 68 | B76: 6 | D76: 64/6 | E76: DA+0 | F76: DRY | G76: 29.01.24 | H76: 03.02.24 | I76: 07.02.24 | J76: Mahadev Eng | L76: Rakesh Pathak | M76: Complete
A77: 69 | B77: 7 | D77: 63/5 | E77: DA+3 | F77: DFR | G77: 01.02.24 | H77: 06.02.24 | I77: 07.02.24 | J77: Shakti Construction | L77: Rakesh Pathak | M77: Complete
A78: 70 | B78: 8 | D78: 59/15 | E78: DA+6 | F78: DRY | G78: 03.02.24 | H78: 05.02.24 | I78: 07.02.24 | J78: OM Const | L78: RT Singh | M78: Complete
A79: 71 | B79: 9 | D79: 61/5 | E79: DA+3 | F79: DRY | G79: 03.02.24 | H79: 07.02.24 | I79: 09.02.24 | J79: Manoj Sharma | L79: RT Singh | M79: Complete
A80: 72 | B80: 10 | D80: 67/1 | E80: DA+0 | F80: DRY | G80: 03.01.24 | H80: 07.02.24 | I80: 09.02.24 | J80: Bhati Const. | L80: Rakesh Pathak | M80: Complete
A81: 73 | B81: 11 | D81: 64/10 | E81: DA+3 | F81: DRY | G81: 28.01.24 | H81: 08.02.24 | I81: 10.02.24 | J81: Veerteja Enterprises | L81: Rakesh Pathak | M81: Complete
A82: 74 | B82: 12 | D82: 61/6 | E82: DA+3 | F82: DRY | G82: 06.02.24 | H82: 09.02.24 | I82: 11.02.24 | J82: Manoj Sharma | L82: RT Singh | M82: Complete | N82: 100
A83: 75 | B83: 13 | D83: 52/7 | E83: DA+3 RC | F83: SANDY | H83: 07.02.24 | I83: 12.02.24 | J83: Imran | L83: RT Singh | M83: Complete
A84: 76 | B84: 14 | D84: 59/16 | E84: DA+9 | F84: Dry | G84: 08.02.24 | H84: 11.02.24 | I84: 12.02.2024 | J84: OM Const | L84: RT Singh | M84: Complete
A85: 77 | B85: 15 | D85: 63/0 | E85: DC1+0 | F85: DFR | G85: 25.01.24 | H85: 09.02.24 | I85: 13.02.24 | J85: Shakti Construction | K85: Sanjay Thakur | L85: Rakesh Pathak | M85: Complete
A86: 78 | B86: 16 | D86: 52/8 | E86: DA+6 | F86: SANDY | G86: 06.02.24 | H86: 09.02.24 | I86: 13.02.24 | J86: Imran | L86: RT Singh | M86: Complete
A87: 79 | B87: 17 | D87: 61/7 | E87: DA+9 RC | F87: Dry | G87: 09.02.24 | H87: 11.02.24 | I87: 13.02.24 | J87: Manoj Sharma | L87: RT Singh | M87: Complete
A88: 80 | B88: 18 | D88: 61/9 | E88: DA+0 | F88: Dry | G88: 12.02.24 | H88: 14.02.24 | I88: 16.02.24 | J88: Manoj Sharma | L88: RT Singh | M88: Complete
A89: 81 | B89: 19 | D89: 60/1 | E89: DA+6 | F89: DRY | H89: 14.02.24 | I89: 16.02.24 | J89: OM Const | L89: RT Singh | M89: Complete | P89: JMC not done | R89: =30/4 -> 7.5
A90: 82 | B90: 20 | D90: 52/10 | E90: DA+9 RC | F90: SANDY | H90: 14.02.24 | I90: 17.02.24 | J90: Imran | L90: RT Singh | M90: Complete
A91: 83 | B91: 21 | D91: 49/2 | E91: DA+3 | F91: SANDY | G91: 12.02.24 | H91: 14.02.24 | I91: 18.02.24 | J91: Veerteja Enterprises | K91: Manoj | L91: RT Singh | M91: Complete
A92: 84 | B92: 22 | D92: 52/9 | E92: DA+3 | F92: SANDY | G92: 13.02.24 | H92: 17.02.24 | I92: 19.02.24 | J92: Imran | L92: RT Singh | M92: Complete
A93: 85 | B93: 23 | D93: 61/8 | E93: DA+6 RC | F93: DRY | G93: 14.02.24 | H93: 17.02.24 | I93: 20.02.24 | J93: Manoj Sharma | L93: RT Singh | M93: Complete | P93: JMC not done
A94: 86 | B94: 24 | D94: 62/1 | E94: DA+3 RC | F94: SANDY | G94: 15.02.24 | H94: 17.02.24 | I94: 21.02.24 | J94: Shakti Construction | K94: Sanjay Thakur | L94: Rakesh Pathak | M94: Complete | P94: JMC not done
A95: 87 | B95: 25 | D95: 53/5 | E95: DA+3 | F95: SANDY | G95: 18.02.24 | H95: 21.02.24 | I95: 22.02.24 | J95: Imran | L95: RT Singh | M95: Complete
A96: 88 | B96: 26 | D96: 64/11 | E96: DA+3 | F96: DRY | G96: 17.02.24 | H96: 23.02.24 | I96: 24.02.24 | J96: Bhati Const. | K96: Sanjay Thakur | L96: Rakesh Pathak | M96: Complete
A97: 89 | B97: 27 | D97: 60/2 | E97: DA+3 RC | F97: DFR | G97: 16.02.24 | H97: 20.02.24 | I97: 24.02.24 | J97: OM Const | K97: RT Singh | L97: RT Singh | M97: Complete | R97: =14+17 -> 31
A98: 90 | B98: 28 | D98: 60/3 | E98: DA+3 | F98: DFR | G98: 20.02.24 | H98: 25.02.24 | I98: 28.02.24 | J98: Manoj Sharma | K98: RT Singh | L98: RT Singh | M98: Complete
A99: 91 | B99: 29 | D99: 65/0 | E99: DB1+0 | F99: DRY | G99: 19.02.24 | H99: 28.02.24 | I99: 29.02.24 | J99: Bhati Const. | K99: Sanjay Thakur | L99: Rakesh Pathak | M99: Complete
A100: 92 | B100: 30 | D100: 60/4 | E100: DA+3 | F100: DFR | G100: 18.02.24 | H100: 27.02.24 | I100: 29.02.24 | J100: Manoj Sharma | K100: RT Singh | L100: RT Singh | M100: Complete
B101: March'24
...

Sheet Earthing (PKG-F)
A1: KEC INTERNATIONAL LIMITED
A2: LILO of 765 Kv DV Fatehgarh 3 Beawar TL
A3: Earthing
A4: Sl. No. | B4: Cum S No | C4: Location No. | D4: Tower Type | E4: Classification | F4: Type of Earthing | G4: Earthing | H4: Name of Sub-Contractor | I4: Check list
B6: 45261
A7: 1 | B7: 1 | C7: 61/3 | D7: DA+6 | E7: DRY | F7: Pipe Type | G7: 18.12.23 | H7: Manoj Sharma
A8: 2 | B8: 2 | C8: 62/4 | D8: DA+3 | E8: DRY | F8: Pipe Type | G8: 31.12.23 | H8: Shakti Const.
B9: 45292
A10: 3 | B10: 1 | C10: 59/7 | D10: DA+3 | E10: DRY | F10: Pipe Type | G10: 03.01.24 | H10: Manoj Sharma
A11: 4 | B11: 2 | C11: 59/8 | D11: DB+3 | E11: DRY | F11: Pipe Type | G11: 03.01.24 | H11: Manoj Sharma
A12: 5 | B12: 3 | C12: 59/9 | D12: DA+3 | E12: DRY | F12: Pipe Type | G12: 03.01.24 | H12: Manoj Sharma
A13: 6 | B13: 4 | C13: 59/10 | D13: DA+0 | E13: DRY | F13: Pipe Type | G13: 03.01.24 | H13: Manoj Sharma
A14: 7 | B14: 5 | C14: 59/13 | D14: DA+3 | E14: DRY | F14: Pipe Type | G14: 03.01.24 | H14: Manoj Sharma
A15: 8 | B15: 6 | C15: 59/14 | D15: DA+6 | E15: DRY | F15: Pipe Type | G15: 03.01.24 | H15: Manoj Sharma
A16: 9 | B16: 7 | C16: 59/5 | D16: DA+3 | E16: DFR | F16: Counter Poise | G16: 05.01.24 | H16: om Const.
A17: 10 | B17: 8 | C17: 59/6 | D17: DA+3 | E17: DFR | F17: Counter Poise | G17: 05.01.24 | H17: om Const.
A18: 11 | B18: 9 | C18: 60/7 | D18: DA+3 | E18: DRY | F18: Pipe Type | G18: 06.01.24 | H18: Imran
A19: 12 | B19: 10 | C19: 60/8 | D19: DA+0 | E19: DRY | F19: Pipe Type | G19: 06.01.24 | H19: Imran
A20: 13 | B20: 11 | C20: 60/9 | D20: DA+3 | E20: DRY | F20: Pipe Type | G20: 06.01.24 | H20: Imran
A21: 14 | B21: 12 | C21: 62/2 | D21: DA+3(RC) | E21: DRY | F21: Pipe Type | G21: 07.01.24 | H21: Shakti Const.
... A43: 36 | B43: 34 | C43: 55/6 | D43: DA+0 RC | E43: SANDY | F43: Pipe Type | G43: 29.01.24 | H43: Imran
B44: Feb-24
A45: 37 | B45: 1 | C45: 64/8 | D45: DA+3 | E45: DRY | F45: Pipe Type | G45: 01.02.24 | H45: Veerteja
A46: 38 | B46: 2 | C46: 60/10 | D46: DA+0 | E46: DFR | F46: Counter Poise | G46: 02.02.24 | H46: Manoj Sharma
A47: 39 | B47: 3 | C47: 60/11 | D47: DA+3 | E47: DRY | F47: Pipe Type | G47: 02.02.24 | H47: Manoj Sharma
A48: 40 | B48: 4 | C48: 61/0 | D48: DB2+0 | E48: DRY | F48: Pipe Type | G48: 02.02.24 | H48: Manoj Sharma
A49: 41 | B49: 5 | C49: 61/1 | D49: DA+6 | E49: DFR | F49: Counter Poise | G49: 02.02.24 | H49: Manoj Sharma
A50: 42 | B50: 6 | C50: 61/2 | D50: DA+6 | E50: DFR | F50: Counter Poise | G50: 02.02.24 | H50: Manoj Sharma
A51: 43 | B51: 7 | C51: 55/3 | D51: DA+0 | E51: SANDY | F51: Pipe Type | G51: 02.02.24 | H51: Imran
A52: 44 | B52: 8 | C52: 55/7 | D52: DA+0 | E52: SANDY | F52: Pipe Type | G52: 02.02.24 | H52: Imran
A53: 45 | B53: 9 | C53: 52/5 | D53: DA+9 RC | E53: SANDY | F53: Pipe Type | G53: 05.02.24 | H53: Imran
A54: 46 | B54: 10 | C54: 52/6 | D54: DA+6 | E54: SANDY | F54: Pipe Type | G54: 08.02.24 | H54: Imran
A55: 47 | B55: 11 | C55: 65/6 | D55: DA+0 | E55: DRY | F55: Pipe Type | G55: 09.02.24 | H55: Bhati Const.
A56: 48 | B56: 12 | C56: 65/5 | D56: DA+0 | E56: DRY | F56: Pipe Type | G56: 09.02.24 | H56: Bhati Const.
... A87: 79 | B87: 43 | C87: 52/9 | D87: DA+3 | E87: SANDY | F87: Pipe Type | G87: 22.02.24 | H87: Imran
A88: 80 | B88: 44 | C88: 52/8 | D88: DA+6 | E88: SANDY | F88: Pipe Type | G88: 22.02.24 | H88: Imran | L88: =126+84 -> 210
A89: 81 | B89: 45 | C89: 63/3 | D89: DA+3 | E89: DFR | F89: Pipe Type | G89: 22.02.24 | H89: Shakti Const.
A90: 82 | B90: 46 | C90: 67/1 | D90: DA+0 | E90: DRY | F90: Pipe Type | G90: 13.02.24 | H90: Bhati Const.
A91: 83 | B91: 47 | C91: 60/1 | D91: DA+6 | E91: DRY | F91: Pipe Type | G91: 23.02.24 | H91: om Const.
A92: 84 | B92: 48 | C92: 53/5 | D92: DA+3 | E92: SANDY | F92: Pipe Type | G92: 25.02.24 | H92: Imran
A93: 85 | B93: 49 | C93: 60/2 | D93: DA+3 | E93: DFR | F93: Counter Poise | G93: 26.02.24 | H93: om Const.
B94: March'24
A95: 86 | B95: 1 | C95: 60/3 | D95: DA+3 | E95: DFR | F95: Counter Poise | G95: 01.03.24 | H95: Manoj Sharma
A96: 87 | B96: 2 | C96: 60/4 | D96: DA+3 | E96: DFR | F96: Counter Poise | G96: 01.03.24 | H96: Manoj Sharma
A97: 88 | B97: 3 | C97: 64/11 | D97: DA+3 | E97: DRY | F97: Pipe Type | G97: 06.03.24 | H97: Bhati Const.
A98: 89 | B98: 4 | C98: 65/0 | D98: DB1+0 | E98: DRY | F98: Pipe Type | G98: 06.03.24 | H98: Bhati Const.
A99: 90 | B99: 5 | C99: 65/1 | D99: DA+0 | E99: DRY | F99: Pipe Type | G99: 07.03.24 | H99: Bhati Const.
A100: 91 | B100: 6 | C100: 59/16 | D100: DA+9 | E100: Dry | F100: Pipe Type | G100: 26.02.24 | H100: om Const.
A101: 92 | B101: 7 | C101: 59/15 | D101: DA+6 | E101: DRY | F101: Pipe Type | G101: 26.02.24 | H101: om Const.
A102: 93 | B102: 8 | C102: 49/2 | D102: DA+3 | E102: SANDY | F102: Pipe Type | G102: 08.03.24 | H102: Veerteja Enterprises
A103: 94 | B103: 9 | C103: 61/10 | D103: DA+9 | E103: DRY | F103: Pipe Type | G103: 12.03.24 | H103: Manoj Sharma
A104: 95 | B104: 10 | C104: 62/0 | D104: DB2+0 | E104: DRY | F104: Pipe Type | G104: 12.03.24 | H104: Manoj Sharma
A105: 96 | B105: 11 | C105: 60/0 | D105: DC1+0 | E105: DRY | F105: Pipe Type | G105: 19.03.24 | H105: Manoj Sharma
A106: 97 | B106: 12 | C106: 49/3 | D106: DA+3 | E106: SANDY | F106: Pipe Type | G106: 21.03.24 | H106: Veerteja Enterprises
... A111: 102 | B111: 17 | C111: 47/8 | D111: DA+0 RC | E111: SANDY | F111: Pipe Type | G111: 29.03.24 | H111: Bhati Const.
B112: April'24
A113: 103 | B113: 1 | C113: 47/7 | D113: DA+3 | E113: SANDY | F113: Pipe Type | G113: 02.04.24 | H113: Bhati Const.
A114: 104 | B114: 2 | C114: 48/0 | D114: DC2+0 | E114: SANDY | F114: Pipe Type | G114: 07.04.24 | H114: Bhati Const.
A115: 105 | B115: 3 | C115: 48/1 | D115: DA+9 | E115: SANDY | F115: Pipe Type | G115: 16.04.24 | H115: Veerteja Enterprises
A116: 106 | B116: 4 | C116: 50/9 | D116: DA+0 RC | E116: SANDY | F116: Pipe Type | G116: 19.04.24 | H116: Shakti Const.
A117: 107 | B117: 5 | C117: 50/10 | D117: DA+0 RC | E117: SANDY | F117: Pipe Type | G117: 19.04.24 | H117: Shakti Const.
A118: 108 | B118: 6 | C118: 51/1 | D118: DA+0 RC | E118: SANDY | F118: Pipe Type | G118: 19.04.24 | H118: Shakti Const.
A119: 109 | B119: 7 | C119: 50/8 | D119: DA+9 | E119: SANDY | F119: Pipe Type | G119: 20.04.24 | H119: Shakti Const.
A120: 110 | B120: 8 | C120: 49/6 | D120: DA+0 | E120: SANDY | F120: Pipe Type | G120: 20.04.24 | H120: Shakti Const.
A121: 111 | B121: 9 | C121: 49/4 | D121: DA+3 | E121: SANDY | F121: Pipe Type | G121: 22.04.24 | H121: Veerteja
A122: 112 | B122: 10 | C122: 49/1 | D122: DA+0 | E122: SANDY | F122: Pipe Type | G122: 22.04.24 | H122: Veerteja
B123: May'24
A124: 113 | B124: 1 | C124: 49/0 | D124: DD45+0 | E124: SANDY | F124: Pipe Type | G124: 03.05.24 | H124: Veerteja Enterprises
A125: 114 | B125: 2 | C125: 52/3 | D125: DA+9 | E125: SANDY | F125: Pipe Type | G125: 23.05.24 | H125: SB MEHAR CONST.
A126: 115 | B126: 3 | C126: 47/2 | D126: DA+9 | E126: SANDY | F126: Pipe Type | G126: 28.05.24 | H126: Bhati Const.
A127: 116 | B127: 4 | C127: 50/7 | D127: DA+0 RC | E127: SANDY | F127: Pipe Type | G127: 31.05.24 | H127: Veerteja Enterprises
A128: 117 | B128: 5 | C128: 50/1 | D128: DA+6 | E128: SANDY | F128: Pipe Type | G128: 31.05.24 | H128: Veerteja Enterprises
A129: 118 | B129: 6 | C129: 51/2 | D129: DA+0 | E129: SANDY | F129: Pipe Type | G129: 31.05.24 | H129: SB MEHAR CONST. | L129: =6+5.99+29.97 -> 41.96 | M129: =L129-0.14 -> 41.82
B130: June'24
A131: 119 | B131: 1 | C131: 50/4 | D131: DA+9 RC | E131: SANDY | F131: Pipe Type | G131: 03.02.24 | H131: Veerteja Enterprises
A132: 120 | B132: 2 | C132: 50/2 | D132: DA+9 RC | E132: SANDY | F132: Pipe Type | G132: 04.02.24 | H132: Veerteja Enterprises
A133: 121 | B133: 3 | C133: 47/3 | D133: DA+9 RC | E133: SANDY | F133: Pipe Type | G133: 08.06.24 | H133: Bhati Const.
A134: 122 | B134: 4 | C134: 47/5 | D134: DA+0 RC | E134: SANDY | F134: Pipe Type | G134: 08.06.24 | H134: Bhati Const.
A135: 123 | B135: 5 | C135: 47/6 | D135: DA+3 | E135: SANDY | F135: Pipe Type | G135: 08.06.24 | H135: Bhati Const.
A136: 124 | B136: 6 | C136: 51/0 | D136: DC2+0 | E136: SANDY | F136: Pipe Type | G136: 11.06.24 | H136: SB MEHAR CONST.
B137: July'24
A138: 125 | B138: 1 | C138: 53/7 | D138: DA+3 | E138: SANDY | F138: Pipe Type | G138: 02.07.24 | H138: Bhati Const.
A139: 126 | B139: 2 | C139: 58/0 | D139: DC1+3 | E139: DFR | F139: Counter Poise | G139: 30.07.24 | H139: Bhati Const.
B140: Aug'24
A141: 127 | B141: 1 | C141: 50/0 | D141: DB2+0 RC | E141: SANDY | F141: Pipe Type | G141: 03.08.24 | H141: Veerteja Enterprises
A142: 128 | B142: 2 | C142: 57/7 | D142: DA+3 | E142: DFR | F142: Counter Poise | G142: 12.08.24 | H142: Bhati Const.
A143: 129 | B143: 3 | C143: 59/2 | D143: DA+3 | E143: DFR | F143: Counter Poise | G143: 23.08.24 | H143: Bhati Const.
B144: Sept'24
A145: 130 | B145: 1 | C145: 53/8 | D145: DA+3 | E145: Sandy | F145: Pipe Type | G145: 03.09.24 | H145: Bhati Const.
A146: 131 | B146: 2 | C146: 53/6 | D146: DA+6 RC | E146: Sandy | F146: Pipe Type | G146: 13.09.24 | H146: Bhati Const.
A147: 132 | B147: 3 | C147: 54/1 | D147: DA+3 RC | E147: Sandy | F147: Pipe Type | G147: 14.09.24 | H147: Bhati Const.
A148: 133 | B148: 4 | C148: 54/2 | D148: DA+3 | E148: Sandy | F148: Pipe Type | G148: 14.09.24 | H148: Bhati Const.
A149: 134 | B149: 5 | C149: 73/0 | D149: DB2+0 | E149: DRY | F149: Pipe Type | G149: 15.09.24 | H149: Shree Shyam Const.
A150: 135 | B150: 6 | C150: 73/2 | D150: DA+0 | E150: DRY | F150: Pipe Type | G150: 16.09.24 | H150: Shree Shyam Const.
A151: 136 | B151: 7 | C151: 73/1 | D151: DA+0 | E151: DRY | F151: Pipe Type | G151: 19.09.24 | H151: Shree Shyam Const.
A152: 137 | B152: 8 | C152: 73/9 | D152: DA+0 | E152: DRY | F152: Pipe Type | G152: 19.09.24 | H152: Shakti Const.
A153: 138 | B153: 9 | C153: 73/6 | D153: DA+0 | E153: DRY | F153: Pipe Type | G153: 22.09.24 | H153: Shree Shyam Const.
A154: 139 | B154: 10 | C154: 66/0 | D154: DC2+6 | E154: DFR | F154: Pipe Type | G154: 27.09.24 | H154: Bhati Const.
A155: 140 | B155: 11 | C155: 69/1 | D155: DA+3 | E155: DRY | F155: Pipe Type | G155: 27.09.24 | H155: Bhati Const.
A156: 141 | B156: 12 | C156: 59/11 | D156: DA+6 | E156: DFR | F156: Counter Poise | G156: 28.09.24 | H156: Mahadev Eng
...

Sheet Project Details
A1: Project Code | B1: Project Name | C1: Client Name | D1: NOA Start Date | E1: LOA End Date | F1: Planning Engineer | G1: PCH | H1: Regional Manager | I1: Project Manger | J1: Section Incharge | K1: Supervisor
A2: TB401 | B2: 765 KV Fatehgarh III to Beawer 2nd Transmission Line, PKG G | C2: Resonia Limited | D2: 26/4/2023 | E2: 46022 | F2: Mr Santosh Pandey | G2: Mr. Sanjay Kumar Gupta | H2: Mr. Sandeep Singh Kumar | I2: Mr. Virender Gupta | J2: Sumit Kumar | K2: Pradeep Kumar
J3: Rajeev Kumar | K3: Vikas Kumar
J4: Vivek Shukla | K4: Ganesh Singh
J5: Vijay Yadav | K5: Dineshwar Mahto
J6: Ram Tirath Singh | K6: Kamla Pal Prasad
J7: Jitendra Saini | K7: Bisun Saw
K8: Shakib Hussain
K9: Umesh Prasad
K10: Prince Kumar Nirala
K11: Pramod Kumar Sahoo
K12: Jainath Mahto
K13: Rajesh Pal
K14: Ramji Tanti
K15: Rakesh Pramanik
K16: Sam Mahammad
K17: Suresh Kumar Pal
K18: Hulas Kumar Mahto
K19: Akash Dadarao Thul
... K40: Jaylal Mahto

Sheet Progress
A1: Project Code | B1: TB401 | E1: LOA Start Date | F1: 26.04.23 | G1: SBU Head | H1: Mr. Rajender Gupta | I1: Head T&D-North | J1: Sanjay K. Gupta
A2: Project Name | B2: 765KV DC Fateggarh III to Beawar (2nd) TL | E2: LOA Completion Date | F2: 31.03.25 | G2: Regional Manager | H2: Mr Sandeep Kumar Singh | I2: Planning Engineer | J2: Santosh Pandey
A3: Client Name | B3: RESONIA LIMITED | E3: Expected Completion | F3: 31.12.25 | G3: Project Manager | H3: Mr Virender Gupta | I3: Date | J3: =TODAY() -> 46017
A4: Activity | B4: Final Estimated Quantity | C4: Cumulative L2 Till Last Month | D4: Cumulative Progress Till last Month | E4: L2 For Present Month | F4: Plan for the Month | G4: Today's Progress | H4: Progress till Date for the Month | I4: L2 Till Current Month | J4: Completed Till Date | K4: Balance Work | L4: Under Progress | M4: Gangs at present | N4: Remarks
A5: FOUNDATION | B5: 521 | C5: 521 | D5: 519 | E5: 0 | F5: 2 | H5: 1 | I5: 0 | J5: =D5+H5 -> 520 | K5: =B5-J5 -> 1 | L5: 0 | M5: 0 | O5: =J5/B5 -> 0.99808061
A6: EARTHING | B6: 521 | C6: 521 | D6: 494 | E6: 0 | F6: 27 | H6: 1 | I6: 0 | J6: =D6+H6 -> 495 | K6: =B6-J6 -> 26
A7: ERECTION | B7: 521 | C7: 521 | D7: 502 | E7: 0 | F7: 19 | H7: 12 | I7: 0 | J7: =D7+H7 -> 514 | K7: =B7-J7 -> 7 | L7: 2 | M7: 2 | O7: =J7/B7 -> 0.9865643
A8: TACK WELDING | B8: 521 | C8: 521 | D8: 356 | E8: 0 | F8: 35 | H8: 31 | I8: 0 | J8: =D8+H8 -> 387 | K8: =B8-J8 -> 134 | L8: 3 | M8: 3
A9: Strg (Pay-Out) | B9: 202 | C9: 202 | D9: 119.886 | E9: 0 | F9: 51 | H9: =9.007+4.141+0.237+2.818+1.175+3.914+4.809 -> 26.101 | I9: 0 | J9: =D9+H9 -> 145.987 | K9: =B9-J9 -> 56.013 | L9: 10.553 | M9: 4 | O9: =J9/B9 -> 0.72270792
A10: Strg (Final Sag) | B10: 202 | C10: 202 | D10: 119.886 | E10: 0 | F10: 51 | H10: =0.237+1.867+4.141+4.45+2.818+2.69 -> 16.203 | I10: 0 | J10: =D10+H10 -> 136.089 | K10: =B10-J10 -> 65.911 | L10: =12.588-2.69 -> 9.898 | M10: 4
A11: Stringing OPGW | B11: 202 | C11: 202 | D11: 51.706 | E11: 0 | F11: 30 | H11: =9.07+3.53+3.88+3.09 -> 19.57 | I11: 0 | J11: =D11+H11 -> 71.276 | K11: =B11-J11 -> 130.724 | M11: 1 | O11: =SUM(O5:O10)/3 -> 0.90245094
O12: =SUM(O5:O11)/4 -> 0.90245094

Sheet Hindrance
A1: HINDRANCE REGISTER
A2: 1 | B2: Name of the Substation/TL/Project | C2: 765 KV Fatehgarh-3 Beawer Transmission Line Part-G | G2: Name of Work | I2: Transmission & Power Distribution
A3: 3 | B3: Name of the Executing Agency | C3: KEC International Limited | G3: LOA No. & Date | I3: LOI/EPC/FBTL/KEC/01 Dated 25.04.2023
A5: Sr. No. | B5: Activity | C5: Total | D5: Open | E5: Close
A6: 1 | B6: Survey | C6: =+COUNTIF($D$125:$D$951,B6) -> 18 | D6: =+COUNTIFS($D$125:$D$951,B6,$J$125:$J$951,"ROW") -> 0 | E6: =+COUNTIFS($D$125:$D$951,B6,$J$125:$J$951,"Clear") -> 18
A7: 2 | B7: Foundation | C7: =+COUNTIF($D$125:$D$951,B7) -> 207 | D7: =+COUNTIFS($D$125:$D$951,B7,$J$125:$J$951,"ROW") -> 32 | E7: =+COUNTIFS($D$125:$D$951,B7,$J$125:$J$951,"Clear") -> 175
A8: 3 | B8: Erection | C8: =+COUNTIF($D$125:$D$951,B8) -> 72 | D8: =+COUNTIFS($D$125:$D$951,B8,$J$125:$J$951,"ROW") -> 40 | E8: =+COUNTIFS($D$125:$D$951,B8,$J$125:$J$951,"Clear") -> 32
A9: 4 | B9: Stringing | C9: =+COUNTIF($D$125:$D$951,B9) -> 0 | D9: =+COUNTIFS($D$125:$D$951,B9,$J$125:$J$951,"ROW") -> 0 | E9: =+COUNTIFS($D$125:$D$951,B9,$J$125:$J$951,"Clear") -> 0
A10: 5 | B10: Others | C10: =+COUNTIF($D$125:$D$951,B10) -> 2 | D10: =+COUNTIFS($D$125:$D$951,B10,$J$125:$J$951,"ROW") -> 0 | E10: =+COUNTIFS($D$125:$D$951,B10,$J$125:$J$951,"Clear") -> 2
A11: Total | C11: =SUM(C6:C10) -> 299 | D11: =+SUM(D6:D10) -> 72 | E11: =+SUM(E6:E10) -> 227
A13: S.No | B13: Nature of Hindrance | C13: Loc/Sec. | D13: Affected Activity | E13: Affected Gang Name | F13: Date of occurrence | G13: Date of removal | H13: Period of hindrance | I13: Remarks
A14: 1 | B14: 2 | C14: 3 | D14: 4 | E14: 5 | F14: 6 | G14: 7 | H14: 8 | I14: 9
B15: Check Survey in Bhandu area Hold due court case | C15: 62/0 | D15: Check Survey | F15: 45092 | G15: 45190 | H15: 98
B16: Check Survey in Bhandu area Hold due court case | C16: 63/0 | D16: Check Survey | F16: 45092 | G16: 45190 | H16: 98
B17: Check Survey in Bhandu area Hold due court case | C17: 63/1 | D17: Check Survey | F17: 45092 | G17: 45190 | H17: 98
B18: Check Survey in Bhandu area Hold due court case | C18: 63/2 | D18: Check Survey | F18: 45092 | G18: 45190 | H18: 98
B19: Check Survey in Bhandu area Hold due court case | C19: 63/3 | D19: Check Survey | F19: 45092 | G19: 45190 | H19: 98
B20: Check Survey in Bhandu area Hold due court case | C20: 63/4 | D20: Check Survey | F20: 45092 | G20: 45190 | H20: 98
B21: Check Survey in Bhandu area Hold due court case | C21: 63/5 | D21: Check Survey | F21: 45092 | G21: 45190 | H21: 98
B22: Check Survey in Bhandu area Hold due court case | C22: 63/6 | D22: Check Survey | F22: 45092 | G22: 45190 | H22: 98
B23: Check Survey in Bhandu area Hold due court case | C23: 64/0 | D23: Check Survey | F23: 45092 | G23: 45190 | H23: 98
B24: Bhandu area hold due to court case | C24: 64/1 | D24: Pit Marking | F24: 45092 | G24: 45575 | H24: 483
B25: Bhandu area hold due to court case | C25: 64/2 | D25: Pit Marking | F25: 45092 | G25: 45630 | H25: 538
B26: Bhandu area hold due to court case | C26: 64/3 | D26: Pit Marking | F26: 45092 | G26: 45630 | H26: 538
... B124: Hold due to ROW | C124: 63/4 | D124: Pit Marking | F124: 45525 | G124: 45641 | H124: 116
A125: 1 | B125: Hold due to non-finalization of S/S from Gantry to AP 2. | C125: Gty-2 | D125: Survey | F125: 45041 | G125: 45488 | H125: =+(IF(G125=0,TODAY(),G125)-F125)+1 -> 448 | I125: Refer KEC letter dated 02-01-24. | J125: =IF(G125>=1,"Clear","ROW") -> Clear
A126: 2 | B126: Delay in approval of check survey from AP 29 to AP 29/7. | C126: 29-29/7 | D126: Survey | F126: 45216 | G126: 45229 | H126: =+(IF(G126=0,TODAY(),G126)-F126)+1 -> 14 | J126: =IF(G126>=1,"Clear","ROW") -> Clear
A127: 3 | B127: Delay in approval of check survey from AP 29/7 to AP 33/0. | C127: 29/7-33 | D127: Survey | F127: 45216 | G127: 45227 | H127: =+(IF(G127=0,TODAY(),G127)-F127)+1 -> 12 | J127: =IF(G127>=1,"Clear","ROW") -> Clear
A128: 4 | B128: Check survey could not be done due to ROW From AP 11 to AP 12. | C128: 11-12 | D128: Survey | F128: 45221 | G128: 45401 | H128: =+(IF(G128=0,TODAY(),G128)-F128)+1 -> 181 | I128: Refer KEC letter dated 02-01-24. | J128: =IF(G128>=1,"Clear","ROW") -> Clear
A129: 5 | B129: Check survey could not be done due to ROW From AP 12 to AP 13. | C129: 12-13 | D129: Survey | F129: 45221 | G129: 45297 | H129: =+(IF(G129=0,TODAY(),G129)-F129)+1 -> 77 | I129: Refer KEC letter dated 02-01-24. | J129: =IF(G129>=1,"Clear","ROW") -> Clear
A130: 6 | B130: Check survey could not be done due to ROW From AP 13 to AP 14. | C130: 13-14 | D130: Survey | F130: 45221 | G130: 45303 | H130: =+(IF(G130=0,TODAY(),G130)-F130)+1 -> 83 | I130: Refer KEC letter dated 02-01-24. | J130: =IF(G130>=1,"Clear","ROW") -> Clear
A131: 7 | B131: Check survey could not be done due to ROW From AP 14 to AP 15. | C131: 14-15 | D131: Survey | F131: 45221 | G131: 45303 | H131: =+(IF(G131=0,TODAY(),G131)-F131)+1 -> 83 | I131: Refer KEC letter dated 02-01-24. | J131: =IF(G131>=1,"Clear","ROW") -> Clear
A132: 8 | B132: Check survey could not be done due to ROW From AP 15 to AP 16. | C132: 15-16 | D132: Survey | F132: 45221 | G132: 45304 | H132: =+(IF(G132=0,TODAY(),G132)-F132)+1 -> 84 | I132: Refer KEC letter dated 02-01-24. | J132: =IF(G132>=1,"Clear","ROW") -> Clear
A133: 9 | B133: Check survey could not be done due to ROW From AP 16 to AP 17. | C133: 16-17 | D133: Survey | F133: 45221 | G133: 45297 | H133: =+(IF(G133=0,TODAY(),G133)-F133)+1 -> 77 | I133: Refer KEC letter dated 02-01-24. | J133: =IF(G133>=1,"Clear","ROW") -> Clear
A134: 10 | B134: Check survey could not be done due to ROW From AP 17 to AP 18. | C134: 17-18 | D134: Survey | F134: 45221 | G134: 45297 | H134: =+(IF(G134=0,TODAY(),G134)-F134)+1 -> 77 | I134: Refer KEC letter dated 02-01-24. | J134: =IF(G134>=1,"Clear","ROW") -> Clear
A135: 11 | B135: Check survey could not be done due to ROW From AP 18 to AP 19. | C135: 18-19 | D135: Survey | F135: 45221 | G135: 45297 | H135: =+(IF(G135=0,TODAY(),G135)-F135)+1 -> 77 | I135: Refer KEC letter dated 02-01-24. | J135: =IF(G135>=1,"Clear","ROW") -> Clear
A136: 12 | B136: Check survey could not be done due to ROW From AP 19 to AP 20. | C136: 19-20 | D136: Survey | F136: 45221 | G136: 45297 | H136: =+(IF(G136=0,TODAY(),G136)-F136)+1 -> 77 | I136: Refer KEC letter dated 02-01-24. | J136: =IF(G136>=1,"Clear","ROW") -> Clear
A137: 13 | B137: Delay in approval of check survey from AP 25 to AP 29. | C137: 25-29 | D137: Survey | F137: 45225 | G137: 45316 | H137: =+(IF(G137=0,TODAY(),G137)-F137)+1 -> 92 | I137: SPTL D&E team visited the site for removed the higher side RC, we are awaiting the response from SPTL. On dated 14.01.23 Same are Pending from KEC Engg. Refer KEC Letter Dated. 02.01.24. | J137: =IF(G137>=1,"Clear","ROW") -> Clear
A138: 14 | B138: Delay in approval of check survey from AP 2 to AP 8. | C138: 2-8 | D138: Survey | F138: 45238 | G138: 45254 | H138: =+(IF(G138=0,TODAY(),G138)-F138)+1 -> 17 | J138: =IF(G138>=1,"Clear","ROW") -> Clear
A139: 15 | B139: Location no 8/6,8/10,10/0 and 10/5 was spotted under Mines Area in approved Detail Survey, Decision pending at SPTL end From AP 8 to AP 11. | C139: 8-11 | D139: Survey | F139: 45238 | G139: 45302 | H139: =+(IF(G139=0,TODAY(),G139)-F139)+1 -> 65 | I139: Refer KEC letter dated 02-01-24. | J139: =IF(G139>=1,"Clear","ROW") -> Clear
A140: 16 | B140: Delay in approval of check survey from AP 20 to AP 25. | C140: 20-25 | D140: Survey | F140: 45253 | G140: 45261 | H140: =+(IF(G140=0,TODAY(),G140)-F140)+1 -> 9 | J140: =IF(G140>=1,"Clear","ROW") -> Clear
A141: 17 | B141: ROW at location no 21/8 in PKG G. | C141: 21/8 | D141: Foundation | E141: A.B. Construction | F141: 45276 | G141: 45277 | H141: =+(IF(G141=0,TODAY(),G141)-F141)+1 -> 2 | I141: Reference Email dated 16/12/2023. | J141: =IF(G141>=1,"Clear","ROW") -> Clear
A142: 18 | B142: Gang Idle for Full day, as Post completion of location no 24/3 in PKG G by M/S NR Enterprises, Gang shifted at location no 24/4 & 24/5 for Excavation and are found under ROW. Then Shifted at 29/4 of PKG F which is also in Severe ROW. Then Gang with Machinary are shifted at 40 Kms distance at 29/3 PKG G from current location i.e. 29/4 (PKG F). | D142: Foundation | E142: N.R. Enterprises | F142: 45286 | G142: 45289 | H142: =+(IF(G142=0,TODAY(),G142)-F142)+1 -> 4 | I142: Idled Resources (Highly Skilled manpower-1, Skilled:- 2, Semi Skilled:- 3, Unskilled:- 8, JCB with operator:- 1, Azax flori with operator:- 1, Tracktor with operator:- 1, Tanker with Operator:- 1, Bolero/Camper with Diesel:- 1) | J142: =IF(G142>=1,"Clear","ROW") -> Clear
A143: 19 | B143: ROW in Foundation work in sawan Moolraj village at Loc No 23/6 | C143: 23/6 | D143: Foundation | F143: 45286 | G143: 45723 | H143: =+(IF(G143=0,TODAY(),G143)-F143)+1 -> 438 | I143: Email reference dated 09-01-2023 | J143: =IF(G143>=1,"Clear","ROW") -> Clear
A144: 20 | B144: ROW in Foundation work in sawan Moolraj village at Loc No 23/7 | C144: 23/7 | D144: Foundation | F144: 45286 | G144: 45658 | H144: =+(IF(G144=0,TODAY(),G144)-F144)+1 -> 373 | I144: Email reference dated 09-01-2023 | J144: =IF(G144>=1,"Clear","ROW") -> Clear
A145: 21 | B145: ROW in Foundation work in sawan Moolraj village at Loc No 23/8 | C145: 23/8 | D145: Foundation | F145: 45286 | G145: 45641 | H145: =+(IF(G145=0,TODAY(),G145)-F145)+1 -> 356 | I145: Email reference dated 09-01-2023 | J145: =IF(G145>=1,"Clear","ROW") -> Clear
A146: 22 | B146: ROW in Foundation work in sawan Moolraj village at Loc No 23/9 | C146: 23/9 | D146: Foundation | F146: 45286 | H146: =+(IF(G146=0,TODAY(),G146)-F146)+1 -> 732 | I146: Email reference dated 09-01-2023 | J146: =IF(G146>=1,"Clear","ROW") -> ROW
A147: 23 | B147: ROW in Foundation work in sawan Moolraj village at Loc No 23/10 | C147: 23/10 | D147: Foundation | F147: 45286 | G147: 45641 | H147: =+(IF(G147=0,TODAY(),G147)-F147)+1 -> 356 | I147: Email reference dated 09-01-2023 | J147: =IF(G147>=1,"Clear","ROW") -> Clear
A148: 24 | B148: ROW in Foundation work in sawan Moolraj village at Loc No 23/11 | C148: 23/11 | D148: Foundation | F148: 45286 | G148: 45641 | H148: =+(IF(G148=0,TODAY(),G148)-F148)+1 -> 356 | I148: Email reference dated 09-01-2023 | J148: =IF(G148>=1,"Clear","ROW") -> Clear
A149: 25 | B149: ROW in Foundation work in sawan Moolraj village at Loc No 24/0 | C149: 24/0 | D149: Foundation | F149: 45286 | G149: 45636 | H149: =+(IF(G149=0,TODAY(),G149)-F149)+1 -> 351 | I149: Email reference dated 09-01-2023 | J149: =IF(G149>=1,"Clear","ROW") -> Clear
A150: 26 | B150: ROW in Foundation work in sawan Moolraj village at Loc No 24/1 | C150: 24/1 | D150: Foundation | F150: 45286 | G150: 45627 | H150: =+(IF(G150=0,TODAY(),G150)-F150)+1 -> 342 | I150: Email reference dated 09-01-2023 | J150: =IF(G150>=1,"Clear","ROW") -> Clear
A151: 27 | B151: ROW in Foundation work in sawan Moolraj village at Loc No 24/2 | C151: 24/2 | D151: Foundation | F151: 45286 | G151: 45604 | H151: =+(IF(G151=0,TODAY(),G151)-F151)+1 -> 319 | I151: Email reference dated 09-01-2023 | J151: =IF(G151>=1,"Clear","ROW") -> Clear
A152: 28 | B152: ROW in Foundation work in sawan Moolraj village at Loc No 24/4 | C152: 24/4 | D152: Foundation | E152: N.R. Enterprises | F152: 45286 | G152: 45627 | H152: =+(IF(G152=0,TODAY(),G152)-F152)+1 -> 342 | I152: Reference Email dated 26/12/2023. Excavation not started due to Frequent obstruction by land owner. | J152: =IF(G152>=1,"Clear","ROW") -> Clear
A153: 29 | B153: ROW in Foundation work in sawan Moolraj village at Loc No 24/5 | C153: 24/5 | D153: Foundation | E153: N.R. Enterprises | F153: 45286 | G153: 45627 | H153: =+(IF(G153=0,TODAY(),G153)-F153)+1 -> 342 | I153: Reference Email dated 26/12/2023. Excavation not started due to Frequent obstruction by land owner. | J153: =IF(G153>=1,"Clear","ROW") -> Clear
A154: 30 | B154: ROW in Foundation work in sawan Moolraj village at Loc No 24/6 | C154: 24/6 | D154: Foundation | F154: 45286 | G154: 45627 | H154: =+(IF(G154=0,TODAY(),G154)-F154)+1 -> 342 | I154: Email reference dated 09-01-2023 | J154: =IF(G154>=1,"Clear","ROW") -> Clear
A155: 31 | B155: ROW in Foundation work in sawan Moolraj village at Loc No 25/0 | C155: 25/0 | D155: Foundation | F155: 45286 | G155: 45658 | H155: =+(IF(G155=0,TODAY(),G155)-F155)+1 -> 373 | I155: Email reference dated 09-01-2023 | J155: =IF(G155>=1,"Clear","ROW") -> Clear
A156: 32 | B156: ROW in Foundation work in sawan Moolraj village at Loc No 25/1 | C156: 25/1 | D156: Foundation | F156: 45286 | G156: 45659 | H156: =+(IF(G156=0,TODAY(),G156)-F156)+1 -> 374 | I156: Email reference dated 09-01-2023 | J156: =IF(G156>=1,"Clear","ROW") -> Clear
A157: 33 | B157: ROW in Foundation work in sawan Moolraj village at Loc No 25/2 | C157: 25/2 | D157: Foundation | F157: 45286 | H157: =+(IF(G157=0,TODAY(),G157)-F157)+1 -> 732 | I157: Email reference dated 09-01-2023 | J157: =IF(G157>=1,"Clear","ROW") -> ROW
A158: 34 | B158: ROW in Foundation work in sawan Moolraj village at Loc No 25/3 | C158: 25/3 | D158: Foundation | F158: 45286 | G158: 45659 | H158: =+(IF(G158=0,TODAY(),G158)-F158)+1 -> 374 | I158: Email reference dated 09-01-2023 | J158: =IF(G158>=1,"Clear","ROW") -> Clear
A159: 35 | B159: ROW in Foundation work in sawan Moolraj village at Loc No 25/4 | C159: 25/4 | D159: Foundation | F159: 45286 | G159: 45327 | H159: =+(IF(G159=0,TODAY(),G159)-F159)+1 -> 42 | I159: Email reference dated 09-01-2023 | J159: =IF(G159>=1,"Clear","ROW") -> Clear
A160: 36 | B160: ROW in Foundation work in sawan Moolraj village at Loc No 25/5 | C160: 25/5 | D160: Foundation | F160: 45286 | G160: 45627 | H160: =+(IF(G160=0,TODAY(),G160)-F160)+1 -> 342 | I160: Email reference dated 09-01-2023 | J160: =IF(G160>=1,"Clear","ROW") -> Clear
A161: 37 | B161: ROW in Foundation work in sawan Moolraj village at Loc No 25/6 | C161: 25/6 | D161: Foundation | F161: 45286 | G161: 45627 | H161: =+(IF(G161=0,TODAY(),G161)-F161)+1 -> 342 | I161: Email reference dated 09-01-2023 | J161: =IF(G161>=1,"Clear","ROW") -> Clear
A162: 38 | B162: ROW in Foundation work in sawan Moolraj village at Loc No 25/7 | C162: 25/7 | D162: Foundation | F162: 45286 | G162: 45327 | H162: =+(IF(G162=0,TODAY(),G162)-F162)+1 -> 42 | I162: Email reference dated 09-01-2023 | J162: =IF(G162>=1,"Clear","ROW") -> Clear
A163: 39 | B163: ROW in Foundation work in sawan Moolraj village at Loc No 25/8 | C163: 25/8 | D163: Foundation | F163: 45286 | G163: 45440 | H163: =+(IF(G163=0,TODAY(),G163)-F163)+1 -> 155 | I163: Email reference dated 09-01-2023 | J163: =IF(G163>=1,"Clear","ROW") -> Clear
A164: 40 | B164: ROW in Foundation work in sawan Moolraj village at Loc No 25/9 | C164: 25/9 | D164: Foundation | F164: 45286 | G164: 45440 | H164: =+(IF(G164=0,TODAY(),G164)-F164)+1 -> 155 | I164: Email reference dated 09-01-2023 | J164: =IF(G164>=1,"Clear","ROW") -> Clear
A165: 41 | B165: ROW in Foundation work in sawan Moolraj village at Loc No 25/10 | C165: 25/10 | D165: Foundation | F165: 45286 | G165: 45440 | H165: =+(IF(G165=0,TODAY(),G165)-F165)+1 -> 155 | I165: Email reference dated 09-01-2023 | J165: =IF(G165>=1,"Clear","ROW") -> Clear
A166: 42 | B166: ROW in Foundation work in sawan Moolraj village at Loc No 25/11 | C166: 25/11 | D166: Foundation | F166: 45286 | G166: 45627 | H166: =+(IF(G166=0,TODAY(),G166)-F166)+1 -> 342 | I166: Email reference dated 09-01-2023 | J166: =IF(G166>=1,"Clear","ROW") -> Clear
A167: 43 | B167: ROW in Foundation work in sawan Moolraj village at Loc No 26/0 | C167: 26/0 | D167: Foundation | F167: 45286 | G167: 45627 | H167: =+(IF(G167=0,TODAY(),G167)-F167)+1 -> 342 | I167: Email reference dated 09-01-2023 | J167: =IF(G167>=1,"Clear","ROW") -> Clear
A168: 44 | B168: ROW in Foundation work in Dhanpura village at Loc No 28/6 | C168: 28/6 | D168: Foundation | F168: 45297 | G168: 45328 | H168: =+(IF(G168=0,TODAY(),G168)-F168)+1 -> 32 | J168: =IF(G168>=1,"Clear","ROW") -> Clear
A169: 45 | B169: ROW in Foundation work in Dhanpura village at Loc No 28/7 | C169: 28/7 | D169: Foundation | F169: 45297 | G169: 45334 | H169: =+(IF(G169=0,TODAY(),G169)-F169)+1 -> 38 | I169: Your email dated 12.02.24 regarding workfront | J169: =IF(G169>=1,"Clear","ROW") -> Clear
A170: 46 | B170: ROW in Foundation work in Dhanpura village at Loc No 28/8 | C170: 28/8 | D170: Foundation | F170: 45297 | G170: 45334 | H170: =+(IF(G170=0,TODAY(),G170)-F170)+1 -> 38 | I170: Your email dated 12.02.24 regarding workfront | J170: =IF(G170>=1,"Clear","ROW") -> Clear
A171: 47 | B171: ROW in Foundation work in Dhanpura village at Loc No 28/9 | C171: 28/9 | D171: Foundation | F171: 45297 | G171: 45731 | H171: =+(IF(G171=0,TODAY(),G171)-F171)+1 -> 435 | I171: Your email dated 12.02.24 regarding workfront. Reattempted the same on 09.03.23 but the same was still is ROW. Reattempt at this location location on 09.03.2024 communicated on dated 10.03.2024 regarding Gang movement and challenges in PKG G & PKG F apart from DPR. | J171: =IF(G171>=1,"Clear","ROW") -> Clear
A172: 48 | B172: ROW in Foundation work in Dhanpura village at Loc No 29/0 | C172: 29/0 | D172: Foundation | F172: 45297 | H172: =+(IF(G172=0,TODAY(),G172)-F172)+1 -> 721 | J172: =IF(G172>=1,"Clear","ROW") -> ROW
A173: 49 | B173: ROW in Foundation work in Dhanpura village at Loc No 29/1 | C173: 29/1 | D173: Foundation | F173: 45297 | G173: 45762 | H173: =+(IF(G173=0,TODAY(),G173)-F173)+1 -> 466 | J173: =IF(G173>=1,"Clear","ROW") -> Clear
A174: 50 | B174: ROW in Foundation work in Dhanpura village at Loc No 29/2 | C174: 29/2 | D174: Foundation | F174: 45297 | G174: 45746 | H174: =+(IF(G174=0,TODAY(),G174)-F174)+1 -> 450 | I174: Reattempt at this location location on 09.03.2024 communicated on dated 10.03.2024 regarding Gang movement and challenges in PKG G & PKG F apart from DPR. | J174: =IF(G174>=1,"Clear","ROW") -> Clear
A175: 51 | B175: ROW in Foundation work in Dhanpura village at Loc No 29/6 | C175: 29/6 | D175: Foundation | F175: 45297 | G175: 45311 | H175: =+(IF(G175=0,TODAY(),G175)-F175)+1 -> 15 | J175: =IF(G175>=1,"Clear","ROW") -> Clear
A176: 52 | B176: ROW in Foundation work in Dhanpura village at Loc No 29/9 | C176: 29/9 | D176: Foundation | F176: 45297 | G176: 45325 | H176: =+(IF(G176=0,TODAY(),G176)-F176)+1 -> 29 | J176: =IF(G176>=1,"Clear","ROW") -> Clear
A177: 53 | B177: ROW in Foundation work in Dhanpura village at Loc No 29/10 | C177: 29/10 | D177: Foundation | F177: 45297 | G177: 45334 | H177: =+(IF(G177=0,TODAY(),G177)-F177)+1 -> 38 | I177: Your email dated 12.02.24 regarding workfront | J177: =IF(G177>=1,"Clear","ROW") -> Clear
A178: 54 | B178: ROW in Foundation work in Dhanpura village at Loc No 30/0 | C178: 30/0 | D178: Foundation | F178: 45297 | G178: 45334 | H178: =+(IF(G178=0,TODAY(),G178)-F178)+1 -> 38 | I178: Your email dated 12.02.24 regarding workfront | J178: =IF(G178>=1,"Clear","ROW") -> Clear
A179: 55 | B179: ROW due to objection by land owner in Excavation Works. | C179: 29/4 | D179: Foundation | E179: N.R. Enterprises | F179: 45301 | G179: 45750 | H179: =+(IF(G179=0,TODAY(),G179)-F179)+1 -> 450 | J179: =IF(G179>=1,"Clear","ROW") -> Clear
A180: 56 | B180: ROW due to objection by land owner in Excavation Works. | C180: 30/3 | D180: Foundation | E180: Bande Bharat | F180: 45301 | G180: 45561 | H180: =+(IF(G180=0,TODAY(),G180)-F180)+1 -> 261 | I180: excavation done but afterthat it is in ROW. | J180: =IF(G180>=1,"Clear","ROW") -> Clear
A181: 57 | B181: Gang idled since 11th Jan as clear work Front not available. | D181: Foundation | E181: N.R. Enterprises | F181: 45302 | G181: 45310 | H181: =+(IF(G181=0,TODAY(),G181)-F181)+1 -> 9 | I181: Idled Resources (Highly Skilled manpower-1, Skilled:- 2, Semi Skilled:- 4, Unskilled:- 9, JCB with operator:- 1, Azax flori with operator:- 1, Tracktor with operator:- 1, Tanker with Operator:- 1, Bolero/Camper with Diesel:- 2) | J181: =IF(G181>=1,"Clear","ROW") -> Clear
A182: 58 | B182: Check Survey Team (along with DGPS) is idle for three days as clear workfront not available. Re-attemped at AP 38-AP39 | D182: Survey | E182: Contour ventures private Ltd. | F182: 45300 | G182: 45302 | H182: =+(IF(G182=0,TODAY(),G182)-F182)+1 -> 3 | I182: Idled resouces DGPS With 2 Surveyor alongwith 4 Others Members and 1 Vehicle. Email communication dated 16-01-2023. | J182: =IF(G182>=1,"Clear","ROW") -> Clear
A183: 59 | B183: Centre Peg not done due to ROW at Loc no 18/2, 18/3, 18/6 & 18/7. | D183: Survey | F183: 45306 | G183: 45432 | H183: =+(IF(G183=0,TODAY(),G183)-F183)+1 -> 127 | I183: Email dated 16.01.2024 | J183: =IF(G183>=1,"Clear","ROW") -> Clear
A184: 60 | B184: Gang idle for Full day, during starting of excavation work ROW found at loc no 22/7. Gang was shifted at next location 22/8. | C184: 22/7 | D184: Foundation | E184: A.B. Construction | F184: 45313 | G184: 45313 | H184: =+(IF(G184=0,TODAY(),G184)-F184)+1 -> 1 | I184: Email dated 22.01.2024, Idled Resources (Manpower-14,JCB with operator:- 1, Azax flori with operator:- 1, Tracktor with operator:- 1, Tanker with Operator:- 1, Bolero/Camper with Diesel:- 2) | J184: =IF(G184>=1,"Clear","ROW") -> Clear
A185: 61 | B185: Gang idle for Full day, during starting of excavation work ROW found at loc no 22/8. Gang was shifted at next location 23/5. | C185: 22/8 | D185: Foundation | E185: A.B. Construction | F185: 45314 | G185: 45315 | H185: =+(IF(G185=0,TODAY(),G185)-F185)+1 -> 2 | I185: Email dated 23.01.2024, Idled Resources (Manpower-14,JCB with operator:- 1, Azax flori with operator:- 1, Tracktor with operator:- 1, Tanker with Operator:- 1, Bolero/Camper with Diesel:- 2) on dated 29.01.2024. | J185: =IF(G185>=1,"Clear","ROW") -> Clear
A186: 62 | B186: Row in foundation work due to Obstruction by land owner in Nimba ki Dhani Village. | C186: 26/1 | D186: Foundation | F186: 45323 | G186: 45706 | H186: =+(IF(G186=0,TODAY(),G186)-F186)+1 -> 384 | J186: =IF(G186>=1,"Clear","ROW") -> Clear
A187: 63 | B187: Row in foundation work due to Obstruction by land owner in Nimba ki Dhani Village. | C187: 26/2 | D187: Foundation | F187: 45323 | G187: 45651 | H187: =+(IF(G187=0,TODAY(),G187)-F187)+1 -> 329 | J187: =IF(G187>=1,"Clear","ROW") -> Clear
A188: 64 | B188: Row in foundation work due to Obstruction by land owner in Nimba ki Dhani Village. | C188: 26/3 | D188: Foundation | F188: 45323 | G188: 45658 | H188: =+(IF(G188=0,TODAY(),G188)-F188)+1 -> 336 | J188: =IF(G188>=1,"Clear","ROW") -> Clear
A189: 65 | B189: Row in foundation work due to Obstruction by land owner in Nimba ki Dhani Village. | C189: 26/4 | D189: Foundation | F189: 45323 | G189: 45334 | H189: =+(IF(G189=0,TODAY(),G189)-F189)+1 -> 12 | I189: Your email dated 12.02.24 regarding workfront | J189: =IF(G189>=1,"Clear","ROW") -> Clear
A190: 66 | B190: Row in foundation work due to Obstruction by land owner in Nimba ki Dhani Village. | C190: 26/5 | D190: Foundation | F190: 45323 | G190: 45334 | H190: =+(IF(G190=0,TODAY(),G190)-F190)+1 -> 12 | I190: Your email dated 12.02.24 regarding workfront | J190: =IF(G190>=1,"Clear","ROW") -> Clear
A191: 67 | B191: Row in foundation work due to Obstruction by land owner in Nimba ki Dhani Village. | C191: 26/6 | D191: Foundation | F191: 45323 | G191: 45334 | H191: =+(IF(G191=0,TODAY(),G191)-F191)+1 -> 12 | I191: Your email dated 12.02.24 regarding workfront | J191: =IF(G191>=1,"Clear","ROW") -> Clear
A192: 68 | B192: Row in foundation work due to Obstruction by land owner in Nimba ki Dhani Village. | C192: 26/7 | D192: Foundation | F192: 45323 | G192: 45334 | H192: =+(IF(G192=0,TODAY(),G192)-F192)+1 -> 12 | I192: Your email dated 12.02.24 regarding workfront | J192: =IF(G192>=1,"Clear","ROW") -> Clear
A193: 69 | B193: Row in foundation work due to Obstruction by land owner in Nimba ki Dhani Village. | C193: 27/0 | D193: Foundation | F193: 45323 | G193: 45334 | H193: =+(IF(G193=0,TODAY(),G193)-F193)+1 -> 12 | I193: Your email dated 12.02.24 regarding workfront | J193: =IF(G193>=1,"Clear","ROW") -> Clear
A194: 70 | B194: Row in foundation work due to Obstruction by land owner in Nimba ki Dhani Village. | C194: 27/1 | D194: Foundation | F194: 45323 | G194: 45334 | H194: =+(IF(G194=0,TODAY(),G194)-F194)+1 -> 12 | I194: Your email dated 12.02.24 regarding workfront | J194: =IF(G194>=1,"Clear","ROW") -> Clear
A195: 71 | B195: Row in foundation work due to Obstruction by land owner in Nimba ki Dhani Village. | C195: 27/2 | D195: Foundation | F195: 45323 | G195: 45334 | H195: =+(IF(G195=0,TODAY(),G195)-F195)+1 -> 12 | I195: Your email dated 12.02.24 regarding workfront | J195: =IF(G195>=1,"Clear","ROW") -> Clear
A196: 72 | B196: Row in foundation work due to Obstruction by land owner in Nimba ki Dhani Village. | C196: 27/3 | D196: Foundation | F196: 45323 | G196: 45334 | H196: =+(IF(G196=0,TODAY(),G196)-F196)+1 -> 12 | I196: Your email dated 12.02.24 regarding workfront | J196: =IF(G196>=1,"Clear","ROW") -> Clear
A197: 73 | B197: Row in foundation work due to Obstruction by land owner in Nimba ki Dhani Village. | C197: 27/4 | D197: Foundation | F197: 45323 | G197: 45334 | H197: =+(IF(G197=0,TODAY(),G197)-F197)+1 -> 12 | I197: Your email dated 12.02.24 regarding workfront | J197: =IF(G197>=1,"Clear","ROW") -> Clear
A198: 74 | B198: Row in foundation work due to Obstruction by land owner in Nimba ki Dhani Village. | C198: 27/5 | D198: Foundation | F198: 45323 | G198: 45334 | H198: =+(IF(G198=0,TODAY(),G198)-F198)+1 -> 12 | I198: Your email dated 12.02.24 regarding workfront | J198: =IF(G198>=1,"Clear","ROW") -> Clear
A199: 75 | B199: Row in foundation work due to Obstruction by land owner in Nimba ki Dhani Village. | C199: 28/0 | D199: Foundation | F199: 45323 | G199: 45352 | H199: =+(IF(G199=0,TODAY(),G199)-F199)+1 -> 30 | I199: Your email dated 12.02.24 regarding workfront but during pit marking at 13.02.24 location is still in ROW. Same was informed to you on site as well as in weekly meetings on 13th. And email dated 22.02.24 Sterlite's Part G & F 765KV Fategarh -III Beawar TL | J199: =IF(G199>=1,"Clear","ROW") -> Clear
...

Sheet Foundation (Pkg-G)
A1: KEC INTERNATIONAL LIMITED | K1: Date: | L1: =TODAY() -> 46017
A2: LILO of 765 Kv DV Fatehgarh 3 Beawar TL
A3: FOUNDATION Pkg -G (Section -II)
A4: Sl. No. | B4: Month Sl. No. | C4: Location No. | D4: Tower Type | E4: Classification | F4: Excavation Start | G4: Dt. of Start | H4: Dt. of complete | I4: Name of Sub-Contractor | J4: KEC representative | K4: KEC Section In-Charge | L4: Remarks
B6: July-23
A7: 1 | B7: 1 | C7: 58/12 | D7: DA+0 | E7: DRY | G7: 14.07.2023 | H7: 15.07.2023 | I7: Mahadev engg. | J7: Mr. Mahamaya | K7: Mr. Shah Ali Khan | L7: Complete
A8: =A7+1 -> 2 | B8: 2 | C8: 59/1 | D8: DA+0 | E8: DRY | G8: 19.07.2023 | H8: 20.07.2023 | I8: Manoj Sharma | J8: Mr Manoj | K8: Mr. Shah Ali Khan | L8: Complete
A9: =A8+1 -> 3 | B9: 3 | C9: 58/14 | D9: DA+0 | E9: DRY | G9: 17.07.2023 | H9: 20.07.2023 | I9: Mahadev engg. | J9: Mr Manoj | K9: Mr. Shah Ali Khan | L9: Complete
A10: =A9+1 -> 4 | B10: 4 | C10: 59/3 | D10: DA+0 | E10: DRY | G10: 17.07.2023 | H10: 29.07.2023 | I10: Manoj Sharma | J10: Mr. Mahamaya | K10: Mr. Shah Ali Khan | L10: Complete
A11: =A10+1 -> 5 | B11: 5 | C11: 58/9 | D11: DA+0 | E11: DRY | G11: 26.07.2023 | H11: 30.07.2023 | I11: Mahadev engg. | J11: RT Singh | K11: Mr. Shah Ali Khan | L11: Complete
B12: Aug-23
A13: =A11+1 -> 6 | B13: 1 | C13: 59/2 | D13: DA+0 | E13: DRY | G13: 01.08.23 | H13: 03.08.23 | I13: Manoj Sharma | J13: Mr. Mahamaya | K13: Mr. Shah Ali Khan | L13: Complete
A14: =A13+1 -> 7 | B14: 2 | C14: 58/1 | D14: DA+0 | E14: DRY | G14: 02.08.2023 | H14: 04.08.2023 | I14: Mahadev engg. | J14: RT Singh | K14: Mr. Shah Ali Khan | L14: Complete
A15: =A14+1 -> 8 | B15: 3 | C15: 59/6 | D15: DA+0 | E15: DRY | G15: 04.08.2023 | H15: 06.08.2023 | I15: Manoj Sharma | J15: Mr. Mahamaya | K15: Mr. Shah Ali Khan | L15: Complete
A16: =A15+1 -> 9 | B16: 4 | C16: 58/3 | D16: DA+3 | E16: DRY | G16: 04.08.2023 | H16: 06.08.2023 | I16: Mahadev engg. | J16: RT Singh | K16: Mr. Rajesh Yadav | L16: Complete
A17: =A16+1 -> 10 | B17: 5 | C17: 51/7 | D17: DA+3 | E17: DFR | G17: 08.08.23 | H17: 09.08.23 | I17: Vaishali Const | J17: Dipesh Das | K17: Mr. Ujjawal Nirala | L17: Complete
A18: =A17+1 -> 11 | B18: 6 | C18: 58/10 | D18: DA+3 | E18: DRY | G18: 09.08.23 | H18: 10.08.2023 | I18: Mahadev engg. | J18: RT Singh | K18: RT Singh | L18: Complete
A19: =A18+1 -> 12 | B19: 7 | C19: 57/9 | D19: DA+0 | E19: DRY | G19: 09.08.23 | H19: 11.08.2023 | I19: Manoj Sharma | J19: Mr. Mahamaya | K19: RT Singh | L19: Complete
A20: =A19+1 -> 13 | B20: 8 | C20: 58/5 | D20: DA+3 | E20: DRY | G20: 12.08.23 | H20: 13.08.2023 | I20: Mahadev engg. | J20: RT Singh | K20: RT Singh | L20: Complete
A21: =A20+1 -> 14 | B21: 9 | C21: 57/10 | D21: DA+0 | E21: DRY | G21: 11.08.23 | H21: 13.08.2023 | I21: Manoj Sharma | J21: RT Singh | K21: RT Singh | L21: Complete
A22: =A21+1 -> 15 | B22: 10 | C22: 51/5 | D22: DA+0 | E22: DRY | G22: 13.08.23 | H22: 14.08.23 | I22: Vaishali Const | J22: Dipesh Das | K22: Mr. Ujjawal Nirala | L22: Complete
A23: =A22+1 -> 16 | B23: 11 | C23: 52/2 | D23: DA+3 | E23: DFR | G23: 13.08.23 | H23: 16.08.23 | I23: Khewanjrai Electrical | J23: Dipesh Das | K23: Mr. Ujjawal Nirala | L23: Complete
A24: =A23+1 -> 17 | B24: 12 | C24: 57/13 | D24: DA+0 | E24: DRY | G24: 14.08.23 | H24: 16.08.23 | I24: Manoj Sharma | J24: RT Singh | K24: RT Singh | L24: Complete
A25: =A24+1 -> 18 | B25: 13 | C25: 58/11 | D25: DA+3 | E25: DRY | G25: 16.08.23 | H25: 17.08.23 | I25: Mahadev engg. | J25: RT Singh | K25: RT Singh | L25: Complete
... A46: =A45+1 -> 39 | B46: 34 | C46: 59/5 | D46: DA+0 | E46: DRY | G46: 30.08.23 | H46: 31.08.23 | I46: Mahadev engg. | J46: Mahmya Pratap | K46: Mr. Shah Ali Khan | L46: Complete
B47: 45170
A48: 40 | B48: 1 | C48: 57/2 | D48: DA+0 | E48: DRY | F48: 27.08.23 | G48: 30.08.23 | H48: 01.09.23 | I48: Manoj Sharma | J48: Jitendra Saini | K48: RT Singh | L48: Complete
A49: =A48+1 -> 41 | B49: 2 | C49: 61/1 | D49: DA+0 | E49: DRY | F49: 29.08.23 | G49: 02.09.23 | H49: 03.09.23 | I49: Mahadev engg. | K49: Mr. Shah Ali Khan | L49: Complete
A50: =A49+1 -> 42 | B50: 3 | C50: 53/4 | D50: DA+3 | E50: DRY | F50: 30.08.23 | G50: 02.09.23 | H50: 05.09.23 | I50: Vaishali Const | J50: Dipesh Das | K50: Mr. Ujjawal Nirala | L50: Complete
A51: =A50+1 -> 43 | B51: 4 | C51: 61/2 | D51: DA+0 | E51: DRY | F51: 02.09.23 | G51: 04.09.23 | H51: 05.09.23 | I51: Mahadev engg. | K51: Mr. Shah Ali Khan | L51: Complete
A52: =A51+1 -> 44 | B52: 5 | C52: 48/1 | D52: DA+0 | E52: DRY | F52: 31.08.23 | G52: 04.09.23 | H52: 06.09.23 | I52: Shri Bhadariyarai Enterprises | J52: Dipesh Das | K52: Mr. Ujjawal Nirala | L52: Complete
A53: =A52+1 -> 45 | B53: 6 | C53: 55/9 | D53: DA+3 | E53: DRY | F53: 31.08.23 | G53: 03.09.23 | H53: 06.09.23 | I53: Nurul Amin | J53: Ganesh Rajput | K53: RT Singh | L53: Complete
A54: =A53+1 -> 46 | B54: 7 | C54: 58/2 | D54: DA+0 | E54: DRY | F54: 04.09.23 | G54: 08.09.23 | H54: 09.09.23 | I54: Mahadev engg. | J54: RT Singh | K54: RT Singh | L54: Complete
A55: =A54+1 -> 47 | B55: 8 | C55: 47/2 | D55: DA+0 | E55: DFR | F55: 04.09.23 | G55: 06.09.23 | H55: 09.09.23 | I55: B S Electrical | J55: Dipesh Das | K55: Mr. Ujjawal Nirala | L55: Complete
A56: =A55+1 -> 48 | B56: 9 | C56: 57/1 | D56: DA+3 | E56: DRY | F56: 01.09.23 | G56: 09.09.23 | H56: 11.09.23 | I56: Manoj Sharma | J56: Jitendra Saini | K56: RT Singh | L56: Complete
A57: =A56+1 -> 49 | B57: 10 | C57: 48/2 | D57: DA+3 | E57: DRY | F57: 05.09.23 | G57: 10.09.23 | H57: 11.09.23 | I57: Shri Bhadariyarai Enterprises | J57: Dipesh Das | K57: Mr. Ujjawal Nirala | L57: Complete
A58: =A57+1 -> 50 | B58: 11 | C58: 51/10 | D58: DA+3 | E58: DFR | F58: 08.09.23 | G58: 10.09.23 | H58: 12.09.23 | I58: Amirul Islam | J58: Ganesh Rajput | K58: RT Singh | L58: Complete
A59: =A58+1 -> 51 | B59: 12 | C59: 57/3 | D59: DA+0 | E59: DRY | F59: 04.09.23 | G59: 12.09.23 | H59: 14.09.23 | I59: Manoj Sharma | J59: RT Singh | K59: RT Singh | L59: Complete
A60: =A59+1 -> 52 | B60: 13 | C60: 72/3 | D60: DA+0 | E60: DRY | F60: 08.09.23 | G60: 13.09.23 | H60: 14.09.23 | I60: Mahadev engg. | J60: Manoj | K60: Mr. Shah Ali Khan | L60: Complete
A61: =A60+1 -> 53 | B61: 14 | C61: 43/4 | D61: DA+9 | E61: DRY | F61: 09.09.23 | G61: 12.09.23 | H61: 14.09.23 | I61: Shakti Construction | J61: Dipesh Das | K61: Rakesh Pathak | L61: Complete
A62: =A61+1 -> 54 | B62: 15 | C62: 50/4 | D62: DA+3 | E62: DRY | F62: 11.09.23 | G62: 15.09.23 | H62: 16.09.23 | I62: Shri Bhadariyarai Enterprises | J62: Dipesh Das | K62: Mr. Ujjawal Nirala | L62: Complete
A63: =A62+1 -> 55 | B63: 16 | C63: 55/2 | D63: DA+3 | E63: DFR | F63: 26.08.23 | G63: 03.09.23 | H63: 16.09.23 | I63: Amirul Islam | J63: Kumar Nayak | K63: RT Singh | L63: Complete
... A88: =A87+1 -> 80 | B88: 41 | C88: 41/11 | D88: DA+3 | E88: SANDY | F88: 23.09.23 | G88: 27.09.23 | H88: 30.09.23 | I88: Om Const | J88: Dipesh Das | K88: Rakesh Pathak | L88: Complete
B89: 45200
A90: 81 | B90: 1 | C90: 55/11 | D90: DA+3 | E90: DFR | F90: 22.09.23 | G90: 30.09.23 | H90: 04.10.23 | I90: Nurul Amin | J90: Ganesh Rajput | K90: RT Singh | L90: Complete
A91: =A90+1 -> 82 | B91: 2 | C91: 56/5 | D91: DA+0 | E91: DRY | F91: 27.09.23 | G91: 03.10.23 | H91: 04.10.23 | I91: Manoj Sharma | J91: RT Singh | K91: RT Singh | L91: Complete
A92: =A91+1 -> 83 | B92: 3 | C92: 72/1 | D92: DA+0 | E92: DRY | F92: 29.09.23 | G92: 03.10.23 | H92: 04.10.23 | I92: Mahadev engg. | J92: Manoj | K92: Sumit mishra | L92: Complete
A93: =A92+1 -> 84 | B93: 4 | C93: 56/1 | D93: DA+3 | E93: DFR | F93: 21.09.23 | G93: 03.10.23 | H93: 05.10.23 | I93: Vaishali Const | J93: RT Singh | K93: RT Singh | L93: Complete
A94: =A93+1 -> 85 | B94: 5 | C94: 71/5 | D94: DA+0 | E94: DRY | F94: 26.09.23 | G94: 04.10.23 | H94: 06.10.23 | I94: Mahadev engg. | J94: Manoj | K94: Sumit mishra | L94: Complete
A95: =A94+1 -> 86 | B95: 6 | C95: 41/7 | D95: DA+3 | E95: SANDY | F95: 29.09.23 | G95: 04.10.23 | H95: 08.10.23 | I95: Om Const | J95: Dipesh Das | K95: Rakesh Pathak | L95: Complete
A96: =A95+1 -> 87 | B96: 7 | C96: 44/3 | D96: DA+3 | E96: WFR | F96: 29.09.23 | G96: 06.10.23 | H96: 09.10.23 | I96: Shakti Construction | J96: Dipesh Das | K96: Mr. Ujjawal Nirala | L96: Complete
A97: =A96+1 -> 88 | B97: 8 | C97: 58/4 | D97: DA+0 | E97: DRY | F97: 06.10.23 | G97: 06.10.23 | H97: 10.10.23 | I97: Mahadev engg. | J97: Manoj | K97: Sumit mishra | L97: Complete
A98: =A97+1 -> 89 | B98: 9 | C98: 56/2 | D98: DA+3 | E98: DFR | F98: 05.10.23 | G98: 13.10.23 | H98: 14.10.23 | I98: Vaishali Const | J98: jintender | K98: RT Singh | L98: Complete
A99: =A98+1 -> 90 | B99: 10 | C99: 58/7 | D99: DB1+0 | E99: DRY | F99: 10.10.23 | G99: 17.10.23 | H99: 19.10.23 | I99: Mahadev engg. | J99: Manoj | K99: Sumit mishra | L99: Complete
A100: =A99+1 -> 91 | B100: 11 | C100: 43/1 | D100: DA+9 | E100: SANDY | F100: 11.10.23 | H100: 19.10.23 | I100: Om Const | J100: Dipesh Das | K100: Rakesh Pathak | L100: Complete
A101: =A100+1 -> 92 | B101: 12 | C101: 57/6 | D101: DB1+0 | E101: DRY | F101: 16.10.23 | G101: 18.10.23 | H101: 20.10.23 | I101: Manoj Sharma | K101: RT Singh | L101: Complete
A102: =A101+1 -> 93 | B102: 13 | C102: 55/6 | D102: DA+3 | E102: DRY | F102: 30.09.23 | G102: 17.10.23 | H102: 21.10.23 | I102: Amirul Islam | J102: Kumar Nayak | K102: RT Singh | L102: Complete
A103: =A102+1 -> 94 | B103: 14 | C103: 33/1 | D103: DA+0 | E103: SANDY | F103: 15.10.23 | H103: 22.10.23 | I103: Shakti Construction | J103: Dipesh Das | K103: Mr. Ujjawal Nirala | L103: Complete
A104: =A103+1 -> 95 | B104: 15 | C104: 47/0 | D104: DB1+0 | E104: SANDY | F104: 19.10.23 | G104: 23.10.23 | H104: 26.10.23 | I104: Om Const | J104: Dipesh Das | K104: RT Singh | L104: Complete
A105: =A104+1 -> 96 | B105: 16 | C105: 59/0 | D105: DB2+0 | E105: DRY | F105: 18.10.23 | G105: 23.10.23 | H105: 26.10.23 | I105: Mahadev engg. | J105: Manoj | K105: Sumit mishra | L105: Complete
A106: =A105+1 -> 97 | B106: 17 | C106: 57/0 | D106: DB2+0 | E106: DRY | F106: 21.10.23 | G106: 25.10.23 | H106: 27.10.23 | I106: Manoj Sharma | K106: Sumit mishra | L106: Complete
A107: =A106+1 -> 98 | B107: 18 | C107: 46/2 | D107: DA+0 | E107: DRY | F107: 26.09.23 | G107: 29.09.23 | H107: 29.10.23 | I107: Shri Bhadariyarai Enterprises/Om Const | J107: Ganesh | K107: RT Singh | L107: Complete
A108: =A107+1 -> 99 | B108: 19 | C108: 56/0 | D108: DB1+0 | E108: DFR | F108: 19.10.23 | G108: 28.10.23 | H108: 31.10.23 | I108: Vaishali Const | J108: jintender | K108: Sumit mishra | L108: Complete
A109: =A108+1 -> 100 | B109: 20 | C109: 51/0 | D109: DB2+0 | E109: DFR | F109: 26.10.23 | G109: 30.10.23 | H109: 31.10.23 | I109: Manoj Sharma | J109: jintender | K109: Sumit mishra | L109: Complete
A110: =A109+1 -> 101 | B110: 21 | C110: 32/7 | D110: DA+0 | E110: Sandy | G110: 45222 | H110: 45227 | I110: Shakti Construction | J110: Kumar Nayak | L110: Complete
B111: 45231
A112: 102 | B112: 1 | C112: 48/0 | D112: DB2+0 | E112: SANDY | F112: 29.10.23 | G112: 01.11.23 | H112: 06.11.23 | I112: Om Const | J112: Ganesh | K112: Sumit mishra | L112: Complete
A113: =A112+1 -> 103 | B113: 2 | C113: 52/0 | D113: DB2+0 | E113: DRY | F113: 01.11.23 | G113: 05.11.23 | H113: 06.11.23 | I113: Manoj Sharma | J113: Ganesh | K113: Sumit mishra | L113: Complete
A114: =A113+1 -> 104 | B114: 3 | C114: 51/9 | D114: DA+3 | E114: DRY | F114: 07.11.23 | G114: 09.11.23 | H114: 13.11.23 | I114: Om Const | J114: Ganesh | K114: Sumit mishra | L114: Complete
A115: =A114+1 -> 105 | B115: 4 | C115: 51/6 | D115: DA+0 RC | E115: DRY | F115: 17.11.23 | G115: 21.11.23 | H115: 30.11.23 | I115: Om Const | J115: Ganesh | K115: RT Singh | L115: Complete
A116: =A115+1 -> 106 | B116: 5 | C116: 32/5 | D116: DA+6 | E116: Sandy | G116: 45228 | H116: 45234 | I116: Shakti Construction | K116: Kumar Nayak | L116: Complete
A117: =A116+1 -> 107 | B117: 6 | C117: 32/1 | D117: DA+9 | E117: Sandy | G117: 45233 | H117: 45240 | I117: Shakti Construction | K117: Kumar Nayak | L117: Complete
A118: =A117+1 -> 108 | B118: 7 | C118: 30/2 | D118: DA+0 | E118: Sandy | G118: 45243 | H118: 45246 | I118: Shakti Construction | K118: Kumar Nayak | L118: Complete
A119: =A118+1 -> 109 | B119: 8 | C119: 32/0 | D119: DB2+6 | E119: Sandy | G119: 45248 | H119: 45258 | I119: Shakti Construction | K119: Dipesh | L119: Complete
B120: 45261
A121: 110 | B121: 1 | C121: 46/3 | D121: DA+0 | E121: SANDY | F121: 27.11.23 | G121: 05.12.23 | H121: 07.12.23 | I121: Manoj Sharma | J121: Umesh Kumar | K121: RT Singh | L121: Complete
A122: =A121+1 -> 111 | B122: 2 | C122: 51/1 | D122: DA+0 | E122: DFR | F122: 10.09.23 | G122: 15.11.23 | H122: 06.12.23 | I122: Amirul Islam/Om Const | J122: Umesh Kumar | K122: RT Singh | L122: Complete
A123: =A122+1 -> 112 | B123: 3 | C123: 51/8 | D123: DA+3 | E123: DFR | F123: 20.11.23 | G123: 06.12.23 | H123: 09.12.23 | I123: Om Const | J123: Umesh Kumar | K123: RT Singh | L123: Complete
A124: =A123+1 -> 113 | B124: 4 | C124: 41/5 | D124: DA+0 (RC) | E124: SANDY | F124: 05.12.23 | G124: 07.12.23 | H124: 13.12.23 | I124: Shakti Construction | J124: Dipesh | K124: Jish C Verghese | L124: Complete | M124: =265-108 -> 157
A125: =A124+1 -> 114 | B125: 5 | C125: 53/1 | D125: DA+0 (RC) | E125: DRY | F125: 09.12.23 | G125: 11.12.23 | H125: 14.12.23 | I125: Om Const | J125: Umesh Kumar | K125: RT Singh | L125: Complete
A126: =A125+1 -> 115 | B126: 6 | C126: 52/3 | D126: DA+0 (RC) | E126: SANDY | F126: 13.12.23 | G126: 16.12.23 | H126: 21.12.23 | I126: Om Const | J126: Umesh Kumar | K126: RT Singh | L126: Complete
A127: =A126+1 -> 116 | B127: 7 | C127: 41/6 | D127: DA+0(RC) | E127: SANDY | F127: 23.12.23 | G127: 28.12.23 | H127: 31.12.23 | I127: Riddhika Tech. | J127: Manoj | K127: Jish C Verghese | L127: Complete
A128: =A127+1 -> 117 | B128: 8 | C128: 31/3 | D128: DA+0 | E128: Sandy | G128: 45258 | H128: 45264 | I128: Shakti Construction | K128: Dipesh | L128: Complete
A129: =A128+1 -> 118 | B129: 9 | C129: 24/3 | D129: DA+0 | E129: Sandy | G129: 45279 | H129: 45286 | I129: N.R. Enterprises | K129: Ullas Mahto | L129: Complete
A130: =A129+1 -> 119 | B130: 10 | C130: 21/8 | D130: DA+0 | E130: DFR | G130: 45283 | H130: 45289 | I130: Mehai Construction | K130: Jeetu Sachan | L130: Complete
A131: =A130+1 -> 120 | B131: 11 | C131: 29/8 | D131: DA+3 | E131: Sandy | G131: 45283 | H131: 45288 | I131: Bande Bharat Group | K131: Jeetu Sachan | L131: Complete
A132: =A131+1 -> 121 | B132: 12 | C132: 29/3 | D132: DA+6 | E132: Sandy | G132: 45287 | H132: 45290 | I132: N.R. Enterprises | K132: Jeetu Sachan | L132: Complete
A133: =A132+1 -> 122 | B133: 13 | C133: 29/7 | D133: DA+3 | E133: Sandy | G133: 45288 | H133: 45290 | I133: Bande Bharat Group | K133: Jeetu Sachan | L133: Complete
A134: =A133+1 -> 123 | B134: 14 | C134: 29/5 | D134: DA+0 | E134: Sandy | G134: 45289 | H134: 45291 | I134: N.R. Enterprises | K134: Kuntal Debnath | L134: Complete
A135: =A134+1 -> 124 | B135: 15 | C135: 21/9 | D135: DA+6 | E135: DRY | G135: 45287 | H135: 45291 | I135: Mehai Construction | K135: Jeetu Sachan | L135: Complete
B136: 45292
A137: 125 | B137: 1 | C137: 41/4 | D137: DA+0(RC) | E137: SANDY | F137: 30.12.23 | G137: 03.01.24 | H137: 06.01.24 | I137: Riddhika Tech. | J137: Rajiv | K137: Jish C Verghese | L137: Complete
A138: =A137+1 -> 126 | B138: 2 | C138: 41/9 | D138: DA+0(RC) | E138: SANDY | F138: 04.01.24 | G138: 08.01.24 | H138: 12.01.24 | I138: Riddhika Tech. | J138: Rajiv | K138: Jish C Verghese | L138: Complete
A139: =A138+1 -> 127 | B139: 3 | C139: 41/8 | D139: DA+0 (RC) | E139: SANDY | F139: 08.01.24 | G139: 13.01.24 | H139: 18.01.24 | I139: Riddhika Tech. | J139: Rajiv | K139: Jish C Verghese | L139: Complete
A140: =A139+1 -> 128 | B140: 4 | C140: 41/12 | D140: DA+3 RC | E140: SANDY | F140: 19.01.24 | G140: 21.01.24 | H140: 25.01.24 | I140: Riddhika Tech. | J140: Rajiv | K140: Jish C Verghese | L140: Complete
A141: =A140+1 -> 129 | B141: 5 | C141: 46/4 | D141: DA+0 (RC) | E141: SANDY | G141: 23.01.24 | H141: 28.01.24 | I141: Om Const | K141: Jish C Verghese | L141: Complete
A142: =A141+1 -> 130 | B142: 6 | C142: 43/2 | D142: DA+9 RC | E142: SANDY | F142: 19.01.24 | G142: 24.01.24 | H142: 30.01.24 | I142: Sai Infra | J142: Manoj | K142: Jish C Verghese | L142: Complete
A143: =A142+1 -> 131 | B143: 7 | C143: 63/5 | D143: DA+3 | E143: DRY | F143: 23.01.24 | G143: 29.01.24 | H143: 30.01.24 | I143: Bhati Const. | K143: Rakesh Pathak | L143: Complete
A144: =A143+1 -> 132 | B144: 8 | C144: 63/6 | D144: DA+3 | E144: DRY | F144: 30.01.24 | G144: 30.01.24 | H144: 31.01.24 | I144: Bhati Const. | K144: Rakesh Pathak | L144: Complete
A145: =A144+1 -> 133 | B145: 9 | C145: 23/2 | D145: DA+0 | E145: DFR | G145: 45292 | H145: 45304 | I145: Nagana Rai & Company | K145: Jeetu Sachan | L145: Complete
...

Sheet Earthing (PKG-G)
B1: KEC INTERNATIONAL LIMITED
B2: LILO of 765 Kv DV Fatehgarh 3 Beawar TL
B3: Earthing
A4: Cum S No | B4: Sl. No. | C4: Location No. | D4: Tower Type | E4: Classification | F4: Type of Earthing | G4: Earthing | H4: Name of Sub-Contractor | I4: Check list
B6: 45139
A7: 1 | B7: 1 | C7: 58/1 | D7: DA+0 | E7: DRY | F7: Pipe Type | G7: 16.08.23 | H7: Mahadev engg. | I7: Check list submitted
A8: =A7+1 -> 2 | B8: 2 | C8: 58/11 | D8: DA+3 | E8: DRY | F8: Pipe Type | G8: 20.08.23 | H8: Mahadev engg. | I8: Check list submitted
A9: =A8+1 -> 3 | B9: 3 | C9: 58/3 | D9: DA+3 | E9: DRY | F9: Pipe Type | G9: 24.8.23 | H9: Mahadev engg. | I9: Check list submitted
A10: =A9+1 -> 4 | B10: 4 | C10: 58/5 | D10: DA+3 | E10: DRY | F10: Pipe Type | G10: 24.8.23 | H10: Mahadev engg. | I10: Check list submitted
A11: =A10+1 -> 5 | B11: 5 | C11: 57/10 | D11: DA+0 | E11: DRY | F11: Pipe Type | G11: 24.8.23 | H11: Manoj Sharma | I11: Check list submitted
A12: =A11+1 -> 6 | B12: 6 | C12: 57/13 | D12: DA+0 | E12: DRY | F12: Pipe Type | G12: 24.8.23 | H12: Manoj Sharma | I12: Check list submitted
A13: =A12+1 -> 7 | B13: 7 | C13: 57/11 | D13: DA+0 | E13: DRY | F13: Pipe Type | G13: 24.8.23 | H13: Manoj Sharma | I13: Check list submitted
A14: =A13+1 -> 8 | B14: 8 | C14: 57/12 | D14: DA+3 | E14: DRY | F14: Pipe Type | G14: 24.8.23 | H14: Manoj Sharma | I14: Check list submitted
A15: =A14+1 -> 9 | B15: 9 | C15: 58/6 | D15: DA+3 | E15: DRY | F15: Pipe Type | G15: 24.8.23 | H15: Mahadev engg. | I15: Check list submitted
A16: =A15+1 -> 10 | B16: 10 | C16: 57/8 | D16: DA+3 | E16: DRY | F16: Pipe Type | G16: 25.08.23 | H16: Manoj Sharma | I16: Check list submitted
A17: =A16+1 -> 11 | B17: 11 | C17: 52/2 | D17: DA+3 | E17: DFR | F17: Counter Poise | G17: 25.08.23 | H17: Khewanjrai Electrical | I17: Check list submitted
A18: =A17+1 -> 12 | B18: 12 | C18: 57/9 | D18: DA+0 | E18: DRY | F18: Pipe Type | G18: 25.08.23 | H18: Manoj Sharma | I18: Check list submitted
A19: =A18+1 -> 13 | B19: 13 | C19: 58/15 | D19: DA+3 | E19: DRY | F19: Pipe Type | G19: 26.08.23 | H19: Mahadev engg. | I19: Check list submitted
... A28: =A27+1 -> 22 | B28: 22 | C28: 52/4 | D28: DA+0 | E28: DFR | F28: Counter Poise | G28: 31.08.23 | H28: Khewanjrai Electrical | I28: Check list submitted
B29: 45170
A30: 23 | B30: 1 | C30: 61/1 | D30: DA+0 | E30: DRY | F30: Pipe Type | G30: 03.09.2023 | H30: Mahadev engg. | I30: Check list submitted
A31: =A30+1 -> 24 | B31: 2 | C31: 59/5 | D31: DA+0 | E31: DRY | F31: Pipe Type | G31: 05.09.23 | H31: Mahadev engg. | I31: Check list submitted
A32: =A31+1 -> 25 | B32: 3 | C32: 61/2 | D32: DA+0 | E32: DRY | F32: Pipe Type | G32: 06.09.23 | H32: Mahadev engg. | I32: Check list submitted
A33: =A32+1 -> 26 | B33: 4 | C33: 58/2 | D33: DA+0 | E33: DRY | F33: Pipe Type | G33: 10.09.23 | H33: Mahadev engg. | I33: Check list submitted
A34: =A33+1 -> 27 | B34: 5 | C34: 59/1 | D34: DA+0 | E34: DRY | F34: Pipe Type | G34: 10.09.23 | H34: Manoj Sharma | I34: Check list submitted
A35: =A34+1 -> 28 | B35: 6 | C35: 59/3 | D35: DA+0 | E35: DRY | F35: Pipe Type | G35: 10.09.23 | H35: Manoj Sharma | I35: Check list submitted
A36: =A35+1 -> 29 | B36: 7 | C36: 59/2 | D36: DA+0 | E36: DRY | F36: Pipe Type | G36: 10.09.23 | H36: Manoj Sharma | I36: Check list submitted
A37: =A36+1 -> 30 | B37: 8 | C37: 59/6 | D37: DA+0 | E37: DRY | F37: Pipe Type | G37: 10.09.23 | H37: Manoj Sharma | I37: Check list submitted
A38: =A37+1 -> 31 | B38: 9 | C38: 53/3 | D38: DA+3 | E38: DRY | F38: Pipe Type | G38: 12.09.23 | H38: Vaishali Const | I38: Check list submitted
A39: =A38+1 -> 32 | B39: 10 | C39: 53/4 | D39: DA+3 | E39: DRY | F39: Pipe Type | G39: 12.09.23 | H39: Vaishali Const | I39: Check list submitted
A40: =A39+1 -> 33 | B40: 11 | C40: 47/3 | D40: DA+0 | E40: DFR | F40: Counter Poise | G40: 18.09.23 | H40: B S Electrical | I40: received
A41: =A40+1 -> 34 | B41: 12 | C41: 47/2 | D41: DA+0 | E41: DFR | F41: Counter Poise | G41: 18.09.23 | H41: B S Electrical | I41: received
A42: =A41+1 -> 35 | B42: 13 | C42: 51/10 | D42: DA+3 | E42: DFR | F42: Counter Poise | G42: 19.09.23 | H42: Nurul Amin | I42: received
... A57: =A56+1 -> 50 | B57: 28 | C57: 55/10 | D57: DA+3 | E57: DRY | F57: Pipe Type | G57: 29.09.23 | H57: Nurul Amin | I57: Not received
A58: =A57+1 -> 51 | B58: 29 | C58: 44/4 | D58: DA+0 | E58: WFR | F58: Counter Poise | G58: 30.09.23 | H58: B S Electrical
A59: =A58+1 -> 52 | B59: 30 | C59: 44/2 | D59: DA+0 | E59: SANDY | F59: Pipe Type | G59: 30.09.23 | H59: Shakti Construction
B60: 45200
A61: 53 | B61: 1 | C61: 50/3 | D61: DA+0 | E61: DFR | F61: Counter Poise | G61: 01.10.23 | H61: Shri Bhadariyarai Enterprises
A62: =A61+1 -> 54 | B62: 2 | C62: 72/3 | D62: DA+0 | E62: DRY | F62: Pipe Type | G62: 01.10.23 | H62: Mahadev engg.
A63: =A62+1 -> 55 | B63: 3 | C63: 72/4 | D63: DA+0 | E63: DRY | F63: Pipe Type | G63: 01.10.23 | H63: Mahadev engg.
A64: =A63+1 -> 56 | B64: 4 | C64: 72/5 | D64: DA+0 | E64: DRY | F64: Pipe Type | G64: 01.10.23 | H64: Mahadev engg.
A65: =A64+1 -> 57 | B65: 5 | C65: 72/2 | D65: DA+0 | E65: DRY | F65: Pipe Type | G65: 03.10.23 | H65: Mahadev engg.
A66: =A65+1 -> 58 | B66: 6 | C66: 71/3 | D66: DA+0 | E66: DRY | F66: Pipe Type | G66: 03.10.23 | H66: Mahadev engg.
A67: =A66+1 -> 59 | B67: 7 | C67: 71/4 | D67: DA+0 | E67: DRY | F67: Pipe Type | G67: 03.10.23 | H67: Mahadev engg.
A68: =A67+1 -> 60 | B68: 8 | C68: 71/1 | D68: DA+0 | E68: DRY | F68: Pipe Type | G68: 03.10.23 | H68: Mahadev engg.
A69: =A68+1 -> 61 | B69: 9 | C69: 57/4 | D69: DA+0 | E69: DRY | F69: Pipe Type | G69: 04.10.23 | H69: Manoj Sharma
A70: =A69+1 -> 62 | B70: 10 | C70: 57/5 | D70: DA+3 | E70: DRY | F70: Pipe Type | G70: 04.10.23 | H70: Manoj Sharma
A71: =A70+1 -> 63 | B71: 11 | C71: 57/2 | D71: DA+0 | E71: DRY | F71: Pipe Type | G71: 04.10.23 | H71: Manoj Sharma
A72: =A71+1 -> 64 | B72: 12 | C72: 57/1 | D72: DA+3 | E72: DRY | F72: Pipe Type | G72: 04.10.23 | H72: Manoj Sharma
A73: =A72+1 -> 65 | B73: 13 | C73: 57/3 | D73: DA+0 | E73: DRY | F73: Pipe Type | G73: 04.10.23 | H73: Manoj Sharma
... A76: =A75+1 -> 68 | B76: 16 | C76: 56/4 | D76: DA+3 | E76: DFR | F76: Counter Poise | G76: 04.10.23 | H76: Manoj Sharma
A77: =A76+1 -> 69 | B77: 17 | C77: 57/7 | D77: DA+3 | E77: DRY | F77: Pipe Type | G77: 04.10.23 | H77: Manoj Sharma | K77: 72/1
A78: =A77+1 -> 70 | B78: 18 | C78: 56/5 | D78: DA+0 | E78: DRY | F78: Pipe Type | G78: 05.10.23 | H78: Manoj Sharma | K78: 71/5
A79: =A78+1 -> 71 | B79: 19 | C79: 55/11 | D79: DA+3 | E79: DRY | F79: Pipe Type | G79: 05.10.23 | H79: Nurul Amin
A80: =A79+1 -> 72 | B80: 20 | C80: 55/7 | D80: DA+0 | E80: DRY | F80: Pipe Type | G80: 06.10.23 | H80: Nurul Amin
A81: =A80+1 -> 73 | B81: 21 | C81: 55/8 | D81: DA+3 | E81: DRY | F81: Pipe Type | G81: 06.10.23 | H81: Nurul Amin
A82: =A81+1 -> 74 | B82: 22 | C82: 55/9 | D82: DA+3 | E82: DRY | F82: Pipe Type | G82: 06.10.23 | H82: Nurul Amin
A83: =A82+1 -> 75 | B83: 23 | C83: 55/5 | D83: DA+0 | E83: DFR | F83: Counter Poise | G83: 07.10.23 | H83: Amirul Islam
A84: =A83+1 -> 76 | B84: 24 | C84: 56/1 | D84: DA+3 | E84: DFR | F84: Counter Poise | G84: 08.10.23 | H84: Vaishali Const
A85: =A84+1 -> 77 | B85: 25 | C85: 58/14 | D85: DA+0 | E85: DRY | F85: Pipe Type | G85: 08.10.23 | H85: Mahadev engg.
A86: =A85+1 -> 78 | B86: 26 | C86: 41/7 | D86: DA+3 | E86: SANDY | F86: Pipe Type | G86: 09.10.23 | H86: Om Const
A87: =A86+1 -> 79 | B87: 27 | C87: 41/10 | D87: DA+3 | E87: SANDY | F87: Pipe Type | G87: 09.10.23 | H87: Om Const
A88: =A87+1 -> 80 | B88: 28 | C88: 44/3 | D88: DA+3 | E88: WFR | F88: Counter Poise | G88: 10.10.23 | H88: Shakti Construction
A89: =A88+1 -> 81 | B89: 29 | C89: 41/11 | D89: DA+3 | E89: SANDY | F89: Pipe Type | G89: 12.10.23 | H89: Om Const
A90: =A89+1 -> 82 | B90: 30 | C90: 58/4 | D90: DA+0 | E90: DRY | F90: Pipe Type | G90: 11.10.23 | H90: Mahadev engg.
... A99: =A98+1 -> 91 | B99: 39 | C99: 57/0 | D99: DB2+0 | E99: DRY | F99: Pipe Type | G99: 28.10.23 | H99: Manoj Sharma
B100: 45231
A101: 92 | B101: 1 | C101: 56/0 | D101: DB1+0 | E101: DFR | F101: Counter Poise | G101: 02.11.23 | H101: Vaishali Const
A102: =A101+1 -> 93 | B102: 2 | C102: 51/0 | D102: DB2+0 | E102: DFR | F102: Counter Poise | G102: 02.11.23 | H102: Manoj Sharma
A103: =A102+1 -> 94 | B103: 3 | C103: 48/0 | D103: DB2+0 | E103: SANDY | F103: Pipe Type | G103: 05.11.23 | H103: Om Const
A104: =A103+1 -> 95 | B104: 4 | C104: 55/6 | D104: DA+3 | E104: DRY | F104: Pipe Type | G104: 07.11.23 | H104: Amirul Islam
A105: =A104+1 -> 96 | B105: 5 | C105: 33/1 | D105: DA+0 | E105: SANDY | F105: Pipe Type | G105: 07.11.23 | H105: Shakti Construction
A106: =A105+1 -> 97 | B106: 6 | C106: 52/0 | D106: DB2+0 | E106: DRY | F106: Pipe Type | G106: 08.11.23 | H106: Manoj Sharma
A107: =A106+1 -> 98 | B107: 7 | C107: 43/1 | D107: DA+9 | E107: SANDY | F107: Pipe Type | G107: 08.11.23 | H107: Om Const
A108: =A107+1 -> 99 | B108: 8 | C108: 46/2 | D108: DA+0 | E108: DRY | F108: Pipe Type | G108: 09.11.23 | H108: Bhadariya
A109: =A108+1 -> 100 | B109: 9 | C109: 47/0 | D109: DB1+0 | E109: SANDY | F109: Pipe Type | G109: 09.11.23 | H109: Om Const
A110: =A109+1 -> 101 | B110: 10 | C110: 51/9 | D110: DA+0 | E110: DRY | F110: Pipe Type | G110: 14.11.23 | H110: Om Const
A111: =A110+1 -> 102 | B111: 11 | C111: 32/7 | D111: DA+0 | E111: Sandy | F111: Pipe | G111: 45237 | H111: Shakti Construction
A112: =A111+1 -> 103 | B112: 12 | C112: 32/1 | D112: DA+9 | E112: Sandy | F112: Pipe | G112: 45240 | H112: Shakti Construction
A113: =A112+1 -> 104 | B113: 13 | C113: 32/5 | D113: DA+6 | E113: Sandy | F113: Pipe | G113: 45240 | H113: Shakti Construction
A114: =A113+1 -> 105 | B114: 14 | C114: 30/2 | D114: DA+0 | E114: Sandy | F114: Pipe | G114: 45248 | H114: Shakti Construction
A115: =A114+1 -> 106 | B115: 15 | C115: 32/0 | D115: DB2+6 | E115: Sandy | F115: Pipe | G115: 45258 | H115: Shakti Construction
B116: 45261
A117: 107 | B117: 1 | C117: 51/6 | D117: DA+0 | E117: DRY | F117: Pipe Type | G117: 02.12.23 | H117: Om Const
A118: =A117+1 -> 108 | B118: 2 | C118: 46/3 | D118: DA+0 | E118: SANDY | F118: Pipe Type | G118: 09.12.23 | H118: Manoj Sharma
A119: =A118+1 -> 109 | B119: 3 | C119: 51/1 | D119: DA+0 | E119: DFR | F119: Counter Poise | G119: 09.12.23 | H119: Om Const
A120: =A119+1 -> 110 | B120: 4 | C120: 41/5 | D120: DA+0 RC | E120: SANDY | F120: Pipe Type | G120: 13.12.23 | H120: Shakti Construction
A121: =A120+1 -> 111 | B121: 5 | C121: 53/1 | D121: DA+0 RC | E121: DRY | F121: Pipe Type | G121: 17.12.23 | H121: Om Const
A122: =A121+1 -> 112 | B122: 6 | C122: 51/8 | D122: DA+3 | E122: DFR | F122: Counter Poise | G122: 17.12.23 | H122: Om Const
A123: =A122+1 -> 113 | B123: 7 | C123: 52/3 | D123: DA+0 RC | E123: SANDY | F123: Pipe Type | G123: 22.12.23 | H123: Om Const
A124: =A123+1 -> 114 | B124: 8 | C124: 31/3 | D124: DA+0 | E124: Sandy | F124: Pipe | G124: 45265 | H124: Shakti Construction
A125: =A124+1 -> 115 | B125: 9 | C125: 24/3 | D125: DA+0 | E125: Sandy | F125: Pipe | G125: 45360 | H125: N.R. Enterprises
A126: =A125+1 -> 116 | B126: 10 | C126: 21/8 | D126: DA+0 | E126: DFR | F126: CP | H126: Mehai Construction
A127: =A126+1 -> 117 | B127: 11 | C127: 29/8 | D127: DA+3 | E127: Sandy | F127: Pipe | G127: 45290 | H127: Bande Bharat Group
A128: =A127+1 -> 118 | B128: 12 | C128: 29/3 | D128: DA+6 | E128: Sandy | F128: Pipe | G128: 45290 | H128: N.R. Enterprises
A129: =A128+1 -> 119 | B129: 13 | C129: 29/7 | D129: DA+3 | E129: Sandy | F129: Pipe | G129: 45290 | H129: Bande Bharat Group
A130: =A129+1 -> 120 | B130: 14 | C130: 29/5 | D130: DA+0 | E130: Sandy | F130: Pipe | G130: 45290 | H130: N.R. Enterprises
A131: =A130+1 -> 121 | B131: 15 | C131: 21/9 | D131: DA+6 | E131: DRY | F131: Pipe | H131: Mehai Construction
B132: 45292
A133: 122 | B133: 1 | C133: 41/6 | D133: DA+0(RC) | E133: SANDY | F133: Pipe Type | G133: 17.01.24 | H133: Riddhika Tech.
...

Sheet  Benching Status-F
A1: RC, Benching & Revetment Locations
A2: Sl No. | B2: RC | C2: Loc No. | D2: Tower Type | E2: CP Position Up/Down | F2: Raised Chimney | G2: Chimney Extension | K2: Submitted Benching Volume (Cum) | M2: Approved Benching Volume (Cum) | O2: Approval Date | P2: JMC NO | Q2: JMC Date
G4: A | H4: B | I4: C | J4: D | K4: Cutting | L4: Filling | M4: Cutting | N4: Filling
C5: 47 | K5: =SUM(K6:K143) -> 26947.807 | M5: =SUM(M6:M143) -> 10818.857 | P5: 10
A6: 1 | C6: 40/0 | D6: DC2+0 | G6: 1 | H6: 1 | I6: 0 | J6: 0 | K6: 91.75
A7: 2 | B7: Y | C7: 40/1 | D7: DA+6 | G7: 1 | H7: 2 | I7: 0 | J7: 0 | K7: 153.267
A8: 3 | C8: 40/2 | D8: DA+3 | G8: 0 | H8: 0 | I8: 0 | J8: 0 | K8: 48.633
A9: 4 | B9: Y | C9: 40/3 | D9: DA+6 | G9: 1 | H9: 2 | I9: 0 | J9: 0 | K9: 238.433
A10: 5 | B10: Y | C10: 41/0 | D10: DC1+6 | G10: 3 | H10: 1 | I10: 0 | J10: 1 | K10: 249.883
A11: 6 | B11: Y | C11: 41/1 | D11: DB1+9 | E11: 4 | F11: 4 | G11: 4 | H11: 1 | I11: 6 | J11: 6 | K11: 120.747
A12: 7 | B12: Y | C12: 41/2 | D12: DA+0 | G12: 0 | H12: 0 | I12: 1 | J12: 1 | K12: 1170.806
A13: 8 | B13: Y | C13: 42/0 | D13: DC1+0 | G13: 1 | H13: 0 | I13: 0 | J13: 2 | K13: 339.457
A14: 9 | B14: Y | C14: 42/1 | D14: DA+6 | G14: 1 | H14: 0 | I14: 0 | J14: 0 | K14: 127.8
A15: 10 | B15: Y | C15: 42/2 | D15: DA+6 | G15: 0 | H15: 0 | I15: 1 | J15: 3 | K15: 91.933
A16: 11 | C16: 42/3 | D16: DA+0 | G16: 0 | H16: 0 | I16: 0 | J16: 0 | K16: 9.463
A17: 12 | C17: 42/4 | D17: DA+0 | G17: 0 | H17: 0 | I17: 0 | J17: 0 | K17: 136.417
A18: 13 | B18: Y | C18: 42/5 | D18: DA+9 | G18: 0 | H18: 0 | I18: 0 | J18: 1 | K18: 106.4
A19: 14 | B19: Y | C19: 42/6 | D19: DA+0 | G19: 2 | H19: 1 | I19: 0 | J19: 2 | K19: 144.417
A20: 15 | C20: 43/0 | D20: DB1+0 | G20: 0 | H20: 0 | I20: 0 | J20: 0 | K20: 68.726
A21: 16 | B21: Y | C21: 43/1 | D21: DA+6 | G21: 0 | H21: 0 | I21: 3 | J21: 3 | K21: 199.917
A22: 17 | B22: Y | C22: 43/2 | D22: DA+3 | G22: 1 | H22: 0 | I22: 0 | J22: 1 | K22: 189.737
A23: 18 | B23: Y | C23: 43/3 | D23: DA+0 | G23: 0 | H23: 1 | I23: 0 | J23: 0 | K23: 275.117
A24: 19 | B24: Y | C24: 43/4 | D24: DA+3 | G24: 1 | H24: 1 | I24: 0 | J24: 0 | K24: 108.9
A25: 20 | C25: 43/5 | D25: DA+3 | G25: 0 | H25: 0 | I25: 0 | J25: 0 | K25: 35.95
A26: 21 | B26: Y | C26: 43/6 | D26: DA+3 | G26: 0 | H26: 0 | I26: 0 | J26: 0 | K26: 17.8
A27: 22 | C27: 43/7 | D27: DA+3 | E27: 0.2 | G27: 0 | H27: 0 | I27: 0 | J27: 0 | K27: 46.75
A28: 23 | B28: Y | C28: 43/8 | D28: DA+9 | G28: 1 | H28: 0 | I28: 0 | J28: 0 | K28: 120.65
A29: 24 | C29: 43/9 | D29: DA+9 | G29: 0 | H29: 0 | I29: 0 | J29: 0 | K29: 61.583
A30: 25 | B30: Y | C30: 43/10 | D30: DA+3 | G30: 3 | H30: 3 | I30: 0 | J30: 0 | K30: 70.8
A31: 26 | B31: Y | C31: 43/11 | D31: DA+3 | E31: 1 | G31: 2 | H31: 3 | I31: 0 | J31: 1 | K31: 125.717
A32: 27 | B32: Y | C32: 44/0 | D32: DB1+3 | G32: 0 | H32: 1 | I32: 1 | J32: 0 | K32: 227.366
A33: 28 | C33: 44/1 | D33: DA+0 | G33: 0 | H33: 0 | I33: 1 | J33: 0 | K33: 516.62
A34: 29 | C34: 44/2 | D34: DA+0 | G34: 0 | H34: 0 | I34: 0 | J34: 0 | K34: 145.7
A35: 30 | B35: Y | C35: 44/3 | D35: DA+0 | G35: 2 | H35: 0 | I35: 0 | J35: 1 | K35: 35.453
A36: 31 | B36: Y | C36: 44/4 | D36: DA+9 | E36: 3.3 | F36: 3 | G36: 4 | H36: 3 | I36: 3 | J36: 3 | K36: 62.367
A37: 32 | B37: Y | C37: 44/5 | D37: DA+9 | G37: 1 | H37: 3 | I37: 0 | J37: 0 | K37: 476.6
A38: 33 | B38: Y | C38: 44/6 | D38: DB1+3 | G38: 1 | H38: 0 | I38: 0 | J38: 1 | K38: 263.667
A39: 34 | C39: 44/7 | D39: DA+9 | G39: 0 | H39: 0 | I39: 0 | J39: 0 | K39: 107.267
A40: 35 | B40: Y | C40: 44/8 | D40: DC1+0 | G40: 1 | H40: 2 | I40: 0 | J40: 1 | K40: 114.075
A41: 36 | B41: Y | C41: 44/9 | D41: DA+9 | E41: 3 | G41: 4 | H41: 0 | I41: 2 | J41: 6 | K41: 218.923
A42: 37 | B42: Y | C42: 44/10 | D42: DA+9 | G42: 0 | H42: 1 | I42: 0 | J42: 0 | K42: 68.233
A43: 38 | B43: Y | C43: 44/11 | D43: DA+0 | G43: 0 | H43: 1 | I43: 0 | J43: 0 | K43: 148.233
A44: 39 | B44: Y | C44: 45/0 | D44: DC2+0 | G44: 0 | H44: 1 | I44: 0 | J44: 0 | K44: 104.47
A45: 40 | B45: Y | C45: 45/1 | D45: DA+0 | G45: 0 | H45: 0 | I45: 1 | J45: 2 | K45: 329.483
A46: 41 | B46: Y | C46: 46/0 | D46: DD60+18 | E46: 3 | G46: 0 | H46: 4 | I46: 4 | J46: 0 | K46: 773.08
A47: 42 | B47: Y | C47: 47/0 | D47: DD60+18 | F47: 2 | G47: 3 | H47: 2 | I47: 2 | J47: 2 | K47: 333.585
A48: 43 | B48: Y | C48: 47/1 | D48: DA+6 | F48: 1 | G48: 1 | H48: 1 | I48: 2 | J48: 2 | K48: 334.445 | M48: 183.244
A49: 44 | C49: 47/2 | D49: DA+9 | G49: 0 | H49: 0 | I49: 0 | J49: 0 | K49: 35.008 | M49: 14.894 | P49: JMC-72
A50: 45 | B50: Y | C50: 47/3 | D50: DA+9 | G50: 1 | H50: 2 | I50: 0 | J50: 0 | K50: 351.248 | M50: 198.462 | P50: JMC-73
A51: 46 | C51: 47/4 | D51: DA+3
A52: 47 | B52: Y | C52: 47/5 | D52: DA+0 | G52: 0 | H52: 1 | I52: 0 | J52: 0 | K52: 151.406 | M52: 50.19 | P52: JMC-74
A53: 48 | C53: 47/6 | D53: DA+3 | G53: 0 | H53: 0 | I53: 0 | J53: 0 | K53: 214.683 | M53: 105.461 | P53: JMC-68
A54: 49 | C54: 47/7 | D54: DA+3 | G54: 0 | H54: 0 | I54: 0 | J54: 0 | K54: 146.833 | M54: 85.356 | P54: JMC-55 | Q54: 31-07-24
A55: 50 | B55: Y | C55: 47/8 | D55: DA+0 | G55: 1 | H55: 0 | I55: 0 | J55: 0 | K55: 186.171 | M55: 58.541 | P55: JMC-56 | Q55: 31-07-24
A56: 51 | C56: 47/9 | D56: DA+3 | G56: 0 | H56: 0 | I56: 0 | J56: 0 | K56: 36.917 | M56: 21.243 | P56: JMC-57 | Q56: 31-07-24
A57: 52 | C57: 47/10 | D57: DA+6 | G57: 0 | H57: 0 | I57: 0 | J57: 0 | K57: 105.1 | M57: 44.208 | P57: JMC-58 | Q57: 31-07-24
A58: 53 | C58: 48/0 | D58: DC2+0 | G58: 0 | H58: 0 | I58: 0 | J58: 0 | K58: 271.371 | M58: 121.376
A59: 54 | C59: 48/1 | D59: DA+9 | G59: 0 | H59: 0 | I59: 0 | J59: 0 | K59: 83.933 | M59: 43.92 | P59: JMC-64 | Q59: 31-07-24
A60: 55 | C60: 49/1 | D60: DA+0 | G60: 0 | H60: 0 | I60: 0 | J60: 0 | K60: 28.5 | M60: 20.37 | P60: JMC-65 | Q60: 31-07-24
A61: 56 | C61: 49/2 | D61: DA+3 | G61: 0 | H61: 0 | I61: 0 | J61: 0 | K61: 237.2 | M61: 152.093 | P61: JMC-43 | Q61: 31-07-24
A62: 57 | C62: 49/3 | D62: DA+3 | G62: 0 | H62: 0 | I62: 0 | J62: 0 | K62: 130.95 | M62: 59.392 | P62: JMC-44 | Q62: 31-07-24
A63: 58 | C63: 49/4 | D63: DA+3 | G63: 0 | H63: 0 | I63: 0 | J63: 0 | K63: 52.95 | M63: 27.468 | P63: JMC-45 | Q63: 31-07-24
A64: 59 | C64: 49/5 | D64: DA+3 | E64: 0.1 | G64: 0 | H64: 0 | I64: 0 | J64: 0 | K64: 68.133 | M64: 33.446 | P64: JMC-46 | Q64: 31-07-24
A65: 60 | C65: 49/6 | D65: DA+0 | E65: 0.1 | G65: 0 | H65: 0 | I65: 0 | J65: 0 | K65: 29.783 | M65: 10.948 | P65: JMC-47 | Q65: 31-07-24
A66: 61 | B66: Y | C66: 49/7 | D66: DA+3 | G66: 0 | H66: 3 | I66: 2 | J66: 2 | K66: 190.733 | M66: 89.935
A67: 62 | B67: Y | C67: 50/0 | D67: DB2+0 | G67: 0 | H67: 0 | I67: 0 | J67: 1 | K67: 29.469 | M67: 6.775
A68: 63 | B68: Y | C68: 50/1 | D68: DA+6 | G68: 1 | H68: 0 | I68: 0 | J68: 0 | K68: 258.417 | M68: 126.731 | P68: JMC-66 | Q68: 31-07-24
A69: 64 | B69: Y | C69: 50/2 | D69: DA+9 | F69: 2 | G69: 2 | H69: 2 | I69: 2 | J69: 2 | K69: 109.183 | M69: 50.596 | P69: JMC-75
A70: 65 | B70: Y | C70: 50/3 | D70: DA+6 | G70: 0 | H70: 0 | I70: 1 | J70: 0 | K70: 82.817 | M70: 40.792
A71: 66 | B71: Y | C71: 50/4 | D71: DA+9 | F71: 3 | G71: 3 | H71: 3 | I71: 4 | J71: 3 | K71: 90.133 | M71: 31.88 | P71: JMC-76
A72: 67 | B72: Y | C72: 50/5 | D72: DA+9 | F72: 3 | G72: 4 | H72: 3 | I72: 4 | J72: 3 | K72: 82.717 | M72: 13.972
A73: 68 | B73: Y | C73: 50/6 | D73: DA+9 | F73: 3 | G73: 3 | H73: 4 | I73: 3 | J73: 3 | K73: 266.417 | M73: 133.278
A74: 69 | B74: Y | C74: 50/7 | D74: DA+0 | G74: 0 | H74: 0 | I74: 0 | J74: 1 | K74: 58.15 | M74: 20.044 | P74: JMC-67 | Q74: 31-07-24
A75: 70 | C75: 50/8 | D75: DA+9 | G75: 0 | H75: 0 | I75: 0 | J75: 0 | K75: 379.65 | M75: 287.607 | P75: JMC-69
A76: 71 | B76: Y | C76: 50/9 | D76: DA+0 | G76: 0 | H76: 0 | I76: 1 | J76: 0 | K76: 551.811 | M76: 283.026
A77: 72 | B77: Y | C77: 50/10 | D77: DA+0 | G77: 0 | H77: 0 | I77: 1 | J77: 0 | K77: 304.834 | M77: 114.598
A78: 73 | C78: 51/0 | D78: DC2+0 | G78: 0 | H78: 0 | I78: 0 | J78: 0 | K78: 119.229 | M78: 103.624
A79: 74 | B79: Y | C79: 51/1 | D79: DA+0 | G79: 0 | H79: 0 | I79: 1 | J79: 0 | K79: 74.897 | M79: 10.113 | P79: JMC-70
A80: 75 | C80: 51/2 | D80: DA+0 | E80: -1 | G80: 0 | H80: 0 | I80: 0 | J80: 0 | K80: 73.95 | M80: 12.784
A81: 76 | B81: Y | C81: 52/0 | D81: DC2+0 | G81: 0 | H81: 0 | I81: 3 | J81: 3 | K81: 474.917 | M81: 226.626 | O81: 45300
A82: 77 | B82: Y | C82: 52/1 | D82: DA+6 | G82: 0 | H82: 4 | I82: 0 | J82: 0 | K82: 95.517 | M82: 20.215 | O82: 45300
A83: 78 | B83: Y | C83: 52/2 | D83: DA+6 | G83: 0 | H83: 0 | I83: 0 | J83: 3 | K83: 74.467 | M83: 56.535 | O83: 45300
A84: 79 | B84: Y | C84: 52/3 | D84: DA+9 | F84: 3 | G84: 4 | H84: 3 | I84: 3 | J84: 3 | K84: 54.25 | M84: 21.459 | O84: 45300 | P84: JMC-71
A85: 80 | B85: Y | C85: 52/4 | D85: DA+9 | G85: 2 | H85: 2 | I85: 0 | J85: 0 | K85: 35.517 | M85: 14.371 | O85: 45300
A86: 81 | B86: Y | C86: 52/5 | D86: DA+9 | G86: 0 | H86: 0 | I86: 0 | J86: 1 | K86: 269.167 | M86: 177.797 | O86: 45300 | P86: JMC-9 | Q86: 22.03.24
A87: 82 | C87: 52/6 | D87: DA+6 | G87: 0 | H87: 0 | I87: 0 | J87: 0 | K87: 343.483 | M87: 239.936 | O87: 45300 | P87: JMC-10 | Q87: 22.03.24
A88: 83 | B88: Y | C88: 52/7 | D88: DA+3 | G88: 0 | H88: 3 | I88: 1 | J88: 0 | K88: 464.317 | M88: 306.372 | O88: 45300 | P88: JMC-11 | Q88: 22.03.24
A89: 84 | C89: 52/8 | D89: DA+6 | G89: 0 | H89: 0 | I89: 0 | J89: 0 | K89: 644.717 | M89: 582.599 | O89: 45300 | P89: JMC-12 | Q89: 22.03.24
A90: 85 | C90: 52/9 | D90: DA+3 | G90: 0 | H90: 0 | I90: 0 | J90: 0 | K90: 192.433 | M90: 139.028 | O90: 45300 | P90: JMC-13 | Q90: 22.03.24
A91: 86 | B91: Y | C91: 52/10 | D91: DA+9 | F91: 1 | G91: 1 | H91: 2 | I91: 1 | J91: 1 | K91: 270.567 | M91: 123.839 | O91: 45300 | P91: JMC-14 | Q91: 22.03.24
A92: 87 | B92: Y | C92: 53/0 | D92: DB2+9 | F92: 4 | G92: 4 | H92: 4 | I92: 4 | J92: 4 | K92: 102.651 | M92: 342.89 | O92: 45300
A93: 88 | B93: Y | C93: 53/1 | D93: DA+9 | F93: 4 | G93: 4 | H93: 4 | I93: 4 | J93: 4 | K93: 511.767 | M93: 302.874 | O93: 45300
A94: 89 | B94: Y | C94: 53/2 | D94: DA+0 | G94: 0 | H94: 0 | I94: 0 | J94: 2 | K94: 121.063 | M94: 38.768 | O94: 45300
A95: 90 | B95: Y | C95: 53/3 | D95: DA+9 | G95: 0 | H95: 4 | I95: 1 | J95: 0 | K95: 454.927 | M95: 204.813 | O95: 45300
A96: 91 | B96: Y | C96: 53/4 | D96: DA+0 | G96: 0 | H96: 2 | I96: 1 | J96: 0 | K96: 686.16 | M96: 280.645 | O96: 45300
A97: 92 | C97: 53/5 | D97: DA+3 | G97: 0 | H97: 0 | I97: 0 | J97: 0 | K97: 104.9 | M97: 76.75 | O97: 45300 | P97: JMC-49 | Q97: 31-07-24
A98: 93 | B98: Y | C98: 53/6 | D98: DA+6 | G98: 1 | H98: 1 | I98: 3 | J98: 1 | K98: 111.483 | M98: 14.573 | O98: 45300
A99: 94 | C99: 53/7 | D99: DA+0 | G99: 0 | H99: 0 | I99: 0 | J99: 0 | K99: 245.537 | M99: 112.464 | O99: 45300
A100: 95 | C100: 53/8 | D100: DA+9 | F100: 0 | G100: 0 | H100: 0 | I100: 0 | J100: 0 | K100: 326.55 | M100: 334.123 | O100: 45300
A101: 96 | C101: 54/0 | D101: DB1+6 | G101: 0 | H101: 0 | I101: 0 | J101: 0 | K101: 400.8 | M101: 293.967 | O101: 45300
...

Sheet Revetment Pkg-G
B4: Revetment work
B5: SI. No | C5: Loc No | D5: Tower Type | E5: Dt. of Start | F5: Dt. of complete | G5: Random Rubble stone masonry including excavation (1:5 Cement concrete) | H5: Excavation Volume | I5: Back filling and levelling of volumes enclosed by revetment. | J5: M15 Conc Nominal Mix 1:2:4 for top seal cover | K5: M10 (PEDDING -PCC)
B6: 1 | C6: 35/5 | D6: DA+0 RC | E6: 20.11.24 | F6: 24.12.24 | G6: 83 | H6: 17.19 | I6: 282.1 | J6: 0.37 | K6: 2.73
B13: Total | G13: =SUM(G6:G12) -> 83 | I13: =SUM(I6:I12) -> 282.1 | J13: =SUM(J6:J12) -> 0.37 | K13: =SUM(K6:K12) -> 2.73

Sheet  Benching Status-G
A1: RC, Benching & Revetment Locations
A2: Sl No. | B2: RC | C2: Loc No. | D2: Tower Type | E2: CP Position Up/Down | F2: Raised Chimney | G2: Chimney Extension | K2: Submitted Benching Volume (Cum) | M2: Approved Benching Volume (Cum) | O2: Approval Date | P2: JMC NO | Q2: JMC Date
G4: A | H4: B | I4: C | J4: D | K4: Cutting | L4: Filling | M4: Cutting | N4: Filling
A6: =A5+1 -> 1 | C6: 1/0 | D6: DE+0 | F6: 283.2 | J6: 1 | K6: 111.651 | M6: 89.5
A7: =A6+1 -> 2 | C7: 1A/0 | D7: DD60+0 | F7: 284.927 | K7: 270.309 | M7: 265.381
A8: =A7+1 -> 3 | C8: 1A/1 | D8: DA+0 | F8: 292.179 | I8: 2 | J8: 1 | K8: 46.489 | M8: 22.529
A9: =A8+1 -> 4 | C9: 1A/3 | D9: DA+0 | F9: 281.458 | I9: 1 | K9: 45.554 | M9: 45.554
A10: =A9+1 -> 5 | C10: 1A/4 | D10: DA+3 | F10: 281.508 | G10: 1 | K10: 81.372 | M10: 64.075
A11: =A10+1 -> 6 | C11: 1A/5 | D11: DA+6 | F11: 288.539 | H11: 1 | K11: 88.77 | M11: 88.77
A12: =A11+1 -> 7 | C12: 2/0 | D12: DC1+0 | F12: 277.997 | G12: 1 | H12: 1 | J12: 2 | K12: 69.275 | M12: 35.55
A13: =A12+1 -> 8 | C13: 2/2 | D13: DA+0 | F13: 282.591 | I13: 1 | J13: 1 | M13: 140.97
A14: =A13+1 -> 9 | C14: 2/3 | D14: DA+0 | F14: 293.068 | G14: 1 | H14: 1 | M14: 22.61
A15: =A14+1 -> 10 | C15: 2/4 | D15: DA+3 | F15: 294.942 | M15: 28.01
A16: =A15+1 -> 11 | C16: 2/5 | D16: DA+3 | F16: 295.491 | H16: 1 | I16: 1 | M16: 53.49
A17: =A16+1 -> 12 | C17: 2/6 | D17: DA+6 | F17: 288.339 | H17: 2 | M17: 107.54
A18: =A17+1 -> 13 | C18: 2/7 | D18: DA+6 | F18: 283.557 | I18: 1 | M18: 209.95
A19: =A18+1 -> 14 | C19: 5/0 | D19: DB1+9 | F19: 276.283 | G19: 2 | H19: 2 | I19: 2 | J19: 2
A20: =A19+1 -> 15 | C20: 6/0 | D20: DB2+9 | F20: 278.494 | G20: 2 | H20: 2 | I20: 2 | J20: 2
A21: =A20+1 -> 16 | C21: 6/1 | D21: DA+0 | F21: 286.666 | G21: 1 | M21: 53.48
A22: =A21+1 -> 17 | C22: 8/3 | D22: DA+3 | F22: 273.914 | J22: 1 | M22: 42.94
A23: =A22+1 -> 18 | C23: 8/4 | D23: DA+0 | F23: 276.398 | G23: 1 | H23: 1 | I23: 1 | J23: 2 | M23: 14.89
A24: =A23+1 -> 19 | C24: 8/5 | D24: DA+3 | F24: 278.586 | M24: 35.69
A25: =A24+1 -> 20 | C25: 8/9 | D25: DA+3 | F25: 271.848 | M25: 42.16
A26: =A25+1 -> 21 | C26: 10/1 | D26: DA+3 | F26: 260.835 | M26: 74.8
A27: =A26+1 -> 22 | C27: 10/22 | D27: DA+0 | F27: 258.665 | G27: 1 | H27: 4 | M27: 60.5
A28: =A27+1 -> 23 | C28: 10/23 | D28: DA+9 | F28: 265.711 | G28: 2 | H28: 6 | I28: 1 | J28: 1 | M28: 30.7
A29: =A28+1 -> 24 | C29: 11/0 | D29: DB1+0 | F29: 282.363 | G29: 2 | H29: 4 | J29: 3 | K29: 415.644 | M29: 213.823
A30: =A29+1 -> 25 | C30: 11/1 | D30: DA+6 | F30: 280.588 | H30: 2 | K30: 260.613 | M30: 159.329
A31: =A30+1 -> 26 | C31: 11/2 | D31: DA+9 | E31: +2.0 | F31: 260.522 | I31: 2 | K31: 101.072
A32: =A31+1 -> 27 | C32: 11/5 | D32: DA+3 | F32: 249.129 | G32: 1 | H32: 1 | J32: 1 | K32: 58.783 | M32: 58.783033
A33: =A32+1 -> 28 | C33: 11/7 | D33: DA+3 | F33: 244.613 | K33: 87.852 | M33: 64.41
A34: =A33+1 -> 29 | C34: 11/11 | D34: DA+0 | F34: 251.55 | H34: 1 | K34: 31.471 | M34: 18.401
A35: =A34+1 -> 30 | C35: 11/12 | D35: DA+0 | F35: 261.411 | G35: 2 | H35: 3 | I35: 1 | J35: 4 | K35: 171.833 | M35: 79.75
A36: =A35+1 -> 31 | C36: 11/13 | D36: DA+0 | F36: 260.743 | H36: 2 | I36: 4 | J36: 1 | K36: 146.701 | M36: 89.319
A37: =A36+1 -> 32 | C37: 15/2 | D37: DA+9 | F37: 262.781 | J37: 1 | K37: 251.127
A38: =A37+1 -> 33 | C38: 15/4 | D38: DA+3 | E38: -0.26 | F38: 256.602 | G38: 1 | J38: 1 | K38: 216.018
A39: =A38+1 -> 34 | C39: 15/5 | D39: DA+3 | E39: -0.3 | F39: 254.329 | K39: 192.519
A40: =A39+1 -> 35 | C40: 15/6 | D40: DA+0 | F40: 254.201 | J40: 1
A41: =A40+1 -> 36 | C41: 15/9 | D41: DA+9 | E41: -0.2 | F41: 244.162 | K41: 284.108 | M41: 284.108
A42: =A41+1 -> 37 | C42: 17/0 | D42: DC1+0 | E42: -0.259 | F42: 233.247 | K42: 313.985 | M42: 313.985
A43: =A42+1 -> 38 | C43: 19/5 | D43: DA+3 | E43: -0.2 | F43: 225.461 | K43: 133.718
A44: =A43+1 -> 39 | C44: 19/9 | D44: DA+3 | F44: 230.844 | J44: 1 | K44: 79.945 | M44: 41.176
A45: =A44+1 -> 40 | C45: 19/10 | D45: DA+9 | E45: +0.40 | F45: 238.735 | H45: 2 | I45: 2 | K45: 286.553 | M45: 200.737
A46: =A45+1 -> 41 | C46: 19/11 | D46: DA+9 | F46: 229.954 | G46: 3 | H46: 3 | I46: 4 | J46: 5 | K46: 146.352 | M46: 60.478
A47: =A46+1 -> 42 | C47: 19/12 | D47: DB1+3 | E47: -0.3 | F47: 232.477 | K47: 190.49
A48: =A47+1 -> 43 | C48: 19/13 | D48: DA+0 | F48: 239.958 | G48: 1 | I48: 1 | J48: 3 | K48: 97.224
A49: =A48+1 -> 44 | C49: 19/14 | D49: DA+9 | F49: 220.157 | G49: 2 | H49: 2 | I49: 2 | J49: 2
A50: =A49+1 -> 45 | C50: 20/0 | D50: DD45+3 | F50: 219.856 | G50: 2 | H50: 2 | I50: 2 | J50: 2
A51: =A50+1 -> 46 | C51: 21/0 | D51: DD45+3 | F51: 221.061 | G51: 2 | H51: 2 | I51: 2 | J51: 2
A52: =A51+1 -> 47 | C52: 21/2 | D52: DA+3 | F52: 220.023 | I52: 1 | M52: 13.878
A53: =A52+1 -> 48 | C53: 21/5 | D53: DA+3 | F53: 230.575 | J53: 2 | M53: 175.845
A54: =A53+1 -> 49 | C54: 21/10 | D54: DA+9 | F54: 220.959 | G54: 1 | H54: 1 | M54: 127.123
A55: =A54+1 -> 50 | C55: 21/12 | D55: DA+9 | F55: 213.707 | I55: 1 | M55: 80.099
A56: =A55+1 -> 51 | C56: 22/6 | D56: DA+6 | F56: 222.31 | I56: 2 | J56: 1 | M56: 249.598
A57: =A56+1 -> 52 | C57: 22/9 | D57: DA+6 | F57: 215.194 | J57: 1 | M57: 176.873
A58: =A57+1 -> 53 | C58: 23/0 | D58: DB2+0 | F58: 216.588 | H58: 1 | M58: 344.386
A59: =A58+1 -> 54 | C59: 23/1 | D59: DA+0 | F59: 217.383 | M59: 76.44
A60: =A59+1 -> 55 | C60: 23/3 | D60: DA+0 | F60: 209.564 | M60: 33.81
A61: =A60+1 -> 56 | C61: 23/6 | D61: DA+6 | F61: 209.953 | M61: 95.149
A62: =A61+1 -> 57 | C62: 23/7 | D62: DA+9 | F62: 210.067 | G62: 1 | J62: 2 | M62: 212.812
A63: =A62+1 -> 58 | C63: 23/8 | D63: DA+9 | F63: 214.619 | G63: 1 | H63: 1 | M63: 119.029
A64: =A63+1 -> 59 | C64: 23/11 | D64: DA+6 | F64: 205.245 | I64: 1 | M64: 107.373
A65: =A64+1 -> 60 | C65: 24/6 | D65: DA+0 | F65: 199.363 | G65: 1 | M65: 20.536
A66: =A65+1 -> 61 | C66: 25/2 | D66: DA+0 | F66: 199.276 | M66: 18.102
A67: =A66+1 -> 62 | C67: 25/3 | D67: DA+0 | F67: 204.419 | H67: 2 | I67: 1 | M67: 35.283
A68: =A67+1 -> 63 | C68: 25/4 | D68: DA+0 | F68: 211.057 | H68: 4 | I68: 1 | M68: 89.487
A69: =A68+1 -> 64 | C69: 25/5 | D69: DA+3 | F69: 196.919 | G69: 1 | M69: 4.275
A70: =A69+1 -> 65 | C70: 25/7 | D70: DA+9 | F70: 197.874 | G70: 4 | H70: 3 | I70: 3 | J70: 3 | M70: 147.9
A71: =A70+1 -> 66 | C71: 25/8 | D71: DA+9 | F71: 196.169 | G71: 4 | H71: 4 | I71: 4 | J71: 4
A72: =A71+1 -> 67 | C72: 26/1 | D72: DA+3 | F72: 194.336 | H72: 1 | I72: 1 | M72: 163.295
A73: =A72+1 -> 68 | C73: 26/2 | D73: DA+3 | F73: 204.39 | H73: 2 | I73: 3 | M73: 120.131
A74: =A73+1 -> 69 | C74: 26/3 | D74: DA+0 | F74: 199.985 | M74: 96.398
A75: =A74+1 -> 70 | C75: 26/4 | D75: DA+9 | F75: 211.694 | G75: 3 | H75: 2 | M75: 144.135
A76: =A75+1 -> 71 | C76: 26/5 | D76: DA+9 | F76: 215.139 | G76: 2 | J76: 2 | M76: 55.001
A77: =A76+1 -> 72 | C77: 26/6 | D77: DA+0 | F77: 232.988 | G77: 2 | J77: 1 | M77: 19.091
A78: =A77+1 -> 73 | C78: 26/7 | D78: DA+3 | F78: 226.695 | G78: 1 | J78: 3 | M78: 125.856
A79: =A78+1 -> 74 | C79: 27/0 | D79: DC2+9 | F79: 230.165 | G79: 1 | H79: 1 | I79: 1 | J79: 1
A80: =A79+1 -> 75 | C80: 27/1 | D80: DB1+9 | F80: 193.814 | G80: 3 | H80: 3 | I80: 4 | J80: 5 | M80: 101.296
A81: =A80+1 -> 76 | C81: 27/2 | D81: DA+0 | F81: 195.143 | G81: 1 | H81: 1 | J81: 4 | M81: 14.985
A82: =A81+1 -> 77 | C82: 27/3 | D82: DA+0 | F82: 200.227 | H82: 2 | I82: 1 | M82: 6.861
A83: =A82+1 -> 78 | C83: 27/4 | D83: DA+0 | F83: 186.708 | H83: 1 | M83: 59.376
A84: =A83+1 -> 79 | C84: 28/2 | D84: DA+3 | F84: 188.585 | G84: 3 | J84: 1 | M84: 188.65
A85: =A84+1 -> 80 | C85: 28/3 | D85: DA+0 | F85: 200.905 | H85: 4 | I85: 2 | M85: 181.214
A86: =A85+1 -> 81 | C86: 28/4 | D86: DA+9 | F86: 214.608 | G86: 1 | H86: 2 | M86: 254.325
A87: =A86+1 -> 82 | C87: 28/5 | D87: DA+9 | E87: +1.50 | F87: 224.16 | G87: 2 | H87: 5 | I87: 1 | J87: 6 | M87: 47.37
A88: =A87+1 -> 83 | C88: 28/6 | D88: DA+9 | F88: 231.09 | G88: 1 | H88: 6 | I88: 1 | J88: 6 | M88: 54.06
A89: =A88+1 -> 84 | C89: 28/7 | D89: DA+0 | E89: +1.50 | F89: 227.988 | G89: 3 | I89: 1 | J89: 4 | M89: 37.941
A90: =A89+1 -> 85 | C90: 28/8 | D90: DA+3 | F90: 215.595 | H90: 1 | I90: 5 | M90: 83.417
A91: =A90+1 -> 86 | C91: 28/9 | D91: DA+0 | F91: 191.987 | G91: 1 | M91: 55.11
A92: =A91+1 -> 87 | C92: 29/1 | D92: DA+6 | F92: 188.345 | G92: 1 | J92: 1 | M92: 47.646
A93: =A92+1 -> 88 | C93: 29/2 | D93: DA+9 | F93: 185.168 | I93: 1 | M93: 62.028
A94: =A93+1 -> 89 | C94: 29/3 | D94: DA+6 | F94: 193.792 | M94: 90.346
A95: =A94+1 -> 90 | C95: 29/4 | D95: DA+3 | F95: 186.212 | M95: 21.694
A96: =A95+1 -> 91 | C96: 29/5 | D96: DA+0 | F96: 187.91 | J96: 1 | M96: 65.361
A97: =A96+1 -> 92 | C97: 29/6 | D97: DA+6 | F97: 190.634 | G97: 1 | M97: 134.118
A98: =A97+1 -> 93 | C98: 29/7 | D98: DA+3 | F98: 190.55 | M98: 52.112
A99: =A98+1 -> 94 | C99: 29/9 | D99: DA+3 | E99: -0.3 | F99: 212.98 | G99: 2 | H99: 2 | M99: 160.976
A100: =A99+1 -> 95 | C100: 29/10 | D100: DA+6 | F100: 209.64 | H100: 2 | M100: 228.019
A101: =A100+1 -> 96 | C101: 30/0 | D101: DC2+0 | F101: 198.561 | M101: 79.968
A102: =A101+1 -> 97 | C102: 30/1 | D102: DA+3 | F102: 193.604 | G102: 1 | H102: 1 | M102: 180.464
...

Sheet Earthing Pkg -G Ist section
A1: KEC INTERNATIONAL LIMITED
A2: LILO of 765 Kv DV Fatehgarh 3 Beawar TL
A3: FOUNDATION
A4: Sl. No. | B4: Cum S No | C4: Location No. | D4: Tower Type | E4: Classification | F4: Type of Earthing | G4: Earthing | H4: Name of Sub-Contractor
A6: 1 | B6: 1 | C6: 32/7 | D6: DA+0 | E6: SANDY | F6: Pipe Type | G6: 07.11.23 | H6: Shakti Construction
A7: 2 | B7: 2 | C7: 32/1 | D7: DA+9 | E7: SANDY | F7: Pipe Type | G7: 10.11.23 | H7: Shakti Construction
A8: 3 | B8: 3 | C8: 32/5 | D8: DA+6 | E8: SANDY | F8: Pipe Type | G8: 10.11.23 | H8: Shakti Construction
A9: 4 | B9: 4 | C9: 30/2 | D9: DA+0 | E9: SANDY | F9: Pipe Type | G9: 18.11.23 | H9: Om Const
A10: 5 | B10: 5 | C10: 32/0 | D10: DB2+6 | E10: SANDY | F10: Pipe Type | G10: 28.11.23 | H10: Shakti Construction
A11: 6 | B11: 6 | C11: 31/3 | D11: DA+0 | E11: SANDY | F11: Pipe Type | G11: 05.12.23 | H11: Shakti Construction

Sheet Earthing balance
D5: S no | E5: PKG- G | G5: PKG- F
D6: 1 | E6: 72/1 | F6: Mahadev engg. | G6: 50/3 | H6: Kalpana Const.
D7: 2 | E7: 71/5 | F7: Mahadev engg. | G7: 73/9 | H7: Shakti Const. -2
D8: 3 | E8: 43/2 | F8: Sai Infra | G8: 73/2 | H8: Shree Shyam Const.
D9: 4 | E9: 43/3 | F9: Sai Infra | G9: 50/6 | H9: Kalpana Const.
D10: 5 | E10: 68/3 | F10: Shakti Const. -2
D11: 6 | E11: 73/0 | F11: Mahadev engg. - 2
D12: 7 | E12: 68/1 | F12: Shakti Const. -2
D13: 8 | E13: 66/3 | F13: Shree Shyam Const.
D14: 9 | E14: 69/0 | F14: Bhati Const.-2

Sheet Tack Welding - PKG-F
A1: KEC INTERNATIONAL LIMITED
A2: LILO of 765 Kv DV Fatehgarh 3 Beawar TL
A3: Tack Welding
A4: Cum Sl. No. | B4: Month Sl. No. | C4: JMC No. | D4: Location No. | E4: Tower Type | F4: Depth of Fdn | G4: Dt. of Start | H4: Dt. of Complete | I4: Tack Welding Status | J4: Name of Sub-Contractor | K4: Ramarks
B6: Feb-24
A7: 1 | B7: 1 | D7: 59/13 | E7: DA+3 | G7: 20.02.24 | H7: 20.02.24 | I7: Done | J7: Suraja Ram
A8: 2 | B8: 2 | D8: 59/14 | E8: DA+6 | G8: 22.02.24 | H8: 22.02.24 | I8: Done | J8: Suraja Ram
A9: 3 | B9: 3 | D9: 62/5 | E9: DA+0 | G9: 27.02.24 | H9: 27.02.24 | I9: Done | J9: Suraja Ram
A10: 4 | B10: 4 | D10: 63/6 | E10: DA+3 | G10: 28.02.24 | H10: 28.02.24 | I10: Done | J10: Suraja Ram
B11: March'24
A12: 5 | B12: 1 | D12: 63/8 | E12: DA+3 | G12: 01.03.24 | H12: 02.03.24 | I12: Done | J12: Suraja Ram
A13: 6 | B13: 2 | D13: 62/3 | E13: DA+0 | G13: 03.02.24 | H13: 03.02.24 | I13: Done | J13: Suraja Ram
A14: 7 | B14: 3 | D14: 62/4 | E14: DA+3 | G14: 04.03.24 | H14: 04.03.24 | I14: Done | J14: Suraja Ram
A15: 8 | B15: 4 | D15: 59/12 | E15: DA+6 | G15: 05.03.24 | H15: 05.03.24 | I15: Done | J15: Suraja Ram
A16: 9 | B16: 5 | D16: 59/10 | E16: DA+0 | G16: 06.03.24 | H16: 06.03.24 | I16: Done | J16: Suraja Ram
A17: 10 | B17: 6 | D17: 59/9 | E17: DA+3 | G17: 07.03.24 | H17: 07.03.24 | I17: Done | J17: Suraja Ram
A18: 11 | B18: 7 | D18: 60/7 | E18: DA+3 | G18: 09.03.24 | H18: 09.03.24 | I18: Done | J18: Suraja Ram
A19: 12 | B19: 8 | D19: 62/2 | E19: DA+3 | G19: 10.03.24 | H19: 10.03.24 | I19: Done | J19: Suraja Ram
A20: 13 | B20: 9 | D20: 62/7 | E20: DA+3 | G20: 11.03.24 | H20: 11.03.24 | I20: Done | J20: Suraja Ram
A21: 14 | B21: 10 | D21: 64/1 | E21: DA+0 | G21: 12.03.24 | H21: 12.03.24 | I21: Done | J21: Suraja Ram
A22: 15 | B22: 11 | D22: 59/7 | E22: DA+3 | G22: 12.03.24 | H22: 12.03.24 | I22: Done | J22: Ramagora
A23: 16 | B23: 12 | D23: 64/4 | E23: DA+3 | G23: 13.03.24 | H23: 13.03.24 | I23: Done | J23: Suraja Ram
... A37: 30 | B37: 26 | D37: 65/5 | E37: DA+0 | G37: 29.03.24 | H37: 29.03.24 | I37: Done | J37: Suraja Ram
B38: Apr'24
A39: 31 | B39: 1 | D39: 64/6 | E39: DA+0 | G39: 01.04.24 | H39: 01.04.24 | I39: Done | J39: Suraja Ram
A40: 32 | B40: 2 | D40: 61/7 | E40: DA+9 | G40: 03.04.24 | H40: 03.04.24 | I40: Done | J40: Suraja Ram
A41: 33 | B41: 3 | D41: 65/6 | E41: DA+0 | G41: 04.04.24 | H41: 04.04.24 | I41: Done | J41: Suraja Ram
A42: 34 | B42: 4 | D42: 64/7 | E42: DA+3 | G42: 06.04.24 | H42: 06.04.24 | I42: Done | J42: Suraja Ram
A43: 35 | B43: 5 | D43: 63/7 | E43: DA+3 | G43: 21.04.24 | H43: 22.04.24 | I43: Done | J43: Suraja Ram
A44: 36 | B44: 6 | D44: 64/9 | E44: DA+3 | G44: 24.04.24 | H44: 24.04.24 | I44: Done | J44: Suraja Ram
A45: 37 | B45: 7 | D45: 61/0 | E45: DB+0 | G45: 25.04.24 | H45: 25.04.24 | I45: Done | J45: Ramagora
A46: 38 | B46: 8 | D46: 65/9 | E46: DA+0 | G46: 27.04.24 | H46: 27.04.24 | I46: Done | J46: Suraja Ram
A47: 39 | B47: 9 | D47: 65/11 | E47: DA+0 | G47: 28.04.24 | H47: 28.04.24 | I47: Done | J47: Suraja Ram
A48: 40 | B48: 10 | D48: 67/2 | E48: DA+0 | G48: 29.04.24 | H48: 29.04.24 | I48: Done | J48: Suraja Ram
A49: 41 | B49: 11 | D49: 61/2 | E49: DA+6 | G49: 29.04.24 | H49: 30.04.24 | I49: Done | J49: Ramagora
B50: May'24
A51: 42 | B51: 1 | D51: 64/10 | E51: DA+3 | G51: 05.05.24 | H51: 05.05.24 | I51: Done | J51: Suraja Ram
A52: 43 | B52: 2 | D52: 67/1 | E52: DA+0 | G52: 07.05.24 | H52: 07.05.24 | I52: Done | J52: Suraja Ram
A53: 44 | B53: 3 | D53: 64/8 | E53: DA+3 | G53: 09.05.24 | H53: 09.05.24 | I53: Done | J53: Suraja Ram
A54: 45 | B54: 4 | D54: 65/1 | E54: DA+0 | G54: 10.05.24 | H54: 10.05.24 | I54: Done | J54: Suraja Ram
A55: 46 | B55: 5 | D55: 65/0 | E55: DB1+0 | G55: 10.05.24 | H55: 10.05.24 | I55: Done | J55: Suraja Ram
A56: 47 | B56: 6 | D56: 61/1 | E56: DA+6 | G56: 10.05.24 | H56: 10.05.24 | I56: Done | J56: Ramagora
A57: 48 | B57: 7 | D57: 60/9 | E57: DA+3 | G57: 11.05.24 | H57: 11.05.24 | I57: Done | J57: Ramagora
A58: 49 | B58: 8 | D58: 63/4 | E58: DA+0 | G58: 14.05.24 | H58: 14.05.24 | I58: Done | J58: Suraja Ram
A59: 50 | B59: 9 | D59: 63/3 | E59: DA+3 | G59: 15.05.24 | H59: 15.05.24 | I59: Done | J59: Suraja Ram
A60: 51 | B60: 10 | D60: 63/5 | E60: DA+3 | G60: 16.05.24 | H60: 16.05.24 | I60: Done | J60: Suraja Ram
A61: 52 | B61: 11 | D61: 61/3 | E61: DA+6 | G61: 17.05.24 | H61: 17.05.24 | I61: Done | J61: Ramagora
A62: 53 | B62: 12 | D62: 62/11 | E62: DA+3 | G62: 19.05.24 | H62: 19.05.24 | I62: Done | J62: Suraja Ram
... A64: 55 | B64: 14 | D64: 61/5 | E64: DA+3 | G64: 25.05.24 | H64: 25.05.24 | I64: Done | J64: Suraja Ram
B65: Jun'24
A66: 56 | B66: 1 | D66: 64/2 | E66: DA+3 | G66: 03.06.24 | H66: 03.06.24 | I66: Done | J66: Suraja Ram
A67: 57 | B67: 2 | D67: 64/3 | E67: DA+0 | G67: 06.06.24 | H67: 06.06.24 | I67: Done | J67: Suraja Ram | O67: =53+72 -> 125
A68: 58 | B68: 3 | D68: 64/0 | E68: DB2+0 | G68: 06.06.24 | H68: 06.06.24 | I68: Done | J68: Suraja Ram
A69: 59 | B69: 4 | D69: 61/10 | E69: DA+9 | G69: 07.06.24 | H69: 07.06.24 | I69: Done | J69: Suraja Ram
A70: 60 | B70: 5 | D70: 61/8 | E70: DA+6 | G70: 08.06.24 | H70: 08.06.24 | I70: Done | J70: Ramagora
A71: 61 | B71: 6 | D71: 63/2 | E71: DA+0 | G71: 08.06.24 | H71: 08.06.24 | I71: Done | J71: Suraja Ram
A72: 62 | B72: 7 | D72: 61/9 | E72: DA+0 | G72: 09.06.24 | H72: 09.06.24 | I72: Done | J72: Ramagora
A73: 63 | B73: 8 | D73: 63/1 | E73: DA+3 | G73: 09.06.24 | H73: 09.06.24 | I73: Done | J73: Suraja Ram
A74: 64 | B74: 9 | D74: 59/5 | E74: DA+3 | G74: 10.06.24 | H74: 10.06.24 | I74: Done | J74: Ramagora | O74: 59/16
A75: 65 | B75: 10 | D75: 63/0 | E75: DC1+0 | G75: 10.06.24 | H75: 11.06.24 | I75: Done | J75: Suraja Ram | O75: 48/0
A76: 66 | B76: 11 | D76: 60/5 | E76: DA+3 | G76: 11.06.24 | H76: 11.06.24 | I76: Done | J76: Ramagora
A77: 67 | B77: 12 | D77: 60/4 | E77: DA+3 | G77: 13.06.24 | H77: 13.06.24 | I77: Done | J77: Ramagora
A78: 68 | B78: 13 | D78: 60/3 | E78: DA+3 | G78: 23.06.24 | H78: 23.06.24 | I78: Done | J78: Ramagora
A79: 69 | B79: 14 | D79: 60/2 | E79: DA+3 | G79: 25.06.24 | H79: 25.06.24 | I79: Done | J79: Ramagora
A80: 70 | B80: 15 | D80: 60/1 | E80: DA+6 | G80: 30.06.24 | H80: 30.06.24 | I80: Done | J80: Ramagora
B81: Jul'24
A82: 71 | B82: 1 | D82: 59/16 | E82: DA+9 | G82: 01.07.24 | H82: 01.07.24 | I82: Done | J82: Suraja Ram
A83: 72 | B83: 2 | D83: 59/15 | E83: DA+6 | G83: 02.07.24 | H83: 02.07.24 | I83: Done | J83: Suraja Ram
A84: 73 | B84: 3 | D84: 60/0 | E84: DC+0 | G84: 24.07.24 | H84: 24.07.24 | I84: Done | J84: Suraja Ram
A85: 74 | B85: 4 | D85: 59/8 | E85: DB1+3 | G85: 27.07.24 | H85: 27.07.24 | I85: Done | J85: Suraja Ram
B86: Aug'24
A87: 75 | B87: 1 | D87: 55/3 | E87: DA+0 | G87: 23.08.24 | H87: 23.08.24 | I87: Done | J87: Suraja Ram
A88: 76 | B88: 2 | D88: 55/4 | E88: DA+0 | G88: 24.08.24 | H88: 24.08.24 | I88: Done | J88: Suraja Ram
A89: 77 | B89: 4 | D89: 57/6 | E89: DA+3 | G89: 27.08.24 | H89: 27.08.24 | I89: Done | J89: Suraja Ram
A90: 78 | B90: 5 | D90: 57/3 | E90: DA+0 | G90: 28.08.24 | H90: 28.08.24 | I90: Done | J90: Suraja Ram
A91: 79 | B91: 6 | D91: 57/4 | E91: DA+0 | G91: 30.08.24 | H91: 30.08.24 | I91: Done | J91: Suraja Ram
A92: 80 | B92: 7 | D92: 57/5 | E92: DA+3 | G92: 30.08.24 | H92: 30.08.24 | I92: Done | J92: Suraja Ram
B93: Sept'24
A94: 81 | B94: 1 | D94: 62/0 | E94: DB2+0 | G94: 15.09.24 | H94: 15.09.24 | I94: Done | J94: Suraja Ram
A95: 82 | B95: 2 | D95: 62/1 | E95: DA+3 | G95: 23.09.24 | H95: 24.09.24 | I95: Done | J95: Suraja Ram
A96: 83 | B96: 3 | D96: 62/6 | E96: DA+3 | G96: 25.09.24 | H96: 26.09.24 | I96: Done | J96: Suraja Ram
B97: Oct'24
A98: 84 | B98: 1 | D98: 57/7 | E98: DA+3 | G98: 05.10.24 | H98: 06.10.24 | I98: Done | J98: Suraja Ram
A99: 85 | B99: 2 | D99: 50/9 | E99: DA+0 | G99: 06.10.24 | H99: 07.10.24 | I99: Done | J99: Suraja Ram
A100: 86 | B100: 3 | D100: 50/10 | E100: DA+3 | G100: 09.10.24 | H100: 09.10.24 | I100: Done | J100: Suraja Ram
A101: 87 | B101: 4 | D101: 50/0 | E101: DB2+0 | G101: 10.10.24 | H101: 10.10.24 | I101: Done | J101: Suraja Ram
A102: 88 | B102: 5 | D102: 50/3 | E102: DA+6 | G102: 24.10.24 | H102: 24.10.24 | I102: Done | J102: Suraja Ram
A103: 89 | B103: 6 | D103: 50/1 | E103: DA+6 | G103: 25.10.24 | H103: 25.10.24 | I103: Done | J103: Suraja Ram
A104: 90 | B104: 7 | D104: 51/1 | E104: DA+0 | G104: 25.10.24 | H104: 25.10.24 | I104: Done | J104: Suraja Ram
A105: 91 | B105: 8 | D105: 50/2 | E105: DA+9 | G105: 28.10.24 | H105: 28.10.24 | I105: Done | J105: Suraja Ram
A106: 92 | B106: 9 | D106: 64/11 | E106: DA+3 | G106: 29.10.24 | H106: 29.10.24 | I106: Done | J106: Suraja Ram
B107: Nov'24
A108: 93 | B108: 1 | D108: 59/11 | E108: DA+6 | G108: 11.11.24 | H108: 11.11.24 | I108: Done | J108: Suraja Ram
A109: 94 | B109: 2 | D109: 50/7 | E109: DA+0 | G109: 14.11.24 | H109: 14.11.24 | I109: Done | J109: Suraja Ram
A110: 95 | B110: 3 | D110: 73/1 | E110: DA+0 | G110: 14.11.24 | H110: 14.11.24 | I110: Done | J110: Suraja Ram
A111: 96 | B111: 4 | D111: 73/2 | E111: DA+0 | G111: 19.11.24 | H111: 19.11.24 | I111: Done | J111: Suraja Ram
A112: 97 | B112: 5 | D112: 73/9 | E112: DA+0 | G112: 20.11.24 | H112: 20.11.24 | I112: Done | J112: Suraja Ram
A113: 98 | B113: 6 | D113: 52/7 | E113: DA+3 | G113: 25.11.24 | H113: 25.11.24 | I113: Done | J113: Suraja Ram
A114: 99 | B114: 7 | D114: 52/6 | E114: DA+6 | G114: 25.11.24 | H114: 25.11.24 | I114: Done | J114: Suraja Ram
A115: 100 | B115: 8 | D115: 52/8 | E115: DA+6 | G115: 26.11.24 | H115: 26.11.24 | I115: Done | J115: Suraja Ram
...

Sheet Tack Welding - PKG-G
A1: KEC INTERNATIONAL LIMITED
A2: LILO of 765 Kv DV Fatehgarh 3 Beawar TL
A3: Tack Welding
A4: Cum Sl. No. | B4: Month Sl. No. | C4: JMC No. | D4: Location No. | E4: Tower Type | F4: Dt. of Start | G4: Dt. of Complete | H4: Tack Welding Status | I4: Name of Sub-Contractor | J4: Ramarks
B6: 45200
A7: 1 | B7: 1 | D7: 57/12 | E7: DA+3 | F7: 24.10.23 | G7: 25.10.23 | H7: Done | I7: Suraja Ram
A8: 2 | B8: 2 | D8: 57/13 | E8: DA+0 | F8: 24.10.23 | G8: 25.10.23 | H8: Done | I8: Suraja Ram
A9: 3 | B9: 3 | D9: 57/11 | E9: DA+0 | F9: 25.10.23 | G9: 26.10.23 | H9: Done | I9: Suraja Ram
A10: 4 | B10: 4 | D10: 57/10 | E10: DA+3 | F10: 26.10.23 | G10: 27.10.23 | H10: Done | I10: Suraja Ram
A11: 5 | B11: 5 | D11: 57/9 | E11: DA+0 | F11: 27.10.23 | G11: 29.10.23 | H11: Done | I11: Suraja Ram
B12: 45231
A13: 6 | B13: 1 | D13: 57/4 | E13: DA+0 | F13: 31.10.23 | G13: 01.11.23 | H13: Done | I13: Suraja Ram
A14: 7 | B14: 2 | D14: 57/3 | E14: DA+0 | F14: 01.11.23 | G14: 02.11.23 | H14: Done | I14: Suraja Ram
A15: 8 | B15: 3 | D15: 57/2 | E15: DA+0 | F15: 02.11.23 | G15: 03.11.2023 | H15: Done | I15: Suraja Ram
A16: 9 | B16: 4 | D16: 57/5 | E16: DA+3 | F16: 03.11.2023 | G16: 04.11.2023 | H16: Done | I16: Suraja Ram
A17: 10 | B17: 5 | D17: 58/8 | E17: DA+0 | F17: 05.11.2023 | G17: 06.111.23 | H17: Done | I17: Suraja Ram
A18: 11 | B18: 6 | D18: 58/9 | E18: DA+0 | F18: 06.111.23 | G18: 07.11.23 | H18: Done | I18: Suraja Ram
A19: 12 | B19: 7 | D19: 57/8 | E19: DA+3 | F19: 07.11.23 | G19: 08.11.23 | H19: Done | I19: Suraja Ram
A20: 13 | B20: 8 | D20: 58/11 | E20: DA+3 | F20: 09.11.23 | G20: 27.11.23 | H20: Done | I20: Suraja Ram
A21: 14 | B21: 9 | D21: 58/12 | E21: DA+0 | F21: 27.11.23 | G21: 28.11.23 | H21: Done | I21: Suraja Ram
A22: 15 | B22: 10 | D22: 57/1 | E22: DA+3 | F22: 28.11.23 | G22: 30.11.23 | H22: Done | I22: Suraja Ram
B23: 45261
A24: 16 | B24: 1 | D24: 56/9 | E24: DA+3 | F24: 30.11.23 | G24: 02.12.23 | H24: Done | I24: Suraja Ram
A25: 17 | B25: 2 | D25: 56/8 | E25: DA+3 | F25: 02.12.23 | G25: 03.12.23 | H25: Done | I25: Suraja Ram
A26: 18 | B26: 3 | D26: 56/7 | E26: DA+3 | F26: 06.12.23 | G26: 06.12.23 | H26: Done | I26: Suraja Ram
A27: 19 | B27: 4 | D27: 58/14 | E27: DA+0 | F27: 07.12.23 | G27: 07.12.23 | H27: Done | I27: Suraja Ram
A28: 20 | B28: 5 | D28: 58/16 | E28: DA+0 | F28: 13.12.23 | G28: 13.12.23 | H28: Done | I28: Suraja Ram
A29: 21 | B29: 6 | D29: 58/10 | E29: DA+3 | F29: 14.12.23 | G29: 15.12.23 | H29: Done | I29: Suraja Ram
A30: 22 | B30: 7 | D30: 59/1 | E30: DA+0 | F30: 18.12.23 | G30: 18.12.23 | H30: Done | I30: Suraja Ram
A31: 23 | B31: 8 | D31: 59/2 | E31: DA+0 | F31: 19.12.23 | G31: 19.12.23 | H31: Done | I31: Suraja Ram
A32: 24 | B32: 9 | D32: 59/3 | E32: DA+0 | F32: 20.12.23 | G32: 20.12.23 | H32: Done | I32: Suraja Ram
A33: 25 | B33: 10 | D33: 59/5 | E33: DA+0 | F33: 21.12.23 | G33: 21.12.23 | H33: Done | I33: Suraja Ram
A34: 26 | B34: 11 | D34: 59/6 | E34: DA+0 | F34: 22.12.23 | G34: 22.12.23 | H34: Done | I34: Suraja Ram
A35: 27 | B35: 12 | D35: 56/3 | E35: DA+0 | F35: 23.12.23 | G35: 23.12.23 | H35: Done | I35: Suraja Ram
... A49: 41 | B49: 26 | D49: 52/2 | E49: DA+3 | F49: 31.12.23 | G49: 31.12.23 | H49: Done | I49: Kailash Nath
B50: 45292
A51: 42 | B51: 1 | D51: 55/10 | E51: DA+3 | F51: 02.01.24 | G51: 02.01.24 | H51: Done | I51: Suraja Ram
A52: 43 | B52: 2 | D52: 55/11 | E52: DA+3 | F52: 02.01.24 | G52: 02.01.24 | H52: Done | I52: Suraja Ram
A53: 44 | B53: 3 | D53: 52/5 | E53: DA+3 | F53: 02.01.24 | G53: 02.01.24 | H53: Done | I53: Kailash Nath
A54: 45 | B54: 4 | D54: 57/7 | E54: DA+3 | F54: 03.01.24 | G54: 03.01.24 | H54: Done | I54: Suraja Ram
A55: 46 | B55: 5 | D55: 58/5 | E55: DA+3 | F55: 04.01.24 | G55: 05.01.24 | H55: Done | I55: Suraja Ram
A56: 47 | B56: 6 | D56: 57/6 | E56: DB1+0 | F56: 06.01.24 | G56: 06.01.24 | H56: Done | I56: Suraja Ram
A57: 48 | B57: 7 | D57: 57/0 | E57: DB2+0 | F57: 07.01.24 | G57: 07.01.24 | H57: Done | I57: Suraja Ram
A58: 49 | B58: 8 | D58: 56/6 | E58: DA+3 | F58: 08.01.24 | G58: 08.01.24 | H58: Done | I58: Suraja Ram
A59: 50 | B59: 9 | D59: 56/2 | E59: DA+3 | F59: 11.01.24 | G59: 12.01.24 | H59: Done | I59: Suraja Ram
A60: 51 | B60: 10 | D60: 56/5 | E60: DA+0 | F60: 13.01.24 | G60: 13.01.24 | H60: Done | I60: Suraja Ram
A61: 52 | B61: 11 | D61: 56/0 | E61: DB1+0 | F61: 13.01.24 | G61: 13.01.24 | H61: Done | I61: Suraja Ram
A62: 53 | B62: 12 | D62: 55/8 | E62: DA+3 | F62: 14.1.24 | G62: 14.1.24 | H62: Done | I62: Suraja Ram
... A76: 67 | B76: 26 | D76: 47/2 | E76: DA+0 | F76: 31.01.24 | G76: 31.01.24 | H76: Done | I76: Ramagora
B77: Feb-24
A78: 68 | B78: 1 | D78: 59/0 | E78: DB+0 | F78: 01.02.24 | G78: 01.02.24 | H78: Done | I78: Suraja Ram
A79: 69 | B79: 2 | D79: 46/3 | E79: DA+0 | F79: 01.02.24 | G79: 01.02.24 | H79: Done | I79: Ramagora
A80: 70 | B80: 3 | D80: 61/1 | E80: DA+0 | F80: 02.02.24 | G80: 02.02.24 | H80: Done | I80: Suraja Ram
A81: 71 | B81: 4 | D81: 48/1 | E81: DA+0 | F81: 03.02.24 | G81: 03.02.24 | H81: Done | I81: Ramagora
A82: 72 | B82: 5 | D82: 51/9 | E82: DA+3 | F82: 04.02.24 | G82: 04.02.24 | H82: Done | I82: Ramagora
A83: 73 | B83: 6 | D83: 55/1 | E83: DA+3 | F83: 04.02.24 | G83: 04.02.24 | H83: Done | I83: Suraja Ram
A84: 74 | B84: 7 | D84: 55/2 | E84: DA+3 | F84: 04.02.24 | G84: 05.02.24 | H84: Done | I84: Suraja Ram
A85: 75 | B85: 8 | D85: 52/4 | E85: DA+0 | F85: 04.02.24 | G85: 05.02.24 | H85: Done | I85: Ramagora
A86: 76 | B86: 9 | D86: 55/3 | E86: DA+0 | F86: 06.02.24 | G86: 06.02.24 | H86: Done | I86: Suraja Ram
A87: 77 | B87: 10 | D87: 53/4 | E87: DA+3 | F87: 07..02.24 | G87: 07..02.24 | H87: Done | I87: Suraja Ram
A88: 78 | B88: 11 | D88: 51/8 | E88: DA+3 | F88: 07..02.24 | G88: 07..02.24 | H88: Done | I88: Ramagora
A89: 79 | B89: 12 | D89: 53/3 | E89: DA+3 | F89: 08.02.24 | G89: 08.02.24 | H89: Done | I89: Suraja Ram
... A93: 83 | B93: 16 | D93: 41/5 | E93: DA+0 | F93: 14.02.24 | G93: 14.02.24 | H93: Done | I93: Ramagora
A94: 84 | B94: 17 | D94: 47/0 | E94: DB+0 | F94: 16.02.24 | G94: 16.02.24 | H94: Done | I94: Suraja Ram | M94: =127-104 -> 23
A95: 85 | B95: 18 | D95: 46/2 | E95: DA+0 | F95: 17.02.24 | G95: 17.02.24 | H95: Done | I95: Suraja Ram | M95: =127-111 -> 16
A96: 86 | B96: 19 | D96: 53/1 | E96: DA+0 | F96: 23.02.24 | G96: 23.02.24 | H96: Done | I96: Suraja Ram | M96: =M94-M95 -> 7
A97: 87 | B97: 20 | D97: 52/0 | E97: DB+0 | F97: 24.02.24 | G97: 24.02.24 | H97: Done | I97: Suraja Ram
A98: 88 | B98: 21 | D98: 44/3 | E98: DA+3 | F98: 27.02.24 | G98: 27.02.24 | H98: Done | I98: Ramagora
A99: 89 | B99: 22 | D99: 43/5 | E99: DA+0 | F99: 28.02.24 | G99: 28.02.24 | H99: Done | I99: Ramagora
A100: 90 | B100: 23 | D100: 41/9 | E100: DA+0 | F100: 29.02.24 | G100: 29.02.24 | H100: Done | I100: Ramagora
B101: March'24
A102: 91 | B102: 1 | D102: 41/8 | E102: DA+0 | F102: 04.03.24 | G102: 04.03.24 | H102: Done | I102: Ramagora
A103: 92 | B103: 2 | D103: 41/4 | E103: DA+0 | F103: 05.03.24 | G103: 05.03.24 | H103: Done | I103: Ramagora
A104: 93 | B104: 3 | D104: 41/6 | E104: DA+0 | F104: 07.03.24 | G104: 07.03.24 | H104: Done | I104: Ramagora
A105: 94 | B105: 4 | D105: 53/2 | E105: DA+3 | F105: 08.03.24 | G105: 08.03.24 | H105: Done | I105: Suraja Ram
A106: 95 | B106: 5 | D106: 43/4 | E106: DA+9 | F106: 09.03.24 | G106: 09.03.24 | H106: Done | I106: Ramagora
A107: 96 | B107: 6 | D107: 51/1 | E107: DA+0 | F107: 11.03.24 | G107: 11.03.24 | H107: Done | I107: Ramagora
A108: 97 | B108: 7 | D108: 51/0 | E108: DB+0 | F108: 28.03.24 | G108: 28.03.24 | H108: Done | I108: Ramagora | M108: Sanjay
B109: April'24 | M109: Manoj
A110: 98 | B110: 1 | D110: 47/3 | E110: DA+0 | F110: 20.04.24 | G110: 21.04.24 | H110: Done | I110: Ramagora
A111: 99 | B111: 2 | D111: 56/1 | E111: DA+3 | F111: 24.04.24 | G111: 24.04.24 | H111: Done | I111: Ramagora | M111: publesh
B112: May'24 | M112: Pradeep
A113: 100 | B113: 1 | D113: 58/0 | E113: DC2+0 | F113: 04.05.24 | G113: 04.05.24 | H113: Done | I113: Suraja Ram
A114: 101 | B114: 2 | D114: 61/2 | E114: DA+0 | F114: 06.05.24 | G114: 06.05.24 | H114: Done | I114: Suraja Ram
A115: 102 | B115: 3 | D115: 44/1 | E115: DA+0 | F115: 12.05.24 | G115: 12.05.24 | H115: Done | I115: Ramagora
A116: 103 | B116: 4 | D116: 55/0 | E116: DC+0 | F116: 24.05.24 | G116: 24.05.24 | H116: Done | I116: Suraja Ram
A117: 104 | B117: 5 | D117: 65/5 | E117: DA+0 | F117: 30.05.24 | G117: 30.05.24 | H117: Done | I117: Suraja Ram
A118: 105 | B118: 6 | D118: 65/4 | E118: DA+0 | F118: 31.05.24 | G118: 31.05.24 | H118: Done | I118: Suraja Ram
B119: June'24
A120: 106 | B120: 1 | D120: 58/2 | E120: DA+0 | F120: 02.06.24 | G120: 02.06.24 | H120: Done | I120: Suraja Ram
A121: 107 | B121: 2 | D121: 65/3 | E121: DA+0 | F121: 02.06.24 | G121: 02.06.24 | H121: Done | I121: Suraja Ram
A122: 108 | B122: 3 | D122: 53/0 | E122: DC2+3 | F122: 22.06.24 | G122: 22.06.24 | H122: Done | I122: Suraja Ram
A123: 109 | B123: 4 | D123: 52/3 | E123: DA+0 | F123: 24.06.24 | G123: 24.06.24 | H123: Done | I123: Suraja Ram
B124: July'24
A125: 110 | B125: 1 | D125: 48/0 | E125: DB+0 | F125: 23.07.24 | G125: 23.07.24 | H125: Done | I125: Suraja Ram
B126: Sept'24
A127: 111 | B127: 1 | D127: 46/4 | E127: DA+0 | F127: 16.09.24 | G127: 16.09.24 | H127: Done | I127: Suraja Ram
A128: 112 | B128: 2 | D128: 47/1 | E128: DA+0 | F128: 19.09.24 | G128: 19.09.24 | H128: Done | I128: Suraja Ram
A129: 113 | B129: 3 | D129: 50/2 | E129: DA+0 | F129: 20.09.24 | G129: 20.09.24 | H129: Done | I129: Suraja Ram
A130: 114 | B130: 4 | D130: 50/1 | E130: DA+0 | F130: 22.09.24 | G130: 22.09.24 | H130: Done | I130: Suraja Ram
...

Sheet Painting - PKG-F
A1: KEC INTERNATIONAL LIMITED
A2: LILO of 765 Kv DV Fatehgarh 3 Beawar TL
A3: Painting
A4: Cum Sl. No. | B4: Month Sl. No. | C4: JMC No. | D4: Location No. | E4: Tower Type | F4: Depth of Fdn | G4: Dt. of Start | H4: Dt. of Complete | I4: Tack Welding Status | J4: Name of Sub-Contractor | K4: Ramarks
A6: 1 | B6: 1 | D6: 59/14 | E6: DA+6 | G6: 26.02.24 | H6: 26.02.24 | I6: Done | J6: Suraja Ram
A7: 2 | B7: 2 | D7: 63/6 | E7: DA+3 | G7: 29.02.24 | H7: 29.02.24 | I7: Done | J7: Suraja Ram
B8: March'24
A9: 3 | B9: 1 | D9: 62/3 | E9: DA+0 | G9: 11.03.24 | H9: 11.03.24 | I9: Done | J9: Suraja Ram
A10: 4 | B10: 2 | D10: 62/4 | E10: DA+3 | G10: 11.03.24 | H10: 11.03.24 | I10: Done | J10: Suraja Ram
A11: 5 | B11: 3 | D11: 62/2 | E11: DA+3 | G11: 11.03.24 | H11: 11.03.24 | I11: Done | J11: Suraja Ram
A12: 6 | B12: 4 | D12: 59/7 | E12: DA+3 | G12: 12.03.24 | H12: 13.03.24 | I12: Done | J12: Ramagora
A13: 7 | B13: 5 | D13: 59/9 | E13: DA+3 | G13: 14.03.24 | H13: 14.03.24 | I13: Done | J13: Suraja Ram
A14: 8 | B14: 6 | D14: 59/12 | E14: DA+6 | G14: 14.03.24 | H14: 14.03.24 | I14: Done | J14: Suraja Ram
A15: 9 | B15: 7 | D15: 59/10 | E15: DA+0 | G15: 14.03.24 | H15: 14.03.24 | I15: Done | J15: Suraja Ram
A16: 10 | B16: 8 | D16: 63/8 | E16: DA+3 | G16: 15.03.24 | H16: 15.03.24 | I16: Done | J16: Suraja Ram
A17: 11 | B17: 9 | D17: 62/7 | E17: DA+3 | G17: 15.03.24 | H17: 15.03.24 | I17: Done | J17: Suraja Ram
A18: 12 | B18: 10 | D18: 62/8 | E18: DA+0 | G18: 16.03.24 | H18: 16.03.24 | I18: Done | J18: Suraja Ram
A19: 13 | B19: 11 | D19: 64/4 | E19: DA+3 | G19: 16.03.24 | H19: 16.03.24 | I19: Done | J19: Suraja Ram
A20: 14 | B20: 12 | D20: 60/6 | E20: DA+0 | G20: 16.03.24 | H20: 16.03.24 | I20: Done | J20: Ramagora
... A36: 30 | B36: 28 | D36: 65/5 | E36: DA+0 | G36: 31.03.24 | H36: 31.03.24 | I36: Done | J36: Suraja Ram
B37: April'24
A38: 31 | B38: 1 | D38: 61/7 | E38: DA+9 | G38: 03.04.24 | H38: 03.04.24 | I38: Done | J38: Suraja Ram
A39: 32 | B39: 2 | D39: 64/6 | E39: DA+0 | G39: 06.04.24 | H39: 06.04.24 | I39: Done | J39: Suraja Ram
A40: 33 | B40: 3 | D40: 65/6 | E40: DA+0 | G40: 06.04.24 | H40: 06.04.24 | I40: Done | J40: Suraja Ram
A41: 34 | B41: 4 | D41: 61/0 | E41: DB+0 | G41: 28.04.24 | H41: 28.04.24 | I41: Done | J41: Ramagora
A42: 35 | B42: 5 | D42: 63/7 | E42: DA+3 | G42: 29.04.24 | H42: 30.04.24 | I42: Done | J42: Suraja Ram
B43: May'24
A44: 36 | B44: 1 | D44: 65/9 | E44: DA+0 | G44: 02.05.24 | H44: 02.05.24 | I44: Done | J44: Suraja Ram
A45: 37 | B45: 2 | D45: 64/7 | E45: DA+3 | G45: 02.05.24 | H45: 02.05.24 | I45: Done | J45: Suraja Ram
A46: 38 | B46: 3 | D46: 61/2 | E46: DA+6 | G46: 02.05.24 | H46: 02.05.24 | I46: Done | J46: Ramagora
A47: 39 | B47: 4 | D47: 64/9 | E47: DA+3 | G47: 02.05.24 | H47: 02.05.24 | I47: Done | J47: Suraja Ram
A48: 40 | B48: 5 | D48: 65/11 | E48: DA+0 | G48: 03.05.24 | H48: 03.05.24 | I48: Done | J48: Suraja Ram
A49: 41 | B49: 6 | D49: 64/8 | E49: DA+3 | G49: 11.05.24 | H49: 11.05.24 | I49: Done | J49: Suraja Ram
A50: 42 | B50: 7 | D50: 65/1 | E50: DA+0 | G50: 11.05.24 | H50: 11.05.24 | I50: Done | J50: Suraja Ram
A51: 43 | B51: 8 | D51: 64/10 | E51: DA+3 | G51: 11.05.24 | H51: 11.05.24 | I51: Done | J51: Suraja Ram
A52: 44 | B52: 9 | D52: 67/1 | E52: DA+0 | G52: 12.05.24 | H52: 12.05.24 | I52: Done | J52: Suraja Ram
A53: 45 | B53: 10 | D53: 67/2 | E53: DA+0 | G53: 12.05.24 | H53: 12.05.24 | I53: Done | J53: Suraja Ram
A54: 46 | B54: 11 | D54: 65/0 | E54: DB1+0 | G54: 13.05.24 | H54: 13.05.24 | I54: Done | J54: Suraja Ram
A55: 47 | B55: 12 | D55: 60/9 | E55: DA+3 | G55: 11.05.24 | H55: 11.05.24 | I55: Done | J55: Ramagora
... A62: 54 | B62: 13 | D62: 61/4 | E62: DA+3 | G62: 23.05.24 | H62: 23.05.24 | I62: Done | J62: Suraja Ram
A63: 55 | B63: 1`4 | D63: 61/5 | E63: DA+3 | G63: 25.05.24 | H63: 25.05.24 | I63: Done | J63: Suraja Ram
B64: June'24
A65: 56 | B65: 1 | D65: 64/2 | E65: DA+3 | G65: 04.06.24 | H65: 04.06.24 | I65: Done | J65: Suraja Ram
A66: 57 | B66: 2 | D66: 64/0 | E66: DB2+0 | G66: 06.06.24 | H66: 06.06.24 | I66: Done | J66: Suraja Ram
A67: 58 | B67: 3 | D67: 63/0 | E67: DC1+0 | G67: 10.06.24 | H67: 11.06.24 | I67: Done | J67: Suraja Ram
A68: 59 | B68: 4 | D68: 60/5 | E68: DA+3 | G68: 12.06.24 | H68: 12.06.24 | I68: Done | J68: Ramagora
A69: 60 | B69: 5 | D69: 61/10 | E69: DA+9 | G69: 12.06.24 | H69: 12.06.24 | I69: Done | J69: Suraja Ram
A70: 61 | B70: 6 | D70: 63/1 | E70: DA+3 | G70: 12.06.24 | H70: 12.06.24 | I70: Done | J70: Suraja Ram
A71: 62 | B71: 7 | D71: 63/2 | E71: DA+0 | G71: 12.06.24 | H71: 12.06.24 | I71: Done | J71: Suraja Ram
A72: 63 | B72: 8 | D72: 64/3 | E72: DA+0 | G72: 12.06.24 | H72: 12.06.24 | I72: Done | J72: Suraja Ram
A73: 64 | B73: 9 | D73: 60/4 | E73: DA+3 | G73: 13.06.24 | H73: 13.06.24 | I73: Done | J73: Ramagora
A74: 65 | B74: 10 | D74: 59/5 | E74: DA+3 | G74: 14.06.24 | H74: 14.06.24 | I74: Done | J74: Ramagora
A75: 66 | B75: 11 | D75: 61/8 | E75: DA+6 | G75: 15.06.24 | H75: 15.06.24 | I75: Done | J75: Ramagora
A76: 67 | B76: 12 | D76: 61/9 | E76: DA+0 | G76: 15.06.24 | H76: 15.06.24 | I76: Done | J76: Ramagora
... A78: 69 | B78: 14 | D78: 60/2 | E78: DA+3 | G78: 25.06.24 | H78: 25.06.24 | I78: Done | J78: Ramagora
B79: July'24
A80: 70 | B80: 1 | D80: 60/1 | E80: DA+6 | G80: 01.07.24 | H80: 01.07.24 | I80: Done | J80: Ramagora
A81: 71 | B81: 2 | D81: 60/0 | E81: DC+0 | G81: 24.07.24 | H81: 24.07.24 | I81: Done | J81: Suraja Ram
A82: 72 | B82: 3 | D82: 59/16 | E82: DA+9 | G82: 01.07.24 | H82: 01.07.24 | I82: Done | J82: Suraja Ram
A83: 73 | B83: 4 | D83: 59/15 | E83: DA+6 | G83: 02.07.24 | H83: 02.07.24 | I83: Done | J83: Suraja Ram
A84: 74 | B84: 5 | D84: 59/8 | E84: DB1+3 | G84: 27.07.24 | H84: 27.07.24 | I84: Done | J84: Suraja Ram
B85: Sept'24
A86: 75 | B86: 1 | D86: 55/3 | E86: DA+0 | G86: 01.09.24 | H86: 01.09.24 | I86: Done | J86: Suraja Ram
A87: 76 | B87: 2 | D87: 55/4 | E87: DA+0 | G87: 02.09.24 | H87: 02.09.24 | I87: Done | J87: Suraja Ram
A88: 77 | B88: 3 | D88: 62/6 | E88: DA+3 | G88: 03.09.24 | H88: 03.09.24 | I88: Done | J88: Suraja Ram
A89: 78 | B89: 4 | D89: 57/6 | E89: DA+3 | G89: 04.09.24 | H89: 04.09.24 | I89: Done | J89: Suraja Ram
A90: 79 | B90: 5 | D90: 57/3 | E90: DA+0 | G90: 05.09.24 | H90: 05.09.24 | I90: Done | J90: Suraja Ram
A91: 80 | B91: 6 | D91: 57/4 | E91: DA+0 | G91: 06.09.24 | H91: 06.09.24 | I91: Done | J91: Suraja Ram
A92: 81 | B92: 7 | D92: 57/5 | E92: DA+3 | G92: 07.09.24 | H92: 07.09.24 | I92: Done | J92: Suraja Ram
A93: 82 | B93: 8 | D93: 62/1 | E93: DA+3 | G93: 26.09.24 | H93: 26.09.24 | I93: Done | J93: Suraja Ram
A94: 83 | B94: 9 | D94: 62/0 | E94: DB2+0 | G94: 15.09.24 | H94: 15.09.24 | I94: Done | J94: Suraja Ram
B95: Oct'24
A96: 84 | B96: 1 | D96: 57/7 | E96: DA+3 | G96: 07.10.24 | H96: 07.10.24 | I96: Done | J96: Suraja Ram
A97: 85 | B97: 2 | D97: 50/9 | E97: DA+0 | G97: 08.10.24 | H97: 08.10.24 | I97: Done | J97: Suraja Ram
A98: 86 | B98: 3 | D98: 50/10 | E98: DA+0 | G98: 10.101.24 | H98: 10.10.24 | I98: Done | J98: Suraja Ram
A99: 87 | B99: 4 | D99: 50/0 | E99: DB2+0 | G99: 11.10.24 | H99: 11.10.24 | I99: Done | J99: Suraja Ram
A100: 88 | B100: 5 | D100: 50/3 | E100: DA+6 | G100: 24.10.24 | H100: 24.10.24 | I100: Done | J100: Suraja Ram
A101: 89 | B101: 6 | D101: 50/1 | E101: DA+6 | G101: 25.10.24 | H101: 25.10.24 | I101: Done | J101: Suraja Ram
A102: 90 | B102: 7 | D102: 51/1 | E102: DA+0 | G102: 25.10.24 | H102: 25.10.24 | I102: Done | J102: Suraja Ram
A103: 91 | B103: 8 | D103: 50/2 | E103: DA+9 | G103: 28.10.24 | H103: 28.10.24 | I103: Done | J103: Suraja Ram
B104: Nov'24
A105: 92 | B105: 1 | D105: 59/11 | E105: DA+6 | G105: 11.11.24 | H105: 11.11.24 | I105: Done | J105: Suraja Ram
A106: 93 | B106: 2 | D106: 50/7 | E106: DA+0 | G106: 14.11.24 | H106: 14.11.24 | I106: Done | J106: Suraja Ram
A107: 94 | B107: 3 | D107: 73/1 | E107: DA+0 | G107: 14.11.24 | H107: 14.11.24 | I107: Done | J107: Suraja Ram
A108: 95 | B108: 4 | D108: 73/9 | E108: DA+0 | G108: 20.11.24 | H108: 20.11.24 | I108: Done | J108: Suraja Ram
A109: 96 | B109: 5 | D109: 64/11 | E109: DA+3 | G109: 21.11.24 | H109: 21.11.24 | I109: Done | J109: Suraja Ram
A110: 97 | B110: 6 | D110: 73/2 | E110: DA+0 | G110: 19.11.24 | H110: 19.11.24 | I110: Done | J110: Suraja Ram
A111: 98 | B111: 7 | D111: 52/6 | E111: DA+6 | G111: 25.11.24 | H111: 25.11.24 | I111: Done | J111: Suraja Ram
A112: 99 | B112: 8 | D112: 52/7 | E112: DA+3 | G112: 26.11.24 | H112: 26.11.24 | I112: Done | J112: Suraja Ram
A113: 100 | B113: 9 | D113: 52/8 | E113: DA+6 | G113: 26.11.24 | H113: 26.11.24 | I113: Done | J113: Suraja Ram
A114: 101 | B114: 11 | D114: 48/1 | E114: DA+9 | G114: 30.11.24 | H114: 30.11.24 | I114: Done | J114: Suraja Ram
B115: Dec'24
A116: 102 | B116: 1 | D116: 49/4 | E116: DA+3 | G116: 27.11.24 | H116: 27.11.24 | I116: Done | J116: Suraja Ram
A117: 103 | B117: 2 | D117: 48/0 | E117: DC2+0 | G117: 27.11.24 | H117: 27.11.24 | I117: Done | J117: Suraja Ram
A118: 104 | B118: 3 | D118: 47/10 | E118: DA+6 | G118: 29.11.24 | H118: 29.11.24 | I118: Done | J118: Suraja Ram
A119: 105 | B119: 4 | D119: 49/6 | E119: DA+0 | G119: 03.12.24 | H119: 03.12.24 | I119: Done | J119: Suraja Ram
A120: 106 | B120: 5 | D120: 49/5 | E120: DA+3 | G120: 04.12.24 | H120: 04.12.24 | I120: Done | J120: Suraja Ram
A121: 107 | B121: 6 | D121: 59/4 | E121: DA+3 | G121: 06.12.24 | H121: 06.12.24 | I121: Done | J121: Suraja Ram
A122: 108 | B122: 7 | D122: 49/7 | E122: DA+0 | G122: 02.12.24 | H122: 02.12.24 | I122: Done | J122: Suraja Ram
A123: 109 | B123: 8 | D123: 73/6 | E123: DA+0 | G123: 13.12.24 | H123: 13.12.24 | I123: Done | J123: Suraja Ram
...

Sheet Painting - PKG-G
A1: KEC INTERNATIONAL LIMITED
A2: LILO of 765 Kv DV Fatehgarh 3 Beawar TL
A3: Painting
A4: Cum Sl. No. | B4: Month Sl. No. | C4: JMC No. | D4: Location No. | E4: Tower Type | F4: Depth of Fdn | G4: Dt. of Start | H4: Dt. of Complete | I4: Tack Welding Status | J4: Name of Sub-Contractor | K4: Ramarks
Q5: 15/2
B6: 45261 | Q6: 29/5
A7: 1 | B7: 1 | D7: 56/9 | E7: DA+3 | G7: 02.12.23 | H7: 03.12.23 | I7: Done | J7: Suraja Ram | Q7: 29/6
A8: 2 | B8: 2 | D8: 57/1 | E8: DA+3 | G8: 02.12.23 | H8: 03.12.23 | I8: Done | J8: Suraja Ram | Q8: 29/7
A9: 3 | B9: 3 | D9: 56/8 | E9: DA+3 | G9: 03.12.23 | H9: 06.12.23 | I9: Done | J9: Suraja Ram | Q9: 29/8
A10: 4 | B10: 4 | D10: 57/2 | E10: DA+0 | G10: 04.12.23 | H10: 08.12.23 | I10: Done | J10: Suraja Ram | Q10: 29/10
A11: 5 | B11: 5 | D11: 57/3 | E11: DA+0 | G11: 04.12.23 | H11: 08.12.23 | I11: Done | J11: Suraja Ram | Q11: 16/5
A12: 6 | B12: 6 | D12: 57/4 | E12: DA+0 | G12: 04.12.23 | H12: 08.12.23 | I12: Done | J12: Suraja Ram | Q12: 16/3
A13: 7 | B13: 7 | D13: 57/5 | E13: DA+3 | G13: 04.12.23 | H13: 08.12.23 | I13: Done | J13: Suraja Ram | Q13: 15/4
A14: 8 | B14: 8 | D14: 57/8 | E14: DA+3 | G14: 05.12.23 | H14: 09.12.23 | I14: Done | J14: Suraja Ram | Q14: 15/3
A15: 9 | B15: 9 | D15: 57/9 | E15: DA+0 | G15: 05.12.23 | H15: 09.12.23 | I15: Done | J15: Suraja Ram | Q15: 16/4
A16: 10 | B16: 10 | D16: 57/10 | E16: DA+0 | G16: 05.12.23 | H16: 09.12.23 | I16: Done | J16: Suraja Ram
A17: 11 | B17: 11 | D17: 57/11 | E17: DA+0 | G17: 09.12.23 | H17: 10.12.23 | I17: Done | J17: Suraja Ram
A18: 12 | B18: 12 | D18: 57/12 | E18: DA+3 | G18: 10.12.23 | H18: 11.12.23 | I18: Done | J18: Suraja Ram
A19: 13 | B19: 13 | D19: 58/14 | E19: DA+0 | G19: 08.12.23 | H19: 11.12.23 | I19: Done | J19: Suraja Ram
A20: 14 | B20: 14 | D20: 57/13 | E20: DA+0 | G20: 12.12.23 | H20: 16.12.23 | I20: Done | J20: Suraja Ram
A21: 15 | B21: 15 | D21: 58/8 | E21: DA+0 | G21: 12.12.23 | H21: 16.12.23 | I21: Done | J21: Suraja Ram
A22: 16 | B22: 16 | D22: 58/9 | E22: DA+0 | G22: 12.12.23 | H22: 16.12.23 | I22: Done | J22: Suraja Ram
A23: 17 | B23: 17 | D23: 58/11 | E23: DA+3 | G23: 14.12.23 | H23: 17.12.23 | I23: Done | J23: Suraja Ram
A24: 18 | B24: 18 | D24: 58/10 | E24: DA+3 | G24: 15.12.23 | H24: 17.12.23 | I24: Done | J24: Suraja Ram
A25: 19 | B25: 19 | D25: 58/12 | E25: DA+0 | G25: 15.12.23 | H25: 17.12.23 | I25: Done | J25: Suraja Ram
A26: 20 | B26: 20 | D26: 56/7 | E26: DA+3 | G26: 17.12.23 | H26: 17.12.23 | I26: Done | J26: Suraja Ram
A27: 21 | B27: 21 | D27: 58/16 | E27: DA+0 | G27: 18.12.23 | H27: 18.12.23 | I27: Done | J27: Suraja Ram
... A37: 31 | B37: 31 | D37: 55/6 | E37: DA+3 | G37: 29.12.23 | H37: 30.12.23 | I37: Done | J37: Suraja Ram
B38: 45292
A39: 32 | B39: 1 | D39: 55/11 | E39: DA+3 | G39: 08.01.24 | H39: 09.01.24 | I39: Done | J39: Suraja Ram
A40: 33 | B40: 2 | D40: 55/10 | E40: DA+3 | G40: 10.01.24 | H40: 10.01.24 | I40: Done | J40: Suraja Ram
A41: 34 | B41: 3 | D41: 58/1 | E41: DA+0 | G41: 18.01.24 | H41: 19.01.24 | I41: Done | J41: Suraja Ram
A42: 35 | B42: 4 | D42: 58/6 | E42: DA+3 | G42: 19.01.24 | H42: 20.01.24 | I42: Done | J42: Suraja Ram
A43: 36 | B43: 5 | D43: 58/5 | E43: DA+3 | G43: 19.01.24 | H43: 20.01.24 | I43: Done | J43: Suraja Ram
A44: 37 | B44: 6 | D44: 58/4 | E44: DA+0 | G44: 20.01.24 | H44: 20.01.24 | I44: Done | J44: Suraja Ram
A45: 38 | B45: 7 | D45: 57/6 | E45: DB1+0 | G45: 21.01.24 | H45: 21.01.24 | I45: Done | J45: Suraja Ram
A46: 39 | B46: 8 | D46: 57/7 | E46: DA+3 | G46: 21.01.24 | H46: 21.01.24 | I46: Done | J46: Suraja Ram
A47: 40 | B47: 9 | D47: 51/7 | E47: DA+3 | G47: 21.01.24 | H47: 21.01.24 | I47: Done | J47: Kailash Nath
A48: 41 | B48: 10 | D48: 51/5 | E48: DA+0 | G48: 22.01.24 | H48: 22.01.24 | I48: Done | J48: Kailash Nath
A49: 42 | B49: 11 | D49: 57/0 | E49: DB2+0 | G49: 22.01.24 | H49: 22.01.24 | I49: Done | J49: Suraja Ram
A50: 43 | B50: 12 | D50: 56/6 | E50: DA+3 | G50: 22.01.24 | H50: 22.01.24 | I50: Done | J50: Suraja Ram
A51: 44 | B51: 13 | D51: 56/5 | E51: DA+0 | G51: 23.01.24 | H51: 23.01.24 | I51: Done | J51: Suraja Ram | M51: comp
A52: 45 | B52: 14 | D52: 56/2 | E52: DA+3 | G52: 23.01.24 | H52: 23.01.24 | I52: Done | J52: Suraja Ram
A53: 46 | B53: 15 | D53: 51/4 | E53: DA+3 | G53: 23.01.24 | H53: 23.01.24 | I53: Done | J53: Kailash Nath
A54: 47 | B54: 16 | D54: 51/3 | E54: DA+0 | G54: 23.01.24 | H54: 23.01.24 | I54: Done | J54: Kailash Nath
A55: 48 | B55: 17 | D55: 51/2 | E55: DA+0 | G55: 24.01.24 | H55: 24.01.24 | I55: Done | J55: Kailash Nath
A56: 49 | B56: 18 | D56: 56/0 | E56: DB1+0 | G56: 24.01.24 | H56: 24.01.24 | I56: Done | J56: Suraja Ram
A57: 50 | B57: 19 | D57: 55/9 | E57: DA+3 | G57: 25.01.24 | H57: 25.01.24 | I57: Done | J57: Suraja Ram
A58: 51 | B58: 20 | D58: 55/8 | E58: DA+3 | G58: 25.01.24 | H58: 25.01.24 | I58: Done | J58: Suraja Ram
A59: 52 | B59: 21 | D59: 52/2 | E59: DA+3 | G59: 25.01.24 | H59: 25.01.24 | I59: Done | J59: Kailash Nath
A60: 53 | B60: 22 | D60: 52/5 | E60: DA+3 | G60: 25.01.24 | H60: 25.01.24 | I60: Done | J60: Kailash Nath
A61: 54 | B61: 23 | D61: 51/10 | E61: DA+3 | G61: 27.01.24 | H61: 27.01.24 | I61: Done | J61: Kailash Nath
A62: 55 | B62: 24 | D62: 52/1 | E62: DA+0 | G62: 27.01.24 | H62: 27.01.24 | I62: Done | J62: Kailash Nath
A63: 56 | B63: 25 | D63: 55/7 | E63: DA+0 | G63: 26.01.24 | H63: 26.01.24 | I63: Done | J63: Suraja Ram
... A65: 58 | B65: 27 | D65: 58/7 | E65: DB+0 | G65: 29.01.24 | H65: 29.01.24 | I65: Done | J65: Suraja Ram
B66: Feb-24
A67: 59 | B67: 1 | D67: 59/0 | E67: DB+0 | G67: 02.02.24 | H67: 02.02.24 | I67: Done | J67: Suraja Ram
A68: 60 | B68: 2 | D68: 58/15 | E68: DA+3 | G68: 02.02.24 | H68: 02.02.24 | I68: Done | J68: Suraja Ram
A69: 61 | B69: 3 | D69: 61/1 | E69: DA+0 | G69: 03.02.24 | H69: 03.02.24 | I69: Done | J69: Suraja Ram
A70: 62 | B70: 4 | D70: 55/1 | E70: DA+3 | G70: 04.02.24 | H70: 04.02.24 | I70: Done | J70: Suraja Ram
A71: 63 | B71: 5 | D71: 55/3 | E71: DA+0 | G71: 06.02.24 | H71: 06.02.24 | I71: Done | J71: Suraja Ram
A72: 64 | B72: 6 | D72: 55/2 | E72: DA+3 | G72: 04.02.24 | H72: 05.02.24 | I72: Done | J72: Suraja Ram | T72: 52/4
A73: 65 | B73: 7 | D73: 41/5 | E73: DA+0 | G73: 15.02.24 | H73: 15.02.24 | I73: Done | J73: Ramagora
A74: 66 | B74: 8 | D74: 41/7 | E74: DA+3 | G74: 15.02.24 | H74: 15.02.24 | I74: Done | J74: Ramagora
A75: 67 | B75: 9 | D75: 41/10 | E75: DA+3 | G75: 28.01.24 | H75: 16.02.24 | I75: Done | J75: Ramagora
A76: 68 | B76: 10 | D76: 41/11 | E76: DA+3 | G76: 29.01.24 | H76: 17.02.24 | I76: Done | J76: Ramagora
A77: 69 | B77: 11 | D77: 46/2 | E77: DA+0 | G77: 17.02.24 | H77: 18.02.24 | I77: Done | J77: Suraja Ram
A78: 70 | B78: 12 | D78: 43/1 | E78: DA+9 | G78: 10.02.24 | H78: 18.02.24 | I78: Done | J78: Ramagora
A79: 71 | B79: 13 | D79: 44/2 | E79: DA+0 | G79: 27.01.24 | H79: 18.02.24 | I79: Done | J79: Ramagora
A80: 72 | B80: 14 | D80: 47/0 | E80: DB+0 | G80: 19.02.24 | H80: 19.02.24 | I80: Done | J80: Suraja Ram
A81: 73 | B81: 15 | D81: 48/2 | E81: DA+3 | G81: 19.02.24 | H81: 19.02.24 | I81: Done | J81: Suraja Ram
A82: 74 | B82: 16 | D82: 53/3 | E82: DA+3 | G82: 19.02.24 | H82: 19.02.24 | I82: Done | J82: Suraja Ram
A83: 75 | B83: 17 | D83: 44/4 | E83: DA+0 | G83: 19.02.24 | H83: 19.02.24 | I83: Done | J83: Ramagora
A84: 76 | B84: 18 | D84: 46/3 | E84: DA+0 | G84: 20.02.24 | H84: 20.02.24 | I84: Done | J84: Ramagora
... A95: 87 | B95: 29 | D95: 52/4 | E95: DA+0 | G95: 27.02.24 | H95: 27.02.24 | I95: Done | J95: Ramagora
B96: March'24
A97: 88 | B97: 1 | D97: 41/8 | E97: DA+0 | G97: 08.03.24 | H97: 08.03.24 | I97: Done | J97: Ramagora
A98: 89 | B98: 2 | D98: 41/4 | E98: DA+0 | G98: 08.03.24 | H98: 08.03.24 | I98: Done | J98: Ramagora
A99: 90 | B99: 3 | D99: 41/6 | E99: DA+0 | G99: 08.03.24 | H99: 08.03.24 | I99: Done | J99: Ramagora
A100: 91 | B100: 4 | D100: 41/9 | E100: DA+0 | G100: 08.03.24 | H100: 08.03.24 | I100: Done | J100: Ramagora
A101: 92 | B101: 5 | D101: 43/4 | E101: DA+9 | G101: 10.03.24 | H101: 10.03.24 | I101: Done | J101: Ramagora
A102: 93 | B102: 6 | D102: 43/5 | E102: DA+0 | G102: 10.03.24 | H102: 10.03.24 | I102: Done | J102: Ramagora
A103: 94 | B103: 7 | D103: 51/1 | E103: DA+0 | G103: 14.03.24 | H103: 14.03.24 | I103: Done | J103: Ramagora
A104: 95 | B104: 8 | D104: 53/2 | E104: DA+3 | G104: 23.03.24 | H104: 23.03.24 | I104: Done | J104: Suraja Ram
A105: 96 | B105: 9 | D105: 51/0 | E105: DB+0 | G105: 29.03.24 | H105: 29.03.24 | I105: Done | J105: Ramagora
A106: 97 | B106: 10 | D106: 44/3 | E106: DA+3 | G106: 30.03.24 | H106: 30.03.24 | I106: Done | J106: Ramagora
B107: April'24
A108: 98 | B108: 1 | D108: 47/3 | E108: DA+0 | G108: 23.04.24 | H108: 23.04.24 | I108: Done | J108: Ramagora
A109: 99 | B109: 2 | D109: 56/1 | E109: DA+3 | G109: 29.04.24 | H109: 29.04.24 | I109: Done | J109: Ramagora
B110: May'24
A111: 100 | B111: 1 | D111: 61/2 | E111: DA+0 | F111: 06.05.24 | G111: 12.05.24 | H111: 12.05.24 | I111: Done | J111: Suraja Ram
A112: 101 | B112: 2 | D112: 44/1 | E112: DA+0 | F112: 12.05.24 | G112: 13.05.24 | H112: 13.05.24 | I112: Done | J112: Ramagora
A113: 102 | B113: 3 | D113: 58/0 | E113: DC2+0 | F113: 04.05.24 | G113: 13.05.24 | H113: 13.05.24 | I113: Done | J113: Suraja Ram
A114: 103 | B114: 4 | D114: 55/0 | E114: DC+0 | F114: 24.05.24 | G114: 26.05.24 | H114: 26.05.24 | I114: Done | J114: Suraja Ram
B115: June'24
A116: 104 | B116: 1 | D116: 65/5 | E116: DA+0 | F116: 30.05.24 | G116: 02.06.24 | H116: 02.06.24 | I116: Done | J116: Suraja Ram
A117: 105 | B117: 2 | D117: 65/4 | E117: DA+0 | F117: 31.05.24 | G117: 02.06.24 | H117: 02.06.24 | I117: Done | J117: Suraja Ram
A118: 106 | B118: 3 | D118: 58/2 | E118: DA+0 | F118: 02.06.24 | G118: 02.06.24 | H118: 02.06.24 | I118: Done | J118: Suraja Ram
A119: 107 | B119: 4 | D119: 65/3 | E119: DA+0 | F119: 02.06.24 | G119: 03.06.24 | H119: 03.06.24 | I119: Done | J119: Suraja Ram
A120: 108 | B120: 5 | D120: 52/3 | E120: DA+0 | G120: 24.06.24 | H120: 24.06.24 | I120: Done | J120: Suraja Ram
...

Sheet Idling details from Aug
A1: Erection Team idle month of Aug. PKG-G
A2: Sr No | B2: Gang Name | C2: Activity | D2: Location no | E2: PKGs | F2: Time | I2: Date | L2: Reason | M2: Photograph attached | N2: Remarks
F3: Start | G3: End | H3: Total time | I3: Start | J3: End | K3: Total
A4: 1 | B4: Pusplata-6 | C4: Erection | D4: 23/2 | E4: G | F4: 0.52083333 | G4: 0.84791667 | H4: =(G4-F4+(G4<F4))*24 -> 7.85 | I4: 45868 | J4: 45868 | K4: =J4-I4 -> 0 | L4: ROW | M4: Photos\23-2.jpg
A5: 2 | B5: Gourishankar | C5: Erection | D5: 31/1 | E5: G | F5: 0.33333333 | G5: 0.51805556 | H5: =(G5-F5+(G5<F5))*24 -> 4.4333333 | I5: 45871 | J5: 45871 | K5: =J5-I5 -> 0 | L5: Approch road issue | M5: Photos\31-1.jpg
A6: 3 | B6: Bhairo /Arawali | C6: Erection | D6: 4/0 | E6: G | F6: 0.52083333 | G6: 0.46180556 | H6: =(G6-F6+(G6<F6))*24 -> 22.583333 | I6: 45872 | J6: 45873 | K6: =J6-I6 -> 1 | L6: Due to non-payment of crop composition | M6: Photos\4-0.png
A7: 4 | B7: Gourishankar | C7: Erection | D7: 31/1 | E7: G | F7: 0.61944444 | G7: 0.7125 | H7: =(G7-F7+(G7<F7))*24 -> 2.2333333 | I7: 45872 | J7: 45872 | K7: =J7-I7 -> 0 | L7: Due to non-payment of crop composition | M7: Photos\31-1 2nd idle.jpg
A8: 5 | B8: Priyanka -Sudheer | C8: Erection | D8: 16/6 | E8: G | F8: 0.72986111 | G8: 0.75138889 | H8: =(G8-F8+(G8<F8))*24 -> 0.51666667 | I8: 45872 | J8: 45872 | K8: =J8-I8 -> 0 | L8: Due to non-payment of crop composition | M8: Photos\16-6 1st.jpg
A9: 6 | B9: Arawali Infra.-2 | C9: Erection | D9: 16/1 | E9: G | F9: 0.38611111 | G9: 0.39375 | H9: =(G9-F9+(G9<F9))*24 -> 0.18333333 | I9: 45874 | J9: 45874 | K9: =J9-I9 -> 0 | L9: Due to non-payment of crop composition | M9: Photos\16-1.png
A10: 7 | B10: Priyanka -Sudheer | C10: Erection | D10: 16/6 | E10: G | F10: 0.56388889 | G10: 0.69513889 | H10: =(G10-F10+(G10<F10))*24+24 -> 27.15 | I10: 45873 | J10: 45874 | K10: =J10-I10 -> 1 | L10: Due to non-payment of crop composition | M10: Photos\16-6 2nd.png | N10: Team move to other locs due ROW not cleared
A11: 8 | B11: Pusplata-4 | C11: Erection | D11: 25/2 | E11: G | F11: 0.33333333 | G11: 0.73958333 | H11: =(G11-F11+(G11<F11))*24 -> 9.75 | I11: 45874 | J11: 45874 | K11: =J11-I11 -> 0 | L11: Locs not confirmed by the client; therefore, the loaded vehicle has been retained at the site due to a crop composition issue | M11: Photos\25-2.png | N11: ROW not cleared as team move to 21/14
A12: 9 | B12: Priyanka Devi -2 | C12: Erection | D12: 17/5 | E12: G | F12: 0.54027778 | G12: 0.72916667 | H12: =(G12-F12+(G12<F12))*24 -> 4.5333333 | I12: 45874 | J12: 45874 | K12: =J12-I12 -> 0 | L12: Due to non-payment of crop composition | M12: Photos\17-5.jpg
A13: 10 | B13: Pusplata-4 | C13: Erection | D13: 21/14 | E13: G | F13: 0.4 | G13: 0.44513889 | H13: =(G13-F13+(G13<F13))*24 -> 1.0833333 | I13: 45875 | J13: 45875 | K13: =J13-I13 -> 0 | L13: Due to non-payment of crop composition | M13: Photos\21-14.png
A14: 11 | B14: Pusplata-6 | C14: Erection | D14: 23/2 | E14: G | F14: 0.40972222 | G14: 0.57152778 | H14: =(G14-F14+(G14<F14))*24 -> 3.8833333 | I14: 45875 | J14: 45875 | K14: =J14-I14 -> 0 | L14: Due to non-payment of crop composition | M14: Photos\23-2.jpg
A15: 12 | B15: Rahim Khan | C15: Stringing | D15: 40/2 | E15: G | F15: 0.47777778 | G15: 0.58194444 | H15: =(G15-F15+(G15<F15))*24 -> 2.5 | I15: 45875 | J15: 45875 | K15: =J15-I15 -> 0 | L15: Due to non-payment of crop composition | M15: Photos\40-2 Stringing.png
A16: 13 | B16: Priyanka Devi -2 | C16: Erection | D16: 17/5 | E16: G | F16: 0.29166667 | G16: 0.8125 | H16: =(G16-F16+(G16<F16))*24 -> 12.5 | I16: 45875 | J16: 45875 | K16: =J16-I16 -> 0 | L16: Due to non-payment of crop composition | M16: Photos\17-5.jpg
A17: 14 | B17: Pusplata-1 | C17: Erection | D17: 23/0 | E17: G | F17: 0.76805556 | G17: 0.8125 | H17: =(G17-F17+(G17<F17))*24 -> 1.0666667 | I17: 45876 | J17: 45876 | K17: =J17-I17 -> 0 | L17: Due to non-payment of crop composition
A18: 15 | B18: Satyam (Nitish) | C18: Erection | D18: 33/2 | E18: G | F18: 0.3125 | G18: 0.48055556 | H18: =(G18-F18+(G18<F18))*24 -> 4.0333333 | I18: 45877 | J18: 45877 | K18: =J18-I18 -> 0 | L18: Due to non-payment of crop composition | M18: Photos\33-2.jpg
A19: 16 | B19: Priyanka Devi -2 | C19: Erection | D19: 17/5 | E19: G | F19: 0.7375 | G19: 0.35277778 | H19: =(G19-F19+(G19<F19))*24*K19 -> 14.766667 | I19: 45877 | J19: 45878 | K19: =J19-I19 -> 1 | L19: Due to non-payment of crop composition
A20: 17 | B20: Pusplata-5 | C20: Erection | D20: 21/0 | E20: G | F20: 0.36388889 | G20: 0.70625 | H20: =(G20-F20+(G20<F20))*24 -> 8.2166667 | I20: 45878 | J20: 45878 | K20: =J20-I20 -> 0 | L20: Due to non-payment of crop composition | M20: Photos\21-0.jpg
A21: 18 | B21: Pusplata -Dharamveer | C21: Erection | D21: 21/12 | E21: G | F21: 0.76111111 | G21: 0.5 | H21: =(G21-F21+(G21<F21))*24*K21 -> 17.733333 | I21: 45878 | J21: 45879 | K21: =J21-I21 -> 1 | L21: Due to non-payment of crop composition | M21: Photos\21-12.png
A22: 19 | B22: Pusplata-2 | C22: Erection | D22: 21/13 | E22: G | F22: 0.53125 | G22: 0.79166667 | H22: =(G22-F22+(G22<F22))*24*K22 -> 162.5 | I22: 45875 | J22: 45901 | K22: =J22-I22 -> 26 | L22: Due to non-payment of crop composition | M22: Photos\21-13.png
A23: 20 | B23: Arawali Infra.-2 | C23: Erection | D23: 16/1 | E23: G | F23: 0.45416667 | G23: 0.54513889 | H23: =(G23-F23+(G23<F23))*24 -> 2.1833333 | I23: 45881 | J23: 45881 | K23: =J23-I23 -> 0 | L23: Due to non-payment of crop composition | M23: Photos\16-1.jpg
A24: 21 | B24: MC Construction | C24: Stringing | D24: 64/6 | E24: G | F24: 0.47916667 | G24: 0.54166667 | H24: =(G24-F24+(G24<F24))*24 -> 1.5 | I24: 45881 | J24: 45881 | K24: =J24-I24 -> 0 | L24: Due to non-payment of crop composition
A25: 22 | B25: Priyanka Devi -Sudheer | C25: Erection | D25: 18/0 | E25: G | F25: 0.43819444 | G25: 0.66875 | H25: =(G25-F25+(G25<F25))*24 -> 5.5333333 | I25: 45881 | J25: 45881 | K25: =J25-I25 -> 0 | L25: Due to non-payment of crop composition | M25: Photos\18-0.png
A26: 23 | B26: Priyanka Devi -2 | C26: Erection | D26: 17/5 | E26: G | F26: 0.44722222 | G26: 0.87152778 | H26: =(G26-F26+(G26<F26))*24 -> 10.183333 | I26: 45881 | J26: 45881 | K26: =J26-I26 -> 0 | L26: Due to non-payment of crop composition | M26: Photos\17-5.jpg
A27: 24 | B27: Jwala singh -3 | C27: Erection | D27: 9/0 | E27: G | F27: 0.52430556 | G27: 0.82986111 | H27: =(G27-F27+(G27<F27))*24*K27 -> 146.66667 | I27: 45881 | J27: 45901 | K27: =J27-I27 -> 20 | L27: Due to non-payment of crop composition | M27: Photos\9-0.png | N27: Due to locs not resolved team shift to other locs
A28: 25 | B28: Pusplata (Ramchandra) | C28: Erection | D28: 22/0 | E28: G | F28: 0.3125 | G28: 0.52986111 | H28: =(G28-F28+(G28<F28))*24 -> 5.2166667 | I28: 45883 | J28: 45883 | K28: =J28-I28 -> 0 | L28: Due to non-payment of crop composition | M28: D:\TB401-408\TB401 Project\ROW\Photos\22-0.jpg
A29: 26 | B29: Pusplata (Ramchandra) | C29: Erection | D29: 22/0 | E29: G | F29: 0.3125 | G29: 0.8125 | H29: =(G29-F29+(G29<F29))*24 -> 12 | I29: 45885 | J29: 45886 | K29: =J29-I29 -> 1 | L29: Due to non-payment of crop composition
A30: 27 | B30: Pusplata-Ashok | C30: Erection | D30: 4/4 | E30: G | F30: 0.47013889 | G30: 0.5125 | H30: =(G30-F30+(G30<F30))*24 -> 1.0166667 | I30: 45888 | J30: 45888 | K30: =J30-I30 -> 0 | L30: Due to non-payment of crop composition | M30: Image/WA0038.jpg
A31: 28 | B31: Pusplata-5 | C31: Erection | D31: 21/0 | E31: G | F31: 0.70555556 | G31: 0.8125 | H31: =(G31-F31+(G31<F31))*24 -> 2.5666667 | I31: 45889 | J31: 45889 | K31: =J31-I31 -> 0 | L31: Due to non-payment of crop composition | M31: D:\TB401-408\TB401 Project\ROW\Photos\20-0 & 21-0 (2).png
A32: 29 | B32: Pusplata-Rajaram | C32: Erection | D32: 20/0 | E32: G | F32: 0.70555556 | G32: 0.8125 | H32: =(G32-F32+(G32<F32))*24 -> 2.5666667 | I32: 45889 | J32: 45889 | K32: =J32-I32 -> 0 | L32: Due to non-payment of crop composition | M32: D:\TB401-408\TB401 Project\ROW\Photos\20-0 & 21-0 (2).png
A33: 30 | B33: Pusplata (Ramchandra) | C33: Erection | D33: 22/0 | E33: G | F33: 0.3125 | G33: 0.64305556 | H33: =(G33-F33+(G33<F33))*24 -> 7.9333333 | I33: 45891 | J33: 45891 | K33: =J33-I33 -> 0 | L33: Due to non-payment of crop composition | M33: D:\TB401-408\TB401 Project\ROW\Photos\22-0.png
A34: 31 | B34: Pusplata (Ramchandra) | C34: Erection | D34: 22/0 | E34: G | F34: 0.14583333 | G34: 0.74791667 | H34: =(G34-F34+(G34<F34))*24/4 -> 3.6125 | I34: 45891 | J34: 45891 | K34: =J34-I34 -> 0 | L34: Due to non-payment of crop composition
A35: 32 | B35: Sanjeev kumar | C35: Erection | D35: 26/6 | E35: G | F35: 0.4125 | G35: 0.8125 | H35: =(G35-F35+(G35<F35))*24 -> 9.6 | I35: 45903 | J35: 45903 | K35: =J35-I35 -> 0 | L35: Due to non-payment of crop composition | M35: D:\TB401-408\TB401 Project\ROW\Photos\26-6.png
A36: 33 | B36: Rahul Kumar | C36: Erection | D36: 28/7 | E36: G | F36: 0.52152778 | G36: 0.75833333 | H36: =(G36-F36+(G36<F36))*K36*100 -> 23.680556 | I36: 45903 | J36: 45904 | K36: =J36-I36 -> 1 | L36: Due to non-payment of crop composition | M36: D:\TB401-408\TB401 Project\ROW\Photos\28-7.png
A37: 34 | B37: Sanjeev kumar | C37: Erection | D37: 26/5 | E37: G | F37: 0.67708333 | G37: 0.77708333 | H37: =(G37-F37+(G37<F37))*24 -> 2.4 | I37: 45904 | J37: 45904 | K37: =J37-I37 -> 0 | L37: Due to non-payment of crop composition | M37: D:\TB401-408\TB401 Project\ROW\Photos\26-5.png
A38: 35 | B38: Priyanka Devi - Santosh | C38: Erection | D38: 18/4 | E38: G | F38: 0.44097222 | G38: 0.77708333 | H38: =(G38-F38+(G38<F38))*24*K38 -> 209.73333 | I38: 45910 | J38: 45936 | K38: =J38-I38 -> 26 | L38: Due to non-payment of crop composition | M38: D:\TB401-408\TB401 Project\ROW\Photos\18-4.png
A39: 36 | B39: Priyanka devi (Subodh) | C39: Erection | D39: 10/1 | E39: G | F39: 0.72152778 | G39: 0.77708333 | H39: =(G39-F39+(G39<F39))*24 -> 1.3333333 | I39: 45926 | J39: 45926 | K39: =J39-I39 -> 0 | L39: Due to non-payment of crop composition
A40: 37 | B40: krishna Const | C40: Stringing | D40: 32/0 to 33/0 | E40: G | F40: 0.3125 | G40: 0.29166667 | H40: =(G40-F40+(G40<F40))*24*K40 -> 117.5 | I40: 45924 | J40: 45929 | K40: =J40-I40 -> 5 | L40: Due to infravision internal issue
A41: 38 | B41: krishna Const | C41: Stringing | D41: 32/0 to 33/0 | E41: G | F41: 0.3125 | G41: 0.5 | H41: =(G41-F41+(G41<F41))*24 -> 4.5 | I41: 45931 | J41: 45931 | K41: =J41-I41 -> 0 | L41: Due to non-payment of crop composition
A42: 39 | B42: Jirwa Devi | C42: Erection | D42: 25/0 | E42: G | F42: 0.64583333 | G42: 0.8125 | H42: =(G42-F42+(G42<F42))*24 -> 4 | I42: 45957 | J42: 45957 | K42: =J42-I42 -> 0 | L42: Due to non-payment of crop composition
A43: 40 | B43: Sunny Const | C43: Erection | D43: 18/6 | E43: G | F43: 0.5 | H43: =(G43-F43+(G43<F43))*24*3 -> 36 | I43: 45951 | J43: 45982 | K43: =J43-I43 -> 31 | L43: Due to non-payment of crop composition
A44: 41 | B44: Vivek Ganju | C44: Erection | D44: 18/10 | E44: G | F44: 0.3125 | G44: 0.8125 | H44: =(G44-F44+(G44<F44))*24 -> 12 | I44: 45956 | J44: 45957 | K44: =J44-I44 -> 1 | L44: Due to non-payment of crop composition
A45: 42 | B45: Krishna Const | C45: Stringing | D45: 34/0 to 34/1 | E45: G | F45: 0.5625 | G45: 0.75 | H45: =(G45-F45+(G45<F45))*24 -> 4.5 | I45: 45965 | J45: 45965 | K45: =J45-I45 -> 0 | L45: ROW
A46: 43 | B46: Vivek Ganju | C46: Erection | D46: 17/2 | E46: G | F46: 0.3125 | G46: 0.52083333 | H46: =(G46-F46+(G46<F46))*24 -> 5 | I46: 45974 | J46: 45974 | K46: =J46-I46 -> 0 | L46: ROW
A47: 44 | B47: Krishna Const-2 | C47: Stringing | D47: 25/0 to 26/0 | E47: G | F47: 0.66666667 | G47: 0.54166667 | H47: =(G47-F47+(G47<F47))*24 -> 21 | I47: 45978 | J47: 45979 | K47: =J47-I47 -> 1 | L47: ROW
A48: 45 | B48: Krishna Const | C48: Stringing | D48: 30/0 to 31/0 | E48: G | F48: 0.3125 | G48: 0.8125 | H48: =(G48-F48+(G48<F48))*24*K48 -> 60 | I48: 45973 | J48: 45978 | K48: =J48-I48 -> 5 | L48: ROW
A49: 46 | B49: Krishna Const | C49: Stringing | D49: 29/0 to 30/0 | E49: G | F49: 0.3125 | G49: 0.57430556 | H49: =(G49-F49+(G49<F49))*24 -> 6.2833333 | I49: 45983 | J49: 45983 | K49: =J49-I49 -> 0 | L49: ROW
A50: 47 | B50: Krishna Const | C50: Stringing | D50: 29/0 to 30/0 | E50: G | F50: 0.3125 | G50: 0.11527778 | H50: =(G50-F50+(G50<F50))*24*K50 -> 19.266667 | I50: 45986 | J50: 45987 | K50: =J50-I50 -> 1 | L50: Due to some issue from Infravision & Stringing team (manhandling)
A51: 48 | B51: Nirmal Mahto | C51: Erection | D51: 11/1 | E51: G | F51: 0.3125 | G51: 0.8125 | H51: =(G51-F51+(G51<F51))*24*K51 -> 12 | I51: 45989 | J51: 45990 | K51: =J51-I51 -> 1 | L51: ROW
A52: 49 | B52: Vedanta Const | C52: Erection | D52: 10/22 | E52: G | F52: 0.3125 | G52: 0.8125 | H52: =(G52-F52+(G52<F52))*24*K52 -> 12 | I52: 45989 | J52: 45990 | K52: =J52-I52 -> 1 | L52: ROW
A53: 50 | B53: Sital Singh | C53: Erection | D53: 11/10 | E53: G | F53: 0.3125 | G53: 0.8125 | H53: =(G53-F53+(G53<F53))*24*K53 -> 12 | I53: 45994 | J53: 45995 | K53: =J53-I53 -> 1 | L53: ROW
A54: 51 | B54: Sunny Const | C54: Erection | D54: 19/6 | E54: G | F54: 0.60416667 | G54: 0.59722222 | H54: =(G54-F54+(G54<F54))*24*K54 -> 47.666667 | I54: 45999 | J54: 46001 | K54: =J54-I54 -> 2 | L54: ROW
A55: 52 | B55: Ganesh Sinha | C55: Erection | D55: 21/10 | E55: G | F55: 0.3125 | G55: 0.59722222 | H55: =(G55-F55+(G55<F55))*24*K55 -> 20.5 | I55: 46008 | J55: 46011 | K55: =J55-I55 -> 3 | L55: ROW
A56: 53 | B56: Nasir | C56: Stringing | D56: 17/0 to 18/0 | E56: G | F56: 0.3125 | G56: 0.59722222 | H56: =(G56-F56+(G56<F56))*24*K56 -> 41 | I56: 46010 | J56: 46016 | K56: =J56-I56 -> 6 | L56: ROW at 18/0 (Gang move to 14-15)
A62: Total idle due to ROW issue - (H/Days) | H62: =SUM(H4:H61) -> 1190.4597 | K62: =SUM(K4:K61) -> 136

Sheet Erection Compiled
A1: KEC INTERNATIONAL LIMITED
A2: LILO of 765 Kv DV Fatehgarh 3 Beawar TL
A3: Erection
A4: Cum Sl. No. | B4: Month Sl. No. | C4: Location No. | D4: Tower Type | E4: Starting Date | F4: Completion Date | G4: Gang Name | H4: Status | I4: Tower Weight
B6: 45170
A7: 1 | B7: 1 | C7: 57/9 | D7: DA+0 | E7: 13.09.23 | F7: 21.09.23 | G7: Sobha Devi | H7: Complete | I7: 37.504
A8: 2 | B8: 2 | C8: 58/12 | D8: DA+0 | E8: 18.09.23 | F8: 25.09.23 | G8: Sunny Const | H8: Complete | I8: 37.504
A9: 3 | B9: 3 | C9: 57/11 | D9: DA+0 | E9: 21.09.23 | F9: 26.09.23 | G9: Sobha Devi | H9: Complete | I9: 37.504
B10: 45200 | J10: =SUM(I7:I10) -> 112.512
A11: 4 | B11: 1 | C11: 58/14 | D11: DA+0 | E11: 25.09.23 | F11: 01.10.23 | G11: Sunny Const | H11: Complete | I11: 37.504
A12: 5 | B12: 2 | C12: 57/13 | D12: DA+0 | E12: 26.09.23 | F12: 01.10.23 | G12: Sobha Devi | H12: Complete | I12: 37.504
A13: 6 | B13: 3 | C13: 57/10 | D13: DA+0 | E13: 01.10.23 | F13: 06.10.23 | G13: Sobha Devi | H13: Complete | I13: 37.504
A14: 7 | B14: 4 | C14: 58/9 | D14: DA+0 | E14: 01.10.23 | F14: 07.10.23 | G14: Sunny Const | H14: Complete | I14: 37.504
A15: 8 | B15: 5 | C15: 52/1 | D15: DA+0 | E15: 03.10.23 | F15: 10.10.23 | G15: Suraj const | H15: Complete | I15: 37.504
A16: 9 | B16: 6 | C16: 57/12 | D16: DA+3 | E16: 06.10.23 | F16: 11.10.23 | G16: Sobha Devi | H16: Complete | I16: 38.847
A17: 10 | B17: 7 | C17: 58/8 | D17: DA+0 | E17: 7.10.23 | F17: 11.10.23 | G17: Sunny Const | H17: Complete | I17: 37.504
A18: 11 | B18: 8 | C18: 58/1 | D18: DA+0 | E18: 25.09.23 | F18: 12.10.23 | G18: Ganesh Kr. Sinha | H18: Complete | I18: 37.504
A19: 12 | B19: 9 | C19: 57/2 | D19: DA+0 | E19: 10.10.23 | F19: 16.10.23 | G19: Sobha Devi | H19: Complete | I19: 37.504
A20: 13 | B20: 10 | C20: 51/2 | D20: DA+0 | E20: 10.10.23 | F20: 15.10.23 | G20: Suraj const | H20: Complete | I20: 37.504
A21: 14 | B21: 11 | C21: 58/16 | D21: DA+0 | E21: 10.10.23 | F21: 17.10.23 | G21: Sunny Const | H21: Complete | I21: 37.504
A22: 15 | B22: 12 | C22: 57/3 | D22: DA+0 | E22: 15.10.23 | F22: 20.10.23 | G22: Sobha Devi | H22: Complete | I22: 37.504
... A30: 23 | B30: 20 | C30: 58/11 | D30: DA+3 | E30: 23.10.23 | F30: 31.10.23 | G30: Sunny Const | H30: Complete | I30: 38.847
B31: 45231 | J31: =SUM(I11:I30) -> 759.481
A32: 24 | B32: 1 | C32: 57/8 | D32: DA+3 | E32: 30.10.23 | F32: 03.11.2023 | G32: Sobha Devi | H32: Complete | I32: 38.847
A33: 25 | B33: 2 | C33: 51/7 | D33: DA+3 | E33: 29.10.23 | F33: 04.11.2023 | G33: Suraj const | H33: Complete | I33: 38.847
A34: 26 | B34: 3 | C34: 59/6 | D34: DA+0 | E34: 31.10.23 | F34: 07.11.2023 | G34: Sunny Const | H34: Complete | I34: 37.504
A35: 27 | B35: 4 | C35: 57/7 | D35: DA+3 | E35: 03.11.23 | F35: 07.11.2023 | G35: Sobha Devi | H35: Complete | I35: 38.847
A36: 28 | B36: 5 | C36: 51/3 | D36: DA+0 | E36: 04.11.23 | F36: 09.11.2023 | G36: Suraj const | H36: Complete | I36: 37.504
A37: 29 | B37: 6 | C37: 58/4 | D37: DA+0 | E37: 31.10.23 | F37: 11.11.2023 | G37: Ganesh Kr. Sinha | H37: Complete | I37: 37.504
A38: 30 | B38: 7 | C38: 57/1 | D38: DA+3 | E38: 07.11.23 | F38: 13.11.2023 | G38: Sobha Devi | H38: Complete | I38: 38.847
A39: 31 | B39: 8 | C39: 59/5 | D39: DA+0 | E39: 07.11.23 | F39: 13.11.2023 | G39: Sunny Const | H39: Complete | I39: 37.504
A40: 32 | B40: 9 | C40: 51/10 | D40: DA+3 | E40: 10.11.23 | F40: 14.11.2023 | G40: Suraj const | H40: Complete | I40: 38.847
A41: 33 | B41: 10 | C41: 56/9 | D41: DA+3 | E41: 13.11.23 | F41: 16.11.2023 | G41: Sobha Devi | H41: Complete | I41: 38.847
A42: 34 | B42: 11 | C42: 59/3 | D42: DA+0 | E42: 13.11.23 | F42: 18.11.2023 | G42: Sunny Const | H42: Complete | I42: 37.504
A43: 35 | B43: 12 | C43: 52/2 | D43: DA+3 | E43: 15.11.23 | F43: 19.11.2023 | G43: Suraj const | H43: Complete | I43: 38.847
... A53: 45 | B53: 22 | C53: 59/1 | D53: DA+0 | E53: 24.11.23 | F53: 30.11.23 | G53: Sunny Const | H53: Complete | I53: 37.504
B54: 45261 | J54: =SUM(I32:I53) -> 841.204
A55: 46 | B55: 1 | C55: 50/4 | D55: DA+3 | E55: 22.11.23 | F55: 01.12.23 | G55: Ganesh Kr. Sinha | H55: Complete | I55: 38.847
A56: 47 | B56: 2 | C56: 55/4 | D56: DA+3 | E56: 27.11.23 | F56: 02.12.23 | G56: Chinta devi | H56: Complete | I56: 38.847
A57: 48 | B57: 3 | C57: 56/4 | D57: DA+3 | E57: 29.11.23 | F57: 02.12.23 | G57: Sobha Devi | H57: Complete | I57: 38.847
A58: 49 | B58: 4 | C58: 53/4 | D58: DA+3 | E58: 29.11.23 | F58: 03.12.23 | G58: Suraj const | H58: Complete | I58: 38.847
A59: 50 | B59: 5 | C59: 58/15 | D59: DA+3 | E59: 30.11.23 | F59: 06.12.23 | G59: Sunny Const | H59: Complete | I59: 38.847
A60: 51 | B60: 6 | C60: 56/2 | D60: DA+3 | E60: 02.12.23 | F60: 06.12.23 | G60: Sobha Devi | H60: Complete | I60: 38.847
A61: 52 | B61: 7 | C61: 55/6 | D61: DA+3 | E61: 02.12.23 | F61: 07.12.23 | G61: Chinta devi | H61: Complete | I61: 38.847
A62: 53 | B62: 8 | C62: 48/1 | D62: DA+0 | E62: 02.12.23 | F62: 09.12.23 | G62: Ganesh Kr. Sinha | H62: Complete | I62: 37.504
A63: 54 | B63: 9 | C63: 55/1 | D63: DA+3 | E63: 03.12.23 | F63: 09.12.23 | G63: Suraj const | H63: Complete | I63: 38.847
A64: 55 | B64: 10 | C64: 55/9 | D64: DA+3 | E64: 07.12.23 | F64: 12.12.23 | G64: Chinta devi | H64: Complete | I64: 38.847
A65: 56 | B65: 11 | C65: 57/6 | D65: DB+0 | E65: 06.12.23 | F65: 13.12.23 | G65: Sobha Devi | H65: Complete | I65: 57.597
A66: 57 | B66: 12 | C66: 61/2 | D66: DA+0 | E66: 06.12.23 | F66: 14.12.23 | G66: Sunny Const | H66: Complete | I66: 37.504
... A81: 72 | B81: 27 | C81: 51/9 | D81: DA+3 | E81: 24.12.23 | F81: 29.12.23 | G81: Suraj const | H81: Complete | I81: 38.847
B82: 45292 | J82: =SUM(I55:I81) -> 1094.375
A83: 73 | B83: 1 | C83: 56/0 | D83: DB+0 | E83: 28.12.23 | F83: 05.01.24 | G83: Sobha Devi | H83: Complete | I83: 57.597
A84: 74 | B84: 2 | C84: 44/2 | D84: DA+0 | E84: 28.12.23 | F84: 05.01.24 | G84: Chinta devi | H84: Complete | I84: 37.504
A85: 75 | B85: 3 | C85: 51/8 | D85: DA+3 | E85: 29.12.23 | F85: 06.01.24 | G85: Suraj const | H85: Complete | I85: 38.847
A86: 76 | B86: 4 | C86: 47/2 | D86: DA+0 | E86: 29.12.23 | F86: 07.01.24 | G86: Ganesh Kr. Sinha | H86: Complete | I86: 37.504
A87: 77 | B87: 5 | C87: 58/7 | D87: DB+0 | E87: 29.12.23 | F87: 09.01.24 | G87: Sunny Const | H87: Complete | I87: 57.597
A88: 78 | B88: 6 | C88: 44/4 | D88: DA+0 | E88: 05.01.24 | F88: 09.01.24 | G88: Chinta devi | H88: Complete | I88: 37.504
A89: 79 | B89: 7 | C89: 53/2 | D89: DA+3 | E89: 06.01.24 | F89: 11.01.24 | G89: Suraj const | H89: Complete | I89: 38.847
A90: 80 | B90: 8 | C90: 41/11 | D90: DA+3 | E90: 05.01.24 | F90: 12.01.24 | G90: Sobha Devi | H90: Complete | I90: 38.847
A91: 81 | B91: 9 | C91: 44/3 | D91: DA+3 | E91: 09.01.24 | F91: 15.01.24 | G91: Chinta devi | H91: Complete | I91: 38.847
A92: 82 | B92: 10 | C92: 41/10 | D92: DA+3 | E92: 12.10.23 | F92: 16.01.24 | G92: Sobha Devi | H92: Complete | I92: 38.847
A93: 83 | B93: 11 | C93: 48/0 | D93: DB+0 | E93: 07.01.24 | F93: 19.01.24 | G93: Ganesh Kr. Sinha | H93: Complete | I93: 57.597
A94: 84 | B94: 12 | C94: 46/3 | D94: DA+0 | E94: 12.01.24 | F94: 19.01.24 | G94: Sunny Const | H94: Complete | I94: 37.504
... A103: 93 | B103: 21 | C103: 41/5 | D103: DA+0 | E103: 28.01.24 | F103: 31.01.24 | G103: Sobha Devi | H103: Bottom complete | I103: 37.504
B104: Feb-24 | J104: =SUM(I83:I103) -> 935.56
A105: 94 | B105: 1 | C105: 44/1 | D105: DA+0 | E105: 28.01.24 | F105: 01.02.24 | G105: Chinta devi | H105: Complete | I105: 37.504
A106: 95 | B106: 2 | C106: 46/2 | D106: DA+0 | E106: 28.01.24 | F106: 02.02.24 | G106: Sunny Const | H106: Complete | I106: 37.504
A107: 96 | B107: 3 | C107: 51/1 | D107: DA+0 | E107: 28.01.24 | F107: 04.02.24 | G107: Ganesh Kr. Sinha | H107: Complete | I107: 37.504
A108: 97 | B108: 4 | C108: 41/4 | D108: DA+0 | E108: 01.02.24 | F108: 05.02.24 | G108: Sobha Devi | H108: Complete | I108: 37.504
A109: 98 | B109: 5 | C109: 53/1 | D109: DA+0 | E109: 04.02.24 | F109: 09.02.24 | G109: Suraj const | H109: Complete | I109: 37.504
A110: 99 | B110: 6 | C110: 41/6 | D110: DA+0 | E110: 07.02.24 | F110: 09.02.24 | G110: Sobha Devi | H110: Complete | I110: 37.504
A111: 100 | B111: 7 | C111: 41/8 | D111: DA+0 | E111: 09.02.24 | F111: 13.02.24 | G111: Sobha Devi | H111: Complete | I111: 37.504
A112: 101 | B112: 8 | C112: 41/9 | D112: DA+0 | E112: 13.02.24 | F112: 17.02.24 | G112: Sobha Devi | H112: Complete | I112: 37.504
A113: 102 | B113: 9 | C113: 29/8 | D113: DA+3 | E113: 45325 | F113: 45331 | G113: Tejal Construction | H113: Complete | I113: 38.847
A114: 103 | B114: 10 | C114: 29/7 | D114: DA+3 | E114: 45332 | F114: 45340 | G114: Tejal Construction | H114: Complete | I114: 38.847
A115: 104 | B115: 11 | C115: 29/5 | D115: DA+0 | E115: 45340 | F115: 45346 | G115: Tejal Construction | H115: Complete | I115: 37.504
B116: April'24 | J116: =SUM(I105:I115) -> 415.23
A117: =A115+1 -> 105 | B117: 1 | C117: 55/0 | D117: DC+0 | E117: 28.03.24 | F117: 04.04.24 | G117: Sobha Devi | H117: Complete | I117: 66.381
A118: =A117+1 -> 106 | B118: 2 | C118: 58/0 | D118: DC2+0 | E118: 08.04.24 | F118: 16.04.24 | G118: Sunny Const | H118: Complete | I118: 66.381
A119: =A118+1 -> 107 | B119: 3 | C119: 56/1 | D119: DA+3 | E119: 12.04.24 | F119: 16.04.24 | G119: Sobha Devi | H119: Complete | I119: 38.847
A120: =A119+1 -> 108 | B120: 4 | C120: 53/0 | D120: DC2+3 | E120: 08.04.24 | F120: 18.04.24 | G120: Ganesh Kr. Sinha | H120: Complete | I120: 69.229
B121: May'24 | J121: =SUM(I117:I120) -> 240.838
A122: =A120+1 -> 109 | B122: 1 | C122: 52/3 | D122: DA+0 | E122: 26.04.24 | F122: 05.05.24 | G122: Ganesh Kr. Sinha | H122: Complete | I122: 37.504
A123: =A122+1 -> 110 | B123: 2 | C123: 58/2 | D123: DA+0 | E123: 05.05.24 | F123: 10.05.24 | G123: Sunny Const | H123: Complete | I123: 37.504
A124: =A123+1 -> 111 | B124: 3 | C124: 65/4 | D124: DA+0 | E124: 10.05.24 | F124: 16.05.24 | G124: Sunny Const | H124: Complete | I124: 37.504
A125: =A124+1 -> 112 | B125: 4 | C125: 65/3 | D125: DA+0 | E125: 16.05.24 | F125: 21.05.24 | G125: Sunny Const | H125: Complete | I125: 37.504
A126: =A125+1 -> 113 | B126: 5 | C126: 65/5 | D126: DA+0 | E126: 16.05.24 | F126: 26.05.24 | G126: Sunny Const | H126: Complete | I126: 37.504
B127: June'24 | J127: =SUM(I122:I126) -> 187.52
A128: =A126+1 -> 114 | B128: 1 | C128: 29/6 | D128: DA+6 | E128: 45427 | F128: 45451 | G128: Departmental Gang | I128: 45.413
A129: =A128+1 -> 115 | B129: 2 | C129: 29/9 | D129: DA+3 | E129: 45453 | F129: 45467 | G129: Departmental Gang | I129: 38.847
B130: July'24 | J130: =I129+I128 -> 84.26
A131: =A129+1 -> 116 | B131: 1 | C131: 29/10 | D131: DA+6 | E131: 45468 | F131: 45479 | G131: Departmental Gang | I131: 45.413
A132: =A131+1 -> 117 | B132: 2 | C132: 31/3 | D132: DA+0 | E132: 45480 | F132: 45485 | G132: Departmental Gang | I132: 37.504
A133: =A132+1 -> 118 | B133: 3 | C133: 31/2 | D133: DA+0 | E133: 45486 | F133: 45495 | G133: Departmental Gang | I133: 37.504
B134: Aug'24 | J134: =SUM(I131:I133) -> 120.421
A135: =A133+1 -> 119 | B135: 1 | C135: 46/4 | D135: DA+0 | E135: 27.08.24 | F135: 30.08.24 | G135: Sobha devi | H135: Complete | I135: 37.504
A136: =A135+1 -> 120 | B136: 2 | C136: 32/5 | D136: DA+6 | E136: 45495 | F136: 45505 | G136: Departmental Gang | I136: 45.413
A137: =A136+1 -> 121 | B137: 3 | C137: 31/4 | D137: DA+9 | E137: 45485 | F137: 45508 | G137: Sanjay Mahto | I137: 47.184
A138: =A137+1 -> 122 | B138: 4 | C138: 32/6 | D138: DA+6 | E138: 45506 | F138: 45513 | G138: Yogendra Mahto | I138: 45.413
A139: =A138+1 -> 123 | B139: 5 | C139: 32/2 | D139: DA+0 | E139: 45514 | F139: 45524 | G139: Yogendra Mahto | I139: 37.504
...

Sheet Crane Erection PKG-G
A3: S no | B3: Locs | C3: TOT | D3: Crane Using | J3: Manual Erection | O3: Gangs
D4: Start Date | E4: Complete Date | F4: No of Days | G4: Weight | H4: Gang | I4: Manpower | J4: Start Date | K4: Complete Date | L4: No of Days | M4: Weight | N4: Manpower
A5: 1 | B5: 1A/4 | C5: DA+3 | D5: 04.05.25 | E5: 08.05.25 | F5: 5 | G5: 17.48115 | H5: Anil Kumar | I5: =24+18 -> 42 | J5: 01.06.25 | K5: 05.06.25 | L5: 5 | M5: 21.36585 | N5: 30 | O5: Bhairo Mahto (Departmental)
A6: 2 | B6: 1A/3 | C6: DA+0 | D6: 14.05.25 | E6: 18.05.25 | F6: 5 | G6: 16.8768 | H6: Anil Kumar | I6: =24+18 -> 42 | J6: 12.06.25 | K6: 15.06.25 | L6: 4 | M6: 20.6272 | N6: 30 | O6: Bhairo Mahto (Departmental)
A7: 4 | B7: 1A/6 | C7: DA+0 | D7: 01.06.25 | E7: 03.06.25 | F7: 3 | G7: 16.8768 | H7: Anil Kumar | I7: =24+18 -> 42 | J7: 14.06.25 | K7: 21.06.25 | L7: 8 | M7: 20.6272 | N7: 30 | O7: Kewat (Departmental)
A8: 3 | B8: 1A/5 | C8: DA+6 | D8: 19.05.25 | E8: 27.05.25 | F8: 9 | G8: 20.43585 | H8: Anil Kumar | I8: =24+18 -> 42 | J8: 22.06.25 | K8: 27.06.25 | L8: 6 | M8: 24.97715 | N8: 33 | O8: Bhairo Mahto (Departmental)
A9: 5 | B9: 1A/7 | C9: DA+3 | D9: 09.06.25 | E9: 12.06.25 | F9: 4 | G9: 17.48115 | H9: Anil Kumar | I9: =24+18 -> 42 | J9: 30.06.25 | K9: 07.07.25 | L9: 8 | M9: 21.36585 | N9: 33 | O9: Kewat (Departmental)
A10: 6 | B10: 1A/0 | C10: DD60+0 | D10: 18.06.25 | E10: 23.06.24 | F10: 6 | G10: 51.667 | H10: Anil Kumar | I10: 53 | J10: 29.06.25 | K10: 14.07.25 | L10: 15 | M10: 34.462 | N10: 32 | O10: Bhairo Mahto/Ramayan (Departmental)
A11: 7 | B11: 1/0 | C11: DE+0 | D11: 22.06.25 | E11: 01.07.25 | F11: 10 | G11: 51.667 | H11: Anil Kumar | I11: 53 | J11: 17.07.25 | K11: 31.07.25 | L11: 13 | M11: 34.462 | N11: 32 | O11: Bhairo Mahto/Ramayan (Departmental)
A12: 8 | B12: 4/0 | C12: DD60+6 | D12: 17.07.25 | E12: 24.07.25 | F12: 8 | G12: 35.336 | H12: Bhairo | I12: 33 | J12: 02.08.25 | K12: 12.08.25 | L12: 10 | M12: 65.624 | N12: 33 | O12: Bhairo Mahto (Departmental) | P12: =100.96 -> 100.96
A13: 9 | B13: 4/1 | C13: DA+0 | D13: 27.08.25 | E13: 30.07.25 | F13: 4 | G13: 16.8768 | H13: Bhairo | I13: 33 | J13: 11.08.25 | K13: 16.08.25 | L13: 6 | M13: 20.6272 | N13: 33 | O13: Bhairo Mahto (Departmental)
A16: Total Weight/Days | F16: =SUM(F5:F15) -> 54 | G16: =SUM(G5:G15) -> 244.69855 | L16: =SUM(L5:L15) -> 75 | M16: =SUM(M5:M15) -> 264.13845
A17: Total Average Weight/Days | F17: =G16/F16 -> 4.5314546 | L17: =M16/L16 -> 3.521846

Sheet Erection Productivity
A1: Sr no | B1: Item | C1: Unit | D1: Total | E1: Comp Qty
D2: Qty | E2: 31.05.25
A3: 1 | B3: Erection | C3: Nos | D3: 521 | E3: 292
A4: 2 | B4: Stringing | C4: KM | D4: 202 | E4: 61.016
A7: Gang Wise Output ction - Jul'25
A8: Sr. No. | B8: Sub-Contractor Name | C8: WIP | F8: 01.09.25 | G8: 02.09.25 | H8: 03.09.25 | I8: 05.09.25 | J8: 06.09.25 | K8: 07.09.25 | L8: 08.09.25 | M8: 09.09.25 | N8: 10.09.25 | O8: 11.09.25 | P8: 12.09.25 | Q8: 13.09.25 | R8: 14.09.25 | S8: 15.09.25 | T8: 16.09.25 | U8: 18.09.25 | V8: 19.09.25 | W8: 20.09.25 | X8: 22.09.25 | Y8: 23.09.25 | Z8: 24.09.25 | AA8: 25.09.25 | AB8: 01.10.25 | AC8: 03.10.25 | AD8: 04.10.25 | AE8: 05.10.25 | AF8: 06.10.25 | AG8: 07.10.25 | AH8: 08.10.25 | AI8: 09.10.25 | AJ8: Cumulative Till dated | AK8: Status | AL8: Manpower
C9: Loc. No. | D9: Type of Tower | E9: Tower Weight | AL9: Plan | AM9: Actual | AN9: Shotfall
A10: 1 | B10: Priyanka devi (Subodh) | C10: 10/1 | D10: DA+3 | E10: 38.847 | Y10: 4.82 | Z10: 4.82 | AA10: 4.82 | AB10: 11.82 | AC10: =12.82-0.253 -> 12.567 | AJ10: =SUM(F10:AD10) -> 38.847 | AK10: Complete | AO10: =E10-AJ10 -> 0
A11: 2 | B11: Priyanka devi (Sudheer) | C11: 19/2 | D11: DA+3 | E11: 38.847 | AB11: 12.82 | AC11: 12.82 | AD11: 12.82 | AJ11: =SUM(F11:AF11) -> 38.46 | AK11: Complete
A12: 3 | B12: Jwala singh -3 | C12: 9/0 | D12: DD60+18 | E12: 129.11 | AA12: 8.82 | AB12: 8.82 | AC12: 8.82 | AD12: 8.82 | AE12: 8.82 | AF12: 8.82 | AG12: 8.82 | AH12: 8.82 | AJ12: =SUM(F12:AI12) -> 70.56 | AK12: 2nd Section | AO12: =E12-AJ12 -> 58.55
A13: 4 | B13: Sanjeev kumar | C13: 27/0 | D13: DC2+9 | E13: 81.945 | AA13: 8.82 | AB13: 8.82 | AC13: 8.82 | AD13: 8.82 | AE13: 8.82 | AF13: 8.82 | AG13: 6.82 | AH13: 6.82 | AJ13: =SUM(F13:AI13) -> 66.56 | AK13: 1st Section | AO13: =E13-AJ13 -> 15.385
A14: 5 | B14: Priyanka Devi - Santosh | C14: 18/4 | D14: DA+3 | E14: 38.847 | M14: 4.82 | N14: 4.82 | AF14: 6.82 | AG14: 6.82 | AH14: 6.82 | AJ14: =SUM(F14:AI14) -> 30.1 | AK14: ROW | AO14: =E14-AJ14 -> 8.747
A15: 6 | B15: Sital Singh-1 | C15: 10/15 | D15: DA+3 | E15: 38.847 | AB15: 5.82 | AC15: 5.82 | AD15: 3.82 | AE15: 3.82 | AG15: 2.82 | AH15: 2.82 | AJ15: =SUM(F15:AI15) -> 24.92 | AK15: 1st Section | AO15: =E15-AJ15 -> 13.927
A16: 7 | B16: Ganesh Sinha | C16: 28/6 | D16: DA+9 | E16: 47.184 | AB16: 5.82 | AC16: 5.82 | AD16: 5.82 | AE16: 5.82 | AF16: 5.82 | AG16: 5.82 | AH16: 5.82 | AI16: 6.444 | AJ16: =SUM(F16:AI16) -> 47.184 | AK16: Complete | AO16: =E16-AJ16 -> 0
A17: 8 | B17: Shyam Construction | C17: 17/3 | D17: DA+3 | E17: 38.847 | AF17: 5.82 | AG17: 5.82 | AH17: 5.82 | AJ17: =SUM(F17:AI17) -> 17.46 | AK17: 1st Section | AO17: =E17-AJ17 -> 21.387
A18: 9 | B18: Sital Singh-1 | C18: 8/0 | D18: DB1+0 | E18: 57.597 | AE18: 8.82 | AF18: 8.82 | AG18: 8.82 | AH18: 8.82 | AJ18: =SUM(F18:AI18) -> 35.28 | AK18: 3rd Section | AO18: =E18-AJ18 -> 22.317
B19: Vivek Ganju | C19: 18/7 | D19: DA+6 | E19: 45.413 | AJ19: =SUM(F19:AI19) -> 0 | AK19: Materials Shifting
A20: Total | E20: =SUM(E10:E19) -> 555.484 | F20: =SUM(F12:F14) -> 0 | G20: =SUM(G12:G14) -> 0 | H20: =SUM(H12:H14) -> 0 | I20: =SUM(I12:I14) -> 0 | J20: =SUM(J12:J14) -> 0 | K20: =SUM(K12:K14) -> 0 | L20: =SUM(L12:L14) -> 0 | M20: =SUM(M12:M14) -> 4.82 | ... Z20: =SUM(Z12:Z14) -> 0 | AB20: =SUM(AB12:AB18) -> 29.28 | AC20: =SUM(AC12:AC18) -> 29.28 | AD20: =SUM(AD12:AD18) -> 27.28 | AE20: =SUM(AE12:AE18) -> 36.1 | AF20: =SUM(AF12:AF18) -> 44.92 | AG20: =SUM(AG12:AG18) -> 45.74 | AH20: =SUM(AH12:AH18) -> 45.74 | AI20: =SUM(AI12:AI18) -> 6.444 | AJ20: =SUM(AJ10:AJ16) -> 316.631 | AL20: =SUM(AL9:AL9) -> 0 | AM20: =SUM(AM9:AM9) -> 0 | AN20: =SUM(AN9:AN9) -> 0
F21: 14 | G21: 6 | H21: 7 | I21: 8 | J21: 7 | K21: 7 | L21: 6 | M21: 7 | N21: 5 | O21: 5 | P21: 5 | Q21: 5 | R21: 5 | S21: 5 | T21: 4 | U21: 4 | V21: 4 | W21: 4 | X21: 4 | Y21: 4 | Z21: 4 | AB21: 6 | AC21: 6 | AD21: 6 | AE21: 6 | AF21: 7 | AG21: 7 | AH21: 7 | AI21: 7
F22: =F20/F21 -> 0 | G22: =G20/G21 -> 0 | H22: =H20/H21 -> 0 | I22: =I20/I21 -> 0 | J22: =J20/J21 -> 0 | K22: =K20/K21 -> 0 | L22: =L20/L21 -> 0 | M22: =M20/M21 -> 0.68857143 | ... Z22: =Z20/Z21 -> 0 | AB22: =AB20/AB21 -> 4.88 | AC22: =AC20/AC21 -> 4.88 | AD22: =AD20/AD21 -> 4.5466667 | AE22: =AE20/AE21 -> 6.0166667 | AF22: =AF20/AF21 -> 6.4171429 | AG22: =AG20/AG21 -> 6.5342857 | AH22: =AH20/AH21 -> 6.5342857 | AI22: =AI20/AI21 -> 0.92057143

Sheet Eretion - PKG-F
A1: KEC INTERNATIONAL LIMITED
A2: LILO of 765 Kv DV Fatehgarh 3 Beawar TL
A3: Erection PKG-F
A4: Cum Sl. No. | B4: Month Sl. No. | C4: JMC No. | D4: Location No. | E4: Tower Type | F4: Depth of Fdn | G4: Dt. of Start | H4: Dt. of Complete | I4: Name of Sub-Contractor | J4: Ramarks
B6: Feb-24
A7: 1 | B7: 1 | D7: 60/7 | E7: DA+3 | G7: 28.1.24 | H7: 04.02.24 | I7: Suraj const | J7: Complete | N7: 38.847
A8: 2 | B8: 2 | D8: 59/13 | E8: DA+3 | G8: 01.02.24 | H8: 07.02.24 | I8: Chinta Devi | J8: Complete | N8: 38.847
A9: 3 | B9: 3 | D9: 63/6 | E9: DA+3 | G9: 03.02.24 | H9: 10.02.24 | I9: Sunny Const. | J9: Complete | N9: 38.847
A10: 4 | B10: 4 | D10: 59/5 | E10: DA+3 | G10: 05.02.24 | H10: 11.02.24 | I10: Ganesh Const | J10: Complete | N10: 38.847
A11: 5 | B11: 5 | D11: 59/14 | E11: DA+6 | G11: 08.02.24 | H11: 13.02.24 | I11: Chinta Devi | J11: Complete | N11: 45.413
A12: 6 | B12: 6 | D12: 60/8 | E12: DA+0 | G12: 09.02.24 | H12: 15.02.24 | I12: Suraj const | J12: Complete | N12: 37.504
A13: 7 | B13: 7 | D13: 63/7 | E13: DA+3 | G13: 11.02.24 | H13: 15.02.24 | I13: Sunny Const. | J13: Complete | N13: 38.847
A14: 8 | B14: 8 | D14: 59/6 | E14: DA+3 | G14: 12.02.24 | H14: 18.02.24 | I14: Ganesh Const | J14: Complete | N14: 38.847
A15: 9 | B15: 9 | D15: 59/12 | E15: DA+6 | G15: 13.02.24 | H15: 20.02.24 | I15: Chinta Devi | J15: Complete | N15: 45.413
A16: 10 | B16: 10 | D16: 63/8 | E16: DA+3 | G16: 15.02.24 | H16: 20.02.24 | I16: Sunny Const. | J16: Complete | N16: 38.847
A17: 11 | B17: 11 | D17: 60/10 | E17: DA+0 | G17: 15.02.24 | H17: 21.02.24 | I17: Suraj const | J17: Complete | N17: 37.504
A18: 12 | B18: 12 | D18: 62/5 | E18: DA+0 | G18: 17.02.24 | H18: 22.02.24 | I18: Sobha Devi | J18: Complete | N18: 37.504
... A28: 22 | B28: 22 | D28: 60/6 | E28: DA+0 | G28: 26.02.24 | H28: 29.02.24 | I28: Suraj const | J28: Complete | N28: 37.504
B29: March'24 | O29: =SUM(N7:N28) -> 879.615
A30: 23 | B30: 1 | D30: 62/2 | E30: DA+3 | G30: 29.02.24 | H30: 03.03.24 | I30: Sobha Devi | J30: Complete | N30: 38.847
A31: 24 | B31: 2 | D31: 64/5 | E31: DA+3 | G31: 29.02.24 | H31: 04.03.24 | I31: Sunny Const. | J31: Complete | N31: 38.847
A32: 25 | B32: 3 | D32: 65/2 | E32: DA+0 | G32: 29.02.24 | H32: 06.03.24 | I32: Chinta Devi | J32: Complete | N32: 37.504
A33: 26 | B33: 4 | D33: 62/7 | E33: DA+3 | G33: 04.03.24 | H33: 07.03.24 | I33: Sobha Devi | J33: Complete | N33: 38.847
A34: 27 | B34: 5 | D34: 59/16 | E34: DA+9 | G34: 29.02.24 | H34: 11.03.24 | I34: Ganesh Const. | J34: Complete | N34: 47.184
A35: 28 | B35: 6 | D35: 65/4 | E35: DA+0 | G35: 06.03.24 | H35: 11.03.24 | I35: Chinta Devi | J35: Complete | N35: 37.504
A36: 29 | B36: 7 | D36: 62/8 | E36: DA+0 | G36: 07.03.24 | H36: 11.03.24 | I36: Sobha Devi | J36: Complete | N36: 37.504
A37: 30 | B37: 8 | D37: 62/9 | E37: DA+3 | G37: 11.03.24 | H37: 15.03.24 | I37: Sobha Devi | J37: Complete | N37: 38.847
A38: 31 | B38: 9 | D38: 65/3 | E38: DA+3 | G38: 11.03.24 | H38: 16.03.24 | I38: Chinta Devi | J38: Complete | N38: 38.847
A39: 32 | B39: 10 | D39: 60/5 | E39: DA+3 | G39: 11.03.24 | H39: 17.03.24 | I39: Ganesh Const. | J39: Complete | N39: 38.847
A40: 33 | B40: 11 | D40: 62/10 | E40: DA+0 | G40: 15.03.24 | H40: 18.03.24 | I40: Sobha Devi | J40: Complete | N40: 37.504
A41: 34 | B41: 12 | D41: 65/5 | E41: DA+0 | G41: 16.03.24 | H41: 20.03.24 | I41: Chinta Devi | J41: Complete | N41: 37.504
... A49: 42 | B49: 20 | D49: 65/9 | E49: DA+0 | G49: 26.03.24 | H49: 31.03.24 | I49: Chinta Devi | J49: Complete | N49: 37.504
B50: Apr-'24 | O50: =SUM(N30:N49) -> 782.87
A51: 43 | B51: 1 | D51: 64/8 | E51: DA+3 | G51: 30.03.24 | H51: 03.04.24 | I51: Sunny Const. | J51: Complete | N51: 38.847
A52: 44 | B52: 2 | D52: 65/11 | E52: DA+0 | G52: 31.03.24 | H52: 04.04.24 | I52: Chinta Devi | J52: Complete | N52: 37.504
A53: 45 | B53: 3 | D53: 60/2 | E53: DA+3 | G53: 31.03.24 | H53: 07.04.24 | I53: Ganesh Const. | J53: Complete | N53: 38.847
A54: 46 | B54: 4 | D54: 63/5 | E54: DA+3 | G54: 01.04.24 | H54: 07.04.24 | I54: Suraj Const | J54: Complete | N54: 38.847
A55: 47 | B55: 5 | D55: 64/9 | E55: DA+3 | G55: 03.04.24 | H55: 08.04.24 | I55: Sunny Const. | J55: Complete | N55: 38.847
A56: 48 | B56: 6 | D56: 67/1 | E56: DA+0 | G56: 06.04.24 | H56: 10.04.24 | I56: Chinta Devi | J56: Complete | N56: 37.504
A57: 49 | B57: 7 | D57: 61/0 | E57: DB+0 | G57: 06.04.24 | H57: 11.04.24 | I57: Sobha Devi | J57: Complete | N57: 57.598
A58: 50 | B58: 8 | D58: 63/4 | E58: DA+0 | G58: 07.04.24 | H58: 13.04.24 | I58: Suraj Const | J58: Complete | N58: 37.504
A59: 51 | B59: 9 | D59: 67/2 | E59: DA+0 | G59: 10.04.24 | H59: 15.04.24 | I59: Chinta Devi | J59: Complete | N59: 37.504
A60: 52 | B60: 10 | D60: 63/3 | E60: DA+3 | G60: 13.04.24 | H60: 17.04.24 | I60: Suraj Const | J60: Complete | N60: 38.847
A61: 53 | B61: 11 | D61: 64/10 | E61: DA+3 | G61: 15.04.24 | H61: 20.04.24 | I61: Chinta Devi | J61: Complete | N61: 38.847
A62: 54 | B62: 12 | D62: 64/2 | E62: DA+3 | G62: 16.04.243 | H62: 21.04.24 | I62: Sunny Const. | J62: Complete | N62: 38.847
... A69: 61 | B69: 19 | D69: 61/1 | E69: DA+6 | G69: 22.04.24 | H69: 29.04.24 | I69: Sobha Devi | J69: Complete | N69: 45.413
B70: May'24 | O70: =SUM(N51:N69) -> 787.235
A71: 62 | B71: 1 | D71: 65/1 | E71: DA+0 | G71: 27.04.24 | H71: 03.05.24 | I71: Chinta Devi | J71: Complete | N71: 37.504
A72: 63 | B72: 2 | D72: 62/11 | E72: DA+3 | G72: 27.04.24 | H72: 03.05.24 | I72: Suraj const | J72: Complete | N72: 38.847
A73: 64 | B73: 3 | D73: 64/0 | E73: DB2+0 | G73: 27.04.24 | H73: 05.05.24 | I73: Sunny Const. | J73: Complete | N73: 57.598
A74: 65 | B74: 4 | D74: 60/9 | E74: DA+3 | G74: 29.04.24 | H74: 05.05.24 | I74: Sobha Devi | J74: Complete | N74: 38.847
A75: 66 | B75: 5 | D75: 61/3 | E75: DA+6 | G75: 05.05.24 | H75: 11.5.24 | I75: Sobha Devi | J75: Complete | N75: 45.413
A76: 67 | B76: 6 | D76: 63/0 | E76: DC1+0 | G76: 03.05.24 | H76: 12.5.24 | I76: Suraj const | J76: Complete | N76: 66.381
A77: 68 | B77: 7 | D77: 61/4 | E77: DA+3 | G77: 11.5.24 | H77: 16.05.24 | I77: Sobha Devi | J77: Complete | N77: 38.847
A78: 69 | B78: 8 | D78: 60/0 | E78: DC+0 | G78: 05.05.24 | H78: 18.05.24 | I78: Ganesh | J78: Complete | N78: 66.381
A79: 70 | B79: 9 | D79: 61/10 | E79: DA+9 | G79: 12.5.24 | H79: 19.05.24 | I79: Suraj const | J79: Complete | N79: 47.184
A80: 71 | B80: 10 | D80: 61/5 | E80: DA+3 | G80: 16.05.24 | H80: 22.05.24 | I80: Sobha Devi | J80: Complete | N80: 38.847
A81: 72 | B81: 11 | D81: 61/9 | E81: DA+0 | G81: 19.05.24 | H81: 23.05.24 | I81: Suraj const | J81: Complete | N81: 37.504
A82: 73 | B82: 12 | D82: 59/15 | E82: DA+6 | G82: 18.05.24 | H82: 30.05.24 | I82: Ganesh | J82: Complete | N82: 45.413
... A84: 75 | B84: 14 | D84: 55/3 | E84: DA+0 | G84: 12.5.24 | H84: 31.05.24 | I84: Mansukh lal | J84: Complete | N84: 37.504
B85: June'24 | O85: =SUM(N71:N84) -> 641.683
A86: 76 | B86: 1 | D86: 57/3 | E86: DA+0 | G86: 29.05.24 | H86: 11.06.24 | I86: Bhuvneshwar | J86: Complete | N86: 37.504
A87: 77 | B87: 2 | D87: 55/4 | E87: DA+0 | G87: 01.06.24 | H87: 19.06.24 | I87: Mansukh lal | J87: Complete | N87: 37.504
A88: 78 | B88: 3 | D88: 57/4 | E88: DA+0 | G88: 12.06.24 | H88: 27.06.24 | I88: Bhuvneshwar | J88: Complete | N88: 37.504
B89: July'24 | O89: =SUM(N86:N88) -> 112.512
A90: 79 | B90: 1 | D90: 62/1 | E90: DA+3 | G90: 04.07.24 | H90: 12.07.24 | I90: Bhuvneshwar | J90: Complete | N90: 38.847
A91: 80 | B91: 2 | D91: 62/6 | E91: DA+3 | G91: 15.07.24 | H91: 26.07.24 | I91: Bhuvneshwar | J91: Complete | N91: 38.847
B92: Aug'24 | O92: =N91+N90 -> 77.694
A93: 81 | B93: 1 | D93: 57/6 | E93: DA+3 | G93: 13.08.24 | H93: 20.08.24 | I93: Sobha devi | J93: Complete | N93: 38.847
A94: 82 | B94: 2 | D94: 57/5 | E94: DA+3 | G94: 20.08.24 | H94: 26.08.24 | I94: Sobha devi | J94: Complete | N94: 38.847
B95: Sept'24 | O95: =N94+N93 -> 77.694
A96: 83 | B96: 1 | D96: 62/0 | E96: DB2+0 | G96: 31.08.24 | H96: 08.09.24 | I96: Sobha devi | J96: Complete | N96: 57.598
A97: 84 | B97: 2 | D97: 50/9 | E97: DA+0 | G97: 28.08.24 | H97: 09.09.24 | I97: Uma const | J97: Complete | N97: 37.504
A98: 85 | B98: 3 | D98: 52/5 | E98: DA+9 | G98: 27.08.24 | H98: 19.09.24 | I98: Ganesh Sinha | J98: Complete | N98: 47.184
A99: 86 | B99: 4 | D99: 50/10 | E99: DA+0 | G99: 10.09.24 | H99: 19.09.24 | I99: Uma const | J99: Complete | N99: 37.504
A100: 87 | B100: 5 | D100: 48/1 | E100: DA+9 | G100: 08.09.24 | H100: 25.09.24 | I100: Kaushalya const | J100: Complete | N100: 47.184
A101: 88 | B101: 6 | D101: 51/1 | E101: DA+0 | G101: 19.09.24 | H101: 26.09.24 | I101: Uma const | J101: Complete | N101: 37.504
A102: 89 | B102: 7 | D102: 52/6 | E102: DA+6 | G102: 19.09.24 | H102: 30.09.24 | I102: Ganesh Sinha | J102: Complete | N102: 45.413
B103: Oct'24 | K103: WT | L103: JMC | M103: FTR | O103: =SUM(N96:N102) -> 309.891
A104: 90 | B104: 1 | C104: 1 | D104: 57/7 | E104: DA+3 | G104: 27.09.24 | H104: 01.10.24 | I104: Sobha devi | J104: Complete | K104: 38.847 | L104: Received | M104: Done | N104: 38.847
A105: 91 | B105: 2 | C105: 2 | D105: 51/2 | E105: DA+0 | G105: 26.09.24 | H105: 04.10.24 | I105: Uma const | J105: Complete | K105: 37.504 | L105: Not received | M105: Not checked | N105: 37.504
A106: 92 | B106: 3 | C106: 3 | D106: 50/0 | E106: DB2+0 | G106: 02.10.24 | H106: 07.10.24 | I106: Sobha devi | J106: Complete | K106: 57.597 | L106: Received | M106: Done | N106: 57.598
A107: 93 | B107: 4 | D107: 52/7 | E107: DA+3 | G107: 01.10.24 | H107: 07.10.24 | I107: Ganesh Sinha | J107: Complete | K107: 38.847 | L107: Not received | M107: Not checked | N107: 38.847
A108: 94 | B108: 5 | D108: 50/1 | E108: DA+6 | G108: 07.10.24 | H108: 15.10.24 | I108: Sobha Devi | J108: Complete | K108: 45.413 | L108: Not received | M108: Done | N108: 45.413
A109: 95 | B109: 6 | D109: 50/8 | E109: DA+9 | G109: 07.10.24 | H109: 16.10.24 | I109: Uma const | J109: Complete | K109: 47.148 | L109: Not received | M109: Not checked | N109: 47.184
A110: 96 | B110: 7 | D110: 50/3 | E110: DA+6 | G110: 13.10.24 | H110: 18.10.24 | I110: Sobha Devi | J110: Complete | K110: 45.413 | L110: Not received | M110: Done | N110: 45.413
A111: 97 | B111: 8 | D111: 48/0 | E111: DC2+0 | G111: 28.09.24 | H111: 19.10.24 | I111: Kaushalya const | J111: Complete | K111: 66.381 | L111: Not received | M111: Not checked | N111: 66.381
A112: 98 | B112: 9 | D112: 52/8 | E112: DA+6 | G112: 08.10.24 | H112: 19.10.24 | I112: Ganesh Sinha | J112: Complete | K112: 45.413 | L112: Not received | M112: Not checked | N112: 45.413
A113: 99 | B113: 10 | D113: 73/2 | E113: DA+0 | G113: 10.10.24 | H113: 20.10.24 | I113: Sanjeev Kumar | J113: Complete | K113: 37.504 | L113: Not received | M113: Not checked | N113: 37.504
A114: 100 | B114: 11 | D114: 50/2 | E114: DA+9 | G114: 18.10.24 | H114: 24.10.24 | I114: Sobha Devi | J114: Complete | K114: 47.148 | L114: Not received | M114: Erection completed on 24.10.24 | N114: 47.184
A115: 101 | B115: 12 | D115: 64/11 | E115: DA+3 | G115: 20.10.24 | H115: 24.10.24 | I115: Chinta devi | J115: Complete | L115: Not received | M115: Erection completed on 24.10.24 | N115: 38.847
A116: 102 | B116: 13 | D116: 59/11 | E116: DA+6 | G116: 17.10.24 | H116: 26.10.24 | I116: Uma const | J116: Complete | N116: 45.413
A117: 103 | B117: 14 | D117: 73/1 | E117: DA+0 | G117: 21.10.24 | H117: 29.10.24 | I117: Sanjeev Kumar | J117: Complete | N117: 37.504
A118: 104 | B118: 15 | D118: 50/4 | E118: DA+9 | G118: 24.10.24 | H118: 30.10.24 | I118: Sobha Devi | J118: Complete | N118: 47.184
B119: Nov'24 | O119: =SUM(N104:N118) -> 676.236
A120: 105 | B120: 1 | D120: 55/6 | E120: DA+0 | G120: 23.10.24 | H120: 01.11.24 | I120: Jirwa Devi | J120: Complete | N120: 37.504
A121: 106 | B121: 2 | D121: 59/3 | E121: DA+3 | G121: 27.10.24 | H121: 02.11.24 | I121: Uma const | J121: Complete | N121: 38.847
A122: 107 | B122: 3 | D122: 50/7 | E122: DA+0 | G122: 01.11.24 | H122: 04.11.24 | I122: Sobha Devi | J122: Complete | N122: 37.504
A123: 108 | B123: 4 | D123: 59/4 | E123: DA+3 | G123: 01.11.24 | H123: 09.11.24 | I123: Uma const | J123: Complete | N123: 38.847
A124: 109 | B124: 5 | D124: 50/6 | E124: DA+9 | G124: 04.11.24 | H124: 10.11.24 | I124: Sobha Devi | J124: Complete | N124: 47.184
...

Sheet Sheet1
A2: S No | B2: Loc No | C2: TOT | D2: Classification
A3: 1 | B3: 58/14 | C3: DA+0 | D3: DRY
A4: 2 | B4: 51/7 | C4: DA+3 | D4: DFR
A5: 3 | B5: 51/5 | C5: DA+0 | D5: DRY
A6: 4 | B6: 51/2 | C6: DA+0 | D6: DRY
A7: 5 | B7: 53/2 | C7: DA+3 | D7: DFR
A8: 6 | B8: 57/7 | C8: DA+3 | D8: DRY
A9: 7 | B9: 57/4 | C9: DA+0 | D9: DRY
A10: 8 | B10: 55/7 | C10: DA+0 | D10: DRY
A11: 9 | B11: 57/5 | C11: DA+3 | D11: DRY
A12: 10 | B12: 55/1 | C12: DA+3 | D12: DRY
A13: 11 | B13: 55/8 | C13: DA+3 | D13: DRY
A14: 12 | B14: 57/2 | C14: DA+0 | D14: DRY
... A27: 25 | B27: 55/4 | C27: DA+3 | D27: DFR

Sheet JMC 27.9.23
C2: S no | D2: Locs no | E2: TOT | F2: Classification
C3: 1 | D3: 56/3 | E3: DA+0 | F3: DFR | G3: 14.09.23 | H3: 23.09.23 | I3: 25.09.23 | J3: Vaishali Const | K3: JMC required
C4: 2 | D4: 44/1 | E4: DA+0 | F4: WFR | G4: 16.09.23 | H4: 20.09.23 | I4: 25.09.23 | J4: Shakti Construction | K4: JMC required
C5: 3 | D5: 72/5 | E5: DA+0 | F5: DRY | G5: 19.09.23 | H5: 24.09.23 | I5: 25.09.23 | J5: Mahadev engg. | K5: JMC required
C6: 4 | D6: 41/10 | E6: DA+3 | F6: SANDY | G6: 19.09.23 | H6: 22.09.23 | I6: 25.09.23 | J6: Om Const | K6: JMC required
C7: 5 | D7: 56/6 | E7: DA+3 | F7: DRY | G7: 21.09.23 | H7: 24.09.23 | I7: 25.09.23 | J7: Manoj Sharma | K7: JMC required
C8: 6 | D8: 72/2 | E8: DA+0 | F8: DRY | G8: 15.09.23 | H8: 20.09.23 | I8: 26.09.23 | J8: Mahadev engg. | K8: JMC required
C9: 7 | D9: 51/1 | E9: DA+0 | F9: DFR | G9: 10.09.23 | J9: Amirul Islam | K9: Excavation u/p
C10: 8 | D10: 50/3 | E10: DA+0 | F10: DFR | G10: 18.09.23 | H10: 21.09.23 | J10: Shri Bhadariyarai Enterprises | K10: Casting
C11: 9 | D11: 56/1 | E11: DA+3 | F11: DFR | G11: 21.09.23 | J11: Vaishali Const | K11: Excavation done
C12: 10 | D12: 44/4 | E12: DA+0 | F12: WFR | G12: 19.09.23 | H12: 23.09.23 | J12: B S Electrical | K12: Casting
C13: 11 | D13: 55/5 | E13: DA+0 | F13: DFR | G13: 22.09.23 | J13: Amirul Islam | K13: Frustum complete | L13: Manpower | M13: 6
C14: 12 | D14: 71/3 | E14: DA+0 | F14: DRY | G14: 21.09.23 | J14: Mahadev engg. | K14: Block level done
